candidate_id,cell_id,ordinal,hypothesis_family,feature_family_set,operator_motif,temporal_horizon_class,normalization_scope,residualization_target,turnover_class,regime_fold_target,source_fields,source_field_families,expression,expr_hash,horizon,object_type,signal_mode,static_score,may_used_for_generation,may_used_for_static_score,selection_status
a7o_l1_C0256_2036,C0256,2036,H09_trend_reversal_horizon_mix,P12_liquidity_flow,HorizonSpread,H48,same_symbol_rank,Core4,low_turnover,F1_high_realized_vol,quote_volume_mean_12;taker_imbalance,flow;liquidity,"Add(TSMean(ResidualizeVsCore4(RegimeMaskNonMay(F3_high_liquidity_high_vol,Sub(Sub(Rank(TSMean(quote_volume_mean_12,36)),Rank(TSMean(quote_volume_mean_12,60))),Rank(TSMean(quote_volume_mean_12,3))))),16),Neg(Rank(Delta(quote_volume_mean_12,16))))",363ff0e84e33c0d8,48,generated_candidate,original,0.30040000000000006,False,False,selected_for_strict_replay
a7o_l1_C0256_0181,C0256,181,H09_trend_reversal_horizon_mix,P12_liquidity_flow,HorizonSpread,H48,same_symbol_rank,Core4,low_turnover,F1_high_realized_vol,quote_volume_mean_12;taker_buy_ratio,flow;liquidity,"Add(TSMean(ResidualizeVsCore4(RegimeMaskNonMay(F5_funding_neutral,Add(Sub(Rank(TSMean(quote_volume_mean_12,60)),Rank(TSMean(quote_volume_mean_12,61))),ZScore(TSMean(taker_buy_ratio,10))))),10),Neg(Rank(Delta(quote_volume_mean_12,10))))",71041e3c6a6742c0,48,generated_candidate,original,0.28840000000000005,False,False,selected_for_strict_replay
a7o_l1_C0256_0180,C0256,180,H09_trend_reversal_horizon_mix,P12_liquidity_flow,HorizonSpread,H48,same_symbol_rank,Core4,low_turnover,F1_high_realized_vol,quote_volume_mean_12;taker_imbalance,flow;liquidity,"Add(TSMean(ResidualizeVsCore4(RegimeMaskNonMay(F3_high_liquidity_high_vol,Sub(Sub(Rank(TSMean(quote_volume_mean_12,12)),Rank(TSMean(quote_volume_mean_12,20))),Rank(TSMean(quote_volume_mean_12,4))))),4),Neg(Rank(Delta(quote_volume_mean_12,4))))",44d72d5a281abfe3,48,generated_candidate,original,0.28740000000000004,False,False,selected_for_strict_replay
a7o_l1_C0256_0373,C0256,373,H09_trend_reversal_horizon_mix,P12_liquidity_flow,HorizonSpread,H48,same_symbol_rank,Core4,low_turnover,F1_high_realized_vol,quote_volume_mean_12;taker_buy_ratio,flow;liquidity,"Add(TSMean(ResidualizeVsCore4(RegimeMaskNonMay(F5_funding_neutral,Add(Sub(Rank(TSMean(quote_volume_mean_12,16)),Rank(TSMean(quote_volume_mean_12,24))),ZScore(TSMean(taker_buy_ratio,60))))),24),Neg(Rank(Delta(quote_volume_mean_12,24))))",2959c62c7d2c9650,48,generated_candidate,original,0.28640000000000004,False,False,selected_for_strict_replay
a7o_l1_C0256_0372,C0256,372,H09_trend_reversal_horizon_mix,P12_liquidity_flow,HorizonSpread,H48,same_symbol_rank,Core4,low_turnover,F1_high_realized_vol,quote_volume_mean_12;taker_imbalance,flow;liquidity,"Add(TSMean(ResidualizeVsCore4(RegimeMaskNonMay(F3_high_liquidity_high_vol,Sub(Sub(Rank(TSMean(quote_volume_mean_12,24)),Rank(TSMean(quote_volume_mean_12,36))),Rank(TSMean(quote_volume_mean_12,24))))),10),Neg(Rank(Delta(quote_volume_mean_12,10))))",66586f56e1401b6a,48,generated_candidate,original,0.28540000000000004,False,False,selected_for_strict_replay
a7o_l1_C0256_0565,C0256,565,H09_trend_reversal_horizon_mix,P12_liquidity_flow,HorizonSpread,H48,same_symbol_rank,Core4,low_turnover,F1_high_realized_vol,quote_volume_mean_12;taker_buy_ratio,flow;liquidity,"Add(TSMean(ResidualizeVsCore4(RegimeMaskNonMay(F5_funding_neutral,Add(Sub(Rank(TSMean(quote_volume_mean_12,30)),Rank(TSMean(quote_volume_mean_12,48))),ZScore(TSMean(taker_buy_ratio,10))))),6),Neg(Rank(Delta(quote_volume_mean_12,6))))",0339ef4e98e2c66e,48,generated_candidate,original,0.28440000000000004,False,False,selected_for_strict_replay
a7o_l1_C0256_0564,C0256,564,H09_trend_reversal_horizon_mix,P12_liquidity_flow,HorizonSpread,H48,same_symbol_rank,Core4,low_turnover,F1_high_realized_vol,quote_volume_mean_12;taker_imbalance,flow;liquidity,"Add(TSMean(ResidualizeVsCore4(RegimeMaskNonMay(F3_high_liquidity_high_vol,Sub(Sub(Rank(TSMean(quote_volume_mean_12,48)),Rank(TSMean(quote_volume_mean_12,72))),Rank(TSMean(quote_volume_mean_12,36))))),20),Neg(Rank(Delta(quote_volume_mean_12,20))))",1ad29b241707d9ab,48,generated_candidate,original,0.28340000000000004,False,False,selected_for_strict_replay
a7o_l1_C0256_0757,C0256,757,H09_trend_reversal_horizon_mix,P12_liquidity_flow,HorizonSpread,H48,same_symbol_rank,Core4,low_turnover,F1_high_realized_vol,quote_volume_mean_12;taker_buy_ratio,flow;liquidity,"Add(TSMean(ResidualizeVsCore4(RegimeMaskNonMay(F5_funding_neutral,Add(Sub(Rank(TSMean(quote_volume_mean_12,60)),Rank(TSMean(quote_volume_mean_12,61))),ZScore(TSMean(taker_buy_ratio,10))))),16),Neg(Rank(Delta(quote_volume_mean_12,16))))",d66de4b856bb9f1f,48,generated_candidate,original,0.28240000000000004,False,False,selected_for_strict_replay
a7o_l1_C0256_0756,C0256,756,H09_trend_reversal_horizon_mix,P12_liquidity_flow,HorizonSpread,H48,same_symbol_rank,Core4,low_turnover,F1_high_realized_vol,quote_volume_mean_12;taker_imbalance,flow;liquidity,"Add(TSMean(ResidualizeVsCore4(RegimeMaskNonMay(F3_high_liquidity_high_vol,Sub(Sub(Rank(TSMean(quote_volume_mean_12,12)),Rank(TSMean(quote_volume_mean_12,20))),Rank(TSMean(quote_volume_mean_12,10))))),4),Neg(Rank(Delta(quote_volume_mean_12,4))))",a0ccb84007e1f687,48,generated_candidate,original,0.28140000000000004,False,False,selected_for_strict_replay
a7o_l1_C0256_0096,C0256,96,H09_trend_reversal_horizon_mix,P12_liquidity_flow,HorizonSpread,H48,same_symbol_rank,Core4,low_turnover,F1_high_realized_vol,quote_volume_mean_12;taker_imbalance,flow;liquidity,"Add(TSMean(ResidualizeVsCore4(Mul(Neg(Rank(TSMean(taker_imbalance,4))),Sub(Rank(TSMean(taker_imbalance,48)),Rank(TSMean(taker_imbalance,72))))),20),Neg(Rank(Delta(taker_imbalance,20))))",b5c07bb920157773,48,generated_candidate,original,0.28040000000000004,False,False,selected_for_strict_replay
a7o_l1_C0256_0387,C0256,387,H09_trend_reversal_horizon_mix,P12_liquidity_flow,HorizonSpread,H48,same_symbol_rank,Core4,low_turnover,F1_high_realized_vol,quote_volume_mean_12;taker_buy_ratio,flow;liquidity,"Add(TSMean(ResidualizeVsCore4(Clip(Sub(Rank(TSMean(quote_volume_mean_12,12)),Rank(TSMean(quote_volume_mean_12,20))),-4.0,4.0)),60),Neg(Rank(Delta(quote_volume_mean_12,60))))",db8987cf34957881,48,generated_candidate,original,0.28040000000000004,False,False,selected_for_strict_replay
a7o_l1_C0256_0484,C0256,484,H09_trend_reversal_horizon_mix,P12_liquidity_flow,HorizonSpread,H48,same_symbol_rank,Core4,low_turnover,F1_high_realized_vol,quote_volume_mean_12;taker_buy_ratio,flow;liquidity,"Add(TSMean(ResidualizeVsCore4(SafeDiv(Sub(Sub(Rank(TSMean(taker_buy_ratio,30)),Rank(TSMean(taker_buy_ratio,48))),Rank(TSMean(taker_buy_ratio,36))),Clip(Abs(TSRank(quote_volume_mean_12,72)),0.05,2.25))),12),Neg(Rank(Delta(taker_buy_ratio,12))))",6a3cb6696a2b6cbd,48,generated_candidate,original,0.28040000000000004,False,False,selected_for_strict_replay
a7o_l1_C0256_0775,C0256,775,H09_trend_reversal_horizon_mix,P12_liquidity_flow,HorizonSpread,H48,same_symbol_rank,Core4,low_turnover,F1_high_realized_vol,quote_volume_mean_24;taker_buy_ratio,flow;liquidity,"Add(TSMean(ResidualizeVsCore4(SafeDiv(Sub(Rank(TSMean(quote_volume_mean_24,60)),Rank(TSMean(quote_volume_mean_24,61))),Clip(Abs(ZScore(TSStd(taker_buy_ratio,10))),0.05,6.0))),24),Neg(Rank(Delta(quote_volume_mean_24,24))))",58b35ce0e2abe5e2,48,generated_candidate,original,0.28040000000000004,False,False,selected_for_strict_replay
a7o_l1_C0256_0949,C0256,949,H09_trend_reversal_horizon_mix,P12_liquidity_flow,HorizonSpread,H48,same_symbol_rank,Core4,low_turnover,F1_high_realized_vol,quote_volume_mean_12;taker_buy_ratio,flow;liquidity,"Add(TSMean(ResidualizeVsCore4(RegimeMaskNonMay(F5_funding_neutral,Add(Sub(Rank(TSMean(quote_volume_mean_12,16)),Rank(TSMean(quote_volume_mean_12,24))),ZScore(TSMean(taker_buy_ratio,60))))),36),Neg(Rank(Delta(quote_volume_mean_12,36))))",928ff14f5f7bff65,48,generated_candidate,original,0.28040000000000004,False,False,selected_for_strict_replay
a7o_l1_C0256_0969,C0256,969,H09_trend_reversal_horizon_mix,P12_liquidity_flow,HorizonSpread,H48,same_symbol_rank,Core4,low_turnover,F1_high_realized_vol,quote_volume_mean_24;taker_imbalance,flow;liquidity,"Add(TSMean(ResidualizeVsCore4(Rank(Delta(Sub(Rank(TSMean(taker_imbalance,48)),Rank(TSMean(taker_imbalance,72))),72))),36),Neg(Rank(Delta(taker_imbalance,36))))",df6908a907f9a0c9,48,generated_candidate,original,0.28040000000000004,False,False,selected_for_strict_replay
a7o_l1_C0256_1066,C0256,1066,H09_trend_reversal_horizon_mix,P12_liquidity_flow,HorizonSpread,H48,same_symbol_rank,Core4,low_turnover,F1_high_realized_vol,quote_volume_mean_12;taker_imbalance,flow;liquidity,"Add(TSMean(ResidualizeVsCore4(Rank(SmoothInteraction(Sub(Rank(TSMean(quote_volume_mean_12,16)),Rank(TSMean(quote_volume_mean_12,24))),TSStd(quote_volume_mean_12,12)))),20),Neg(Rank(Delta(quote_volume_mean_12,20))))",8e49e621be4d187e,48,generated_candidate,original,0.28040000000000004,False,False,selected_for_strict_replay
a7o_l1_C0256_1357,C0256,1357,H09_trend_reversal_horizon_mix,P12_liquidity_flow,HorizonSpread,H48,same_symbol_rank,Core4,low_turnover,F1_high_realized_vol,quote_volume_mean_24;taker_buy_ratio,flow;liquidity,"Add(TSMean(ResidualizeVsCore4(Mul(ZScore(TSMean(taker_buy_ratio,8)),Sub(Rank(TSMean(taker_buy_ratio,30)),Rank(TSMean(taker_buy_ratio,48))))),16),Neg(Rank(Delta(taker_buy_ratio,16))))",7feb716fa0cf9b3a,48,generated_candidate,original,0.28040000000000004,False,False,selected_for_strict_replay
a7o_l1_C0256_1454,C0256,1454,H09_trend_reversal_horizon_mix,P12_liquidity_flow,HorizonSpread,H48,same_symbol_rank,Core4,low_turnover,F1_high_realized_vol,quote_volume_mean_24;taker_imbalance,flow;liquidity,"Add(TSMean(ResidualizeVsCore4(Mul(SafeDiv(ZScore(TSMean(quote_volume_mean_24,24)),Clip(Abs(ZScore(TSMean(taker_imbalance,48))),0.05,3.0)),Sub(Rank(TSMean(quote_volume_mean_24,72)),Rank(TSMean(quote_volume_mean_24,73))))),12),Neg(Rank(Delta(quote_volume_mean_24,12))))",c2b7cee2f1d63d8a,48,generated_candidate,original,0.28040000000000004,False,False,selected_for_strict_replay
a7o_l1_C0256_1745,C0256,1745,H09_trend_reversal_horizon_mix,P12_liquidity_flow,HorizonSpread,H48,same_symbol_rank,Core4,low_turnover,F1_high_realized_vol,quote_volume_mean_24;taker_buy_ratio,flow;liquidity,"Add(TSMean(ResidualizeVsCore4(SmoothInteraction(Sub(Rank(TSMean(quote_volume_mean_24,20)),Rank(TSMean(quote_volume_mean_24,30))),TSMean(taker_buy_ratio,10))),6),Neg(Rank(Delta(quote_volume_mean_24,6))))",03fe65479a037fe6,48,generated_candidate,original,0.28040000000000004,False,False,selected_for_strict_replay
a7o_l1_C0256_1842,C0256,1842,H09_trend_reversal_horizon_mix,P12_liquidity_flow,HorizonSpread,H48,same_symbol_rank,Core4,low_turnover,F1_high_realized_vol,quote_volume_mean_12;taker_buy_ratio,flow;liquidity,"Add(TSMean(ResidualizeVsCore4(CrossSymbolRank(Add(Sub(Rank(TSMean(taker_buy_ratio,48)),Rank(TSMean(taker_buy_ratio,72))),TSMean(taker_buy_ratio,24)))),60),Neg(Rank(Delta(taker_buy_ratio,60))))",81d6e8ac3faf8b33,48,generated_candidate,original,0.28040000000000004,False,False,selected_for_strict_replay
a7o_l1_C0256_0289,C0256,289,H09_trend_reversal_horizon_mix,P12_liquidity_flow,HorizonSpread,H48,same_symbol_rank,Core4,low_turnover,F1_high_realized_vol,quote_volume_mean_24;taker_imbalance,flow;liquidity,"Add(TSMean(ResidualizeVsCore4(Add(Abs(ZScore(TSStd(taker_imbalance,72))),Sub(Rank(TSMean(taker_imbalance,60)),Rank(TSMean(taker_imbalance,61))))),36),Neg(Rank(Delta(taker_imbalance,36))))",b4bc0451128dd2cc,48,generated_candidate,original,0.27940000000000004,False,False,selected_for_strict_replay
a7o_l1_C0256_0386,C0256,386,H09_trend_reversal_horizon_mix,P12_liquidity_flow,HorizonSpread,H48,same_symbol_rank,Core4,low_turnover,F1_high_realized_vol,quote_volume_mean_12;taker_imbalance,flow;liquidity,"Add(TSMean(ResidualizeVsCore4(ZScore(Decay(Sub(Rank(TSMean(quote_volume_mean_12,20)),Rank(TSMean(quote_volume_mean_12,30))),16))),24),Neg(Rank(Delta(quote_volume_mean_12,24))))",1cde37987dd5232a,48,generated_candidate,original,0.27940000000000004,False,False,selected_for_strict_replay
a7o_l1_C0256_0677,C0256,677,H09_trend_reversal_horizon_mix,P12_liquidity_flow,HorizonSpread,H48,same_symbol_rank,Core4,low_turnover,F1_high_realized_vol,quote_volume_mean_24;taker_buy_ratio,flow;liquidity,"Add(TSMean(ResidualizeVsCore4(RollingMax(Sub(Sub(Rank(TSMean(taker_buy_ratio,36)),Rank(TSMean(taker_buy_ratio,60))),ZScore(TSMean(taker_buy_ratio,8))),10)),16),Neg(Rank(Delta(taker_buy_ratio,16))))",18bf313504b7a58f,48,generated_candidate,original,0.27940000000000004,False,False,selected_for_strict_replay
a7o_l1_C0256_0774,C0256,774,H09_trend_reversal_horizon_mix,P12_liquidity_flow,HorizonSpread,H48,same_symbol_rank,Core4,low_turnover,F1_high_realized_vol,quote_volume_mean_24;taker_imbalance,flow;liquidity,"Add(TSMean(ResidualizeVsCore4(Mul(Sub(Rank(TSMean(quote_volume_mean_24,12)),Rank(TSMean(quote_volume_mean_24,20))),Rank(TSStd(quote_volume_mean_24,24)))),16),Neg(Rank(Delta(quote_volume_mean_24,16))))",4290082ca8e2b455,48,generated_candidate,original,0.27940000000000004,False,False,selected_for_strict_replay
a7o_l1_C0257_2036,C0257,2036,H12_horizon_ensemble_stability,P3_trade_size,ResidualizeVsFundingCore,H6,cross_symbol_zscore,FundingCore_and_Core4,low_turnover,F2_low_liquidity,number_of_trades,liquidity,"Add(TSMean(ResidualizeVsCore4(ResidualizeVsFundingCore(cross_symbol_zscore(RegimeMaskNonMay(F3_high_liquidity_high_vol,Sub(ResidualizeVsFundingCore(Mul(Rank(TSMean(number_of_trades,3)),ZScore(TSMean(number_of_trades,8)))),Rank(TSMean(number_of_trades,3))))))),16),HorizonSpread(number_of_trades,16,24))",d9634cc94cce3f0f,6,generated_candidate,original,0.2252,False,False,selected_for_strict_replay
a7o_l1_C0257_0181,C0257,181,H12_horizon_ensemble_stability,P3_trade_size,ResidualizeVsFundingCore,H6,cross_symbol_zscore,FundingCore_and_Core4,low_turnover,F2_low_liquidity,quote_asset_volume,liquidity,"Add(TSMean(ResidualizeVsCore4(ResidualizeVsFundingCore(cross_symbol_zscore(RegimeMaskNonMay(F5_funding_neutral,Add(ResidualizeVsFundingCore(Mul(Rank(TSMean(quote_asset_volume,3)),ZScore(TSMean(quote_asset_volume,8)))),ZScore(TSMean(quote_asset_volume,10))))))),10),HorizonSpread(quote_asset_volume,10,12))",cbc6df1c0e380a9e,6,generated_candidate,original,0.2132,False,False,selected_for_strict_replay
a7o_l1_C0257_0180,C0257,180,H12_horizon_ensemble_stability,P3_trade_size,ResidualizeVsFundingCore,H6,cross_symbol_zscore,FundingCore_and_Core4,low_turnover,F2_low_liquidity,number_of_trades;quote_asset_volume,liquidity,"Add(TSMean(ResidualizeVsCore4(ResidualizeVsFundingCore(cross_symbol_zscore(RegimeMaskNonMay(F3_high_liquidity_high_vol,Sub(ResidualizeVsFundingCore(Mul(Rank(TSMean(quote_asset_volume,3)),ZScore(TSMean(number_of_trades,8)))),Rank(TSMean(quote_asset_volume,4))))))),4),HorizonSpread(quote_asset_volume,4,8))",ffff0ba46520ee6a,6,generated_candidate,original,0.2122,False,False,selected_for_strict_replay
a7o_l1_C0257_0373,C0257,373,H12_horizon_ensemble_stability,P3_trade_size,ResidualizeVsFundingCore,H6,cross_symbol_zscore,FundingCore_and_Core4,low_turnover,F2_low_liquidity,avg_trade_size_quote;quote_asset_volume,liquidity,"Add(TSMean(ResidualizeVsCore4(ResidualizeVsFundingCore(cross_symbol_zscore(RegimeMaskNonMay(F5_funding_neutral,Add(ResidualizeVsFundingCore(Mul(Rank(TSMean(avg_trade_size_quote,3)),ZScore(TSMean(quote_asset_volume,8)))),ZScore(TSMean(quote_asset_volume,60))))))),24),HorizonSpread(avg_trade_size_quote,24,30))",e6a9efc6307fb078,6,generated_candidate,original,0.2112,False,False,selected_for_strict_replay
a7o_l1_C0257_0372,C0257,372,H12_horizon_ensemble_stability,P3_trade_size,ResidualizeVsFundingCore,H6,cross_symbol_zscore,FundingCore_and_Core4,low_turnover,F2_low_liquidity,avg_trade_size_quote;number_of_trades,liquidity,"Add(TSMean(ResidualizeVsCore4(ResidualizeVsFundingCore(cross_symbol_zscore(RegimeMaskNonMay(F3_high_liquidity_high_vol,Sub(ResidualizeVsFundingCore(Mul(Rank(TSMean(avg_trade_size_quote,3)),ZScore(TSMean(number_of_trades,8)))),Rank(TSMean(avg_trade_size_quote,24))))))),10),HorizonSpread(avg_trade_size_quote,10,16))",fe28083fcc654438,6,generated_candidate,original,0.2102,False,False,selected_for_strict_replay
a7o_l1_C0257_0565,C0257,565,H12_horizon_ensemble_stability,P3_trade_size,ResidualizeVsFundingCore,H6,cross_symbol_zscore,FundingCore_and_Core4,low_turnover,F2_low_liquidity,number_of_trades;quote_asset_volume,liquidity,"Add(TSMean(ResidualizeVsCore4(ResidualizeVsFundingCore(cross_symbol_zscore(RegimeMaskNonMay(F5_funding_neutral,Add(ResidualizeVsFundingCore(Mul(Rank(TSMean(number_of_trades,3)),ZScore(TSMean(quote_asset_volume,8)))),ZScore(TSMean(quote_asset_volume,10))))))),6),HorizonSpread(number_of_trades,6,8))",23ade523132faa4a,6,generated_candidate,original,0.2092,False,False,selected_for_strict_replay
a7o_l1_C0257_0564,C0257,564,H12_horizon_ensemble_stability,P3_trade_size,ResidualizeVsFundingCore,H6,cross_symbol_zscore,FundingCore_and_Core4,low_turnover,F2_low_liquidity,number_of_trades,liquidity,"Add(TSMean(ResidualizeVsCore4(ResidualizeVsFundingCore(cross_symbol_zscore(RegimeMaskNonMay(F3_high_liquidity_high_vol,Sub(ResidualizeVsFundingCore(Mul(Rank(TSMean(number_of_trades,3)),ZScore(TSMean(number_of_trades,8)))),Rank(TSMean(number_of_trades,36))))))),20),HorizonSpread(number_of_trades,20,3))",8552ea9a9924bd39,6,generated_candidate,original,0.2082,False,False,selected_for_strict_replay
a7o_l1_C0257_0757,C0257,757,H12_horizon_ensemble_stability,P3_trade_size,ResidualizeVsFundingCore,H6,cross_symbol_zscore,FundingCore_and_Core4,low_turnover,F2_low_liquidity,avg_trade_size_quote;number_of_trades,liquidity,"Add(TSMean(ResidualizeVsCore4(ResidualizeVsFundingCore(cross_symbol_zscore(RegimeMaskNonMay(F5_funding_neutral,Add(ResidualizeVsFundingCore(Mul(Rank(TSMean(avg_trade_size_quote,3)),ZScore(TSMean(number_of_trades,8)))),ZScore(TSMean(number_of_trades,10))))))),16),HorizonSpread(avg_trade_size_quote,16,20))",071f5d2e0bbd6502,6,generated_candidate,original,0.2072,False,False,selected_for_strict_replay
a7o_l1_C0257_0756,C0257,756,H12_horizon_ensemble_stability,P3_trade_size,ResidualizeVsFundingCore,H6,cross_symbol_zscore,FundingCore_and_Core4,low_turnover,F2_low_liquidity,avg_trade_size_quote,liquidity,"Add(TSMean(ResidualizeVsCore4(ResidualizeVsFundingCore(cross_symbol_zscore(RegimeMaskNonMay(F3_high_liquidity_high_vol,Sub(ResidualizeVsFundingCore(Mul(Rank(TSMean(avg_trade_size_quote,3)),ZScore(TSMean(avg_trade_size_quote,8)))),Rank(TSMean(avg_trade_size_quote,10))))))),4),HorizonSpread(avg_trade_size_quote,4,8))",3047dba44e7d5214,6,generated_candidate,original,0.2062,False,False,selected_for_strict_replay
a7o_l1_C0257_0096,C0257,96,H12_horizon_ensemble_stability,P3_trade_size,ResidualizeVsFundingCore,H6,cross_symbol_zscore,FundingCore_and_Core4,low_turnover,F2_low_liquidity,avg_trade_size_quote;quote_asset_volume,liquidity,"Add(TSMean(ResidualizeVsCore4(ResidualizeVsFundingCore(cross_symbol_zscore(Mul(Neg(Rank(TSMean(avg_trade_size_quote,4))),ResidualizeVsFundingCore(Mul(Rank(TSMean(avg_trade_size_quote,3)),ZScore(TSMean(quote_asset_volume,8)))))))),20),HorizonSpread(avg_trade_size_quote,20,3))",67c67b85881718c9,6,generated_candidate,original,0.2052,False,False,selected_for_strict_replay
a7o_l1_C0257_0193,C0257,193,H12_horizon_ensemble_stability,P3_trade_size,ResidualizeVsFundingCore,H6,cross_symbol_zscore,FundingCore_and_Core4,low_turnover,F2_low_liquidity,number_of_trades,liquidity,"Add(TSMean(ResidualizeVsCore4(ResidualizeVsFundingCore(cross_symbol_zscore(Rank(TSMean(ResidualizeVsFundingCore(Mul(Rank(TSMean(number_of_trades,3)),ZScore(TSMean(number_of_trades,8)))),36))))),24),HorizonSpread(number_of_trades,24,30))",0370e0b104ea752b,6,generated_candidate,original,0.2052,False,False,selected_for_strict_replay
a7o_l1_C0257_0290,C0257,290,H12_horizon_ensemble_stability,P3_trade_size,ResidualizeVsFundingCore,H6,cross_symbol_zscore,FundingCore_and_Core4,low_turnover,F2_low_liquidity,avg_trade_size_quote;quote_asset_volume,liquidity,"Add(TSMean(ResidualizeVsCore4(ResidualizeVsFundingCore(cross_symbol_zscore(Sub(ResidualizeVsFundingCore(Mul(Rank(TSMean(quote_asset_volume,3)),ZScore(TSMean(avg_trade_size_quote,8)))),Abs(ZScore(TSMean(avg_trade_size_quote,10))))))),48),HorizonSpread(quote_asset_volume,48,72))",c0571685c3395b8f,6,generated_candidate,original,0.2052,False,False,selected_for_strict_replay
a7o_l1_C0257_0387,C0257,387,H12_horizon_ensemble_stability,P3_trade_size,ResidualizeVsFundingCore,H6,cross_symbol_zscore,FundingCore_and_Core4,low_turnover,F2_low_liquidity,number_of_trades;quote_asset_volume,liquidity,"Add(TSMean(ResidualizeVsCore4(ResidualizeVsFundingCore(cross_symbol_zscore(Clip(ResidualizeVsFundingCore(Mul(Rank(TSMean(number_of_trades,3)),ZScore(TSMean(quote_asset_volume,8)))),-4.0,4.0)))),60),HorizonSpread(number_of_trades,60,96))",5d166cbbaab2ce0d,6,generated_candidate,original,0.2052,False,False,selected_for_strict_replay
a7o_l1_C0257_0484,C0257,484,H12_horizon_ensemble_stability,P3_trade_size,ResidualizeVsFundingCore,H6,cross_symbol_zscore,FundingCore_and_Core4,low_turnover,F2_low_liquidity,number_of_trades;quote_asset_volume,liquidity,"Add(TSMean(ResidualizeVsCore4(ResidualizeVsFundingCore(cross_symbol_zscore(SafeDiv(Sub(ResidualizeVsFundingCore(Mul(Rank(TSMean(number_of_trades,3)),ZScore(TSMean(quote_asset_volume,8)))),Rank(TSMean(number_of_trades,36))),Clip(Abs(TSRank(quote_asset_volume,72)),0.05,2.25))))),12),HorizonSpread(number_of_trades,12,20))",fdc97b03bbcb3271,6,generated_candidate,original,0.2052,False,False,selected_for_strict_replay
a7o_l1_C0257_0581,C0257,581,H12_horizon_ensemble_stability,P3_trade_size,ResidualizeVsFundingCore,H6,cross_symbol_zscore,FundingCore_and_Core4,low_turnover,F2_low_liquidity,number_of_trades;quote_asset_volume,liquidity,"Add(TSMean(ResidualizeVsCore4(ResidualizeVsFundingCore(cross_symbol_zscore(Add(ResidualizeVsFundingCore(Mul(Rank(TSMean(quote_asset_volume,3)),ZScore(TSMean(number_of_trades,8)))),ZScore(TSMean(number_of_trades,12)))))),10),HorizonSpread(quote_asset_volume,10,12))",76219faef72394b0,6,generated_candidate,original,0.2052,False,False,selected_for_strict_replay
a7o_l1_C0257_0678,C0257,678,H12_horizon_ensemble_stability,P3_trade_size,ResidualizeVsFundingCore,H6,cross_symbol_zscore,FundingCore_and_Core4,low_turnover,F2_low_liquidity,avg_trade_size_quote;number_of_trades,liquidity,"Add(TSMean(ResidualizeVsCore4(ResidualizeVsFundingCore(cross_symbol_zscore(RollingMin(Add(ResidualizeVsFundingCore(Mul(Rank(TSMean(number_of_trades,3)),ZScore(TSMean(avg_trade_size_quote,8)))),Rank(TSMean(avg_trade_size_quote,12))),60)))),30),HorizonSpread(number_of_trades,30,48))",fcd6aaf64dad10fb,6,generated_candidate,original,0.2052,False,False,selected_for_strict_replay
a7o_l1_C0257_0775,C0257,775,H12_horizon_ensemble_stability,P3_trade_size,ResidualizeVsFundingCore,H6,cross_symbol_zscore,FundingCore_and_Core4,low_turnover,F2_low_liquidity,quote_asset_volume,liquidity,"Add(TSMean(ResidualizeVsCore4(ResidualizeVsFundingCore(cross_symbol_zscore(SafeDiv(ResidualizeVsFundingCore(Mul(Rank(TSMean(quote_asset_volume,3)),ZScore(TSMean(quote_asset_volume,8)))),Clip(Abs(ZScore(TSStd(quote_asset_volume,10))),0.05,6.0))))),24),HorizonSpread(quote_asset_volume,24,48))",1903b8bdceef1a34,6,generated_candidate,original,0.2052,False,False,selected_for_strict_replay
a7o_l1_C0257_0872,C0257,872,H12_horizon_ensemble_stability,P3_trade_size,ResidualizeVsFundingCore,H6,cross_symbol_zscore,FundingCore_and_Core4,low_turnover,F2_low_liquidity,quote_asset_volume,liquidity,"Add(TSMean(ResidualizeVsCore4(ResidualizeVsFundingCore(cross_symbol_zscore(TSRank(Sub(TSMean(ResidualizeVsFundingCore(Mul(Rank(TSMean(quote_asset_volume,3)),ZScore(TSMean(quote_asset_volume,8)))),24),TSMean(quote_asset_volume,30)),36)))),8),HorizonSpread(quote_asset_volume,8,12))",f08356db62093efd,6,generated_candidate,original,0.2052,False,False,selected_for_strict_replay
a7o_l1_C0257_0949,C0257,949,H12_horizon_ensemble_stability,P3_trade_size,ResidualizeVsFundingCore,H6,cross_symbol_zscore,FundingCore_and_Core4,low_turnover,F2_low_liquidity,number_of_trades,liquidity,"Add(TSMean(ResidualizeVsCore4(ResidualizeVsFundingCore(cross_symbol_zscore(RegimeMaskNonMay(F5_funding_neutral,Add(ResidualizeVsFundingCore(Mul(Rank(TSMean(number_of_trades,3)),ZScore(TSMean(number_of_trades,8)))),ZScore(TSMean(number_of_trades,60))))))),36),HorizonSpread(number_of_trades,36,48))",c72639fa9f9538c4,6,generated_candidate,original,0.2052,False,False,selected_for_strict_replay
a7o_l1_C0257_0969,C0257,969,H12_horizon_ensemble_stability,P3_trade_size,ResidualizeVsFundingCore,H6,cross_symbol_zscore,FundingCore_and_Core4,low_turnover,F2_low_liquidity,number_of_trades,liquidity,"Add(TSMean(ResidualizeVsCore4(ResidualizeVsFundingCore(cross_symbol_zscore(Rank(Delta(ResidualizeVsFundingCore(Mul(Rank(TSMean(number_of_trades,3)),ZScore(TSMean(number_of_trades,8)))),72))))),36),HorizonSpread(number_of_trades,36,48))",8a5a61e1679bf134,6,generated_candidate,original,0.2052,False,False,selected_for_strict_replay
a7o_l1_C0257_1066,C0257,1066,H12_horizon_ensemble_stability,P3_trade_size,ResidualizeVsFundingCore,H6,cross_symbol_zscore,FundingCore_and_Core4,low_turnover,F2_low_liquidity,avg_trade_size_quote;quote_asset_volume,liquidity,"Add(TSMean(ResidualizeVsCore4(ResidualizeVsFundingCore(cross_symbol_zscore(Rank(SmoothInteraction(ResidualizeVsFundingCore(Mul(Rank(TSMean(quote_asset_volume,3)),ZScore(TSMean(avg_trade_size_quote,8)))),TSStd(quote_asset_volume,12)))))),20),HorizonSpread(quote_asset_volume,20,30))",7df2afcdca729884,6,generated_candidate,original,0.2052,False,False,selected_for_strict_replay
a7o_l1_C0257_1163,C0257,1163,H12_horizon_ensemble_stability,P3_trade_size,ResidualizeVsFundingCore,H6,cross_symbol_zscore,FundingCore_and_Core4,low_turnover,F2_low_liquidity,avg_trade_size_quote;quote_asset_volume,liquidity,"Add(TSMean(ResidualizeVsCore4(ResidualizeVsFundingCore(cross_symbol_zscore(WinsorZScore(ResidualizeVsFundingCore(Mul(Rank(TSMean(avg_trade_size_quote,3)),ZScore(TSMean(quote_asset_volume,8)))),3.0)))),60),HorizonSpread(avg_trade_size_quote,60,96))",d2053e72bd993a62,6,generated_candidate,original,0.2052,False,False,selected_for_strict_replay
a7o_l1_C0257_1260,C0257,1260,H12_horizon_ensemble_stability,P3_trade_size,ResidualizeVsFundingCore,H6,cross_symbol_zscore,FundingCore_and_Core4,low_turnover,F2_low_liquidity,number_of_trades;quote_asset_volume,liquidity,"Add(TSMean(ResidualizeVsCore4(ResidualizeVsFundingCore(cross_symbol_zscore(Sub(WinsorZScore(TSMean(quote_asset_volume,4),1.25),WinsorZScore(TSMean(number_of_trades,10),1.25))))),4),HorizonSpread(quote_asset_volume,4,8))",9969ab88b1bf3e1c,6,generated_candidate,original,0.2052,False,False,selected_for_strict_replay
a7o_l1_C0257_1357,C0257,1357,H12_horizon_ensemble_stability,P3_trade_size,ResidualizeVsFundingCore,H6,cross_symbol_zscore,FundingCore_and_Core4,low_turnover,F2_low_liquidity,number_of_trades;quote_asset_volume,liquidity,"Add(TSMean(ResidualizeVsCore4(ResidualizeVsFundingCore(cross_symbol_zscore(Mul(ZScore(TSMean(quote_asset_volume,8)),ResidualizeVsFundingCore(Mul(Rank(TSMean(quote_asset_volume,3)),ZScore(TSMean(number_of_trades,8)))))))),16),HorizonSpread(quote_asset_volume,16,20))",de25cac832f573f9,6,generated_candidate,original,0.2052,False,False,selected_for_strict_replay
a7o_l1_C0258_2036,C0258,2036,H00_low_turnover_robust,P0_price_return,RollingMaxRank,mixed_12_48,same_symbol_rank,FundingCore_and_Core4,lag_stable,F8_low_vol_high_liquidity,ret_12;ret_3,price,"TSMean(Clip(Decay(ResidualizeVsCore4(ResidualizeVsFundingCore(RegimeMaskNonMay(F3_high_liquidity_high_vol,Sub(Rank(RollingMax(ret_3,12)),Rank(TSMean(ret_3,3)))))),16),-3.0,3.0),24)",4ebd10ab4ed09ec1,12,generated_candidate,original,0.22460000000000002,False,False,selected_for_strict_replay
a7o_l1_C0258_0181,C0258,181,H00_low_turnover_robust,P0_price_return,RollingMaxRank,mixed_12_48,same_symbol_rank,FundingCore_and_Core4,lag_stable,F8_low_vol_high_liquidity,ret_24;ret_3,price,"TSMean(Clip(Decay(ResidualizeVsCore4(ResidualizeVsFundingCore(RegimeMaskNonMay(F5_funding_neutral,Add(Rank(RollingMax(ret_3,20)),ZScore(TSMean(ret_24,10)))))),10),-3.0,3.0),12)",9399868bcd683711,12,generated_candidate,original,0.2126,False,False,selected_for_strict_replay
a7o_l1_C0258_0180,C0258,180,H00_low_turnover_robust,P0_price_return,RollingMaxRank,mixed_12_48,same_symbol_rank,FundingCore_and_Core4,lag_stable,F8_low_vol_high_liquidity,ret_12;ret_3,price,"TSMean(Clip(Decay(ResidualizeVsCore4(ResidualizeVsFundingCore(RegimeMaskNonMay(F3_high_liquidity_high_vol,Sub(Rank(RollingMax(ret_3,3)),Rank(TSMean(ret_3,4)))))),4),-3.0,3.0),8)",32ff43443b4e2eea,6,generated_candidate,original,0.2116,False,False,selected_for_strict_replay
a7o_l1_C0258_0373,C0258,373,H00_low_turnover_robust,P0_price_return,RollingMaxRank,mixed_12_48,same_symbol_rank,FundingCore_and_Core4,lag_stable,F8_low_vol_high_liquidity,ret_24;ret_3,price,"TSMean(Clip(Decay(ResidualizeVsCore4(ResidualizeVsFundingCore(RegimeMaskNonMay(F5_funding_neutral,Add(Rank(RollingMax(ret_3,16)),ZScore(TSMean(ret_24,60)))))),24),-3.0,3.0),30)",2bdf2cd41e74923a,48,generated_candidate,original,0.2106,False,False,selected_for_strict_replay
a7o_l1_C0258_0372,C0258,372,H00_low_turnover_robust,P0_price_return,RollingMaxRank,mixed_12_48,same_symbol_rank,FundingCore_and_Core4,lag_stable,F8_low_vol_high_liquidity,ret_12;ret_3,price,"TSMean(Clip(Decay(ResidualizeVsCore4(ResidualizeVsFundingCore(RegimeMaskNonMay(F3_high_liquidity_high_vol,Sub(Rank(RollingMax(ret_3,16)),Rank(TSMean(ret_3,24)))))),10),-3.0,3.0),16)",0b55d64fc754f61a,24,generated_candidate,original,0.2096,False,False,selected_for_strict_replay
a7o_l1_C0258_0565,C0258,565,H00_low_turnover_robust,P0_price_return,RollingMaxRank,mixed_12_48,same_symbol_rank,FundingCore_and_Core4,lag_stable,F8_low_vol_high_liquidity,ret_24;ret_3,price,"TSMean(Clip(Decay(ResidualizeVsCore4(ResidualizeVsFundingCore(RegimeMaskNonMay(F5_funding_neutral,Add(Rank(RollingMax(ret_3,3)),ZScore(TSMean(ret_24,10)))))),6),-3.0,3.0),8)",905068a0cdc612db,6,generated_candidate,original,0.2086,False,False,selected_for_strict_replay
a7o_l1_C0258_0564,C0258,564,H00_low_turnover_robust,P0_price_return,RollingMaxRank,mixed_12_48,same_symbol_rank,FundingCore_and_Core4,lag_stable,F8_low_vol_high_liquidity,ret_12;ret_3,price,"TSMean(Clip(Decay(ResidualizeVsCore4(ResidualizeVsFundingCore(RegimeMaskNonMay(F3_high_liquidity_high_vol,Sub(Rank(RollingMax(ret_3,60)),Rank(TSMean(ret_3,36)))))),20),-3.0,3.0),3)",8658de0f62bf5d35,72,generated_candidate,original,0.2076,False,False,selected_for_strict_replay
a7o_l1_C0258_0757,C0258,757,H00_low_turnover_robust,P0_price_return,RollingMaxRank,mixed_12_48,same_symbol_rank,FundingCore_and_Core4,lag_stable,F8_low_vol_high_liquidity,ret_24;ret_3,price,"TSMean(Clip(Decay(ResidualizeVsCore4(ResidualizeVsFundingCore(RegimeMaskNonMay(F5_funding_neutral,Add(Rank(RollingMax(ret_3,48)),ZScore(TSMean(ret_24,10)))))),16),-3.0,3.0),20)",56b6ba2ddbab6465,24,generated_candidate,original,0.2066,False,False,selected_for_strict_replay
a7o_l1_C0258_0756,C0258,756,H00_low_turnover_robust,P0_price_return,RollingMaxRank,mixed_12_48,same_symbol_rank,FundingCore_and_Core4,lag_stable,F8_low_vol_high_liquidity,ret_12;ret_3,price,"TSMean(Clip(Decay(ResidualizeVsCore4(ResidualizeVsFundingCore(RegimeMaskNonMay(F3_high_liquidity_high_vol,Sub(Rank(RollingMax(ret_3,3)),Rank(TSMean(ret_3,10)))))),4),-3.0,3.0),8)",88b93e9d7c0896af,12,generated_candidate,original,0.2056,False,False,selected_for_strict_replay
a7o_l1_C0258_0096,C0258,96,H00_low_turnover_robust,P0_price_return,RollingMaxRank,mixed_12_48,same_symbol_rank,FundingCore_and_Core4,lag_stable,F8_low_vol_high_liquidity,ret_12;ret_3,price,"TSMean(Clip(Decay(ResidualizeVsCore4(ResidualizeVsFundingCore(Mul(Neg(Rank(TSMean(ret_12,4))),Rank(RollingMax(ret_12,16))))),20),-3.0,3.0),3)",6a93e0f0b65d0f2e,12,generated_candidate,original,0.2046,False,False,selected_for_strict_replay
a7o_l1_C0258_0193,C0258,193,H00_low_turnover_robust,P0_price_return,RollingMaxRank,mixed_12_48,same_symbol_rank,FundingCore_and_Core4,lag_stable,F8_low_vol_high_liquidity,ret_3;ret_6,price,"TSMean(Clip(Decay(ResidualizeVsCore4(ResidualizeVsFundingCore(Rank(TSMean(Rank(RollingMax(ret_3,16)),36)))),24),-3.0,3.0),30)",5ccdf88b5ba8a7f4,48,generated_candidate,original,0.2046,False,False,selected_for_strict_replay
a7o_l1_C0258_0290,C0258,290,H00_low_turnover_robust,P0_price_return,RollingMaxRank,mixed_12_48,same_symbol_rank,FundingCore_and_Core4,lag_stable,F8_low_vol_high_liquidity,ret_12,price,"TSMean(Clip(Decay(ResidualizeVsCore4(ResidualizeVsFundingCore(Sub(Rank(RollingMax(ret_12,3)),Abs(ZScore(TSMean(ret_12,10)))))),48),-3.0,3.0),72)",b041d6be36b5c226,6,generated_candidate,original,0.2046,False,False,selected_for_strict_replay
a7o_l1_C0258_0387,C0258,387,H00_low_turnover_robust,P0_price_return,RollingMaxRank,mixed_12_48,same_symbol_rank,FundingCore_and_Core4,lag_stable,F8_low_vol_high_liquidity,ret_24;ret_3,price,"TSMean(Clip(Decay(ResidualizeVsCore4(ResidualizeVsFundingCore(Clip(Rank(RollingMax(ret_3,48)),-4.0,4.0))),60),-3.0,3.0),96)",02f18d8dc08ac21a,24,generated_candidate,original,0.2046,False,False,selected_for_strict_replay
a7o_l1_C0258_0484,C0258,484,H00_low_turnover_robust,P0_price_return,RollingMaxRank,mixed_12_48,same_symbol_rank,FundingCore_and_Core4,lag_stable,F8_low_vol_high_liquidity,ret_24;ret_3,price,"TSMean(Clip(Decay(ResidualizeVsCore4(ResidualizeVsFundingCore(SafeDiv(Sub(Rank(RollingMax(ret_24,60)),Rank(TSMean(ret_24,36))),Clip(Abs(TSRank(ret_3,72)),0.05,2.25)))),12),-3.0,3.0),20)",213874c33ab4ab56,72,generated_candidate,original,0.2046,False,False,selected_for_strict_replay
a7o_l1_C0258_0581,C0258,581,H00_low_turnover_robust,P0_price_return,RollingMaxRank,mixed_12_48,same_symbol_rank,FundingCore_and_Core4,lag_stable,F8_low_vol_high_liquidity,ret_6,price,"TSMean(Clip(Decay(ResidualizeVsCore4(ResidualizeVsFundingCore(Add(Rank(RollingMax(ret_6,24)),ZScore(TSMean(ret_6,12))))),10),-3.0,3.0),12)",83d857ee289aea77,12,generated_candidate,original,0.2046,False,False,selected_for_strict_replay
a7o_l1_C0258_0678,C0258,678,H00_low_turnover_robust,P0_price_return,RollingMaxRank,mixed_12_48,same_symbol_rank,FundingCore_and_Core4,lag_stable,F8_low_vol_high_liquidity,ret_12;ret_24,price,"TSMean(Clip(Decay(ResidualizeVsCore4(ResidualizeVsFundingCore(RollingMin(Add(Rank(RollingMax(ret_24,24)),Rank(TSMean(ret_12,12))),60))),30),-3.0,3.0),48)",cfc3cc3292fd989f,48,generated_candidate,original,0.2046,False,False,selected_for_strict_replay
a7o_l1_C0258_0775,C0258,775,H00_low_turnover_robust,P0_price_return,RollingMaxRank,mixed_12_48,same_symbol_rank,FundingCore_and_Core4,lag_stable,F8_low_vol_high_liquidity,ret_24;ret_6,price,"TSMean(Clip(Decay(ResidualizeVsCore4(ResidualizeVsFundingCore(SafeDiv(Rank(RollingMax(ret_6,3)),Clip(Abs(ZScore(TSStd(ret_24,10))),0.05,6.0)))),24),-3.0,3.0),48)",6ef41e5b9e19e822,6,generated_candidate,original,0.2046,False,False,selected_for_strict_replay
a7o_l1_C0258_0872,C0258,872,H00_low_turnover_robust,P0_price_return,RollingMaxRank,mixed_12_48,same_symbol_rank,FundingCore_and_Core4,lag_stable,F8_low_vol_high_liquidity,ret_3,price,"TSMean(Clip(Decay(ResidualizeVsCore4(ResidualizeVsFundingCore(TSRank(Sub(TSMean(Rank(RollingMax(ret_3,16)),24),TSMean(ret_3,30)),36))),8),-3.0,3.0),12)",cd73269ad9dbca1b,24,generated_candidate,original,0.2046,False,False,selected_for_strict_replay
a7o_l1_C0258_0949,C0258,949,H00_low_turnover_robust,P0_price_return,RollingMaxRank,mixed_12_48,same_symbol_rank,FundingCore_and_Core4,lag_stable,F8_low_vol_high_liquidity,ret_24;ret_3,price,"TSMean(Clip(Decay(ResidualizeVsCore4(ResidualizeVsFundingCore(RegimeMaskNonMay(F5_funding_neutral,Add(Rank(RollingMax(ret_3,48)),ZScore(TSMean(ret_24,60)))))),36),-3.0,3.0),48)",942f58b112d87022,72,generated_candidate,original,0.2046,False,False,selected_for_strict_replay
a7o_l1_C0258_0969,C0258,969,H00_low_turnover_robust,P0_price_return,RollingMaxRank,mixed_12_48,same_symbol_rank,FundingCore_and_Core4,lag_stable,F8_low_vol_high_liquidity,ret_12;ret_6,price,"TSMean(Clip(Decay(ResidualizeVsCore4(ResidualizeVsFundingCore(Rank(Delta(Rank(RollingMax(ret_12,96)),72)))),36),-3.0,3.0),48)",f3e9ba74ccef38c8,72,generated_candidate,original,0.2046,False,False,selected_for_strict_replay
a7o_l1_C0258_1066,C0258,1066,H00_low_turnover_robust,P0_price_return,RollingMaxRank,mixed_12_48,same_symbol_rank,FundingCore_and_Core4,lag_stable,F8_low_vol_high_liquidity,ret_12;ret_3,price,"TSMean(Clip(Decay(ResidualizeVsCore4(ResidualizeVsFundingCore(Rank(SmoothInteraction(Rank(RollingMax(ret_3,4)),TSStd(ret_3,12))))),20),-3.0,3.0),30)",d16716a28f4cc525,12,generated_candidate,original,0.2046,False,False,selected_for_strict_replay
a7o_l1_C0258_1163,C0258,1163,H00_low_turnover_robust,P0_price_return,RollingMaxRank,mixed_12_48,same_symbol_rank,FundingCore_and_Core4,lag_stable,F8_low_vol_high_liquidity,ret_12;ret_24,price,"TSMean(Clip(Decay(ResidualizeVsCore4(ResidualizeVsFundingCore(WinsorZScore(Rank(RollingMax(ret_12,36)),3.0))),60),-3.0,3.0),96)",dd913e18e4724c03,48,generated_candidate,original,0.2046,False,False,selected_for_strict_replay
a7o_l1_C0258_1260,C0258,1260,H00_low_turnover_robust,P0_price_return,RollingMaxRank,mixed_12_48,same_symbol_rank,FundingCore_and_Core4,lag_stable,F8_low_vol_high_liquidity,ret_3;ret_6,price,"TSMean(Clip(Decay(ResidualizeVsCore4(ResidualizeVsFundingCore(Sub(WinsorZScore(TSMean(ret_6,4),1.25),WinsorZScore(TSMean(ret_3,10),1.25)))),4),-3.0,3.0),8)",63a928a1c2c1aedc,6,generated_candidate,original,0.2046,False,False,selected_for_strict_replay
a7o_l1_C0258_1357,C0258,1357,H00_low_turnover_robust,P0_price_return,RollingMaxRank,mixed_12_48,same_symbol_rank,FundingCore_and_Core4,lag_stable,F8_low_vol_high_liquidity,ret_24;ret_6,price,"TSMean(Clip(Decay(ResidualizeVsCore4(ResidualizeVsFundingCore(Mul(ZScore(TSMean(ret_24,8)),Rank(RollingMax(ret_24,48))))),16),-3.0,3.0),20)",de99fd7102f4543e,24,generated_candidate,original,0.2046,False,False,selected_for_strict_replay
a7o_l1_C0259_2036,C0259,2036,H13_symbol_tier_relative,P6_funding_observable,ResidualizeVsFundingCore,spread_12_vs_48,cross_symbol_rank,Core4,lag_stable,F4_basis_dislocation,funding_rate_z_24,funding,"CrossSymbolZScore(Decay(ResidualizeVsCore4(cross_symbol_rank(RegimeMaskNonMay(F3_high_liquidity_high_vol,Sub(ResidualizeVsFundingCore(Mul(Rank(TSMean(funding_rate_z_24,12)),ZScore(TSMean(funding_rate_z_24,20)))),Rank(TSMean(funding_rate_z_24,3)))))),16))",694e2dad7a25eaa2,12,generated_candidate,original,0.12359999999999999,False,False,selected_for_strict_replay
a7o_l1_C0259_0181,C0259,181,H13_symbol_tier_relative,P6_funding_observable,ResidualizeVsFundingCore,spread_12_vs_48,cross_symbol_rank,Core4,lag_stable,F4_basis_dislocation,funding_rate_persistence_3,funding,"CrossSymbolZScore(Decay(ResidualizeVsCore4(cross_symbol_rank(RegimeMaskNonMay(F5_funding_neutral,Add(ResidualizeVsFundingCore(Mul(Rank(TSMean(funding_rate_persistence_3,20)),ZScore(TSMean(funding_rate_persistence_3,3)))),ZScore(TSMean(funding_rate_persistence_3,10)))))),10))",cef1b05ee74e7164,12,generated_candidate,original,0.1116,False,False,selected_for_strict_replay
a7o_l1_C0259_0180,C0259,180,H13_symbol_tier_relative,P6_funding_observable,ResidualizeVsFundingCore,spread_12_vs_48,cross_symbol_rank,Core4,lag_stable,F4_basis_dislocation,funding_rate_persistence_3;funding_rate_z_24,funding,"CrossSymbolZScore(Decay(ResidualizeVsCore4(cross_symbol_rank(RegimeMaskNonMay(F3_high_liquidity_high_vol,Sub(ResidualizeVsFundingCore(Mul(Rank(TSMean(funding_rate_persistence_3,3)),ZScore(TSMean(funding_rate_z_24,8)))),Rank(TSMean(funding_rate_persistence_3,4)))))),4))",5e99c3c961d2233a,6,generated_candidate,original,0.1106,False,False,selected_for_strict_replay
a7o_l1_C0259_0373,C0259,373,H13_symbol_tier_relative,P6_funding_observable,ResidualizeVsFundingCore,spread_12_vs_48,cross_symbol_rank,Core4,lag_stable,F4_basis_dislocation,funding_rate_persistence_3;latest_known_funding_rate,funding,"CrossSymbolZScore(Decay(ResidualizeVsCore4(cross_symbol_rank(RegimeMaskNonMay(F5_funding_neutral,Add(ResidualizeVsFundingCore(Mul(Rank(TSMean(latest_known_funding_rate,16)),ZScore(TSMean(funding_rate_persistence_3,24)))),ZScore(TSMean(funding_rate_persistence_3,60)))))),24))",dfaf54486656a705,48,generated_candidate,original,0.1096,False,False,selected_for_strict_replay
a7o_l1_C0259_0372,C0259,372,H13_symbol_tier_relative,P6_funding_observable,ResidualizeVsFundingCore,spread_12_vs_48,cross_symbol_rank,Core4,lag_stable,F4_basis_dislocation,funding_rate_z_24;latest_known_funding_rate,funding,"CrossSymbolZScore(Decay(ResidualizeVsCore4(cross_symbol_rank(RegimeMaskNonMay(F3_high_liquidity_high_vol,Sub(ResidualizeVsFundingCore(Mul(Rank(TSMean(latest_known_funding_rate,16)),ZScore(TSMean(funding_rate_z_24,20)))),Rank(TSMean(latest_known_funding_rate,24)))))),10))",1907fccc5e40d7b8,24,generated_candidate,original,0.1086,False,False,selected_for_strict_replay
a7o_l1_C0259_0565,C0259,565,H13_symbol_tier_relative,P6_funding_observable,ResidualizeVsFundingCore,spread_12_vs_48,cross_symbol_rank,Core4,lag_stable,F4_basis_dislocation,funding_rate_persistence_3;funding_rate_z_24,funding,"CrossSymbolZScore(Decay(ResidualizeVsCore4(cross_symbol_rank(RegimeMaskNonMay(F5_funding_neutral,Add(ResidualizeVsFundingCore(Mul(Rank(TSMean(funding_rate_z_24,3)),ZScore(TSMean(funding_rate_persistence_3,8)))),ZScore(TSMean(funding_rate_persistence_3,10)))))),6))",74e0636e634f96d4,6,generated_candidate,original,0.1076,False,False,selected_for_strict_replay
a7o_l1_C0259_0564,C0259,564,H13_symbol_tier_relative,P6_funding_observable,ResidualizeVsFundingCore,spread_12_vs_48,cross_symbol_rank,Core4,lag_stable,F4_basis_dislocation,funding_rate_z_24,funding,"CrossSymbolZScore(Decay(ResidualizeVsCore4(cross_symbol_rank(RegimeMaskNonMay(F3_high_liquidity_high_vol,Sub(ResidualizeVsFundingCore(Mul(Rank(TSMean(funding_rate_z_24,60)),ZScore(TSMean(funding_rate_z_24,96)))),Rank(TSMean(funding_rate_z_24,36)))))),20))",92bd5403a7b17f4f,72,generated_candidate,original,0.1066,False,False,selected_for_strict_replay
a7o_l1_C0259_0757,C0259,757,H13_symbol_tier_relative,P6_funding_observable,ResidualizeVsFundingCore,spread_12_vs_48,cross_symbol_rank,Core4,lag_stable,F4_basis_dislocation,funding_rate_z_24;latest_known_funding_rate,funding,"CrossSymbolZScore(Decay(ResidualizeVsCore4(cross_symbol_rank(RegimeMaskNonMay(F5_funding_neutral,Add(ResidualizeVsFundingCore(Mul(Rank(TSMean(latest_known_funding_rate,48)),ZScore(TSMean(funding_rate_z_24,6)))),ZScore(TSMean(funding_rate_z_24,10)))))),16))",f6f226c55e4a673c,24,generated_candidate,original,0.1056,False,False,selected_for_strict_replay
a7o_l1_C0259_0756,C0259,756,H13_symbol_tier_relative,P6_funding_observable,ResidualizeVsFundingCore,spread_12_vs_48,cross_symbol_rank,Core4,lag_stable,F4_basis_dislocation,latest_known_funding_rate,funding,"CrossSymbolZScore(Decay(ResidualizeVsCore4(cross_symbol_rank(RegimeMaskNonMay(F3_high_liquidity_high_vol,Sub(ResidualizeVsFundingCore(Mul(Rank(TSMean(latest_known_funding_rate,3)),ZScore(TSMean(latest_known_funding_rate,6)))),Rank(TSMean(latest_known_funding_rate,10)))))),4))",82ba38d165920c91,12,generated_candidate,original,0.1046,False,False,selected_for_strict_replay
a7o_l1_C0259_0096,C0259,96,H13_symbol_tier_relative,P6_funding_observable,ResidualizeVsFundingCore,spread_12_vs_48,cross_symbol_rank,Core4,lag_stable,F4_basis_dislocation,funding_rate_persistence_3;latest_known_funding_rate,funding,"CrossSymbolZScore(Decay(ResidualizeVsCore4(cross_symbol_rank(Mul(Neg(Rank(TSMean(latest_known_funding_rate,4))),ResidualizeVsFundingCore(Mul(Rank(TSMean(latest_known_funding_rate,16)),ZScore(TSMean(funding_rate_persistence_3,24))))))),20))",f04425b1267b726d,12,generated_candidate,original,0.1036,False,False,selected_for_strict_replay
a7o_l1_C0259_0193,C0259,193,H13_symbol_tier_relative,P6_funding_observable,ResidualizeVsFundingCore,spread_12_vs_48,cross_symbol_rank,Core4,lag_stable,F4_basis_dislocation,funding_rate_z_24,funding,"CrossSymbolZScore(Decay(ResidualizeVsCore4(cross_symbol_rank(Rank(TSMean(ResidualizeVsFundingCore(Mul(Rank(TSMean(funding_rate_z_24,16)),ZScore(TSMean(funding_rate_z_24,24)))),36)))),24))",41fc44bb3da2708d,48,generated_candidate,original,0.1036,False,False,selected_for_strict_replay
a7o_l1_C0259_0290,C0259,290,H13_symbol_tier_relative,P6_funding_observable,ResidualizeVsFundingCore,spread_12_vs_48,cross_symbol_rank,Core4,lag_stable,F4_basis_dislocation,funding_rate_persistence_3;latest_known_funding_rate,funding,"CrossSymbolZScore(Decay(ResidualizeVsCore4(cross_symbol_rank(Sub(ResidualizeVsFundingCore(Mul(Rank(TSMean(funding_rate_persistence_3,3)),ZScore(TSMean(latest_known_funding_rate,8)))),Abs(ZScore(TSMean(latest_known_funding_rate,10)))))),48))",42a1c01d4195d90c,6,generated_candidate,original,0.1036,False,False,selected_for_strict_replay
a7o_l1_C0259_0387,C0259,387,H13_symbol_tier_relative,P6_funding_observable,ResidualizeVsFundingCore,spread_12_vs_48,cross_symbol_rank,Core4,lag_stable,F4_basis_dislocation,funding_rate_persistence_3;funding_rate_z_24,funding,"CrossSymbolZScore(Decay(ResidualizeVsCore4(cross_symbol_rank(Clip(ResidualizeVsFundingCore(Mul(Rank(TSMean(funding_rate_z_24,48)),ZScore(TSMean(funding_rate_persistence_3,6)))),-4.0,4.0))),60))",f2ade94d8d06193c,24,generated_candidate,original,0.1036,False,False,selected_for_strict_replay
a7o_l1_C0259_0484,C0259,484,H13_symbol_tier_relative,P6_funding_observable,ResidualizeVsFundingCore,spread_12_vs_48,cross_symbol_rank,Core4,lag_stable,F4_basis_dislocation,funding_rate_persistence_3;funding_rate_z_24,funding,"CrossSymbolZScore(Decay(ResidualizeVsCore4(cross_symbol_rank(SafeDiv(Sub(ResidualizeVsFundingCore(Mul(Rank(TSMean(funding_rate_z_24,60)),ZScore(TSMean(funding_rate_persistence_3,96)))),Rank(TSMean(funding_rate_z_24,36))),Clip(Abs(TSRank(funding_rate_persistence_3,72)),0.05,2.25)))),12))",b9b9dfa3616d3c9d,72,generated_candidate,original,0.1036,False,False,selected_for_strict_replay
a7o_l1_C0259_0581,C0259,581,H13_symbol_tier_relative,P6_funding_observable,ResidualizeVsFundingCore,spread_12_vs_48,cross_symbol_rank,Core4,lag_stable,F4_basis_dislocation,funding_rate_persistence_3;funding_rate_z_24,funding,"CrossSymbolZScore(Decay(ResidualizeVsCore4(cross_symbol_rank(Add(ResidualizeVsFundingCore(Mul(Rank(TSMean(funding_rate_persistence_3,24)),ZScore(TSMean(funding_rate_z_24,4)))),ZScore(TSMean(funding_rate_z_24,12))))),10))",2a43488856011912,12,generated_candidate,original,0.1036,False,False,selected_for_strict_replay
a7o_l1_C0259_0678,C0259,678,H13_symbol_tier_relative,P6_funding_observable,ResidualizeVsFundingCore,spread_12_vs_48,cross_symbol_rank,Core4,lag_stable,F4_basis_dislocation,funding_rate_z_24;latest_known_funding_rate,funding,"CrossSymbolZScore(Decay(ResidualizeVsCore4(cross_symbol_rank(RollingMin(Add(ResidualizeVsFundingCore(Mul(Rank(TSMean(funding_rate_z_24,24)),ZScore(TSMean(latest_known_funding_rate,36)))),Rank(TSMean(latest_known_funding_rate,12))),60))),30))",2e597776866f5107,48,generated_candidate,original,0.1036,False,False,selected_for_strict_replay
a7o_l1_C0259_0775,C0259,775,H13_symbol_tier_relative,P6_funding_observable,ResidualizeVsFundingCore,spread_12_vs_48,cross_symbol_rank,Core4,lag_stable,F4_basis_dislocation,funding_rate_persistence_3,funding,"CrossSymbolZScore(Decay(ResidualizeVsCore4(cross_symbol_rank(SafeDiv(ResidualizeVsFundingCore(Mul(Rank(TSMean(funding_rate_persistence_3,3)),ZScore(TSMean(funding_rate_persistence_3,8)))),Clip(Abs(ZScore(TSStd(funding_rate_persistence_3,10))),0.05,6.0)))),24))",171145b960c99065,6,generated_candidate,original,0.1036,False,False,selected_for_strict_replay
a7o_l1_C0259_0872,C0259,872,H13_symbol_tier_relative,P6_funding_observable,ResidualizeVsFundingCore,spread_12_vs_48,cross_symbol_rank,Core4,lag_stable,F4_basis_dislocation,funding_rate_persistence_3,funding,"CrossSymbolZScore(Decay(ResidualizeVsCore4(cross_symbol_rank(TSRank(Sub(TSMean(ResidualizeVsFundingCore(Mul(Rank(TSMean(funding_rate_persistence_3,16)),ZScore(TSMean(funding_rate_persistence_3,20)))),24),TSMean(funding_rate_persistence_3,30)),36))),8))",91f49beb36d5bee4,24,generated_candidate,original,0.1036,False,False,selected_for_strict_replay
a7o_l1_C0259_0949,C0259,949,H13_symbol_tier_relative,P6_funding_observable,ResidualizeVsFundingCore,spread_12_vs_48,cross_symbol_rank,Core4,lag_stable,F4_basis_dislocation,funding_rate_z_24,funding,"CrossSymbolZScore(Decay(ResidualizeVsCore4(cross_symbol_rank(RegimeMaskNonMay(F5_funding_neutral,Add(ResidualizeVsFundingCore(Mul(Rank(TSMean(funding_rate_z_24,48)),ZScore(TSMean(funding_rate_z_24,84)))),ZScore(TSMean(funding_rate_z_24,60)))))),36))",bb914d65dab98fed,72,generated_candidate,original,0.1036,False,False,selected_for_strict_replay
a7o_l1_C0259_0969,C0259,969,H13_symbol_tier_relative,P6_funding_observable,ResidualizeVsFundingCore,spread_12_vs_48,cross_symbol_rank,Core4,lag_stable,F4_basis_dislocation,funding_rate_z_24,funding,"CrossSymbolZScore(Decay(ResidualizeVsCore4(cross_symbol_rank(Rank(Delta(ResidualizeVsFundingCore(Mul(Rank(TSMean(funding_rate_z_24,96)),ZScore(TSMean(funding_rate_z_24,36)))),72)))),36))",2a94b0ad78c2f811,72,generated_candidate,original,0.1036,False,False,selected_for_strict_replay
a7o_l1_C0259_1066,C0259,1066,H13_symbol_tier_relative,P6_funding_observable,ResidualizeVsFundingCore,spread_12_vs_48,cross_symbol_rank,Core4,lag_stable,F4_basis_dislocation,funding_rate_persistence_3;latest_known_funding_rate,funding,"CrossSymbolZScore(Decay(ResidualizeVsCore4(cross_symbol_rank(Rank(SmoothInteraction(ResidualizeVsFundingCore(Mul(Rank(TSMean(funding_rate_persistence_3,4)),ZScore(TSMean(latest_known_funding_rate,8)))),TSStd(funding_rate_persistence_3,12))))),20))",2d88233a3eb48275,12,generated_candidate,original,0.1036,False,False,selected_for_strict_replay
a7o_l1_C0259_1163,C0259,1163,H13_symbol_tier_relative,P6_funding_observable,ResidualizeVsFundingCore,spread_12_vs_48,cross_symbol_rank,Core4,lag_stable,F4_basis_dislocation,funding_rate_persistence_3;latest_known_funding_rate,funding,"CrossSymbolZScore(Decay(ResidualizeVsCore4(cross_symbol_rank(WinsorZScore(ResidualizeVsFundingCore(Mul(Rank(TSMean(latest_known_funding_rate,36)),ZScore(TSMean(funding_rate_persistence_3,60)))),3.0))),60))",39db1e4666bb267c,48,generated_candidate,original,0.1036,False,False,selected_for_strict_replay
a7o_l1_C0259_1260,C0259,1260,H13_symbol_tier_relative,P6_funding_observable,ResidualizeVsFundingCore,spread_12_vs_48,cross_symbol_rank,Core4,lag_stable,F4_basis_dislocation,funding_rate_persistence_3;funding_rate_z_24,funding,"CrossSymbolZScore(Decay(ResidualizeVsCore4(cross_symbol_rank(Sub(WinsorZScore(TSMean(funding_rate_persistence_3,4),1.25),WinsorZScore(TSMean(funding_rate_z_24,10),1.25)))),4))",f894a64dd83578bc,6,generated_candidate,original,0.1036,False,False,selected_for_strict_replay
a7o_l1_C0259_1357,C0259,1357,H13_symbol_tier_relative,P6_funding_observable,ResidualizeVsFundingCore,spread_12_vs_48,cross_symbol_rank,Core4,lag_stable,F4_basis_dislocation,funding_rate_persistence_3;funding_rate_z_24,funding,"CrossSymbolZScore(Decay(ResidualizeVsCore4(cross_symbol_rank(Mul(ZScore(TSMean(funding_rate_persistence_3,8)),ResidualizeVsFundingCore(Mul(Rank(TSMean(funding_rate_persistence_3,48)),ZScore(TSMean(funding_rate_z_24,6))))))),16))",eab9fc7e28886efd,24,generated_candidate,original,0.1036,False,False,selected_for_strict_replay
a7o_l1_C0260_2036,C0260,2036,H04_basis_compression_expansion,P6_funding_observable,ZScore,H72,cross_symbol_zscore,Core4,low_turnover,F3_high_liquidity_high_vol,funding_rate_z_24,funding,"HorizonSpread(TSMean(ResidualizeVsCore4(cross_symbol_zscore(RegimeMaskNonMay(F3_high_liquidity_high_vol,Sub(ZScore(Decay(funding_rate_z_24,60)),Rank(TSMean(funding_rate_z_24,3)))))),16),16,24)",1fa9870ab10f1ba3,72,generated_candidate,original,0.12279999999999999,False,False,selected_for_strict_replay
a7o_l1_C0260_0181,C0260,181,H04_basis_compression_expansion,P6_funding_observable,ZScore,H72,cross_symbol_zscore,Core4,low_turnover,F3_high_liquidity_high_vol,funding_rate_persistence_3,funding,"HorizonSpread(TSMean(ResidualizeVsCore4(cross_symbol_zscore(RegimeMaskNonMay(F5_funding_neutral,Add(ZScore(Decay(funding_rate_persistence_3,48)),ZScore(TSMean(funding_rate_persistence_3,10)))))),10),10,12)",a227e764d3d5a69c,72,generated_candidate,original,0.11080000000000001,False,False,selected_for_strict_replay
a7o_l1_C0260_0180,C0260,180,H04_basis_compression_expansion,P6_funding_observable,ZScore,H72,cross_symbol_zscore,Core4,low_turnover,F3_high_liquidity_high_vol,funding_rate_persistence_3;funding_rate_z_24,funding,"HorizonSpread(TSMean(ResidualizeVsCore4(cross_symbol_zscore(RegimeMaskNonMay(F3_high_liquidity_high_vol,Sub(ZScore(Decay(funding_rate_persistence_3,60)),Rank(TSMean(funding_rate_persistence_3,4)))))),4),4,8)",edb7ac5e4fe02629,72,generated_candidate,original,0.10980000000000001,False,False,selected_for_strict_replay
a7o_l1_C0260_0373,C0260,373,H04_basis_compression_expansion,P6_funding_observable,ZScore,H72,cross_symbol_zscore,Core4,low_turnover,F3_high_liquidity_high_vol,funding_rate_persistence_3;latest_known_funding_rate,funding,"HorizonSpread(TSMean(ResidualizeVsCore4(cross_symbol_zscore(RegimeMaskNonMay(F5_funding_neutral,Add(ZScore(Decay(latest_known_funding_rate,48)),ZScore(TSMean(funding_rate_persistence_3,60)))))),24),24,30)",9fbfbab56be72fb2,72,generated_candidate,original,0.10880000000000001,False,False,selected_for_strict_replay
a7o_l1_C0260_0372,C0260,372,H04_basis_compression_expansion,P6_funding_observable,ZScore,H72,cross_symbol_zscore,Core4,low_turnover,F3_high_liquidity_high_vol,funding_rate_z_24;latest_known_funding_rate,funding,"HorizonSpread(TSMean(ResidualizeVsCore4(cross_symbol_zscore(RegimeMaskNonMay(F3_high_liquidity_high_vol,Sub(ZScore(Decay(latest_known_funding_rate,60)),Rank(TSMean(latest_known_funding_rate,24)))))),10),10,16)",d46d9ed7c4620b8d,72,generated_candidate,original,0.1078,False,False,selected_for_strict_replay
a7o_l1_C0260_0565,C0260,565,H04_basis_compression_expansion,P6_funding_observable,ZScore,H72,cross_symbol_zscore,Core4,low_turnover,F3_high_liquidity_high_vol,funding_rate_persistence_3;funding_rate_z_24,funding,"HorizonSpread(TSMean(ResidualizeVsCore4(cross_symbol_zscore(RegimeMaskNonMay(F5_funding_neutral,Add(ZScore(Decay(funding_rate_z_24,48)),ZScore(TSMean(funding_rate_persistence_3,10)))))),6),6,8)",5002a7d0eeb6a0d8,72,generated_candidate,original,0.1068,False,False,selected_for_strict_replay
a7o_l1_C0260_0564,C0260,564,H04_basis_compression_expansion,P6_funding_observable,ZScore,H72,cross_symbol_zscore,Core4,low_turnover,F3_high_liquidity_high_vol,funding_rate_z_24,funding,"HorizonSpread(TSMean(ResidualizeVsCore4(cross_symbol_zscore(RegimeMaskNonMay(F3_high_liquidity_high_vol,Sub(ZScore(Decay(funding_rate_z_24,60)),Rank(TSMean(funding_rate_z_24,36)))))),20),20,3)",5bd50cb76863edd9,72,generated_candidate,original,0.1058,False,False,selected_for_strict_replay
a7o_l1_C0260_0757,C0260,757,H04_basis_compression_expansion,P6_funding_observable,ZScore,H72,cross_symbol_zscore,Core4,low_turnover,F3_high_liquidity_high_vol,funding_rate_z_24;latest_known_funding_rate,funding,"HorizonSpread(TSMean(ResidualizeVsCore4(cross_symbol_zscore(RegimeMaskNonMay(F5_funding_neutral,Add(ZScore(Decay(latest_known_funding_rate,48)),ZScore(TSMean(funding_rate_z_24,10)))))),16),16,20)",3fda8b79e9fb17f2,72,generated_candidate,original,0.1048,False,False,selected_for_strict_replay
a7o_l1_C0260_0756,C0260,756,H04_basis_compression_expansion,P6_funding_observable,ZScore,H72,cross_symbol_zscore,Core4,low_turnover,F3_high_liquidity_high_vol,latest_known_funding_rate,funding,"HorizonSpread(TSMean(ResidualizeVsCore4(cross_symbol_zscore(RegimeMaskNonMay(F3_high_liquidity_high_vol,Sub(ZScore(Decay(latest_known_funding_rate,60)),Rank(TSMean(latest_known_funding_rate,10)))))),4),4,8)",f114f82560c98150,72,generated_candidate,original,0.1038,False,False,selected_for_strict_replay
a7o_l1_C0260_0096,C0260,96,H04_basis_compression_expansion,P6_funding_observable,ZScore,H72,cross_symbol_zscore,Core4,low_turnover,F3_high_liquidity_high_vol,funding_rate_persistence_3;latest_known_funding_rate,funding,"HorizonSpread(TSMean(ResidualizeVsCore4(cross_symbol_zscore(Mul(Neg(Rank(TSMean(latest_known_funding_rate,4))),ZScore(Decay(latest_known_funding_rate,24))))),20),20,3)",7feff93c83e034a0,72,generated_candidate,original,0.1028,False,False,selected_for_strict_replay
a7o_l1_C0260_0193,C0260,193,H04_basis_compression_expansion,P6_funding_observable,ZScore,H72,cross_symbol_zscore,Core4,low_turnover,F3_high_liquidity_high_vol,funding_rate_z_24,funding,"HorizonSpread(TSMean(ResidualizeVsCore4(cross_symbol_zscore(Rank(TSMean(ZScore(Decay(funding_rate_z_24,96)),36)))),24),24,30)",9d11ce19f9a2a615,72,generated_candidate,original,0.1028,False,False,selected_for_strict_replay
a7o_l1_C0260_0290,C0260,290,H04_basis_compression_expansion,P6_funding_observable,ZScore,H72,cross_symbol_zscore,Core4,low_turnover,F3_high_liquidity_high_vol,funding_rate_persistence_3;latest_known_funding_rate,funding,"HorizonSpread(TSMean(ResidualizeVsCore4(cross_symbol_zscore(Sub(ZScore(Decay(funding_rate_persistence_3,84)),Abs(ZScore(TSMean(latest_known_funding_rate,10)))))),48),48,72)",f9686e485e4204af,72,generated_candidate,original,0.1028,False,False,selected_for_strict_replay
a7o_l1_C0260_0387,C0260,387,H04_basis_compression_expansion,P6_funding_observable,ZScore,H72,cross_symbol_zscore,Core4,low_turnover,F3_high_liquidity_high_vol,funding_rate_persistence_3;funding_rate_z_24,funding,"HorizonSpread(TSMean(ResidualizeVsCore4(cross_symbol_zscore(Clip(ZScore(Decay(funding_rate_z_24,72)),-4.0,4.0))),60),60,96)",d76cbc52af84346e,72,generated_candidate,original,0.1028,False,False,selected_for_strict_replay
a7o_l1_C0260_0484,C0260,484,H04_basis_compression_expansion,P6_funding_observable,ZScore,H72,cross_symbol_zscore,Core4,low_turnover,F3_high_liquidity_high_vol,funding_rate_persistence_3;funding_rate_z_24,funding,"HorizonSpread(TSMean(ResidualizeVsCore4(cross_symbol_zscore(SafeDiv(Sub(ZScore(Decay(funding_rate_z_24,60)),Rank(TSMean(funding_rate_z_24,36))),Clip(Abs(TSRank(funding_rate_persistence_3,72)),0.05,2.25)))),12),12,20)",4e2086f3e65c050b,72,generated_candidate,original,0.1028,False,False,selected_for_strict_replay
a7o_l1_C0260_0581,C0260,581,H04_basis_compression_expansion,P6_funding_observable,ZScore,H72,cross_symbol_zscore,Core4,low_turnover,F3_high_liquidity_high_vol,funding_rate_persistence_3;funding_rate_z_24,funding,"HorizonSpread(TSMean(ResidualizeVsCore4(cross_symbol_zscore(Add(ZScore(Decay(funding_rate_persistence_3,48)),ZScore(TSMean(funding_rate_z_24,12))))),10),10,12)",163055be6e5f67af,72,generated_candidate,original,0.1028,False,False,selected_for_strict_replay
a7o_l1_C0260_0678,C0260,678,H04_basis_compression_expansion,P6_funding_observable,ZScore,H72,cross_symbol_zscore,Core4,low_turnover,F3_high_liquidity_high_vol,funding_rate_z_24;latest_known_funding_rate,funding,"HorizonSpread(TSMean(ResidualizeVsCore4(cross_symbol_zscore(RollingMin(Add(ZScore(Decay(funding_rate_z_24,36)),Rank(TSMean(latest_known_funding_rate,12))),60))),30),30,48)",de142f69a1b98b9e,72,generated_candidate,original,0.1028,False,False,selected_for_strict_replay
a7o_l1_C0260_0775,C0260,775,H04_basis_compression_expansion,P6_funding_observable,ZScore,H72,cross_symbol_zscore,Core4,low_turnover,F3_high_liquidity_high_vol,funding_rate_persistence_3,funding,"HorizonSpread(TSMean(ResidualizeVsCore4(cross_symbol_zscore(SafeDiv(ZScore(Decay(funding_rate_persistence_3,30)),Clip(Abs(ZScore(TSStd(funding_rate_persistence_3,10))),0.05,6.0)))),24),24,48)",8a6534a7b7b3b426,72,generated_candidate,original,0.1028,False,False,selected_for_strict_replay
a7o_l1_C0260_0872,C0260,872,H04_basis_compression_expansion,P6_funding_observable,ZScore,H72,cross_symbol_zscore,Core4,low_turnover,F3_high_liquidity_high_vol,funding_rate_persistence_3,funding,"HorizonSpread(TSMean(ResidualizeVsCore4(cross_symbol_zscore(TSRank(Sub(TSMean(ZScore(Decay(funding_rate_persistence_3,24)),24),TSMean(funding_rate_persistence_3,30)),36))),8),8,12)",c0060b94cc03823a,72,generated_candidate,original,0.1028,False,False,selected_for_strict_replay
a7o_l1_C0260_0949,C0260,949,H04_basis_compression_expansion,P6_funding_observable,ZScore,H72,cross_symbol_zscore,Core4,low_turnover,F3_high_liquidity_high_vol,funding_rate_z_24,funding,"HorizonSpread(TSMean(ResidualizeVsCore4(cross_symbol_zscore(RegimeMaskNonMay(F5_funding_neutral,Add(ZScore(Decay(funding_rate_z_24,48)),ZScore(TSMean(funding_rate_z_24,60)))))),36),36,48)",cadfe9c3f0ba688d,72,generated_candidate,original,0.1028,False,False,selected_for_strict_replay
a7o_l1_C0260_0969,C0260,969,H04_basis_compression_expansion,P6_funding_observable,ZScore,H72,cross_symbol_zscore,Core4,low_turnover,F3_high_liquidity_high_vol,funding_rate_z_24,funding,"HorizonSpread(TSMean(ResidualizeVsCore4(cross_symbol_zscore(Rank(Delta(ZScore(Decay(funding_rate_z_24,96)),72)))),36),36,48)",632f33e6e526bb06,72,generated_candidate,original,0.1028,False,False,selected_for_strict_replay
a7o_l1_C0260_1066,C0260,1066,H04_basis_compression_expansion,P6_funding_observable,ZScore,H72,cross_symbol_zscore,Core4,low_turnover,F3_high_liquidity_high_vol,funding_rate_persistence_3;latest_known_funding_rate,funding,"HorizonSpread(TSMean(ResidualizeVsCore4(cross_symbol_zscore(Rank(SmoothInteraction(ZScore(Decay(funding_rate_persistence_3,84)),TSStd(funding_rate_persistence_3,12))))),20),20,30)",8e5b2407914fa932,72,generated_candidate,original,0.1028,False,False,selected_for_strict_replay
a7o_l1_C0260_1163,C0260,1163,H04_basis_compression_expansion,P6_funding_observable,ZScore,H72,cross_symbol_zscore,Core4,low_turnover,F3_high_liquidity_high_vol,funding_rate_persistence_3;latest_known_funding_rate,funding,"HorizonSpread(TSMean(ResidualizeVsCore4(cross_symbol_zscore(WinsorZScore(ZScore(Decay(latest_known_funding_rate,72)),3.0))),60),60,96)",44275ec8734abd4f,72,generated_candidate,original,0.1028,False,False,selected_for_strict_replay
a7o_l1_C0260_1260,C0260,1260,H04_basis_compression_expansion,P6_funding_observable,ZScore,H72,cross_symbol_zscore,Core4,low_turnover,F3_high_liquidity_high_vol,funding_rate_persistence_3;funding_rate_z_24,funding,"HorizonSpread(TSMean(ResidualizeVsCore4(cross_symbol_zscore(Sub(WinsorZScore(TSMean(funding_rate_persistence_3,4),1.25),WinsorZScore(TSMean(funding_rate_z_24,10),1.25)))),4),4,8)",ea502bf4a5764b23,72,generated_candidate,original,0.1028,False,False,selected_for_strict_replay
a7o_l1_C0260_1357,C0260,1357,H04_basis_compression_expansion,P6_funding_observable,ZScore,H72,cross_symbol_zscore,Core4,low_turnover,F3_high_liquidity_high_vol,funding_rate_persistence_3;funding_rate_z_24,funding,"HorizonSpread(TSMean(ResidualizeVsCore4(cross_symbol_zscore(Mul(ZScore(TSMean(funding_rate_persistence_3,8)),ZScore(Decay(funding_rate_persistence_3,48))))),16),16,20)",1af7342c09c7f090,72,generated_candidate,original,0.1028,False,False,selected_for_strict_replay
a7o_l1_C0261_2036,C0261,2036,H04_basis_compression_expansion,P10_price_liquidity,ResidualizeVsFundingCore,mixed_6_24,cross_symbol_zscore,FundingCore,lag_stable,F11_cross_symbol_crowding,quote_volume_mean_12;ret_6,liquidity;price,"HorizonSpread(Decay(ResidualizeVsFundingCore(cross_symbol_zscore(RegimeMaskNonMay(F3_high_liquidity_high_vol,Sub(ResidualizeVsFundingCore(Mul(Rank(TSMean(ret_6,12)),ZScore(TSMean(quote_volume_mean_12,20)))),Rank(TSMean(ret_6,3)))))),16),16,24)",63d0cab04c636a1c,12,generated_candidate,original,0.3048,False,False,selected_for_strict_replay
a7o_l1_C0261_0181,C0261,181,H04_basis_compression_expansion,P10_price_liquidity,ResidualizeVsFundingCore,mixed_6_24,cross_symbol_zscore,FundingCore,lag_stable,F11_cross_symbol_crowding,quote_volume_mean_24;ret_6,liquidity;price,"HorizonSpread(Decay(ResidualizeVsFundingCore(cross_symbol_zscore(RegimeMaskNonMay(F5_funding_neutral,Add(ResidualizeVsFundingCore(Mul(Rank(TSMean(ret_6,20)),ZScore(TSMean(quote_volume_mean_24,3)))),ZScore(TSMean(quote_volume_mean_24,10)))))),10),10,12)",cebe558617551982,12,generated_candidate,original,0.2928,False,False,selected_for_strict_replay
a7o_l1_C0261_0180,C0261,180,H04_basis_compression_expansion,P10_price_liquidity,ResidualizeVsFundingCore,mixed_6_24,cross_symbol_zscore,FundingCore,lag_stable,F11_cross_symbol_crowding,quote_volume_mean_12;ret_6,liquidity;price,"HorizonSpread(Decay(ResidualizeVsFundingCore(cross_symbol_zscore(RegimeMaskNonMay(F3_high_liquidity_high_vol,Sub(ResidualizeVsFundingCore(Mul(Rank(TSMean(ret_6,3)),ZScore(TSMean(quote_volume_mean_12,8)))),Rank(TSMean(ret_6,4)))))),4),4,8)",a83ceada4f16a657,6,generated_candidate,original,0.2918,False,False,selected_for_strict_replay
a7o_l1_C0261_0373,C0261,373,H04_basis_compression_expansion,P10_price_liquidity,ResidualizeVsFundingCore,mixed_6_24,cross_symbol_zscore,FundingCore,lag_stable,F11_cross_symbol_crowding,quote_volume_mean_24;ret_6,liquidity;price,"HorizonSpread(Decay(ResidualizeVsFundingCore(cross_symbol_zscore(RegimeMaskNonMay(F5_funding_neutral,Add(ResidualizeVsFundingCore(Mul(Rank(TSMean(ret_6,16)),ZScore(TSMean(quote_volume_mean_24,24)))),ZScore(TSMean(quote_volume_mean_24,60)))))),24),24,30)",045de9bc1b901d62,48,generated_candidate,original,0.2908,False,False,selected_for_strict_replay
a7o_l1_C0261_0372,C0261,372,H04_basis_compression_expansion,P10_price_liquidity,ResidualizeVsFundingCore,mixed_6_24,cross_symbol_zscore,FundingCore,lag_stable,F11_cross_symbol_crowding,quote_volume_mean_12;ret_6,liquidity;price,"HorizonSpread(Decay(ResidualizeVsFundingCore(cross_symbol_zscore(RegimeMaskNonMay(F3_high_liquidity_high_vol,Sub(ResidualizeVsFundingCore(Mul(Rank(TSMean(ret_6,16)),ZScore(TSMean(quote_volume_mean_12,20)))),Rank(TSMean(ret_6,24)))))),10),10,16)",1771ed186e1360d2,24,generated_candidate,original,0.2898,False,False,selected_for_strict_replay
a7o_l1_C0261_0565,C0261,565,H04_basis_compression_expansion,P10_price_liquidity,ResidualizeVsFundingCore,mixed_6_24,cross_symbol_zscore,FundingCore,lag_stable,F11_cross_symbol_crowding,quote_volume_mean_24;ret_6,liquidity;price,"HorizonSpread(Decay(ResidualizeVsFundingCore(cross_symbol_zscore(RegimeMaskNonMay(F5_funding_neutral,Add(ResidualizeVsFundingCore(Mul(Rank(TSMean(ret_6,3)),ZScore(TSMean(quote_volume_mean_24,8)))),ZScore(TSMean(quote_volume_mean_24,10)))))),6),6,8)",ff04e2d6b14c8d1e,6,generated_candidate,original,0.2888,False,False,selected_for_strict_replay
a7o_l1_C0261_0564,C0261,564,H04_basis_compression_expansion,P10_price_liquidity,ResidualizeVsFundingCore,mixed_6_24,cross_symbol_zscore,FundingCore,lag_stable,F11_cross_symbol_crowding,quote_volume_mean_12;ret_6,liquidity;price,"HorizonSpread(Decay(ResidualizeVsFundingCore(cross_symbol_zscore(RegimeMaskNonMay(F3_high_liquidity_high_vol,Sub(ResidualizeVsFundingCore(Mul(Rank(TSMean(ret_6,60)),ZScore(TSMean(quote_volume_mean_12,96)))),Rank(TSMean(ret_6,36)))))),20),20,3)",e45f712b591fab95,72,generated_candidate,original,0.2878,False,False,selected_for_strict_replay
a7o_l1_C0261_0757,C0261,757,H04_basis_compression_expansion,P10_price_liquidity,ResidualizeVsFundingCore,mixed_6_24,cross_symbol_zscore,FundingCore,lag_stable,F11_cross_symbol_crowding,quote_volume_mean_24;ret_6,liquidity;price,"HorizonSpread(Decay(ResidualizeVsFundingCore(cross_symbol_zscore(RegimeMaskNonMay(F5_funding_neutral,Add(ResidualizeVsFundingCore(Mul(Rank(TSMean(ret_6,48)),ZScore(TSMean(quote_volume_mean_24,6)))),ZScore(TSMean(quote_volume_mean_24,10)))))),16),16,20)",b625641e6c18546d,24,generated_candidate,original,0.2868,False,False,selected_for_strict_replay
a7o_l1_C0261_0756,C0261,756,H04_basis_compression_expansion,P10_price_liquidity,ResidualizeVsFundingCore,mixed_6_24,cross_symbol_zscore,FundingCore,lag_stable,F11_cross_symbol_crowding,quote_volume_mean_12;ret_6,liquidity;price,"HorizonSpread(Decay(ResidualizeVsFundingCore(cross_symbol_zscore(RegimeMaskNonMay(F3_high_liquidity_high_vol,Sub(ResidualizeVsFundingCore(Mul(Rank(TSMean(ret_6,3)),ZScore(TSMean(quote_volume_mean_12,6)))),Rank(TSMean(ret_6,10)))))),4),4,8)",48a12de48f32794f,12,generated_candidate,original,0.2858,False,False,selected_for_strict_replay
a7o_l1_C0261_0096,C0261,96,H04_basis_compression_expansion,P10_price_liquidity,ResidualizeVsFundingCore,mixed_6_24,cross_symbol_zscore,FundingCore,lag_stable,F11_cross_symbol_crowding,quote_volume_mean_12;ret_6,liquidity;price,"HorizonSpread(Decay(ResidualizeVsFundingCore(cross_symbol_zscore(Mul(Neg(Rank(TSMean(quote_volume_mean_12,4))),ResidualizeVsFundingCore(Mul(Rank(TSMean(quote_volume_mean_12,16)),ZScore(TSMean(ret_6,24))))))),20),20,3)",93ee7a35f50a8740,12,generated_candidate,original,0.2848,False,False,selected_for_strict_replay
a7o_l1_C0261_0387,C0261,387,H04_basis_compression_expansion,P10_price_liquidity,ResidualizeVsFundingCore,mixed_6_24,cross_symbol_zscore,FundingCore,lag_stable,F11_cross_symbol_crowding,quote_volume_mean_24;ret_6,liquidity;price,"HorizonSpread(Decay(ResidualizeVsFundingCore(cross_symbol_zscore(Clip(ResidualizeVsFundingCore(Mul(Rank(TSMean(ret_6,48)),ZScore(TSMean(quote_volume_mean_24,6)))),-4.0,4.0))),60),60,96)",a7cc0333c4ae1252,24,generated_candidate,original,0.2848,False,False,selected_for_strict_replay
a7o_l1_C0261_0484,C0261,484,H04_basis_compression_expansion,P10_price_liquidity,ResidualizeVsFundingCore,mixed_6_24,cross_symbol_zscore,FundingCore,lag_stable,F11_cross_symbol_crowding,quote_volume_mean_24;ret_6,liquidity;price,"HorizonSpread(Decay(ResidualizeVsFundingCore(cross_symbol_zscore(SafeDiv(Sub(ResidualizeVsFundingCore(Mul(Rank(TSMean(quote_volume_mean_24,60)),ZScore(TSMean(ret_6,96)))),Rank(TSMean(quote_volume_mean_24,36))),Clip(Abs(TSRank(ret_6,72)),0.05,2.25)))),12),12,20)",3f00d837888f43f3,72,generated_candidate,original,0.2848,False,False,selected_for_strict_replay
a7o_l1_C0261_0775,C0261,775,H04_basis_compression_expansion,P10_price_liquidity,ResidualizeVsFundingCore,mixed_6_24,cross_symbol_zscore,FundingCore,lag_stable,F11_cross_symbol_crowding,quote_volume_mean_24;ret_12,liquidity;price,"HorizonSpread(Decay(ResidualizeVsFundingCore(cross_symbol_zscore(SafeDiv(ResidualizeVsFundingCore(Mul(Rank(TSMean(ret_12,3)),ZScore(TSMean(quote_volume_mean_24,8)))),Clip(Abs(ZScore(TSStd(quote_volume_mean_24,10))),0.05,6.0)))),24),24,48)",2efcb8e58d627a2c,6,generated_candidate,original,0.2848,False,False,selected_for_strict_replay
a7o_l1_C0261_0949,C0261,949,H04_basis_compression_expansion,P10_price_liquidity,ResidualizeVsFundingCore,mixed_6_24,cross_symbol_zscore,FundingCore,lag_stable,F11_cross_symbol_crowding,quote_volume_mean_24;ret_6,liquidity;price,"HorizonSpread(Decay(ResidualizeVsFundingCore(cross_symbol_zscore(RegimeMaskNonMay(F5_funding_neutral,Add(ResidualizeVsFundingCore(Mul(Rank(TSMean(ret_6,48)),ZScore(TSMean(quote_volume_mean_24,84)))),ZScore(TSMean(quote_volume_mean_24,60)))))),36),36,48)",27fa2513e61bce0c,72,generated_candidate,original,0.2848,False,False,selected_for_strict_replay
a7o_l1_C0261_0969,C0261,969,H04_basis_compression_expansion,P10_price_liquidity,ResidualizeVsFundingCore,mixed_6_24,cross_symbol_zscore,FundingCore,lag_stable,F11_cross_symbol_crowding,quote_volume_mean_12;ret_12,liquidity;price,"HorizonSpread(Decay(ResidualizeVsFundingCore(cross_symbol_zscore(Rank(Delta(ResidualizeVsFundingCore(Mul(Rank(TSMean(quote_volume_mean_12,96)),ZScore(TSMean(ret_12,36)))),72)))),36),36,48)",639e321e1a7b620b,72,generated_candidate,original,0.2848,False,False,selected_for_strict_replay
a7o_l1_C0261_1066,C0261,1066,H04_basis_compression_expansion,P10_price_liquidity,ResidualizeVsFundingCore,mixed_6_24,cross_symbol_zscore,FundingCore,lag_stable,F11_cross_symbol_crowding,quote_volume_mean_12;ret_6,liquidity;price,"HorizonSpread(Decay(ResidualizeVsFundingCore(cross_symbol_zscore(Rank(SmoothInteraction(ResidualizeVsFundingCore(Mul(Rank(TSMean(ret_6,4)),ZScore(TSMean(quote_volume_mean_12,8)))),TSStd(ret_6,12))))),20),20,30)",ff066f6211691980,12,generated_candidate,original,0.2848,False,False,selected_for_strict_replay
a7o_l1_C0261_1357,C0261,1357,H04_basis_compression_expansion,P10_price_liquidity,ResidualizeVsFundingCore,mixed_6_24,cross_symbol_zscore,FundingCore,lag_stable,F11_cross_symbol_crowding,quote_volume_mean_24;ret_12,liquidity;price,"HorizonSpread(Decay(ResidualizeVsFundingCore(cross_symbol_zscore(Mul(ZScore(TSMean(quote_volume_mean_24,8)),ResidualizeVsFundingCore(Mul(Rank(TSMean(quote_volume_mean_24,48)),ZScore(TSMean(ret_12,6))))))),16),16,20)",5d6d64a089737de2,24,generated_candidate,original,0.2848,False,False,selected_for_strict_replay
a7o_l1_C0261_1454,C0261,1454,H04_basis_compression_expansion,P10_price_liquidity,ResidualizeVsFundingCore,mixed_6_24,cross_symbol_zscore,FundingCore,lag_stable,F11_cross_symbol_crowding,quote_volume_mean_12;ret_12,liquidity;price,"HorizonSpread(Decay(ResidualizeVsFundingCore(cross_symbol_zscore(Mul(SafeDiv(ZScore(TSMean(ret_12,24)),Clip(Abs(ZScore(TSMean(quote_volume_mean_12,48))),0.05,3.0)),ResidualizeVsFundingCore(Mul(Rank(TSMean(ret_12,36)),ZScore(TSMean(quote_volume_mean_12,72))))))),12),12,20)",f1162ee407b48a7c,72,generated_candidate,original,0.2848,False,False,selected_for_strict_replay
a7o_l1_C0261_1745,C0261,1745,H04_basis_compression_expansion,P10_price_liquidity,ResidualizeVsFundingCore,mixed_6_24,cross_symbol_zscore,FundingCore,lag_stable,F11_cross_symbol_crowding,quote_volume_mean_24;ret_12,liquidity;price,"HorizonSpread(Decay(ResidualizeVsFundingCore(cross_symbol_zscore(SmoothInteraction(ResidualizeVsFundingCore(Mul(Rank(TSMean(ret_12,3)),ZScore(TSMean(quote_volume_mean_24,8)))),TSMean(quote_volume_mean_24,10)))),6),6,8)",223f0b57ccc1bdab,6,generated_candidate,original,0.2848,False,False,selected_for_strict_replay
a7o_l1_C0261_1842,C0261,1842,H04_basis_compression_expansion,P10_price_liquidity,ResidualizeVsFundingCore,mixed_6_24,cross_symbol_zscore,FundingCore,lag_stable,F11_cross_symbol_crowding,quote_volume_mean_24;ret_6,liquidity;price,"HorizonSpread(Decay(ResidualizeVsFundingCore(CrossSymbolRank(Add(ResidualizeVsFundingCore(Mul(Rank(TSMean(quote_volume_mean_24,16)),ZScore(TSMean(ret_6,20)))),TSMean(quote_volume_mean_24,24)))),60),60,12)",755af7498caefa12,24,generated_candidate,original,0.2848,False,False,selected_for_strict_replay
a7o_l1_C0261_0289,C0261,289,H04_basis_compression_expansion,P10_price_liquidity,ResidualizeVsFundingCore,mixed_6_24,cross_symbol_zscore,FundingCore,lag_stable,F11_cross_symbol_crowding,quote_volume_mean_12;ret_12,liquidity;price,"HorizonSpread(Decay(ResidualizeVsFundingCore(cross_symbol_zscore(Add(Abs(ZScore(TSStd(quote_volume_mean_12,72))),ResidualizeVsFundingCore(Mul(Rank(TSMean(quote_volume_mean_12,96)),ZScore(TSMean(ret_12,36))))))),36),36,48)",9c0060f68ded01dd,72,generated_candidate,original,0.2838,False,False,selected_for_strict_replay
a7o_l1_C0261_0386,C0261,386,H04_basis_compression_expansion,P10_price_liquidity,ResidualizeVsFundingCore,mixed_6_24,cross_symbol_zscore,FundingCore,lag_stable,F11_cross_symbol_crowding,quote_volume_mean_12;ret_6,liquidity;price,"HorizonSpread(Decay(ResidualizeVsFundingCore(cross_symbol_zscore(ZScore(Decay(ResidualizeVsFundingCore(Mul(Rank(TSMean(ret_6,6)),ZScore(TSMean(quote_volume_mean_12,10)))),16)))),24),24,36)",feae1cf924749291,12,generated_candidate,original,0.2838,False,False,selected_for_strict_replay
a7o_l1_C0261_0677,C0261,677,H04_basis_compression_expansion,P10_price_liquidity,ResidualizeVsFundingCore,mixed_6_24,cross_symbol_zscore,FundingCore,lag_stable,F11_cross_symbol_crowding,quote_volume_mean_24;ret_12,liquidity;price,"HorizonSpread(Decay(ResidualizeVsFundingCore(cross_symbol_zscore(RollingMax(Sub(ResidualizeVsFundingCore(Mul(Rank(TSMean(quote_volume_mean_24,48)),ZScore(TSMean(ret_12,6)))),ZScore(TSMean(quote_volume_mean_24,8))),10))),16),16,20)",06f7174b547e23c4,24,generated_candidate,original,0.2838,False,False,selected_for_strict_replay
a7o_l1_C0261_0774,C0261,774,H04_basis_compression_expansion,P10_price_liquidity,ResidualizeVsFundingCore,mixed_6_24,cross_symbol_zscore,FundingCore,lag_stable,F11_cross_symbol_crowding,quote_volume_mean_12;ret_12,liquidity;price,"HorizonSpread(Decay(ResidualizeVsFundingCore(cross_symbol_zscore(Mul(ResidualizeVsFundingCore(Mul(Rank(TSMean(ret_12,36)),ZScore(TSMean(quote_volume_mean_12,72)))),Rank(TSStd(ret_12,24))))),16),16,24)",ff548115bd3f9b13,72,generated_candidate,original,0.2838,False,False,selected_for_strict_replay
a7o_l1_C0262_1648,C0262,1648,H11_regime_conditional_non_may,P3_trade_size,TSRankMul,spread_6_vs_24,cross_symbol_rank,none,lag_stable,F1_high_realized_vol,avg_trade_size_quote;number_of_trades,liquidity,"RegimeMaskNonMay(F1_high_realized_vol,Decay(cross_symbol_rank(ResidualizeVsFundingCore(Add(Mul(TSRank(avg_trade_size_quote,60),ZScore(TSMean(number_of_trades,12))),Rank(TSMean(avg_trade_size_quote,20))))),24))",affc1da296611ea6,48,generated_candidate,original,0.21900000000000003,False,False,selected_for_strict_replay
a7o_l1_C0262_1841,C0262,1841,H11_regime_conditional_non_may,P3_trade_size,TSRankMul,spread_6_vs_24,cross_symbol_rank,none,lag_stable,F1_high_realized_vol,number_of_trades;quote_asset_volume,liquidity,"RegimeMaskNonMay(F1_high_realized_vol,Decay(cross_symbol_rank(ResidualizeVsCore4(Sub(Mul(TSRank(number_of_trades,24),ZScore(TSMean(quote_asset_volume,4))),ZScore(TSMean(quote_asset_volume,12))))),10))",b7af55cd1c8dfcaf,12,generated_candidate,original,0.21800000000000003,False,False,selected_for_strict_replay
a7o_l1_C0262_1840,C0262,1840,H11_regime_conditional_non_may,P3_trade_size,TSRankMul,spread_6_vs_24,cross_symbol_rank,none,lag_stable,F1_high_realized_vol,number_of_trades,liquidity,"RegimeMaskNonMay(F1_high_realized_vol,Decay(cross_symbol_rank(ResidualizeVsFundingCore(Add(Mul(TSRank(number_of_trades,3),ZScore(TSMean(number_of_trades,8))),Rank(TSMean(number_of_trades,4))))),6))",694b3ea5ac119185,6,generated_candidate,original,0.21700000000000003,False,False,selected_for_strict_replay
a7o_l1_C0262_2033,C0262,2033,H11_regime_conditional_non_may,P3_trade_size,TSRankMul,spread_6_vs_24,cross_symbol_rank,none,lag_stable,F1_high_realized_vol,quote_asset_volume,liquidity,"RegimeMaskNonMay(F1_high_realized_vol,Decay(cross_symbol_rank(ResidualizeVsCore4(Sub(Mul(TSRank(quote_asset_volume,20),ZScore(TSMean(quote_asset_volume,30))),ZScore(TSMean(quote_asset_volume,72))))),24))",8b9dad2c840b6932,48,generated_candidate,original,0.21600000000000003,False,False,selected_for_strict_replay
a7o_l1_C0262_2032,C0262,2032,H11_regime_conditional_non_may,P3_trade_size,TSRankMul,spread_6_vs_24,cross_symbol_rank,none,lag_stable,F1_high_realized_vol,number_of_trades;quote_asset_volume,liquidity,"RegimeMaskNonMay(F1_high_realized_vol,Decay(cross_symbol_rank(ResidualizeVsFundingCore(Add(Mul(TSRank(quote_asset_volume,16),ZScore(TSMean(number_of_trades,20))),Rank(TSMean(quote_asset_volume,24))))),12))",fed1bcda6187eb84,24,generated_candidate,original,0.21500000000000002,False,False,selected_for_strict_replay
a7o_l1_C0262_0177,C0262,177,H11_regime_conditional_non_may,P3_trade_size,TSRankMul,spread_6_vs_24,cross_symbol_rank,none,lag_stable,F1_high_realized_vol,avg_trade_size_quote;quote_asset_volume,liquidity,"RegimeMaskNonMay(F1_high_realized_vol,Decay(cross_symbol_rank(ResidualizeVsCore4(Sub(Mul(TSRank(avg_trade_size_quote,48),ZScore(TSMean(quote_asset_volume,6))),ZScore(TSMean(quote_asset_volume,10))))),16))",8576a7bb6e6ec3d6,24,generated_candidate,original,0.203,False,False,selected_for_strict_replay
a7o_l1_C0262_0176,C0262,176,H11_regime_conditional_non_may,P3_trade_size,TSRankMul,spread_6_vs_24,cross_symbol_rank,none,lag_stable,F1_high_realized_vol,number_of_trades;quote_asset_volume,liquidity,"RegimeMaskNonMay(F1_high_realized_vol,Decay(cross_symbol_rank(ResidualizeVsFundingCore(Add(Mul(TSRank(quote_asset_volume,24),ZScore(TSMean(number_of_trades,4))),Rank(TSMean(quote_asset_volume,8))))),3))",e5722a6c8d2af2b6,12,generated_candidate,original,0.202,False,False,selected_for_strict_replay
a7o_l1_C0262_0369,C0262,369,H11_regime_conditional_non_may,P3_trade_size,TSRankMul,spread_6_vs_24,cross_symbol_rank,none,lag_stable,F1_high_realized_vol,number_of_trades;quote_asset_volume,liquidity,"RegimeMaskNonMay(F1_high_realized_vol,Decay(cross_symbol_rank(ResidualizeVsCore4(Sub(Mul(TSRank(quote_asset_volume,96),ZScore(TSMean(number_of_trades,36))),ZScore(TSMean(number_of_trades,24))))),36))",0a077ac368da3df9,72,generated_candidate,original,0.201,False,False,selected_for_strict_replay
a7o_l1_C0262_0368,C0262,368,H11_regime_conditional_non_may,P3_trade_size,TSRankMul,spread_6_vs_24,cross_symbol_rank,none,lag_stable,F1_high_realized_vol,avg_trade_size_quote;number_of_trades,liquidity,"RegimeMaskNonMay(F1_high_realized_vol,Decay(cross_symbol_rank(ResidualizeVsFundingCore(Add(Mul(TSRank(avg_trade_size_quote,20),ZScore(TSMean(number_of_trades,30))),Rank(TSMean(avg_trade_size_quote,48))))),8))",c7e71725d7f37c1e,48,generated_candidate,original,0.2,False,False,selected_for_strict_replay
a7o_l1_C0262_0561,C0262,561,H11_regime_conditional_non_may,P3_trade_size,TSRankMul,spread_6_vs_24,cross_symbol_rank,none,lag_stable,F1_high_realized_vol,avg_trade_size_quote;number_of_trades,liquidity,"RegimeMaskNonMay(F1_high_realized_vol,Decay(cross_symbol_rank(ResidualizeVsCore4(Sub(Mul(TSRank(avg_trade_size_quote,8),ZScore(TSMean(number_of_trades,12))),ZScore(TSMean(number_of_trades,3))))),10))",0bf822117106558b,12,generated_candidate,original,0.199,False,False,selected_for_strict_replay
a7o_l1_C0262_0560,C0262,560,H11_regime_conditional_non_may,P3_trade_size,TSRankMul,spread_6_vs_24,cross_symbol_rank,none,lag_stable,F1_high_realized_vol,avg_trade_size_quote;quote_asset_volume,liquidity,"RegimeMaskNonMay(F1_high_realized_vol,Decay(cross_symbol_rank(ResidualizeVsFundingCore(Add(Mul(TSRank(quote_asset_volume,3),ZScore(TSMean(avg_trade_size_quote,8))),Rank(TSMean(quote_asset_volume,4))))),16))",d179d5c4318c4c79,6,generated_candidate,original,0.198,False,False,selected_for_strict_replay
a7o_l1_C0262_0753,C0262,753,H11_regime_conditional_non_may,P3_trade_size,TSRankMul,spread_6_vs_24,cross_symbol_rank,none,lag_stable,F1_high_realized_vol,number_of_trades,liquidity,"RegimeMaskNonMay(F1_high_realized_vol,Decay(cross_symbol_rank(ResidualizeVsCore4(Sub(Mul(TSRank(number_of_trades,48),ZScore(TSMean(number_of_trades,72))),ZScore(TSMean(number_of_trades,24))))),24))",a65d067dbc34531a,48,generated_candidate,original,0.197,False,False,selected_for_strict_replay
a7o_l1_C0262_0752,C0262,752,H11_regime_conditional_non_may,P3_trade_size,TSRankMul,spread_6_vs_24,cross_symbol_rank,none,lag_stable,F1_high_realized_vol,avg_trade_size_quote,liquidity,"RegimeMaskNonMay(F1_high_realized_vol,Decay(cross_symbol_rank(ResidualizeVsFundingCore(Add(Mul(TSRank(avg_trade_size_quote,16),ZScore(TSMean(avg_trade_size_quote,20))),Rank(TSMean(avg_trade_size_quote,24))))),3))",f0098dca240bfea7,24,generated_candidate,original,0.196,False,False,selected_for_strict_replay
a7o_l1_C0262_0945,C0262,945,H11_regime_conditional_non_may,P3_trade_size,TSRankMul,spread_6_vs_24,cross_symbol_rank,none,lag_stable,F1_high_realized_vol,avg_trade_size_quote,liquidity,"RegimeMaskNonMay(F1_high_realized_vol,Decay(cross_symbol_rank(ResidualizeVsCore4(Sub(Mul(TSRank(avg_trade_size_quote,3),ZScore(TSMean(avg_trade_size_quote,8))),ZScore(TSMean(avg_trade_size_quote,10))))),6))",7b6872c301775fc6,6,generated_candidate,original,0.195,False,False,selected_for_strict_replay
a7o_l1_C0262_0944,C0262,944,H11_regime_conditional_non_may,P3_trade_size,TSRankMul,spread_6_vs_24,cross_symbol_rank,none,lag_stable,F1_high_realized_vol,avg_trade_size_quote;number_of_trades,liquidity,"RegimeMaskNonMay(F1_high_realized_vol,Decay(cross_symbol_rank(ResidualizeVsFundingCore(Add(Mul(TSRank(number_of_trades,24),ZScore(TSMean(avg_trade_size_quote,48))),Rank(TSMean(number_of_trades,84))))),8))",4b7cdec5ee1c89b8,72,generated_candidate,original,0.194,False,False,selected_for_strict_replay
a7o_l1_C0262_1137,C0262,1137,H11_regime_conditional_non_may,P3_trade_size,TSRankMul,spread_6_vs_24,cross_symbol_rank,none,lag_stable,F1_high_realized_vol,avg_trade_size_quote;number_of_trades,liquidity,"RegimeMaskNonMay(F1_high_realized_vol,Decay(cross_symbol_rank(ResidualizeVsCore4(Sub(Mul(TSRank(number_of_trades,48),ZScore(TSMean(avg_trade_size_quote,6))),ZScore(TSMean(avg_trade_size_quote,10))))),16))",8d74075259bfb82d,24,generated_candidate,original,0.193,False,False,selected_for_strict_replay
a7o_l1_C0262_1136,C0262,1136,H11_regime_conditional_non_may,P3_trade_size,TSRankMul,spread_6_vs_24,cross_symbol_rank,none,lag_stable,F1_high_realized_vol,avg_trade_size_quote;quote_asset_volume,liquidity,"RegimeMaskNonMay(F1_high_realized_vol,Decay(cross_symbol_rank(ResidualizeVsFundingCore(Add(Mul(TSRank(avg_trade_size_quote,12),ZScore(TSMean(quote_asset_volume,20))),Rank(TSMean(avg_trade_size_quote,3))))),16))",47f75d2c6b840cbf,12,generated_candidate,original,0.192,False,False,selected_for_strict_replay
a7o_l1_C0262_1329,C0262,1329,H11_regime_conditional_non_may,P3_trade_size,TSRankMul,spread_6_vs_24,cross_symbol_rank,none,lag_stable,F1_high_realized_vol,avg_trade_size_quote;quote_asset_volume,liquidity,"RegimeMaskNonMay(F1_high_realized_vol,Decay(cross_symbol_rank(ResidualizeVsCore4(Sub(Mul(TSRank(quote_asset_volume,96),ZScore(TSMean(avg_trade_size_quote,36))),ZScore(TSMean(avg_trade_size_quote,24))))),36))",4cfd42760ef0ebaf,72,generated_candidate,original,0.191,False,False,selected_for_strict_replay
a7o_l1_C0262_1328,C0262,1328,H11_regime_conditional_non_may,P3_trade_size,TSRankMul,spread_6_vs_24,cross_symbol_rank,none,lag_stable,F1_high_realized_vol,number_of_trades;quote_asset_volume,liquidity,"RegimeMaskNonMay(F1_high_realized_vol,Decay(cross_symbol_rank(ResidualizeVsFundingCore(Add(Mul(TSRank(number_of_trades,72),ZScore(TSMean(quote_asset_volume,16))),Rank(TSMean(number_of_trades,24))))),3))",fa5559048fa1cd6d,48,generated_candidate,original,0.19,False,False,selected_for_strict_replay
a7o_l1_C0262_0096,C0262,96,H11_regime_conditional_non_may,P3_trade_size,TSRankMul,spread_6_vs_24,cross_symbol_rank,none,lag_stable,F1_high_realized_vol,avg_trade_size_quote;quote_asset_volume,liquidity,"RegimeMaskNonMay(F1_high_realized_vol,Decay(cross_symbol_rank(Mul(Neg(Rank(TSMean(avg_trade_size_quote,4))),Mul(TSRank(avg_trade_size_quote,16),ZScore(TSMean(quote_asset_volume,24))))),20))",e05f94837508f516,12,generated_candidate,original,0.189,False,False,selected_for_strict_replay
a7o_l1_C0262_0193,C0262,193,H11_regime_conditional_non_may,P3_trade_size,TSRankMul,spread_6_vs_24,cross_symbol_rank,none,lag_stable,F1_high_realized_vol,number_of_trades,liquidity,"RegimeMaskNonMay(F1_high_realized_vol,Decay(cross_symbol_rank(Rank(TSMean(Mul(TSRank(number_of_trades,16),ZScore(TSMean(number_of_trades,24))),36))),24))",eb3f62cf7e6b11cd,48,generated_candidate,original,0.189,False,False,selected_for_strict_replay
a7o_l1_C0262_0290,C0262,290,H11_regime_conditional_non_may,P3_trade_size,TSRankMul,spread_6_vs_24,cross_symbol_rank,none,lag_stable,F1_high_realized_vol,avg_trade_size_quote;quote_asset_volume,liquidity,"RegimeMaskNonMay(F1_high_realized_vol,Decay(cross_symbol_rank(Sub(Mul(TSRank(quote_asset_volume,3),ZScore(TSMean(avg_trade_size_quote,8))),Abs(ZScore(TSMean(avg_trade_size_quote,10))))),48))",0c7cfb83d4090e89,6,generated_candidate,original,0.189,False,False,selected_for_strict_replay
a7o_l1_C0262_0387,C0262,387,H11_regime_conditional_non_may,P3_trade_size,TSRankMul,spread_6_vs_24,cross_symbol_rank,none,lag_stable,F1_high_realized_vol,number_of_trades;quote_asset_volume,liquidity,"RegimeMaskNonMay(F1_high_realized_vol,Decay(cross_symbol_rank(Clip(Mul(TSRank(number_of_trades,48),ZScore(TSMean(quote_asset_volume,6))),-4.0,4.0)),60))",70514539854a2f8a,24,generated_candidate,original,0.189,False,False,selected_for_strict_replay
a7o_l1_C0262_0484,C0262,484,H11_regime_conditional_non_may,P3_trade_size,TSRankMul,spread_6_vs_24,cross_symbol_rank,none,lag_stable,F1_high_realized_vol,number_of_trades;quote_asset_volume,liquidity,"RegimeMaskNonMay(F1_high_realized_vol,Decay(cross_symbol_rank(SafeDiv(Sub(Mul(TSRank(number_of_trades,60),ZScore(TSMean(quote_asset_volume,96))),Rank(TSMean(number_of_trades,36))),Clip(Abs(TSRank(quote_asset_volume,72)),0.05,2.25))),12))",8c020f263fa18c1e,72,generated_candidate,original,0.189,False,False,selected_for_strict_replay
a7o_l1_C0263_1648,C0263,1648,H10_range_breakout_failure,P6_funding_observable,TSMeanRank,ensemble_6_12_24_48,same_symbol_rank,none,low_turnover,F0_calendar_blocks,funding_rate_z_24;latest_known_funding_rate,funding,"Sub(TSMean(ResidualizeVsFundingCore(Add(Rank(TSMean(latest_known_funding_rate,60)),Rank(TSMean(latest_known_funding_rate,20)))),24),Sub(RollingMax(latest_known_funding_rate,24),RollingMin(funding_rate_z_24,4)))",2d3b43295aa36997,48,generated_candidate,original,0.10400000000000001,False,False,selected_for_strict_replay
a7o_l1_C0263_1841,C0263,1841,H10_range_breakout_failure,P6_funding_observable,TSMeanRank,ensemble_6_12_24_48,same_symbol_rank,none,low_turnover,F0_calendar_blocks,funding_rate_persistence_3;funding_rate_z_24,funding,"Sub(TSMean(ResidualizeVsCore4(Sub(Rank(TSMean(funding_rate_z_24,24)),ZScore(TSMean(funding_rate_persistence_3,12)))),10),Sub(RollingMax(funding_rate_z_24,10),RollingMin(funding_rate_persistence_3,12)))",9ffeb7f189a90c42,12,generated_candidate,original,0.10300000000000001,False,False,selected_for_strict_replay
a7o_l1_C0263_1840,C0263,1840,H10_range_breakout_failure,P6_funding_observable,TSMeanRank,ensemble_6_12_24_48,same_symbol_rank,none,low_turnover,F0_calendar_blocks,funding_rate_z_24,funding,"Sub(TSMean(ResidualizeVsFundingCore(Add(Rank(TSMean(funding_rate_z_24,3)),Rank(TSMean(funding_rate_z_24,4)))),6),Sub(RollingMax(funding_rate_z_24,6),RollingMin(funding_rate_z_24,10)))",3949baf2d4a8a620,6,generated_candidate,original,0.10200000000000001,False,False,selected_for_strict_replay
a7o_l1_C0263_2033,C0263,2033,H10_range_breakout_failure,P6_funding_observable,TSMeanRank,ensemble_6_12_24_48,same_symbol_rank,none,low_turnover,F0_calendar_blocks,funding_rate_persistence_3,funding,"Sub(TSMean(ResidualizeVsCore4(Sub(Rank(TSMean(funding_rate_persistence_3,20)),ZScore(TSMean(funding_rate_persistence_3,72)))),24),Sub(RollingMax(funding_rate_persistence_3,24),RollingMin(funding_rate_persistence_3,30)))",c159263e1d059b6a,48,generated_candidate,original,0.101,False,False,selected_for_strict_replay
a7o_l1_C0263_2032,C0263,2032,H10_range_breakout_failure,P6_funding_observable,TSMeanRank,ensemble_6_12_24_48,same_symbol_rank,none,low_turnover,F0_calendar_blocks,funding_rate_persistence_3;funding_rate_z_24,funding,"Sub(TSMean(ResidualizeVsFundingCore(Add(Rank(TSMean(funding_rate_persistence_3,16)),Rank(TSMean(funding_rate_persistence_3,24)))),12),Sub(RollingMax(funding_rate_persistence_3,12),RollingMin(funding_rate_z_24,20)))",35cd795c7151c5f4,24,generated_candidate,original,0.1,False,False,selected_for_strict_replay
a7o_l1_C0263_2036,C0263,2036,H10_range_breakout_failure,P6_funding_observable,TSMeanRank,ensemble_6_12_24_48,same_symbol_rank,none,low_turnover,F0_calendar_blocks,funding_rate_z_24,funding,"Sub(TSMean(RegimeMaskNonMay(F3_high_liquidity_high_vol,Sub(Rank(TSMean(funding_rate_z_24,12)),Rank(TSMean(funding_rate_z_24,3)))),16),Sub(RollingMax(funding_rate_z_24,16),RollingMin(funding_rate_z_24,24)))",e5ec1f742d73aea6,12,generated_candidate,original,0.094,False,False,selected_for_strict_replay
a7o_l1_C0263_0177,C0263,177,H10_range_breakout_failure,P6_funding_observable,TSMeanRank,ensemble_6_12_24_48,same_symbol_rank,none,low_turnover,F0_calendar_blocks,funding_rate_persistence_3;latest_known_funding_rate,funding,"Sub(TSMean(ResidualizeVsCore4(Sub(Rank(TSMean(latest_known_funding_rate,48)),ZScore(TSMean(funding_rate_persistence_3,10)))),16),Sub(RollingMax(latest_known_funding_rate,16),RollingMin(funding_rate_persistence_3,20)))",c082357cdc042e73,24,generated_candidate,original,0.088,False,False,selected_for_strict_replay
a7o_l1_C0263_0176,C0263,176,H10_range_breakout_failure,P6_funding_observable,TSMeanRank,ensemble_6_12_24_48,same_symbol_rank,none,low_turnover,F0_calendar_blocks,funding_rate_persistence_3;funding_rate_z_24,funding,"Sub(TSMean(ResidualizeVsFundingCore(Add(Rank(TSMean(funding_rate_persistence_3,24)),Rank(TSMean(funding_rate_persistence_3,8)))),3),Sub(RollingMax(funding_rate_persistence_3,3),RollingMin(funding_rate_z_24,6)))",4d699a8458fc6c28,12,generated_candidate,original,0.087,False,False,selected_for_strict_replay
a7o_l1_C0263_0369,C0263,369,H10_range_breakout_failure,P6_funding_observable,TSMeanRank,ensemble_6_12_24_48,same_symbol_rank,none,low_turnover,F0_calendar_blocks,funding_rate_persistence_3;funding_rate_z_24,funding,"Sub(TSMean(ResidualizeVsCore4(Sub(Rank(TSMean(funding_rate_persistence_3,96)),ZScore(TSMean(funding_rate_z_24,24)))),36),Sub(RollingMax(funding_rate_persistence_3,36),RollingMin(funding_rate_z_24,48)))",5f35014be70770ac,72,generated_candidate,original,0.086,False,False,selected_for_strict_replay
a7o_l1_C0263_0368,C0263,368,H10_range_breakout_failure,P6_funding_observable,TSMeanRank,ensemble_6_12_24_48,same_symbol_rank,none,low_turnover,F0_calendar_blocks,funding_rate_z_24;latest_known_funding_rate,funding,"Sub(TSMean(ResidualizeVsFundingCore(Add(Rank(TSMean(latest_known_funding_rate,20)),Rank(TSMean(latest_known_funding_rate,48)))),8),Sub(RollingMax(latest_known_funding_rate,8),RollingMin(funding_rate_z_24,12)))",b8d0bd8044e4022a,48,generated_candidate,original,0.08499999999999999,False,False,selected_for_strict_replay
a7o_l1_C0263_0561,C0263,561,H10_range_breakout_failure,P6_funding_observable,TSMeanRank,ensemble_6_12_24_48,same_symbol_rank,none,low_turnover,F0_calendar_blocks,funding_rate_z_24;latest_known_funding_rate,funding,"Sub(TSMean(ResidualizeVsCore4(Sub(Rank(TSMean(latest_known_funding_rate,8)),ZScore(TSMean(funding_rate_z_24,3)))),10),Sub(RollingMax(latest_known_funding_rate,10),RollingMin(funding_rate_z_24,12)))",7123e390a52538fe,12,generated_candidate,original,0.08399999999999999,False,False,selected_for_strict_replay
a7o_l1_C0263_0560,C0263,560,H10_range_breakout_failure,P6_funding_observable,TSMeanRank,ensemble_6_12_24_48,same_symbol_rank,none,low_turnover,F0_calendar_blocks,funding_rate_persistence_3;latest_known_funding_rate,funding,"Sub(TSMean(ResidualizeVsFundingCore(Add(Rank(TSMean(funding_rate_persistence_3,3)),Rank(TSMean(funding_rate_persistence_3,4)))),16),Sub(RollingMax(funding_rate_persistence_3,16),RollingMin(latest_known_funding_rate,24)))",3220da94dfbcb03b,6,generated_candidate,original,0.08299999999999999,False,False,selected_for_strict_replay
a7o_l1_C0263_0181,C0263,181,H10_range_breakout_failure,P6_funding_observable,TSMeanRank,ensemble_6_12_24_48,same_symbol_rank,none,low_turnover,F0_calendar_blocks,funding_rate_persistence_3,funding,"Sub(TSMean(RegimeMaskNonMay(F5_funding_neutral,Add(Rank(TSMean(funding_rate_persistence_3,20)),ZScore(TSMean(funding_rate_persistence_3,10)))),10),Sub(RollingMax(funding_rate_persistence_3,10),RollingMin(funding_rate_persistence_3,12)))",de0a07be2306ebb6,12,generated_candidate,original,0.08200000000000002,False,False,selected_for_strict_replay
a7o_l1_C0263_0753,C0263,753,H10_range_breakout_failure,P6_funding_observable,TSMeanRank,ensemble_6_12_24_48,same_symbol_rank,none,low_turnover,F0_calendar_blocks,funding_rate_z_24,funding,"Sub(TSMean(ResidualizeVsCore4(Sub(Rank(TSMean(funding_rate_z_24,48)),ZScore(TSMean(funding_rate_z_24,24)))),24),Sub(RollingMax(funding_rate_z_24,24),RollingMin(funding_rate_z_24,30)))",43c82acfd70881a8,48,generated_candidate,original,0.08199999999999999,False,False,selected_for_strict_replay
a7o_l1_C0263_0180,C0263,180,H10_range_breakout_failure,P6_funding_observable,TSMeanRank,ensemble_6_12_24_48,same_symbol_rank,none,low_turnover,F0_calendar_blocks,funding_rate_persistence_3;funding_rate_z_24,funding,"Sub(TSMean(RegimeMaskNonMay(F3_high_liquidity_high_vol,Sub(Rank(TSMean(funding_rate_persistence_3,3)),Rank(TSMean(funding_rate_persistence_3,4)))),4),Sub(RollingMax(funding_rate_persistence_3,4),RollingMin(funding_rate_z_24,8)))",153dd8a3cd4b99e1,6,generated_candidate,original,0.08100000000000002,False,False,selected_for_strict_replay
a7o_l1_C0263_0752,C0263,752,H10_range_breakout_failure,P6_funding_observable,TSMeanRank,ensemble_6_12_24_48,same_symbol_rank,none,low_turnover,F0_calendar_blocks,latest_known_funding_rate,funding,"Sub(TSMean(ResidualizeVsFundingCore(Add(Rank(TSMean(latest_known_funding_rate,16)),Rank(TSMean(latest_known_funding_rate,24)))),3),Sub(RollingMax(latest_known_funding_rate,3),RollingMin(latest_known_funding_rate,6)))",a3f83184172e9ba6,24,generated_candidate,original,0.08099999999999999,False,False,selected_for_strict_replay
a7o_l1_C0263_0373,C0263,373,H10_range_breakout_failure,P6_funding_observable,TSMeanRank,ensemble_6_12_24_48,same_symbol_rank,none,low_turnover,F0_calendar_blocks,funding_rate_persistence_3;latest_known_funding_rate,funding,"Sub(TSMean(RegimeMaskNonMay(F5_funding_neutral,Add(Rank(TSMean(latest_known_funding_rate,16)),ZScore(TSMean(funding_rate_persistence_3,60)))),24),Sub(RollingMax(latest_known_funding_rate,24),RollingMin(funding_rate_persistence_3,30)))",abb6e270fab27f01,48,generated_candidate,original,0.08000000000000002,False,False,selected_for_strict_replay
a7o_l1_C0263_0945,C0263,945,H10_range_breakout_failure,P6_funding_observable,TSMeanRank,ensemble_6_12_24_48,same_symbol_rank,none,low_turnover,F0_calendar_blocks,latest_known_funding_rate,funding,"Sub(TSMean(ResidualizeVsCore4(Sub(Rank(TSMean(latest_known_funding_rate,3)),ZScore(TSMean(latest_known_funding_rate,10)))),6),Sub(RollingMax(latest_known_funding_rate,6),RollingMin(latest_known_funding_rate,8)))",694ff13121793bb3,6,generated_candidate,original,0.07999999999999999,False,False,selected_for_strict_replay
a7o_l1_C0263_0372,C0263,372,H10_range_breakout_failure,P6_funding_observable,TSMeanRank,ensemble_6_12_24_48,same_symbol_rank,none,low_turnover,F0_calendar_blocks,funding_rate_z_24;latest_known_funding_rate,funding,"Sub(TSMean(RegimeMaskNonMay(F3_high_liquidity_high_vol,Sub(Rank(TSMean(latest_known_funding_rate,16)),Rank(TSMean(latest_known_funding_rate,24)))),10),Sub(RollingMax(latest_known_funding_rate,10),RollingMin(funding_rate_z_24,16)))",495ed8056a3470c1,24,generated_candidate,original,0.07900000000000001,False,False,selected_for_strict_replay
a7o_l1_C0263_0944,C0263,944,H10_range_breakout_failure,P6_funding_observable,TSMeanRank,ensemble_6_12_24_48,same_symbol_rank,none,low_turnover,F0_calendar_blocks,funding_rate_z_24;latest_known_funding_rate,funding,"Sub(TSMean(ResidualizeVsFundingCore(Add(Rank(TSMean(funding_rate_z_24,24)),Rank(TSMean(funding_rate_z_24,84)))),8),Sub(RollingMax(funding_rate_z_24,8),RollingMin(latest_known_funding_rate,12)))",23bd79cbd7f755c1,72,generated_candidate,original,0.07899999999999999,False,False,selected_for_strict_replay
a7o_l1_C0263_0565,C0263,565,H10_range_breakout_failure,P6_funding_observable,TSMeanRank,ensemble_6_12_24_48,same_symbol_rank,none,low_turnover,F0_calendar_blocks,funding_rate_persistence_3;funding_rate_z_24,funding,"Sub(TSMean(RegimeMaskNonMay(F5_funding_neutral,Add(Rank(TSMean(funding_rate_z_24,3)),ZScore(TSMean(funding_rate_persistence_3,10)))),6),Sub(RollingMax(funding_rate_z_24,6),RollingMin(funding_rate_persistence_3,8)))",b978b8f1f0a4bf66,6,generated_candidate,original,0.07800000000000001,False,False,selected_for_strict_replay
a7o_l1_C0263_1137,C0263,1137,H10_range_breakout_failure,P6_funding_observable,TSMeanRank,ensemble_6_12_24_48,same_symbol_rank,none,low_turnover,F0_calendar_blocks,funding_rate_z_24;latest_known_funding_rate,funding,"Sub(TSMean(ResidualizeVsCore4(Sub(Rank(TSMean(funding_rate_z_24,48)),ZScore(TSMean(latest_known_funding_rate,10)))),16),Sub(RollingMax(funding_rate_z_24,16),RollingMin(latest_known_funding_rate,20)))",d060e001dac0a074,24,generated_candidate,original,0.07800000000000001,False,False,selected_for_strict_replay
a7o_l1_C0263_0564,C0263,564,H10_range_breakout_failure,P6_funding_observable,TSMeanRank,ensemble_6_12_24_48,same_symbol_rank,none,low_turnover,F0_calendar_blocks,funding_rate_z_24,funding,"Sub(TSMean(RegimeMaskNonMay(F3_high_liquidity_high_vol,Sub(Rank(TSMean(funding_rate_z_24,60)),Rank(TSMean(funding_rate_z_24,36)))),20),Sub(RollingMax(funding_rate_z_24,20),RollingMin(funding_rate_z_24,3)))",8e5d7b14ff816b00,72,generated_candidate,original,0.07700000000000001,False,False,selected_for_strict_replay
a7o_l1_C0263_1136,C0263,1136,H10_range_breakout_failure,P6_funding_observable,TSMeanRank,ensemble_6_12_24_48,same_symbol_rank,none,low_turnover,F0_calendar_blocks,funding_rate_persistence_3;latest_known_funding_rate,funding,"Sub(TSMean(ResidualizeVsFundingCore(Add(Rank(TSMean(latest_known_funding_rate,12)),Rank(TSMean(latest_known_funding_rate,3)))),16),Sub(RollingMax(latest_known_funding_rate,16),RollingMin(funding_rate_persistence_3,24)))",92f676e8dfe3933f,12,generated_candidate,original,0.07700000000000001,False,False,selected_for_strict_replay
a7o_l1_C0264_1648,C0264,1648,H11_regime_conditional_non_may,P1_range_volatility,WinsorZScore,H72,same_symbol_zscore,none,medium_turnover,F11_cross_symbol_crowding,abs_ret_1;realized_vol_24,volatility,"RegimeMaskNonMay(F11_cross_symbol_crowding,Clip(ResidualizeVsFundingCore(Add(WinsorZScore(TSMean(abs_ret_1,24),3.0),Rank(TSMean(abs_ret_1,20)))),-4.0,4.0))",36455f29ab4d9f59,72,generated_candidate,original,0.21860000000000002,False,False,selected_for_strict_replay
a7o_l1_C0264_1841,C0264,1841,H11_regime_conditional_non_may,P1_range_volatility,WinsorZScore,H72,same_symbol_zscore,none,medium_turnover,F11_cross_symbol_crowding,realized_vol_12;realized_vol_6,volatility,"RegimeMaskNonMay(F11_cross_symbol_crowding,Clip(ResidualizeVsCore4(Sub(WinsorZScore(TSMean(realized_vol_6,96),2.0),ZScore(TSMean(realized_vol_12,12)))),-4.0,4.0))",429e5d3efbd5050c,72,generated_candidate,original,0.21760000000000002,False,False,selected_for_strict_replay
a7o_l1_C0264_1840,C0264,1840,H11_regime_conditional_non_may,P1_range_volatility,WinsorZScore,H72,same_symbol_zscore,none,medium_turnover,F11_cross_symbol_crowding,realized_vol_6,volatility,"RegimeMaskNonMay(F11_cross_symbol_crowding,Clip(ResidualizeVsFundingCore(Add(WinsorZScore(TSMean(realized_vol_6,24),1.5),Rank(TSMean(realized_vol_6,4)))),-4.0,4.0))",09797f39ab629911,72,generated_candidate,original,0.21660000000000001,False,False,selected_for_strict_replay
a7o_l1_C0264_2033,C0264,2033,H11_regime_conditional_non_may,P1_range_volatility,WinsorZScore,H72,same_symbol_zscore,none,medium_turnover,F11_cross_symbol_crowding,hl_range;realized_vol_12,volatility,"RegimeMaskNonMay(F11_cross_symbol_crowding,Clip(ResidualizeVsCore4(Sub(WinsorZScore(TSMean(realized_vol_12,96),3.0),ZScore(TSMean(hl_range,72)))),-4.0,4.0))",74f2bc6b91d71ee8,72,generated_candidate,original,0.2156,False,False,selected_for_strict_replay
a7o_l1_C0264_2032,C0264,2032,H11_regime_conditional_non_may,P1_range_volatility,WinsorZScore,H72,same_symbol_zscore,none,medium_turnover,F11_cross_symbol_crowding,abs_ret_1;realized_vol_12,volatility,"RegimeMaskNonMay(F11_cross_symbol_crowding,Clip(ResidualizeVsFundingCore(Add(WinsorZScore(TSMean(realized_vol_12,24),2.5),Rank(TSMean(realized_vol_12,24)))),-4.0,4.0))",154e9ff0e6c42f5a,72,generated_candidate,original,0.2146,False,False,selected_for_strict_replay
a7o_l1_C0264_0177,C0264,177,H11_regime_conditional_non_may,P1_range_volatility,WinsorZScore,H72,same_symbol_zscore,none,medium_turnover,F11_cross_symbol_crowding,realized_vol_12;realized_vol_6,volatility,"RegimeMaskNonMay(F11_cross_symbol_crowding,Clip(ResidualizeVsCore4(Sub(WinsorZScore(TSMean(realized_vol_12,96),2.5),ZScore(TSMean(realized_vol_6,10)))),-4.0,4.0))",ac1806e13a7c4cc5,72,generated_candidate,original,0.2026,False,False,selected_for_strict_replay
a7o_l1_C0264_0176,C0264,176,H11_regime_conditional_non_may,P1_range_volatility,WinsorZScore,H72,same_symbol_zscore,none,medium_turnover,F11_cross_symbol_crowding,hl_range;realized_vol_12,volatility,"RegimeMaskNonMay(F11_cross_symbol_crowding,Clip(ResidualizeVsFundingCore(Add(WinsorZScore(TSMean(realized_vol_12,24),2.0),Rank(TSMean(realized_vol_12,8)))),-4.0,4.0))",e3d6242af0931aef,72,generated_candidate,original,0.2016,False,False,selected_for_strict_replay
a7o_l1_C0264_0369,C0264,369,H11_regime_conditional_non_may,P1_range_volatility,WinsorZScore,H72,same_symbol_zscore,none,medium_turnover,F11_cross_symbol_crowding,realized_vol_12,volatility,"RegimeMaskNonMay(F11_cross_symbol_crowding,Clip(ResidualizeVsCore4(Sub(WinsorZScore(TSMean(realized_vol_12,96),4.0),ZScore(TSMean(realized_vol_12,24)))),-4.0,4.0))",15e266ad41f73917,72,generated_candidate,original,0.2006,False,False,selected_for_strict_replay
a7o_l1_C0264_0368,C0264,368,H11_regime_conditional_non_may,P1_range_volatility,WinsorZScore,H72,same_symbol_zscore,none,medium_turnover,F11_cross_symbol_crowding,realized_vol_12;realized_vol_6,volatility,"RegimeMaskNonMay(F11_cross_symbol_crowding,Clip(ResidualizeVsFundingCore(Add(WinsorZScore(TSMean(realized_vol_12,24),3.0),Rank(TSMean(realized_vol_12,48)))),-4.0,4.0))",61800bad18e1312a,72,generated_candidate,original,0.1996,False,False,selected_for_strict_replay
a7o_l1_C0264_0561,C0264,561,H11_regime_conditional_non_may,P1_range_volatility,WinsorZScore,H72,same_symbol_zscore,none,medium_turnover,F11_cross_symbol_crowding,abs_ret_1;hl_range,volatility,"RegimeMaskNonMay(F11_cross_symbol_crowding,Clip(ResidualizeVsCore4(Sub(WinsorZScore(TSMean(abs_ret_1,96),2.0),ZScore(TSMean(hl_range,3)))),-4.0,4.0))",a15ff140aa2862aa,72,generated_candidate,original,0.1986,False,False,selected_for_strict_replay
a7o_l1_C0264_0560,C0264,560,H11_regime_conditional_non_may,P1_range_volatility,WinsorZScore,H72,same_symbol_zscore,none,medium_turnover,F11_cross_symbol_crowding,abs_ret_1,volatility,"RegimeMaskNonMay(F11_cross_symbol_crowding,Clip(ResidualizeVsFundingCore(Add(WinsorZScore(TSMean(abs_ret_1,24),1.5),Rank(TSMean(abs_ret_1,4)))),-4.0,4.0))",c5e445228b378291,72,generated_candidate,original,0.1976,False,False,selected_for_strict_replay
a7o_l1_C0264_0753,C0264,753,H11_regime_conditional_non_may,P1_range_volatility,WinsorZScore,H72,same_symbol_zscore,none,medium_turnover,F11_cross_symbol_crowding,hl_range;realized_vol_24,volatility,"RegimeMaskNonMay(F11_cross_symbol_crowding,Clip(ResidualizeVsCore4(Sub(WinsorZScore(TSMean(hl_range,96),3.0),ZScore(TSMean(realized_vol_24,24)))),-4.0,4.0))",a4f2cc35624c94e2,72,generated_candidate,original,0.1966,False,False,selected_for_strict_replay
a7o_l1_C0264_0752,C0264,752,H11_regime_conditional_non_may,P1_range_volatility,WinsorZScore,H72,same_symbol_zscore,none,medium_turnover,F11_cross_symbol_crowding,hl_range;realized_vol_12,volatility,"RegimeMaskNonMay(F11_cross_symbol_crowding,Clip(ResidualizeVsFundingCore(Add(WinsorZScore(TSMean(hl_range,24),2.5),Rank(TSMean(hl_range,24)))),-4.0,4.0))",a672bebedbe40d24,72,generated_candidate,original,0.1956,False,False,selected_for_strict_replay
a7o_l1_C0264_0945,C0264,945,H11_regime_conditional_non_may,P1_range_volatility,WinsorZScore,H72,same_symbol_zscore,none,medium_turnover,F11_cross_symbol_crowding,abs_ret_1;realized_vol_6,volatility,"RegimeMaskNonMay(F11_cross_symbol_crowding,Clip(ResidualizeVsCore4(Sub(WinsorZScore(TSMean(realized_vol_6,96),1.5),ZScore(TSMean(abs_ret_1,10)))),-4.0,4.0))",a94199b18e7c33a8,72,generated_candidate,original,0.1946,False,False,selected_for_strict_replay
a7o_l1_C0264_0944,C0264,944,H11_regime_conditional_non_may,P1_range_volatility,WinsorZScore,H72,same_symbol_zscore,none,medium_turnover,F11_cross_symbol_crowding,hl_range;realized_vol_24,volatility,"RegimeMaskNonMay(F11_cross_symbol_crowding,Clip(ResidualizeVsFundingCore(Add(WinsorZScore(TSMean(hl_range,24),4.0),Rank(TSMean(hl_range,84)))),-4.0,4.0))",0b0b0f2c27f1c736,72,generated_candidate,original,0.1936,False,False,selected_for_strict_replay
a7o_l1_C0264_1137,C0264,1137,H11_regime_conditional_non_may,P1_range_volatility,WinsorZScore,H72,same_symbol_zscore,none,medium_turnover,F11_cross_symbol_crowding,realized_vol_12,volatility,"RegimeMaskNonMay(F11_cross_symbol_crowding,Clip(ResidualizeVsCore4(Sub(WinsorZScore(TSMean(realized_vol_12,96),2.5),ZScore(TSMean(realized_vol_12,10)))),-4.0,4.0))",ae128db7e590d8b8,72,generated_candidate,original,0.1926,False,False,selected_for_strict_replay
a7o_l1_C0264_1136,C0264,1136,H11_regime_conditional_non_may,P1_range_volatility,WinsorZScore,H72,same_symbol_zscore,none,medium_turnover,F11_cross_symbol_crowding,realized_vol_12;realized_vol_6,volatility,"RegimeMaskNonMay(F11_cross_symbol_crowding,Clip(ResidualizeVsFundingCore(Add(WinsorZScore(TSMean(realized_vol_12,24),2.0),Rank(TSMean(realized_vol_12,3)))),-4.0,4.0))",3e506c519ad0a66a,72,generated_candidate,original,0.1916,False,False,selected_for_strict_replay
a7o_l1_C0264_1329,C0264,1329,H11_regime_conditional_non_may,P1_range_volatility,WinsorZScore,H72,same_symbol_zscore,none,medium_turnover,F11_cross_symbol_crowding,hl_range;realized_vol_24,volatility,"RegimeMaskNonMay(F11_cross_symbol_crowding,Clip(ResidualizeVsCore4(Sub(WinsorZScore(TSMean(realized_vol_24,96),4.0),ZScore(TSMean(hl_range,24)))),-4.0,4.0))",2309acdc074d9ca5,72,generated_candidate,original,0.1906,False,False,selected_for_strict_replay
a7o_l1_C0264_1328,C0264,1328,H11_regime_conditional_non_may,P1_range_volatility,WinsorZScore,H72,same_symbol_zscore,none,medium_turnover,F11_cross_symbol_crowding,abs_ret_1;realized_vol_24,volatility,"RegimeMaskNonMay(F11_cross_symbol_crowding,Clip(ResidualizeVsFundingCore(Add(WinsorZScore(TSMean(realized_vol_24,24),3.0),Rank(TSMean(realized_vol_24,24)))),-4.0,4.0))",90e0e3358f861639,72,generated_candidate,original,0.1896,False,False,selected_for_strict_replay
a7o_l1_C0264_0096,C0264,96,H11_regime_conditional_non_may,P1_range_volatility,WinsorZScore,H72,same_symbol_zscore,none,medium_turnover,F11_cross_symbol_crowding,realized_vol_12,volatility,"RegimeMaskNonMay(F11_cross_symbol_crowding,Clip(Mul(Neg(Rank(TSMean(realized_vol_12,4))),WinsorZScore(TSMean(realized_vol_12,24),2.0)),-4.0,4.0))",18be3f0f8f04a1b6,72,generated_candidate,original,0.1886,False,False,selected_for_strict_replay
a7o_l1_C0264_0193,C0264,193,H11_regime_conditional_non_may,P1_range_volatility,WinsorZScore,H72,same_symbol_zscore,none,medium_turnover,F11_cross_symbol_crowding,hl_range;realized_vol_12,volatility,"RegimeMaskNonMay(F11_cross_symbol_crowding,Clip(Rank(TSMean(WinsorZScore(TSMean(hl_range,96),3.0),36)),-4.0,4.0))",af43d2bfd7a6b0f8,72,generated_candidate,original,0.1886,False,False,selected_for_strict_replay
a7o_l1_C0264_0290,C0264,290,H11_regime_conditional_non_may,P1_range_volatility,WinsorZScore,H72,same_symbol_zscore,none,medium_turnover,F11_cross_symbol_crowding,abs_ret_1;realized_vol_12,volatility,"RegimeMaskNonMay(F11_cross_symbol_crowding,Clip(Sub(WinsorZScore(TSMean(abs_ret_1,84),1.5),Abs(ZScore(TSMean(realized_vol_12,10)))),-4.0,4.0))",7a1b15804620aebc,72,generated_candidate,original,0.1886,False,False,selected_for_strict_replay
a7o_l1_C0264_0387,C0264,387,H11_regime_conditional_non_may,P1_range_volatility,WinsorZScore,H72,same_symbol_zscore,none,medium_turnover,F11_cross_symbol_crowding,realized_vol_12,volatility,"RegimeMaskNonMay(F11_cross_symbol_crowding,Clip(Clip(WinsorZScore(TSMean(realized_vol_12,72),2.5),-4.0,4.0),-4.0,4.0))",863d4dc8e9cb774e,72,generated_candidate,original,0.1886,False,False,selected_for_strict_replay
a7o_l1_C0264_0484,C0264,484,H11_regime_conditional_non_may,P1_range_volatility,WinsorZScore,H72,same_symbol_zscore,none,medium_turnover,F11_cross_symbol_crowding,hl_range;realized_vol_12,volatility,"RegimeMaskNonMay(F11_cross_symbol_crowding,Clip(SafeDiv(Sub(WinsorZScore(TSMean(hl_range,60),4.0),Rank(TSMean(hl_range,36))),Clip(Abs(TSRank(realized_vol_12,72)),0.05,2.25)),-4.0,4.0))",6c924106ed962b5f,72,generated_candidate,original,0.1886,False,False,selected_for_strict_replay
a7o_l1_C0265_0181,C0265,181,H03_basis_premium_residual,P7_cross_symbol_relative,TSMeanRank,H12,cross_symbol_zscore,none,medium_turnover,F0_calendar_blocks,cs_z_premium_index;cs_z_ret_6,basis;price,"ResidualizeVsFundingCore(Clip(cross_symbol_zscore(RegimeMaskNonMay(F5_funding_neutral,Add(Rank(TSMean(cs_z_premium_index,20)),ZScore(TSMean(cs_z_ret_6,10))))),-4.0,4.0))",d6c306931eae1cc1,12,generated_candidate,original,0.2933,False,False,selected_for_strict_replay
a7o_l1_C0265_0180,C0265,180,H03_basis_premium_residual,P7_cross_symbol_relative,TSMeanRank,H12,cross_symbol_zscore,none,medium_turnover,F0_calendar_blocks,cs_z_premium_index;cs_z_taker_imbalance,basis;flow,"ResidualizeVsFundingCore(Clip(cross_symbol_zscore(RegimeMaskNonMay(F3_high_liquidity_high_vol,Sub(Rank(TSMean(cs_z_premium_index,3)),Rank(TSMean(cs_z_premium_index,4))))),-4.0,4.0))",dec9dd3b0cbda11e,12,generated_candidate,original,0.2923,False,False,selected_for_strict_replay
a7o_l1_C0265_0373,C0265,373,H03_basis_premium_residual,P7_cross_symbol_relative,TSMeanRank,H12,cross_symbol_zscore,none,medium_turnover,F0_calendar_blocks,cs_z_premium_index;cs_z_ret_12,basis;price,"ResidualizeVsFundingCore(Clip(cross_symbol_zscore(RegimeMaskNonMay(F5_funding_neutral,Add(Rank(TSMean(cs_z_premium_index,4)),ZScore(TSMean(cs_z_ret_12,60))))),-4.0,4.0))",76bd779ca18660ba,12,generated_candidate,original,0.2913,False,False,selected_for_strict_replay
a7o_l1_C0265_0372,C0265,372,H03_basis_premium_residual,P7_cross_symbol_relative,TSMeanRank,H12,cross_symbol_zscore,none,medium_turnover,F0_calendar_blocks,cs_z_premium_index;cs_z_ret_6,basis;price,"ResidualizeVsFundingCore(Clip(cross_symbol_zscore(RegimeMaskNonMay(F3_high_liquidity_high_vol,Sub(Rank(TSMean(cs_z_premium_index,8)),Rank(TSMean(cs_z_premium_index,24))))),-4.0,4.0))",7783c8d094acec52,12,generated_candidate,original,0.2903,False,False,selected_for_strict_replay
a7o_l1_C0265_0565,C0265,565,H03_basis_premium_residual,P7_cross_symbol_relative,TSMeanRank,H12,cross_symbol_zscore,none,medium_turnover,F0_calendar_blocks,cs_z_ret_6;cs_z_taker_imbalance,flow;price,"ResidualizeVsFundingCore(Clip(cross_symbol_zscore(RegimeMaskNonMay(F5_funding_neutral,Add(Rank(TSMean(cs_z_ret_6,10)),ZScore(TSMean(cs_z_taker_imbalance,10))))),-4.0,4.0))",3b61ba08d0f4b406,12,generated_candidate,original,0.2893,False,False,selected_for_strict_replay
a7o_l1_C0265_0564,C0265,564,H03_basis_premium_residual,P7_cross_symbol_relative,TSMeanRank,H12,cross_symbol_zscore,none,medium_turnover,F0_calendar_blocks,cs_z_premium_index;cs_z_taker_imbalance,basis;flow,"ResidualizeVsFundingCore(Clip(cross_symbol_zscore(RegimeMaskNonMay(F3_high_liquidity_high_vol,Sub(Rank(TSMean(cs_z_taker_imbalance,16)),Rank(TSMean(cs_z_taker_imbalance,36))))),-4.0,4.0))",084118b6167b5911,12,generated_candidate,original,0.2883,False,False,selected_for_strict_replay
a7o_l1_C0265_0757,C0265,757,H03_basis_premium_residual,P7_cross_symbol_relative,TSMeanRank,H12,cross_symbol_zscore,none,medium_turnover,F0_calendar_blocks,cs_z_mark_index_ratio;cs_z_ret_12,basis;price,"ResidualizeVsFundingCore(Clip(cross_symbol_zscore(RegimeMaskNonMay(F5_funding_neutral,Add(Rank(TSMean(cs_z_ret_12,20)),ZScore(TSMean(cs_z_mark_index_ratio,10))))),-4.0,4.0))",fe06cc05c2b05210,12,generated_candidate,original,0.2873,False,False,selected_for_strict_replay
a7o_l1_C0265_0193,C0265,193,H03_basis_premium_residual,P7_cross_symbol_relative,TSMeanRank,H12,cross_symbol_zscore,none,medium_turnover,F0_calendar_blocks,cs_z_mark_index_ratio;cs_z_ret_6,basis;price,"ResidualizeVsFundingCore(Clip(cross_symbol_zscore(Rank(TSMean(Rank(TSMean(cs_z_ret_6,4)),36))),-4.0,4.0))",359fba7bb6874ce7,12,generated_candidate,original,0.2853,False,False,selected_for_strict_replay
a7o_l1_C0265_0290,C0265,290,H03_basis_premium_residual,P7_cross_symbol_relative,TSMeanRank,H12,cross_symbol_zscore,none,medium_turnover,F0_calendar_blocks,cs_z_mark_index_ratio;cs_z_taker_imbalance,basis;flow,"ResidualizeVsFundingCore(Clip(cross_symbol_zscore(Sub(Rank(TSMean(cs_z_taker_imbalance,12)),Abs(ZScore(TSMean(cs_z_mark_index_ratio,10))))),-4.0,4.0))",1977814d1918cdd2,12,generated_candidate,original,0.2853,False,False,selected_for_strict_replay
a7o_l1_C0265_0484,C0265,484,H03_basis_premium_residual,P7_cross_symbol_relative,TSMeanRank,H12,cross_symbol_zscore,none,medium_turnover,F0_calendar_blocks,cs_z_mark_index_ratio;cs_z_ret_6,basis;price,"ResidualizeVsFundingCore(Clip(cross_symbol_zscore(SafeDiv(Sub(Rank(TSMean(cs_z_ret_6,10)),Rank(TSMean(cs_z_ret_6,36))),Clip(Abs(TSRank(cs_z_mark_index_ratio,72)),0.05,2.25))),-4.0,4.0))",48c77da18cbbfe94,12,generated_candidate,original,0.2853,False,False,selected_for_strict_replay
a7o_l1_C0265_0581,C0265,581,H03_basis_premium_residual,P7_cross_symbol_relative,TSMeanRank,H12,cross_symbol_zscore,none,medium_turnover,F0_calendar_blocks,cs_z_mark_index_ratio;cs_z_taker_imbalance,basis;flow,"ResidualizeVsFundingCore(Clip(cross_symbol_zscore(Add(Rank(TSMean(cs_z_taker_imbalance,24)),ZScore(TSMean(cs_z_mark_index_ratio,12)))),-4.0,4.0))",c393f79ced954146,12,generated_candidate,original,0.2853,False,False,selected_for_strict_replay
a7o_l1_C0265_0775,C0265,775,H03_basis_premium_residual,P7_cross_symbol_relative,TSMeanRank,H12,cross_symbol_zscore,none,medium_turnover,F0_calendar_blocks,cs_z_mark_index_ratio;cs_z_ret_12,basis;price,"ResidualizeVsFundingCore(Clip(cross_symbol_zscore(SafeDiv(Rank(TSMean(cs_z_ret_12,20)),Clip(Abs(ZScore(TSStd(cs_z_mark_index_ratio,10))),0.05,6.0))),-4.0,4.0))",22eccb772b1c4bac,12,generated_candidate,original,0.2853,False,False,selected_for_strict_replay
a7o_l1_C0265_0872,C0265,872,H03_basis_premium_residual,P7_cross_symbol_relative,TSMeanRank,H12,cross_symbol_zscore,none,medium_turnover,F0_calendar_blocks,cs_z_premium_index;cs_z_ret_6,basis;price,"ResidualizeVsFundingCore(Clip(cross_symbol_zscore(TSRank(Sub(TSMean(Rank(TSMean(cs_z_premium_index,6)),24),TSMean(cs_z_premium_index,30)),36)),-4.0,4.0))",2019fa216a16cf52,12,generated_candidate,original,0.2853,False,False,selected_for_strict_replay
a7o_l1_C0265_0949,C0265,949,H03_basis_premium_residual,P7_cross_symbol_relative,TSMeanRank,H12,cross_symbol_zscore,none,medium_turnover,F0_calendar_blocks,cs_z_premium_index;cs_z_ret_12,basis;price,"ResidualizeVsFundingCore(Clip(cross_symbol_zscore(RegimeMaskNonMay(F5_funding_neutral,Add(Rank(TSMean(cs_z_ret_12,4)),ZScore(TSMean(cs_z_premium_index,60))))),-4.0,4.0))",7e1605c6a2fb5f50,12,generated_candidate,original,0.2853,False,False,selected_for_strict_replay
a7o_l1_C0265_1163,C0265,1163,H03_basis_premium_residual,P7_cross_symbol_relative,TSMeanRank,H12,cross_symbol_zscore,none,medium_turnover,F0_calendar_blocks,cs_z_premium_index;cs_z_ret_6,basis;price,"ResidualizeVsFundingCore(Clip(cross_symbol_zscore(WinsorZScore(Rank(TSMean(cs_z_premium_index,12)),3.0)),-4.0,4.0))",3a2f241e97c5831a,12,generated_candidate,original,0.2853,False,False,selected_for_strict_replay
a7o_l1_C0265_1260,C0265,1260,H03_basis_premium_residual,P7_cross_symbol_relative,TSMeanRank,H12,cross_symbol_zscore,none,medium_turnover,F0_calendar_blocks,cs_z_mark_index_ratio;cs_z_ret_6,basis;price,"ResidualizeVsFundingCore(Clip(cross_symbol_zscore(Sub(WinsorZScore(TSMean(cs_z_mark_index_ratio,4),1.25),WinsorZScore(TSMean(cs_z_ret_6,10),1.25))),-4.0,4.0))",6ebcddc2376be5d2,12,generated_candidate,original,0.2853,False,False,selected_for_strict_replay
a7o_l1_C0265_1454,C0265,1454,H03_basis_premium_residual,P7_cross_symbol_relative,TSMeanRank,H12,cross_symbol_zscore,none,medium_turnover,F0_calendar_blocks,cs_z_premium_index;cs_z_ret_6,basis;price,"ResidualizeVsFundingCore(Clip(cross_symbol_zscore(Mul(SafeDiv(ZScore(TSMean(cs_z_premium_index,24)),Clip(Abs(ZScore(TSMean(cs_z_ret_6,48))),0.05,3.0)),Rank(TSMean(cs_z_premium_index,24)))),-4.0,4.0))",31ab84820d0283ff,12,generated_candidate,original,0.2853,False,False,selected_for_strict_replay
a7o_l1_C0265_1551,C0265,1551,H03_basis_premium_residual,P7_cross_symbol_relative,TSMeanRank,H12,cross_symbol_zscore,none,medium_turnover,F0_calendar_blocks,cs_z_mark_index_ratio;cs_z_ret_6,basis;price,"ResidualizeVsFundingCore(Clip(cross_symbol_zscore(Abs(Sub(Rank(TSMean(cs_z_mark_index_ratio,8)),ZScore(TSMean(cs_z_mark_index_ratio,20))))),-4.0,4.0))",98cc3f52797ad75d,12,generated_candidate,original,0.2853,False,False,selected_for_strict_replay
a7o_l1_C0265_1648,C0265,1648,H03_basis_premium_residual,P7_cross_symbol_relative,TSMeanRank,H12,cross_symbol_zscore,none,medium_turnover,F0_calendar_blocks,cs_z_premium_index;cs_z_taker_imbalance,basis;flow,"ResidualizeVsFundingCore(Clip(cross_symbol_zscore(ResidualizeVsFundingCore(Add(Rank(TSMean(cs_z_taker_imbalance,20)),Rank(TSMean(cs_z_taker_imbalance,20))))),-4.0,4.0))",b7eb31c4366863f3,12,generated_candidate,original,0.2853,False,False,selected_for_strict_replay
a7o_l1_C0265_1842,C0265,1842,H03_basis_premium_residual,P7_cross_symbol_relative,TSMeanRank,H12,cross_symbol_zscore,none,medium_turnover,F0_calendar_blocks,cs_z_premium_index;cs_z_ret_12,basis;price,"ResidualizeVsFundingCore(Clip(CrossSymbolRank(Add(Rank(TSMean(cs_z_ret_12,16)),TSMean(cs_z_ret_12,24))),-4.0,4.0))",952ac54d7fea29c4,12,generated_candidate,original,0.2853,False,False,selected_for_strict_replay
a7o_l1_C0265_1939,C0265,1939,H03_basis_premium_residual,P7_cross_symbol_relative,TSMeanRank,H12,cross_symbol_zscore,none,medium_turnover,F0_calendar_blocks,cs_z_premium_index;cs_z_taker_imbalance,basis;flow,"ResidualizeVsFundingCore(Clip(cross_symbol_zscore(RollingMin(RollingMax(Rank(TSMean(cs_z_taker_imbalance,4)),48),84)),-4.0,4.0))",67f58b6b96ffa642,12,generated_candidate,original,0.2853,False,False,selected_for_strict_replay
a7o_l1_C0265_0095,C0265,95,H03_basis_premium_residual,P7_cross_symbol_relative,TSMeanRank,H12,cross_symbol_zscore,none,medium_turnover,F0_calendar_blocks,cs_z_mark_index_ratio;cs_z_ret_12,basis;price,"ResidualizeVsFundingCore(Clip(cross_symbol_zscore(ZScore(Sub(TSMean(Rank(TSMean(cs_z_mark_index_ratio,24)),4),Decay(cs_z_ret_12,10)))),-4.0,4.0))",3065c29fd02a8f6e,12,generated_candidate,original,0.2843,False,False,selected_for_strict_replay
a7o_l1_C0265_0289,C0265,289,H03_basis_premium_residual,P7_cross_symbol_relative,TSMeanRank,H12,cross_symbol_zscore,none,medium_turnover,F0_calendar_blocks,cs_z_premium_index;cs_z_ret_12,basis;price,"ResidualizeVsFundingCore(Clip(cross_symbol_zscore(Add(Abs(ZScore(TSStd(cs_z_premium_index,72))),Rank(TSMean(cs_z_premium_index,20)))),-4.0,4.0))",e54b6c8416cf6366,12,generated_candidate,original,0.2843,False,False,selected_for_strict_replay
a7o_l1_C0265_0386,C0265,386,H03_basis_premium_residual,P7_cross_symbol_relative,TSMeanRank,H12,cross_symbol_zscore,none,medium_turnover,F0_calendar_blocks,cs_z_mark_index_ratio;cs_z_ret_12,basis;price,"ResidualizeVsFundingCore(Clip(cross_symbol_zscore(ZScore(Decay(Rank(TSMean(cs_z_mark_index_ratio,6)),16))),-4.0,4.0))",89f59a66f6b6f041,12,generated_candidate,original,0.2843,False,False,selected_for_strict_replay
a7o_l1_C0266_2036,C0266,2036,H01_cross_symbol_relative_strength,P12_liquidity_flow,MulRankZScore,spread_6_vs_24,same_symbol_zscore,FundingCore_and_Core4,lag_stable,F8_low_vol_high_liquidity,quote_volume_mean_12;taker_imbalance,flow;liquidity,"CrossSymbolRank(Decay(ResidualizeVsCore4(ResidualizeVsFundingCore(RegimeMaskNonMay(F3_high_liquidity_high_vol,Sub(Mul(Rank(TSMean(quote_volume_mean_12,12)),ZScore(Decay(taker_imbalance,20))),Rank(TSMean(quote_volume_mean_12,3)))))),16))",947312ca16dbbdba,12,generated_candidate,original,0.29840000000000005,False,False,selected_for_strict_replay
a7o_l1_C0266_0181,C0266,181,H01_cross_symbol_relative_strength,P12_liquidity_flow,MulRankZScore,spread_6_vs_24,same_symbol_zscore,FundingCore_and_Core4,lag_stable,F8_low_vol_high_liquidity,quote_volume_mean_12;taker_buy_ratio,flow;liquidity,"CrossSymbolRank(Decay(ResidualizeVsCore4(ResidualizeVsFundingCore(RegimeMaskNonMay(F5_funding_neutral,Add(Mul(Rank(TSMean(quote_volume_mean_12,20)),ZScore(Decay(taker_buy_ratio,3))),ZScore(TSMean(taker_buy_ratio,10)))))),10))",cb754a2746eab278,12,generated_candidate,original,0.28640000000000004,False,False,selected_for_strict_replay
a7o_l1_C0266_0180,C0266,180,H01_cross_symbol_relative_strength,P12_liquidity_flow,MulRankZScore,spread_6_vs_24,same_symbol_zscore,FundingCore_and_Core4,lag_stable,F8_low_vol_high_liquidity,quote_volume_mean_12;taker_imbalance,flow;liquidity,"CrossSymbolRank(Decay(ResidualizeVsCore4(ResidualizeVsFundingCore(RegimeMaskNonMay(F3_high_liquidity_high_vol,Sub(Mul(Rank(TSMean(quote_volume_mean_12,3)),ZScore(Decay(taker_imbalance,8))),Rank(TSMean(quote_volume_mean_12,4)))))),4))",68a01498f1573a33,6,generated_candidate,original,0.28540000000000004,False,False,selected_for_strict_replay
a7o_l1_C0266_0373,C0266,373,H01_cross_symbol_relative_strength,P12_liquidity_flow,MulRankZScore,spread_6_vs_24,same_symbol_zscore,FundingCore_and_Core4,lag_stable,F8_low_vol_high_liquidity,quote_volume_mean_12;taker_buy_ratio,flow;liquidity,"CrossSymbolRank(Decay(ResidualizeVsCore4(ResidualizeVsFundingCore(RegimeMaskNonMay(F5_funding_neutral,Add(Mul(Rank(TSMean(quote_volume_mean_12,16)),ZScore(Decay(taker_buy_ratio,24))),ZScore(TSMean(taker_buy_ratio,60)))))),24))",805cca54048a9871,48,generated_candidate,original,0.28440000000000004,False,False,selected_for_strict_replay
a7o_l1_C0266_0372,C0266,372,H01_cross_symbol_relative_strength,P12_liquidity_flow,MulRankZScore,spread_6_vs_24,same_symbol_zscore,FundingCore_and_Core4,lag_stable,F8_low_vol_high_liquidity,quote_volume_mean_12;taker_imbalance,flow;liquidity,"CrossSymbolRank(Decay(ResidualizeVsCore4(ResidualizeVsFundingCore(RegimeMaskNonMay(F3_high_liquidity_high_vol,Sub(Mul(Rank(TSMean(quote_volume_mean_12,16)),ZScore(Decay(taker_imbalance,20))),Rank(TSMean(quote_volume_mean_12,24)))))),10))",8871c1f94d4a5cee,24,generated_candidate,original,0.28340000000000004,False,False,selected_for_strict_replay
a7o_l1_C0266_0565,C0266,565,H01_cross_symbol_relative_strength,P12_liquidity_flow,MulRankZScore,spread_6_vs_24,same_symbol_zscore,FundingCore_and_Core4,lag_stable,F8_low_vol_high_liquidity,quote_volume_mean_12;taker_buy_ratio,flow;liquidity,"CrossSymbolRank(Decay(ResidualizeVsCore4(ResidualizeVsFundingCore(RegimeMaskNonMay(F5_funding_neutral,Add(Mul(Rank(TSMean(quote_volume_mean_12,3)),ZScore(Decay(taker_buy_ratio,8))),ZScore(TSMean(taker_buy_ratio,10)))))),6))",b5d62b70fd856238,6,generated_candidate,original,0.28240000000000004,False,False,selected_for_strict_replay
a7o_l1_C0266_0564,C0266,564,H01_cross_symbol_relative_strength,P12_liquidity_flow,MulRankZScore,spread_6_vs_24,same_symbol_zscore,FundingCore_and_Core4,lag_stable,F8_low_vol_high_liquidity,quote_volume_mean_12;taker_imbalance,flow;liquidity,"CrossSymbolRank(Decay(ResidualizeVsCore4(ResidualizeVsFundingCore(RegimeMaskNonMay(F3_high_liquidity_high_vol,Sub(Mul(Rank(TSMean(quote_volume_mean_12,60)),ZScore(Decay(taker_imbalance,96))),Rank(TSMean(quote_volume_mean_12,36)))))),20))",6ac3e202159bc04c,72,generated_candidate,original,0.28140000000000004,False,False,selected_for_strict_replay
a7o_l1_C0266_0757,C0266,757,H01_cross_symbol_relative_strength,P12_liquidity_flow,MulRankZScore,spread_6_vs_24,same_symbol_zscore,FundingCore_and_Core4,lag_stable,F8_low_vol_high_liquidity,quote_volume_mean_12;taker_buy_ratio,flow;liquidity,"CrossSymbolRank(Decay(ResidualizeVsCore4(ResidualizeVsFundingCore(RegimeMaskNonMay(F5_funding_neutral,Add(Mul(Rank(TSMean(quote_volume_mean_12,48)),ZScore(Decay(taker_buy_ratio,6))),ZScore(TSMean(taker_buy_ratio,10)))))),16))",0b80354f5c45dfe1,24,generated_candidate,original,0.28040000000000004,False,False,selected_for_strict_replay
a7o_l1_C0266_0756,C0266,756,H01_cross_symbol_relative_strength,P12_liquidity_flow,MulRankZScore,spread_6_vs_24,same_symbol_zscore,FundingCore_and_Core4,lag_stable,F8_low_vol_high_liquidity,quote_volume_mean_12;taker_imbalance,flow;liquidity,"CrossSymbolRank(Decay(ResidualizeVsCore4(ResidualizeVsFundingCore(RegimeMaskNonMay(F3_high_liquidity_high_vol,Sub(Mul(Rank(TSMean(quote_volume_mean_12,3)),ZScore(Decay(taker_imbalance,6))),Rank(TSMean(quote_volume_mean_12,10)))))),4))",159e3c26bdd7c00e,12,generated_candidate,original,0.27940000000000004,False,False,selected_for_strict_replay
a7o_l1_C0266_0096,C0266,96,H01_cross_symbol_relative_strength,P12_liquidity_flow,MulRankZScore,spread_6_vs_24,same_symbol_zscore,FundingCore_and_Core4,lag_stable,F8_low_vol_high_liquidity,quote_volume_mean_12;taker_imbalance,flow;liquidity,"CrossSymbolRank(Decay(ResidualizeVsCore4(ResidualizeVsFundingCore(Mul(Neg(Rank(TSMean(taker_imbalance,4))),Mul(Rank(TSMean(taker_imbalance,16)),ZScore(Decay(quote_volume_mean_12,24)))))),20))",d54347eb114117ad,12,generated_candidate,original,0.27840000000000004,False,False,selected_for_strict_replay
a7o_l1_C0266_0387,C0266,387,H01_cross_symbol_relative_strength,P12_liquidity_flow,MulRankZScore,spread_6_vs_24,same_symbol_zscore,FundingCore_and_Core4,lag_stable,F8_low_vol_high_liquidity,quote_volume_mean_12;taker_buy_ratio,flow;liquidity,"CrossSymbolRank(Decay(ResidualizeVsCore4(ResidualizeVsFundingCore(Clip(Mul(Rank(TSMean(quote_volume_mean_12,48)),ZScore(Decay(taker_buy_ratio,6))),-4.0,4.0))),60))",5904087a33078ca7,24,generated_candidate,original,0.27840000000000004,False,False,selected_for_strict_replay
a7o_l1_C0266_0484,C0266,484,H01_cross_symbol_relative_strength,P12_liquidity_flow,MulRankZScore,spread_6_vs_24,same_symbol_zscore,FundingCore_and_Core4,lag_stable,F8_low_vol_high_liquidity,quote_volume_mean_12;taker_buy_ratio,flow;liquidity,"CrossSymbolRank(Decay(ResidualizeVsCore4(ResidualizeVsFundingCore(SafeDiv(Sub(Mul(Rank(TSMean(taker_buy_ratio,60)),ZScore(Decay(quote_volume_mean_12,96))),Rank(TSMean(taker_buy_ratio,36))),Clip(Abs(TSRank(quote_volume_mean_12,72)),0.05,2.25)))),12))",84e55ec5ed4f9f17,72,generated_candidate,original,0.27840000000000004,False,False,selected_for_strict_replay
a7o_l1_C0266_0775,C0266,775,H01_cross_symbol_relative_strength,P12_liquidity_flow,MulRankZScore,spread_6_vs_24,same_symbol_zscore,FundingCore_and_Core4,lag_stable,F8_low_vol_high_liquidity,quote_volume_mean_24;taker_buy_ratio,flow;liquidity,"CrossSymbolRank(Decay(ResidualizeVsCore4(ResidualizeVsFundingCore(SafeDiv(Mul(Rank(TSMean(quote_volume_mean_24,3)),ZScore(Decay(taker_buy_ratio,8))),Clip(Abs(ZScore(TSStd(taker_buy_ratio,10))),0.05,6.0)))),24))",904008a054dc1aaa,6,generated_candidate,original,0.27840000000000004,False,False,selected_for_strict_replay
a7o_l1_C0266_0949,C0266,949,H01_cross_symbol_relative_strength,P12_liquidity_flow,MulRankZScore,spread_6_vs_24,same_symbol_zscore,FundingCore_and_Core4,lag_stable,F8_low_vol_high_liquidity,quote_volume_mean_12;taker_buy_ratio,flow;liquidity,"CrossSymbolRank(Decay(ResidualizeVsCore4(ResidualizeVsFundingCore(RegimeMaskNonMay(F5_funding_neutral,Add(Mul(Rank(TSMean(quote_volume_mean_12,48)),ZScore(Decay(taker_buy_ratio,84))),ZScore(TSMean(taker_buy_ratio,60)))))),36))",c6dcf70d51d98bfd,72,generated_candidate,original,0.27840000000000004,False,False,selected_for_strict_replay
a7o_l1_C0266_0969,C0266,969,H01_cross_symbol_relative_strength,P12_liquidity_flow,MulRankZScore,spread_6_vs_24,same_symbol_zscore,FundingCore_and_Core4,lag_stable,F8_low_vol_high_liquidity,quote_volume_mean_24;taker_imbalance,flow;liquidity,"CrossSymbolRank(Decay(ResidualizeVsCore4(ResidualizeVsFundingCore(Rank(Delta(Mul(Rank(TSMean(taker_imbalance,96)),ZScore(Decay(quote_volume_mean_24,36))),72)))),36))",a1d416652380cc74,72,generated_candidate,original,0.27840000000000004,False,False,selected_for_strict_replay
a7o_l1_C0266_1066,C0266,1066,H01_cross_symbol_relative_strength,P12_liquidity_flow,MulRankZScore,spread_6_vs_24,same_symbol_zscore,FundingCore_and_Core4,lag_stable,F8_low_vol_high_liquidity,quote_volume_mean_12;taker_imbalance,flow;liquidity,"CrossSymbolRank(Decay(ResidualizeVsCore4(ResidualizeVsFundingCore(Rank(SmoothInteraction(Mul(Rank(TSMean(quote_volume_mean_12,4)),ZScore(Decay(taker_imbalance,8))),TSStd(quote_volume_mean_12,12))))),20))",3b1fc7b56330aa40,12,generated_candidate,original,0.27840000000000004,False,False,selected_for_strict_replay
a7o_l1_C0266_1357,C0266,1357,H01_cross_symbol_relative_strength,P12_liquidity_flow,MulRankZScore,spread_6_vs_24,same_symbol_zscore,FundingCore_and_Core4,lag_stable,F8_low_vol_high_liquidity,quote_volume_mean_24;taker_buy_ratio,flow;liquidity,"CrossSymbolRank(Decay(ResidualizeVsCore4(ResidualizeVsFundingCore(Mul(ZScore(TSMean(taker_buy_ratio,8)),Mul(Rank(TSMean(taker_buy_ratio,48)),ZScore(Decay(quote_volume_mean_24,6)))))),16))",ab2aa5e40678f6f0,24,generated_candidate,original,0.27840000000000004,False,False,selected_for_strict_replay
a7o_l1_C0266_1454,C0266,1454,H01_cross_symbol_relative_strength,P12_liquidity_flow,MulRankZScore,spread_6_vs_24,same_symbol_zscore,FundingCore_and_Core4,lag_stable,F8_low_vol_high_liquidity,quote_volume_mean_24;taker_imbalance,flow;liquidity,"CrossSymbolRank(Decay(ResidualizeVsCore4(ResidualizeVsFundingCore(Mul(SafeDiv(ZScore(TSMean(quote_volume_mean_24,24)),Clip(Abs(ZScore(TSMean(taker_imbalance,48))),0.05,3.0)),Mul(Rank(TSMean(quote_volume_mean_24,36)),ZScore(Decay(taker_imbalance,72)))))),12))",7031fd7f63a2bbed,72,generated_candidate,original,0.27840000000000004,False,False,selected_for_strict_replay
a7o_l1_C0266_1745,C0266,1745,H01_cross_symbol_relative_strength,P12_liquidity_flow,MulRankZScore,spread_6_vs_24,same_symbol_zscore,FundingCore_and_Core4,lag_stable,F8_low_vol_high_liquidity,quote_volume_mean_24;taker_buy_ratio,flow;liquidity,"CrossSymbolRank(Decay(ResidualizeVsCore4(ResidualizeVsFundingCore(SmoothInteraction(Mul(Rank(TSMean(quote_volume_mean_24,3)),ZScore(Decay(taker_buy_ratio,8))),TSMean(taker_buy_ratio,10)))),6))",ed5fc618ae662058,6,generated_candidate,original,0.27840000000000004,False,False,selected_for_strict_replay
a7o_l1_C0266_1842,C0266,1842,H01_cross_symbol_relative_strength,P12_liquidity_flow,MulRankZScore,spread_6_vs_24,same_symbol_zscore,FundingCore_and_Core4,lag_stable,F8_low_vol_high_liquidity,quote_volume_mean_12;taker_buy_ratio,flow;liquidity,"CrossSymbolRank(Decay(ResidualizeVsCore4(ResidualizeVsFundingCore(CrossSymbolRank(Add(Mul(Rank(TSMean(taker_buy_ratio,16)),ZScore(Decay(quote_volume_mean_12,20))),TSMean(taker_buy_ratio,24))))),60))",261309b20a900973,24,generated_candidate,original,0.27840000000000004,False,False,selected_for_strict_replay
a7o_l1_C0266_0289,C0266,289,H01_cross_symbol_relative_strength,P12_liquidity_flow,MulRankZScore,spread_6_vs_24,same_symbol_zscore,FundingCore_and_Core4,lag_stable,F8_low_vol_high_liquidity,quote_volume_mean_24;taker_imbalance,flow;liquidity,"CrossSymbolRank(Decay(ResidualizeVsCore4(ResidualizeVsFundingCore(Add(Abs(ZScore(TSStd(taker_imbalance,72))),Mul(Rank(TSMean(taker_imbalance,96)),ZScore(Decay(quote_volume_mean_24,36)))))),36))",1c3da246014e773f,72,generated_candidate,original,0.27740000000000004,False,False,selected_for_strict_replay
a7o_l1_C0266_0386,C0266,386,H01_cross_symbol_relative_strength,P12_liquidity_flow,MulRankZScore,spread_6_vs_24,same_symbol_zscore,FundingCore_and_Core4,lag_stable,F8_low_vol_high_liquidity,quote_volume_mean_12;taker_imbalance,flow;liquidity,"CrossSymbolRank(Decay(ResidualizeVsCore4(ResidualizeVsFundingCore(ZScore(Decay(Mul(Rank(TSMean(quote_volume_mean_12,6)),ZScore(Decay(taker_imbalance,10))),16)))),24))",5b19c23b16bc1c95,12,generated_candidate,original,0.27740000000000004,False,False,selected_for_strict_replay
a7o_l1_C0266_0677,C0266,677,H01_cross_symbol_relative_strength,P12_liquidity_flow,MulRankZScore,spread_6_vs_24,same_symbol_zscore,FundingCore_and_Core4,lag_stable,F8_low_vol_high_liquidity,quote_volume_mean_24;taker_buy_ratio,flow;liquidity,"CrossSymbolRank(Decay(ResidualizeVsCore4(ResidualizeVsFundingCore(RollingMax(Sub(Mul(Rank(TSMean(taker_buy_ratio,48)),ZScore(Decay(quote_volume_mean_24,6))),ZScore(TSMean(taker_buy_ratio,8))),10))),16))",0a8ab316c02db6dd,24,generated_candidate,original,0.27740000000000004,False,False,selected_for_strict_replay
a7o_l1_C0266_0774,C0266,774,H01_cross_symbol_relative_strength,P12_liquidity_flow,MulRankZScore,spread_6_vs_24,same_symbol_zscore,FundingCore_and_Core4,lag_stable,F8_low_vol_high_liquidity,quote_volume_mean_24;taker_imbalance,flow;liquidity,"CrossSymbolRank(Decay(ResidualizeVsCore4(ResidualizeVsFundingCore(Mul(Mul(Rank(TSMean(quote_volume_mean_24,36)),ZScore(Decay(taker_imbalance,72))),Rank(TSStd(quote_volume_mean_24,24))))),16))",a4722f41bd8e78f7,72,generated_candidate,original,0.27740000000000004,False,False,selected_for_strict_replay
a7o_l1_C0267_0969,C0267,969,H10_range_breakout_failure,P8_regime_state,ResidualizeVsFundingCore,spread_12_vs_48,cross_symbol_zscore,FundingCore_and_Core4,lag_stable,F11_cross_symbol_crowding,quote_volume_mean_24;realized_vol_24,liquidity;volatility,"Sub(Decay(ResidualizeVsCore4(ResidualizeVsFundingCore(cross_symbol_zscore(Rank(Delta(ResidualizeVsFundingCore(Mul(Rank(TSMean(quote_volume_mean_24,96)),ZScore(TSMean(realized_vol_24,36)))),72))))),36),Sub(RollingMax(quote_volume_mean_24,36),RollingMin(realized_vol_24,48)))",c7468d0db0150a9b,72,generated_candidate,original,0.32170000000000004,False,False,selected_for_strict_replay
a7o_l1_C0267_0192,C0267,192,H10_range_breakout_failure,P8_regime_state,ResidualizeVsFundingCore,spread_12_vs_48,cross_symbol_zscore,FundingCore_and_Core4,lag_stable,F11_cross_symbol_crowding,quote_volume_mean_24;realized_vol_24,liquidity;volatility,"Sub(Decay(ResidualizeVsCore4(ResidualizeVsFundingCore(cross_symbol_zscore(TSMean(ResidualizeVsFundingCore(Mul(Rank(TSMean(realized_vol_24,16)),ZScore(TSMean(quote_volume_mean_24,20)))),24)))),10),Sub(RollingMax(realized_vol_24,10),RollingMin(quote_volume_mean_24,16)))",03683c50dcec960c,24,generated_candidate,original,0.32070000000000004,False,False,selected_for_strict_replay
a7o_l1_C0267_0483,C0267,483,H10_range_breakout_failure,P8_regime_state,ResidualizeVsFundingCore,spread_12_vs_48,cross_symbol_zscore,FundingCore_and_Core4,lag_stable,F11_cross_symbol_crowding,quote_volume_mean_24;realized_vol_24,liquidity;volatility,"Sub(Decay(ResidualizeVsCore4(ResidualizeVsFundingCore(cross_symbol_zscore(Mul(Clip(ZScore(TSMean(quote_volume_mean_24,24)),-1.25,1.25),Rank(TSMean(ResidualizeVsFundingCore(Mul(Rank(TSMean(realized_vol_24,48)),ZScore(TSMean(quote_volume_mean_24,72)))),16)))))),60),Sub(RollingMax(realized_vol_24,60),RollingMin(quote_volume_mean_24,96)))",81a1f44df69db665,48,generated_candidate,original,0.32070000000000004,False,False,selected_for_strict_replay
a7o_l1_C0267_0094,C0267,94,H10_range_breakout_failure,P8_regime_state,ResidualizeVsFundingCore,spread_12_vs_48,cross_symbol_zscore,FundingCore_and_Core4,lag_stable,F11_cross_symbol_crowding,quote_volume_mean_24;realized_vol_24,liquidity;volatility,"Sub(Decay(ResidualizeVsCore4(ResidualizeVsFundingCore(cross_symbol_zscore(Rank(Add(Delta(quote_volume_mean_24,24),TSMean(ResidualizeVsFundingCore(Mul(Rank(TSMean(quote_volume_mean_24,36)),ZScore(TSMean(realized_vol_24,72)))),48)))))),20),Sub(RollingMax(quote_volume_mean_24,20),RollingMin(realized_vol_24,30)))",e55126d60393994c,72,generated_candidate,original,0.31970000000000004,False,False,selected_for_strict_replay
a7o_l1_C0267_1549,C0267,1549,H10_range_breakout_failure,P8_regime_state,ResidualizeVsFundingCore,spread_12_vs_48,cross_symbol_zscore,FundingCore_and_Core4,lag_stable,F11_cross_symbol_crowding,quote_volume_mean_24;realized_vol_24,liquidity;volatility,"Sub(Decay(ResidualizeVsCore4(ResidualizeVsFundingCore(cross_symbol_zscore(Mul(ZScore(TSMean(realized_vol_24,30)),ResidualizeVsFundingCore(Mul(Rank(TSMean(realized_vol_24,48)),ZScore(TSMean(quote_volume_mean_24,84)))))))),36),Sub(RollingMax(realized_vol_24,36),RollingMin(quote_volume_mean_24,48)))",277e03240a6e2188,72,generated_candidate,original,0.31970000000000004,False,False,selected_for_strict_replay
a7o_l1_C0267_0674,C0267,674,H10_range_breakout_failure,P8_regime_state,ResidualizeVsFundingCore,spread_12_vs_48,cross_symbol_zscore,FundingCore_and_Core4,lag_stable,F11_cross_symbol_crowding,quote_volume_mean_24;realized_vol_24,liquidity;volatility,"Sub(Decay(ResidualizeVsCore4(ResidualizeVsFundingCore(cross_symbol_zscore(Sub(ResidualizeVsFundingCore(Mul(Rank(TSMean(realized_vol_24,84)),ZScore(TSMean(quote_volume_mean_24,30)))),Abs(ZScore(TSMean(quote_volume_mean_24,96))))))),24),Sub(RollingMax(realized_vol_24,24),RollingMin(quote_volume_mean_24,36)))",396023e940a99eb0,72,generated_candidate,original,0.31770000000000004,False,False,selected_for_strict_replay
a7o_l1_C0267_1255,C0267,1255,H10_range_breakout_failure,P8_regime_state,ResidualizeVsFundingCore,spread_12_vs_48,cross_symbol_zscore,FundingCore_and_Core4,lag_stable,F11_cross_symbol_crowding,quote_volume_mean_24;realized_vol_24,liquidity;volatility,"Sub(Decay(ResidualizeVsCore4(ResidualizeVsFundingCore(cross_symbol_zscore(Decay(Mul(ResidualizeVsFundingCore(Mul(Rank(TSMean(quote_volume_mean_24,3)),ZScore(TSMean(realized_vol_24,8)))),ZScore(TSStd(quote_volume_mean_24,4))),10)))),24),Sub(RollingMax(quote_volume_mean_24,24),RollingMin(realized_vol_24,48)))",31a61c803fa048cf,6,generated_candidate,original,0.31670000000000004,False,False,selected_for_strict_replay
a7o_l1_C0267_0380,C0267,380,H10_range_breakout_failure,P8_regime_state,ResidualizeVsFundingCore,spread_12_vs_48,cross_symbol_zscore,FundingCore_and_Core4,lag_stable,F11_cross_symbol_crowding,quote_volume_mean_24;realized_vol_24,liquidity;volatility,"Sub(Decay(ResidualizeVsCore4(ResidualizeVsFundingCore(cross_symbol_zscore(Rank(Sub(TSMean(quote_volume_mean_24,4),TSMean(ResidualizeVsFundingCore(Mul(Rank(TSMean(quote_volume_mean_24,3)),ZScore(TSMean(realized_vol_24,8)))),10)))))),16),Sub(RollingMax(quote_volume_mean_24,16),RollingMin(realized_vol_24,24)))",54993a94f309218e,6,generated_candidate,original,0.31470000000000004,False,False,selected_for_strict_replay
a7o_l1_C0267_1835,C0267,1835,H10_range_breakout_failure,P8_regime_state,ResidualizeVsFundingCore,spread_12_vs_48,cross_symbol_zscore,FundingCore_and_Core4,lag_stable,F11_cross_symbol_crowding,quote_volume_mean_24;realized_vol_24,liquidity;volatility,"Sub(Decay(ResidualizeVsCore4(ResidualizeVsFundingCore(cross_symbol_zscore(Mul(Add(Rank(TSMean(realized_vol_24,4)),ZScore(TSMean(quote_volume_mean_24,10))),Clip(ResidualizeVsFundingCore(Mul(Rank(TSMean(realized_vol_24,3)),ZScore(TSMean(quote_volume_mean_24,8)))),-1.5,1.5))))),60),Sub(RollingMax(realized_vol_24,60),RollingMin(quote_volume_mean_24,96)))",7d420c42ef5f1c03,6,generated_candidate,original,0.31470000000000004,False,False,selected_for_strict_replay
a7o_l1_C0267_1446,C0267,1446,H10_range_breakout_failure,P8_regime_state,ResidualizeVsFundingCore,spread_12_vs_48,cross_symbol_zscore,FundingCore_and_Core4,lag_stable,F11_cross_symbol_crowding,quote_volume_mean_24;realized_vol_24,liquidity;volatility,"Sub(Decay(ResidualizeVsCore4(ResidualizeVsFundingCore(cross_symbol_zscore(RollingMin(Add(ResidualizeVsFundingCore(Mul(Rank(TSMean(quote_volume_mean_24,16)),ZScore(TSMean(realized_vol_24,24)))),Rank(TSMean(realized_vol_24,8))),4)))),60),Sub(RollingMax(quote_volume_mean_24,60),RollingMin(realized_vol_24,12)))",da77f19b2bbeba7b,12,generated_candidate,original,0.31370000000000003,False,False,selected_for_strict_replay
a7o_l1_C0267_1737,C0267,1737,H10_range_breakout_failure,P8_regime_state,ResidualizeVsFundingCore,spread_12_vs_48,cross_symbol_zscore,FundingCore_and_Core4,lag_stable,F11_cross_symbol_crowding,quote_volume_mean_24;realized_vol_24,liquidity;volatility,"Sub(Decay(ResidualizeVsCore4(ResidualizeVsFundingCore(cross_symbol_zscore(Rank(Delta(ResidualizeVsFundingCore(Mul(Rank(TSMean(quote_volume_mean_24,48)),ZScore(TSMean(realized_vol_24,6)))),8))))),16),Sub(RollingMax(quote_volume_mean_24,16),RollingMin(realized_vol_24,20)))",2172a7244f4668f7,24,generated_candidate,original,0.31370000000000003,False,False,selected_for_strict_replay
a7o_l1_C0267_2028,C0267,2028,H10_range_breakout_failure,P8_regime_state,ResidualizeVsFundingCore,spread_12_vs_48,cross_symbol_zscore,FundingCore_and_Core4,lag_stable,F11_cross_symbol_crowding,quote_volume_mean_24;realized_vol_24,liquidity;volatility,"Sub(Decay(ResidualizeVsCore4(ResidualizeVsFundingCore(cross_symbol_zscore(Sub(WinsorZScore(TSMean(quote_volume_mean_24,60),2.5),WinsorZScore(TSMean(realized_vol_24,12),2.5))))),10),Sub(RollingMax(quote_volume_mean_24,10),RollingMin(realized_vol_24,16)))",1e3548998ba425c6,48,generated_candidate,original,0.31370000000000003,False,False,selected_for_strict_replay
a7o_l1_C0267_0960,C0267,960,H10_range_breakout_failure,P8_regime_state,ResidualizeVsFundingCore,spread_12_vs_48,cross_symbol_zscore,FundingCore_and_Core4,lag_stable,F11_cross_symbol_crowding,quote_volume_mean_24;realized_vol_24,liquidity;volatility,"Sub(Decay(ResidualizeVsCore4(ResidualizeVsFundingCore(cross_symbol_zscore(TSMean(ResidualizeVsFundingCore(Mul(Rank(TSMean(realized_vol_24,3)),ZScore(TSMean(quote_volume_mean_24,8)))),4)))),20),Sub(RollingMax(realized_vol_24,20),RollingMin(quote_volume_mean_24,3)))",a26c188ec4380feb,6,generated_candidate,original,0.31270000000000003,False,False,selected_for_strict_replay
a7o_l1_C0267_1251,C0267,1251,H10_range_breakout_failure,P8_regime_state,ResidualizeVsFundingCore,spread_12_vs_48,cross_symbol_zscore,FundingCore_and_Core4,lag_stable,F11_cross_symbol_crowding,quote_volume_mean_24;realized_vol_24,liquidity;volatility,"Sub(Decay(ResidualizeVsCore4(ResidualizeVsFundingCore(cross_symbol_zscore(Mul(Clip(ZScore(TSMean(quote_volume_mean_24,16)),-3.0,3.0),Rank(TSMean(ResidualizeVsFundingCore(Mul(Rank(TSMean(realized_vol_24,3)),ZScore(TSMean(quote_volume_mean_24,6)))),10)))))),60),Sub(RollingMax(realized_vol_24,60),RollingMin(quote_volume_mean_24,96)))",fa26fd0411711158,12,generated_candidate,original,0.31270000000000003,False,False,selected_for_strict_replay
a7o_l1_C0267_0571,C0267,571,H10_range_breakout_failure,P8_regime_state,ResidualizeVsFundingCore,spread_12_vs_48,cross_symbol_zscore,FundingCore_and_Core4,lag_stable,F11_cross_symbol_crowding,quote_volume_mean_24;realized_vol_24,liquidity;volatility,"Sub(Decay(ResidualizeVsCore4(ResidualizeVsFundingCore(cross_symbol_zscore(SafeDiv(SmoothInteraction(ResidualizeVsFundingCore(Mul(Rank(TSMean(quote_volume_mean_24,4)),ZScore(TSMean(realized_vol_24,8)))),TSMean(quote_volume_mean_24,12)),Clip(Abs(TSStd(realized_vol_24,20)),0.05,3.25))))),60),Sub(RollingMax(quote_volume_mean_24,60),RollingMin(realized_vol_24,96)))",708d3841ceb201cc,12,generated_candidate,original,0.31170000000000003,False,False,selected_for_strict_replay
a7o_l1_C0267_0862,C0267,862,H10_range_breakout_failure,P8_regime_state,ResidualizeVsFundingCore,spread_12_vs_48,cross_symbol_zscore,FundingCore_and_Core4,lag_stable,F11_cross_symbol_crowding,quote_volume_mean_24;realized_vol_24,liquidity;volatility,"Sub(Decay(ResidualizeVsCore4(ResidualizeVsFundingCore(cross_symbol_zscore(Rank(Add(Delta(quote_volume_mean_24,24),TSMean(ResidualizeVsFundingCore(Mul(Rank(TSMean(quote_volume_mean_24,16)),ZScore(TSMean(realized_vol_24,20)))),30)))))),36),Sub(RollingMax(quote_volume_mean_24,36),RollingMin(realized_vol_24,60)))",57fdc98f20b1bd1d,24,generated_candidate,original,0.31170000000000003,False,False,selected_for_strict_replay
a7o_l1_C0267_1153,C0267,1153,H10_range_breakout_failure,P8_regime_state,ResidualizeVsFundingCore,spread_12_vs_48,cross_symbol_zscore,FundingCore_and_Core4,lag_stable,F11_cross_symbol_crowding,quote_volume_mean_24;realized_vol_24,liquidity;volatility,"Sub(Decay(ResidualizeVsCore4(ResidualizeVsFundingCore(cross_symbol_zscore(Rank(TSMean(ResidualizeVsFundingCore(Mul(Rank(TSMean(quote_volume_mean_24,60)),ZScore(TSMean(realized_vol_24,12)))),20))))),24),Sub(RollingMax(quote_volume_mean_24,24),RollingMin(realized_vol_24,30)))",28b6f0146a872b21,48,generated_candidate,original,0.31170000000000003,False,False,selected_for_strict_replay
a7o_l1_C0267_0085,C0267,85,H10_range_breakout_failure,P8_regime_state,ResidualizeVsFundingCore,spread_12_vs_48,cross_symbol_zscore,FundingCore_and_Core4,lag_stable,F11_cross_symbol_crowding,quote_volume_mean_24;realized_vol_24,liquidity;volatility,"Sub(Decay(ResidualizeVsCore4(ResidualizeVsFundingCore(cross_symbol_zscore(Sub(ZScore(TSStd(quote_volume_mean_24,10)),ResidualizeVsFundingCore(Mul(Rank(TSMean(realized_vol_24,3)),ZScore(TSMean(quote_volume_mean_24,8)))))))),6),Sub(RollingMax(realized_vol_24,6),RollingMin(quote_volume_mean_24,8)))",0b1bb825d9837b6f,6,generated_candidate,original,0.31070000000000003,False,False,selected_for_strict_replay
a7o_l1_C0267_0376,C0267,376,H10_range_breakout_failure,P8_regime_state,ResidualizeVsFundingCore,spread_12_vs_48,cross_symbol_zscore,FundingCore_and_Core4,lag_stable,F11_cross_symbol_crowding,quote_volume_mean_24;realized_vol_24,liquidity;volatility,"Sub(Decay(ResidualizeVsCore4(ResidualizeVsFundingCore(cross_symbol_zscore(Add(RollingMin(ResidualizeVsFundingCore(Mul(Rank(TSMean(realized_vol_24,10)),ZScore(TSMean(quote_volume_mean_24,16)))),24),RollingMax(TSMean(realized_vol_24,4),8))))),12),Sub(RollingMax(realized_vol_24,12),RollingMin(quote_volume_mean_24,20)))",67bab8fae9bb113f,12,generated_candidate,original,0.31070000000000003,False,False,selected_for_strict_replay
a7o_l1_C0267_0278,C0267,278,H10_range_breakout_failure,P8_regime_state,ResidualizeVsFundingCore,spread_12_vs_48,cross_symbol_zscore,FundingCore_and_Core4,lag_stable,F11_cross_symbol_crowding,quote_volume_mean_24;realized_vol_24,liquidity;volatility,"Sub(Decay(ResidualizeVsCore4(ResidualizeVsFundingCore(cross_symbol_zscore(Mul(TSRank(quote_volume_mean_24,48),ResidualizeVsFundingCore(Mul(Rank(TSMean(quote_volume_mean_24,20)),ZScore(TSMean(realized_vol_24,30)))))))),24),Sub(RollingMax(quote_volume_mean_24,24),RollingMin(realized_vol_24,36)))",bd532952dfd6b7fa,48,generated_candidate,original,0.30970000000000003,False,False,selected_for_strict_replay
a7o_l1_C0267_1442,C0267,1442,H10_range_breakout_failure,P8_regime_state,ResidualizeVsFundingCore,spread_12_vs_48,cross_symbol_zscore,FundingCore_and_Core4,lag_stable,F11_cross_symbol_crowding,quote_volume_mean_24;realized_vol_24,liquidity;volatility,"Sub(Decay(ResidualizeVsCore4(ResidualizeVsFundingCore(cross_symbol_zscore(Sub(ResidualizeVsFundingCore(Mul(Rank(TSMean(realized_vol_24,16)),ZScore(TSMean(quote_volume_mean_24,20)))),Abs(ZScore(TSMean(quote_volume_mean_24,30))))))),48),Sub(RollingMax(realized_vol_24,48),RollingMin(quote_volume_mean_24,72)))",37e6a1182a6ac421,24,generated_candidate,original,0.30970000000000003,False,False,selected_for_strict_replay
a7o_l1_C0267_1733,C0267,1733,H10_range_breakout_failure,P8_regime_state,ResidualizeVsFundingCore,spread_12_vs_48,cross_symbol_zscore,FundingCore_and_Core4,lag_stable,F11_cross_symbol_crowding,quote_volume_mean_24;realized_vol_24,liquidity;volatility,"Sub(Decay(ResidualizeVsCore4(ResidualizeVsFundingCore(cross_symbol_zscore(Add(ResidualizeVsFundingCore(Mul(Rank(TSMean(realized_vol_24,72)),ZScore(TSMean(quote_volume_mean_24,16)))),ZScore(TSMean(quote_volume_mean_24,36)))))),24),Sub(RollingMax(realized_vol_24,24),RollingMin(quote_volume_mean_24,30)))",f042efca62b20f4e,48,generated_candidate,original,0.30970000000000003,False,False,selected_for_strict_replay
a7o_l1_C0267_1344,C0267,1344,H10_range_breakout_failure,P8_regime_state,ResidualizeVsFundingCore,spread_12_vs_48,cross_symbol_zscore,FundingCore_and_Core4,lag_stable,F11_cross_symbol_crowding,quote_volume_mean_24;realized_vol_24,liquidity;volatility,"Sub(Decay(ResidualizeVsCore4(ResidualizeVsFundingCore(cross_symbol_zscore(TSMean(ResidualizeVsFundingCore(Mul(Rank(TSMean(quote_volume_mean_24,24)),ZScore(TSMean(realized_vol_24,48)))),84)))),10),Sub(RollingMax(quote_volume_mean_24,10),RollingMin(realized_vol_24,16)))",e8dfe9f0ce0b16e4,72,generated_candidate,original,0.30870000000000003,False,False,selected_for_strict_replay
a7o_l1_C0267_0567,C0267,567,H10_range_breakout_failure,P8_regime_state,ResidualizeVsFundingCore,spread_12_vs_48,cross_symbol_zscore,FundingCore_and_Core4,lag_stable,F11_cross_symbol_crowding,quote_volume_mean_24;realized_vol_24,liquidity;volatility,"Sub(Decay(ResidualizeVsCore4(ResidualizeVsFundingCore(cross_symbol_zscore(Sub(SmoothInteraction(realized_vol_24,TSMean(quote_volume_mean_24,10)),TSRank(ResidualizeVsFundingCore(Mul(Rank(TSMean(realized_vol_24,48)),ZScore(TSMean(quote_volume_mean_24,6)))),8))))),24),Sub(RollingMax(realized_vol_24,24),RollingMin(quote_volume_mean_24,48)))",fbacd7890db6b669,24,generated_candidate,original,0.30770000000000003,False,False,selected_for_strict_replay
a7o_l1_C0268_0096,C0268,96,H01_cross_symbol_relative_strength,P13_trade_size_volatility,RegimeMaskNonMay,mixed_6_24,cross_symbol_rank,FundingCore_and_Core4,low_turnover,F8_low_vol_high_liquidity,avg_trade_size_quote;realized_vol_12,liquidity;volatility,"CrossSymbolRank(TSMean(ResidualizeVsCore4(ResidualizeVsFundingCore(cross_symbol_rank(Mul(Neg(Rank(TSMean(realized_vol_12,4))),RegimeMaskNonMay(F8_low_vol_high_liquidity,Mul(Rank(TSMean(realized_vol_12,16)),ZScore(TSMean(avg_trade_size_quote,24)))))))),20))",8735b50d4d0b20d5,12,generated_candidate,original,0.33980000000000005,False,False,selected_for_strict_replay
a7o_l1_C0268_0387,C0268,387,H01_cross_symbol_relative_strength,P13_trade_size_volatility,RegimeMaskNonMay,mixed_6_24,cross_symbol_rank,FundingCore_and_Core4,low_turnover,F8_low_vol_high_liquidity,avg_trade_size_quote;realized_vol_24,liquidity;volatility,"CrossSymbolRank(TSMean(ResidualizeVsCore4(ResidualizeVsFundingCore(cross_symbol_rank(Clip(RegimeMaskNonMay(F8_low_vol_high_liquidity,Mul(Rank(TSMean(avg_trade_size_quote,48)),ZScore(TSMean(realized_vol_24,6)))),-4.0,4.0)))),60))",9aace43489d96d80,24,generated_candidate,original,0.33980000000000005,False,False,selected_for_strict_replay
a7o_l1_C0268_0484,C0268,484,H01_cross_symbol_relative_strength,P13_trade_size_volatility,RegimeMaskNonMay,mixed_6_24,cross_symbol_rank,FundingCore_and_Core4,low_turnover,F8_low_vol_high_liquidity,avg_trade_size_quote;realized_vol_24,liquidity;volatility,"CrossSymbolRank(TSMean(ResidualizeVsCore4(ResidualizeVsFundingCore(cross_symbol_rank(SafeDiv(Sub(RegimeMaskNonMay(F8_low_vol_high_liquidity,Mul(Rank(TSMean(realized_vol_24,60)),ZScore(TSMean(avg_trade_size_quote,96)))),Rank(TSMean(realized_vol_24,36))),Clip(Abs(TSRank(avg_trade_size_quote,72)),0.05,2.25))))),12))",0f38100a8a3ea86a,72,generated_candidate,original,0.33980000000000005,False,False,selected_for_strict_replay
a7o_l1_C0268_0775,C0268,775,H01_cross_symbol_relative_strength,P13_trade_size_volatility,RegimeMaskNonMay,mixed_6_24,cross_symbol_rank,FundingCore_and_Core4,low_turnover,F8_low_vol_high_liquidity,number_of_trades;realized_vol_24,liquidity;volatility,"CrossSymbolRank(TSMean(ResidualizeVsCore4(ResidualizeVsFundingCore(cross_symbol_rank(SafeDiv(RegimeMaskNonMay(F8_low_vol_high_liquidity,Mul(Rank(TSMean(number_of_trades,3)),ZScore(TSMean(realized_vol_24,8)))),Clip(Abs(ZScore(TSStd(realized_vol_24,10))),0.05,6.0))))),24))",04843a613f88be57,6,generated_candidate,original,0.33980000000000005,False,False,selected_for_strict_replay
a7o_l1_C0268_0969,C0268,969,H01_cross_symbol_relative_strength,P13_trade_size_volatility,RegimeMaskNonMay,mixed_6_24,cross_symbol_rank,FundingCore_and_Core4,low_turnover,F8_low_vol_high_liquidity,number_of_trades;realized_vol_12,liquidity;volatility,"CrossSymbolRank(TSMean(ResidualizeVsCore4(ResidualizeVsFundingCore(cross_symbol_rank(Rank(Delta(RegimeMaskNonMay(F8_low_vol_high_liquidity,Mul(Rank(TSMean(realized_vol_12,96)),ZScore(TSMean(number_of_trades,36)))),72))))),36))",354e7777b1706881,72,generated_candidate,original,0.33980000000000005,False,False,selected_for_strict_replay
a7o_l1_C0268_1066,C0268,1066,H01_cross_symbol_relative_strength,P13_trade_size_volatility,RegimeMaskNonMay,mixed_6_24,cross_symbol_rank,FundingCore_and_Core4,low_turnover,F8_low_vol_high_liquidity,avg_trade_size_quote;realized_vol_12,liquidity;volatility,"CrossSymbolRank(TSMean(ResidualizeVsCore4(ResidualizeVsFundingCore(cross_symbol_rank(Rank(SmoothInteraction(RegimeMaskNonMay(F8_low_vol_high_liquidity,Mul(Rank(TSMean(avg_trade_size_quote,4)),ZScore(TSMean(realized_vol_12,8)))),TSStd(avg_trade_size_quote,12)))))),20))",a3eff779b452dc8e,12,generated_candidate,original,0.33980000000000005,False,False,selected_for_strict_replay
a7o_l1_C0268_1357,C0268,1357,H01_cross_symbol_relative_strength,P13_trade_size_volatility,RegimeMaskNonMay,mixed_6_24,cross_symbol_rank,FundingCore_and_Core4,low_turnover,F8_low_vol_high_liquidity,number_of_trades;realized_vol_24,liquidity;volatility,"CrossSymbolRank(TSMean(ResidualizeVsCore4(ResidualizeVsFundingCore(cross_symbol_rank(Mul(ZScore(TSMean(realized_vol_24,8)),RegimeMaskNonMay(F8_low_vol_high_liquidity,Mul(Rank(TSMean(realized_vol_24,48)),ZScore(TSMean(number_of_trades,6)))))))),16))",a7687673e576905a,24,generated_candidate,original,0.33980000000000005,False,False,selected_for_strict_replay
a7o_l1_C0268_1454,C0268,1454,H01_cross_symbol_relative_strength,P13_trade_size_volatility,RegimeMaskNonMay,mixed_6_24,cross_symbol_rank,FundingCore_and_Core4,low_turnover,F8_low_vol_high_liquidity,number_of_trades;realized_vol_12,liquidity;volatility,"CrossSymbolRank(TSMean(ResidualizeVsCore4(ResidualizeVsFundingCore(cross_symbol_rank(Mul(SafeDiv(ZScore(TSMean(number_of_trades,24)),Clip(Abs(ZScore(TSMean(realized_vol_12,48))),0.05,3.0)),RegimeMaskNonMay(F8_low_vol_high_liquidity,Mul(Rank(TSMean(number_of_trades,36)),ZScore(TSMean(realized_vol_12,72)))))))),12))",75b40507fd1f34ed,72,generated_candidate,original,0.33980000000000005,False,False,selected_for_strict_replay
a7o_l1_C0268_1745,C0268,1745,H01_cross_symbol_relative_strength,P13_trade_size_volatility,RegimeMaskNonMay,mixed_6_24,cross_symbol_rank,FundingCore_and_Core4,low_turnover,F8_low_vol_high_liquidity,number_of_trades;realized_vol_24,liquidity;volatility,"CrossSymbolRank(TSMean(ResidualizeVsCore4(ResidualizeVsFundingCore(cross_symbol_rank(SmoothInteraction(RegimeMaskNonMay(F8_low_vol_high_liquidity,Mul(Rank(TSMean(number_of_trades,3)),ZScore(TSMean(realized_vol_24,8)))),TSMean(realized_vol_24,10))))),6))",7f790a1017553d56,6,generated_candidate,original,0.33980000000000005,False,False,selected_for_strict_replay
a7o_l1_C0268_1842,C0268,1842,H01_cross_symbol_relative_strength,P13_trade_size_volatility,RegimeMaskNonMay,mixed_6_24,cross_symbol_rank,FundingCore_and_Core4,low_turnover,F8_low_vol_high_liquidity,avg_trade_size_quote;realized_vol_24,liquidity;volatility,"CrossSymbolRank(TSMean(ResidualizeVsCore4(ResidualizeVsFundingCore(CrossSymbolRank(Add(RegimeMaskNonMay(F8_low_vol_high_liquidity,Mul(Rank(TSMean(realized_vol_24,16)),ZScore(TSMean(avg_trade_size_quote,20)))),TSMean(realized_vol_24,24))))),60))",aa4d1e8882e1cbed,24,generated_candidate,original,0.33980000000000005,False,False,selected_for_strict_replay
a7o_l1_C0268_2036,C0268,2036,H01_cross_symbol_relative_strength,P13_trade_size_volatility,RegimeMaskNonMay,mixed_6_24,cross_symbol_rank,FundingCore_and_Core4,low_turnover,F8_low_vol_high_liquidity,avg_trade_size_quote;realized_vol_12,liquidity;volatility,"CrossSymbolRank(TSMean(ResidualizeVsCore4(ResidualizeVsFundingCore(cross_symbol_rank(RegimeMaskNonMay(F3_high_liquidity_high_vol,Sub(RegimeMaskNonMay(F8_low_vol_high_liquidity,Mul(Rank(TSMean(avg_trade_size_quote,12)),ZScore(TSMean(realized_vol_12,20)))),Rank(TSMean(avg_trade_size_quote,3))))))),16))",f2ed8a28e5ac6789,12,generated_candidate,original,0.33980000000000005,False,False,selected_for_strict_replay
a7o_l1_C0268_0289,C0268,289,H01_cross_symbol_relative_strength,P13_trade_size_volatility,RegimeMaskNonMay,mixed_6_24,cross_symbol_rank,FundingCore_and_Core4,low_turnover,F8_low_vol_high_liquidity,number_of_trades;realized_vol_12,liquidity;volatility,"CrossSymbolRank(TSMean(ResidualizeVsCore4(ResidualizeVsFundingCore(cross_symbol_rank(Add(Abs(ZScore(TSStd(realized_vol_12,72))),RegimeMaskNonMay(F8_low_vol_high_liquidity,Mul(Rank(TSMean(realized_vol_12,96)),ZScore(TSMean(number_of_trades,36)))))))),36))",fb85d5622f76e275,72,generated_candidate,original,0.33880000000000005,False,False,selected_for_strict_replay
a7o_l1_C0268_0386,C0268,386,H01_cross_symbol_relative_strength,P13_trade_size_volatility,RegimeMaskNonMay,mixed_6_24,cross_symbol_rank,FundingCore_and_Core4,low_turnover,F8_low_vol_high_liquidity,avg_trade_size_quote;realized_vol_12,liquidity;volatility,"CrossSymbolRank(TSMean(ResidualizeVsCore4(ResidualizeVsFundingCore(cross_symbol_rank(ZScore(Decay(RegimeMaskNonMay(F8_low_vol_high_liquidity,Mul(Rank(TSMean(avg_trade_size_quote,6)),ZScore(TSMean(realized_vol_12,10)))),16))))),24))",500bb431c823349a,12,generated_candidate,original,0.33880000000000005,False,False,selected_for_strict_replay
a7o_l1_C0268_0677,C0268,677,H01_cross_symbol_relative_strength,P13_trade_size_volatility,RegimeMaskNonMay,mixed_6_24,cross_symbol_rank,FundingCore_and_Core4,low_turnover,F8_low_vol_high_liquidity,number_of_trades;realized_vol_24,liquidity;volatility,"CrossSymbolRank(TSMean(ResidualizeVsCore4(ResidualizeVsFundingCore(cross_symbol_rank(RollingMax(Sub(RegimeMaskNonMay(F8_low_vol_high_liquidity,Mul(Rank(TSMean(realized_vol_24,48)),ZScore(TSMean(number_of_trades,6)))),ZScore(TSMean(realized_vol_24,8))),10)))),16))",17d3d1ff3d0bc6e1,24,generated_candidate,original,0.33880000000000005,False,False,selected_for_strict_replay
a7o_l1_C0268_0774,C0268,774,H01_cross_symbol_relative_strength,P13_trade_size_volatility,RegimeMaskNonMay,mixed_6_24,cross_symbol_rank,FundingCore_and_Core4,low_turnover,F8_low_vol_high_liquidity,number_of_trades;realized_vol_12,liquidity;volatility,"CrossSymbolRank(TSMean(ResidualizeVsCore4(ResidualizeVsFundingCore(cross_symbol_rank(Mul(RegimeMaskNonMay(F8_low_vol_high_liquidity,Mul(Rank(TSMean(number_of_trades,36)),ZScore(TSMean(realized_vol_12,72)))),Rank(TSStd(number_of_trades,24)))))),16))",970828ca58412fb5,72,generated_candidate,original,0.33880000000000005,False,False,selected_for_strict_replay
a7o_l1_C0268_0968,C0268,968,H01_cross_symbol_relative_strength,P13_trade_size_volatility,RegimeMaskNonMay,mixed_6_24,cross_symbol_rank,FundingCore_and_Core4,low_turnover,F8_low_vol_high_liquidity,avg_trade_size_quote;realized_vol_12,liquidity;volatility,"CrossSymbolRank(TSMean(ResidualizeVsCore4(ResidualizeVsFundingCore(cross_symbol_rank(Sub(TSMean(RegimeMaskNonMay(F8_low_vol_high_liquidity,Mul(Rank(TSMean(realized_vol_12,72)),ZScore(TSMean(avg_trade_size_quote,16)))),24),TSMean(RegimeMaskNonMay(F8_low_vol_high_liquidity,Mul(Rank(TSMean(realized_vol_12,72)),ZScore(TSMean(avg_trade_size_quote,16)))),36))))),3))",3e27e6beca487b89,48,generated_candidate,original,0.33880000000000005,False,False,selected_for_strict_replay
a7o_l1_C0268_1259,C0268,1259,H01_cross_symbol_relative_strength,P13_trade_size_volatility,RegimeMaskNonMay,mixed_6_24,cross_symbol_rank,FundingCore_and_Core4,low_turnover,F8_low_vol_high_liquidity,avg_trade_size_quote;realized_vol_24,liquidity;volatility,"CrossSymbolRank(TSMean(ResidualizeVsCore4(ResidualizeVsFundingCore(cross_symbol_rank(Mul(Add(Rank(TSMean(avg_trade_size_quote,48)),ZScore(TSMean(realized_vol_24,84))),Clip(RegimeMaskNonMay(F8_low_vol_high_liquidity,Mul(Rank(TSMean(avg_trade_size_quote,72)),ZScore(TSMean(realized_vol_24,24)))),-4.0,4.0))))),60))",2167bdb83c9a62de,72,generated_candidate,original,0.33880000000000005,False,False,selected_for_strict_replay
a7o_l1_C0268_1356,C0268,1356,H01_cross_symbol_relative_strength,P13_trade_size_volatility,RegimeMaskNonMay,mixed_6_24,cross_symbol_rank,FundingCore_and_Core4,low_turnover,F8_low_vol_high_liquidity,avg_trade_size_quote;realized_vol_24,liquidity;volatility,"CrossSymbolRank(TSMean(ResidualizeVsCore4(ResidualizeVsFundingCore(cross_symbol_rank(Neg(Clip(RegimeMaskNonMay(F8_low_vol_high_liquidity,Mul(Rank(TSMean(realized_vol_24,16)),ZScore(TSMean(avg_trade_size_quote,24)))),-1.5,1.5))))),20))",df78998d88e0a8ae,12,generated_candidate,original,0.33880000000000005,False,False,selected_for_strict_replay
a7o_l1_C0268_1647,C0268,1647,H01_cross_symbol_relative_strength,P13_trade_size_volatility,RegimeMaskNonMay,mixed_6_24,cross_symbol_rank,FundingCore_and_Core4,low_turnover,F8_low_vol_high_liquidity,number_of_trades;realized_vol_24,liquidity;volatility,"CrossSymbolRank(TSMean(ResidualizeVsCore4(ResidualizeVsFundingCore(cross_symbol_rank(Clip(Add(Decay(RegimeMaskNonMay(F8_low_vol_high_liquidity,Mul(Rank(TSMean(number_of_trades,48)),ZScore(TSMean(realized_vol_24,6)))),8),TSRank(number_of_trades,10)),-4.0,4.0)))),24))",9a9caecf7bb9003c,24,generated_candidate,original,0.33880000000000005,False,False,selected_for_strict_replay
a7o_l1_C0268_1744,C0268,1744,H01_cross_symbol_relative_strength,P13_trade_size_volatility,RegimeMaskNonMay,mixed_6_24,cross_symbol_rank,FundingCore_and_Core4,low_turnover,F8_low_vol_high_liquidity,number_of_trades;realized_vol_12,liquidity;volatility,"CrossSymbolRank(TSMean(ResidualizeVsCore4(ResidualizeVsFundingCore(cross_symbol_rank(HorizonSpread(RegimeMaskNonMay(F8_low_vol_high_liquidity,Mul(Rank(TSMean(number_of_trades,24)),ZScore(TSMean(realized_vol_12,48)))),84,30)))),12))",310e76c2ecf535c1,72,generated_candidate,original,0.33880000000000005,False,False,selected_for_strict_replay
a7o_l1_C0268_2035,C0268,2035,H01_cross_symbol_relative_strength,P13_trade_size_volatility,RegimeMaskNonMay,mixed_6_24,cross_symbol_rank,FundingCore_and_Core4,low_turnover,F8_low_vol_high_liquidity,number_of_trades;realized_vol_24,liquidity;volatility,"CrossSymbolRank(TSMean(ResidualizeVsCore4(ResidualizeVsFundingCore(CrossSymbolZScore(Sub(RegimeMaskNonMay(F8_low_vol_high_liquidity,Mul(Rank(TSMean(realized_vol_24,3)),ZScore(TSMean(number_of_trades,8)))),TSMean(number_of_trades,10))))),60))",fe8d1f1d0a8b149f,6,generated_candidate,original,0.33880000000000005,False,False,selected_for_strict_replay
a7o_l1_C0268_0191,C0268,191,H01_cross_symbol_relative_strength,P13_trade_size_volatility,RegimeMaskNonMay,mixed_6_24,cross_symbol_rank,FundingCore_and_Core4,low_turnover,F8_low_vol_high_liquidity,number_of_trades;realized_vol_12,liquidity;volatility,"CrossSymbolRank(TSMean(ResidualizeVsCore4(ResidualizeVsFundingCore(cross_symbol_rank(Clip(SafeDiv(Add(RegimeMaskNonMay(F8_low_vol_high_liquidity,Mul(Rank(TSMean(realized_vol_12,12)),ZScore(TSMean(number_of_trades,20)))),TSMean(realized_vol_12,3)),Clip(Abs(TSMean(number_of_trades,6)),0.05,4.0)),-2.0,2.0)))),24))",da3390e7216c8f59,12,generated_candidate,original,0.33780000000000004,False,False,selected_for_strict_replay
a7o_l1_C0268_0288,C0268,288,H01_cross_symbol_relative_strength,P13_trade_size_volatility,RegimeMaskNonMay,mixed_6_24,cross_symbol_rank,FundingCore_and_Core4,low_turnover,F8_low_vol_high_liquidity,avg_trade_size_quote;realized_vol_12,liquidity;volatility,"CrossSymbolRank(TSMean(ResidualizeVsCore4(ResidualizeVsFundingCore(cross_symbol_rank(Mul(Neg(Rank(TSMean(realized_vol_12,30))),RegimeMaskNonMay(F8_low_vol_high_liquidity,Mul(Rank(TSMean(realized_vol_12,12)),ZScore(TSMean(avg_trade_size_quote,20)))))))),4))",f0c51b4aa711c381,48,generated_candidate,original,0.33780000000000004,False,False,selected_for_strict_replay
a7o_l1_C0268_0579,C0268,579,H01_cross_symbol_relative_strength,P13_trade_size_volatility,RegimeMaskNonMay,mixed_6_24,cross_symbol_rank,FundingCore_and_Core4,low_turnover,F8_low_vol_high_liquidity,avg_trade_size_quote;realized_vol_24,liquidity;volatility,"CrossSymbolRank(TSMean(ResidualizeVsCore4(ResidualizeVsFundingCore(cross_symbol_rank(Clip(RegimeMaskNonMay(F8_low_vol_high_liquidity,Mul(Rank(TSMean(avg_trade_size_quote,72)),ZScore(TSMean(realized_vol_24,24)))),-1.5,1.5)))),60))",f5c370d5715bb8ba,72,generated_candidate,original,0.33780000000000004,False,False,selected_for_strict_replay
a7o_l1_C0269_1648,C0269,1648,H14_open_ast_cem_diversity,P3_trade_size,RollingMinRank,H72,same_symbol_rank,none,low_turnover,F11_cross_symbol_crowding,avg_trade_size_quote;number_of_trades,liquidity,"SafeDiv(TSMean(ResidualizeVsFundingCore(Add(Rank(RollingMin(avg_trade_size_quote,24)),Rank(TSMean(avg_trade_size_quote,20)))),24),Clip(Abs(TSMean(number_of_trades,4)),0.05,4.0))",6a69fcb766824c59,72,generated_candidate,original,0.1975,False,False,selected_for_strict_replay
a7o_l1_C0269_1841,C0269,1841,H14_open_ast_cem_diversity,P3_trade_size,RollingMinRank,H72,same_symbol_rank,none,low_turnover,F11_cross_symbol_crowding,number_of_trades;quote_asset_volume,liquidity,"SafeDiv(TSMean(ResidualizeVsCore4(Sub(Rank(RollingMin(number_of_trades,96)),ZScore(TSMean(quote_asset_volume,12)))),10),Clip(Abs(TSMean(quote_asset_volume,12)),0.05,4.0))",0b78e7698f04ec76,72,generated_candidate,original,0.1965,False,False,selected_for_strict_replay
a7o_l1_C0269_1840,C0269,1840,H14_open_ast_cem_diversity,P3_trade_size,RollingMinRank,H72,same_symbol_rank,none,low_turnover,F11_cross_symbol_crowding,number_of_trades,liquidity,"SafeDiv(TSMean(ResidualizeVsFundingCore(Add(Rank(RollingMin(number_of_trades,24)),Rank(TSMean(number_of_trades,4)))),6),Clip(Abs(TSMean(number_of_trades,10)),0.05,4.0))",d885876a7bd33404,72,generated_candidate,original,0.1955,False,False,selected_for_strict_replay
a7o_l1_C0269_2033,C0269,2033,H14_open_ast_cem_diversity,P3_trade_size,RollingMinRank,H72,same_symbol_rank,none,low_turnover,F11_cross_symbol_crowding,quote_asset_volume,liquidity,"SafeDiv(TSMean(ResidualizeVsCore4(Sub(Rank(RollingMin(quote_asset_volume,96)),ZScore(TSMean(quote_asset_volume,72)))),24),Clip(Abs(TSMean(quote_asset_volume,30)),0.05,4.0))",ab317a89058a1acc,72,generated_candidate,original,0.1945,False,False,selected_for_strict_replay
a7o_l1_C0269_2032,C0269,2032,H14_open_ast_cem_diversity,P3_trade_size,RollingMinRank,H72,same_symbol_rank,none,low_turnover,F11_cross_symbol_crowding,number_of_trades;quote_asset_volume,liquidity,"SafeDiv(TSMean(ResidualizeVsFundingCore(Add(Rank(RollingMin(quote_asset_volume,24)),Rank(TSMean(quote_asset_volume,24)))),12),Clip(Abs(TSMean(number_of_trades,20)),0.05,4.0))",a1d72ceda939c82c,72,generated_candidate,original,0.1935,False,False,selected_for_strict_replay
a7o_l1_C0269_2036,C0269,2036,H14_open_ast_cem_diversity,P3_trade_size,RollingMinRank,H72,same_symbol_rank,none,low_turnover,F11_cross_symbol_crowding,number_of_trades,liquidity,"SafeDiv(TSMean(RegimeMaskNonMay(F3_high_liquidity_high_vol,Sub(Rank(RollingMin(number_of_trades,60)),Rank(TSMean(number_of_trades,3)))),16),Clip(Abs(TSMean(number_of_trades,24)),0.05,4.0))",9912cb43e3d2b4f5,72,generated_candidate,original,0.1875,False,False,selected_for_strict_replay
a7o_l1_C0269_0177,C0269,177,H14_open_ast_cem_diversity,P3_trade_size,RollingMinRank,H72,same_symbol_rank,none,low_turnover,F11_cross_symbol_crowding,avg_trade_size_quote;quote_asset_volume,liquidity,"SafeDiv(TSMean(ResidualizeVsCore4(Sub(Rank(RollingMin(avg_trade_size_quote,96)),ZScore(TSMean(quote_asset_volume,10)))),16),Clip(Abs(TSMean(quote_asset_volume,20)),0.05,4.0))",fc0af157930eaf1c,72,generated_candidate,original,0.1815,False,False,selected_for_strict_replay
a7o_l1_C0269_0176,C0269,176,H14_open_ast_cem_diversity,P3_trade_size,RollingMinRank,H72,same_symbol_rank,none,low_turnover,F11_cross_symbol_crowding,number_of_trades;quote_asset_volume,liquidity,"SafeDiv(TSMean(ResidualizeVsFundingCore(Add(Rank(RollingMin(quote_asset_volume,24)),Rank(TSMean(quote_asset_volume,8)))),3),Clip(Abs(TSMean(number_of_trades,6)),0.05,4.0))",10b2d1fda1f539b3,72,generated_candidate,original,0.1805,False,False,selected_for_strict_replay
a7o_l1_C0269_0369,C0269,369,H14_open_ast_cem_diversity,P3_trade_size,RollingMinRank,H72,same_symbol_rank,none,low_turnover,F11_cross_symbol_crowding,number_of_trades;quote_asset_volume,liquidity,"SafeDiv(TSMean(ResidualizeVsCore4(Sub(Rank(RollingMin(quote_asset_volume,96)),ZScore(TSMean(number_of_trades,24)))),36),Clip(Abs(TSMean(number_of_trades,48)),0.05,4.0))",93417aee1b9ee6f5,72,generated_candidate,original,0.1795,False,False,selected_for_strict_replay
a7o_l1_C0269_0368,C0269,368,H14_open_ast_cem_diversity,P3_trade_size,RollingMinRank,H72,same_symbol_rank,none,low_turnover,F11_cross_symbol_crowding,avg_trade_size_quote;number_of_trades,liquidity,"SafeDiv(TSMean(ResidualizeVsFundingCore(Add(Rank(RollingMin(avg_trade_size_quote,24)),Rank(TSMean(avg_trade_size_quote,48)))),8),Clip(Abs(TSMean(number_of_trades,12)),0.05,4.0))",d7cdc775403a1756,72,generated_candidate,original,0.1785,False,False,selected_for_strict_replay
a7o_l1_C0269_0561,C0269,561,H14_open_ast_cem_diversity,P3_trade_size,RollingMinRank,H72,same_symbol_rank,none,low_turnover,F11_cross_symbol_crowding,avg_trade_size_quote;number_of_trades,liquidity,"SafeDiv(TSMean(ResidualizeVsCore4(Sub(Rank(RollingMin(avg_trade_size_quote,96)),ZScore(TSMean(number_of_trades,3)))),10),Clip(Abs(TSMean(number_of_trades,12)),0.05,4.0))",06d781f24af1fd50,72,generated_candidate,original,0.1775,False,False,selected_for_strict_replay
a7o_l1_C0269_0560,C0269,560,H14_open_ast_cem_diversity,P3_trade_size,RollingMinRank,H72,same_symbol_rank,none,low_turnover,F11_cross_symbol_crowding,avg_trade_size_quote;quote_asset_volume,liquidity,"SafeDiv(TSMean(ResidualizeVsFundingCore(Add(Rank(RollingMin(quote_asset_volume,24)),Rank(TSMean(quote_asset_volume,4)))),16),Clip(Abs(TSMean(avg_trade_size_quote,24)),0.05,4.0))",8d72852dcc85eef6,72,generated_candidate,original,0.1765,False,False,selected_for_strict_replay
a7o_l1_C0269_0181,C0269,181,H14_open_ast_cem_diversity,P3_trade_size,RollingMinRank,H72,same_symbol_rank,none,low_turnover,F11_cross_symbol_crowding,quote_asset_volume,liquidity,"SafeDiv(TSMean(RegimeMaskNonMay(F5_funding_neutral,Add(Rank(RollingMin(quote_asset_volume,48)),ZScore(TSMean(quote_asset_volume,10)))),10),Clip(Abs(TSMean(quote_asset_volume,12)),0.05,4.0))",b0ef83f44a89a8e6,72,generated_candidate,original,0.17550000000000002,False,False,selected_for_strict_replay
a7o_l1_C0269_0753,C0269,753,H14_open_ast_cem_diversity,P3_trade_size,RollingMinRank,H72,same_symbol_rank,none,low_turnover,F11_cross_symbol_crowding,number_of_trades,liquidity,"SafeDiv(TSMean(ResidualizeVsCore4(Sub(Rank(RollingMin(number_of_trades,96)),ZScore(TSMean(number_of_trades,24)))),24),Clip(Abs(TSMean(number_of_trades,30)),0.05,4.0))",6f7939f4cf7d68ea,72,generated_candidate,original,0.1755,False,False,selected_for_strict_replay
a7o_l1_C0269_0180,C0269,180,H14_open_ast_cem_diversity,P3_trade_size,RollingMinRank,H72,same_symbol_rank,none,low_turnover,F11_cross_symbol_crowding,number_of_trades;quote_asset_volume,liquidity,"SafeDiv(TSMean(RegimeMaskNonMay(F3_high_liquidity_high_vol,Sub(Rank(RollingMin(quote_asset_volume,60)),Rank(TSMean(quote_asset_volume,4)))),4),Clip(Abs(TSMean(number_of_trades,8)),0.05,4.0))",95547773a18ea827,72,generated_candidate,original,0.17450000000000002,False,False,selected_for_strict_replay
a7o_l1_C0269_0752,C0269,752,H14_open_ast_cem_diversity,P3_trade_size,RollingMinRank,H72,same_symbol_rank,none,low_turnover,F11_cross_symbol_crowding,avg_trade_size_quote,liquidity,"SafeDiv(TSMean(ResidualizeVsFundingCore(Add(Rank(RollingMin(avg_trade_size_quote,24)),Rank(TSMean(avg_trade_size_quote,24)))),3),Clip(Abs(TSMean(avg_trade_size_quote,6)),0.05,4.0))",f09bd94d42b68330,72,generated_candidate,original,0.1745,False,False,selected_for_strict_replay
a7o_l1_C0269_0373,C0269,373,H14_open_ast_cem_diversity,P3_trade_size,RollingMinRank,H72,same_symbol_rank,none,low_turnover,F11_cross_symbol_crowding,avg_trade_size_quote;quote_asset_volume,liquidity,"SafeDiv(TSMean(RegimeMaskNonMay(F5_funding_neutral,Add(Rank(RollingMin(avg_trade_size_quote,48)),ZScore(TSMean(quote_asset_volume,60)))),24),Clip(Abs(TSMean(quote_asset_volume,30)),0.05,4.0))",1570cc89332b8ad7,72,generated_candidate,original,0.17350000000000002,False,False,selected_for_strict_replay
a7o_l1_C0269_0945,C0269,945,H14_open_ast_cem_diversity,P3_trade_size,RollingMinRank,H72,same_symbol_rank,none,low_turnover,F11_cross_symbol_crowding,avg_trade_size_quote,liquidity,"SafeDiv(TSMean(ResidualizeVsCore4(Sub(Rank(RollingMin(avg_trade_size_quote,96)),ZScore(TSMean(avg_trade_size_quote,10)))),6),Clip(Abs(TSMean(avg_trade_size_quote,8)),0.05,4.0))",3ddac85b2a9f8f22,72,generated_candidate,original,0.1735,False,False,selected_for_strict_replay
a7o_l1_C0269_0372,C0269,372,H14_open_ast_cem_diversity,P3_trade_size,RollingMinRank,H72,same_symbol_rank,none,low_turnover,F11_cross_symbol_crowding,avg_trade_size_quote;number_of_trades,liquidity,"SafeDiv(TSMean(RegimeMaskNonMay(F3_high_liquidity_high_vol,Sub(Rank(RollingMin(avg_trade_size_quote,60)),Rank(TSMean(avg_trade_size_quote,24)))),10),Clip(Abs(TSMean(number_of_trades,16)),0.05,4.0))",9f918148e4571bec,72,generated_candidate,original,0.17250000000000001,False,False,selected_for_strict_replay
a7o_l1_C0269_0944,C0269,944,H14_open_ast_cem_diversity,P3_trade_size,RollingMinRank,H72,same_symbol_rank,none,low_turnover,F11_cross_symbol_crowding,avg_trade_size_quote;number_of_trades,liquidity,"SafeDiv(TSMean(ResidualizeVsFundingCore(Add(Rank(RollingMin(number_of_trades,24)),Rank(TSMean(number_of_trades,84)))),8),Clip(Abs(TSMean(avg_trade_size_quote,12)),0.05,4.0))",7be4251ca9b1dcb5,72,generated_candidate,original,0.1725,False,False,selected_for_strict_replay
a7o_l1_C0269_0565,C0269,565,H14_open_ast_cem_diversity,P3_trade_size,RollingMinRank,H72,same_symbol_rank,none,low_turnover,F11_cross_symbol_crowding,number_of_trades;quote_asset_volume,liquidity,"SafeDiv(TSMean(RegimeMaskNonMay(F5_funding_neutral,Add(Rank(RollingMin(number_of_trades,48)),ZScore(TSMean(quote_asset_volume,10)))),6),Clip(Abs(TSMean(quote_asset_volume,8)),0.05,4.0))",97f98e0f7510e323,72,generated_candidate,original,0.1715,False,False,selected_for_strict_replay
a7o_l1_C0269_1137,C0269,1137,H14_open_ast_cem_diversity,P3_trade_size,RollingMinRank,H72,same_symbol_rank,none,low_turnover,F11_cross_symbol_crowding,avg_trade_size_quote;number_of_trades,liquidity,"SafeDiv(TSMean(ResidualizeVsCore4(Sub(Rank(RollingMin(number_of_trades,96)),ZScore(TSMean(avg_trade_size_quote,10)))),16),Clip(Abs(TSMean(avg_trade_size_quote,20)),0.05,4.0))",d3c76ed90794b504,72,generated_candidate,original,0.1715,False,False,selected_for_strict_replay
a7o_l1_C0269_0564,C0269,564,H14_open_ast_cem_diversity,P3_trade_size,RollingMinRank,H72,same_symbol_rank,none,low_turnover,F11_cross_symbol_crowding,number_of_trades,liquidity,"SafeDiv(TSMean(RegimeMaskNonMay(F3_high_liquidity_high_vol,Sub(Rank(RollingMin(number_of_trades,60)),Rank(TSMean(number_of_trades,36)))),20),Clip(Abs(TSMean(number_of_trades,3)),0.05,4.0))",70dc061df250787b,72,generated_candidate,original,0.1705,False,False,selected_for_strict_replay
a7o_l1_C0269_1136,C0269,1136,H14_open_ast_cem_diversity,P3_trade_size,RollingMinRank,H72,same_symbol_rank,none,low_turnover,F11_cross_symbol_crowding,avg_trade_size_quote;quote_asset_volume,liquidity,"SafeDiv(TSMean(ResidualizeVsFundingCore(Add(Rank(RollingMin(avg_trade_size_quote,24)),Rank(TSMean(avg_trade_size_quote,3)))),16),Clip(Abs(TSMean(quote_asset_volume,24)),0.05,4.0))",b11e98adb567d1dc,72,generated_candidate,original,0.1705,False,False,selected_for_strict_replay
a7o_l1_C0270_2036,C0270,2036,H02_cross_symbol_dispersion_reversal,P10_price_liquidity,SmoothInteraction,H12,cross_symbol_rank,none,low_turnover,F1_high_realized_vol,quote_volume_mean_12;ret_6,liquidity;price,"Neg(CrossSymbolZScore(TSMean(cross_symbol_rank(RegimeMaskNonMay(F3_high_liquidity_high_vol,Sub(Mul(ZScore(TSMean(ret_6,12)),Rank(TSMean(quote_volume_mean_12,20))),Rank(TSMean(ret_6,3))))),16)))",6550e33867aa614e,12,generated_candidate,original,0.2728,False,False,selected_for_strict_replay
a7o_l1_C0270_0181,C0270,181,H02_cross_symbol_dispersion_reversal,P10_price_liquidity,SmoothInteraction,H12,cross_symbol_rank,none,low_turnover,F1_high_realized_vol,quote_volume_mean_24;ret_6,liquidity;price,"Neg(CrossSymbolZScore(TSMean(cross_symbol_rank(RegimeMaskNonMay(F5_funding_neutral,Add(Mul(ZScore(TSMean(ret_6,20)),Rank(TSMean(quote_volume_mean_24,3))),ZScore(TSMean(quote_volume_mean_24,10))))),10)))",072e7237c663fb5f,12,generated_candidate,original,0.2608,False,False,selected_for_strict_replay
a7o_l1_C0270_0180,C0270,180,H02_cross_symbol_dispersion_reversal,P10_price_liquidity,SmoothInteraction,H12,cross_symbol_rank,none,low_turnover,F1_high_realized_vol,quote_volume_mean_12;ret_6,liquidity;price,"Neg(CrossSymbolZScore(TSMean(cross_symbol_rank(RegimeMaskNonMay(F3_high_liquidity_high_vol,Sub(Mul(ZScore(TSMean(ret_6,3)),Rank(TSMean(quote_volume_mean_12,6))),Rank(TSMean(ret_6,4))))),4)))",28db67159ae2717c,12,generated_candidate,original,0.2598,False,False,selected_for_strict_replay
a7o_l1_C0270_0373,C0270,373,H02_cross_symbol_dispersion_reversal,P10_price_liquidity,SmoothInteraction,H12,cross_symbol_rank,none,low_turnover,F1_high_realized_vol,quote_volume_mean_24;ret_6,liquidity;price,"Neg(CrossSymbolZScore(TSMean(cross_symbol_rank(RegimeMaskNonMay(F5_funding_neutral,Add(Mul(ZScore(TSMean(ret_6,4)),Rank(TSMean(quote_volume_mean_24,8))),ZScore(TSMean(quote_volume_mean_24,60))))),24)))",c1c09faeccad1b21,12,generated_candidate,original,0.2588,False,False,selected_for_strict_replay
a7o_l1_C0270_0372,C0270,372,H02_cross_symbol_dispersion_reversal,P10_price_liquidity,SmoothInteraction,H12,cross_symbol_rank,none,low_turnover,F1_high_realized_vol,quote_volume_mean_12;ret_6,liquidity;price,"Neg(CrossSymbolZScore(TSMean(cross_symbol_rank(RegimeMaskNonMay(F3_high_liquidity_high_vol,Sub(Mul(ZScore(TSMean(ret_6,8)),Rank(TSMean(quote_volume_mean_12,12))),Rank(TSMean(ret_6,24))))),10)))",396c6dcce48a5191,12,generated_candidate,original,0.2578,False,False,selected_for_strict_replay
a7o_l1_C0270_0565,C0270,565,H02_cross_symbol_dispersion_reversal,P10_price_liquidity,SmoothInteraction,H12,cross_symbol_rank,none,low_turnover,F1_high_realized_vol,quote_volume_mean_24;ret_6,liquidity;price,"Neg(CrossSymbolZScore(TSMean(cross_symbol_rank(RegimeMaskNonMay(F5_funding_neutral,Add(Mul(ZScore(TSMean(ret_6,10)),Rank(TSMean(quote_volume_mean_24,16))),ZScore(TSMean(quote_volume_mean_24,10))))),6)))",d4a2d6413eaa54ee,12,generated_candidate,original,0.2568,False,False,selected_for_strict_replay
a7o_l1_C0270_0564,C0270,564,H02_cross_symbol_dispersion_reversal,P10_price_liquidity,SmoothInteraction,H12,cross_symbol_rank,none,low_turnover,F1_high_realized_vol,quote_volume_mean_12;ret_6,liquidity;price,"Neg(CrossSymbolZScore(TSMean(cross_symbol_rank(RegimeMaskNonMay(F3_high_liquidity_high_vol,Sub(Mul(ZScore(TSMean(ret_6,16)),Rank(TSMean(quote_volume_mean_12,24))),Rank(TSMean(ret_6,36))))),20)))",39483b2d61febd14,12,generated_candidate,original,0.25579999999999997,False,False,selected_for_strict_replay
a7o_l1_C0270_0757,C0270,757,H02_cross_symbol_dispersion_reversal,P10_price_liquidity,SmoothInteraction,H12,cross_symbol_rank,none,low_turnover,F1_high_realized_vol,quote_volume_mean_24;ret_6,liquidity;price,"Neg(CrossSymbolZScore(TSMean(cross_symbol_rank(RegimeMaskNonMay(F5_funding_neutral,Add(Mul(ZScore(TSMean(ret_6,20)),Rank(TSMean(quote_volume_mean_24,3))),ZScore(TSMean(quote_volume_mean_24,10))))),16)))",eee20efce5660889,12,generated_candidate,original,0.25479999999999997,False,False,selected_for_strict_replay
a7o_l1_C0270_0756,C0270,756,H02_cross_symbol_dispersion_reversal,P10_price_liquidity,SmoothInteraction,H12,cross_symbol_rank,none,low_turnover,F1_high_realized_vol,quote_volume_mean_12;ret_6,liquidity;price,"Neg(CrossSymbolZScore(TSMean(cross_symbol_rank(RegimeMaskNonMay(F3_high_liquidity_high_vol,Sub(Mul(ZScore(TSMean(ret_6,3)),Rank(TSMean(quote_volume_mean_12,6))),Rank(TSMean(ret_6,10))))),4)))",10d06cebe350796d,12,generated_candidate,original,0.25379999999999997,False,False,selected_for_strict_replay
a7o_l1_C0270_0096,C0270,96,H02_cross_symbol_dispersion_reversal,P10_price_liquidity,SmoothInteraction,H12,cross_symbol_rank,none,low_turnover,F1_high_realized_vol,quote_volume_mean_12;ret_6,liquidity;price,"Neg(CrossSymbolZScore(TSMean(cross_symbol_rank(Mul(Neg(Rank(TSMean(quote_volume_mean_12,4))),Mul(ZScore(TSMean(quote_volume_mean_12,16)),Rank(TSMean(ret_6,24))))),20)))",38ebdc386156ebd2,12,generated_candidate,original,0.2528,False,False,selected_for_strict_replay
a7o_l1_C0270_0387,C0270,387,H02_cross_symbol_dispersion_reversal,P10_price_liquidity,SmoothInteraction,H12,cross_symbol_rank,none,low_turnover,F1_high_realized_vol,quote_volume_mean_24;ret_6,liquidity;price,"Neg(CrossSymbolZScore(TSMean(cross_symbol_rank(Clip(Mul(ZScore(TSMean(ret_6,3)),Rank(TSMean(quote_volume_mean_24,6))),-4.0,4.0)),60)))",a543e6cbc30174f5,12,generated_candidate,original,0.2528,False,False,selected_for_strict_replay
a7o_l1_C0270_0484,C0270,484,H02_cross_symbol_dispersion_reversal,P10_price_liquidity,SmoothInteraction,H12,cross_symbol_rank,none,low_turnover,F1_high_realized_vol,quote_volume_mean_24;ret_6,liquidity;price,"Neg(CrossSymbolZScore(TSMean(cross_symbol_rank(SafeDiv(Sub(Mul(ZScore(TSMean(quote_volume_mean_24,10)),Rank(TSMean(ret_6,16))),Rank(TSMean(quote_volume_mean_24,36))),Clip(Abs(TSRank(ret_6,72)),0.05,2.25))),12)))",933a26df1d49f211,12,generated_candidate,original,0.2528,False,False,selected_for_strict_replay
a7o_l1_C0270_0775,C0270,775,H02_cross_symbol_dispersion_reversal,P10_price_liquidity,SmoothInteraction,H12,cross_symbol_rank,none,low_turnover,F1_high_realized_vol,quote_volume_mean_24;ret_12,liquidity;price,"Neg(CrossSymbolZScore(TSMean(cross_symbol_rank(SafeDiv(Mul(ZScore(TSMean(ret_12,20)),Rank(TSMean(quote_volume_mean_24,3))),Clip(Abs(ZScore(TSStd(quote_volume_mean_24,10))),0.05,6.0))),24)))",116621ee4a6c3226,12,generated_candidate,original,0.2528,False,False,selected_for_strict_replay
a7o_l1_C0270_0969,C0270,969,H02_cross_symbol_dispersion_reversal,P10_price_liquidity,SmoothInteraction,H12,cross_symbol_rank,none,low_turnover,F1_high_realized_vol,quote_volume_mean_12;ret_12,liquidity;price,"Neg(CrossSymbolZScore(TSMean(cross_symbol_rank(Rank(Delta(Mul(ZScore(TSMean(quote_volume_mean_12,16)),Rank(TSMean(ret_12,24))),72))),36)))",c7026e291c6f5ff3,12,generated_candidate,original,0.2528,False,False,selected_for_strict_replay
a7o_l1_C0270_1066,C0270,1066,H02_cross_symbol_dispersion_reversal,P10_price_liquidity,SmoothInteraction,H12,cross_symbol_rank,none,low_turnover,F1_high_realized_vol,quote_volume_mean_12;ret_6,liquidity;price,"Neg(CrossSymbolZScore(TSMean(cross_symbol_rank(Rank(SmoothInteraction(Mul(ZScore(TSMean(ret_6,4)),Rank(TSMean(quote_volume_mean_12,8))),TSStd(ret_6,12)))),20)))",d777789b2e679b1b,12,generated_candidate,original,0.2528,False,False,selected_for_strict_replay
a7o_l1_C0270_1357,C0270,1357,H02_cross_symbol_dispersion_reversal,P10_price_liquidity,SmoothInteraction,H12,cross_symbol_rank,none,low_turnover,F1_high_realized_vol,quote_volume_mean_24;ret_12,liquidity;price,"Neg(CrossSymbolZScore(TSMean(cross_symbol_rank(Mul(ZScore(TSMean(quote_volume_mean_24,8)),Mul(ZScore(TSMean(quote_volume_mean_24,10)),Rank(TSMean(ret_12,16))))),16)))",8132d2870c3bd398,12,generated_candidate,original,0.2528,False,False,selected_for_strict_replay
a7o_l1_C0270_1454,C0270,1454,H02_cross_symbol_dispersion_reversal,P10_price_liquidity,SmoothInteraction,H12,cross_symbol_rank,none,low_turnover,F1_high_realized_vol,quote_volume_mean_12;ret_12,liquidity;price,"Neg(CrossSymbolZScore(TSMean(cross_symbol_rank(Mul(SafeDiv(ZScore(TSMean(ret_12,24)),Clip(Abs(ZScore(TSMean(quote_volume_mean_12,48))),0.05,3.0)),Mul(ZScore(TSMean(ret_12,24)),Rank(TSMean(quote_volume_mean_12,4))))),12)))",db6b1e73e1df19b8,12,generated_candidate,original,0.2528,False,False,selected_for_strict_replay
a7o_l1_C0270_1745,C0270,1745,H02_cross_symbol_dispersion_reversal,P10_price_liquidity,SmoothInteraction,H12,cross_symbol_rank,none,low_turnover,F1_high_realized_vol,quote_volume_mean_24;ret_12,liquidity;price,"Neg(CrossSymbolZScore(TSMean(cross_symbol_rank(SmoothInteraction(Mul(ZScore(TSMean(ret_12,6)),Rank(TSMean(quote_volume_mean_24,10))),TSMean(quote_volume_mean_24,10))),6)))",1de1484cfb0ef17d,12,generated_candidate,original,0.2528,False,False,selected_for_strict_replay
a7o_l1_C0270_1842,C0270,1842,H02_cross_symbol_dispersion_reversal,P10_price_liquidity,SmoothInteraction,H12,cross_symbol_rank,none,low_turnover,F1_high_realized_vol,quote_volume_mean_24;ret_6,liquidity;price,"Neg(CrossSymbolZScore(TSMean(CrossSymbolRank(Add(Mul(ZScore(TSMean(quote_volume_mean_24,16)),Rank(TSMean(ret_6,24))),TSMean(quote_volume_mean_24,24))),60)))",97e2eb2db783e759,12,generated_candidate,original,0.2528,False,False,selected_for_strict_replay
a7o_l1_C0270_0949,C0270,949,H02_cross_symbol_dispersion_reversal,P10_price_liquidity,SmoothInteraction,H12,cross_symbol_rank,none,low_turnover,F1_high_realized_vol,quote_volume_mean_24;ret_6,liquidity;price,"Neg(CrossSymbolZScore(TSMean(cross_symbol_rank(RegimeMaskNonMay(F5_funding_neutral,Add(Mul(ZScore(TSMean(ret_6,4)),Rank(TSMean(quote_volume_mean_24,8))),ZScore(TSMean(quote_volume_mean_24,60))))),36)))",95b0d8555f8f47aa,12,generated_candidate,original,0.25279999999999997,False,False,selected_for_strict_replay
a7o_l1_C0270_0289,C0270,289,H02_cross_symbol_dispersion_reversal,P10_price_liquidity,SmoothInteraction,H12,cross_symbol_rank,none,low_turnover,F1_high_realized_vol,quote_volume_mean_12;ret_12,liquidity;price,"Neg(CrossSymbolZScore(TSMean(cross_symbol_rank(Add(Abs(ZScore(TSStd(quote_volume_mean_12,72))),Mul(ZScore(TSMean(quote_volume_mean_12,20)),Rank(TSMean(ret_12,3))))),36)))",681febc2cc2808c2,12,generated_candidate,original,0.2518,False,False,selected_for_strict_replay
a7o_l1_C0270_0386,C0270,386,H02_cross_symbol_dispersion_reversal,P10_price_liquidity,SmoothInteraction,H12,cross_symbol_rank,none,low_turnover,F1_high_realized_vol,quote_volume_mean_12;ret_6,liquidity;price,"Neg(CrossSymbolZScore(TSMean(cross_symbol_rank(ZScore(Decay(Mul(ZScore(TSMean(ret_6,6)),Rank(TSMean(quote_volume_mean_12,10))),16))),24)))",e7a3ae17e1401031,12,generated_candidate,original,0.2518,False,False,selected_for_strict_replay
a7o_l1_C0270_0677,C0270,677,H02_cross_symbol_dispersion_reversal,P10_price_liquidity,SmoothInteraction,H12,cross_symbol_rank,none,low_turnover,F1_high_realized_vol,quote_volume_mean_24;ret_12,liquidity;price,"Neg(CrossSymbolZScore(TSMean(cross_symbol_rank(RollingMax(Sub(Mul(ZScore(TSMean(quote_volume_mean_24,12)),Rank(TSMean(ret_12,20))),ZScore(TSMean(quote_volume_mean_24,8))),10)),16)))",4af89dd9c04a35ad,12,generated_candidate,original,0.2518,False,False,selected_for_strict_replay
a7o_l1_C0270_0774,C0270,774,H02_cross_symbol_dispersion_reversal,P10_price_liquidity,SmoothInteraction,H12,cross_symbol_rank,none,low_turnover,F1_high_realized_vol,quote_volume_mean_12;ret_12,liquidity;price,"Neg(CrossSymbolZScore(TSMean(cross_symbol_rank(Mul(Mul(ZScore(TSMean(ret_12,3)),Rank(TSMean(quote_volume_mean_12,6))),Rank(TSStd(ret_12,24)))),16)))",5e07f375b18054ed,12,generated_candidate,original,0.2518,False,False,selected_for_strict_replay
a7o_l1_C0271_2036,C0271,2036,H03_basis_premium_residual,P5_basis_premium,SafeDivZScore,mixed_6_24,cross_symbol_zscore,FundingCore,lag_stable,F3_high_liquidity_high_vol,cs_z_mark_index_ratio,basis,"ResidualizeVsFundingCore(Decay(ResidualizeVsFundingCore(cross_symbol_zscore(RegimeMaskNonMay(F3_high_liquidity_high_vol,Sub(SafeDiv(ZScore(TSMean(cs_z_mark_index_ratio,12)),Clip(Abs(ZScore(TSMean(cs_z_mark_index_ratio,20))),0.02,2.0)),Rank(TSMean(cs_z_mark_index_ratio,3)))))),16))",d5746212001238d5,12,generated_candidate,original,0.22030000000000002,False,False,selected_for_strict_replay
a7o_l1_C0271_0181,C0271,181,H03_basis_premium_residual,P5_basis_premium,SafeDivZScore,mixed_6_24,cross_symbol_zscore,FundingCore,lag_stable,F3_high_liquidity_high_vol,cs_z_mark_index_ratio;mark_index_ratio,basis,"ResidualizeVsFundingCore(Decay(ResidualizeVsFundingCore(cross_symbol_zscore(RegimeMaskNonMay(F5_funding_neutral,Add(SafeDiv(ZScore(TSMean(cs_z_mark_index_ratio,20)),Clip(Abs(ZScore(TSMean(mark_index_ratio,3))),0.05,2.0)),ZScore(TSMean(mark_index_ratio,10)))))),10))",f26e4c8833f14863,12,generated_candidate,original,0.2083,False,False,selected_for_strict_replay
a7o_l1_C0271_0180,C0271,180,H03_basis_premium_residual,P5_basis_premium,SafeDivZScore,mixed_6_24,cross_symbol_zscore,FundingCore,lag_stable,F3_high_liquidity_high_vol,cs_z_mark_index_ratio;cs_z_premium_index,basis,"ResidualizeVsFundingCore(Decay(ResidualizeVsFundingCore(cross_symbol_zscore(RegimeMaskNonMay(F3_high_liquidity_high_vol,Sub(SafeDiv(ZScore(TSMean(cs_z_mark_index_ratio,3)),Clip(Abs(ZScore(TSMean(cs_z_premium_index,8))),0.02,1.5)),Rank(TSMean(cs_z_mark_index_ratio,4)))))),4))",89111676ff2a43fe,6,generated_candidate,original,0.2073,False,False,selected_for_strict_replay
a7o_l1_C0271_0373,C0271,373,H03_basis_premium_residual,P5_basis_premium,SafeDivZScore,mixed_6_24,cross_symbol_zscore,FundingCore,lag_stable,F3_high_liquidity_high_vol,cs_z_mark_index_ratio;mark_minus_index,basis,"ResidualizeVsFundingCore(Decay(ResidualizeVsFundingCore(cross_symbol_zscore(RegimeMaskNonMay(F5_funding_neutral,Add(SafeDiv(ZScore(TSMean(cs_z_mark_index_ratio,16)),Clip(Abs(ZScore(TSMean(mark_minus_index,24))),0.05,3.0)),ZScore(TSMean(mark_minus_index,60)))))),24))",6ae58f0bcc57986d,48,generated_candidate,original,0.2063,False,False,selected_for_strict_replay
a7o_l1_C0271_0372,C0271,372,H03_basis_premium_residual,P5_basis_premium,SafeDivZScore,mixed_6_24,cross_symbol_zscore,FundingCore,lag_stable,F3_high_liquidity_high_vol,cs_z_mark_index_ratio;mark_index_ratio,basis,"ResidualizeVsFundingCore(Decay(ResidualizeVsFundingCore(cross_symbol_zscore(RegimeMaskNonMay(F3_high_liquidity_high_vol,Sub(SafeDiv(ZScore(TSMean(cs_z_mark_index_ratio,16)),Clip(Abs(ZScore(TSMean(mark_index_ratio,20))),0.02,2.5)),Rank(TSMean(cs_z_mark_index_ratio,24)))))),10))",27770d80be6ecdcf,24,generated_candidate,original,0.2053,False,False,selected_for_strict_replay
a7o_l1_C0271_0565,C0271,565,H03_basis_premium_residual,P5_basis_premium,SafeDivZScore,mixed_6_24,cross_symbol_zscore,FundingCore,lag_stable,F3_high_liquidity_high_vol,cs_z_premium_index;mark_index_ratio,basis,"ResidualizeVsFundingCore(Decay(ResidualizeVsFundingCore(cross_symbol_zscore(RegimeMaskNonMay(F5_funding_neutral,Add(SafeDiv(ZScore(TSMean(mark_index_ratio,3)),Clip(Abs(ZScore(TSMean(cs_z_premium_index,8))),0.05,1.5)),ZScore(TSMean(cs_z_premium_index,10)))))),6))",ac4d6c11b3cd5963,6,generated_candidate,original,0.2043,False,False,selected_for_strict_replay
a7o_l1_C0271_0564,C0271,564,H03_basis_premium_residual,P5_basis_premium,SafeDivZScore,mixed_6_24,cross_symbol_zscore,FundingCore,lag_stable,F3_high_liquidity_high_vol,cs_z_mark_index_ratio;cs_z_premium_index,basis,"ResidualizeVsFundingCore(Decay(ResidualizeVsFundingCore(cross_symbol_zscore(RegimeMaskNonMay(F3_high_liquidity_high_vol,Sub(SafeDiv(ZScore(TSMean(cs_z_premium_index,60)),Clip(Abs(ZScore(TSMean(cs_z_mark_index_ratio,96))),0.02,4.0)),Rank(TSMean(cs_z_premium_index,36)))))),20))",c0f59c6336b5b796,72,generated_candidate,original,0.2033,False,False,selected_for_strict_replay
a7o_l1_C0271_0757,C0271,757,H03_basis_premium_residual,P5_basis_premium,SafeDivZScore,mixed_6_24,cross_symbol_zscore,FundingCore,lag_stable,F3_high_liquidity_high_vol,mark_minus_index;premium_index,basis,"ResidualizeVsFundingCore(Decay(ResidualizeVsFundingCore(cross_symbol_zscore(RegimeMaskNonMay(F5_funding_neutral,Add(SafeDiv(ZScore(TSMean(mark_minus_index,48)),Clip(Abs(ZScore(TSMean(premium_index,6))),0.05,2.5)),ZScore(TSMean(premium_index,10)))))),16))",b3d654e8bfef4ab1,24,generated_candidate,original,0.2023,False,False,selected_for_strict_replay
a7o_l1_C0271_0756,C0271,756,H03_basis_premium_residual,P5_basis_premium,SafeDivZScore,mixed_6_24,cross_symbol_zscore,FundingCore,lag_stable,F3_high_liquidity_high_vol,mark_minus_index,basis,"ResidualizeVsFundingCore(Decay(ResidualizeVsFundingCore(cross_symbol_zscore(RegimeMaskNonMay(F3_high_liquidity_high_vol,Sub(SafeDiv(ZScore(TSMean(mark_minus_index,3)),Clip(Abs(ZScore(TSMean(mark_minus_index,6))),0.02,2.0)),Rank(TSMean(mark_minus_index,10)))))),4))",5c8453e7556d7366,12,generated_candidate,original,0.2013,False,False,selected_for_strict_replay
a7o_l1_C0271_0096,C0271,96,H03_basis_premium_residual,P5_basis_premium,SafeDivZScore,mixed_6_24,cross_symbol_zscore,FundingCore,lag_stable,F3_high_liquidity_high_vol,premium_index,basis,"ResidualizeVsFundingCore(Decay(ResidualizeVsFundingCore(cross_symbol_zscore(Mul(Neg(Rank(TSMean(premium_index,4))),SafeDiv(ZScore(TSMean(premium_index,16)),Clip(Abs(ZScore(TSMean(premium_index,24))),0.02,2.0))))),20))",cb0b05eb25a6f566,12,generated_candidate,original,0.2003,False,False,selected_for_strict_replay
a7o_l1_C0271_0193,C0271,193,H03_basis_premium_residual,P5_basis_premium,SafeDivZScore,mixed_6_24,cross_symbol_zscore,FundingCore,lag_stable,F3_high_liquidity_high_vol,mark_index_ratio;premium_index,basis,"ResidualizeVsFundingCore(Decay(ResidualizeVsFundingCore(cross_symbol_zscore(Rank(TSMean(SafeDiv(ZScore(TSMean(mark_index_ratio,16)),Clip(Abs(ZScore(TSMean(premium_index,24))),0.05,3.0)),36)))),24))",125c5f15fba28e01,48,generated_candidate,original,0.2003,False,False,selected_for_strict_replay
a7o_l1_C0271_0290,C0271,290,H03_basis_premium_residual,P5_basis_premium,SafeDivZScore,mixed_6_24,cross_symbol_zscore,FundingCore,lag_stable,F3_high_liquidity_high_vol,cs_z_premium_index;premium_index,basis,"ResidualizeVsFundingCore(Decay(ResidualizeVsFundingCore(cross_symbol_zscore(Sub(SafeDiv(ZScore(TSMean(cs_z_premium_index,3)),Clip(Abs(ZScore(TSMean(premium_index,8))),0.1,1.5)),Abs(ZScore(TSMean(premium_index,10)))))),48))",0a37c8cd6477ee21,6,generated_candidate,original,0.2003,False,False,selected_for_strict_replay
a7o_l1_C0271_0387,C0271,387,H03_basis_premium_residual,P5_basis_premium,SafeDivZScore,mixed_6_24,cross_symbol_zscore,FundingCore,lag_stable,F3_high_liquidity_high_vol,premium_index,basis,"ResidualizeVsFundingCore(Decay(ResidualizeVsFundingCore(cross_symbol_zscore(Clip(SafeDiv(ZScore(TSMean(premium_index,48)),Clip(Abs(ZScore(TSMean(premium_index,6))),0.2,2.5)),-4.0,4.0))),60))",c9240634013b7851,24,generated_candidate,original,0.2003,False,False,selected_for_strict_replay
a7o_l1_C0271_0484,C0271,484,H03_basis_premium_residual,P5_basis_premium,SafeDivZScore,mixed_6_24,cross_symbol_zscore,FundingCore,lag_stable,F3_high_liquidity_high_vol,mark_index_ratio;premium_index,basis,"ResidualizeVsFundingCore(Decay(ResidualizeVsFundingCore(cross_symbol_zscore(SafeDiv(Sub(SafeDiv(ZScore(TSMean(mark_index_ratio,60)),Clip(Abs(ZScore(TSMean(premium_index,96))),0.02,4.0)),Rank(TSMean(mark_index_ratio,36))),Clip(Abs(TSRank(premium_index,72)),0.05,2.25)))),12))",d20f37455fd8644e,72,generated_candidate,original,0.2003,False,False,selected_for_strict_replay
a7o_l1_C0271_0581,C0271,581,H03_basis_premium_residual,P5_basis_premium,SafeDivZScore,mixed_6_24,cross_symbol_zscore,FundingCore,lag_stable,F3_high_liquidity_high_vol,cs_z_premium_index;premium_index,basis,"ResidualizeVsFundingCore(Decay(ResidualizeVsFundingCore(cross_symbol_zscore(Add(SafeDiv(ZScore(TSMean(cs_z_premium_index,24)),Clip(Abs(ZScore(TSMean(premium_index,4))),0.05,2.0)),ZScore(TSMean(premium_index,12))))),10))",6a9426bb49aa3e7d,12,generated_candidate,original,0.2003,False,False,selected_for_strict_replay
a7o_l1_C0271_0678,C0271,678,H03_basis_premium_residual,P5_basis_premium,SafeDivZScore,mixed_6_24,cross_symbol_zscore,FundingCore,lag_stable,F3_high_liquidity_high_vol,premium_index,basis,"ResidualizeVsFundingCore(Decay(ResidualizeVsFundingCore(cross_symbol_zscore(RollingMin(Add(SafeDiv(ZScore(TSMean(premium_index,24)),Clip(Abs(ZScore(TSMean(premium_index,36))),0.1,3.0)),Rank(TSMean(premium_index,12))),60))),30))",3ffd2b69c6f28255,48,generated_candidate,original,0.2003,False,False,selected_for_strict_replay
a7o_l1_C0271_0775,C0271,775,H03_basis_premium_residual,P5_basis_premium,SafeDivZScore,mixed_6_24,cross_symbol_zscore,FundingCore,lag_stable,F3_high_liquidity_high_vol,mark_minus_index;premium_index,basis,"ResidualizeVsFundingCore(Decay(ResidualizeVsFundingCore(cross_symbol_zscore(SafeDiv(SafeDiv(ZScore(TSMean(mark_minus_index,3)),Clip(Abs(ZScore(TSMean(premium_index,8))),0.2,1.5)),Clip(Abs(ZScore(TSStd(premium_index,10))),0.05,6.0)))),24))",92606a1856825b61,6,generated_candidate,original,0.2003,False,False,selected_for_strict_replay
a7o_l1_C0271_0872,C0271,872,H03_basis_premium_residual,P5_basis_premium,SafeDivZScore,mixed_6_24,cross_symbol_zscore,FundingCore,lag_stable,F3_high_liquidity_high_vol,cs_z_mark_index_ratio;mark_index_ratio,basis,"ResidualizeVsFundingCore(Decay(ResidualizeVsFundingCore(cross_symbol_zscore(TSRank(Sub(TSMean(SafeDiv(ZScore(TSMean(cs_z_mark_index_ratio,16)),Clip(Abs(ZScore(TSMean(mark_index_ratio,20))),0.02,2.5)),24),TSMean(cs_z_mark_index_ratio,30)),36))),8))",76c1c4848595e427,24,generated_candidate,original,0.2003,False,False,selected_for_strict_replay
a7o_l1_C0271_0949,C0271,949,H03_basis_premium_residual,P5_basis_premium,SafeDivZScore,mixed_6_24,cross_symbol_zscore,FundingCore,lag_stable,F3_high_liquidity_high_vol,cs_z_mark_index_ratio;mark_minus_index,basis,"ResidualizeVsFundingCore(Decay(ResidualizeVsFundingCore(cross_symbol_zscore(RegimeMaskNonMay(F5_funding_neutral,Add(SafeDiv(ZScore(TSMean(mark_minus_index,48)),Clip(Abs(ZScore(TSMean(cs_z_mark_index_ratio,84))),0.05,4.0)),ZScore(TSMean(cs_z_mark_index_ratio,60)))))),36))",e7299a1881459353,72,generated_candidate,original,0.2003,False,False,selected_for_strict_replay
a7o_l1_C0271_0969,C0271,969,H03_basis_premium_residual,P5_basis_premium,SafeDivZScore,mixed_6_24,cross_symbol_zscore,FundingCore,lag_stable,F3_high_liquidity_high_vol,mark_index_ratio;mark_minus_index,basis,"ResidualizeVsFundingCore(Decay(ResidualizeVsFundingCore(cross_symbol_zscore(Rank(Delta(SafeDiv(ZScore(TSMean(mark_minus_index,96)),Clip(Abs(ZScore(TSMean(mark_index_ratio,36))),0.05,4.0)),72)))),36))",820214b093e333f8,72,generated_candidate,original,0.2003,False,False,selected_for_strict_replay
a7o_l1_C0271_1066,C0271,1066,H03_basis_premium_residual,P5_basis_premium,SafeDivZScore,mixed_6_24,cross_symbol_zscore,FundingCore,lag_stable,F3_high_liquidity_high_vol,mark_index_ratio,basis,"ResidualizeVsFundingCore(Decay(ResidualizeVsFundingCore(cross_symbol_zscore(Rank(SmoothInteraction(SafeDiv(ZScore(TSMean(mark_index_ratio,4)),Clip(Abs(ZScore(TSMean(mark_index_ratio,8))),0.1,2.0)),TSStd(mark_index_ratio,12))))),20))",49bbda58d46bb2e5,12,generated_candidate,original,0.2003,False,False,selected_for_strict_replay
a7o_l1_C0271_1163,C0271,1163,H03_basis_premium_residual,P5_basis_premium,SafeDivZScore,mixed_6_24,cross_symbol_zscore,FundingCore,lag_stable,F3_high_liquidity_high_vol,cs_z_mark_index_ratio;mark_index_ratio,basis,"ResidualizeVsFundingCore(Decay(ResidualizeVsFundingCore(cross_symbol_zscore(WinsorZScore(SafeDiv(ZScore(TSMean(cs_z_mark_index_ratio,36)),Clip(Abs(ZScore(TSMean(mark_index_ratio,60))),0.2,3.0)),3.0))),60))",dcd4940dbeb7f788,48,generated_candidate,original,0.2003,False,False,selected_for_strict_replay
a7o_l1_C0271_1260,C0271,1260,H03_basis_premium_residual,P5_basis_premium,SafeDivZScore,mixed_6_24,cross_symbol_zscore,FundingCore,lag_stable,F3_high_liquidity_high_vol,mark_index_ratio;premium_index,basis,"ResidualizeVsFundingCore(Decay(ResidualizeVsFundingCore(cross_symbol_zscore(Sub(WinsorZScore(TSMean(premium_index,4),1.25),WinsorZScore(TSMean(mark_index_ratio,10),1.25)))),4))",c9a4b501bbcbde77,6,generated_candidate,original,0.2003,False,False,selected_for_strict_replay
a7o_l1_C0271_1357,C0271,1357,H03_basis_premium_residual,P5_basis_premium,SafeDivZScore,mixed_6_24,cross_symbol_zscore,FundingCore,lag_stable,F3_high_liquidity_high_vol,mark_index_ratio,basis,"ResidualizeVsFundingCore(Decay(ResidualizeVsFundingCore(cross_symbol_zscore(Mul(ZScore(TSMean(mark_index_ratio,8)),SafeDiv(ZScore(TSMean(mark_index_ratio,48)),Clip(Abs(ZScore(TSMean(mark_index_ratio,6))),0.05,2.5))))),16))",f6c83160aa5a1c11,24,generated_candidate,original,0.2003,False,False,selected_for_strict_replay
a7o_l1_C0272_0969,C0272,969,H02_cross_symbol_dispersion_reversal,P8_regime_state,RollingMaxRank,H48,cross_symbol_zscore,FundingCore_and_Core4,low_turnover,F8_low_vol_high_liquidity,quote_volume_mean_24;realized_vol_24,liquidity;volatility,"Neg(CrossSymbolZScore(TSMean(ResidualizeVsCore4(ResidualizeVsFundingCore(cross_symbol_zscore(Rank(Delta(Rank(RollingMax(quote_volume_mean_24,48)),72))))),36)))",55c34123fc0434ef,48,generated_candidate,original,0.31840000000000007,False,False,selected_for_strict_replay
a7o_l1_C0272_0192,C0272,192,H02_cross_symbol_dispersion_reversal,P8_regime_state,RollingMaxRank,H48,cross_symbol_zscore,FundingCore_and_Core4,low_turnover,F8_low_vol_high_liquidity,quote_volume_mean_24;realized_vol_24,liquidity;volatility,"Neg(CrossSymbolZScore(TSMean(ResidualizeVsCore4(ResidualizeVsFundingCore(cross_symbol_zscore(TSMean(Rank(RollingMax(realized_vol_24,24)),24)))),10)))",e149d387a2041b01,48,generated_candidate,original,0.31740000000000007,False,False,selected_for_strict_replay
a7o_l1_C0272_0483,C0272,483,H02_cross_symbol_dispersion_reversal,P8_regime_state,RollingMaxRank,H48,cross_symbol_zscore,FundingCore_and_Core4,low_turnover,F8_low_vol_high_liquidity,quote_volume_mean_24;realized_vol_24,liquidity;volatility,"Neg(CrossSymbolZScore(TSMean(ResidualizeVsCore4(ResidualizeVsFundingCore(cross_symbol_zscore(Mul(Clip(ZScore(TSMean(quote_volume_mean_24,24)),-1.25,1.25),Rank(TSMean(Rank(RollingMax(realized_vol_24,48)),16)))))),60)))",c72d014c6429f01d,48,generated_candidate,original,0.31740000000000007,False,False,selected_for_strict_replay
a7o_l1_C0272_0094,C0272,94,H02_cross_symbol_dispersion_reversal,P8_regime_state,RollingMaxRank,H48,cross_symbol_zscore,FundingCore_and_Core4,low_turnover,F8_low_vol_high_liquidity,quote_volume_mean_24;realized_vol_24,liquidity;volatility,"Neg(CrossSymbolZScore(TSMean(ResidualizeVsCore4(ResidualizeVsFundingCore(cross_symbol_zscore(Rank(Add(Delta(quote_volume_mean_24,24),TSMean(Rank(RollingMax(quote_volume_mean_24,16)),48)))))),20)))",7e7bf9a2e939710a,48,generated_candidate,original,0.31640000000000007,False,False,selected_for_strict_replay
a7o_l1_C0272_1549,C0272,1549,H02_cross_symbol_dispersion_reversal,P8_regime_state,RollingMaxRank,H48,cross_symbol_zscore,FundingCore_and_Core4,low_turnover,F8_low_vol_high_liquidity,quote_volume_mean_24;realized_vol_24,liquidity;volatility,"Neg(CrossSymbolZScore(TSMean(ResidualizeVsCore4(ResidualizeVsFundingCore(cross_symbol_zscore(Mul(ZScore(TSMean(realized_vol_24,30)),Rank(RollingMax(realized_vol_24,60)))))),36)))",a023f877baf2144a,48,generated_candidate,original,0.31640000000000007,False,False,selected_for_strict_replay
a7o_l1_C0272_0674,C0272,674,H02_cross_symbol_dispersion_reversal,P8_regime_state,RollingMaxRank,H48,cross_symbol_zscore,FundingCore_and_Core4,low_turnover,F8_low_vol_high_liquidity,quote_volume_mean_24;realized_vol_24,liquidity;volatility,"Neg(CrossSymbolZScore(TSMean(ResidualizeVsCore4(ResidualizeVsFundingCore(cross_symbol_zscore(Sub(Rank(RollingMax(realized_vol_24,20)),Abs(ZScore(TSMean(quote_volume_mean_24,96))))))),24)))",8822fe25f4bd93b1,48,generated_candidate,original,0.31440000000000007,False,False,selected_for_strict_replay
a7o_l1_C0272_1255,C0272,1255,H02_cross_symbol_dispersion_reversal,P8_regime_state,RollingMaxRank,H48,cross_symbol_zscore,FundingCore_and_Core4,low_turnover,F8_low_vol_high_liquidity,quote_volume_mean_24;realized_vol_24,liquidity;volatility,"Neg(CrossSymbolZScore(TSMean(ResidualizeVsCore4(ResidualizeVsFundingCore(cross_symbol_zscore(Decay(Mul(Rank(RollingMax(quote_volume_mean_24,16)),ZScore(TSStd(quote_volume_mean_24,4))),10)))),24)))",2b9eaf2ec5ce6334,48,generated_candidate,original,0.31340000000000007,False,False,selected_for_strict_replay
a7o_l1_C0272_0380,C0272,380,H02_cross_symbol_dispersion_reversal,P8_regime_state,RollingMaxRank,H48,cross_symbol_zscore,FundingCore_and_Core4,low_turnover,F8_low_vol_high_liquidity,quote_volume_mean_24;realized_vol_24,liquidity;volatility,"Neg(CrossSymbolZScore(TSMean(ResidualizeVsCore4(ResidualizeVsFundingCore(cross_symbol_zscore(Rank(Sub(TSMean(quote_volume_mean_24,4),TSMean(Rank(RollingMax(quote_volume_mean_24,36)),10)))))),16)))",4d58459822bf4a3e,48,generated_candidate,original,0.31140000000000007,False,False,selected_for_strict_replay
a7o_l1_C0272_1835,C0272,1835,H02_cross_symbol_dispersion_reversal,P8_regime_state,RollingMaxRank,H48,cross_symbol_zscore,FundingCore_and_Core4,low_turnover,F8_low_vol_high_liquidity,quote_volume_mean_24;realized_vol_24,liquidity;volatility,"Neg(CrossSymbolZScore(TSMean(ResidualizeVsCore4(ResidualizeVsFundingCore(cross_symbol_zscore(Mul(Add(Rank(TSMean(realized_vol_24,4)),ZScore(TSMean(quote_volume_mean_24,10))),Clip(Rank(RollingMax(realized_vol_24,20)),-1.5,1.5))))),60)))",36264c21a8107f37,48,generated_candidate,original,0.31140000000000007,False,False,selected_for_strict_replay
a7o_l1_C0272_1446,C0272,1446,H02_cross_symbol_dispersion_reversal,P8_regime_state,RollingMaxRank,H48,cross_symbol_zscore,FundingCore_and_Core4,low_turnover,F8_low_vol_high_liquidity,quote_volume_mean_24;realized_vol_24,liquidity;volatility,"Neg(CrossSymbolZScore(TSMean(ResidualizeVsCore4(ResidualizeVsFundingCore(cross_symbol_zscore(RollingMin(Add(Rank(RollingMax(quote_volume_mean_24,48)),Rank(TSMean(realized_vol_24,8))),4)))),60)))",a316c39a9ea51fc4,48,generated_candidate,original,0.31040000000000006,False,False,selected_for_strict_replay
a7o_l1_C0272_1737,C0272,1737,H02_cross_symbol_dispersion_reversal,P8_regime_state,RollingMaxRank,H48,cross_symbol_zscore,FundingCore_and_Core4,low_turnover,F8_low_vol_high_liquidity,quote_volume_mean_24;realized_vol_24,liquidity;volatility,"Neg(CrossSymbolZScore(TSMean(ResidualizeVsCore4(ResidualizeVsFundingCore(cross_symbol_zscore(Rank(Delta(Rank(RollingMax(quote_volume_mean_24,12)),8))))),16)))",0cc7f99c3ddb204f,48,generated_candidate,original,0.31040000000000006,False,False,selected_for_strict_replay
a7o_l1_C0272_2028,C0272,2028,H02_cross_symbol_dispersion_reversal,P8_regime_state,RollingMaxRank,H48,cross_symbol_zscore,FundingCore_and_Core4,low_turnover,F8_low_vol_high_liquidity,quote_volume_mean_24;realized_vol_24,liquidity;volatility,"Neg(CrossSymbolZScore(TSMean(ResidualizeVsCore4(ResidualizeVsFundingCore(cross_symbol_zscore(Sub(WinsorZScore(TSMean(quote_volume_mean_24,60),2.5),WinsorZScore(TSMean(realized_vol_24,12),2.5))))),10)))",dbd4f6f5d170b31d,48,generated_candidate,original,0.31040000000000006,False,False,selected_for_strict_replay
a7o_l1_C0272_0960,C0272,960,H02_cross_symbol_dispersion_reversal,P8_regime_state,RollingMaxRank,H48,cross_symbol_zscore,FundingCore_and_Core4,low_turnover,F8_low_vol_high_liquidity,quote_volume_mean_24;realized_vol_24,liquidity;volatility,"Neg(CrossSymbolZScore(TSMean(ResidualizeVsCore4(ResidualizeVsFundingCore(cross_symbol_zscore(TSMean(Rank(RollingMax(realized_vol_24,48)),4)))),20)))",4d54c2ef1595d48d,48,generated_candidate,original,0.30940000000000006,False,False,selected_for_strict_replay
a7o_l1_C0272_1251,C0272,1251,H02_cross_symbol_dispersion_reversal,P8_regime_state,RollingMaxRank,H48,cross_symbol_zscore,FundingCore_and_Core4,low_turnover,F8_low_vol_high_liquidity,quote_volume_mean_24;realized_vol_24,liquidity;volatility,"Neg(CrossSymbolZScore(TSMean(ResidualizeVsCore4(ResidualizeVsFundingCore(cross_symbol_zscore(Mul(Clip(ZScore(TSMean(quote_volume_mean_24,16)),-3.0,3.0),Rank(TSMean(Rank(RollingMax(realized_vol_24,12)),10)))))),60)))",29746d9f67327833,48,generated_candidate,original,0.30940000000000006,False,False,selected_for_strict_replay
a7o_l1_C0272_0571,C0272,571,H02_cross_symbol_dispersion_reversal,P8_regime_state,RollingMaxRank,H48,cross_symbol_zscore,FundingCore_and_Core4,low_turnover,F8_low_vol_high_liquidity,quote_volume_mean_24;realized_vol_24,liquidity;volatility,"Neg(CrossSymbolZScore(TSMean(ResidualizeVsCore4(ResidualizeVsFundingCore(cross_symbol_zscore(SafeDiv(SmoothInteraction(Rank(RollingMax(quote_volume_mean_24,16)),TSMean(quote_volume_mean_24,12)),Clip(Abs(TSStd(realized_vol_24,20)),0.05,3.25))))),60)))",17d3487974592bd1,48,generated_candidate,original,0.30840000000000006,False,False,selected_for_strict_replay
a7o_l1_C0272_0862,C0272,862,H02_cross_symbol_dispersion_reversal,P8_regime_state,RollingMaxRank,H48,cross_symbol_zscore,FundingCore_and_Core4,low_turnover,F8_low_vol_high_liquidity,quote_volume_mean_24;realized_vol_24,liquidity;volatility,"Neg(CrossSymbolZScore(TSMean(ResidualizeVsCore4(ResidualizeVsFundingCore(cross_symbol_zscore(Rank(Add(Delta(quote_volume_mean_24,24),TSMean(Rank(RollingMax(quote_volume_mean_24,30)),30)))))),36)))",f8322cf2dab78dfa,48,generated_candidate,original,0.30840000000000006,False,False,selected_for_strict_replay
a7o_l1_C0272_1153,C0272,1153,H02_cross_symbol_dispersion_reversal,P8_regime_state,RollingMaxRank,H48,cross_symbol_zscore,FundingCore_and_Core4,low_turnover,F8_low_vol_high_liquidity,quote_volume_mean_24;realized_vol_24,liquidity;volatility,"Neg(CrossSymbolZScore(TSMean(ResidualizeVsCore4(ResidualizeVsFundingCore(cross_symbol_zscore(Rank(TSMean(Rank(RollingMax(quote_volume_mean_24,60)),20))))),24)))",e6ad7f45d4b80df1,48,generated_candidate,original,0.30840000000000006,False,False,selected_for_strict_replay
a7o_l1_C0272_0085,C0272,85,H02_cross_symbol_dispersion_reversal,P8_regime_state,RollingMaxRank,H48,cross_symbol_zscore,FundingCore_and_Core4,low_turnover,F8_low_vol_high_liquidity,quote_volume_mean_24;realized_vol_24,liquidity;volatility,"Neg(CrossSymbolZScore(TSMean(ResidualizeVsCore4(ResidualizeVsFundingCore(cross_symbol_zscore(Sub(ZScore(TSStd(quote_volume_mean_24,10)),Rank(RollingMax(realized_vol_24,16)))))),6)))",f6d8c1ba185a9195,48,generated_candidate,original,0.30740000000000006,False,False,selected_for_strict_replay
a7o_l1_C0272_0376,C0272,376,H02_cross_symbol_dispersion_reversal,P8_regime_state,RollingMaxRank,H48,cross_symbol_zscore,FundingCore_and_Core4,low_turnover,F8_low_vol_high_liquidity,quote_volume_mean_24;realized_vol_24,liquidity;volatility,"Neg(CrossSymbolZScore(TSMean(ResidualizeVsCore4(ResidualizeVsFundingCore(cross_symbol_zscore(Add(RollingMin(Rank(RollingMax(realized_vol_24,30)),24),RollingMax(TSMean(realized_vol_24,4),8))))),12)))",91c224c1f267a824,48,generated_candidate,original,0.30740000000000006,False,False,selected_for_strict_replay
a7o_l1_C0272_0278,C0272,278,H02_cross_symbol_dispersion_reversal,P8_regime_state,RollingMaxRank,H48,cross_symbol_zscore,FundingCore_and_Core4,low_turnover,F8_low_vol_high_liquidity,quote_volume_mean_24;realized_vol_24,liquidity;volatility,"Neg(CrossSymbolZScore(TSMean(ResidualizeVsCore4(ResidualizeVsFundingCore(cross_symbol_zscore(Mul(TSRank(quote_volume_mean_24,48),Rank(RollingMax(quote_volume_mean_24,20)))))),24)))",4184df9f7566173a,48,generated_candidate,original,0.30640000000000006,False,False,selected_for_strict_replay
a7o_l1_C0272_1442,C0272,1442,H02_cross_symbol_dispersion_reversal,P8_regime_state,RollingMaxRank,H48,cross_symbol_zscore,FundingCore_and_Core4,low_turnover,F8_low_vol_high_liquidity,quote_volume_mean_24;realized_vol_24,liquidity;volatility,"Neg(CrossSymbolZScore(TSMean(ResidualizeVsCore4(ResidualizeVsFundingCore(cross_symbol_zscore(Sub(Rank(RollingMax(realized_vol_24,36)),Abs(ZScore(TSMean(quote_volume_mean_24,30))))))),48)))",ce07b15feae01887,48,generated_candidate,original,0.30640000000000006,False,False,selected_for_strict_replay
a7o_l1_C0272_1733,C0272,1733,H02_cross_symbol_dispersion_reversal,P8_regime_state,RollingMaxRank,H48,cross_symbol_zscore,FundingCore_and_Core4,low_turnover,F8_low_vol_high_liquidity,quote_volume_mean_24;realized_vol_24,liquidity;volatility,"Neg(CrossSymbolZScore(TSMean(ResidualizeVsCore4(ResidualizeVsFundingCore(cross_symbol_zscore(Add(Rank(RollingMax(realized_vol_24,72)),ZScore(TSMean(quote_volume_mean_24,36)))))),24)))",62bdffd48c0390b3,48,generated_candidate,original,0.30640000000000006,False,False,selected_for_strict_replay
a7o_l1_C0272_1344,C0272,1344,H02_cross_symbol_dispersion_reversal,P8_regime_state,RollingMaxRank,H48,cross_symbol_zscore,FundingCore_and_Core4,low_turnover,F8_low_vol_high_liquidity,quote_volume_mean_24;realized_vol_24,liquidity;volatility,"Neg(CrossSymbolZScore(TSMean(ResidualizeVsCore4(ResidualizeVsFundingCore(cross_symbol_zscore(TSMean(Rank(RollingMax(quote_volume_mean_24,24)),84)))),10)))",c44e00148d5975ef,48,generated_candidate,original,0.30540000000000006,False,False,selected_for_strict_replay
a7o_l1_C0272_0567,C0272,567,H02_cross_symbol_dispersion_reversal,P8_regime_state,RollingMaxRank,H48,cross_symbol_zscore,FundingCore_and_Core4,low_turnover,F8_low_vol_high_liquidity,quote_volume_mean_24;realized_vol_24,liquidity;volatility,"Neg(CrossSymbolZScore(TSMean(ResidualizeVsCore4(ResidualizeVsFundingCore(cross_symbol_zscore(Sub(SmoothInteraction(realized_vol_24,TSMean(quote_volume_mean_24,10)),TSRank(Rank(RollingMax(realized_vol_24,12)),8))))),24)))",74dd31a7d2dd0ac6,48,generated_candidate,original,0.30440000000000006,False,False,selected_for_strict_replay
a7o_l1_C0273_0181,C0273,181,H12_horizon_ensemble_stability,P7_cross_symbol_relative,RollingMaxRank,H12,same_symbol_rank,Core4,medium_turnover,F7_trend_reversal,cs_z_premium_index;cs_z_ret_6,basis;price,"Add(Clip(ResidualizeVsCore4(RegimeMaskNonMay(F5_funding_neutral,Add(Rank(RollingMax(cs_z_premium_index,20)),ZScore(TSMean(cs_z_ret_6,10))))),-4.0,4.0),HorizonSpread(cs_z_premium_index,10,12))",4eab88fd87092c0c,12,generated_candidate,original,0.28700000000000003,False,False,selected_for_strict_replay
a7o_l1_C0273_0180,C0273,180,H12_horizon_ensemble_stability,P7_cross_symbol_relative,RollingMaxRank,H12,same_symbol_rank,Core4,medium_turnover,F7_trend_reversal,cs_z_premium_index;cs_z_taker_imbalance,basis;flow,"Add(Clip(ResidualizeVsCore4(RegimeMaskNonMay(F3_high_liquidity_high_vol,Sub(Rank(RollingMax(cs_z_premium_index,3)),Rank(TSMean(cs_z_premium_index,4))))),-4.0,4.0),HorizonSpread(cs_z_premium_index,4,8))",750e3978eb34fa14,12,generated_candidate,original,0.28600000000000003,False,False,selected_for_strict_replay
a7o_l1_C0273_0373,C0273,373,H12_horizon_ensemble_stability,P7_cross_symbol_relative,RollingMaxRank,H12,same_symbol_rank,Core4,medium_turnover,F7_trend_reversal,cs_z_premium_index;cs_z_ret_12,basis;price,"Add(Clip(ResidualizeVsCore4(RegimeMaskNonMay(F5_funding_neutral,Add(Rank(RollingMax(cs_z_premium_index,4)),ZScore(TSMean(cs_z_ret_12,60))))),-4.0,4.0),HorizonSpread(cs_z_premium_index,24,30))",84b32eed46416591,12,generated_candidate,original,0.28500000000000003,False,False,selected_for_strict_replay
a7o_l1_C0273_0372,C0273,372,H12_horizon_ensemble_stability,P7_cross_symbol_relative,RollingMaxRank,H12,same_symbol_rank,Core4,medium_turnover,F7_trend_reversal,cs_z_premium_index;cs_z_ret_6,basis;price,"Add(Clip(ResidualizeVsCore4(RegimeMaskNonMay(F3_high_liquidity_high_vol,Sub(Rank(RollingMax(cs_z_premium_index,8)),Rank(TSMean(cs_z_premium_index,24))))),-4.0,4.0),HorizonSpread(cs_z_premium_index,10,16))",f6e68b41313f743b,12,generated_candidate,original,0.28400000000000003,False,False,selected_for_strict_replay
a7o_l1_C0273_0565,C0273,565,H12_horizon_ensemble_stability,P7_cross_symbol_relative,RollingMaxRank,H12,same_symbol_rank,Core4,medium_turnover,F7_trend_reversal,cs_z_ret_6;cs_z_taker_imbalance,flow;price,"Add(Clip(ResidualizeVsCore4(RegimeMaskNonMay(F5_funding_neutral,Add(Rank(RollingMax(cs_z_ret_6,10)),ZScore(TSMean(cs_z_taker_imbalance,10))))),-4.0,4.0),HorizonSpread(cs_z_ret_6,6,8))",5feaf620531ede2a,12,generated_candidate,original,0.28300000000000003,False,False,selected_for_strict_replay
a7o_l1_C0273_0564,C0273,564,H12_horizon_ensemble_stability,P7_cross_symbol_relative,RollingMaxRank,H12,same_symbol_rank,Core4,medium_turnover,F7_trend_reversal,cs_z_premium_index;cs_z_taker_imbalance,basis;flow,"Add(Clip(ResidualizeVsCore4(RegimeMaskNonMay(F3_high_liquidity_high_vol,Sub(Rank(RollingMax(cs_z_taker_imbalance,16)),Rank(TSMean(cs_z_taker_imbalance,36))))),-4.0,4.0),HorizonSpread(cs_z_taker_imbalance,20,3))",533fd5a1f890da85,12,generated_candidate,original,0.28200000000000003,False,False,selected_for_strict_replay
a7o_l1_C0273_0757,C0273,757,H12_horizon_ensemble_stability,P7_cross_symbol_relative,RollingMaxRank,H12,same_symbol_rank,Core4,medium_turnover,F7_trend_reversal,cs_z_mark_index_ratio;cs_z_ret_12,basis;price,"Add(Clip(ResidualizeVsCore4(RegimeMaskNonMay(F5_funding_neutral,Add(Rank(RollingMax(cs_z_ret_12,20)),ZScore(TSMean(cs_z_mark_index_ratio,10))))),-4.0,4.0),HorizonSpread(cs_z_ret_12,16,20))",9d2eb6b827fc5193,12,generated_candidate,original,0.281,False,False,selected_for_strict_replay
a7o_l1_C0273_0193,C0273,193,H12_horizon_ensemble_stability,P7_cross_symbol_relative,RollingMaxRank,H12,same_symbol_rank,Core4,medium_turnover,F7_trend_reversal,cs_z_mark_index_ratio;cs_z_ret_6,basis;price,"Add(Clip(ResidualizeVsCore4(Rank(TSMean(Rank(RollingMax(cs_z_ret_6,4)),36))),-4.0,4.0),HorizonSpread(cs_z_ret_6,24,30))",4fce84a85f83863e,12,generated_candidate,original,0.279,False,False,selected_for_strict_replay
a7o_l1_C0273_0290,C0273,290,H12_horizon_ensemble_stability,P7_cross_symbol_relative,RollingMaxRank,H12,same_symbol_rank,Core4,medium_turnover,F7_trend_reversal,cs_z_mark_index_ratio;cs_z_taker_imbalance,basis;flow,"Add(Clip(ResidualizeVsCore4(Sub(Rank(RollingMax(cs_z_taker_imbalance,12)),Abs(ZScore(TSMean(cs_z_mark_index_ratio,10))))),-4.0,4.0),HorizonSpread(cs_z_taker_imbalance,48,72))",829877242e7ff9e2,12,generated_candidate,original,0.279,False,False,selected_for_strict_replay
a7o_l1_C0273_0484,C0273,484,H12_horizon_ensemble_stability,P7_cross_symbol_relative,RollingMaxRank,H12,same_symbol_rank,Core4,medium_turnover,F7_trend_reversal,cs_z_mark_index_ratio;cs_z_ret_6,basis;price,"Add(Clip(ResidualizeVsCore4(SafeDiv(Sub(Rank(RollingMax(cs_z_ret_6,10)),Rank(TSMean(cs_z_ret_6,36))),Clip(Abs(TSRank(cs_z_mark_index_ratio,72)),0.05,2.25))),-4.0,4.0),HorizonSpread(cs_z_ret_6,12,20))",8c349f2d3469e85e,12,generated_candidate,original,0.279,False,False,selected_for_strict_replay
a7o_l1_C0273_0581,C0273,581,H12_horizon_ensemble_stability,P7_cross_symbol_relative,RollingMaxRank,H12,same_symbol_rank,Core4,medium_turnover,F7_trend_reversal,cs_z_mark_index_ratio;cs_z_taker_imbalance,basis;flow,"Add(Clip(ResidualizeVsCore4(Add(Rank(RollingMax(cs_z_taker_imbalance,24)),ZScore(TSMean(cs_z_mark_index_ratio,12)))),-4.0,4.0),HorizonSpread(cs_z_taker_imbalance,10,12))",c0fa2aaed1e9c07c,12,generated_candidate,original,0.279,False,False,selected_for_strict_replay
a7o_l1_C0273_0775,C0273,775,H12_horizon_ensemble_stability,P7_cross_symbol_relative,RollingMaxRank,H12,same_symbol_rank,Core4,medium_turnover,F7_trend_reversal,cs_z_mark_index_ratio;cs_z_ret_12,basis;price,"Add(Clip(ResidualizeVsCore4(SafeDiv(Rank(RollingMax(cs_z_ret_12,20)),Clip(Abs(ZScore(TSStd(cs_z_mark_index_ratio,10))),0.05,6.0))),-4.0,4.0),HorizonSpread(cs_z_ret_12,24,48))",7089599528b69bfa,12,generated_candidate,original,0.279,False,False,selected_for_strict_replay
a7o_l1_C0273_0872,C0273,872,H12_horizon_ensemble_stability,P7_cross_symbol_relative,RollingMaxRank,H12,same_symbol_rank,Core4,medium_turnover,F7_trend_reversal,cs_z_premium_index;cs_z_ret_6,basis;price,"Add(Clip(ResidualizeVsCore4(TSRank(Sub(TSMean(Rank(RollingMax(cs_z_premium_index,6)),24),TSMean(cs_z_premium_index,30)),36)),-4.0,4.0),HorizonSpread(cs_z_premium_index,8,12))",126b26e1a40833a7,12,generated_candidate,original,0.279,False,False,selected_for_strict_replay
a7o_l1_C0273_0949,C0273,949,H12_horizon_ensemble_stability,P7_cross_symbol_relative,RollingMaxRank,H12,same_symbol_rank,Core4,medium_turnover,F7_trend_reversal,cs_z_premium_index;cs_z_ret_12,basis;price,"Add(Clip(ResidualizeVsCore4(RegimeMaskNonMay(F5_funding_neutral,Add(Rank(RollingMax(cs_z_ret_12,4)),ZScore(TSMean(cs_z_premium_index,60))))),-4.0,4.0),HorizonSpread(cs_z_ret_12,36,48))",2510b1efb518d1af,12,generated_candidate,original,0.279,False,False,selected_for_strict_replay
a7o_l1_C0273_1163,C0273,1163,H12_horizon_ensemble_stability,P7_cross_symbol_relative,RollingMaxRank,H12,same_symbol_rank,Core4,medium_turnover,F7_trend_reversal,cs_z_premium_index;cs_z_ret_6,basis;price,"Add(Clip(ResidualizeVsCore4(WinsorZScore(Rank(RollingMax(cs_z_premium_index,12)),3.0)),-4.0,4.0),HorizonSpread(cs_z_premium_index,60,96))",3117220d26bd7d12,12,generated_candidate,original,0.279,False,False,selected_for_strict_replay
a7o_l1_C0273_1260,C0273,1260,H12_horizon_ensemble_stability,P7_cross_symbol_relative,RollingMaxRank,H12,same_symbol_rank,Core4,medium_turnover,F7_trend_reversal,cs_z_mark_index_ratio;cs_z_ret_6,basis;price,"Add(Clip(ResidualizeVsCore4(Sub(WinsorZScore(TSMean(cs_z_mark_index_ratio,4),1.25),WinsorZScore(TSMean(cs_z_ret_6,10),1.25))),-4.0,4.0),HorizonSpread(cs_z_mark_index_ratio,4,8))",cbdff2559880b983,12,generated_candidate,original,0.279,False,False,selected_for_strict_replay
a7o_l1_C0273_1454,C0273,1454,H12_horizon_ensemble_stability,P7_cross_symbol_relative,RollingMaxRank,H12,same_symbol_rank,Core4,medium_turnover,F7_trend_reversal,cs_z_premium_index;cs_z_ret_6,basis;price,"Add(Clip(ResidualizeVsCore4(Mul(SafeDiv(ZScore(TSMean(cs_z_premium_index,24)),Clip(Abs(ZScore(TSMean(cs_z_ret_6,48))),0.05,3.0)),Rank(RollingMax(cs_z_premium_index,24)))),-4.0,4.0),HorizonSpread(cs_z_premium_index,12,20))",64dce5506fcec5f0,12,generated_candidate,original,0.279,False,False,selected_for_strict_replay
a7o_l1_C0273_1551,C0273,1551,H12_horizon_ensemble_stability,P7_cross_symbol_relative,RollingMaxRank,H12,same_symbol_rank,Core4,medium_turnover,F7_trend_reversal,cs_z_mark_index_ratio;cs_z_ret_6,basis;price,"Add(Clip(ResidualizeVsCore4(Abs(Sub(Rank(RollingMax(cs_z_mark_index_ratio,8)),ZScore(TSMean(cs_z_mark_index_ratio,20))))),-4.0,4.0),HorizonSpread(cs_z_mark_index_ratio,24,48))",60119c233d3d81c9,12,generated_candidate,original,0.279,False,False,selected_for_strict_replay
a7o_l1_C0273_1648,C0273,1648,H12_horizon_ensemble_stability,P7_cross_symbol_relative,RollingMaxRank,H12,same_symbol_rank,Core4,medium_turnover,F7_trend_reversal,cs_z_premium_index;cs_z_taker_imbalance,basis;flow,"Add(Clip(ResidualizeVsCore4(ResidualizeVsFundingCore(Add(Rank(RollingMax(cs_z_taker_imbalance,20)),Rank(TSMean(cs_z_taker_imbalance,20))))),-4.0,4.0),HorizonSpread(cs_z_taker_imbalance,24,4))",1b84eefed6e2205e,12,generated_candidate,original,0.279,False,False,selected_for_strict_replay
a7o_l1_C0273_1842,C0273,1842,H12_horizon_ensemble_stability,P7_cross_symbol_relative,RollingMaxRank,H12,same_symbol_rank,Core4,medium_turnover,F7_trend_reversal,cs_z_premium_index;cs_z_ret_12,basis;price,"Add(Clip(ResidualizeVsCore4(CrossSymbolRank(Add(Rank(RollingMax(cs_z_ret_12,16)),TSMean(cs_z_ret_12,24)))),-4.0,4.0),HorizonSpread(cs_z_ret_12,60,12))",8a324231878b898b,12,generated_candidate,original,0.279,False,False,selected_for_strict_replay
a7o_l1_C0273_1939,C0273,1939,H12_horizon_ensemble_stability,P7_cross_symbol_relative,RollingMaxRank,H12,same_symbol_rank,Core4,medium_turnover,F7_trend_reversal,cs_z_premium_index;cs_z_taker_imbalance,basis;flow,"Add(Clip(ResidualizeVsCore4(RollingMin(RollingMax(Rank(RollingMax(cs_z_taker_imbalance,4)),48),84)),-4.0,4.0),HorizonSpread(cs_z_taker_imbalance,60,96))",f6fa193858203519,12,generated_candidate,original,0.279,False,False,selected_for_strict_replay
a7o_l1_C0273_0095,C0273,95,H12_horizon_ensemble_stability,P7_cross_symbol_relative,RollingMaxRank,H12,same_symbol_rank,Core4,medium_turnover,F7_trend_reversal,cs_z_mark_index_ratio;cs_z_ret_12,basis;price,"Add(Clip(ResidualizeVsCore4(ZScore(Sub(TSMean(Rank(RollingMax(cs_z_mark_index_ratio,24)),4),Decay(cs_z_ret_12,10)))),-4.0,4.0),HorizonSpread(cs_z_mark_index_ratio,24,48))",8b2bc51eacd6e9c6,12,generated_candidate,original,0.278,False,False,selected_for_strict_replay
a7o_l1_C0273_0289,C0273,289,H12_horizon_ensemble_stability,P7_cross_symbol_relative,RollingMaxRank,H12,same_symbol_rank,Core4,medium_turnover,F7_trend_reversal,cs_z_premium_index;cs_z_ret_12,basis;price,"Add(Clip(ResidualizeVsCore4(Add(Abs(ZScore(TSStd(cs_z_premium_index,72))),Rank(RollingMax(cs_z_premium_index,20)))),-4.0,4.0),HorizonSpread(cs_z_premium_index,36,48))",9cf47f3e3959cbd8,12,generated_candidate,original,0.278,False,False,selected_for_strict_replay
a7o_l1_C0273_0386,C0273,386,H12_horizon_ensemble_stability,P7_cross_symbol_relative,RollingMaxRank,H12,same_symbol_rank,Core4,medium_turnover,F7_trend_reversal,cs_z_mark_index_ratio;cs_z_ret_12,basis;price,"Add(Clip(ResidualizeVsCore4(ZScore(Decay(Rank(RollingMax(cs_z_mark_index_ratio,6)),16))),-4.0,4.0),HorizonSpread(cs_z_mark_index_ratio,24,36))",e7172c1e3e9a1def,12,generated_candidate,original,0.278,False,False,selected_for_strict_replay
a7o_l1_C0274_2036,C0274,2036,H06_liquidity_structure_ex_realized_vol_mul,P4_taker_flow,CrossSymbolRank,spread_6_vs_24,same_symbol_rank,FundingCore_and_Core4,lag_stable,F0_calendar_blocks,taker_imbalance,flow,"Sub(Decay(ResidualizeVsCore4(ResidualizeVsFundingCore(RegimeMaskNonMay(F3_high_liquidity_high_vol,Sub(CrossSymbolRank(TSMean(taker_imbalance,12)),Rank(TSMean(taker_imbalance,3)))))),16),ZScore(TSStd(taker_imbalance,16)))",97d75c5abd731398,12,generated_candidate,original,0.21970000000000003,False,False,selected_for_strict_replay
a7o_l1_C0274_0181,C0274,181,H06_liquidity_structure_ex_realized_vol_mul,P4_taker_flow,CrossSymbolRank,spread_6_vs_24,same_symbol_rank,FundingCore_and_Core4,lag_stable,F0_calendar_blocks,cs_z_taker_imbalance,flow,"Sub(Decay(ResidualizeVsCore4(ResidualizeVsFundingCore(RegimeMaskNonMay(F5_funding_neutral,Add(CrossSymbolRank(TSMean(cs_z_taker_imbalance,20)),ZScore(TSMean(cs_z_taker_imbalance,10)))))),10),ZScore(TSStd(cs_z_taker_imbalance,10)))",516aebbaa1b05df0,12,generated_candidate,original,0.20770000000000002,False,False,selected_for_strict_replay
a7o_l1_C0274_0180,C0274,180,H06_liquidity_structure_ex_realized_vol_mul,P4_taker_flow,CrossSymbolRank,spread_6_vs_24,same_symbol_rank,FundingCore_and_Core4,lag_stable,F0_calendar_blocks,cs_z_taker_imbalance;taker_imbalance,flow,"Sub(Decay(ResidualizeVsCore4(ResidualizeVsFundingCore(RegimeMaskNonMay(F3_high_liquidity_high_vol,Sub(CrossSymbolRank(TSMean(cs_z_taker_imbalance,3)),Rank(TSMean(cs_z_taker_imbalance,4)))))),4),ZScore(TSStd(cs_z_taker_imbalance,4)))",a8b9e2c0ccb7b574,6,generated_candidate,original,0.20670000000000002,False,False,selected_for_strict_replay
a7o_l1_C0274_0373,C0274,373,H06_liquidity_structure_ex_realized_vol_mul,P4_taker_flow,CrossSymbolRank,spread_6_vs_24,same_symbol_rank,FundingCore_and_Core4,lag_stable,F0_calendar_blocks,cs_z_taker_imbalance;taker_buy_ratio,flow,"Sub(Decay(ResidualizeVsCore4(ResidualizeVsFundingCore(RegimeMaskNonMay(F5_funding_neutral,Add(CrossSymbolRank(TSMean(taker_buy_ratio,16)),ZScore(TSMean(cs_z_taker_imbalance,60)))))),24),ZScore(TSStd(taker_buy_ratio,24)))",2b6a4bb799797648,48,generated_candidate,original,0.20570000000000002,False,False,selected_for_strict_replay
a7o_l1_C0274_0372,C0274,372,H06_liquidity_structure_ex_realized_vol_mul,P4_taker_flow,CrossSymbolRank,spread_6_vs_24,same_symbol_rank,FundingCore_and_Core4,lag_stable,F0_calendar_blocks,taker_buy_ratio;taker_imbalance,flow,"Sub(Decay(ResidualizeVsCore4(ResidualizeVsFundingCore(RegimeMaskNonMay(F3_high_liquidity_high_vol,Sub(CrossSymbolRank(TSMean(taker_buy_ratio,16)),Rank(TSMean(taker_buy_ratio,24)))))),10),ZScore(TSStd(taker_buy_ratio,10)))",27a50d51c7eab992,24,generated_candidate,original,0.20470000000000002,False,False,selected_for_strict_replay
a7o_l1_C0274_0565,C0274,565,H06_liquidity_structure_ex_realized_vol_mul,P4_taker_flow,CrossSymbolRank,spread_6_vs_24,same_symbol_rank,FundingCore_and_Core4,lag_stable,F0_calendar_blocks,cs_z_taker_imbalance;taker_imbalance,flow,"Sub(Decay(ResidualizeVsCore4(ResidualizeVsFundingCore(RegimeMaskNonMay(F5_funding_neutral,Add(CrossSymbolRank(TSMean(taker_imbalance,3)),ZScore(TSMean(cs_z_taker_imbalance,10)))))),6),ZScore(TSStd(taker_imbalance,6)))",99b3b9843d86f7cb,6,generated_candidate,original,0.20370000000000002,False,False,selected_for_strict_replay
a7o_l1_C0274_0564,C0274,564,H06_liquidity_structure_ex_realized_vol_mul,P4_taker_flow,CrossSymbolRank,spread_6_vs_24,same_symbol_rank,FundingCore_and_Core4,lag_stable,F0_calendar_blocks,taker_imbalance,flow,"Sub(Decay(ResidualizeVsCore4(ResidualizeVsFundingCore(RegimeMaskNonMay(F3_high_liquidity_high_vol,Sub(CrossSymbolRank(TSMean(taker_imbalance,60)),Rank(TSMean(taker_imbalance,36)))))),20),ZScore(TSStd(taker_imbalance,20)))",7913832e975a9869,72,generated_candidate,original,0.20270000000000002,False,False,selected_for_strict_replay
a7o_l1_C0274_0757,C0274,757,H06_liquidity_structure_ex_realized_vol_mul,P4_taker_flow,CrossSymbolRank,spread_6_vs_24,same_symbol_rank,FundingCore_and_Core4,lag_stable,F0_calendar_blocks,taker_buy_ratio;taker_imbalance,flow,"Sub(Decay(ResidualizeVsCore4(ResidualizeVsFundingCore(RegimeMaskNonMay(F5_funding_neutral,Add(CrossSymbolRank(TSMean(taker_buy_ratio,48)),ZScore(TSMean(taker_imbalance,10)))))),16),ZScore(TSStd(taker_buy_ratio,16)))",f1dfe05faeea604d,24,generated_candidate,original,0.20170000000000002,False,False,selected_for_strict_replay
a7o_l1_C0274_0756,C0274,756,H06_liquidity_structure_ex_realized_vol_mul,P4_taker_flow,CrossSymbolRank,spread_6_vs_24,same_symbol_rank,FundingCore_and_Core4,lag_stable,F0_calendar_blocks,taker_buy_ratio,flow,"Sub(Decay(ResidualizeVsCore4(ResidualizeVsFundingCore(RegimeMaskNonMay(F3_high_liquidity_high_vol,Sub(CrossSymbolRank(TSMean(taker_buy_ratio,3)),Rank(TSMean(taker_buy_ratio,10)))))),4),ZScore(TSStd(taker_buy_ratio,4)))",ddd00bb32dbaa337,12,generated_candidate,original,0.20070000000000002,False,False,selected_for_strict_replay
a7o_l1_C0274_0096,C0274,96,H06_liquidity_structure_ex_realized_vol_mul,P4_taker_flow,CrossSymbolRank,spread_6_vs_24,same_symbol_rank,FundingCore_and_Core4,lag_stable,F0_calendar_blocks,cs_z_taker_imbalance;taker_buy_ratio,flow,"Sub(Decay(ResidualizeVsCore4(ResidualizeVsFundingCore(Mul(Neg(Rank(TSMean(taker_buy_ratio,4))),CrossSymbolRank(TSMean(taker_buy_ratio,16))))),20),ZScore(TSStd(taker_buy_ratio,20)))",1b9f66eb24f69254,12,generated_candidate,original,0.19970000000000002,False,False,selected_for_strict_replay
a7o_l1_C0274_0193,C0274,193,H06_liquidity_structure_ex_realized_vol_mul,P4_taker_flow,CrossSymbolRank,spread_6_vs_24,same_symbol_rank,FundingCore_and_Core4,lag_stable,F0_calendar_blocks,taker_imbalance,flow,"Sub(Decay(ResidualizeVsCore4(ResidualizeVsFundingCore(Rank(TSMean(CrossSymbolRank(TSMean(taker_imbalance,16)),36)))),24),ZScore(TSStd(taker_imbalance,24)))",ca0da0300cd7fed1,48,generated_candidate,original,0.19970000000000002,False,False,selected_for_strict_replay
a7o_l1_C0274_0290,C0274,290,H06_liquidity_structure_ex_realized_vol_mul,P4_taker_flow,CrossSymbolRank,spread_6_vs_24,same_symbol_rank,FundingCore_and_Core4,lag_stable,F0_calendar_blocks,cs_z_taker_imbalance;taker_buy_ratio,flow,"Sub(Decay(ResidualizeVsCore4(ResidualizeVsFundingCore(Sub(CrossSymbolRank(TSMean(cs_z_taker_imbalance,3)),Abs(ZScore(TSMean(taker_buy_ratio,10)))))),48),ZScore(TSStd(cs_z_taker_imbalance,48)))",ead86dcd35f8910f,6,generated_candidate,original,0.19970000000000002,False,False,selected_for_strict_replay
a7o_l1_C0274_0387,C0274,387,H06_liquidity_structure_ex_realized_vol_mul,P4_taker_flow,CrossSymbolRank,spread_6_vs_24,same_symbol_rank,FundingCore_and_Core4,lag_stable,F0_calendar_blocks,cs_z_taker_imbalance;taker_imbalance,flow,"Sub(Decay(ResidualizeVsCore4(ResidualizeVsFundingCore(Clip(CrossSymbolRank(TSMean(taker_imbalance,48)),-4.0,4.0))),60),ZScore(TSStd(taker_imbalance,60)))",15c406d5367f9737,24,generated_candidate,original,0.19970000000000002,False,False,selected_for_strict_replay
a7o_l1_C0274_0484,C0274,484,H06_liquidity_structure_ex_realized_vol_mul,P4_taker_flow,CrossSymbolRank,spread_6_vs_24,same_symbol_rank,FundingCore_and_Core4,lag_stable,F0_calendar_blocks,cs_z_taker_imbalance;taker_imbalance,flow,"Sub(Decay(ResidualizeVsCore4(ResidualizeVsFundingCore(SafeDiv(Sub(CrossSymbolRank(TSMean(taker_imbalance,60)),Rank(TSMean(taker_imbalance,36))),Clip(Abs(TSRank(cs_z_taker_imbalance,72)),0.05,2.25)))),12),ZScore(TSStd(taker_imbalance,12)))",27ce7d9655a66c1c,72,generated_candidate,original,0.19970000000000002,False,False,selected_for_strict_replay
a7o_l1_C0274_0581,C0274,581,H06_liquidity_structure_ex_realized_vol_mul,P4_taker_flow,CrossSymbolRank,spread_6_vs_24,same_symbol_rank,FundingCore_and_Core4,lag_stable,F0_calendar_blocks,cs_z_taker_imbalance;taker_imbalance,flow,"Sub(Decay(ResidualizeVsCore4(ResidualizeVsFundingCore(Add(CrossSymbolRank(TSMean(cs_z_taker_imbalance,24)),ZScore(TSMean(taker_imbalance,12))))),10),ZScore(TSStd(cs_z_taker_imbalance,10)))",44e9eb0123b13dca,12,generated_candidate,original,0.19970000000000002,False,False,selected_for_strict_replay
a7o_l1_C0274_0678,C0274,678,H06_liquidity_structure_ex_realized_vol_mul,P4_taker_flow,CrossSymbolRank,spread_6_vs_24,same_symbol_rank,FundingCore_and_Core4,lag_stable,F0_calendar_blocks,taker_buy_ratio;taker_imbalance,flow,"Sub(Decay(ResidualizeVsCore4(ResidualizeVsFundingCore(RollingMin(Add(CrossSymbolRank(TSMean(taker_imbalance,24)),Rank(TSMean(taker_buy_ratio,12))),60))),30),ZScore(TSStd(taker_imbalance,30)))",dd2c8c7327fd8543,48,generated_candidate,original,0.19970000000000002,False,False,selected_for_strict_replay
a7o_l1_C0274_0775,C0274,775,H06_liquidity_structure_ex_realized_vol_mul,P4_taker_flow,CrossSymbolRank,spread_6_vs_24,same_symbol_rank,FundingCore_and_Core4,lag_stable,F0_calendar_blocks,cs_z_taker_imbalance,flow,"Sub(Decay(ResidualizeVsCore4(ResidualizeVsFundingCore(SafeDiv(CrossSymbolRank(TSMean(cs_z_taker_imbalance,3)),Clip(Abs(ZScore(TSStd(cs_z_taker_imbalance,10))),0.05,6.0)))),24),ZScore(TSStd(cs_z_taker_imbalance,24)))",166b1a4fff4e53aa,6,generated_candidate,original,0.19970000000000002,False,False,selected_for_strict_replay
a7o_l1_C0274_0872,C0274,872,H06_liquidity_structure_ex_realized_vol_mul,P4_taker_flow,CrossSymbolRank,spread_6_vs_24,same_symbol_rank,FundingCore_and_Core4,lag_stable,F0_calendar_blocks,cs_z_taker_imbalance,flow,"Sub(Decay(ResidualizeVsCore4(ResidualizeVsFundingCore(TSRank(Sub(TSMean(CrossSymbolRank(TSMean(cs_z_taker_imbalance,16)),24),TSMean(cs_z_taker_imbalance,30)),36))),8),ZScore(TSStd(cs_z_taker_imbalance,8)))",51d96f9644acc66a,24,generated_candidate,original,0.19970000000000002,False,False,selected_for_strict_replay
a7o_l1_C0274_0949,C0274,949,H06_liquidity_structure_ex_realized_vol_mul,P4_taker_flow,CrossSymbolRank,spread_6_vs_24,same_symbol_rank,FundingCore_and_Core4,lag_stable,F0_calendar_blocks,taker_imbalance,flow,"Sub(Decay(ResidualizeVsCore4(ResidualizeVsFundingCore(RegimeMaskNonMay(F5_funding_neutral,Add(CrossSymbolRank(TSMean(taker_imbalance,48)),ZScore(TSMean(taker_imbalance,60)))))),36),ZScore(TSStd(taker_imbalance,36)))",671435d597d0935b,72,generated_candidate,original,0.19970000000000002,False,False,selected_for_strict_replay
a7o_l1_C0274_0969,C0274,969,H06_liquidity_structure_ex_realized_vol_mul,P4_taker_flow,CrossSymbolRank,spread_6_vs_24,same_symbol_rank,FundingCore_and_Core4,lag_stable,F0_calendar_blocks,taker_imbalance,flow,"Sub(Decay(ResidualizeVsCore4(ResidualizeVsFundingCore(Rank(Delta(CrossSymbolRank(TSMean(taker_imbalance,96)),72)))),36),ZScore(TSStd(taker_imbalance,36)))",0098baf4c83b9261,72,generated_candidate,original,0.19970000000000002,False,False,selected_for_strict_replay
a7o_l1_C0274_1066,C0274,1066,H06_liquidity_structure_ex_realized_vol_mul,P4_taker_flow,CrossSymbolRank,spread_6_vs_24,same_symbol_rank,FundingCore_and_Core4,lag_stable,F0_calendar_blocks,cs_z_taker_imbalance;taker_buy_ratio,flow,"Sub(Decay(ResidualizeVsCore4(ResidualizeVsFundingCore(Rank(SmoothInteraction(CrossSymbolRank(TSMean(cs_z_taker_imbalance,4)),TSStd(cs_z_taker_imbalance,12))))),20),ZScore(TSStd(cs_z_taker_imbalance,20)))",aed2731e8dceca63,12,generated_candidate,original,0.19970000000000002,False,False,selected_for_strict_replay
a7o_l1_C0274_1163,C0274,1163,H06_liquidity_structure_ex_realized_vol_mul,P4_taker_flow,CrossSymbolRank,spread_6_vs_24,same_symbol_rank,FundingCore_and_Core4,lag_stable,F0_calendar_blocks,cs_z_taker_imbalance;taker_buy_ratio,flow,"Sub(Decay(ResidualizeVsCore4(ResidualizeVsFundingCore(WinsorZScore(CrossSymbolRank(TSMean(taker_buy_ratio,36)),3.0))),60),ZScore(TSStd(taker_buy_ratio,60)))",57a164216b3c9f8d,48,generated_candidate,original,0.19970000000000002,False,False,selected_for_strict_replay
a7o_l1_C0274_1260,C0274,1260,H06_liquidity_structure_ex_realized_vol_mul,P4_taker_flow,CrossSymbolRank,spread_6_vs_24,same_symbol_rank,FundingCore_and_Core4,lag_stable,F0_calendar_blocks,cs_z_taker_imbalance;taker_imbalance,flow,"Sub(Decay(ResidualizeVsCore4(ResidualizeVsFundingCore(Sub(WinsorZScore(TSMean(cs_z_taker_imbalance,4),1.25),WinsorZScore(TSMean(taker_imbalance,10),1.25)))),4),ZScore(TSStd(cs_z_taker_imbalance,4)))",f0db59e459fa03de,6,generated_candidate,original,0.19970000000000002,False,False,selected_for_strict_replay
a7o_l1_C0274_1357,C0274,1357,H06_liquidity_structure_ex_realized_vol_mul,P4_taker_flow,CrossSymbolRank,spread_6_vs_24,same_symbol_rank,FundingCore_and_Core4,lag_stable,F0_calendar_blocks,cs_z_taker_imbalance;taker_imbalance,flow,"Sub(Decay(ResidualizeVsCore4(ResidualizeVsFundingCore(Mul(ZScore(TSMean(cs_z_taker_imbalance,8)),CrossSymbolRank(TSMean(cs_z_taker_imbalance,48))))),16),ZScore(TSStd(cs_z_taker_imbalance,16)))",cc6685dff1b4de66,24,generated_candidate,original,0.19970000000000002,False,False,selected_for_strict_replay
a7o_l1_C0275_2036,C0275,2036,H01_cross_symbol_relative_strength,P11_volatility_basis,DecayZScore,H12,same_symbol_zscore,FundingCore_and_Core4,medium_turnover,F8_low_vol_high_liquidity,mark_index_ratio;realized_vol_12,basis;volatility,"CrossSymbolRank(Clip(ResidualizeVsCore4(ResidualizeVsFundingCore(RegimeMaskNonMay(F3_high_liquidity_high_vol,Sub(ZScore(Decay(realized_vol_12,12)),Rank(TSMean(realized_vol_12,3)))))),-4.0,4.0))",f45fbc014a1635f3,12,generated_candidate,original,0.29600000000000004,False,False,selected_for_strict_replay
a7o_l1_C0275_0181,C0275,181,H01_cross_symbol_relative_strength,P11_volatility_basis,DecayZScore,H12,same_symbol_zscore,FundingCore_and_Core4,medium_turnover,F8_low_vol_high_liquidity,premium_index;realized_vol_12,basis;volatility,"CrossSymbolRank(Clip(ResidualizeVsCore4(ResidualizeVsFundingCore(RegimeMaskNonMay(F5_funding_neutral,Add(ZScore(Decay(realized_vol_12,20)),ZScore(TSMean(premium_index,10)))))),-4.0,4.0))",635ea6d094d50357,12,generated_candidate,original,0.28400000000000003,False,False,selected_for_strict_replay
a7o_l1_C0275_0180,C0275,180,H01_cross_symbol_relative_strength,P11_volatility_basis,DecayZScore,H12,same_symbol_zscore,FundingCore_and_Core4,medium_turnover,F8_low_vol_high_liquidity,mark_index_ratio;realized_vol_12,basis;volatility,"CrossSymbolRank(Clip(ResidualizeVsCore4(ResidualizeVsFundingCore(RegimeMaskNonMay(F3_high_liquidity_high_vol,Sub(ZScore(Decay(realized_vol_12,3)),Rank(TSMean(realized_vol_12,4)))))),-4.0,4.0))",dcb4e02a7b252862,12,generated_candidate,original,0.28300000000000003,False,False,selected_for_strict_replay
a7o_l1_C0275_0373,C0275,373,H01_cross_symbol_relative_strength,P11_volatility_basis,DecayZScore,H12,same_symbol_zscore,FundingCore_and_Core4,medium_turnover,F8_low_vol_high_liquidity,premium_index;realized_vol_12,basis;volatility,"CrossSymbolRank(Clip(ResidualizeVsCore4(ResidualizeVsFundingCore(RegimeMaskNonMay(F5_funding_neutral,Add(ZScore(Decay(realized_vol_12,4)),ZScore(TSMean(premium_index,60)))))),-4.0,4.0))",f33fb77713f330e8,12,generated_candidate,original,0.28200000000000003,False,False,selected_for_strict_replay
a7o_l1_C0275_0372,C0275,372,H01_cross_symbol_relative_strength,P11_volatility_basis,DecayZScore,H12,same_symbol_zscore,FundingCore_and_Core4,medium_turnover,F8_low_vol_high_liquidity,mark_index_ratio;realized_vol_12,basis;volatility,"CrossSymbolRank(Clip(ResidualizeVsCore4(ResidualizeVsFundingCore(RegimeMaskNonMay(F3_high_liquidity_high_vol,Sub(ZScore(Decay(realized_vol_12,8)),Rank(TSMean(realized_vol_12,24)))))),-4.0,4.0))",a85dc6efb6774d95,12,generated_candidate,original,0.281,False,False,selected_for_strict_replay
a7o_l1_C0275_0565,C0275,565,H01_cross_symbol_relative_strength,P11_volatility_basis,DecayZScore,H12,same_symbol_zscore,FundingCore_and_Core4,medium_turnover,F8_low_vol_high_liquidity,premium_index;realized_vol_12,basis;volatility,"CrossSymbolRank(Clip(ResidualizeVsCore4(ResidualizeVsFundingCore(RegimeMaskNonMay(F5_funding_neutral,Add(ZScore(Decay(realized_vol_12,10)),ZScore(TSMean(premium_index,10)))))),-4.0,4.0))",3e02b947ad16d76a,12,generated_candidate,original,0.28,False,False,selected_for_strict_replay
a7o_l1_C0275_0564,C0275,564,H01_cross_symbol_relative_strength,P11_volatility_basis,DecayZScore,H12,same_symbol_zscore,FundingCore_and_Core4,medium_turnover,F8_low_vol_high_liquidity,mark_index_ratio;realized_vol_12,basis;volatility,"CrossSymbolRank(Clip(ResidualizeVsCore4(ResidualizeVsFundingCore(RegimeMaskNonMay(F3_high_liquidity_high_vol,Sub(ZScore(Decay(realized_vol_12,16)),Rank(TSMean(realized_vol_12,36)))))),-4.0,4.0))",4fee22ce0171f2ea,12,generated_candidate,original,0.279,False,False,selected_for_strict_replay
a7o_l1_C0275_0756,C0275,756,H01_cross_symbol_relative_strength,P11_volatility_basis,DecayZScore,H12,same_symbol_zscore,FundingCore_and_Core4,medium_turnover,F8_low_vol_high_liquidity,mark_index_ratio;realized_vol_12,basis;volatility,"CrossSymbolRank(Clip(ResidualizeVsCore4(ResidualizeVsFundingCore(RegimeMaskNonMay(F3_high_liquidity_high_vol,Sub(ZScore(Decay(realized_vol_12,3)),Rank(TSMean(realized_vol_12,10)))))),-4.0,4.0))",852097048181e840,12,generated_candidate,original,0.277,False,False,selected_for_strict_replay
a7o_l1_C0275_0096,C0275,96,H01_cross_symbol_relative_strength,P11_volatility_basis,DecayZScore,H12,same_symbol_zscore,FundingCore_and_Core4,medium_turnover,F8_low_vol_high_liquidity,mark_index_ratio;realized_vol_12,basis;volatility,"CrossSymbolRank(Clip(ResidualizeVsCore4(ResidualizeVsFundingCore(Mul(Neg(Rank(TSMean(mark_index_ratio,4))),ZScore(Decay(mark_index_ratio,16))))),-4.0,4.0))",50f832163ec5bb63,12,generated_candidate,original,0.276,False,False,selected_for_strict_replay
a7o_l1_C0275_0387,C0275,387,H01_cross_symbol_relative_strength,P11_volatility_basis,DecayZScore,H12,same_symbol_zscore,FundingCore_and_Core4,medium_turnover,F8_low_vol_high_liquidity,premium_index;realized_vol_12,basis;volatility,"CrossSymbolRank(Clip(ResidualizeVsCore4(ResidualizeVsFundingCore(Clip(ZScore(Decay(realized_vol_12,3)),-4.0,4.0))),-4.0,4.0))",ca25accbc087e449,12,generated_candidate,original,0.276,False,False,selected_for_strict_replay
a7o_l1_C0275_0484,C0275,484,H01_cross_symbol_relative_strength,P11_volatility_basis,DecayZScore,H12,same_symbol_zscore,FundingCore_and_Core4,medium_turnover,F8_low_vol_high_liquidity,premium_index;realized_vol_12,basis;volatility,"CrossSymbolRank(Clip(ResidualizeVsCore4(ResidualizeVsFundingCore(SafeDiv(Sub(ZScore(Decay(premium_index,10)),Rank(TSMean(premium_index,36))),Clip(Abs(TSRank(realized_vol_12,72)),0.05,2.25)))),-4.0,4.0))",773ac674c4dfbee7,12,generated_candidate,original,0.276,False,False,selected_for_strict_replay
a7o_l1_C0275_0775,C0275,775,H01_cross_symbol_relative_strength,P11_volatility_basis,DecayZScore,H12,same_symbol_zscore,FundingCore_and_Core4,medium_turnover,F8_low_vol_high_liquidity,premium_index;realized_vol_24,basis;volatility,"CrossSymbolRank(Clip(ResidualizeVsCore4(ResidualizeVsFundingCore(SafeDiv(ZScore(Decay(realized_vol_24,20)),Clip(Abs(ZScore(TSStd(premium_index,10))),0.05,6.0)))),-4.0,4.0))",8ecc97a6f6592b85,12,generated_candidate,original,0.276,False,False,selected_for_strict_replay
a7o_l1_C0275_0969,C0275,969,H01_cross_symbol_relative_strength,P11_volatility_basis,DecayZScore,H12,same_symbol_zscore,FundingCore_and_Core4,medium_turnover,F8_low_vol_high_liquidity,mark_index_ratio;realized_vol_24,basis;volatility,"CrossSymbolRank(Clip(ResidualizeVsCore4(ResidualizeVsFundingCore(Rank(Delta(ZScore(Decay(mark_index_ratio,16)),72)))),-4.0,4.0))",d41f0a1fad53b929,12,generated_candidate,original,0.276,False,False,selected_for_strict_replay
a7o_l1_C0275_1066,C0275,1066,H01_cross_symbol_relative_strength,P11_volatility_basis,DecayZScore,H12,same_symbol_zscore,FundingCore_and_Core4,medium_turnover,F8_low_vol_high_liquidity,mark_index_ratio;realized_vol_12,basis;volatility,"CrossSymbolRank(Clip(ResidualizeVsCore4(ResidualizeVsFundingCore(Rank(SmoothInteraction(ZScore(Decay(realized_vol_12,4)),TSStd(realized_vol_12,12))))),-4.0,4.0))",e4d10364889edd2e,12,generated_candidate,original,0.276,False,False,selected_for_strict_replay
a7o_l1_C0275_1357,C0275,1357,H01_cross_symbol_relative_strength,P11_volatility_basis,DecayZScore,H12,same_symbol_zscore,FundingCore_and_Core4,medium_turnover,F8_low_vol_high_liquidity,premium_index;realized_vol_24,basis;volatility,"CrossSymbolRank(Clip(ResidualizeVsCore4(ResidualizeVsFundingCore(Mul(ZScore(TSMean(premium_index,8)),ZScore(Decay(premium_index,10))))),-4.0,4.0))",a15a1d8519943046,12,generated_candidate,original,0.276,False,False,selected_for_strict_replay
a7o_l1_C0275_1454,C0275,1454,H01_cross_symbol_relative_strength,P11_volatility_basis,DecayZScore,H12,same_symbol_zscore,FundingCore_and_Core4,medium_turnover,F8_low_vol_high_liquidity,mark_index_ratio;realized_vol_24,basis;volatility,"CrossSymbolRank(Clip(ResidualizeVsCore4(ResidualizeVsFundingCore(Mul(SafeDiv(ZScore(TSMean(realized_vol_24,24)),Clip(Abs(ZScore(TSMean(mark_index_ratio,48))),0.05,3.0)),ZScore(Decay(realized_vol_24,24))))),-4.0,4.0))",164fb7eeaabc0747,12,generated_candidate,original,0.276,False,False,selected_for_strict_replay
a7o_l1_C0275_1745,C0275,1745,H01_cross_symbol_relative_strength,P11_volatility_basis,DecayZScore,H12,same_symbol_zscore,FundingCore_and_Core4,medium_turnover,F8_low_vol_high_liquidity,premium_index;realized_vol_24,basis;volatility,"CrossSymbolRank(Clip(ResidualizeVsCore4(ResidualizeVsFundingCore(SmoothInteraction(ZScore(Decay(realized_vol_24,6)),TSMean(premium_index,10)))),-4.0,4.0))",6b59cdd92c55b092,12,generated_candidate,original,0.276,False,False,selected_for_strict_replay
a7o_l1_C0275_1842,C0275,1842,H01_cross_symbol_relative_strength,P11_volatility_basis,DecayZScore,H12,same_symbol_zscore,FundingCore_and_Core4,medium_turnover,F8_low_vol_high_liquidity,premium_index;realized_vol_12,basis;volatility,"CrossSymbolRank(Clip(ResidualizeVsCore4(ResidualizeVsFundingCore(CrossSymbolRank(Add(ZScore(Decay(premium_index,16)),TSMean(premium_index,24))))),-4.0,4.0))",55623edd3ab283a1,12,generated_candidate,original,0.276,False,False,selected_for_strict_replay
a7o_l1_C0275_0289,C0275,289,H01_cross_symbol_relative_strength,P11_volatility_basis,DecayZScore,H12,same_symbol_zscore,FundingCore_and_Core4,medium_turnover,F8_low_vol_high_liquidity,mark_index_ratio;realized_vol_24,basis;volatility,"CrossSymbolRank(Clip(ResidualizeVsCore4(ResidualizeVsFundingCore(Add(Abs(ZScore(TSStd(mark_index_ratio,72))),ZScore(Decay(mark_index_ratio,20))))),-4.0,4.0))",bdb026fc625cbf71,12,generated_candidate,original,0.275,False,False,selected_for_strict_replay
a7o_l1_C0275_0386,C0275,386,H01_cross_symbol_relative_strength,P11_volatility_basis,DecayZScore,H12,same_symbol_zscore,FundingCore_and_Core4,medium_turnover,F8_low_vol_high_liquidity,mark_index_ratio;realized_vol_12,basis;volatility,"CrossSymbolRank(Clip(ResidualizeVsCore4(ResidualizeVsFundingCore(ZScore(Decay(ZScore(Decay(realized_vol_12,6)),16)))),-4.0,4.0))",44fcca8a2fa1a407,12,generated_candidate,original,0.275,False,False,selected_for_strict_replay
a7o_l1_C0275_0677,C0275,677,H01_cross_symbol_relative_strength,P11_volatility_basis,DecayZScore,H12,same_symbol_zscore,FundingCore_and_Core4,medium_turnover,F8_low_vol_high_liquidity,premium_index;realized_vol_24,basis;volatility,"CrossSymbolRank(Clip(ResidualizeVsCore4(ResidualizeVsFundingCore(RollingMax(Sub(ZScore(Decay(premium_index,12)),ZScore(TSMean(premium_index,8))),10))),-4.0,4.0))",11212c177bab86a0,12,generated_candidate,original,0.275,False,False,selected_for_strict_replay
a7o_l1_C0275_0774,C0275,774,H01_cross_symbol_relative_strength,P11_volatility_basis,DecayZScore,H12,same_symbol_zscore,FundingCore_and_Core4,medium_turnover,F8_low_vol_high_liquidity,mark_index_ratio;realized_vol_24,basis;volatility,"CrossSymbolRank(Clip(ResidualizeVsCore4(ResidualizeVsFundingCore(Mul(ZScore(Decay(realized_vol_24,3)),Rank(TSStd(realized_vol_24,24))))),-4.0,4.0))",8b53250d2f6b08f2,12,generated_candidate,original,0.275,False,False,selected_for_strict_replay
a7o_l1_C0275_0948,C0275,948,H01_cross_symbol_relative_strength,P11_volatility_basis,DecayZScore,H12,same_symbol_zscore,FundingCore_and_Core4,medium_turnover,F8_low_vol_high_liquidity,mark_index_ratio;realized_vol_12,basis;volatility,"CrossSymbolRank(Clip(ResidualizeVsCore4(ResidualizeVsFundingCore(RegimeMaskNonMay(F3_high_liquidity_high_vol,Sub(ZScore(Decay(realized_vol_12,8)),Rank(TSMean(realized_vol_12,60)))))),-4.0,4.0))",55d8b62cf06b0458,12,generated_candidate,original,0.275,False,False,selected_for_strict_replay
a7o_l1_C0275_0968,C0275,968,H01_cross_symbol_relative_strength,P11_volatility_basis,DecayZScore,H12,same_symbol_zscore,FundingCore_and_Core4,medium_turnover,F8_low_vol_high_liquidity,mark_index_ratio;realized_vol_12,basis;volatility,"CrossSymbolRank(Clip(ResidualizeVsCore4(ResidualizeVsFundingCore(Sub(TSMean(ZScore(Decay(mark_index_ratio,24)),24),TSMean(ZScore(Decay(mark_index_ratio,24)),36)))),-4.0,4.0))",1927989f139bc0f2,12,generated_candidate,original,0.275,False,False,selected_for_strict_replay
a7o_l1_C0276_0969,C0276,969,H04_basis_compression_expansion,P8_regime_state,Rank,ensemble_6_12_24_48,cross_symbol_rank,FundingCore,lag_stable,F1_high_realized_vol,quote_volume_mean_24;realized_vol_24,liquidity;volatility,"HorizonSpread(Decay(ResidualizeVsFundingCore(cross_symbol_rank(Rank(Delta(Rank(TSMean(quote_volume_mean_24,96)),72)))),36),36,48)",e3e3bf3fe9942bc0,72,generated_candidate,original,0.3234000000000001,False,False,selected_for_strict_replay
a7o_l1_C0276_0192,C0276,192,H04_basis_compression_expansion,P8_regime_state,Rank,ensemble_6_12_24_48,cross_symbol_rank,FundingCore,lag_stable,F1_high_realized_vol,quote_volume_mean_24;realized_vol_24,liquidity;volatility,"HorizonSpread(Decay(ResidualizeVsFundingCore(cross_symbol_rank(TSMean(Rank(TSMean(realized_vol_24,16)),24))),10),10,16)",7bb7e773f4434412,24,generated_candidate,original,0.3224000000000001,False,False,selected_for_strict_replay
a7o_l1_C0276_0483,C0276,483,H04_basis_compression_expansion,P8_regime_state,Rank,ensemble_6_12_24_48,cross_symbol_rank,FundingCore,lag_stable,F1_high_realized_vol,quote_volume_mean_24;realized_vol_24,liquidity;volatility,"HorizonSpread(Decay(ResidualizeVsFundingCore(cross_symbol_rank(Mul(Clip(ZScore(TSMean(quote_volume_mean_24,24)),-1.25,1.25),Rank(TSMean(Rank(TSMean(realized_vol_24,48)),16))))),60),60,96)",1e9143bdbd9f9dd9,48,generated_candidate,original,0.3224000000000001,False,False,selected_for_strict_replay
a7o_l1_C0276_0094,C0276,94,H04_basis_compression_expansion,P8_regime_state,Rank,ensemble_6_12_24_48,cross_symbol_rank,FundingCore,lag_stable,F1_high_realized_vol,quote_volume_mean_24;realized_vol_24,liquidity;volatility,"HorizonSpread(Decay(ResidualizeVsFundingCore(cross_symbol_rank(Rank(Add(Delta(quote_volume_mean_24,24),TSMean(Rank(TSMean(quote_volume_mean_24,36)),48))))),20),20,30)",a54e80356323f7a2,72,generated_candidate,original,0.3214000000000001,False,False,selected_for_strict_replay
a7o_l1_C0276_1549,C0276,1549,H04_basis_compression_expansion,P8_regime_state,Rank,ensemble_6_12_24_48,cross_symbol_rank,FundingCore,lag_stable,F1_high_realized_vol,quote_volume_mean_24;realized_vol_24,liquidity;volatility,"HorizonSpread(Decay(ResidualizeVsFundingCore(cross_symbol_rank(Mul(ZScore(TSMean(realized_vol_24,30)),Rank(TSMean(realized_vol_24,48))))),36),36,48)",10bc2ff21659c325,72,generated_candidate,original,0.3214000000000001,False,False,selected_for_strict_replay
a7o_l1_C0276_0674,C0276,674,H04_basis_compression_expansion,P8_regime_state,Rank,ensemble_6_12_24_48,cross_symbol_rank,FundingCore,lag_stable,F1_high_realized_vol,quote_volume_mean_24;realized_vol_24,liquidity;volatility,"HorizonSpread(Decay(ResidualizeVsFundingCore(cross_symbol_rank(Sub(Rank(TSMean(realized_vol_24,84)),Abs(ZScore(TSMean(quote_volume_mean_24,96)))))),24),24,36)",144d2065b90b4382,72,generated_candidate,original,0.3194000000000001,False,False,selected_for_strict_replay
a7o_l1_C0276_1255,C0276,1255,H04_basis_compression_expansion,P8_regime_state,Rank,ensemble_6_12_24_48,cross_symbol_rank,FundingCore,lag_stable,F1_high_realized_vol,quote_volume_mean_24;realized_vol_24,liquidity;volatility,"HorizonSpread(Decay(ResidualizeVsFundingCore(cross_symbol_rank(Decay(Mul(Rank(TSMean(quote_volume_mean_24,3)),ZScore(TSStd(quote_volume_mean_24,4))),10))),24),24,48)",67da09e3587782b1,6,generated_candidate,original,0.31840000000000007,False,False,selected_for_strict_replay
a7o_l1_C0276_0380,C0276,380,H04_basis_compression_expansion,P8_regime_state,Rank,ensemble_6_12_24_48,cross_symbol_rank,FundingCore,lag_stable,F1_high_realized_vol,quote_volume_mean_24;realized_vol_24,liquidity;volatility,"HorizonSpread(Decay(ResidualizeVsFundingCore(cross_symbol_rank(Rank(Sub(TSMean(quote_volume_mean_24,4),TSMean(Rank(TSMean(quote_volume_mean_24,3)),10))))),16),16,24)",081b7e4f512cd47c,6,generated_candidate,original,0.31640000000000007,False,False,selected_for_strict_replay
a7o_l1_C0276_1835,C0276,1835,H04_basis_compression_expansion,P8_regime_state,Rank,ensemble_6_12_24_48,cross_symbol_rank,FundingCore,lag_stable,F1_high_realized_vol,quote_volume_mean_24;realized_vol_24,liquidity;volatility,"HorizonSpread(Decay(ResidualizeVsFundingCore(cross_symbol_rank(Mul(Add(Rank(TSMean(realized_vol_24,4)),ZScore(TSMean(quote_volume_mean_24,10))),Clip(Rank(TSMean(realized_vol_24,3)),-1.5,1.5)))),60),60,96)",72b7f904f2827e94,6,generated_candidate,original,0.31640000000000007,False,False,selected_for_strict_replay
a7o_l1_C0276_1446,C0276,1446,H04_basis_compression_expansion,P8_regime_state,Rank,ensemble_6_12_24_48,cross_symbol_rank,FundingCore,lag_stable,F1_high_realized_vol,quote_volume_mean_24;realized_vol_24,liquidity;volatility,"HorizonSpread(Decay(ResidualizeVsFundingCore(cross_symbol_rank(RollingMin(Add(Rank(TSMean(quote_volume_mean_24,16)),Rank(TSMean(realized_vol_24,8))),4))),60),60,12)",70380644c6b8ae18,12,generated_candidate,original,0.31540000000000007,False,False,selected_for_strict_replay
a7o_l1_C0276_1737,C0276,1737,H04_basis_compression_expansion,P8_regime_state,Rank,ensemble_6_12_24_48,cross_symbol_rank,FundingCore,lag_stable,F1_high_realized_vol,quote_volume_mean_24;realized_vol_24,liquidity;volatility,"HorizonSpread(Decay(ResidualizeVsFundingCore(cross_symbol_rank(Rank(Delta(Rank(TSMean(quote_volume_mean_24,48)),8)))),16),16,20)",c8ff41742fa05ce6,24,generated_candidate,original,0.31540000000000007,False,False,selected_for_strict_replay
a7o_l1_C0276_2028,C0276,2028,H04_basis_compression_expansion,P8_regime_state,Rank,ensemble_6_12_24_48,cross_symbol_rank,FundingCore,lag_stable,F1_high_realized_vol,quote_volume_mean_24;realized_vol_24,liquidity;volatility,"HorizonSpread(Decay(ResidualizeVsFundingCore(cross_symbol_rank(Sub(WinsorZScore(TSMean(quote_volume_mean_24,60),2.5),WinsorZScore(TSMean(realized_vol_24,12),2.5)))),10),10,16)",b4a28345bfefaa7c,48,generated_candidate,original,0.31540000000000007,False,False,selected_for_strict_replay
a7o_l1_C0276_0960,C0276,960,H04_basis_compression_expansion,P8_regime_state,Rank,ensemble_6_12_24_48,cross_symbol_rank,FundingCore,lag_stable,F1_high_realized_vol,quote_volume_mean_24;realized_vol_24,liquidity;volatility,"HorizonSpread(Decay(ResidualizeVsFundingCore(cross_symbol_rank(TSMean(Rank(TSMean(realized_vol_24,3)),4))),20),20,3)",95937576d9208cb7,6,generated_candidate,original,0.31440000000000007,False,False,selected_for_strict_replay
a7o_l1_C0276_1251,C0276,1251,H04_basis_compression_expansion,P8_regime_state,Rank,ensemble_6_12_24_48,cross_symbol_rank,FundingCore,lag_stable,F1_high_realized_vol,quote_volume_mean_24;realized_vol_24,liquidity;volatility,"HorizonSpread(Decay(ResidualizeVsFundingCore(cross_symbol_rank(Mul(Clip(ZScore(TSMean(quote_volume_mean_24,16)),-3.0,3.0),Rank(TSMean(Rank(TSMean(realized_vol_24,3)),10))))),60),60,96)",3a71eecd80cc9fb4,12,generated_candidate,original,0.31440000000000007,False,False,selected_for_strict_replay
a7o_l1_C0276_0571,C0276,571,H04_basis_compression_expansion,P8_regime_state,Rank,ensemble_6_12_24_48,cross_symbol_rank,FundingCore,lag_stable,F1_high_realized_vol,quote_volume_mean_24;realized_vol_24,liquidity;volatility,"HorizonSpread(Decay(ResidualizeVsFundingCore(cross_symbol_rank(SafeDiv(SmoothInteraction(Rank(TSMean(quote_volume_mean_24,4)),TSMean(quote_volume_mean_24,12)),Clip(Abs(TSStd(realized_vol_24,20)),0.05,3.25)))),60),60,96)",fb52d3693bd1ce8f,12,generated_candidate,original,0.31340000000000007,False,False,selected_for_strict_replay
a7o_l1_C0276_0862,C0276,862,H04_basis_compression_expansion,P8_regime_state,Rank,ensemble_6_12_24_48,cross_symbol_rank,FundingCore,lag_stable,F1_high_realized_vol,quote_volume_mean_24;realized_vol_24,liquidity;volatility,"HorizonSpread(Decay(ResidualizeVsFundingCore(cross_symbol_rank(Rank(Add(Delta(quote_volume_mean_24,24),TSMean(Rank(TSMean(quote_volume_mean_24,16)),30))))),36),36,60)",3098c35464d5df7e,24,generated_candidate,original,0.31340000000000007,False,False,selected_for_strict_replay
a7o_l1_C0276_1153,C0276,1153,H04_basis_compression_expansion,P8_regime_state,Rank,ensemble_6_12_24_48,cross_symbol_rank,FundingCore,lag_stable,F1_high_realized_vol,quote_volume_mean_24;realized_vol_24,liquidity;volatility,"HorizonSpread(Decay(ResidualizeVsFundingCore(cross_symbol_rank(Rank(TSMean(Rank(TSMean(quote_volume_mean_24,60)),20)))),24),24,30)",d44e956411724dce,48,generated_candidate,original,0.31340000000000007,False,False,selected_for_strict_replay
a7o_l1_C0276_0085,C0276,85,H04_basis_compression_expansion,P8_regime_state,Rank,ensemble_6_12_24_48,cross_symbol_rank,FundingCore,lag_stable,F1_high_realized_vol,quote_volume_mean_24;realized_vol_24,liquidity;volatility,"HorizonSpread(Decay(ResidualizeVsFundingCore(cross_symbol_rank(Sub(ZScore(TSStd(quote_volume_mean_24,10)),Rank(TSMean(realized_vol_24,3))))),6),6,8)",ece7fcf6e649c6a8,6,generated_candidate,original,0.31240000000000007,False,False,selected_for_strict_replay
a7o_l1_C0276_0376,C0276,376,H04_basis_compression_expansion,P8_regime_state,Rank,ensemble_6_12_24_48,cross_symbol_rank,FundingCore,lag_stable,F1_high_realized_vol,quote_volume_mean_24;realized_vol_24,liquidity;volatility,"HorizonSpread(Decay(ResidualizeVsFundingCore(cross_symbol_rank(Add(RollingMin(Rank(TSMean(realized_vol_24,10)),24),RollingMax(TSMean(realized_vol_24,4),8)))),12),12,20)",f64a41a1eb4d23da,12,generated_candidate,original,0.31240000000000007,False,False,selected_for_strict_replay
a7o_l1_C0276_0278,C0276,278,H04_basis_compression_expansion,P8_regime_state,Rank,ensemble_6_12_24_48,cross_symbol_rank,FundingCore,lag_stable,F1_high_realized_vol,quote_volume_mean_24;realized_vol_24,liquidity;volatility,"HorizonSpread(Decay(ResidualizeVsFundingCore(cross_symbol_rank(Mul(TSRank(quote_volume_mean_24,48),Rank(TSMean(quote_volume_mean_24,20))))),24),24,36)",2d698665e370a1fb,48,generated_candidate,original,0.31140000000000007,False,False,selected_for_strict_replay
a7o_l1_C0276_1442,C0276,1442,H04_basis_compression_expansion,P8_regime_state,Rank,ensemble_6_12_24_48,cross_symbol_rank,FundingCore,lag_stable,F1_high_realized_vol,quote_volume_mean_24;realized_vol_24,liquidity;volatility,"HorizonSpread(Decay(ResidualizeVsFundingCore(cross_symbol_rank(Sub(Rank(TSMean(realized_vol_24,16)),Abs(ZScore(TSMean(quote_volume_mean_24,30)))))),48),48,72)",ca95e086585cc6f4,24,generated_candidate,original,0.31140000000000007,False,False,selected_for_strict_replay
a7o_l1_C0276_1733,C0276,1733,H04_basis_compression_expansion,P8_regime_state,Rank,ensemble_6_12_24_48,cross_symbol_rank,FundingCore,lag_stable,F1_high_realized_vol,quote_volume_mean_24;realized_vol_24,liquidity;volatility,"HorizonSpread(Decay(ResidualizeVsFundingCore(cross_symbol_rank(Add(Rank(TSMean(realized_vol_24,72)),ZScore(TSMean(quote_volume_mean_24,36))))),24),24,30)",7c4b9d3570a8040c,48,generated_candidate,original,0.31140000000000007,False,False,selected_for_strict_replay
a7o_l1_C0276_1344,C0276,1344,H04_basis_compression_expansion,P8_regime_state,Rank,ensemble_6_12_24_48,cross_symbol_rank,FundingCore,lag_stable,F1_high_realized_vol,quote_volume_mean_24;realized_vol_24,liquidity;volatility,"HorizonSpread(Decay(ResidualizeVsFundingCore(cross_symbol_rank(TSMean(Rank(TSMean(quote_volume_mean_24,24)),84))),10),10,16)",4f2161041a2e5f8b,72,generated_candidate,original,0.31040000000000006,False,False,selected_for_strict_replay
a7o_l1_C0276_0567,C0276,567,H04_basis_compression_expansion,P8_regime_state,Rank,ensemble_6_12_24_48,cross_symbol_rank,FundingCore,lag_stable,F1_high_realized_vol,quote_volume_mean_24;realized_vol_24,liquidity;volatility,"HorizonSpread(Decay(ResidualizeVsFundingCore(cross_symbol_rank(Sub(SmoothInteraction(realized_vol_24,TSMean(quote_volume_mean_24,10)),TSRank(Rank(TSMean(realized_vol_24,48)),8)))),24),24,48)",a59fbf4d883f0f9e,24,generated_candidate,original,0.30940000000000006,False,False,selected_for_strict_replay
a7o_l1_C0277_0969,C0277,969,H07_taker_flow_lag_stable,P8_regime_state,RollingMinRank,mixed_6_24,cross_symbol_rank,FundingCore,low_turnover,F4_basis_dislocation,quote_volume_mean_24;realized_vol_24,liquidity;volatility,"Decay(Rank(TSMean(ResidualizeVsFundingCore(cross_symbol_rank(Rank(Delta(Rank(RollingMin(quote_volume_mean_24,96)),72)))),36)),48)",80da405023872092,72,generated_candidate,original,0.31950000000000006,False,False,selected_for_strict_replay
a7o_l1_C0277_0192,C0277,192,H07_taker_flow_lag_stable,P8_regime_state,RollingMinRank,mixed_6_24,cross_symbol_rank,FundingCore,low_turnover,F4_basis_dislocation,quote_volume_mean_24;realized_vol_24,liquidity;volatility,"Decay(Rank(TSMean(ResidualizeVsFundingCore(cross_symbol_rank(TSMean(Rank(RollingMin(realized_vol_24,16)),24))),10)),16)",686fb186b179c5b9,24,generated_candidate,original,0.31850000000000006,False,False,selected_for_strict_replay
a7o_l1_C0277_0483,C0277,483,H07_taker_flow_lag_stable,P8_regime_state,RollingMinRank,mixed_6_24,cross_symbol_rank,FundingCore,low_turnover,F4_basis_dislocation,quote_volume_mean_24;realized_vol_24,liquidity;volatility,"Decay(Rank(TSMean(ResidualizeVsFundingCore(cross_symbol_rank(Mul(Clip(ZScore(TSMean(quote_volume_mean_24,24)),-1.25,1.25),Rank(TSMean(Rank(RollingMin(realized_vol_24,48)),16))))),60)),96)",0020fdcdb8c294b2,48,generated_candidate,original,0.31850000000000006,False,False,selected_for_strict_replay
a7o_l1_C0277_0094,C0277,94,H07_taker_flow_lag_stable,P8_regime_state,RollingMinRank,mixed_6_24,cross_symbol_rank,FundingCore,low_turnover,F4_basis_dislocation,quote_volume_mean_24;realized_vol_24,liquidity;volatility,"Decay(Rank(TSMean(ResidualizeVsFundingCore(cross_symbol_rank(Rank(Add(Delta(quote_volume_mean_24,24),TSMean(Rank(RollingMin(quote_volume_mean_24,36)),48))))),20)),30)",845faffb5147ea02,72,generated_candidate,original,0.31750000000000006,False,False,selected_for_strict_replay
a7o_l1_C0277_1549,C0277,1549,H07_taker_flow_lag_stable,P8_regime_state,RollingMinRank,mixed_6_24,cross_symbol_rank,FundingCore,low_turnover,F4_basis_dislocation,quote_volume_mean_24;realized_vol_24,liquidity;volatility,"Decay(Rank(TSMean(ResidualizeVsFundingCore(cross_symbol_rank(Mul(ZScore(TSMean(realized_vol_24,30)),Rank(RollingMin(realized_vol_24,48))))),36)),48)",4f7b0db1f053e6f3,72,generated_candidate,original,0.31750000000000006,False,False,selected_for_strict_replay
a7o_l1_C0277_0674,C0277,674,H07_taker_flow_lag_stable,P8_regime_state,RollingMinRank,mixed_6_24,cross_symbol_rank,FundingCore,low_turnover,F4_basis_dislocation,quote_volume_mean_24;realized_vol_24,liquidity;volatility,"Decay(Rank(TSMean(ResidualizeVsFundingCore(cross_symbol_rank(Sub(Rank(RollingMin(realized_vol_24,84)),Abs(ZScore(TSMean(quote_volume_mean_24,96)))))),24)),36)",dfdaba5d7b561373,72,generated_candidate,original,0.31550000000000006,False,False,selected_for_strict_replay
a7o_l1_C0277_1255,C0277,1255,H07_taker_flow_lag_stable,P8_regime_state,RollingMinRank,mixed_6_24,cross_symbol_rank,FundingCore,low_turnover,F4_basis_dislocation,quote_volume_mean_24;realized_vol_24,liquidity;volatility,"Decay(Rank(TSMean(ResidualizeVsFundingCore(cross_symbol_rank(Decay(Mul(Rank(RollingMin(quote_volume_mean_24,3)),ZScore(TSStd(quote_volume_mean_24,4))),10))),24)),48)",a4f8283ba595a6dd,6,generated_candidate,original,0.31450000000000006,False,False,selected_for_strict_replay
a7o_l1_C0277_0380,C0277,380,H07_taker_flow_lag_stable,P8_regime_state,RollingMinRank,mixed_6_24,cross_symbol_rank,FundingCore,low_turnover,F4_basis_dislocation,quote_volume_mean_24;realized_vol_24,liquidity;volatility,"Decay(Rank(TSMean(ResidualizeVsFundingCore(cross_symbol_rank(Rank(Sub(TSMean(quote_volume_mean_24,4),TSMean(Rank(RollingMin(quote_volume_mean_24,3)),10))))),16)),24)",551acc8c870b31a3,6,generated_candidate,original,0.31250000000000006,False,False,selected_for_strict_replay
a7o_l1_C0277_1835,C0277,1835,H07_taker_flow_lag_stable,P8_regime_state,RollingMinRank,mixed_6_24,cross_symbol_rank,FundingCore,low_turnover,F4_basis_dislocation,quote_volume_mean_24;realized_vol_24,liquidity;volatility,"Decay(Rank(TSMean(ResidualizeVsFundingCore(cross_symbol_rank(Mul(Add(Rank(TSMean(realized_vol_24,4)),ZScore(TSMean(quote_volume_mean_24,10))),Clip(Rank(RollingMin(realized_vol_24,3)),-1.5,1.5)))),60)),96)",14b046f38d6983c1,6,generated_candidate,original,0.31250000000000006,False,False,selected_for_strict_replay
a7o_l1_C0277_1446,C0277,1446,H07_taker_flow_lag_stable,P8_regime_state,RollingMinRank,mixed_6_24,cross_symbol_rank,FundingCore,low_turnover,F4_basis_dislocation,quote_volume_mean_24;realized_vol_24,liquidity;volatility,"Decay(Rank(TSMean(ResidualizeVsFundingCore(cross_symbol_rank(RollingMin(Add(Rank(RollingMin(quote_volume_mean_24,16)),Rank(TSMean(realized_vol_24,8))),4))),60)),12)",3762a823ac5ecddb,12,generated_candidate,original,0.31150000000000005,False,False,selected_for_strict_replay
a7o_l1_C0277_1737,C0277,1737,H07_taker_flow_lag_stable,P8_regime_state,RollingMinRank,mixed_6_24,cross_symbol_rank,FundingCore,low_turnover,F4_basis_dislocation,quote_volume_mean_24;realized_vol_24,liquidity;volatility,"Decay(Rank(TSMean(ResidualizeVsFundingCore(cross_symbol_rank(Rank(Delta(Rank(RollingMin(quote_volume_mean_24,48)),8)))),16)),20)",32abcf78c57f2250,24,generated_candidate,original,0.31150000000000005,False,False,selected_for_strict_replay
a7o_l1_C0277_2028,C0277,2028,H07_taker_flow_lag_stable,P8_regime_state,RollingMinRank,mixed_6_24,cross_symbol_rank,FundingCore,low_turnover,F4_basis_dislocation,quote_volume_mean_24;realized_vol_24,liquidity;volatility,"Decay(Rank(TSMean(ResidualizeVsFundingCore(cross_symbol_rank(Sub(WinsorZScore(TSMean(quote_volume_mean_24,60),2.5),WinsorZScore(TSMean(realized_vol_24,12),2.5)))),10)),16)",ff9f91329e91f09f,48,generated_candidate,original,0.31150000000000005,False,False,selected_for_strict_replay
a7o_l1_C0277_0960,C0277,960,H07_taker_flow_lag_stable,P8_regime_state,RollingMinRank,mixed_6_24,cross_symbol_rank,FundingCore,low_turnover,F4_basis_dislocation,quote_volume_mean_24;realized_vol_24,liquidity;volatility,"Decay(Rank(TSMean(ResidualizeVsFundingCore(cross_symbol_rank(TSMean(Rank(RollingMin(realized_vol_24,3)),4))),20)),3)",2f9297a13f93a3de,6,generated_candidate,original,0.31050000000000005,False,False,selected_for_strict_replay
a7o_l1_C0277_1251,C0277,1251,H07_taker_flow_lag_stable,P8_regime_state,RollingMinRank,mixed_6_24,cross_symbol_rank,FundingCore,low_turnover,F4_basis_dislocation,quote_volume_mean_24;realized_vol_24,liquidity;volatility,"Decay(Rank(TSMean(ResidualizeVsFundingCore(cross_symbol_rank(Mul(Clip(ZScore(TSMean(quote_volume_mean_24,16)),-3.0,3.0),Rank(TSMean(Rank(RollingMin(realized_vol_24,3)),10))))),60)),96)",3634bda294b12ba5,12,generated_candidate,original,0.31050000000000005,False,False,selected_for_strict_replay
a7o_l1_C0277_0571,C0277,571,H07_taker_flow_lag_stable,P8_regime_state,RollingMinRank,mixed_6_24,cross_symbol_rank,FundingCore,low_turnover,F4_basis_dislocation,quote_volume_mean_24;realized_vol_24,liquidity;volatility,"Decay(Rank(TSMean(ResidualizeVsFundingCore(cross_symbol_rank(SafeDiv(SmoothInteraction(Rank(RollingMin(quote_volume_mean_24,4)),TSMean(quote_volume_mean_24,12)),Clip(Abs(TSStd(realized_vol_24,20)),0.05,3.25)))),60)),96)",475f7213ff081a51,12,generated_candidate,original,0.30950000000000005,False,False,selected_for_strict_replay
a7o_l1_C0277_0862,C0277,862,H07_taker_flow_lag_stable,P8_regime_state,RollingMinRank,mixed_6_24,cross_symbol_rank,FundingCore,low_turnover,F4_basis_dislocation,quote_volume_mean_24;realized_vol_24,liquidity;volatility,"Decay(Rank(TSMean(ResidualizeVsFundingCore(cross_symbol_rank(Rank(Add(Delta(quote_volume_mean_24,24),TSMean(Rank(RollingMin(quote_volume_mean_24,16)),30))))),36)),60)",34bce95dd5c128db,24,generated_candidate,original,0.30950000000000005,False,False,selected_for_strict_replay
a7o_l1_C0277_1153,C0277,1153,H07_taker_flow_lag_stable,P8_regime_state,RollingMinRank,mixed_6_24,cross_symbol_rank,FundingCore,low_turnover,F4_basis_dislocation,quote_volume_mean_24;realized_vol_24,liquidity;volatility,"Decay(Rank(TSMean(ResidualizeVsFundingCore(cross_symbol_rank(Rank(TSMean(Rank(RollingMin(quote_volume_mean_24,60)),20)))),24)),30)",0622ef623811f54e,48,generated_candidate,original,0.30950000000000005,False,False,selected_for_strict_replay
a7o_l1_C0277_0085,C0277,85,H07_taker_flow_lag_stable,P8_regime_state,RollingMinRank,mixed_6_24,cross_symbol_rank,FundingCore,low_turnover,F4_basis_dislocation,quote_volume_mean_24;realized_vol_24,liquidity;volatility,"Decay(Rank(TSMean(ResidualizeVsFundingCore(cross_symbol_rank(Sub(ZScore(TSStd(quote_volume_mean_24,10)),Rank(RollingMin(realized_vol_24,3))))),6)),8)",828bb547f11bd1f1,6,generated_candidate,original,0.30850000000000005,False,False,selected_for_strict_replay
a7o_l1_C0277_0376,C0277,376,H07_taker_flow_lag_stable,P8_regime_state,RollingMinRank,mixed_6_24,cross_symbol_rank,FundingCore,low_turnover,F4_basis_dislocation,quote_volume_mean_24;realized_vol_24,liquidity;volatility,"Decay(Rank(TSMean(ResidualizeVsFundingCore(cross_symbol_rank(Add(RollingMin(Rank(RollingMin(realized_vol_24,10)),24),RollingMax(TSMean(realized_vol_24,4),8)))),12)),20)",86c188b0e3492750,12,generated_candidate,original,0.30850000000000005,False,False,selected_for_strict_replay
a7o_l1_C0277_0278,C0277,278,H07_taker_flow_lag_stable,P8_regime_state,RollingMinRank,mixed_6_24,cross_symbol_rank,FundingCore,low_turnover,F4_basis_dislocation,quote_volume_mean_24;realized_vol_24,liquidity;volatility,"Decay(Rank(TSMean(ResidualizeVsFundingCore(cross_symbol_rank(Mul(TSRank(quote_volume_mean_24,48),Rank(RollingMin(quote_volume_mean_24,20))))),24)),36)",0b134981bdba3dd3,48,generated_candidate,original,0.30750000000000005,False,False,selected_for_strict_replay
a7o_l1_C0277_1442,C0277,1442,H07_taker_flow_lag_stable,P8_regime_state,RollingMinRank,mixed_6_24,cross_symbol_rank,FundingCore,low_turnover,F4_basis_dislocation,quote_volume_mean_24;realized_vol_24,liquidity;volatility,"Decay(Rank(TSMean(ResidualizeVsFundingCore(cross_symbol_rank(Sub(Rank(RollingMin(realized_vol_24,16)),Abs(ZScore(TSMean(quote_volume_mean_24,30)))))),48)),72)",3e9513a2746756bc,24,generated_candidate,original,0.30750000000000005,False,False,selected_for_strict_replay
a7o_l1_C0277_1733,C0277,1733,H07_taker_flow_lag_stable,P8_regime_state,RollingMinRank,mixed_6_24,cross_symbol_rank,FundingCore,low_turnover,F4_basis_dislocation,quote_volume_mean_24;realized_vol_24,liquidity;volatility,"Decay(Rank(TSMean(ResidualizeVsFundingCore(cross_symbol_rank(Add(Rank(RollingMin(realized_vol_24,72)),ZScore(TSMean(quote_volume_mean_24,36))))),24)),30)",d6ac057bfc51f238,48,generated_candidate,original,0.30750000000000005,False,False,selected_for_strict_replay
a7o_l1_C0277_1344,C0277,1344,H07_taker_flow_lag_stable,P8_regime_state,RollingMinRank,mixed_6_24,cross_symbol_rank,FundingCore,low_turnover,F4_basis_dislocation,quote_volume_mean_24;realized_vol_24,liquidity;volatility,"Decay(Rank(TSMean(ResidualizeVsFundingCore(cross_symbol_rank(TSMean(Rank(RollingMin(quote_volume_mean_24,24)),84))),10)),16)",253140932de82df1,72,generated_candidate,original,0.30650000000000005,False,False,selected_for_strict_replay
a7o_l1_C0277_0567,C0277,567,H07_taker_flow_lag_stable,P8_regime_state,RollingMinRank,mixed_6_24,cross_symbol_rank,FundingCore,low_turnover,F4_basis_dislocation,quote_volume_mean_24;realized_vol_24,liquidity;volatility,"Decay(Rank(TSMean(ResidualizeVsFundingCore(cross_symbol_rank(Sub(SmoothInteraction(realized_vol_24,TSMean(quote_volume_mean_24,10)),TSRank(Rank(RollingMin(realized_vol_24,48)),8)))),24)),48)",1f881343bb23a598,24,generated_candidate,original,0.30550000000000005,False,False,selected_for_strict_replay
a7o_l1_C0278_2036,C0278,2036,H05_volatility_structure_ex_liquidity_mul,P6_funding_observable,SafeDivZScore,H72,same_symbol_zscore,FundingCore_and_Core4,medium_turnover,F10_volatility_compression,funding_rate_z_24,funding,"Sub(Clip(ResidualizeVsCore4(ResidualizeVsFundingCore(RegimeMaskNonMay(F3_high_liquidity_high_vol,Sub(SafeDiv(ZScore(TSMean(funding_rate_z_24,60)),Clip(Abs(ZScore(TSMean(funding_rate_z_24,96))),0.02,2.0)),Rank(TSMean(funding_rate_z_24,3)))))),-4.0,4.0),Rank(TSMean(funding_rate_z_24,16)))",676dd049cdc4fe1a,72,generated_candidate,original,0.1239,False,False,selected_for_strict_replay
a7o_l1_C0278_0181,C0278,181,H05_volatility_structure_ex_liquidity_mul,P6_funding_observable,SafeDivZScore,H72,same_symbol_zscore,FundingCore_and_Core4,medium_turnover,F10_volatility_compression,funding_rate_persistence_3,funding,"Sub(Clip(ResidualizeVsCore4(ResidualizeVsFundingCore(RegimeMaskNonMay(F5_funding_neutral,Add(SafeDiv(ZScore(TSMean(funding_rate_persistence_3,48)),Clip(Abs(ZScore(TSMean(funding_rate_persistence_3,84))),0.05,2.0)),ZScore(TSMean(funding_rate_persistence_3,10)))))),-4.0,4.0),Rank(TSMean(funding_rate_persistence_3,10)))",3770d6f3e140c48e,72,generated_candidate,original,0.11190000000000001,False,False,selected_for_strict_replay
a7o_l1_C0278_0180,C0278,180,H05_volatility_structure_ex_liquidity_mul,P6_funding_observable,SafeDivZScore,H72,same_symbol_zscore,FundingCore_and_Core4,medium_turnover,F10_volatility_compression,funding_rate_persistence_3;funding_rate_z_24,funding,"Sub(Clip(ResidualizeVsCore4(ResidualizeVsFundingCore(RegimeMaskNonMay(F3_high_liquidity_high_vol,Sub(SafeDiv(ZScore(TSMean(funding_rate_persistence_3,60)),Clip(Abs(ZScore(TSMean(funding_rate_z_24,96))),0.02,1.5)),Rank(TSMean(funding_rate_persistence_3,4)))))),-4.0,4.0),Rank(TSMean(funding_rate_z_24,4)))",f4b6261de76b668a,72,generated_candidate,original,0.11090000000000001,False,False,selected_for_strict_replay
a7o_l1_C0278_0373,C0278,373,H05_volatility_structure_ex_liquidity_mul,P6_funding_observable,SafeDivZScore,H72,same_symbol_zscore,FundingCore_and_Core4,medium_turnover,F10_volatility_compression,funding_rate_persistence_3;latest_known_funding_rate,funding,"Sub(Clip(ResidualizeVsCore4(ResidualizeVsFundingCore(RegimeMaskNonMay(F5_funding_neutral,Add(SafeDiv(ZScore(TSMean(latest_known_funding_rate,48)),Clip(Abs(ZScore(TSMean(funding_rate_persistence_3,84))),0.05,3.0)),ZScore(TSMean(funding_rate_persistence_3,60)))))),-4.0,4.0),Rank(TSMean(funding_rate_persistence_3,24)))",822e63e70d49904d,72,generated_candidate,original,0.10990000000000001,False,False,selected_for_strict_replay
a7o_l1_C0278_0372,C0278,372,H05_volatility_structure_ex_liquidity_mul,P6_funding_observable,SafeDivZScore,H72,same_symbol_zscore,FundingCore_and_Core4,medium_turnover,F10_volatility_compression,funding_rate_z_24;latest_known_funding_rate,funding,"Sub(Clip(ResidualizeVsCore4(ResidualizeVsFundingCore(RegimeMaskNonMay(F3_high_liquidity_high_vol,Sub(SafeDiv(ZScore(TSMean(latest_known_funding_rate,60)),Clip(Abs(ZScore(TSMean(funding_rate_z_24,96))),0.02,2.5)),Rank(TSMean(latest_known_funding_rate,24)))))),-4.0,4.0),Rank(TSMean(funding_rate_z_24,10)))",d02bedb89b45521b,72,generated_candidate,original,0.10890000000000001,False,False,selected_for_strict_replay
a7o_l1_C0278_0565,C0278,565,H05_volatility_structure_ex_liquidity_mul,P6_funding_observable,SafeDivZScore,H72,same_symbol_zscore,FundingCore_and_Core4,medium_turnover,F10_volatility_compression,funding_rate_persistence_3;funding_rate_z_24,funding,"Sub(Clip(ResidualizeVsCore4(ResidualizeVsFundingCore(RegimeMaskNonMay(F5_funding_neutral,Add(SafeDiv(ZScore(TSMean(funding_rate_z_24,48)),Clip(Abs(ZScore(TSMean(funding_rate_persistence_3,84))),0.05,1.5)),ZScore(TSMean(funding_rate_persistence_3,10)))))),-4.0,4.0),Rank(TSMean(funding_rate_persistence_3,6)))",370756c95fe40555,72,generated_candidate,original,0.10790000000000001,False,False,selected_for_strict_replay
a7o_l1_C0278_0564,C0278,564,H05_volatility_structure_ex_liquidity_mul,P6_funding_observable,SafeDivZScore,H72,same_symbol_zscore,FundingCore_and_Core4,medium_turnover,F10_volatility_compression,funding_rate_z_24,funding,"Sub(Clip(ResidualizeVsCore4(ResidualizeVsFundingCore(RegimeMaskNonMay(F3_high_liquidity_high_vol,Sub(SafeDiv(ZScore(TSMean(funding_rate_z_24,60)),Clip(Abs(ZScore(TSMean(funding_rate_z_24,96))),0.02,4.0)),Rank(TSMean(funding_rate_z_24,36)))))),-4.0,4.0),Rank(TSMean(funding_rate_z_24,20)))",0d497e0d36a50865,72,generated_candidate,original,0.10690000000000001,False,False,selected_for_strict_replay
a7o_l1_C0278_0757,C0278,757,H05_volatility_structure_ex_liquidity_mul,P6_funding_observable,SafeDivZScore,H72,same_symbol_zscore,FundingCore_and_Core4,medium_turnover,F10_volatility_compression,funding_rate_z_24;latest_known_funding_rate,funding,"Sub(Clip(ResidualizeVsCore4(ResidualizeVsFundingCore(RegimeMaskNonMay(F5_funding_neutral,Add(SafeDiv(ZScore(TSMean(latest_known_funding_rate,48)),Clip(Abs(ZScore(TSMean(funding_rate_z_24,84))),0.05,2.5)),ZScore(TSMean(funding_rate_z_24,10)))))),-4.0,4.0),Rank(TSMean(funding_rate_z_24,16)))",9e42a006e6f9df43,72,generated_candidate,original,0.10590000000000001,False,False,selected_for_strict_replay
a7o_l1_C0278_0756,C0278,756,H05_volatility_structure_ex_liquidity_mul,P6_funding_observable,SafeDivZScore,H72,same_symbol_zscore,FundingCore_and_Core4,medium_turnover,F10_volatility_compression,latest_known_funding_rate,funding,"Sub(Clip(ResidualizeVsCore4(ResidualizeVsFundingCore(RegimeMaskNonMay(F3_high_liquidity_high_vol,Sub(SafeDiv(ZScore(TSMean(latest_known_funding_rate,60)),Clip(Abs(ZScore(TSMean(latest_known_funding_rate,96))),0.02,2.0)),Rank(TSMean(latest_known_funding_rate,10)))))),-4.0,4.0),Rank(TSMean(latest_known_funding_rate,4)))",c8f652594452466f,72,generated_candidate,original,0.10490000000000001,False,False,selected_for_strict_replay
a7o_l1_C0278_0096,C0278,96,H05_volatility_structure_ex_liquidity_mul,P6_funding_observable,SafeDivZScore,H72,same_symbol_zscore,FundingCore_and_Core4,medium_turnover,F10_volatility_compression,funding_rate_persistence_3;latest_known_funding_rate,funding,"Sub(Clip(ResidualizeVsCore4(ResidualizeVsFundingCore(Mul(Neg(Rank(TSMean(latest_known_funding_rate,4))),SafeDiv(ZScore(TSMean(latest_known_funding_rate,24)),Clip(Abs(ZScore(TSMean(funding_rate_persistence_3,48))),0.02,2.0))))),-4.0,4.0),Rank(TSMean(funding_rate_persistence_3,20)))",e6892d3f31546b7d,72,generated_candidate,original,0.1039,False,False,selected_for_strict_replay
a7o_l1_C0278_0193,C0278,193,H05_volatility_structure_ex_liquidity_mul,P6_funding_observable,SafeDivZScore,H72,same_symbol_zscore,FundingCore_and_Core4,medium_turnover,F10_volatility_compression,funding_rate_z_24,funding,"Sub(Clip(ResidualizeVsCore4(ResidualizeVsFundingCore(Rank(TSMean(SafeDiv(ZScore(TSMean(funding_rate_z_24,96)),Clip(Abs(ZScore(TSMean(funding_rate_z_24,36))),0.05,3.0)),36)))),-4.0,4.0),Rank(TSMean(funding_rate_z_24,24)))",ce0d3049106a9dc5,72,generated_candidate,original,0.1039,False,False,selected_for_strict_replay
a7o_l1_C0278_0290,C0278,290,H05_volatility_structure_ex_liquidity_mul,P6_funding_observable,SafeDivZScore,H72,same_symbol_zscore,FundingCore_and_Core4,medium_turnover,F10_volatility_compression,funding_rate_persistence_3;latest_known_funding_rate,funding,"Sub(Clip(ResidualizeVsCore4(ResidualizeVsFundingCore(Sub(SafeDiv(ZScore(TSMean(funding_rate_persistence_3,84)),Clip(Abs(ZScore(TSMean(latest_known_funding_rate,30))),0.1,1.5)),Abs(ZScore(TSMean(latest_known_funding_rate,10)))))),-4.0,4.0),Rank(TSMean(latest_known_funding_rate,48)))",a5babf95b65332cb,72,generated_candidate,original,0.1039,False,False,selected_for_strict_replay
a7o_l1_C0278_0387,C0278,387,H05_volatility_structure_ex_liquidity_mul,P6_funding_observable,SafeDivZScore,H72,same_symbol_zscore,FundingCore_and_Core4,medium_turnover,F10_volatility_compression,funding_rate_persistence_3;funding_rate_z_24,funding,"Sub(Clip(ResidualizeVsCore4(ResidualizeVsFundingCore(Clip(SafeDiv(ZScore(TSMean(funding_rate_z_24,72)),Clip(Abs(ZScore(TSMean(funding_rate_persistence_3,24))),0.2,2.5)),-4.0,4.0))),-4.0,4.0),Rank(TSMean(funding_rate_persistence_3,60)))",5f6ba9ded03dc95d,72,generated_candidate,original,0.1039,False,False,selected_for_strict_replay
a7o_l1_C0278_0484,C0278,484,H05_volatility_structure_ex_liquidity_mul,P6_funding_observable,SafeDivZScore,H72,same_symbol_zscore,FundingCore_and_Core4,medium_turnover,F10_volatility_compression,funding_rate_persistence_3;funding_rate_z_24,funding,"Sub(Clip(ResidualizeVsCore4(ResidualizeVsFundingCore(SafeDiv(Sub(SafeDiv(ZScore(TSMean(funding_rate_z_24,60)),Clip(Abs(ZScore(TSMean(funding_rate_persistence_3,96))),0.02,4.0)),Rank(TSMean(funding_rate_z_24,36))),Clip(Abs(TSRank(funding_rate_persistence_3,72)),0.05,2.25)))),-4.0,4.0),Rank(TSMean(funding_rate_persistence_3,12)))",6722bb4dcda37d5f,72,generated_candidate,original,0.1039,False,False,selected_for_strict_replay
a7o_l1_C0278_0581,C0278,581,H05_volatility_structure_ex_liquidity_mul,P6_funding_observable,SafeDivZScore,H72,same_symbol_zscore,FundingCore_and_Core4,medium_turnover,F10_volatility_compression,funding_rate_persistence_3;funding_rate_z_24,funding,"Sub(Clip(ResidualizeVsCore4(ResidualizeVsFundingCore(Add(SafeDiv(ZScore(TSMean(funding_rate_persistence_3,48)),Clip(Abs(ZScore(TSMean(funding_rate_z_24,84))),0.05,2.0)),ZScore(TSMean(funding_rate_z_24,12))))),-4.0,4.0),Rank(TSMean(funding_rate_z_24,10)))",317afec421dfd6d0,72,generated_candidate,original,0.1039,False,False,selected_for_strict_replay
a7o_l1_C0278_0678,C0278,678,H05_volatility_structure_ex_liquidity_mul,P6_funding_observable,SafeDivZScore,H72,same_symbol_zscore,FundingCore_and_Core4,medium_turnover,F10_volatility_compression,funding_rate_z_24;latest_known_funding_rate,funding,"Sub(Clip(ResidualizeVsCore4(ResidualizeVsFundingCore(RollingMin(Add(SafeDiv(ZScore(TSMean(funding_rate_z_24,36)),Clip(Abs(ZScore(TSMean(latest_known_funding_rate,72))),0.1,3.0)),Rank(TSMean(latest_known_funding_rate,12))),60))),-4.0,4.0),Rank(TSMean(latest_known_funding_rate,30)))",e7d1aeec352312be,72,generated_candidate,original,0.1039,False,False,selected_for_strict_replay
a7o_l1_C0278_0775,C0278,775,H05_volatility_structure_ex_liquidity_mul,P6_funding_observable,SafeDivZScore,H72,same_symbol_zscore,FundingCore_and_Core4,medium_turnover,F10_volatility_compression,funding_rate_persistence_3,funding,"Sub(Clip(ResidualizeVsCore4(ResidualizeVsFundingCore(SafeDiv(SafeDiv(ZScore(TSMean(funding_rate_persistence_3,30)),Clip(Abs(ZScore(TSMean(funding_rate_persistence_3,60))),0.2,1.5)),Clip(Abs(ZScore(TSStd(funding_rate_persistence_3,10))),0.05,6.0)))),-4.0,4.0),Rank(TSMean(funding_rate_persistence_3,24)))",1da2d3b9ea86b292,72,generated_candidate,original,0.1039,False,False,selected_for_strict_replay
a7o_l1_C0278_0872,C0278,872,H05_volatility_structure_ex_liquidity_mul,P6_funding_observable,SafeDivZScore,H72,same_symbol_zscore,FundingCore_and_Core4,medium_turnover,F10_volatility_compression,funding_rate_persistence_3,funding,"Sub(Clip(ResidualizeVsCore4(ResidualizeVsFundingCore(TSRank(Sub(TSMean(SafeDiv(ZScore(TSMean(funding_rate_persistence_3,24)),Clip(Abs(ZScore(TSMean(funding_rate_persistence_3,48))),0.02,2.5)),24),TSMean(funding_rate_persistence_3,30)),36))),-4.0,4.0),Rank(TSMean(funding_rate_persistence_3,8)))",a3f29ac0afd1fae3,72,generated_candidate,original,0.1039,False,False,selected_for_strict_replay
a7o_l1_C0278_0949,C0278,949,H05_volatility_structure_ex_liquidity_mul,P6_funding_observable,SafeDivZScore,H72,same_symbol_zscore,FundingCore_and_Core4,medium_turnover,F10_volatility_compression,funding_rate_z_24,funding,"Sub(Clip(ResidualizeVsCore4(ResidualizeVsFundingCore(RegimeMaskNonMay(F5_funding_neutral,Add(SafeDiv(ZScore(TSMean(funding_rate_z_24,48)),Clip(Abs(ZScore(TSMean(funding_rate_z_24,84))),0.05,4.0)),ZScore(TSMean(funding_rate_z_24,60)))))),-4.0,4.0),Rank(TSMean(funding_rate_z_24,36)))",b6ea6059f676e811,72,generated_candidate,original,0.1039,False,False,selected_for_strict_replay
a7o_l1_C0278_0969,C0278,969,H05_volatility_structure_ex_liquidity_mul,P6_funding_observable,SafeDivZScore,H72,same_symbol_zscore,FundingCore_and_Core4,medium_turnover,F10_volatility_compression,funding_rate_z_24,funding,"Sub(Clip(ResidualizeVsCore4(ResidualizeVsFundingCore(Rank(Delta(SafeDiv(ZScore(TSMean(funding_rate_z_24,96)),Clip(Abs(ZScore(TSMean(funding_rate_z_24,36))),0.05,4.0)),72)))),-4.0,4.0),Rank(TSMean(funding_rate_z_24,36)))",664d4df2ca304749,72,generated_candidate,original,0.1039,False,False,selected_for_strict_replay
a7o_l1_C0278_1066,C0278,1066,H05_volatility_structure_ex_liquidity_mul,P6_funding_observable,SafeDivZScore,H72,same_symbol_zscore,FundingCore_and_Core4,medium_turnover,F10_volatility_compression,funding_rate_persistence_3;latest_known_funding_rate,funding,"Sub(Clip(ResidualizeVsCore4(ResidualizeVsFundingCore(Rank(SmoothInteraction(SafeDiv(ZScore(TSMean(funding_rate_persistence_3,84)),Clip(Abs(ZScore(TSMean(latest_known_funding_rate,30))),0.1,2.0)),TSStd(funding_rate_persistence_3,12))))),-4.0,4.0),Rank(TSMean(latest_known_funding_rate,20)))",a6eb9ca1a1f46376,72,generated_candidate,original,0.1039,False,False,selected_for_strict_replay
a7o_l1_C0278_1163,C0278,1163,H05_volatility_structure_ex_liquidity_mul,P6_funding_observable,SafeDivZScore,H72,same_symbol_zscore,FundingCore_and_Core4,medium_turnover,F10_volatility_compression,funding_rate_persistence_3;latest_known_funding_rate,funding,"Sub(Clip(ResidualizeVsCore4(ResidualizeVsFundingCore(WinsorZScore(SafeDiv(ZScore(TSMean(latest_known_funding_rate,72)),Clip(Abs(ZScore(TSMean(funding_rate_persistence_3,24))),0.2,3.0)),3.0))),-4.0,4.0),Rank(TSMean(funding_rate_persistence_3,60)))",a670e9a8ecf1a155,72,generated_candidate,original,0.1039,False,False,selected_for_strict_replay
a7o_l1_C0278_1260,C0278,1260,H05_volatility_structure_ex_liquidity_mul,P6_funding_observable,SafeDivZScore,H72,same_symbol_zscore,FundingCore_and_Core4,medium_turnover,F10_volatility_compression,funding_rate_persistence_3;funding_rate_z_24,funding,"Sub(Clip(ResidualizeVsCore4(ResidualizeVsFundingCore(Sub(WinsorZScore(TSMean(funding_rate_persistence_3,4),1.25),WinsorZScore(TSMean(funding_rate_z_24,10),1.25)))),-4.0,4.0),Rank(TSMean(funding_rate_z_24,4)))",44344cb31196b6d1,72,generated_candidate,original,0.1039,False,False,selected_for_strict_replay
a7o_l1_C0278_1357,C0278,1357,H05_volatility_structure_ex_liquidity_mul,P6_funding_observable,SafeDivZScore,H72,same_symbol_zscore,FundingCore_and_Core4,medium_turnover,F10_volatility_compression,funding_rate_persistence_3;funding_rate_z_24,funding,"Sub(Clip(ResidualizeVsCore4(ResidualizeVsFundingCore(Mul(ZScore(TSMean(funding_rate_persistence_3,8)),SafeDiv(ZScore(TSMean(funding_rate_persistence_3,48)),Clip(Abs(ZScore(TSMean(funding_rate_z_24,84))),0.05,2.5))))),-4.0,4.0),Rank(TSMean(funding_rate_z_24,16)))",268a7934be30aa17,72,generated_candidate,original,0.1039,False,False,selected_for_strict_replay
a7o_l1_C0279_0096,C0279,96,H13_symbol_tier_relative,P1_range_volatility,RegimeMaskNonMay,H72,same_symbol_rank,FundingCore,low_turnover,F10_volatility_compression,realized_vol_12,volatility,"CrossSymbolZScore(TSMean(ResidualizeVsFundingCore(Mul(Neg(Rank(TSMean(realized_vol_12,4))),RegimeMaskNonMay(F10_volatility_compression,Mul(Rank(TSMean(realized_vol_12,24)),ZScore(TSMean(realized_vol_12,48)))))),20))",1e5fc87c420ef002,72,generated_candidate,original,0.22580000000000003,False,False,selected_for_strict_replay
a7o_l1_C0279_0193,C0279,193,H13_symbol_tier_relative,P1_range_volatility,RegimeMaskNonMay,H72,same_symbol_rank,FundingCore,low_turnover,F10_volatility_compression,hl_range;realized_vol_12,volatility,"CrossSymbolZScore(TSMean(ResidualizeVsFundingCore(Rank(TSMean(RegimeMaskNonMay(F10_volatility_compression,Mul(Rank(TSMean(hl_range,96)),ZScore(TSMean(realized_vol_12,36)))),36))),24))",ebfaf59963641eef,72,generated_candidate,original,0.22580000000000003,False,False,selected_for_strict_replay
a7o_l1_C0279_0290,C0279,290,H13_symbol_tier_relative,P1_range_volatility,RegimeMaskNonMay,H72,same_symbol_rank,FundingCore,low_turnover,F10_volatility_compression,abs_ret_1;realized_vol_12,volatility,"CrossSymbolZScore(TSMean(ResidualizeVsFundingCore(Sub(RegimeMaskNonMay(F10_volatility_compression,Mul(Rank(TSMean(abs_ret_1,84)),ZScore(TSMean(realized_vol_12,30)))),Abs(ZScore(TSMean(realized_vol_12,10))))),48))",65210fc572cf8cf8,72,generated_candidate,original,0.22580000000000003,False,False,selected_for_strict_replay
a7o_l1_C0279_0387,C0279,387,H13_symbol_tier_relative,P1_range_volatility,RegimeMaskNonMay,H72,same_symbol_rank,FundingCore,low_turnover,F10_volatility_compression,realized_vol_12,volatility,"CrossSymbolZScore(TSMean(ResidualizeVsFundingCore(Clip(RegimeMaskNonMay(F10_volatility_compression,Mul(Rank(TSMean(realized_vol_12,72)),ZScore(TSMean(realized_vol_12,24)))),-4.0,4.0)),60))",cc66a11fd6467d07,72,generated_candidate,original,0.22580000000000003,False,False,selected_for_strict_replay
a7o_l1_C0279_0484,C0279,484,H13_symbol_tier_relative,P1_range_volatility,RegimeMaskNonMay,H72,same_symbol_rank,FundingCore,low_turnover,F10_volatility_compression,hl_range;realized_vol_12,volatility,"CrossSymbolZScore(TSMean(ResidualizeVsFundingCore(SafeDiv(Sub(RegimeMaskNonMay(F10_volatility_compression,Mul(Rank(TSMean(hl_range,60)),ZScore(TSMean(realized_vol_12,96)))),Rank(TSMean(hl_range,36))),Clip(Abs(TSRank(realized_vol_12,72)),0.05,2.25))),12))",96417ec308e6d065,72,generated_candidate,original,0.22580000000000003,False,False,selected_for_strict_replay
a7o_l1_C0279_0581,C0279,581,H13_symbol_tier_relative,P1_range_volatility,RegimeMaskNonMay,H72,same_symbol_rank,FundingCore,low_turnover,F10_volatility_compression,abs_ret_1;realized_vol_12,volatility,"CrossSymbolZScore(TSMean(ResidualizeVsFundingCore(Add(RegimeMaskNonMay(F10_volatility_compression,Mul(Rank(TSMean(abs_ret_1,48)),ZScore(TSMean(realized_vol_12,84)))),ZScore(TSMean(realized_vol_12,12)))),10))",2a405b95c84030d5,72,generated_candidate,original,0.22580000000000003,False,False,selected_for_strict_replay
a7o_l1_C0279_0678,C0279,678,H13_symbol_tier_relative,P1_range_volatility,RegimeMaskNonMay,H72,same_symbol_rank,FundingCore,low_turnover,F10_volatility_compression,realized_vol_12,volatility,"CrossSymbolZScore(TSMean(ResidualizeVsFundingCore(RollingMin(Add(RegimeMaskNonMay(F10_volatility_compression,Mul(Rank(TSMean(realized_vol_12,36)),ZScore(TSMean(realized_vol_12,72)))),Rank(TSMean(realized_vol_12,12))),60)),30))",4d0da978fc87d6ac,72,generated_candidate,original,0.22580000000000003,False,False,selected_for_strict_replay
a7o_l1_C0279_0775,C0279,775,H13_symbol_tier_relative,P1_range_volatility,RegimeMaskNonMay,H72,same_symbol_rank,FundingCore,low_turnover,F10_volatility_compression,realized_vol_12;realized_vol_6,volatility,"CrossSymbolZScore(TSMean(ResidualizeVsFundingCore(SafeDiv(RegimeMaskNonMay(F10_volatility_compression,Mul(Rank(TSMean(realized_vol_6,30)),ZScore(TSMean(realized_vol_12,60)))),Clip(Abs(ZScore(TSStd(realized_vol_12,10))),0.05,6.0))),24))",fc6f9480bb0980f6,72,generated_candidate,original,0.22580000000000003,False,False,selected_for_strict_replay
a7o_l1_C0279_0872,C0279,872,H13_symbol_tier_relative,P1_range_volatility,RegimeMaskNonMay,H72,same_symbol_rank,FundingCore,low_turnover,F10_volatility_compression,hl_range;realized_vol_24,volatility,"CrossSymbolZScore(TSMean(ResidualizeVsFundingCore(TSRank(Sub(TSMean(RegimeMaskNonMay(F10_volatility_compression,Mul(Rank(TSMean(realized_vol_24,24)),ZScore(TSMean(hl_range,48)))),24),TSMean(realized_vol_24,30)),36)),8))",8710f269f396acef,72,generated_candidate,original,0.22580000000000003,False,False,selected_for_strict_replay
a7o_l1_C0279_0969,C0279,969,H13_symbol_tier_relative,P1_range_volatility,RegimeMaskNonMay,H72,same_symbol_rank,FundingCore,low_turnover,F10_volatility_compression,hl_range;realized_vol_6,volatility,"CrossSymbolZScore(TSMean(ResidualizeVsFundingCore(Rank(Delta(RegimeMaskNonMay(F10_volatility_compression,Mul(Rank(TSMean(realized_vol_6,96)),ZScore(TSMean(hl_range,36)))),72))),36))",4f6600a32668398f,72,generated_candidate,original,0.22580000000000003,False,False,selected_for_strict_replay
a7o_l1_C0279_1066,C0279,1066,H13_symbol_tier_relative,P1_range_volatility,RegimeMaskNonMay,H72,same_symbol_rank,FundingCore,low_turnover,F10_volatility_compression,hl_range,volatility,"CrossSymbolZScore(TSMean(ResidualizeVsFundingCore(Rank(SmoothInteraction(RegimeMaskNonMay(F10_volatility_compression,Mul(Rank(TSMean(hl_range,84)),ZScore(TSMean(hl_range,30)))),TSStd(hl_range,12)))),20))",6354913c07ffb68d,72,generated_candidate,original,0.22580000000000003,False,False,selected_for_strict_replay
a7o_l1_C0279_1163,C0279,1163,H13_symbol_tier_relative,P1_range_volatility,RegimeMaskNonMay,H72,same_symbol_rank,FundingCore,low_turnover,F10_volatility_compression,hl_range;realized_vol_24,volatility,"CrossSymbolZScore(TSMean(ResidualizeVsFundingCore(WinsorZScore(RegimeMaskNonMay(F10_volatility_compression,Mul(Rank(TSMean(realized_vol_24,72)),ZScore(TSMean(hl_range,24)))),3.0)),60))",3b3f9ddb3339434c,72,generated_candidate,original,0.22580000000000003,False,False,selected_for_strict_replay
a7o_l1_C0279_1357,C0279,1357,H13_symbol_tier_relative,P1_range_volatility,RegimeMaskNonMay,H72,same_symbol_rank,FundingCore,low_turnover,F10_volatility_compression,hl_range,volatility,"CrossSymbolZScore(TSMean(ResidualizeVsFundingCore(Mul(ZScore(TSMean(hl_range,8)),RegimeMaskNonMay(F10_volatility_compression,Mul(Rank(TSMean(hl_range,48)),ZScore(TSMean(hl_range,84)))))),16))",0ef21fa225ddb3e3,72,generated_candidate,original,0.22580000000000003,False,False,selected_for_strict_replay
a7o_l1_C0279_1454,C0279,1454,H13_symbol_tier_relative,P1_range_volatility,RegimeMaskNonMay,H72,same_symbol_rank,FundingCore,low_turnover,F10_volatility_compression,hl_range;realized_vol_24,volatility,"CrossSymbolZScore(TSMean(ResidualizeVsFundingCore(Mul(SafeDiv(ZScore(TSMean(realized_vol_24,24)),Clip(Abs(ZScore(TSMean(hl_range,48))),0.05,3.0)),RegimeMaskNonMay(F10_volatility_compression,Mul(Rank(TSMean(realized_vol_24,36)),ZScore(TSMean(hl_range,72)))))),12))",40e5297a0138eefa,72,generated_candidate,original,0.22580000000000003,False,False,selected_for_strict_replay
a7o_l1_C0279_1551,C0279,1551,H13_symbol_tier_relative,P1_range_volatility,RegimeMaskNonMay,H72,same_symbol_rank,FundingCore,low_turnover,F10_volatility_compression,hl_range;realized_vol_12,volatility,"CrossSymbolZScore(TSMean(ResidualizeVsFundingCore(Abs(Sub(RegimeMaskNonMay(F10_volatility_compression,Mul(Rank(TSMean(realized_vol_12,30)),ZScore(TSMean(hl_range,60)))),ZScore(TSMean(realized_vol_12,20))))),24))",1817323605b0d74d,72,generated_candidate,original,0.22580000000000003,False,False,selected_for_strict_replay
a7o_l1_C0279_1648,C0279,1648,H13_symbol_tier_relative,P1_range_volatility,RegimeMaskNonMay,H72,same_symbol_rank,FundingCore,low_turnover,F10_volatility_compression,abs_ret_1;realized_vol_24,volatility,"CrossSymbolZScore(TSMean(ResidualizeVsFundingCore(Add(RegimeMaskNonMay(F10_volatility_compression,Mul(Rank(TSMean(abs_ret_1,24)),ZScore(TSMean(realized_vol_24,48)))),Rank(TSMean(abs_ret_1,20)))),24))",0844d91d05fefabf,72,generated_candidate,original,0.22580000000000003,False,False,selected_for_strict_replay
a7o_l1_C0279_1745,C0279,1745,H13_symbol_tier_relative,P1_range_volatility,RegimeMaskNonMay,H72,same_symbol_rank,FundingCore,low_turnover,F10_volatility_compression,realized_vol_24,volatility,"CrossSymbolZScore(TSMean(ResidualizeVsFundingCore(SmoothInteraction(RegimeMaskNonMay(F10_volatility_compression,Mul(Rank(TSMean(realized_vol_24,96)),ZScore(TSMean(realized_vol_24,36)))),TSMean(realized_vol_24,10))),6))",d4a2a94abf7dd785,72,generated_candidate,original,0.22580000000000003,False,False,selected_for_strict_replay
a7o_l1_C0279_1842,C0279,1842,H13_symbol_tier_relative,P1_range_volatility,RegimeMaskNonMay,H72,same_symbol_rank,FundingCore,low_turnover,F10_volatility_compression,realized_vol_24;realized_vol_6,volatility,"CrossSymbolZScore(TSMean(ResidualizeVsFundingCore(CrossSymbolRank(Add(RegimeMaskNonMay(F10_volatility_compression,Mul(Rank(TSMean(realized_vol_6,84)),ZScore(TSMean(realized_vol_24,30)))),TSMean(realized_vol_6,24)))),60))",c3902d1b39e715ad,72,generated_candidate,original,0.22580000000000003,False,False,selected_for_strict_replay
a7o_l1_C0279_1939,C0279,1939,H13_symbol_tier_relative,P1_range_volatility,RegimeMaskNonMay,H72,same_symbol_rank,FundingCore,low_turnover,F10_volatility_compression,abs_ret_1;realized_vol_24,volatility,"CrossSymbolZScore(TSMean(ResidualizeVsFundingCore(RollingMin(RollingMax(RegimeMaskNonMay(F10_volatility_compression,Mul(Rank(TSMean(abs_ret_1,72)),ZScore(TSMean(realized_vol_24,24)))),48),84)),60))",b49112a1fe31975a,72,generated_candidate,original,0.22580000000000003,False,False,selected_for_strict_replay
a7o_l1_C0279_2036,C0279,2036,H13_symbol_tier_relative,P1_range_volatility,RegimeMaskNonMay,H72,same_symbol_rank,FundingCore,low_turnover,F10_volatility_compression,realized_vol_24,volatility,"CrossSymbolZScore(TSMean(ResidualizeVsFundingCore(RegimeMaskNonMay(F3_high_liquidity_high_vol,Sub(RegimeMaskNonMay(F10_volatility_compression,Mul(Rank(TSMean(realized_vol_24,60)),ZScore(TSMean(realized_vol_24,96)))),Rank(TSMean(realized_vol_24,3))))),16))",373fc3eb29184b38,72,generated_candidate,original,0.22580000000000003,False,False,selected_for_strict_replay
a7o_l1_C0279_0095,C0279,95,H13_symbol_tier_relative,P1_range_volatility,RegimeMaskNonMay,H72,same_symbol_rank,FundingCore,low_turnover,F10_volatility_compression,realized_vol_12;realized_vol_6,volatility,"CrossSymbolZScore(TSMean(ResidualizeVsFundingCore(ZScore(Sub(TSMean(RegimeMaskNonMay(F10_volatility_compression,Mul(Rank(TSMean(realized_vol_12,30)),ZScore(TSMean(realized_vol_6,60)))),4),Decay(realized_vol_6,10)))),24))",d9abcbe9c78ea6b6,72,generated_candidate,original,0.22480000000000003,False,False,selected_for_strict_replay
a7o_l1_C0279_0192,C0279,192,H13_symbol_tier_relative,P1_range_volatility,RegimeMaskNonMay,H72,same_symbol_rank,FundingCore,low_turnover,F10_volatility_compression,hl_range;realized_vol_6,volatility,"CrossSymbolZScore(TSMean(ResidualizeVsFundingCore(TSMean(RegimeMaskNonMay(F10_volatility_compression,Mul(Rank(TSMean(hl_range,24)),ZScore(TSMean(realized_vol_6,48)))),24)),10))",c205434f6b7fc0d3,72,generated_candidate,original,0.22480000000000003,False,False,selected_for_strict_replay
a7o_l1_C0279_0289,C0279,289,H13_symbol_tier_relative,P1_range_volatility,RegimeMaskNonMay,H72,same_symbol_rank,FundingCore,low_turnover,F10_volatility_compression,realized_vol_24;realized_vol_6,volatility,"CrossSymbolZScore(TSMean(ResidualizeVsFundingCore(Add(Abs(ZScore(TSStd(realized_vol_24,72))),RegimeMaskNonMay(F10_volatility_compression,Mul(Rank(TSMean(realized_vol_24,96)),ZScore(TSMean(realized_vol_6,36)))))),36))",dde8f7863b331f65,72,generated_candidate,original,0.22480000000000003,False,False,selected_for_strict_replay
a7o_l1_C0279_0386,C0279,386,H13_symbol_tier_relative,P1_range_volatility,RegimeMaskNonMay,H72,same_symbol_rank,FundingCore,low_turnover,F10_volatility_compression,realized_vol_12;realized_vol_6,volatility,"CrossSymbolZScore(TSMean(ResidualizeVsFundingCore(ZScore(Decay(RegimeMaskNonMay(F10_volatility_compression,Mul(Rank(TSMean(realized_vol_12,84)),ZScore(TSMean(realized_vol_6,30)))),16))),24))",678fb2e990cf5994,72,generated_candidate,original,0.22480000000000003,False,False,selected_for_strict_replay
a7o_l1_C0280_2036,C0280,2036,H05_volatility_structure_ex_liquidity_mul,P5_basis_premium,Rank,H72,same_symbol_zscore,FundingCore_and_Core4,low_turnover,F8_low_vol_high_liquidity,cs_z_mark_index_ratio,basis,"Sub(TSMean(ResidualizeVsCore4(ResidualizeVsFundingCore(RegimeMaskNonMay(F3_high_liquidity_high_vol,Sub(Rank(TSMean(cs_z_mark_index_ratio,60)),Rank(TSMean(cs_z_mark_index_ratio,3)))))),16),Rank(TSMean(cs_z_mark_index_ratio,16)))",4c16afb980889dae,72,generated_candidate,original,0.22130000000000002,False,False,selected_for_strict_replay
a7o_l1_C0280_0181,C0280,181,H05_volatility_structure_ex_liquidity_mul,P5_basis_premium,Rank,H72,same_symbol_zscore,FundingCore_and_Core4,low_turnover,F8_low_vol_high_liquidity,cs_z_mark_index_ratio;mark_index_ratio,basis,"Sub(TSMean(ResidualizeVsCore4(ResidualizeVsFundingCore(RegimeMaskNonMay(F5_funding_neutral,Add(Rank(TSMean(cs_z_mark_index_ratio,48)),ZScore(TSMean(mark_index_ratio,10)))))),10),Rank(TSMean(mark_index_ratio,10)))",d7a77be66cd868c7,72,generated_candidate,original,0.2093,False,False,selected_for_strict_replay
a7o_l1_C0280_0180,C0280,180,H05_volatility_structure_ex_liquidity_mul,P5_basis_premium,Rank,H72,same_symbol_zscore,FundingCore_and_Core4,low_turnover,F8_low_vol_high_liquidity,cs_z_mark_index_ratio;cs_z_premium_index,basis,"Sub(TSMean(ResidualizeVsCore4(ResidualizeVsFundingCore(RegimeMaskNonMay(F3_high_liquidity_high_vol,Sub(Rank(TSMean(cs_z_mark_index_ratio,60)),Rank(TSMean(cs_z_mark_index_ratio,4)))))),4),Rank(TSMean(cs_z_premium_index,4)))",e650258ec3d715bc,72,generated_candidate,original,0.2083,False,False,selected_for_strict_replay
a7o_l1_C0280_0373,C0280,373,H05_volatility_structure_ex_liquidity_mul,P5_basis_premium,Rank,H72,same_symbol_zscore,FundingCore_and_Core4,low_turnover,F8_low_vol_high_liquidity,cs_z_mark_index_ratio;mark_minus_index,basis,"Sub(TSMean(ResidualizeVsCore4(ResidualizeVsFundingCore(RegimeMaskNonMay(F5_funding_neutral,Add(Rank(TSMean(cs_z_mark_index_ratio,48)),ZScore(TSMean(mark_minus_index,60)))))),24),Rank(TSMean(mark_minus_index,24)))",5b7c633ffb3f5bea,72,generated_candidate,original,0.2073,False,False,selected_for_strict_replay
a7o_l1_C0280_0372,C0280,372,H05_volatility_structure_ex_liquidity_mul,P5_basis_premium,Rank,H72,same_symbol_zscore,FundingCore_and_Core4,low_turnover,F8_low_vol_high_liquidity,cs_z_mark_index_ratio;mark_index_ratio,basis,"Sub(TSMean(ResidualizeVsCore4(ResidualizeVsFundingCore(RegimeMaskNonMay(F3_high_liquidity_high_vol,Sub(Rank(TSMean(cs_z_mark_index_ratio,60)),Rank(TSMean(cs_z_mark_index_ratio,24)))))),10),Rank(TSMean(mark_index_ratio,10)))",f51bc825186a1385,72,generated_candidate,original,0.2063,False,False,selected_for_strict_replay
a7o_l1_C0280_0565,C0280,565,H05_volatility_structure_ex_liquidity_mul,P5_basis_premium,Rank,H72,same_symbol_zscore,FundingCore_and_Core4,low_turnover,F8_low_vol_high_liquidity,cs_z_premium_index;mark_index_ratio,basis,"Sub(TSMean(ResidualizeVsCore4(ResidualizeVsFundingCore(RegimeMaskNonMay(F5_funding_neutral,Add(Rank(TSMean(mark_index_ratio,48)),ZScore(TSMean(cs_z_premium_index,10)))))),6),Rank(TSMean(cs_z_premium_index,6)))",13f0c741b53cc38d,72,generated_candidate,original,0.2053,False,False,selected_for_strict_replay
a7o_l1_C0280_0564,C0280,564,H05_volatility_structure_ex_liquidity_mul,P5_basis_premium,Rank,H72,same_symbol_zscore,FundingCore_and_Core4,low_turnover,F8_low_vol_high_liquidity,cs_z_mark_index_ratio;cs_z_premium_index,basis,"Sub(TSMean(ResidualizeVsCore4(ResidualizeVsFundingCore(RegimeMaskNonMay(F3_high_liquidity_high_vol,Sub(Rank(TSMean(cs_z_premium_index,60)),Rank(TSMean(cs_z_premium_index,36)))))),20),Rank(TSMean(cs_z_mark_index_ratio,20)))",91d2d034a1f58766,72,generated_candidate,original,0.2043,False,False,selected_for_strict_replay
a7o_l1_C0280_0757,C0280,757,H05_volatility_structure_ex_liquidity_mul,P5_basis_premium,Rank,H72,same_symbol_zscore,FundingCore_and_Core4,low_turnover,F8_low_vol_high_liquidity,mark_minus_index;premium_index,basis,"Sub(TSMean(ResidualizeVsCore4(ResidualizeVsFundingCore(RegimeMaskNonMay(F5_funding_neutral,Add(Rank(TSMean(mark_minus_index,48)),ZScore(TSMean(premium_index,10)))))),16),Rank(TSMean(premium_index,16)))",fea47f879e738359,72,generated_candidate,original,0.2033,False,False,selected_for_strict_replay
a7o_l1_C0280_0756,C0280,756,H05_volatility_structure_ex_liquidity_mul,P5_basis_premium,Rank,H72,same_symbol_zscore,FundingCore_and_Core4,low_turnover,F8_low_vol_high_liquidity,mark_minus_index,basis,"Sub(TSMean(ResidualizeVsCore4(ResidualizeVsFundingCore(RegimeMaskNonMay(F3_high_liquidity_high_vol,Sub(Rank(TSMean(mark_minus_index,60)),Rank(TSMean(mark_minus_index,10)))))),4),Rank(TSMean(mark_minus_index,4)))",1473981826f8674e,72,generated_candidate,original,0.2023,False,False,selected_for_strict_replay
a7o_l1_C0280_0096,C0280,96,H05_volatility_structure_ex_liquidity_mul,P5_basis_premium,Rank,H72,same_symbol_zscore,FundingCore_and_Core4,low_turnover,F8_low_vol_high_liquidity,premium_index,basis,"Sub(TSMean(ResidualizeVsCore4(ResidualizeVsFundingCore(Mul(Neg(Rank(TSMean(premium_index,4))),Rank(TSMean(premium_index,24))))),20),Rank(TSMean(premium_index,20)))",8348468cda515bad,72,generated_candidate,original,0.2013,False,False,selected_for_strict_replay
a7o_l1_C0280_0193,C0280,193,H05_volatility_structure_ex_liquidity_mul,P5_basis_premium,Rank,H72,same_symbol_zscore,FundingCore_and_Core4,low_turnover,F8_low_vol_high_liquidity,mark_index_ratio;premium_index,basis,"Sub(TSMean(ResidualizeVsCore4(ResidualizeVsFundingCore(Rank(TSMean(Rank(TSMean(mark_index_ratio,96)),36)))),24),Rank(TSMean(premium_index,24)))",c0afddbd0466c883,72,generated_candidate,original,0.2013,False,False,selected_for_strict_replay
a7o_l1_C0280_0290,C0280,290,H05_volatility_structure_ex_liquidity_mul,P5_basis_premium,Rank,H72,same_symbol_zscore,FundingCore_and_Core4,low_turnover,F8_low_vol_high_liquidity,cs_z_premium_index;premium_index,basis,"Sub(TSMean(ResidualizeVsCore4(ResidualizeVsFundingCore(Sub(Rank(TSMean(cs_z_premium_index,84)),Abs(ZScore(TSMean(premium_index,10)))))),48),Rank(TSMean(premium_index,48)))",1618488008422799,72,generated_candidate,original,0.2013,False,False,selected_for_strict_replay
a7o_l1_C0280_0387,C0280,387,H05_volatility_structure_ex_liquidity_mul,P5_basis_premium,Rank,H72,same_symbol_zscore,FundingCore_and_Core4,low_turnover,F8_low_vol_high_liquidity,premium_index,basis,"Sub(TSMean(ResidualizeVsCore4(ResidualizeVsFundingCore(Clip(Rank(TSMean(premium_index,72)),-4.0,4.0))),60),Rank(TSMean(premium_index,60)))",3f5ae47dc5fb9995,72,generated_candidate,original,0.2013,False,False,selected_for_strict_replay
a7o_l1_C0280_0484,C0280,484,H05_volatility_structure_ex_liquidity_mul,P5_basis_premium,Rank,H72,same_symbol_zscore,FundingCore_and_Core4,low_turnover,F8_low_vol_high_liquidity,mark_index_ratio;premium_index,basis,"Sub(TSMean(ResidualizeVsCore4(ResidualizeVsFundingCore(SafeDiv(Sub(Rank(TSMean(mark_index_ratio,60)),Rank(TSMean(mark_index_ratio,36))),Clip(Abs(TSRank(premium_index,72)),0.05,2.25)))),12),Rank(TSMean(premium_index,12)))",9a16163e62f0ba73,72,generated_candidate,original,0.2013,False,False,selected_for_strict_replay
a7o_l1_C0280_0581,C0280,581,H05_volatility_structure_ex_liquidity_mul,P5_basis_premium,Rank,H72,same_symbol_zscore,FundingCore_and_Core4,low_turnover,F8_low_vol_high_liquidity,cs_z_premium_index;premium_index,basis,"Sub(TSMean(ResidualizeVsCore4(ResidualizeVsFundingCore(Add(Rank(TSMean(cs_z_premium_index,48)),ZScore(TSMean(premium_index,12))))),10),Rank(TSMean(premium_index,10)))",9a4656be08a653ae,72,generated_candidate,original,0.2013,False,False,selected_for_strict_replay
a7o_l1_C0280_0678,C0280,678,H05_volatility_structure_ex_liquidity_mul,P5_basis_premium,Rank,H72,same_symbol_zscore,FundingCore_and_Core4,low_turnover,F8_low_vol_high_liquidity,premium_index,basis,"Sub(TSMean(ResidualizeVsCore4(ResidualizeVsFundingCore(RollingMin(Add(Rank(TSMean(premium_index,36)),Rank(TSMean(premium_index,12))),60))),30),Rank(TSMean(premium_index,30)))",ef8b530941cdaffa,72,generated_candidate,original,0.2013,False,False,selected_for_strict_replay
a7o_l1_C0280_0775,C0280,775,H05_volatility_structure_ex_liquidity_mul,P5_basis_premium,Rank,H72,same_symbol_zscore,FundingCore_and_Core4,low_turnover,F8_low_vol_high_liquidity,mark_minus_index;premium_index,basis,"Sub(TSMean(ResidualizeVsCore4(ResidualizeVsFundingCore(SafeDiv(Rank(TSMean(mark_minus_index,30)),Clip(Abs(ZScore(TSStd(premium_index,10))),0.05,6.0)))),24),Rank(TSMean(premium_index,24)))",36f235831a453e87,72,generated_candidate,original,0.2013,False,False,selected_for_strict_replay
a7o_l1_C0280_0872,C0280,872,H05_volatility_structure_ex_liquidity_mul,P5_basis_premium,Rank,H72,same_symbol_zscore,FundingCore_and_Core4,low_turnover,F8_low_vol_high_liquidity,cs_z_mark_index_ratio;mark_index_ratio,basis,"Sub(TSMean(ResidualizeVsCore4(ResidualizeVsFundingCore(TSRank(Sub(TSMean(Rank(TSMean(cs_z_mark_index_ratio,24)),24),TSMean(cs_z_mark_index_ratio,30)),36))),8),Rank(TSMean(mark_index_ratio,8)))",590cd3c0239e52c5,72,generated_candidate,original,0.2013,False,False,selected_for_strict_replay
a7o_l1_C0280_0949,C0280,949,H05_volatility_structure_ex_liquidity_mul,P5_basis_premium,Rank,H72,same_symbol_zscore,FundingCore_and_Core4,low_turnover,F8_low_vol_high_liquidity,cs_z_mark_index_ratio;mark_minus_index,basis,"Sub(TSMean(ResidualizeVsCore4(ResidualizeVsFundingCore(RegimeMaskNonMay(F5_funding_neutral,Add(Rank(TSMean(mark_minus_index,48)),ZScore(TSMean(cs_z_mark_index_ratio,60)))))),36),Rank(TSMean(cs_z_mark_index_ratio,36)))",90fa3a066237d8dc,72,generated_candidate,original,0.2013,False,False,selected_for_strict_replay
a7o_l1_C0280_0969,C0280,969,H05_volatility_structure_ex_liquidity_mul,P5_basis_premium,Rank,H72,same_symbol_zscore,FundingCore_and_Core4,low_turnover,F8_low_vol_high_liquidity,mark_index_ratio;mark_minus_index,basis,"Sub(TSMean(ResidualizeVsCore4(ResidualizeVsFundingCore(Rank(Delta(Rank(TSMean(mark_minus_index,96)),72)))),36),Rank(TSMean(mark_index_ratio,36)))",79f8502c6d17fad5,72,generated_candidate,original,0.2013,False,False,selected_for_strict_replay
a7o_l1_C0280_1066,C0280,1066,H05_volatility_structure_ex_liquidity_mul,P5_basis_premium,Rank,H72,same_symbol_zscore,FundingCore_and_Core4,low_turnover,F8_low_vol_high_liquidity,mark_index_ratio,basis,"Sub(TSMean(ResidualizeVsCore4(ResidualizeVsFundingCore(Rank(SmoothInteraction(Rank(TSMean(mark_index_ratio,84)),TSStd(mark_index_ratio,12))))),20),Rank(TSMean(mark_index_ratio,20)))",0319ec7c349a5573,72,generated_candidate,original,0.2013,False,False,selected_for_strict_replay
a7o_l1_C0280_1163,C0280,1163,H05_volatility_structure_ex_liquidity_mul,P5_basis_premium,Rank,H72,same_symbol_zscore,FundingCore_and_Core4,low_turnover,F8_low_vol_high_liquidity,cs_z_mark_index_ratio;mark_index_ratio,basis,"Sub(TSMean(ResidualizeVsCore4(ResidualizeVsFundingCore(WinsorZScore(Rank(TSMean(cs_z_mark_index_ratio,72)),3.0))),60),Rank(TSMean(mark_index_ratio,60)))",6fcb6d2776f7a289,72,generated_candidate,original,0.2013,False,False,selected_for_strict_replay
a7o_l1_C0280_1260,C0280,1260,H05_volatility_structure_ex_liquidity_mul,P5_basis_premium,Rank,H72,same_symbol_zscore,FundingCore_and_Core4,low_turnover,F8_low_vol_high_liquidity,mark_index_ratio;premium_index,basis,"Sub(TSMean(ResidualizeVsCore4(ResidualizeVsFundingCore(Sub(WinsorZScore(TSMean(premium_index,4),1.25),WinsorZScore(TSMean(mark_index_ratio,10),1.25)))),4),Rank(TSMean(mark_index_ratio,4)))",d3a768f4f16eeada,72,generated_candidate,original,0.2013,False,False,selected_for_strict_replay
a7o_l1_C0280_1357,C0280,1357,H05_volatility_structure_ex_liquidity_mul,P5_basis_premium,Rank,H72,same_symbol_zscore,FundingCore_and_Core4,low_turnover,F8_low_vol_high_liquidity,mark_index_ratio,basis,"Sub(TSMean(ResidualizeVsCore4(ResidualizeVsFundingCore(Mul(ZScore(TSMean(mark_index_ratio,8)),Rank(TSMean(mark_index_ratio,48))))),16),Rank(TSMean(mark_index_ratio,16)))",3109c3474d5cf9ec,72,generated_candidate,original,0.2013,False,False,selected_for_strict_replay
a7o_l1_C0281_0181,C0281,181,H00_low_turnover_robust,P7_cross_symbol_relative,NegRank,H72,cross_symbol_zscore,FundingCore_and_Core4,medium_turnover,F2_low_liquidity,cs_z_premium_index;cs_z_ret_6,basis;price,"TSMean(Clip(Clip(ResidualizeVsCore4(ResidualizeVsFundingCore(cross_symbol_zscore(RegimeMaskNonMay(F5_funding_neutral,Add(Neg(Rank(Decay(cs_z_premium_index,48))),ZScore(TSMean(cs_z_ret_6,10))))))),-4.0,4.0),-3.0,3.0),12)",1bc361a847ea3ffa,72,generated_candidate,original,0.2847,False,False,selected_for_strict_replay
a7o_l1_C0281_0180,C0281,180,H00_low_turnover_robust,P7_cross_symbol_relative,NegRank,H72,cross_symbol_zscore,FundingCore_and_Core4,medium_turnover,F2_low_liquidity,cs_z_premium_index;cs_z_taker_imbalance,basis;flow,"TSMean(Clip(Clip(ResidualizeVsCore4(ResidualizeVsFundingCore(cross_symbol_zscore(RegimeMaskNonMay(F3_high_liquidity_high_vol,Sub(Neg(Rank(Decay(cs_z_premium_index,60))),Rank(TSMean(cs_z_premium_index,4))))))),-4.0,4.0),-3.0,3.0),8)",e4febcf50700b838,72,generated_candidate,original,0.2837,False,False,selected_for_strict_replay
a7o_l1_C0281_0373,C0281,373,H00_low_turnover_robust,P7_cross_symbol_relative,NegRank,H72,cross_symbol_zscore,FundingCore_and_Core4,medium_turnover,F2_low_liquidity,cs_z_premium_index;cs_z_ret_12,basis;price,"TSMean(Clip(Clip(ResidualizeVsCore4(ResidualizeVsFundingCore(cross_symbol_zscore(RegimeMaskNonMay(F5_funding_neutral,Add(Neg(Rank(Decay(cs_z_premium_index,48))),ZScore(TSMean(cs_z_ret_12,60))))))),-4.0,4.0),-3.0,3.0),30)",c87274fb79e2c943,72,generated_candidate,original,0.2827,False,False,selected_for_strict_replay
a7o_l1_C0281_0372,C0281,372,H00_low_turnover_robust,P7_cross_symbol_relative,NegRank,H72,cross_symbol_zscore,FundingCore_and_Core4,medium_turnover,F2_low_liquidity,cs_z_premium_index;cs_z_ret_6,basis;price,"TSMean(Clip(Clip(ResidualizeVsCore4(ResidualizeVsFundingCore(cross_symbol_zscore(RegimeMaskNonMay(F3_high_liquidity_high_vol,Sub(Neg(Rank(Decay(cs_z_premium_index,60))),Rank(TSMean(cs_z_premium_index,24))))))),-4.0,4.0),-3.0,3.0),16)",f295543a59e15525,72,generated_candidate,original,0.2817,False,False,selected_for_strict_replay
a7o_l1_C0281_0565,C0281,565,H00_low_turnover_robust,P7_cross_symbol_relative,NegRank,H72,cross_symbol_zscore,FundingCore_and_Core4,medium_turnover,F2_low_liquidity,cs_z_ret_6;cs_z_taker_imbalance,flow;price,"TSMean(Clip(Clip(ResidualizeVsCore4(ResidualizeVsFundingCore(cross_symbol_zscore(RegimeMaskNonMay(F5_funding_neutral,Add(Neg(Rank(Decay(cs_z_ret_6,48))),ZScore(TSMean(cs_z_taker_imbalance,10))))))),-4.0,4.0),-3.0,3.0),8)",6b8a0bfb525832ee,72,generated_candidate,original,0.2807,False,False,selected_for_strict_replay
a7o_l1_C0281_0564,C0281,564,H00_low_turnover_robust,P7_cross_symbol_relative,NegRank,H72,cross_symbol_zscore,FundingCore_and_Core4,medium_turnover,F2_low_liquidity,cs_z_premium_index;cs_z_taker_imbalance,basis;flow,"TSMean(Clip(Clip(ResidualizeVsCore4(ResidualizeVsFundingCore(cross_symbol_zscore(RegimeMaskNonMay(F3_high_liquidity_high_vol,Sub(Neg(Rank(Decay(cs_z_taker_imbalance,60))),Rank(TSMean(cs_z_taker_imbalance,36))))))),-4.0,4.0),-3.0,3.0),3)",3f80733a4d0ff97d,72,generated_candidate,original,0.2797,False,False,selected_for_strict_replay
a7o_l1_C0281_0757,C0281,757,H00_low_turnover_robust,P7_cross_symbol_relative,NegRank,H72,cross_symbol_zscore,FundingCore_and_Core4,medium_turnover,F2_low_liquidity,cs_z_mark_index_ratio;cs_z_ret_12,basis;price,"TSMean(Clip(Clip(ResidualizeVsCore4(ResidualizeVsFundingCore(cross_symbol_zscore(RegimeMaskNonMay(F5_funding_neutral,Add(Neg(Rank(Decay(cs_z_ret_12,48))),ZScore(TSMean(cs_z_mark_index_ratio,10))))))),-4.0,4.0),-3.0,3.0),20)",4413b31376556460,72,generated_candidate,original,0.2787,False,False,selected_for_strict_replay
a7o_l1_C0281_0193,C0281,193,H00_low_turnover_robust,P7_cross_symbol_relative,NegRank,H72,cross_symbol_zscore,FundingCore_and_Core4,medium_turnover,F2_low_liquidity,cs_z_mark_index_ratio;cs_z_ret_6,basis;price,"TSMean(Clip(Clip(ResidualizeVsCore4(ResidualizeVsFundingCore(cross_symbol_zscore(Rank(TSMean(Neg(Rank(Decay(cs_z_ret_6,96))),36))))),-4.0,4.0),-3.0,3.0),30)",757f2e3255030927,72,generated_candidate,original,0.2767,False,False,selected_for_strict_replay
a7o_l1_C0281_0290,C0281,290,H00_low_turnover_robust,P7_cross_symbol_relative,NegRank,H72,cross_symbol_zscore,FundingCore_and_Core4,medium_turnover,F2_low_liquidity,cs_z_mark_index_ratio;cs_z_taker_imbalance,basis;flow,"TSMean(Clip(Clip(ResidualizeVsCore4(ResidualizeVsFundingCore(cross_symbol_zscore(Sub(Neg(Rank(Decay(cs_z_taker_imbalance,84))),Abs(ZScore(TSMean(cs_z_mark_index_ratio,10))))))),-4.0,4.0),-3.0,3.0),72)",1f17953058860642,72,generated_candidate,original,0.2767,False,False,selected_for_strict_replay
a7o_l1_C0281_0484,C0281,484,H00_low_turnover_robust,P7_cross_symbol_relative,NegRank,H72,cross_symbol_zscore,FundingCore_and_Core4,medium_turnover,F2_low_liquidity,cs_z_mark_index_ratio;cs_z_ret_6,basis;price,"TSMean(Clip(Clip(ResidualizeVsCore4(ResidualizeVsFundingCore(cross_symbol_zscore(SafeDiv(Sub(Neg(Rank(Decay(cs_z_ret_6,60))),Rank(TSMean(cs_z_ret_6,36))),Clip(Abs(TSRank(cs_z_mark_index_ratio,72)),0.05,2.25))))),-4.0,4.0),-3.0,3.0),20)",3f3400d1533573e6,72,generated_candidate,original,0.2767,False,False,selected_for_strict_replay
a7o_l1_C0281_0581,C0281,581,H00_low_turnover_robust,P7_cross_symbol_relative,NegRank,H72,cross_symbol_zscore,FundingCore_and_Core4,medium_turnover,F2_low_liquidity,cs_z_mark_index_ratio;cs_z_taker_imbalance,basis;flow,"TSMean(Clip(Clip(ResidualizeVsCore4(ResidualizeVsFundingCore(cross_symbol_zscore(Add(Neg(Rank(Decay(cs_z_taker_imbalance,48))),ZScore(TSMean(cs_z_mark_index_ratio,12)))))),-4.0,4.0),-3.0,3.0),12)",ead6143906f7f35e,72,generated_candidate,original,0.2767,False,False,selected_for_strict_replay
a7o_l1_C0281_0775,C0281,775,H00_low_turnover_robust,P7_cross_symbol_relative,NegRank,H72,cross_symbol_zscore,FundingCore_and_Core4,medium_turnover,F2_low_liquidity,cs_z_mark_index_ratio;cs_z_ret_12,basis;price,"TSMean(Clip(Clip(ResidualizeVsCore4(ResidualizeVsFundingCore(cross_symbol_zscore(SafeDiv(Neg(Rank(Decay(cs_z_ret_12,30))),Clip(Abs(ZScore(TSStd(cs_z_mark_index_ratio,10))),0.05,6.0))))),-4.0,4.0),-3.0,3.0),48)",a50ad917199de7b0,72,generated_candidate,original,0.2767,False,False,selected_for_strict_replay
a7o_l1_C0281_0872,C0281,872,H00_low_turnover_robust,P7_cross_symbol_relative,NegRank,H72,cross_symbol_zscore,FundingCore_and_Core4,medium_turnover,F2_low_liquidity,cs_z_premium_index;cs_z_ret_6,basis;price,"TSMean(Clip(Clip(ResidualizeVsCore4(ResidualizeVsFundingCore(cross_symbol_zscore(TSRank(Sub(TSMean(Neg(Rank(Decay(cs_z_premium_index,24))),24),TSMean(cs_z_premium_index,30)),36)))),-4.0,4.0),-3.0,3.0),12)",0f3e5dcbce7fcee7,72,generated_candidate,original,0.2767,False,False,selected_for_strict_replay
a7o_l1_C0281_0949,C0281,949,H00_low_turnover_robust,P7_cross_symbol_relative,NegRank,H72,cross_symbol_zscore,FundingCore_and_Core4,medium_turnover,F2_low_liquidity,cs_z_premium_index;cs_z_ret_12,basis;price,"TSMean(Clip(Clip(ResidualizeVsCore4(ResidualizeVsFundingCore(cross_symbol_zscore(RegimeMaskNonMay(F5_funding_neutral,Add(Neg(Rank(Decay(cs_z_ret_12,48))),ZScore(TSMean(cs_z_premium_index,60))))))),-4.0,4.0),-3.0,3.0),48)",8df233f30c63e6bd,72,generated_candidate,original,0.2767,False,False,selected_for_strict_replay
a7o_l1_C0281_1163,C0281,1163,H00_low_turnover_robust,P7_cross_symbol_relative,NegRank,H72,cross_symbol_zscore,FundingCore_and_Core4,medium_turnover,F2_low_liquidity,cs_z_premium_index;cs_z_ret_6,basis;price,"TSMean(Clip(Clip(ResidualizeVsCore4(ResidualizeVsFundingCore(cross_symbol_zscore(WinsorZScore(Neg(Rank(Decay(cs_z_premium_index,72))),3.0)))),-4.0,4.0),-3.0,3.0),96)",ed84da4442f4a84b,72,generated_candidate,original,0.2767,False,False,selected_for_strict_replay
a7o_l1_C0281_1260,C0281,1260,H00_low_turnover_robust,P7_cross_symbol_relative,NegRank,H72,cross_symbol_zscore,FundingCore_and_Core4,medium_turnover,F2_low_liquidity,cs_z_mark_index_ratio;cs_z_ret_6,basis;price,"TSMean(Clip(Clip(ResidualizeVsCore4(ResidualizeVsFundingCore(cross_symbol_zscore(Sub(WinsorZScore(TSMean(cs_z_mark_index_ratio,4),1.25),WinsorZScore(TSMean(cs_z_ret_6,10),1.25))))),-4.0,4.0),-3.0,3.0),8)",ab778e8d4968e455,72,generated_candidate,original,0.2767,False,False,selected_for_strict_replay
a7o_l1_C0281_1454,C0281,1454,H00_low_turnover_robust,P7_cross_symbol_relative,NegRank,H72,cross_symbol_zscore,FundingCore_and_Core4,medium_turnover,F2_low_liquidity,cs_z_premium_index;cs_z_ret_6,basis;price,"TSMean(Clip(Clip(ResidualizeVsCore4(ResidualizeVsFundingCore(cross_symbol_zscore(Mul(SafeDiv(ZScore(TSMean(cs_z_premium_index,24)),Clip(Abs(ZScore(TSMean(cs_z_ret_6,48))),0.05,3.0)),Neg(Rank(Decay(cs_z_premium_index,36))))))),-4.0,4.0),-3.0,3.0),20)",03a1f623cfd94f7d,72,generated_candidate,original,0.2767,False,False,selected_for_strict_replay
a7o_l1_C0281_1551,C0281,1551,H00_low_turnover_robust,P7_cross_symbol_relative,NegRank,H72,cross_symbol_zscore,FundingCore_and_Core4,medium_turnover,F2_low_liquidity,cs_z_mark_index_ratio;cs_z_ret_6,basis;price,"TSMean(Clip(Clip(ResidualizeVsCore4(ResidualizeVsFundingCore(cross_symbol_zscore(Abs(Sub(Neg(Rank(Decay(cs_z_mark_index_ratio,30))),ZScore(TSMean(cs_z_mark_index_ratio,20))))))),-4.0,4.0),-3.0,3.0),48)",a8f5ad2d89aa8f6a,72,generated_candidate,original,0.2767,False,False,selected_for_strict_replay
a7o_l1_C0281_1648,C0281,1648,H00_low_turnover_robust,P7_cross_symbol_relative,NegRank,H72,cross_symbol_zscore,FundingCore_and_Core4,medium_turnover,F2_low_liquidity,cs_z_premium_index;cs_z_taker_imbalance,basis;flow,"TSMean(Clip(Clip(ResidualizeVsCore4(ResidualizeVsFundingCore(cross_symbol_zscore(ResidualizeVsFundingCore(Add(Neg(Rank(Decay(cs_z_taker_imbalance,24))),Rank(TSMean(cs_z_taker_imbalance,20))))))),-4.0,4.0),-3.0,3.0),4)",2ea4d5836e1b80da,72,generated_candidate,original,0.2767,False,False,selected_for_strict_replay
a7o_l1_C0281_1842,C0281,1842,H00_low_turnover_robust,P7_cross_symbol_relative,NegRank,H72,cross_symbol_zscore,FundingCore_and_Core4,medium_turnover,F2_low_liquidity,cs_z_premium_index;cs_z_ret_12,basis;price,"TSMean(Clip(Clip(ResidualizeVsCore4(ResidualizeVsFundingCore(CrossSymbolRank(Add(Neg(Rank(Decay(cs_z_ret_12,84))),TSMean(cs_z_ret_12,24))))),-4.0,4.0),-3.0,3.0),12)",7d1063c05eeb7f9a,72,generated_candidate,original,0.2767,False,False,selected_for_strict_replay
a7o_l1_C0281_1939,C0281,1939,H00_low_turnover_robust,P7_cross_symbol_relative,NegRank,H72,cross_symbol_zscore,FundingCore_and_Core4,medium_turnover,F2_low_liquidity,cs_z_premium_index;cs_z_taker_imbalance,basis;flow,"TSMean(Clip(Clip(ResidualizeVsCore4(ResidualizeVsFundingCore(cross_symbol_zscore(RollingMin(RollingMax(Neg(Rank(Decay(cs_z_taker_imbalance,72))),48),84)))),-4.0,4.0),-3.0,3.0),96)",efc9a88a66076253,72,generated_candidate,original,0.2767,False,False,selected_for_strict_replay
a7o_l1_C0281_0095,C0281,95,H00_low_turnover_robust,P7_cross_symbol_relative,NegRank,H72,cross_symbol_zscore,FundingCore_and_Core4,medium_turnover,F2_low_liquidity,cs_z_mark_index_ratio;cs_z_ret_12,basis;price,"TSMean(Clip(Clip(ResidualizeVsCore4(ResidualizeVsFundingCore(cross_symbol_zscore(ZScore(Sub(TSMean(Neg(Rank(Decay(cs_z_mark_index_ratio,30))),4),Decay(cs_z_ret_12,10)))))),-4.0,4.0),-3.0,3.0),48)",4dae6169af52224a,72,generated_candidate,original,0.2757,False,False,selected_for_strict_replay
a7o_l1_C0281_0289,C0281,289,H00_low_turnover_robust,P7_cross_symbol_relative,NegRank,H72,cross_symbol_zscore,FundingCore_and_Core4,medium_turnover,F2_low_liquidity,cs_z_premium_index;cs_z_ret_12,basis;price,"TSMean(Clip(Clip(ResidualizeVsCore4(ResidualizeVsFundingCore(cross_symbol_zscore(Add(Abs(ZScore(TSStd(cs_z_premium_index,72))),Neg(Rank(Decay(cs_z_premium_index,96))))))),-4.0,4.0),-3.0,3.0),48)",705698206248b0ae,72,generated_candidate,original,0.2757,False,False,selected_for_strict_replay
a7o_l1_C0281_0386,C0281,386,H00_low_turnover_robust,P7_cross_symbol_relative,NegRank,H72,cross_symbol_zscore,FundingCore_and_Core4,medium_turnover,F2_low_liquidity,cs_z_mark_index_ratio;cs_z_ret_12,basis;price,"TSMean(Clip(Clip(ResidualizeVsCore4(ResidualizeVsFundingCore(cross_symbol_zscore(ZScore(Decay(Neg(Rank(Decay(cs_z_mark_index_ratio,84))),16))))),-4.0,4.0),-3.0,3.0),36)",59a37f81662f3254,72,generated_candidate,original,0.2757,False,False,selected_for_strict_replay
a7o_l1_C0282_2036,C0282,2036,H14_open_ast_cem_diversity,P1_range_volatility,TSStdZScore,mixed_12_48,same_symbol_zscore,Core4,low_turnover,F1_high_realized_vol,realized_vol_24,volatility,"SafeDiv(TSMean(ResidualizeVsCore4(RegimeMaskNonMay(F3_high_liquidity_high_vol,Sub(ZScore(TSStd(realized_vol_24,12)),Rank(TSMean(realized_vol_24,3))))),16),Clip(Abs(TSMean(realized_vol_24,24)),0.05,4.0))",af63a979abf3716d,12,generated_candidate,original,0.22450000000000003,False,False,selected_for_strict_replay
a7o_l1_C0282_0181,C0282,181,H14_open_ast_cem_diversity,P1_range_volatility,TSStdZScore,mixed_12_48,same_symbol_zscore,Core4,low_turnover,F1_high_realized_vol,hl_range;realized_vol_24,volatility,"SafeDiv(TSMean(ResidualizeVsCore4(RegimeMaskNonMay(F5_funding_neutral,Add(ZScore(TSStd(realized_vol_24,20)),ZScore(TSMean(hl_range,10))))),10),Clip(Abs(TSMean(hl_range,12)),0.05,4.0))",8c96b6175c2d4b87,12,generated_candidate,original,0.21250000000000002,False,False,selected_for_strict_replay
a7o_l1_C0282_0180,C0282,180,H14_open_ast_cem_diversity,P1_range_volatility,TSStdZScore,mixed_12_48,same_symbol_zscore,Core4,low_turnover,F1_high_realized_vol,abs_ret_1;realized_vol_24,volatility,"SafeDiv(TSMean(ResidualizeVsCore4(RegimeMaskNonMay(F3_high_liquidity_high_vol,Sub(ZScore(TSStd(realized_vol_24,3)),Rank(TSMean(realized_vol_24,4))))),4),Clip(Abs(TSMean(abs_ret_1,8)),0.05,4.0))",fc25c154a9db4667,6,generated_candidate,original,0.21150000000000002,False,False,selected_for_strict_replay
a7o_l1_C0282_0373,C0282,373,H14_open_ast_cem_diversity,P1_range_volatility,TSStdZScore,mixed_12_48,same_symbol_zscore,Core4,low_turnover,F1_high_realized_vol,realized_vol_24;realized_vol_6,volatility,"SafeDiv(TSMean(ResidualizeVsCore4(RegimeMaskNonMay(F5_funding_neutral,Add(ZScore(TSStd(realized_vol_24,16)),ZScore(TSMean(realized_vol_6,60))))),24),Clip(Abs(TSMean(realized_vol_6,30)),0.05,4.0))",e0496d0f687e4a98,48,generated_candidate,original,0.21050000000000002,False,False,selected_for_strict_replay
a7o_l1_C0282_0372,C0282,372,H14_open_ast_cem_diversity,P1_range_volatility,TSStdZScore,mixed_12_48,same_symbol_zscore,Core4,low_turnover,F1_high_realized_vol,hl_range;realized_vol_24,volatility,"SafeDiv(TSMean(ResidualizeVsCore4(RegimeMaskNonMay(F3_high_liquidity_high_vol,Sub(ZScore(TSStd(realized_vol_24,16)),Rank(TSMean(realized_vol_24,24))))),10),Clip(Abs(TSMean(hl_range,16)),0.05,4.0))",a527c2235da9648e,24,generated_candidate,original,0.20950000000000002,False,False,selected_for_strict_replay
a7o_l1_C0282_0565,C0282,565,H14_open_ast_cem_diversity,P1_range_volatility,TSStdZScore,mixed_12_48,same_symbol_zscore,Core4,low_turnover,F1_high_realized_vol,abs_ret_1;hl_range,volatility,"SafeDiv(TSMean(ResidualizeVsCore4(RegimeMaskNonMay(F5_funding_neutral,Add(ZScore(TSStd(hl_range,3)),ZScore(TSMean(abs_ret_1,10))))),6),Clip(Abs(TSMean(abs_ret_1,8)),0.05,4.0))",ca8f8b45165c1776,6,generated_candidate,original,0.20850000000000002,False,False,selected_for_strict_replay
a7o_l1_C0282_0564,C0282,564,H14_open_ast_cem_diversity,P1_range_volatility,TSStdZScore,mixed_12_48,same_symbol_zscore,Core4,low_turnover,F1_high_realized_vol,abs_ret_1;realized_vol_24,volatility,"SafeDiv(TSMean(ResidualizeVsCore4(RegimeMaskNonMay(F3_high_liquidity_high_vol,Sub(ZScore(TSStd(abs_ret_1,60)),Rank(TSMean(abs_ret_1,36))))),20),Clip(Abs(TSMean(realized_vol_24,3)),0.05,4.0))",a09532c822759a0d,72,generated_candidate,original,0.20750000000000002,False,False,selected_for_strict_replay
a7o_l1_C0282_0757,C0282,757,H14_open_ast_cem_diversity,P1_range_volatility,TSStdZScore,mixed_12_48,same_symbol_zscore,Core4,low_turnover,F1_high_realized_vol,realized_vol_12;realized_vol_6,volatility,"SafeDiv(TSMean(ResidualizeVsCore4(RegimeMaskNonMay(F5_funding_neutral,Add(ZScore(TSStd(realized_vol_6,48)),ZScore(TSMean(realized_vol_12,10))))),16),Clip(Abs(TSMean(realized_vol_12,20)),0.05,4.0))",36b29093c0cc6ef5,24,generated_candidate,original,0.20650000000000002,False,False,selected_for_strict_replay
a7o_l1_C0282_0756,C0282,756,H14_open_ast_cem_diversity,P1_range_volatility,TSStdZScore,mixed_12_48,same_symbol_zscore,Core4,low_turnover,F1_high_realized_vol,realized_vol_6,volatility,"SafeDiv(TSMean(ResidualizeVsCore4(RegimeMaskNonMay(F3_high_liquidity_high_vol,Sub(ZScore(TSStd(realized_vol_6,3)),Rank(TSMean(realized_vol_6,10))))),4),Clip(Abs(TSMean(realized_vol_6,8)),0.05,4.0))",8258b049ef911b5d,12,generated_candidate,original,0.20550000000000002,False,False,selected_for_strict_replay
a7o_l1_C0282_0096,C0282,96,H14_open_ast_cem_diversity,P1_range_volatility,TSStdZScore,mixed_12_48,same_symbol_zscore,Core4,low_turnover,F1_high_realized_vol,realized_vol_12,volatility,"SafeDiv(TSMean(ResidualizeVsCore4(Mul(Neg(Rank(TSMean(realized_vol_12,4))),ZScore(TSStd(realized_vol_12,16)))),20),Clip(Abs(TSMean(realized_vol_12,3)),0.05,4.0))",08fb6d0ddad361f8,12,generated_candidate,original,0.20450000000000002,False,False,selected_for_strict_replay
a7o_l1_C0282_0193,C0282,193,H14_open_ast_cem_diversity,P1_range_volatility,TSStdZScore,mixed_12_48,same_symbol_zscore,Core4,low_turnover,F1_high_realized_vol,hl_range;realized_vol_12,volatility,"SafeDiv(TSMean(ResidualizeVsCore4(Rank(TSMean(ZScore(TSStd(hl_range,16)),36))),24),Clip(Abs(TSMean(realized_vol_12,30)),0.05,4.0))",a08b1e60e3f22861,48,generated_candidate,original,0.20450000000000002,False,False,selected_for_strict_replay
a7o_l1_C0282_0290,C0282,290,H14_open_ast_cem_diversity,P1_range_volatility,TSStdZScore,mixed_12_48,same_symbol_zscore,Core4,low_turnover,F1_high_realized_vol,abs_ret_1;realized_vol_12,volatility,"SafeDiv(TSMean(ResidualizeVsCore4(Sub(ZScore(TSStd(abs_ret_1,3)),Abs(ZScore(TSMean(realized_vol_12,10))))),48),Clip(Abs(TSMean(realized_vol_12,72)),0.05,4.0))",71e52945d96bde3e,6,generated_candidate,original,0.20450000000000002,False,False,selected_for_strict_replay
a7o_l1_C0282_0387,C0282,387,H14_open_ast_cem_diversity,P1_range_volatility,TSStdZScore,mixed_12_48,same_symbol_zscore,Core4,low_turnover,F1_high_realized_vol,realized_vol_12,volatility,"SafeDiv(TSMean(ResidualizeVsCore4(Clip(ZScore(TSStd(realized_vol_12,48)),-4.0,4.0)),60),Clip(Abs(TSMean(realized_vol_12,96)),0.05,4.0))",8b93adfc7bc4bf63,24,generated_candidate,original,0.20450000000000002,False,False,selected_for_strict_replay
a7o_l1_C0282_0484,C0282,484,H14_open_ast_cem_diversity,P1_range_volatility,TSStdZScore,mixed_12_48,same_symbol_zscore,Core4,low_turnover,F1_high_realized_vol,hl_range;realized_vol_12,volatility,"SafeDiv(TSMean(ResidualizeVsCore4(SafeDiv(Sub(ZScore(TSStd(hl_range,60)),Rank(TSMean(hl_range,36))),Clip(Abs(TSRank(realized_vol_12,72)),0.05,2.25))),12),Clip(Abs(TSMean(realized_vol_12,20)),0.05,4.0))",7cd5630db47ecb9f,72,generated_candidate,original,0.20450000000000002,False,False,selected_for_strict_replay
a7o_l1_C0282_0581,C0282,581,H14_open_ast_cem_diversity,P1_range_volatility,TSStdZScore,mixed_12_48,same_symbol_zscore,Core4,low_turnover,F1_high_realized_vol,abs_ret_1;realized_vol_12,volatility,"SafeDiv(TSMean(ResidualizeVsCore4(Add(ZScore(TSStd(abs_ret_1,24)),ZScore(TSMean(realized_vol_12,12)))),10),Clip(Abs(TSMean(realized_vol_12,12)),0.05,4.0))",ea49f1de55142e76,12,generated_candidate,original,0.20450000000000002,False,False,selected_for_strict_replay
a7o_l1_C0282_0678,C0282,678,H14_open_ast_cem_diversity,P1_range_volatility,TSStdZScore,mixed_12_48,same_symbol_zscore,Core4,low_turnover,F1_high_realized_vol,realized_vol_12,volatility,"SafeDiv(TSMean(ResidualizeVsCore4(RollingMin(Add(ZScore(TSStd(realized_vol_12,24)),Rank(TSMean(realized_vol_12,12))),60)),30),Clip(Abs(TSMean(realized_vol_12,48)),0.05,4.0))",3238141cf584de5a,48,generated_candidate,original,0.20450000000000002,False,False,selected_for_strict_replay
a7o_l1_C0282_0775,C0282,775,H14_open_ast_cem_diversity,P1_range_volatility,TSStdZScore,mixed_12_48,same_symbol_zscore,Core4,low_turnover,F1_high_realized_vol,realized_vol_12;realized_vol_6,volatility,"SafeDiv(TSMean(ResidualizeVsCore4(SafeDiv(ZScore(TSStd(realized_vol_6,3)),Clip(Abs(ZScore(TSStd(realized_vol_12,10))),0.05,6.0))),24),Clip(Abs(TSMean(realized_vol_12,48)),0.05,4.0))",ba54ea46c229fb7f,6,generated_candidate,original,0.20450000000000002,False,False,selected_for_strict_replay
a7o_l1_C0282_0872,C0282,872,H14_open_ast_cem_diversity,P1_range_volatility,TSStdZScore,mixed_12_48,same_symbol_zscore,Core4,low_turnover,F1_high_realized_vol,hl_range;realized_vol_24,volatility,"SafeDiv(TSMean(ResidualizeVsCore4(TSRank(Sub(TSMean(ZScore(TSStd(realized_vol_24,16)),24),TSMean(realized_vol_24,30)),36)),8),Clip(Abs(TSMean(hl_range,12)),0.05,4.0))",ac18959266c31797,24,generated_candidate,original,0.20450000000000002,False,False,selected_for_strict_replay
a7o_l1_C0282_0949,C0282,949,H14_open_ast_cem_diversity,P1_range_volatility,TSStdZScore,mixed_12_48,same_symbol_zscore,Core4,low_turnover,F1_high_realized_vol,realized_vol_24;realized_vol_6,volatility,"SafeDiv(TSMean(ResidualizeVsCore4(RegimeMaskNonMay(F5_funding_neutral,Add(ZScore(TSStd(realized_vol_6,48)),ZScore(TSMean(realized_vol_24,60))))),36),Clip(Abs(TSMean(realized_vol_24,48)),0.05,4.0))",de38444abe3fcdb5,72,generated_candidate,original,0.20450000000000002,False,False,selected_for_strict_replay
a7o_l1_C0282_0969,C0282,969,H14_open_ast_cem_diversity,P1_range_volatility,TSStdZScore,mixed_12_48,same_symbol_zscore,Core4,low_turnover,F1_high_realized_vol,hl_range;realized_vol_6,volatility,"SafeDiv(TSMean(ResidualizeVsCore4(Rank(Delta(ZScore(TSStd(realized_vol_6,96)),72))),36),Clip(Abs(TSMean(hl_range,48)),0.05,4.0))",73136bf7466cd1ea,72,generated_candidate,original,0.20450000000000002,False,False,selected_for_strict_replay
a7o_l1_C0282_1066,C0282,1066,H14_open_ast_cem_diversity,P1_range_volatility,TSStdZScore,mixed_12_48,same_symbol_zscore,Core4,low_turnover,F1_high_realized_vol,hl_range,volatility,"SafeDiv(TSMean(ResidualizeVsCore4(Rank(SmoothInteraction(ZScore(TSStd(hl_range,4)),TSStd(hl_range,12)))),20),Clip(Abs(TSMean(hl_range,30)),0.05,4.0))",ece1ce7e8277436c,12,generated_candidate,original,0.20450000000000002,False,False,selected_for_strict_replay
a7o_l1_C0282_1163,C0282,1163,H14_open_ast_cem_diversity,P1_range_volatility,TSStdZScore,mixed_12_48,same_symbol_zscore,Core4,low_turnover,F1_high_realized_vol,hl_range;realized_vol_24,volatility,"SafeDiv(TSMean(ResidualizeVsCore4(WinsorZScore(ZScore(TSStd(realized_vol_24,36)),3.0)),60),Clip(Abs(TSMean(hl_range,96)),0.05,4.0))",5785aa54907c7803,48,generated_candidate,original,0.20450000000000002,False,False,selected_for_strict_replay
a7o_l1_C0282_1260,C0282,1260,H14_open_ast_cem_diversity,P1_range_volatility,TSStdZScore,mixed_12_48,same_symbol_zscore,Core4,low_turnover,F1_high_realized_vol,hl_range;realized_vol_12,volatility,"SafeDiv(TSMean(ResidualizeVsCore4(Sub(WinsorZScore(TSMean(realized_vol_12,4),1.25),WinsorZScore(TSMean(hl_range,10),1.25))),4),Clip(Abs(TSMean(hl_range,8)),0.05,4.0))",3ebf33fcdf75f3be,6,generated_candidate,original,0.20450000000000002,False,False,selected_for_strict_replay
a7o_l1_C0282_1357,C0282,1357,H14_open_ast_cem_diversity,P1_range_volatility,TSStdZScore,mixed_12_48,same_symbol_zscore,Core4,low_turnover,F1_high_realized_vol,hl_range,volatility,"SafeDiv(TSMean(ResidualizeVsCore4(Mul(ZScore(TSMean(hl_range,8)),ZScore(TSStd(hl_range,48)))),16),Clip(Abs(TSMean(hl_range,20)),0.05,4.0))",072cae39a8e53516,24,generated_candidate,original,0.20450000000000002,False,False,selected_for_strict_replay
a7o_l1_C0283_2036,C0283,2036,H15_placebo_null_adversarial,P9_price_basis,SubRank,H12,same_symbol_rank,FundingCore,medium_turnover,F0_calendar_blocks,mark_index_ratio;ret_6,basis;price,"Neg(Clip(ResidualizeVsFundingCore(RegimeMaskNonMay(F3_high_liquidity_high_vol,Sub(Sub(Rank(TSMean(ret_6,12)),Rank(TSMean(mark_index_ratio,20))),Rank(TSMean(ret_6,3))))),-4.0,4.0))",e22c2279979b3d37,12,placebo,row_shuffle,0.2992,False,False,selected_for_strict_replay
a7o_l1_C0283_0181,C0283,181,H15_placebo_null_adversarial,P9_price_basis,SubRank,H12,same_symbol_rank,FundingCore,medium_turnover,F0_calendar_blocks,premium_index;ret_6,basis;price,"Neg(Clip(ResidualizeVsFundingCore(RegimeMaskNonMay(F5_funding_neutral,Add(Sub(Rank(TSMean(ret_6,20)),Rank(TSMean(premium_index,3))),ZScore(TSMean(premium_index,10))))),-4.0,4.0))",9a6408a2b9fc085c,12,placebo,row_shuffle,0.2872,False,False,selected_for_strict_replay
a7o_l1_C0283_0180,C0283,180,H15_placebo_null_adversarial,P9_price_basis,SubRank,H12,same_symbol_rank,FundingCore,medium_turnover,F0_calendar_blocks,mark_index_ratio;ret_6,basis;price,"Neg(Clip(ResidualizeVsFundingCore(RegimeMaskNonMay(F3_high_liquidity_high_vol,Sub(Sub(Rank(TSMean(ret_6,3)),Rank(TSMean(mark_index_ratio,6))),Rank(TSMean(ret_6,4))))),-4.0,4.0))",c5ee13c04e7819f1,12,placebo,random_noise,0.2862,False,False,selected_for_strict_replay
a7o_l1_C0283_0373,C0283,373,H15_placebo_null_adversarial,P9_price_basis,SubRank,H12,same_symbol_rank,FundingCore,medium_turnover,F0_calendar_blocks,premium_index;ret_6,basis;price,"Neg(Clip(ResidualizeVsFundingCore(RegimeMaskNonMay(F5_funding_neutral,Add(Sub(Rank(TSMean(ret_6,4)),Rank(TSMean(premium_index,8))),ZScore(TSMean(premium_index,60))))),-4.0,4.0))",8f29658cfb0d90bb,12,placebo,sign_flip,0.2852,False,False,selected_for_strict_replay
a7o_l1_C0283_0372,C0283,372,H15_placebo_null_adversarial,P9_price_basis,SubRank,H12,same_symbol_rank,FundingCore,medium_turnover,F0_calendar_blocks,mark_index_ratio;ret_6,basis;price,"Neg(Clip(ResidualizeVsFundingCore(RegimeMaskNonMay(F3_high_liquidity_high_vol,Sub(Sub(Rank(TSMean(ret_6,8)),Rank(TSMean(mark_index_ratio,12))),Rank(TSMean(ret_6,24))))),-4.0,4.0))",1e989b2b46f05557,12,placebo,time_shuffle,0.2842,False,False,selected_for_strict_replay
a7o_l1_C0283_0565,C0283,565,H15_placebo_null_adversarial,P9_price_basis,SubRank,H12,same_symbol_rank,FundingCore,medium_turnover,F0_calendar_blocks,premium_index;ret_6,basis;price,"Neg(Clip(ResidualizeVsFundingCore(RegimeMaskNonMay(F5_funding_neutral,Add(Sub(Rank(TSMean(ret_6,10)),Rank(TSMean(premium_index,16))),ZScore(TSMean(premium_index,10))))),-4.0,4.0))",b2f0b811a8e893ba,12,placebo,random_noise,0.2832,False,False,selected_for_strict_replay
a7o_l1_C0283_0564,C0283,564,H15_placebo_null_adversarial,P9_price_basis,SubRank,H12,same_symbol_rank,FundingCore,medium_turnover,F0_calendar_blocks,mark_index_ratio;ret_6,basis;price,"Neg(Clip(ResidualizeVsFundingCore(RegimeMaskNonMay(F3_high_liquidity_high_vol,Sub(Sub(Rank(TSMean(ret_6,16)),Rank(TSMean(mark_index_ratio,24))),Rank(TSMean(ret_6,36))))),-4.0,4.0))",c2b3f82fb26c9b79,12,placebo,wrong_lag_stale_24h,0.2822,False,False,selected_for_strict_replay
a7o_l1_C0283_0756,C0283,756,H15_placebo_null_adversarial,P9_price_basis,SubRank,H12,same_symbol_rank,FundingCore,medium_turnover,F0_calendar_blocks,mark_index_ratio;ret_6,basis;price,"Neg(Clip(ResidualizeVsFundingCore(RegimeMaskNonMay(F3_high_liquidity_high_vol,Sub(Sub(Rank(TSMean(ret_6,3)),Rank(TSMean(mark_index_ratio,6))),Rank(TSMean(ret_6,10))))),-4.0,4.0))",67e31974aec9e8eb,12,placebo,row_shuffle,0.2802,False,False,selected_for_strict_replay
a7o_l1_C0283_0096,C0283,96,H15_placebo_null_adversarial,P9_price_basis,SubRank,H12,same_symbol_rank,FundingCore,medium_turnover,F0_calendar_blocks,mark_index_ratio;ret_6,basis;price,"Neg(Clip(ResidualizeVsFundingCore(Mul(Neg(Rank(TSMean(mark_index_ratio,4))),Sub(Rank(TSMean(mark_index_ratio,16)),Rank(TSMean(ret_6,24))))),-4.0,4.0))",d7ab82112a59f2c6,12,placebo,row_shuffle,0.2792,False,False,selected_for_strict_replay
a7o_l1_C0283_0387,C0283,387,H15_placebo_null_adversarial,P9_price_basis,SubRank,H12,same_symbol_rank,FundingCore,medium_turnover,F0_calendar_blocks,premium_index;ret_6,basis;price,"Neg(Clip(ResidualizeVsFundingCore(Clip(Sub(Rank(TSMean(ret_6,3)),Rank(TSMean(premium_index,6))),-4.0,4.0)),-4.0,4.0))",2cd73a4857a5c65c,12,placebo,time_shuffle,0.2792,False,False,selected_for_strict_replay
a7o_l1_C0283_0484,C0283,484,H15_placebo_null_adversarial,P9_price_basis,SubRank,H12,same_symbol_rank,FundingCore,medium_turnover,F0_calendar_blocks,premium_index;ret_6,basis;price,"Neg(Clip(ResidualizeVsFundingCore(SafeDiv(Sub(Sub(Rank(TSMean(premium_index,10)),Rank(TSMean(ret_6,16))),Rank(TSMean(premium_index,36))),Clip(Abs(TSRank(ret_6,72)),0.05,2.25))),-4.0,4.0))",82a0ad5fe6981651,12,placebo,wrong_lag_stale_24h,0.2792,False,False,selected_for_strict_replay
a7o_l1_C0283_0775,C0283,775,H15_placebo_null_adversarial,P9_price_basis,SubRank,H12,same_symbol_rank,FundingCore,medium_turnover,F0_calendar_blocks,premium_index;ret_12,basis;price,"Neg(Clip(ResidualizeVsFundingCore(SafeDiv(Sub(Rank(TSMean(ret_12,20)),Rank(TSMean(premium_index,3))),Clip(Abs(ZScore(TSStd(premium_index,10))),0.05,6.0))),-4.0,4.0))",2ea6404dda6a5850,12,placebo,random_noise,0.2792,False,False,selected_for_strict_replay
a7o_l1_C0283_0969,C0283,969,H15_placebo_null_adversarial,P9_price_basis,SubRank,H12,same_symbol_rank,FundingCore,medium_turnover,F0_calendar_blocks,mark_index_ratio;ret_12,basis;price,"Neg(Clip(ResidualizeVsFundingCore(Rank(Delta(Sub(Rank(TSMean(mark_index_ratio,16)),Rank(TSMean(ret_12,24))),72))),-4.0,4.0))",69228b825d167761,12,placebo,wrong_lag_stale_24h,0.2792,False,False,selected_for_strict_replay
a7o_l1_C0283_1066,C0283,1066,H15_placebo_null_adversarial,P9_price_basis,SubRank,H12,same_symbol_rank,FundingCore,medium_turnover,F0_calendar_blocks,mark_index_ratio;ret_6,basis;price,"Neg(Clip(ResidualizeVsFundingCore(Rank(SmoothInteraction(Sub(Rank(TSMean(ret_6,4)),Rank(TSMean(mark_index_ratio,8))),TSStd(ret_6,12)))),-4.0,4.0))",dd2b77c73d667e43,12,placebo,row_shuffle,0.2792,False,False,selected_for_strict_replay
a7o_l1_C0283_1357,C0283,1357,H15_placebo_null_adversarial,P9_price_basis,SubRank,H12,same_symbol_rank,FundingCore,medium_turnover,F0_calendar_blocks,premium_index;ret_12,basis;price,"Neg(Clip(ResidualizeVsFundingCore(Mul(ZScore(TSMean(premium_index,8)),Sub(Rank(TSMean(premium_index,10)),Rank(TSMean(ret_12,16))))),-4.0,4.0))",f4b88416c115d84a,12,placebo,time_shuffle,0.2792,False,False,selected_for_strict_replay
a7o_l1_C0283_1454,C0283,1454,H15_placebo_null_adversarial,P9_price_basis,SubRank,H12,same_symbol_rank,FundingCore,medium_turnover,F0_calendar_blocks,mark_index_ratio;ret_12,basis;price,"Neg(Clip(ResidualizeVsFundingCore(Mul(SafeDiv(ZScore(TSMean(ret_12,24)),Clip(Abs(ZScore(TSMean(mark_index_ratio,48))),0.05,3.0)),Sub(Rank(TSMean(ret_12,24)),Rank(TSMean(mark_index_ratio,4))))),-4.0,4.0))",be78f6860a9ee0ca,12,placebo,wrong_lag_stale_24h,0.2792,False,False,selected_for_strict_replay
a7o_l1_C0283_1745,C0283,1745,H15_placebo_null_adversarial,P9_price_basis,SubRank,H12,same_symbol_rank,FundingCore,medium_turnover,F0_calendar_blocks,premium_index;ret_12,basis;price,"Neg(Clip(ResidualizeVsFundingCore(SmoothInteraction(Sub(Rank(TSMean(ret_12,6)),Rank(TSMean(premium_index,10))),TSMean(premium_index,10))),-4.0,4.0))",4b3278e3147eb634,12,placebo,random_noise,0.2792,False,False,selected_for_strict_replay
a7o_l1_C0283_1842,C0283,1842,H15_placebo_null_adversarial,P9_price_basis,SubRank,H12,same_symbol_rank,FundingCore,medium_turnover,F0_calendar_blocks,premium_index;ret_6,basis;price,"Neg(Clip(ResidualizeVsFundingCore(CrossSymbolRank(Add(Sub(Rank(TSMean(premium_index,16)),Rank(TSMean(ret_6,24))),TSMean(premium_index,24)))),-4.0,4.0))",f1fd63da4a748655,12,placebo,time_shuffle,0.2792,False,False,selected_for_strict_replay
a7o_l1_C0283_0289,C0283,289,H15_placebo_null_adversarial,P9_price_basis,SubRank,H12,same_symbol_rank,FundingCore,medium_turnover,F0_calendar_blocks,mark_index_ratio;ret_12,basis;price,"Neg(Clip(ResidualizeVsFundingCore(Add(Abs(ZScore(TSStd(mark_index_ratio,72))),Sub(Rank(TSMean(mark_index_ratio,20)),Rank(TSMean(ret_12,3))))),-4.0,4.0))",71ac63f127e51958,12,placebo,wrong_lag_stale_24h,0.2782,False,False,selected_for_strict_replay
a7o_l1_C0283_0386,C0283,386,H15_placebo_null_adversarial,P9_price_basis,SubRank,H12,same_symbol_rank,FundingCore,medium_turnover,F0_calendar_blocks,mark_index_ratio;ret_6,basis;price,"Neg(Clip(ResidualizeVsFundingCore(ZScore(Decay(Sub(Rank(TSMean(ret_6,6)),Rank(TSMean(mark_index_ratio,10))),16))),-4.0,4.0))",b08bbc392213e644,12,placebo,row_shuffle,0.2782,False,False,selected_for_strict_replay
a7o_l1_C0283_0677,C0283,677,H15_placebo_null_adversarial,P9_price_basis,SubRank,H12,same_symbol_rank,FundingCore,medium_turnover,F0_calendar_blocks,premium_index;ret_12,basis;price,"Neg(Clip(ResidualizeVsFundingCore(RollingMax(Sub(Sub(Rank(TSMean(premium_index,12)),Rank(TSMean(ret_12,20))),ZScore(TSMean(premium_index,8))),10)),-4.0,4.0))",ff39af7759e20bde,12,placebo,time_shuffle,0.2782,False,False,selected_for_strict_replay
a7o_l1_C0283_0774,C0283,774,H15_placebo_null_adversarial,P9_price_basis,SubRank,H12,same_symbol_rank,FundingCore,medium_turnover,F0_calendar_blocks,mark_index_ratio;ret_12,basis;price,"Neg(Clip(ResidualizeVsFundingCore(Mul(Sub(Rank(TSMean(ret_12,3)),Rank(TSMean(mark_index_ratio,6))),Rank(TSStd(ret_12,24)))),-4.0,4.0))",27398549cd1371cb,12,placebo,wrong_lag_stale_24h,0.2782,False,False,selected_for_strict_replay
a7o_l1_C0283_0948,C0283,948,H15_placebo_null_adversarial,P9_price_basis,SubRank,H12,same_symbol_rank,FundingCore,medium_turnover,F0_calendar_blocks,mark_index_ratio;ret_6,basis;price,"Neg(Clip(ResidualizeVsFundingCore(RegimeMaskNonMay(F3_high_liquidity_high_vol,Sub(Sub(Rank(TSMean(ret_6,8)),Rank(TSMean(mark_index_ratio,12))),Rank(TSMean(ret_6,60))))),-4.0,4.0))",cc124ec8418f4ac9,12,placebo,sign_flip,0.2782,False,False,selected_for_strict_replay
a7o_l1_C0283_0968,C0283,968,H15_placebo_null_adversarial,P9_price_basis,SubRank,H12,same_symbol_rank,FundingCore,medium_turnover,F0_calendar_blocks,mark_index_ratio;ret_6,basis;price,"Neg(Clip(ResidualizeVsFundingCore(Sub(TSMean(Sub(Rank(TSMean(mark_index_ratio,24)),Rank(TSMean(ret_6,4))),24),TSMean(Sub(Rank(TSMean(mark_index_ratio,24)),Rank(TSMean(ret_6,4))),36))),-4.0,4.0))",fd9f66a06cb1343c,12,placebo,sign_flip,0.2782,False,False,selected_for_strict_replay
a7o_l1_C0284_2036,C0284,2036,H01_cross_symbol_relative_strength,P6_funding_observable,SmoothInteraction,mixed_12_48,cross_symbol_zscore,FundingCore,low_turnover,F0_calendar_blocks,funding_rate_z_24,funding,"CrossSymbolRank(TSMean(ResidualizeVsFundingCore(cross_symbol_zscore(RegimeMaskNonMay(F3_high_liquidity_high_vol,Sub(Mul(ZScore(TSMean(funding_rate_z_24,12)),Rank(TSMean(funding_rate_z_24,20))),Rank(TSMean(funding_rate_z_24,3)))))),16))",800491852531d0c5,12,generated_candidate,original,0.11699999999999999,False,False,selected_for_strict_replay
a7o_l1_C0284_0181,C0284,181,H01_cross_symbol_relative_strength,P6_funding_observable,SmoothInteraction,mixed_12_48,cross_symbol_zscore,FundingCore,low_turnover,F0_calendar_blocks,funding_rate_persistence_3,funding,"CrossSymbolRank(TSMean(ResidualizeVsFundingCore(cross_symbol_zscore(RegimeMaskNonMay(F5_funding_neutral,Add(Mul(ZScore(TSMean(funding_rate_persistence_3,20)),Rank(TSMean(funding_rate_persistence_3,3))),ZScore(TSMean(funding_rate_persistence_3,10)))))),10))",61fa048d7e3bb284,12,generated_candidate,original,0.10500000000000001,False,False,selected_for_strict_replay
a7o_l1_C0284_0180,C0284,180,H01_cross_symbol_relative_strength,P6_funding_observable,SmoothInteraction,mixed_12_48,cross_symbol_zscore,FundingCore,low_turnover,F0_calendar_blocks,funding_rate_persistence_3;funding_rate_z_24,funding,"CrossSymbolRank(TSMean(ResidualizeVsFundingCore(cross_symbol_zscore(RegimeMaskNonMay(F3_high_liquidity_high_vol,Sub(Mul(ZScore(TSMean(funding_rate_persistence_3,3)),Rank(TSMean(funding_rate_z_24,8))),Rank(TSMean(funding_rate_persistence_3,4)))))),4))",bf22bf522aed8b3f,6,generated_candidate,original,0.10400000000000001,False,False,selected_for_strict_replay
a7o_l1_C0284_0373,C0284,373,H01_cross_symbol_relative_strength,P6_funding_observable,SmoothInteraction,mixed_12_48,cross_symbol_zscore,FundingCore,low_turnover,F0_calendar_blocks,funding_rate_persistence_3;latest_known_funding_rate,funding,"CrossSymbolRank(TSMean(ResidualizeVsFundingCore(cross_symbol_zscore(RegimeMaskNonMay(F5_funding_neutral,Add(Mul(ZScore(TSMean(latest_known_funding_rate,16)),Rank(TSMean(funding_rate_persistence_3,24))),ZScore(TSMean(funding_rate_persistence_3,60)))))),24))",ef0371e1f3af833b,48,generated_candidate,original,0.10300000000000001,False,False,selected_for_strict_replay
a7o_l1_C0284_0372,C0284,372,H01_cross_symbol_relative_strength,P6_funding_observable,SmoothInteraction,mixed_12_48,cross_symbol_zscore,FundingCore,low_turnover,F0_calendar_blocks,funding_rate_z_24;latest_known_funding_rate,funding,"CrossSymbolRank(TSMean(ResidualizeVsFundingCore(cross_symbol_zscore(RegimeMaskNonMay(F3_high_liquidity_high_vol,Sub(Mul(ZScore(TSMean(latest_known_funding_rate,16)),Rank(TSMean(funding_rate_z_24,20))),Rank(TSMean(latest_known_funding_rate,24)))))),10))",3e753c21359e7c5d,24,generated_candidate,original,0.10200000000000001,False,False,selected_for_strict_replay
a7o_l1_C0284_0565,C0284,565,H01_cross_symbol_relative_strength,P6_funding_observable,SmoothInteraction,mixed_12_48,cross_symbol_zscore,FundingCore,low_turnover,F0_calendar_blocks,funding_rate_persistence_3;funding_rate_z_24,funding,"CrossSymbolRank(TSMean(ResidualizeVsFundingCore(cross_symbol_zscore(RegimeMaskNonMay(F5_funding_neutral,Add(Mul(ZScore(TSMean(funding_rate_z_24,3)),Rank(TSMean(funding_rate_persistence_3,8))),ZScore(TSMean(funding_rate_persistence_3,10)))))),6))",2dbae859a4b1d0bd,6,generated_candidate,original,0.101,False,False,selected_for_strict_replay
a7o_l1_C0284_0564,C0284,564,H01_cross_symbol_relative_strength,P6_funding_observable,SmoothInteraction,mixed_12_48,cross_symbol_zscore,FundingCore,low_turnover,F0_calendar_blocks,funding_rate_z_24,funding,"CrossSymbolRank(TSMean(ResidualizeVsFundingCore(cross_symbol_zscore(RegimeMaskNonMay(F3_high_liquidity_high_vol,Sub(Mul(ZScore(TSMean(funding_rate_z_24,60)),Rank(TSMean(funding_rate_z_24,96))),Rank(TSMean(funding_rate_z_24,36)))))),20))",54500420baf70f9a,72,generated_candidate,original,0.1,False,False,selected_for_strict_replay
a7o_l1_C0284_0757,C0284,757,H01_cross_symbol_relative_strength,P6_funding_observable,SmoothInteraction,mixed_12_48,cross_symbol_zscore,FundingCore,low_turnover,F0_calendar_blocks,funding_rate_z_24;latest_known_funding_rate,funding,"CrossSymbolRank(TSMean(ResidualizeVsFundingCore(cross_symbol_zscore(RegimeMaskNonMay(F5_funding_neutral,Add(Mul(ZScore(TSMean(latest_known_funding_rate,48)),Rank(TSMean(funding_rate_z_24,6))),ZScore(TSMean(funding_rate_z_24,10)))))),16))",901363dd18f7201c,24,generated_candidate,original,0.099,False,False,selected_for_strict_replay
a7o_l1_C0284_0756,C0284,756,H01_cross_symbol_relative_strength,P6_funding_observable,SmoothInteraction,mixed_12_48,cross_symbol_zscore,FundingCore,low_turnover,F0_calendar_blocks,latest_known_funding_rate,funding,"CrossSymbolRank(TSMean(ResidualizeVsFundingCore(cross_symbol_zscore(RegimeMaskNonMay(F3_high_liquidity_high_vol,Sub(Mul(ZScore(TSMean(latest_known_funding_rate,3)),Rank(TSMean(latest_known_funding_rate,6))),Rank(TSMean(latest_known_funding_rate,10)))))),4))",7a763c21f26a7f83,12,generated_candidate,original,0.098,False,False,selected_for_strict_replay
a7o_l1_C0284_0096,C0284,96,H01_cross_symbol_relative_strength,P6_funding_observable,SmoothInteraction,mixed_12_48,cross_symbol_zscore,FundingCore,low_turnover,F0_calendar_blocks,funding_rate_persistence_3;latest_known_funding_rate,funding,"CrossSymbolRank(TSMean(ResidualizeVsFundingCore(cross_symbol_zscore(Mul(Neg(Rank(TSMean(latest_known_funding_rate,4))),Mul(ZScore(TSMean(latest_known_funding_rate,16)),Rank(TSMean(funding_rate_persistence_3,24)))))),20))",c8dabdbce061b5e8,12,generated_candidate,original,0.097,False,False,selected_for_strict_replay
a7o_l1_C0284_0193,C0284,193,H01_cross_symbol_relative_strength,P6_funding_observable,SmoothInteraction,mixed_12_48,cross_symbol_zscore,FundingCore,low_turnover,F0_calendar_blocks,funding_rate_z_24,funding,"CrossSymbolRank(TSMean(ResidualizeVsFundingCore(cross_symbol_zscore(Rank(TSMean(Mul(ZScore(TSMean(funding_rate_z_24,16)),Rank(TSMean(funding_rate_z_24,24))),36)))),24))",33bc0c2e91c1ab8b,48,generated_candidate,original,0.097,False,False,selected_for_strict_replay
a7o_l1_C0284_0290,C0284,290,H01_cross_symbol_relative_strength,P6_funding_observable,SmoothInteraction,mixed_12_48,cross_symbol_zscore,FundingCore,low_turnover,F0_calendar_blocks,funding_rate_persistence_3;latest_known_funding_rate,funding,"CrossSymbolRank(TSMean(ResidualizeVsFundingCore(cross_symbol_zscore(Sub(Mul(ZScore(TSMean(funding_rate_persistence_3,3)),Rank(TSMean(latest_known_funding_rate,8))),Abs(ZScore(TSMean(latest_known_funding_rate,10)))))),48))",1df1ff73c239ba16,6,generated_candidate,original,0.097,False,False,selected_for_strict_replay
a7o_l1_C0284_0387,C0284,387,H01_cross_symbol_relative_strength,P6_funding_observable,SmoothInteraction,mixed_12_48,cross_symbol_zscore,FundingCore,low_turnover,F0_calendar_blocks,funding_rate_persistence_3;funding_rate_z_24,funding,"CrossSymbolRank(TSMean(ResidualizeVsFundingCore(cross_symbol_zscore(Clip(Mul(ZScore(TSMean(funding_rate_z_24,48)),Rank(TSMean(funding_rate_persistence_3,6))),-4.0,4.0))),60))",4cfa9858b7a33405,24,generated_candidate,original,0.097,False,False,selected_for_strict_replay
a7o_l1_C0284_0484,C0284,484,H01_cross_symbol_relative_strength,P6_funding_observable,SmoothInteraction,mixed_12_48,cross_symbol_zscore,FundingCore,low_turnover,F0_calendar_blocks,funding_rate_persistence_3;funding_rate_z_24,funding,"CrossSymbolRank(TSMean(ResidualizeVsFundingCore(cross_symbol_zscore(SafeDiv(Sub(Mul(ZScore(TSMean(funding_rate_z_24,60)),Rank(TSMean(funding_rate_persistence_3,96))),Rank(TSMean(funding_rate_z_24,36))),Clip(Abs(TSRank(funding_rate_persistence_3,72)),0.05,2.25)))),12))",24db0bbe0dccc757,72,generated_candidate,original,0.097,False,False,selected_for_strict_replay
a7o_l1_C0284_0581,C0284,581,H01_cross_symbol_relative_strength,P6_funding_observable,SmoothInteraction,mixed_12_48,cross_symbol_zscore,FundingCore,low_turnover,F0_calendar_blocks,funding_rate_persistence_3;funding_rate_z_24,funding,"CrossSymbolRank(TSMean(ResidualizeVsFundingCore(cross_symbol_zscore(Add(Mul(ZScore(TSMean(funding_rate_persistence_3,24)),Rank(TSMean(funding_rate_z_24,4))),ZScore(TSMean(funding_rate_z_24,12))))),10))",0f0d49b7aec7b9c9,12,generated_candidate,original,0.097,False,False,selected_for_strict_replay
a7o_l1_C0284_0678,C0284,678,H01_cross_symbol_relative_strength,P6_funding_observable,SmoothInteraction,mixed_12_48,cross_symbol_zscore,FundingCore,low_turnover,F0_calendar_blocks,funding_rate_z_24;latest_known_funding_rate,funding,"CrossSymbolRank(TSMean(ResidualizeVsFundingCore(cross_symbol_zscore(RollingMin(Add(Mul(ZScore(TSMean(funding_rate_z_24,24)),Rank(TSMean(latest_known_funding_rate,36))),Rank(TSMean(latest_known_funding_rate,12))),60))),30))",6043d95d076d538d,48,generated_candidate,original,0.097,False,False,selected_for_strict_replay
a7o_l1_C0284_0775,C0284,775,H01_cross_symbol_relative_strength,P6_funding_observable,SmoothInteraction,mixed_12_48,cross_symbol_zscore,FundingCore,low_turnover,F0_calendar_blocks,funding_rate_persistence_3,funding,"CrossSymbolRank(TSMean(ResidualizeVsFundingCore(cross_symbol_zscore(SafeDiv(Mul(ZScore(TSMean(funding_rate_persistence_3,3)),Rank(TSMean(funding_rate_persistence_3,8))),Clip(Abs(ZScore(TSStd(funding_rate_persistence_3,10))),0.05,6.0)))),24))",3e8e763bebbd28c9,6,generated_candidate,original,0.097,False,False,selected_for_strict_replay
a7o_l1_C0284_0872,C0284,872,H01_cross_symbol_relative_strength,P6_funding_observable,SmoothInteraction,mixed_12_48,cross_symbol_zscore,FundingCore,low_turnover,F0_calendar_blocks,funding_rate_persistence_3,funding,"CrossSymbolRank(TSMean(ResidualizeVsFundingCore(cross_symbol_zscore(TSRank(Sub(TSMean(Mul(ZScore(TSMean(funding_rate_persistence_3,16)),Rank(TSMean(funding_rate_persistence_3,20))),24),TSMean(funding_rate_persistence_3,30)),36))),8))",c5577750708d55cd,24,generated_candidate,original,0.097,False,False,selected_for_strict_replay
a7o_l1_C0284_0949,C0284,949,H01_cross_symbol_relative_strength,P6_funding_observable,SmoothInteraction,mixed_12_48,cross_symbol_zscore,FundingCore,low_turnover,F0_calendar_blocks,funding_rate_z_24,funding,"CrossSymbolRank(TSMean(ResidualizeVsFundingCore(cross_symbol_zscore(RegimeMaskNonMay(F5_funding_neutral,Add(Mul(ZScore(TSMean(funding_rate_z_24,48)),Rank(TSMean(funding_rate_z_24,84))),ZScore(TSMean(funding_rate_z_24,60)))))),36))",f6a8cfef4ab2331f,72,generated_candidate,original,0.097,False,False,selected_for_strict_replay
a7o_l1_C0284_0969,C0284,969,H01_cross_symbol_relative_strength,P6_funding_observable,SmoothInteraction,mixed_12_48,cross_symbol_zscore,FundingCore,low_turnover,F0_calendar_blocks,funding_rate_z_24,funding,"CrossSymbolRank(TSMean(ResidualizeVsFundingCore(cross_symbol_zscore(Rank(Delta(Mul(ZScore(TSMean(funding_rate_z_24,96)),Rank(TSMean(funding_rate_z_24,36))),72)))),36))",d4fcf248e8493a51,72,generated_candidate,original,0.097,False,False,selected_for_strict_replay
a7o_l1_C0284_1066,C0284,1066,H01_cross_symbol_relative_strength,P6_funding_observable,SmoothInteraction,mixed_12_48,cross_symbol_zscore,FundingCore,low_turnover,F0_calendar_blocks,funding_rate_persistence_3;latest_known_funding_rate,funding,"CrossSymbolRank(TSMean(ResidualizeVsFundingCore(cross_symbol_zscore(Rank(SmoothInteraction(Mul(ZScore(TSMean(funding_rate_persistence_3,4)),Rank(TSMean(latest_known_funding_rate,8))),TSStd(funding_rate_persistence_3,12))))),20))",b77689e1bef93ab4,12,generated_candidate,original,0.097,False,False,selected_for_strict_replay
a7o_l1_C0284_1163,C0284,1163,H01_cross_symbol_relative_strength,P6_funding_observable,SmoothInteraction,mixed_12_48,cross_symbol_zscore,FundingCore,low_turnover,F0_calendar_blocks,funding_rate_persistence_3;latest_known_funding_rate,funding,"CrossSymbolRank(TSMean(ResidualizeVsFundingCore(cross_symbol_zscore(WinsorZScore(Mul(ZScore(TSMean(latest_known_funding_rate,36)),Rank(TSMean(funding_rate_persistence_3,60))),3.0))),60))",0cea83ab99f9ff43,48,generated_candidate,original,0.097,False,False,selected_for_strict_replay
a7o_l1_C0284_1260,C0284,1260,H01_cross_symbol_relative_strength,P6_funding_observable,SmoothInteraction,mixed_12_48,cross_symbol_zscore,FundingCore,low_turnover,F0_calendar_blocks,funding_rate_persistence_3;funding_rate_z_24,funding,"CrossSymbolRank(TSMean(ResidualizeVsFundingCore(cross_symbol_zscore(Sub(WinsorZScore(TSMean(funding_rate_persistence_3,4),1.25),WinsorZScore(TSMean(funding_rate_z_24,10),1.25)))),4))",0df339ac6a3adfa8,6,generated_candidate,original,0.097,False,False,selected_for_strict_replay
a7o_l1_C0284_1357,C0284,1357,H01_cross_symbol_relative_strength,P6_funding_observable,SmoothInteraction,mixed_12_48,cross_symbol_zscore,FundingCore,low_turnover,F0_calendar_blocks,funding_rate_persistence_3;funding_rate_z_24,funding,"CrossSymbolRank(TSMean(ResidualizeVsFundingCore(cross_symbol_zscore(Mul(ZScore(TSMean(funding_rate_persistence_3,8)),Mul(ZScore(TSMean(funding_rate_persistence_3,48)),Rank(TSMean(funding_rate_z_24,6)))))),16))",06b08c7090e14c01,24,generated_candidate,original,0.097,False,False,selected_for_strict_replay
a7o_l1_C0285_0181,C0285,181,H15_placebo_null_adversarial,P7_cross_symbol_relative,WinsorZScore,H6,cross_symbol_rank,Core4,medium_turnover,F5_funding_neutral,cs_z_premium_index;cs_z_ret_6,basis;price,"Neg(Clip(ResidualizeVsCore4(cross_symbol_rank(RegimeMaskNonMay(F5_funding_neutral,Add(WinsorZScore(TSMean(cs_z_premium_index,3),2.0),ZScore(TSMean(cs_z_ret_6,10)))))),-4.0,4.0))",e0dd6ef95e424aa2,6,placebo,row_shuffle,0.28400000000000003,False,False,selected_for_strict_replay
a7o_l1_C0285_0180,C0285,180,H15_placebo_null_adversarial,P7_cross_symbol_relative,WinsorZScore,H6,cross_symbol_rank,Core4,medium_turnover,F5_funding_neutral,cs_z_premium_index;cs_z_taker_imbalance,basis;flow,"Neg(Clip(ResidualizeVsCore4(cross_symbol_rank(RegimeMaskNonMay(F3_high_liquidity_high_vol,Sub(WinsorZScore(TSMean(cs_z_premium_index,3),1.5),Rank(TSMean(cs_z_premium_index,4)))))),-4.0,4.0))",d706267fb945b4a1,6,placebo,random_noise,0.28300000000000003,False,False,selected_for_strict_replay
a7o_l1_C0285_0373,C0285,373,H15_placebo_null_adversarial,P7_cross_symbol_relative,WinsorZScore,H6,cross_symbol_rank,Core4,medium_turnover,F5_funding_neutral,cs_z_premium_index;cs_z_ret_12,basis;price,"Neg(Clip(ResidualizeVsCore4(cross_symbol_rank(RegimeMaskNonMay(F5_funding_neutral,Add(WinsorZScore(TSMean(cs_z_premium_index,3),3.0),ZScore(TSMean(cs_z_ret_12,60)))))),-4.0,4.0))",1d923b71e88cc39e,6,placebo,sign_flip,0.28200000000000003,False,False,selected_for_strict_replay
a7o_l1_C0285_0372,C0285,372,H15_placebo_null_adversarial,P7_cross_symbol_relative,WinsorZScore,H6,cross_symbol_rank,Core4,medium_turnover,F5_funding_neutral,cs_z_premium_index;cs_z_ret_6,basis;price,"Neg(Clip(ResidualizeVsCore4(cross_symbol_rank(RegimeMaskNonMay(F3_high_liquidity_high_vol,Sub(WinsorZScore(TSMean(cs_z_premium_index,3),2.5),Rank(TSMean(cs_z_premium_index,24)))))),-4.0,4.0))",1d4e8fc5a27c3444,6,placebo,time_shuffle,0.281,False,False,selected_for_strict_replay
a7o_l1_C0285_0565,C0285,565,H15_placebo_null_adversarial,P7_cross_symbol_relative,WinsorZScore,H6,cross_symbol_rank,Core4,medium_turnover,F5_funding_neutral,cs_z_ret_6;cs_z_taker_imbalance,flow;price,"Neg(Clip(ResidualizeVsCore4(cross_symbol_rank(RegimeMaskNonMay(F5_funding_neutral,Add(WinsorZScore(TSMean(cs_z_ret_6,3),1.5),ZScore(TSMean(cs_z_taker_imbalance,10)))))),-4.0,4.0))",c907371754130003,6,placebo,random_noise,0.28,False,False,selected_for_strict_replay
a7o_l1_C0285_0564,C0285,564,H15_placebo_null_adversarial,P7_cross_symbol_relative,WinsorZScore,H6,cross_symbol_rank,Core4,medium_turnover,F5_funding_neutral,cs_z_premium_index;cs_z_taker_imbalance,basis;flow,"Neg(Clip(ResidualizeVsCore4(cross_symbol_rank(RegimeMaskNonMay(F3_high_liquidity_high_vol,Sub(WinsorZScore(TSMean(cs_z_taker_imbalance,3),4.0),Rank(TSMean(cs_z_taker_imbalance,36)))))),-4.0,4.0))",b34bb5333b17f1a3,6,placebo,wrong_lag_stale_24h,0.279,False,False,selected_for_strict_replay
a7o_l1_C0285_0757,C0285,757,H15_placebo_null_adversarial,P7_cross_symbol_relative,WinsorZScore,H6,cross_symbol_rank,Core4,medium_turnover,F5_funding_neutral,cs_z_mark_index_ratio;cs_z_ret_12,basis;price,"Neg(Clip(ResidualizeVsCore4(cross_symbol_rank(RegimeMaskNonMay(F5_funding_neutral,Add(WinsorZScore(TSMean(cs_z_ret_12,3),2.5),ZScore(TSMean(cs_z_mark_index_ratio,10)))))),-4.0,4.0))",64b474f7f9998557,6,placebo,time_shuffle,0.278,False,False,selected_for_strict_replay
a7o_l1_C0285_0193,C0285,193,H15_placebo_null_adversarial,P7_cross_symbol_relative,WinsorZScore,H6,cross_symbol_rank,Core4,medium_turnover,F5_funding_neutral,cs_z_mark_index_ratio;cs_z_ret_6,basis;price,"Neg(Clip(ResidualizeVsCore4(cross_symbol_rank(Rank(TSMean(WinsorZScore(TSMean(cs_z_ret_6,3),3.0),36)))),-4.0,4.0))",8f30796f3252fcd7,6,placebo,sign_flip,0.276,False,False,selected_for_strict_replay
a7o_l1_C0285_0290,C0285,290,H15_placebo_null_adversarial,P7_cross_symbol_relative,WinsorZScore,H6,cross_symbol_rank,Core4,medium_turnover,F5_funding_neutral,cs_z_mark_index_ratio;cs_z_taker_imbalance,basis;flow,"Neg(Clip(ResidualizeVsCore4(cross_symbol_rank(Sub(WinsorZScore(TSMean(cs_z_taker_imbalance,3),1.5),Abs(ZScore(TSMean(cs_z_mark_index_ratio,10)))))),-4.0,4.0))",50bbea2b138408d1,6,placebo,random_noise,0.276,False,False,selected_for_strict_replay
a7o_l1_C0285_0484,C0285,484,H15_placebo_null_adversarial,P7_cross_symbol_relative,WinsorZScore,H6,cross_symbol_rank,Core4,medium_turnover,F5_funding_neutral,cs_z_mark_index_ratio;cs_z_ret_6,basis;price,"Neg(Clip(ResidualizeVsCore4(cross_symbol_rank(SafeDiv(Sub(WinsorZScore(TSMean(cs_z_ret_6,3),4.0),Rank(TSMean(cs_z_ret_6,36))),Clip(Abs(TSRank(cs_z_mark_index_ratio,72)),0.05,2.25)))),-4.0,4.0))",7252fe5de49d6f16,6,placebo,wrong_lag_stale_24h,0.276,False,False,selected_for_strict_replay
a7o_l1_C0285_0581,C0285,581,H15_placebo_null_adversarial,P7_cross_symbol_relative,WinsorZScore,H6,cross_symbol_rank,Core4,medium_turnover,F5_funding_neutral,cs_z_mark_index_ratio;cs_z_taker_imbalance,basis;flow,"Neg(Clip(ResidualizeVsCore4(cross_symbol_rank(Add(WinsorZScore(TSMean(cs_z_taker_imbalance,3),2.0),ZScore(TSMean(cs_z_mark_index_ratio,12))))),-4.0,4.0))",fbeec99b86f3096f,6,placebo,row_shuffle,0.276,False,False,selected_for_strict_replay
a7o_l1_C0285_0775,C0285,775,H15_placebo_null_adversarial,P7_cross_symbol_relative,WinsorZScore,H6,cross_symbol_rank,Core4,medium_turnover,F5_funding_neutral,cs_z_mark_index_ratio;cs_z_ret_12,basis;price,"Neg(Clip(ResidualizeVsCore4(cross_symbol_rank(SafeDiv(WinsorZScore(TSMean(cs_z_ret_12,3),1.5),Clip(Abs(ZScore(TSStd(cs_z_mark_index_ratio,10))),0.05,6.0)))),-4.0,4.0))",a6b2fc5fd45f61c8,6,placebo,random_noise,0.276,False,False,selected_for_strict_replay
a7o_l1_C0285_0872,C0285,872,H15_placebo_null_adversarial,P7_cross_symbol_relative,WinsorZScore,H6,cross_symbol_rank,Core4,medium_turnover,F5_funding_neutral,cs_z_premium_index;cs_z_ret_6,basis;price,"Neg(Clip(ResidualizeVsCore4(cross_symbol_rank(TSRank(Sub(TSMean(WinsorZScore(TSMean(cs_z_premium_index,3),2.5),24),TSMean(cs_z_premium_index,30)),36))),-4.0,4.0))",28beef1695b1ef6b,6,placebo,time_shuffle,0.276,False,False,selected_for_strict_replay
a7o_l1_C0285_0949,C0285,949,H15_placebo_null_adversarial,P7_cross_symbol_relative,WinsorZScore,H6,cross_symbol_rank,Core4,medium_turnover,F5_funding_neutral,cs_z_premium_index;cs_z_ret_12,basis;price,"Neg(Clip(ResidualizeVsCore4(cross_symbol_rank(RegimeMaskNonMay(F5_funding_neutral,Add(WinsorZScore(TSMean(cs_z_ret_12,3),4.0),ZScore(TSMean(cs_z_premium_index,60)))))),-4.0,4.0))",164b3fe2072694bb,6,placebo,wrong_lag_stale_24h,0.276,False,False,selected_for_strict_replay
a7o_l1_C0285_1163,C0285,1163,H15_placebo_null_adversarial,P7_cross_symbol_relative,WinsorZScore,H6,cross_symbol_rank,Core4,medium_turnover,F5_funding_neutral,cs_z_premium_index;cs_z_ret_6,basis;price,"Neg(Clip(ResidualizeVsCore4(cross_symbol_rank(WinsorZScore(WinsorZScore(TSMean(cs_z_premium_index,3),3.0),3.0))),-4.0,4.0))",35617f793638490f,6,placebo,sign_flip,0.276,False,False,selected_for_strict_replay
a7o_l1_C0285_1260,C0285,1260,H15_placebo_null_adversarial,P7_cross_symbol_relative,WinsorZScore,H6,cross_symbol_rank,Core4,medium_turnover,F5_funding_neutral,cs_z_mark_index_ratio;cs_z_ret_6,basis;price,"Neg(Clip(ResidualizeVsCore4(cross_symbol_rank(Sub(WinsorZScore(TSMean(cs_z_mark_index_ratio,4),1.25),WinsorZScore(TSMean(cs_z_ret_6,10),1.25)))),-4.0,4.0))",71f6a98976e8095b,6,placebo,random_noise,0.276,False,False,selected_for_strict_replay
a7o_l1_C0285_1454,C0285,1454,H15_placebo_null_adversarial,P7_cross_symbol_relative,WinsorZScore,H6,cross_symbol_rank,Core4,medium_turnover,F5_funding_neutral,cs_z_premium_index;cs_z_ret_6,basis;price,"Neg(Clip(ResidualizeVsCore4(cross_symbol_rank(Mul(SafeDiv(ZScore(TSMean(cs_z_premium_index,24)),Clip(Abs(ZScore(TSMean(cs_z_ret_6,48))),0.05,3.0)),WinsorZScore(TSMean(cs_z_premium_index,3),4.0)))),-4.0,4.0))",c44a4e2c79661a1b,6,placebo,wrong_lag_stale_24h,0.276,False,False,selected_for_strict_replay
a7o_l1_C0285_1551,C0285,1551,H15_placebo_null_adversarial,P7_cross_symbol_relative,WinsorZScore,H6,cross_symbol_rank,Core4,medium_turnover,F5_funding_neutral,cs_z_mark_index_ratio;cs_z_ret_6,basis;price,"Neg(Clip(ResidualizeVsCore4(cross_symbol_rank(Abs(Sub(WinsorZScore(TSMean(cs_z_mark_index_ratio,3),2.0),ZScore(TSMean(cs_z_mark_index_ratio,20)))))),-4.0,4.0))",8830adaa3773635a,6,placebo,row_shuffle,0.276,False,False,selected_for_strict_replay
a7o_l1_C0285_1648,C0285,1648,H15_placebo_null_adversarial,P7_cross_symbol_relative,WinsorZScore,H6,cross_symbol_rank,Core4,medium_turnover,F5_funding_neutral,cs_z_premium_index;cs_z_taker_imbalance,basis;flow,"Neg(Clip(ResidualizeVsCore4(cross_symbol_rank(ResidualizeVsFundingCore(Add(WinsorZScore(TSMean(cs_z_taker_imbalance,3),3.0),Rank(TSMean(cs_z_taker_imbalance,20)))))),-4.0,4.0))",174cde830f84585f,6,placebo,sign_flip,0.276,False,False,selected_for_strict_replay
a7o_l1_C0285_1842,C0285,1842,H15_placebo_null_adversarial,P7_cross_symbol_relative,WinsorZScore,H6,cross_symbol_rank,Core4,medium_turnover,F5_funding_neutral,cs_z_premium_index;cs_z_ret_12,basis;price,"Neg(Clip(ResidualizeVsCore4(CrossSymbolRank(Add(WinsorZScore(TSMean(cs_z_ret_12,3),2.5),TSMean(cs_z_ret_12,24)))),-4.0,4.0))",f7f4af16a8393e3e,6,placebo,time_shuffle,0.276,False,False,selected_for_strict_replay
a7o_l1_C0285_1939,C0285,1939,H15_placebo_null_adversarial,P7_cross_symbol_relative,WinsorZScore,H6,cross_symbol_rank,Core4,medium_turnover,F5_funding_neutral,cs_z_premium_index;cs_z_taker_imbalance,basis;flow,"Neg(Clip(ResidualizeVsCore4(cross_symbol_rank(RollingMin(RollingMax(WinsorZScore(TSMean(cs_z_taker_imbalance,3),4.0),48),84))),-4.0,4.0))",130158f288d4eb16,6,placebo,wrong_lag_stale_24h,0.276,False,False,selected_for_strict_replay
a7o_l1_C0285_0095,C0285,95,H15_placebo_null_adversarial,P7_cross_symbol_relative,WinsorZScore,H6,cross_symbol_rank,Core4,medium_turnover,F5_funding_neutral,cs_z_mark_index_ratio;cs_z_ret_12,basis;price,"Neg(Clip(ResidualizeVsCore4(cross_symbol_rank(ZScore(Sub(TSMean(WinsorZScore(TSMean(cs_z_mark_index_ratio,3),1.5),4),Decay(cs_z_ret_12,10))))),-4.0,4.0))",43e0ce62b11c83f8,6,placebo,random_noise,0.275,False,False,selected_for_strict_replay
a7o_l1_C0285_0289,C0285,289,H15_placebo_null_adversarial,P7_cross_symbol_relative,WinsorZScore,H6,cross_symbol_rank,Core4,medium_turnover,F5_funding_neutral,cs_z_premium_index;cs_z_ret_12,basis;price,"Neg(Clip(ResidualizeVsCore4(cross_symbol_rank(Add(Abs(ZScore(TSStd(cs_z_premium_index,72))),WinsorZScore(TSMean(cs_z_premium_index,3),4.0)))),-4.0,4.0))",25cecc17898e80e9,6,placebo,wrong_lag_stale_24h,0.275,False,False,selected_for_strict_replay
a7o_l1_C0285_0386,C0285,386,H15_placebo_null_adversarial,P7_cross_symbol_relative,WinsorZScore,H6,cross_symbol_rank,Core4,medium_turnover,F5_funding_neutral,cs_z_mark_index_ratio;cs_z_ret_12,basis;price,"Neg(Clip(ResidualizeVsCore4(cross_symbol_rank(ZScore(Decay(WinsorZScore(TSMean(cs_z_mark_index_ratio,3),2.0),16)))),-4.0,4.0))",5974e70b9717e4c9,6,placebo,row_shuffle,0.275,False,False,selected_for_strict_replay
a7o_l1_C0286_1648,C0286,1648,H11_regime_conditional_non_may,P7_cross_symbol_relative,TSMeanRank,H48,cross_symbol_zscore,none,low_turnover,F1_high_realized_vol,cs_z_premium_index;cs_z_taker_imbalance,basis;flow,"RegimeMaskNonMay(F1_high_realized_vol,TSMean(cross_symbol_zscore(ResidualizeVsFundingCore(Add(Rank(TSMean(cs_z_taker_imbalance,60)),Rank(TSMean(cs_z_taker_imbalance,20))))),24))",d3558f00e335ae23,48,generated_candidate,original,0.29680000000000006,False,False,selected_for_strict_replay
a7o_l1_C0286_1841,C0286,1841,H11_regime_conditional_non_may,P7_cross_symbol_relative,TSMeanRank,H48,cross_symbol_zscore,none,low_turnover,F1_high_realized_vol,cs_z_mark_index_ratio;cs_z_ret_12,basis;price,"RegimeMaskNonMay(F1_high_realized_vol,TSMean(cross_symbol_zscore(ResidualizeVsCore4(Sub(Rank(TSMean(cs_z_ret_12,72)),ZScore(TSMean(cs_z_mark_index_ratio,12))))),10))",a2688826eb04f736,48,generated_candidate,original,0.29580000000000006,False,False,selected_for_strict_replay
a7o_l1_C0286_2033,C0286,2033,H11_regime_conditional_non_may,P7_cross_symbol_relative,TSMeanRank,H48,cross_symbol_zscore,none,low_turnover,F1_high_realized_vol,cs_z_mark_index_ratio;cs_z_ret_6,basis;price,"RegimeMaskNonMay(F1_high_realized_vol,TSMean(cross_symbol_zscore(ResidualizeVsCore4(Sub(Rank(TSMean(cs_z_mark_index_ratio,20)),ZScore(TSMean(cs_z_ret_6,72))))),24))",00c4b7e58d0f5ef5,48,generated_candidate,original,0.29380000000000006,False,False,selected_for_strict_replay
a7o_l1_C0286_2032,C0286,2032,H11_regime_conditional_non_may,P7_cross_symbol_relative,TSMeanRank,H48,cross_symbol_zscore,none,low_turnover,F1_high_realized_vol,cs_z_mark_index_ratio;cs_z_taker_imbalance,basis;flow,"RegimeMaskNonMay(F1_high_realized_vol,TSMean(cross_symbol_zscore(ResidualizeVsFundingCore(Add(Rank(TSMean(cs_z_mark_index_ratio,30)),Rank(TSMean(cs_z_mark_index_ratio,24))))),12))",661b412df2108c19,48,generated_candidate,original,0.29280000000000006,False,False,selected_for_strict_replay
a7o_l1_C0286_0177,C0286,177,H11_regime_conditional_non_may,P7_cross_symbol_relative,TSMeanRank,H48,cross_symbol_zscore,none,low_turnover,F1_high_realized_vol,cs_z_mark_index_ratio;cs_z_ret_12,basis;price,"RegimeMaskNonMay(F1_high_realized_vol,TSMean(cross_symbol_zscore(ResidualizeVsCore4(Sub(Rank(TSMean(cs_z_mark_index_ratio,48)),ZScore(TSMean(cs_z_ret_12,10))))),16))",422aaf442dd689d6,48,generated_candidate,original,0.28080000000000005,False,False,selected_for_strict_replay
a7o_l1_C0286_0176,C0286,176,H11_regime_conditional_non_may,P7_cross_symbol_relative,TSMeanRank,H48,cross_symbol_zscore,none,low_turnover,F1_high_realized_vol,cs_z_mark_index_ratio;cs_z_ret_6,basis;price,"RegimeMaskNonMay(F1_high_realized_vol,TSMean(cross_symbol_zscore(ResidualizeVsFundingCore(Add(Rank(TSMean(cs_z_mark_index_ratio,72)),Rank(TSMean(cs_z_mark_index_ratio,8))))),3))",838dccf3b319e919,48,generated_candidate,original,0.27980000000000005,False,False,selected_for_strict_replay
a7o_l1_C0286_0368,C0286,368,H11_regime_conditional_non_may,P7_cross_symbol_relative,TSMeanRank,H48,cross_symbol_zscore,none,low_turnover,F1_high_realized_vol,cs_z_mark_index_ratio;cs_z_ret_12,basis;price,"RegimeMaskNonMay(F1_high_realized_vol,TSMean(cross_symbol_zscore(ResidualizeVsFundingCore(Add(Rank(TSMean(cs_z_mark_index_ratio,20)),Rank(TSMean(cs_z_mark_index_ratio,48))))),8))",28b8bc1d2f5ff4eb,48,generated_candidate,original,0.27780000000000005,False,False,selected_for_strict_replay
a7o_l1_C0286_0561,C0286,561,H11_regime_conditional_non_may,P7_cross_symbol_relative,TSMeanRank,H48,cross_symbol_zscore,none,low_turnover,F1_high_realized_vol,cs_z_ret_6;cs_z_taker_imbalance,flow;price,"RegimeMaskNonMay(F1_high_realized_vol,TSMean(cross_symbol_zscore(ResidualizeVsCore4(Sub(Rank(TSMean(cs_z_taker_imbalance,24)),ZScore(TSMean(cs_z_ret_6,3))))),10))",3906306ac20933f6,48,generated_candidate,original,0.27680000000000005,False,False,selected_for_strict_replay
a7o_l1_C0286_0753,C0286,753,H11_regime_conditional_non_may,P7_cross_symbol_relative,TSMeanRank,H48,cross_symbol_zscore,none,low_turnover,F1_high_realized_vol,cs_z_premium_index;cs_z_ret_6,basis;price,"RegimeMaskNonMay(F1_high_realized_vol,TSMean(cross_symbol_zscore(ResidualizeVsCore4(Sub(Rank(TSMean(cs_z_ret_6,48)),ZScore(TSMean(cs_z_premium_index,24))))),24))",df033825b4ace6d9,48,generated_candidate,original,0.27480000000000004,False,False,selected_for_strict_replay
a7o_l1_C0286_0752,C0286,752,H11_regime_conditional_non_may,P7_cross_symbol_relative,TSMeanRank,H48,cross_symbol_zscore,none,low_turnover,F1_high_realized_vol,cs_z_mark_index_ratio;cs_z_ret_6,basis;price,"RegimeMaskNonMay(F1_high_realized_vol,TSMean(cross_symbol_zscore(ResidualizeVsFundingCore(Add(Rank(TSMean(cs_z_ret_6,72)),Rank(TSMean(cs_z_ret_6,24))))),3))",6a73d74a43627627,48,generated_candidate,original,0.27380000000000004,False,False,selected_for_strict_replay
a7o_l1_C0286_0945,C0286,945,H11_regime_conditional_non_may,P7_cross_symbol_relative,TSMeanRank,H48,cross_symbol_zscore,none,low_turnover,F1_high_realized_vol,cs_z_ret_12;cs_z_taker_imbalance,flow;price,"RegimeMaskNonMay(F1_high_realized_vol,TSMean(cross_symbol_zscore(ResidualizeVsCore4(Sub(Rank(TSMean(cs_z_ret_12,12)),ZScore(TSMean(cs_z_taker_imbalance,10))))),6))",ee2ade7e0cbaa396,48,generated_candidate,original,0.27280000000000004,False,False,selected_for_strict_replay
a7o_l1_C0286_0944,C0286,944,H11_regime_conditional_non_may,P7_cross_symbol_relative,TSMeanRank,H48,cross_symbol_zscore,none,low_turnover,F1_high_realized_vol,cs_z_premium_index;cs_z_ret_6,basis;price,"RegimeMaskNonMay(F1_high_realized_vol,TSMean(cross_symbol_zscore(ResidualizeVsFundingCore(Add(Rank(TSMean(cs_z_ret_6,20)),Rank(TSMean(cs_z_ret_6,84))))),8))",2681f4ce829485e8,48,generated_candidate,original,0.27180000000000004,False,False,selected_for_strict_replay
a7o_l1_C0286_1136,C0286,1136,H11_regime_conditional_non_may,P7_cross_symbol_relative,TSMeanRank,H48,cross_symbol_zscore,none,low_turnover,F1_high_realized_vol,cs_z_mark_index_ratio;cs_z_ret_12,basis;price,"RegimeMaskNonMay(F1_high_realized_vol,TSMean(cross_symbol_zscore(ResidualizeVsFundingCore(Add(Rank(TSMean(cs_z_mark_index_ratio,36)),Rank(TSMean(cs_z_mark_index_ratio,3))))),16))",069bad038701ecd3,48,generated_candidate,original,0.26980000000000004,False,False,selected_for_strict_replay
a7o_l1_C0286_1329,C0286,1329,H11_regime_conditional_non_may,P7_cross_symbol_relative,TSMeanRank,H48,cross_symbol_zscore,none,low_turnover,F1_high_realized_vol,cs_z_premium_index;cs_z_ret_6,basis;price,"RegimeMaskNonMay(F1_high_realized_vol,TSMean(cross_symbol_zscore(ResidualizeVsCore4(Sub(Rank(TSMean(cs_z_premium_index,48)),ZScore(TSMean(cs_z_ret_6,24))))),36))",0cc0a3b5796c3e92,48,generated_candidate,original,0.26880000000000004,False,False,selected_for_strict_replay
a7o_l1_C0286_1328,C0286,1328,H11_regime_conditional_non_may,P7_cross_symbol_relative,TSMeanRank,H48,cross_symbol_zscore,none,low_turnover,F1_high_realized_vol,cs_z_premium_index;cs_z_taker_imbalance,basis;flow,"RegimeMaskNonMay(F1_high_realized_vol,TSMean(cross_symbol_zscore(ResidualizeVsFundingCore(Add(Rank(TSMean(cs_z_premium_index,72)),Rank(TSMean(cs_z_premium_index,24))))),3))",c706581aded0c570,48,generated_candidate,original,0.26780000000000004,False,False,selected_for_strict_replay
a7o_l1_C0286_0193,C0286,193,H11_regime_conditional_non_may,P7_cross_symbol_relative,TSMeanRank,H48,cross_symbol_zscore,none,low_turnover,F1_high_realized_vol,cs_z_mark_index_ratio;cs_z_ret_6,basis;price,"RegimeMaskNonMay(F1_high_realized_vol,TSMean(cross_symbol_zscore(Rank(TSMean(Rank(TSMean(cs_z_ret_6,16)),36))),24))",9393466633f83471,48,generated_candidate,original,0.26680000000000004,False,False,selected_for_strict_replay
a7o_l1_C0286_0290,C0286,290,H11_regime_conditional_non_may,P7_cross_symbol_relative,TSMeanRank,H48,cross_symbol_zscore,none,low_turnover,F1_high_realized_vol,cs_z_mark_index_ratio;cs_z_taker_imbalance,basis;flow,"RegimeMaskNonMay(F1_high_realized_vol,TSMean(cross_symbol_zscore(Sub(Rank(TSMean(cs_z_taker_imbalance,36)),Abs(ZScore(TSMean(cs_z_mark_index_ratio,10))))),48))",d80f8c9b4824b88b,48,generated_candidate,original,0.26680000000000004,False,False,selected_for_strict_replay
a7o_l1_C0286_0484,C0286,484,H11_regime_conditional_non_may,P7_cross_symbol_relative,TSMeanRank,H48,cross_symbol_zscore,none,low_turnover,F1_high_realized_vol,cs_z_mark_index_ratio;cs_z_ret_6,basis;price,"RegimeMaskNonMay(F1_high_realized_vol,TSMean(cross_symbol_zscore(SafeDiv(Sub(Rank(TSMean(cs_z_ret_6,30)),Rank(TSMean(cs_z_ret_6,36))),Clip(Abs(TSRank(cs_z_mark_index_ratio,72)),0.05,2.25))),12))",3339b65d3641b968,48,generated_candidate,original,0.26680000000000004,False,False,selected_for_strict_replay
a7o_l1_C0286_0581,C0286,581,H11_regime_conditional_non_may,P7_cross_symbol_relative,TSMeanRank,H48,cross_symbol_zscore,none,low_turnover,F1_high_realized_vol,cs_z_mark_index_ratio;cs_z_taker_imbalance,basis;flow,"RegimeMaskNonMay(F1_high_realized_vol,TSMean(cross_symbol_zscore(Add(Rank(TSMean(cs_z_taker_imbalance,72)),ZScore(TSMean(cs_z_mark_index_ratio,12)))),10))",46d6f8c572e0a29b,48,generated_candidate,original,0.26680000000000004,False,False,selected_for_strict_replay
a7o_l1_C0286_0775,C0286,775,H11_regime_conditional_non_may,P7_cross_symbol_relative,TSMeanRank,H48,cross_symbol_zscore,none,low_turnover,F1_high_realized_vol,cs_z_mark_index_ratio;cs_z_ret_12,basis;price,"RegimeMaskNonMay(F1_high_realized_vol,TSMean(cross_symbol_zscore(SafeDiv(Rank(TSMean(cs_z_ret_12,60)),Clip(Abs(ZScore(TSStd(cs_z_mark_index_ratio,10))),0.05,6.0))),24))",e1ed2d4e3d1f5230,48,generated_candidate,original,0.26680000000000004,False,False,selected_for_strict_replay
a7o_l1_C0286_0872,C0286,872,H11_regime_conditional_non_may,P7_cross_symbol_relative,TSMeanRank,H48,cross_symbol_zscore,none,low_turnover,F1_high_realized_vol,cs_z_premium_index;cs_z_ret_6,basis;price,"RegimeMaskNonMay(F1_high_realized_vol,TSMean(cross_symbol_zscore(TSRank(Sub(TSMean(Rank(TSMean(cs_z_premium_index,20)),24),TSMean(cs_z_premium_index,30)),36)),8))",65cf57dcffd691d1,48,generated_candidate,original,0.26680000000000004,False,False,selected_for_strict_replay
a7o_l1_C0286_1163,C0286,1163,H11_regime_conditional_non_may,P7_cross_symbol_relative,TSMeanRank,H48,cross_symbol_zscore,none,low_turnover,F1_high_realized_vol,cs_z_premium_index;cs_z_ret_6,basis;price,"RegimeMaskNonMay(F1_high_realized_vol,TSMean(cross_symbol_zscore(WinsorZScore(Rank(TSMean(cs_z_premium_index,36)),3.0)),60))",1246c35570331feb,48,generated_candidate,original,0.26680000000000004,False,False,selected_for_strict_replay
a7o_l1_C0286_1260,C0286,1260,H11_regime_conditional_non_may,P7_cross_symbol_relative,TSMeanRank,H48,cross_symbol_zscore,none,low_turnover,F1_high_realized_vol,cs_z_mark_index_ratio;cs_z_ret_6,basis;price,"RegimeMaskNonMay(F1_high_realized_vol,TSMean(cross_symbol_zscore(Sub(WinsorZScore(TSMean(cs_z_mark_index_ratio,4),1.25),WinsorZScore(TSMean(cs_z_ret_6,10),1.25))),4))",396b95fc01ee629a,48,generated_candidate,original,0.26680000000000004,False,False,selected_for_strict_replay
a7o_l1_C0286_1454,C0286,1454,H11_regime_conditional_non_may,P7_cross_symbol_relative,TSMeanRank,H48,cross_symbol_zscore,none,low_turnover,F1_high_realized_vol,cs_z_premium_index;cs_z_ret_6,basis;price,"RegimeMaskNonMay(F1_high_realized_vol,TSMean(cross_symbol_zscore(Mul(SafeDiv(ZScore(TSMean(cs_z_premium_index,24)),Clip(Abs(ZScore(TSMean(cs_z_ret_6,48))),0.05,3.0)),Rank(TSMean(cs_z_premium_index,72)))),12))",1cbf9766fc392e93,48,generated_candidate,original,0.26680000000000004,False,False,selected_for_strict_replay
a7o_l1_C0287_2036,C0287,2036,H07_taker_flow_lag_stable,P6_funding_observable,SubRank,H12,cross_symbol_rank,FundingCore,low_turnover,F8_low_vol_high_liquidity,funding_rate_z_24,funding,"Decay(Rank(TSMean(ResidualizeVsFundingCore(cross_symbol_rank(RegimeMaskNonMay(F3_high_liquidity_high_vol,Sub(Sub(Rank(TSMean(funding_rate_z_24,12)),Rank(TSMean(funding_rate_z_24,20))),Rank(TSMean(funding_rate_z_24,3)))))),16)),24)",2f25726102137942,12,generated_candidate,original,0.1191,False,False,selected_for_strict_replay
a7o_l1_C0287_0181,C0287,181,H07_taker_flow_lag_stable,P6_funding_observable,SubRank,H12,cross_symbol_rank,FundingCore,low_turnover,F8_low_vol_high_liquidity,funding_rate_persistence_3,funding,"Decay(Rank(TSMean(ResidualizeVsFundingCore(cross_symbol_rank(RegimeMaskNonMay(F5_funding_neutral,Add(Sub(Rank(TSMean(funding_rate_persistence_3,20)),Rank(TSMean(funding_rate_persistence_3,3))),ZScore(TSMean(funding_rate_persistence_3,10)))))),10)),12)",563442272a3fa328,12,generated_candidate,original,0.10710000000000001,False,False,selected_for_strict_replay
a7o_l1_C0287_0180,C0287,180,H07_taker_flow_lag_stable,P6_funding_observable,SubRank,H12,cross_symbol_rank,FundingCore,low_turnover,F8_low_vol_high_liquidity,funding_rate_persistence_3;funding_rate_z_24,funding,"Decay(Rank(TSMean(ResidualizeVsFundingCore(cross_symbol_rank(RegimeMaskNonMay(F3_high_liquidity_high_vol,Sub(Sub(Rank(TSMean(funding_rate_persistence_3,3)),Rank(TSMean(funding_rate_z_24,6))),Rank(TSMean(funding_rate_persistence_3,4)))))),4)),8)",4528943d89f6acda,12,generated_candidate,original,0.10610000000000001,False,False,selected_for_strict_replay
a7o_l1_C0287_0373,C0287,373,H07_taker_flow_lag_stable,P6_funding_observable,SubRank,H12,cross_symbol_rank,FundingCore,low_turnover,F8_low_vol_high_liquidity,funding_rate_persistence_3;latest_known_funding_rate,funding,"Decay(Rank(TSMean(ResidualizeVsFundingCore(cross_symbol_rank(RegimeMaskNonMay(F5_funding_neutral,Add(Sub(Rank(TSMean(latest_known_funding_rate,4)),Rank(TSMean(funding_rate_persistence_3,8))),ZScore(TSMean(funding_rate_persistence_3,60)))))),24)),30)",542f2977509b5e43,12,generated_candidate,original,0.10510000000000001,False,False,selected_for_strict_replay
a7o_l1_C0287_0372,C0287,372,H07_taker_flow_lag_stable,P6_funding_observable,SubRank,H12,cross_symbol_rank,FundingCore,low_turnover,F8_low_vol_high_liquidity,funding_rate_z_24;latest_known_funding_rate,funding,"Decay(Rank(TSMean(ResidualizeVsFundingCore(cross_symbol_rank(RegimeMaskNonMay(F3_high_liquidity_high_vol,Sub(Sub(Rank(TSMean(latest_known_funding_rate,8)),Rank(TSMean(funding_rate_z_24,12))),Rank(TSMean(latest_known_funding_rate,24)))))),10)),16)",edb2c35d8f7ce78f,12,generated_candidate,original,0.10410000000000001,False,False,selected_for_strict_replay
a7o_l1_C0287_0565,C0287,565,H07_taker_flow_lag_stable,P6_funding_observable,SubRank,H12,cross_symbol_rank,FundingCore,low_turnover,F8_low_vol_high_liquidity,funding_rate_persistence_3;funding_rate_z_24,funding,"Decay(Rank(TSMean(ResidualizeVsFundingCore(cross_symbol_rank(RegimeMaskNonMay(F5_funding_neutral,Add(Sub(Rank(TSMean(funding_rate_z_24,10)),Rank(TSMean(funding_rate_persistence_3,16))),ZScore(TSMean(funding_rate_persistence_3,10)))))),6)),8)",c13aecc1ed66512e,12,generated_candidate,original,0.10310000000000001,False,False,selected_for_strict_replay
a7o_l1_C0287_0564,C0287,564,H07_taker_flow_lag_stable,P6_funding_observable,SubRank,H12,cross_symbol_rank,FundingCore,low_turnover,F8_low_vol_high_liquidity,funding_rate_z_24,funding,"Decay(Rank(TSMean(ResidualizeVsFundingCore(cross_symbol_rank(RegimeMaskNonMay(F3_high_liquidity_high_vol,Sub(Sub(Rank(TSMean(funding_rate_z_24,16)),Rank(TSMean(funding_rate_z_24,24))),Rank(TSMean(funding_rate_z_24,36)))))),20)),3)",996b9d534f75566f,12,generated_candidate,original,0.10210000000000001,False,False,selected_for_strict_replay
a7o_l1_C0287_0757,C0287,757,H07_taker_flow_lag_stable,P6_funding_observable,SubRank,H12,cross_symbol_rank,FundingCore,low_turnover,F8_low_vol_high_liquidity,funding_rate_z_24;latest_known_funding_rate,funding,"Decay(Rank(TSMean(ResidualizeVsFundingCore(cross_symbol_rank(RegimeMaskNonMay(F5_funding_neutral,Add(Sub(Rank(TSMean(latest_known_funding_rate,20)),Rank(TSMean(funding_rate_z_24,3))),ZScore(TSMean(funding_rate_z_24,10)))))),16)),20)",a2f10652dbc26cf7,12,generated_candidate,original,0.10110000000000001,False,False,selected_for_strict_replay
a7o_l1_C0287_0756,C0287,756,H07_taker_flow_lag_stable,P6_funding_observable,SubRank,H12,cross_symbol_rank,FundingCore,low_turnover,F8_low_vol_high_liquidity,latest_known_funding_rate,funding,"Decay(Rank(TSMean(ResidualizeVsFundingCore(cross_symbol_rank(RegimeMaskNonMay(F3_high_liquidity_high_vol,Sub(Sub(Rank(TSMean(latest_known_funding_rate,3)),Rank(TSMean(latest_known_funding_rate,6))),Rank(TSMean(latest_known_funding_rate,10)))))),4)),8)",4e44c6f950e98c69,12,generated_candidate,original,0.10010000000000001,False,False,selected_for_strict_replay
a7o_l1_C0287_0096,C0287,96,H07_taker_flow_lag_stable,P6_funding_observable,SubRank,H12,cross_symbol_rank,FundingCore,low_turnover,F8_low_vol_high_liquidity,funding_rate_persistence_3;latest_known_funding_rate,funding,"Decay(Rank(TSMean(ResidualizeVsFundingCore(cross_symbol_rank(Mul(Neg(Rank(TSMean(latest_known_funding_rate,4))),Sub(Rank(TSMean(latest_known_funding_rate,16)),Rank(TSMean(funding_rate_persistence_3,24)))))),20)),3)",45017ef7f5a5e295,12,generated_candidate,original,0.09910000000000001,False,False,selected_for_strict_replay
a7o_l1_C0287_0193,C0287,193,H07_taker_flow_lag_stable,P6_funding_observable,SubRank,H12,cross_symbol_rank,FundingCore,low_turnover,F8_low_vol_high_liquidity,funding_rate_z_24,funding,"Decay(Rank(TSMean(ResidualizeVsFundingCore(cross_symbol_rank(Rank(TSMean(Sub(Rank(TSMean(funding_rate_z_24,4)),Rank(TSMean(funding_rate_z_24,8))),36)))),24)),30)",896d1f3cf1738255,12,generated_candidate,original,0.09910000000000001,False,False,selected_for_strict_replay
a7o_l1_C0287_0290,C0287,290,H07_taker_flow_lag_stable,P6_funding_observable,SubRank,H12,cross_symbol_rank,FundingCore,low_turnover,F8_low_vol_high_liquidity,funding_rate_persistence_3;latest_known_funding_rate,funding,"Decay(Rank(TSMean(ResidualizeVsFundingCore(cross_symbol_rank(Sub(Sub(Rank(TSMean(funding_rate_persistence_3,12)),Rank(TSMean(latest_known_funding_rate,20))),Abs(ZScore(TSMean(latest_known_funding_rate,10)))))),48)),72)",0e8214ea2e633c85,12,generated_candidate,original,0.09910000000000001,False,False,selected_for_strict_replay
a7o_l1_C0287_0387,C0287,387,H07_taker_flow_lag_stable,P6_funding_observable,SubRank,H12,cross_symbol_rank,FundingCore,low_turnover,F8_low_vol_high_liquidity,funding_rate_persistence_3;funding_rate_z_24,funding,"Decay(Rank(TSMean(ResidualizeVsFundingCore(cross_symbol_rank(Clip(Sub(Rank(TSMean(funding_rate_z_24,3)),Rank(TSMean(funding_rate_persistence_3,6))),-4.0,4.0))),60)),96)",1a5010db2f8f607e,12,generated_candidate,original,0.09910000000000001,False,False,selected_for_strict_replay
a7o_l1_C0287_0484,C0287,484,H07_taker_flow_lag_stable,P6_funding_observable,SubRank,H12,cross_symbol_rank,FundingCore,low_turnover,F8_low_vol_high_liquidity,funding_rate_persistence_3;funding_rate_z_24,funding,"Decay(Rank(TSMean(ResidualizeVsFundingCore(cross_symbol_rank(SafeDiv(Sub(Sub(Rank(TSMean(funding_rate_z_24,10)),Rank(TSMean(funding_rate_persistence_3,16))),Rank(TSMean(funding_rate_z_24,36))),Clip(Abs(TSRank(funding_rate_persistence_3,72)),0.05,2.25)))),12)),20)",af0ba8799f15b20b,12,generated_candidate,original,0.09910000000000001,False,False,selected_for_strict_replay
a7o_l1_C0287_0581,C0287,581,H07_taker_flow_lag_stable,P6_funding_observable,SubRank,H12,cross_symbol_rank,FundingCore,low_turnover,F8_low_vol_high_liquidity,funding_rate_persistence_3;funding_rate_z_24,funding,"Decay(Rank(TSMean(ResidualizeVsFundingCore(cross_symbol_rank(Add(Sub(Rank(TSMean(funding_rate_persistence_3,24)),Rank(TSMean(funding_rate_z_24,4))),ZScore(TSMean(funding_rate_z_24,12))))),10)),12)",677b96237c96a8b9,12,generated_candidate,original,0.09910000000000001,False,False,selected_for_strict_replay
a7o_l1_C0287_0678,C0287,678,H07_taker_flow_lag_stable,P6_funding_observable,SubRank,H12,cross_symbol_rank,FundingCore,low_turnover,F8_low_vol_high_liquidity,funding_rate_z_24;latest_known_funding_rate,funding,"Decay(Rank(TSMean(ResidualizeVsFundingCore(cross_symbol_rank(RollingMin(Add(Sub(Rank(TSMean(funding_rate_z_24,8)),Rank(TSMean(latest_known_funding_rate,12))),Rank(TSMean(latest_known_funding_rate,12))),60))),30)),48)",13409c69fd133fbc,12,generated_candidate,original,0.09910000000000001,False,False,selected_for_strict_replay
a7o_l1_C0287_0775,C0287,775,H07_taker_flow_lag_stable,P6_funding_observable,SubRank,H12,cross_symbol_rank,FundingCore,low_turnover,F8_low_vol_high_liquidity,funding_rate_persistence_3,funding,"Decay(Rank(TSMean(ResidualizeVsFundingCore(cross_symbol_rank(SafeDiv(Sub(Rank(TSMean(funding_rate_persistence_3,20)),Rank(TSMean(funding_rate_persistence_3,3))),Clip(Abs(ZScore(TSStd(funding_rate_persistence_3,10))),0.05,6.0)))),24)),48)",e5cb1577f7abd105,12,generated_candidate,original,0.09910000000000001,False,False,selected_for_strict_replay
a7o_l1_C0287_0872,C0287,872,H07_taker_flow_lag_stable,P6_funding_observable,SubRank,H12,cross_symbol_rank,FundingCore,low_turnover,F8_low_vol_high_liquidity,funding_rate_persistence_3,funding,"Decay(Rank(TSMean(ResidualizeVsFundingCore(cross_symbol_rank(TSRank(Sub(TSMean(Sub(Rank(TSMean(funding_rate_persistence_3,6)),Rank(TSMean(funding_rate_persistence_3,10))),24),TSMean(funding_rate_persistence_3,30)),36))),8)),12)",5b381a9e6512cccc,12,generated_candidate,original,0.09910000000000001,False,False,selected_for_strict_replay
a7o_l1_C0287_0949,C0287,949,H07_taker_flow_lag_stable,P6_funding_observable,SubRank,H12,cross_symbol_rank,FundingCore,low_turnover,F8_low_vol_high_liquidity,funding_rate_z_24,funding,"Decay(Rank(TSMean(ResidualizeVsFundingCore(cross_symbol_rank(RegimeMaskNonMay(F5_funding_neutral,Add(Sub(Rank(TSMean(funding_rate_z_24,4)),Rank(TSMean(funding_rate_z_24,8))),ZScore(TSMean(funding_rate_z_24,60)))))),36)),48)",5e13a0f2ab9a5020,12,generated_candidate,original,0.09910000000000001,False,False,selected_for_strict_replay
a7o_l1_C0287_0969,C0287,969,H07_taker_flow_lag_stable,P6_funding_observable,SubRank,H12,cross_symbol_rank,FundingCore,low_turnover,F8_low_vol_high_liquidity,funding_rate_z_24,funding,"Decay(Rank(TSMean(ResidualizeVsFundingCore(cross_symbol_rank(Rank(Delta(Sub(Rank(TSMean(funding_rate_z_24,16)),Rank(TSMean(funding_rate_z_24,24))),72)))),36)),48)",ef164687315762a9,12,generated_candidate,original,0.09910000000000001,False,False,selected_for_strict_replay
a7o_l1_C0287_1066,C0287,1066,H07_taker_flow_lag_stable,P6_funding_observable,SubRank,H12,cross_symbol_rank,FundingCore,low_turnover,F8_low_vol_high_liquidity,funding_rate_persistence_3;latest_known_funding_rate,funding,"Decay(Rank(TSMean(ResidualizeVsFundingCore(cross_symbol_rank(Rank(SmoothInteraction(Sub(Rank(TSMean(funding_rate_persistence_3,4)),Rank(TSMean(latest_known_funding_rate,8))),TSStd(funding_rate_persistence_3,12))))),20)),30)",8cf218208a567264,12,generated_candidate,original,0.09910000000000001,False,False,selected_for_strict_replay
a7o_l1_C0287_1163,C0287,1163,H07_taker_flow_lag_stable,P6_funding_observable,SubRank,H12,cross_symbol_rank,FundingCore,low_turnover,F8_low_vol_high_liquidity,funding_rate_persistence_3;latest_known_funding_rate,funding,"Decay(Rank(TSMean(ResidualizeVsFundingCore(cross_symbol_rank(WinsorZScore(Sub(Rank(TSMean(latest_known_funding_rate,12)),Rank(TSMean(funding_rate_persistence_3,20))),3.0))),60)),96)",07b0aa4de758b54b,12,generated_candidate,original,0.09910000000000001,False,False,selected_for_strict_replay
a7o_l1_C0287_1260,C0287,1260,H07_taker_flow_lag_stable,P6_funding_observable,SubRank,H12,cross_symbol_rank,FundingCore,low_turnover,F8_low_vol_high_liquidity,funding_rate_persistence_3;funding_rate_z_24,funding,"Decay(Rank(TSMean(ResidualizeVsFundingCore(cross_symbol_rank(Sub(WinsorZScore(TSMean(funding_rate_persistence_3,4),1.25),WinsorZScore(TSMean(funding_rate_z_24,10),1.25)))),4)),8)",8c8b7498ac252a67,12,generated_candidate,original,0.09910000000000001,False,False,selected_for_strict_replay
a7o_l1_C0287_1357,C0287,1357,H07_taker_flow_lag_stable,P6_funding_observable,SubRank,H12,cross_symbol_rank,FundingCore,low_turnover,F8_low_vol_high_liquidity,funding_rate_persistence_3;funding_rate_z_24,funding,"Decay(Rank(TSMean(ResidualizeVsFundingCore(cross_symbol_rank(Mul(ZScore(TSMean(funding_rate_persistence_3,8)),Sub(Rank(TSMean(funding_rate_persistence_3,10)),Rank(TSMean(funding_rate_z_24,16)))))),16)),20)",53138203579b3d64,12,generated_candidate,original,0.09910000000000001,False,False,selected_for_strict_replay
a7o_l1_C0288_2032,C0288,2032,H09_trend_reversal_horizon_mix,P14_horizon_spread,RegimeMaskNonMay,mixed_12_48,cross_symbol_rank,none,low_turnover,F11_cross_symbol_crowding,realized_vol_24;ret_24,price;volatility,"Add(TSMean(cross_symbol_rank(ResidualizeVsFundingCore(Add(RegimeMaskNonMay(F11_cross_symbol_crowding,Mul(Rank(TSMean(ret_24,16)),ZScore(TSMean(realized_vol_24,20)))),Rank(TSMean(ret_24,24))))),12),Neg(Rank(Delta(ret_24,12))))",3c1e3f80160a5971,24,generated_candidate,original,0.29760000000000003,False,False,selected_for_strict_replay
a7o_l1_C0288_0561,C0288,561,H09_trend_reversal_horizon_mix,P14_horizon_spread,RegimeMaskNonMay,mixed_12_48,cross_symbol_rank,none,low_turnover,F11_cross_symbol_crowding,realized_vol_24;ret_6,price;volatility,"Add(TSMean(cross_symbol_rank(ResidualizeVsCore4(Sub(RegimeMaskNonMay(F11_cross_symbol_crowding,Mul(Rank(TSMean(realized_vol_24,8)),ZScore(TSMean(ret_6,12)))),ZScore(TSMean(ret_6,3))))),10),Neg(Rank(Delta(realized_vol_24,10))))",646e2e94a731eafe,12,generated_candidate,original,0.2816,False,False,selected_for_strict_replay
a7o_l1_C0288_0753,C0288,753,H09_trend_reversal_horizon_mix,P14_horizon_spread,RegimeMaskNonMay,mixed_12_48,cross_symbol_rank,none,low_turnover,F11_cross_symbol_crowding,realized_vol_6;ret_6,price;volatility,"Add(TSMean(cross_symbol_rank(ResidualizeVsCore4(Sub(RegimeMaskNonMay(F11_cross_symbol_crowding,Mul(Rank(TSMean(ret_6,48)),ZScore(TSMean(realized_vol_6,72)))),ZScore(TSMean(realized_vol_6,24))))),24),Neg(Rank(Delta(ret_6,24))))",0195aa0faaf141c1,48,generated_candidate,original,0.2796,False,False,selected_for_strict_replay
a7o_l1_C0288_0945,C0288,945,H09_trend_reversal_horizon_mix,P14_horizon_spread,RegimeMaskNonMay,mixed_12_48,cross_symbol_rank,none,low_turnover,F11_cross_symbol_crowding,realized_vol_24;ret_12,price;volatility,"Add(TSMean(cross_symbol_rank(ResidualizeVsCore4(Sub(RegimeMaskNonMay(F11_cross_symbol_crowding,Mul(Rank(TSMean(ret_12,3)),ZScore(TSMean(realized_vol_24,8)))),ZScore(TSMean(realized_vol_24,10))))),6),Neg(Rank(Delta(ret_12,6))))",b6d6a1eba989e5f7,6,generated_candidate,original,0.2776,False,False,selected_for_strict_replay
a7o_l1_C0288_0944,C0288,944,H09_trend_reversal_horizon_mix,P14_horizon_spread,RegimeMaskNonMay,mixed_12_48,cross_symbol_rank,none,low_turnover,F11_cross_symbol_crowding,realized_vol_6;ret_6,price;volatility,"Add(TSMean(cross_symbol_rank(ResidualizeVsFundingCore(Add(RegimeMaskNonMay(F11_cross_symbol_crowding,Mul(Rank(TSMean(ret_6,24)),ZScore(TSMean(realized_vol_6,48)))),Rank(TSMean(ret_6,84))))),8),Neg(Rank(Delta(ret_6,8))))",57c94b237083bb5a,72,generated_candidate,original,0.2766,False,False,selected_for_strict_replay
a7o_l1_C0288_1329,C0288,1329,H09_trend_reversal_horizon_mix,P14_horizon_spread,RegimeMaskNonMay,mixed_12_48,cross_symbol_rank,none,low_turnover,F11_cross_symbol_crowding,realized_vol_6;ret_6,price;volatility,"Add(TSMean(cross_symbol_rank(ResidualizeVsCore4(Sub(RegimeMaskNonMay(F11_cross_symbol_crowding,Mul(Rank(TSMean(realized_vol_6,96)),ZScore(TSMean(ret_6,36)))),ZScore(TSMean(ret_6,24))))),36),Neg(Rank(Delta(realized_vol_6,36))))",9e9fe3c6ae3490d7,72,generated_candidate,original,0.2736,False,False,selected_for_strict_replay
a7o_l1_C0288_0290,C0288,290,H09_trend_reversal_horizon_mix,P14_horizon_spread,RegimeMaskNonMay,mixed_12_48,cross_symbol_rank,none,low_turnover,F11_cross_symbol_crowding,realized_vol_24;ret_24,price;volatility,"Add(TSMean(cross_symbol_rank(Sub(RegimeMaskNonMay(F11_cross_symbol_crowding,Mul(Rank(TSMean(realized_vol_24,3)),ZScore(TSMean(ret_24,8)))),Abs(ZScore(TSMean(ret_24,10))))),48),Neg(Rank(Delta(realized_vol_24,48))))",67ed9719323e5c73,6,generated_candidate,original,0.2716,False,False,selected_for_strict_replay
a7o_l1_C0288_0581,C0288,581,H09_trend_reversal_horizon_mix,P14_horizon_spread,RegimeMaskNonMay,mixed_12_48,cross_symbol_rank,none,low_turnover,F11_cross_symbol_crowding,realized_vol_24;ret_24,price;volatility,"Add(TSMean(cross_symbol_rank(Add(RegimeMaskNonMay(F11_cross_symbol_crowding,Mul(Rank(TSMean(realized_vol_24,24)),ZScore(TSMean(ret_24,4)))),ZScore(TSMean(ret_24,12)))),10),Neg(Rank(Delta(realized_vol_24,10))))",6179b7e85be61d40,12,generated_candidate,original,0.2716,False,False,selected_for_strict_replay
a7o_l1_C0288_0872,C0288,872,H09_trend_reversal_horizon_mix,P14_horizon_spread,RegimeMaskNonMay,mixed_12_48,cross_symbol_rank,none,low_turnover,F11_cross_symbol_crowding,realized_vol_6;ret_6,price;volatility,"Add(TSMean(cross_symbol_rank(TSRank(Sub(TSMean(RegimeMaskNonMay(F11_cross_symbol_crowding,Mul(Rank(TSMean(realized_vol_6,16)),ZScore(TSMean(ret_6,20)))),24),TSMean(realized_vol_6,30)),36)),8),Neg(Rank(Delta(realized_vol_6,8))))",3b7899600d75c5c4,24,generated_candidate,original,0.2716,False,False,selected_for_strict_replay
a7o_l1_C0288_1163,C0288,1163,H09_trend_reversal_horizon_mix,P14_horizon_spread,RegimeMaskNonMay,mixed_12_48,cross_symbol_rank,none,low_turnover,F11_cross_symbol_crowding,realized_vol_6;ret_6,price;volatility,"Add(TSMean(cross_symbol_rank(WinsorZScore(RegimeMaskNonMay(F11_cross_symbol_crowding,Mul(Rank(TSMean(realized_vol_6,36)),ZScore(TSMean(ret_6,60)))),3.0)),60),Neg(Rank(Delta(realized_vol_6,60))))",a9628e099afac705,48,generated_candidate,original,0.2716,False,False,selected_for_strict_replay
a7o_l1_C0288_1454,C0288,1454,H09_trend_reversal_horizon_mix,P14_horizon_spread,RegimeMaskNonMay,mixed_12_48,cross_symbol_rank,none,low_turnover,F11_cross_symbol_crowding,realized_vol_6;ret_6,price;volatility,"Add(TSMean(cross_symbol_rank(Mul(SafeDiv(ZScore(TSMean(realized_vol_6,24)),Clip(Abs(ZScore(TSMean(ret_6,48))),0.05,3.0)),RegimeMaskNonMay(F11_cross_symbol_crowding,Mul(Rank(TSMean(realized_vol_6,36)),ZScore(TSMean(ret_6,72)))))),12),Neg(Rank(Delta(realized_vol_6,12))))",f6874dd1b928f5ef,72,generated_candidate,original,0.2716,False,False,selected_for_strict_replay
a7o_l1_C0288_1521,C0288,1521,H09_trend_reversal_horizon_mix,P14_horizon_spread,RegimeMaskNonMay,mixed_12_48,cross_symbol_rank,none,low_turnover,F11_cross_symbol_crowding,realized_vol_24;ret_12,price;volatility,"Add(TSMean(cross_symbol_rank(ResidualizeVsCore4(Sub(RegimeMaskNonMay(F11_cross_symbol_crowding,Mul(Rank(TSMean(realized_vol_24,3)),ZScore(TSMean(ret_12,6)))),ZScore(TSMean(ret_12,16))))),10),Neg(Rank(Delta(realized_vol_24,10))))",488b27e885d645b7,12,generated_candidate,original,0.2716,False,False,selected_for_strict_replay
a7o_l1_C0288_1842,C0288,1842,H09_trend_reversal_horizon_mix,P14_horizon_spread,RegimeMaskNonMay,mixed_12_48,cross_symbol_rank,none,low_turnover,F11_cross_symbol_crowding,realized_vol_6;ret_12,price;volatility,"Add(TSMean(CrossSymbolRank(Add(RegimeMaskNonMay(F11_cross_symbol_crowding,Mul(Rank(TSMean(ret_12,16)),ZScore(TSMean(realized_vol_6,20)))),TSMean(ret_12,24))),60),Neg(Rank(Delta(ret_12,60))))",52c84bd724c2a26b,24,generated_candidate,original,0.2716,False,False,selected_for_strict_replay
a7o_l1_C0288_0289,C0288,289,H09_trend_reversal_horizon_mix,P14_horizon_spread,RegimeMaskNonMay,mixed_12_48,cross_symbol_rank,none,low_turnover,F11_cross_symbol_crowding,realized_vol_6;ret_12,price;volatility,"Add(TSMean(cross_symbol_rank(Add(Abs(ZScore(TSStd(realized_vol_6,72))),RegimeMaskNonMay(F11_cross_symbol_crowding,Mul(Rank(TSMean(realized_vol_6,96)),ZScore(TSMean(ret_12,36)))))),36),Neg(Rank(Delta(realized_vol_6,36))))",1bcff1aac8aa1b77,72,generated_candidate,original,0.2706,False,False,selected_for_strict_replay
a7o_l1_C0288_0580,C0288,580,H09_trend_reversal_horizon_mix,P14_horizon_spread,RegimeMaskNonMay,mixed_12_48,cross_symbol_rank,none,low_turnover,F11_cross_symbol_crowding,realized_vol_24;ret_12,price;volatility,"Add(TSMean(cross_symbol_rank(Sub(RegimeMaskNonMay(F11_cross_symbol_crowding,Mul(Rank(TSMean(realized_vol_24,3)),ZScore(TSMean(ret_12,8)))),Rank(TSMean(realized_vol_24,10)))),6),Neg(Rank(Delta(realized_vol_24,6))))",128604ad9d72aa80,6,generated_candidate,original,0.2706,False,False,selected_for_strict_replay
a7o_l1_C0288_0968,C0288,968,H09_trend_reversal_horizon_mix,P14_horizon_spread,RegimeMaskNonMay,mixed_12_48,cross_symbol_rank,none,low_turnover,F11_cross_symbol_crowding,realized_vol_24;ret_12,price;volatility,"Add(TSMean(cross_symbol_rank(Sub(TSMean(RegimeMaskNonMay(F11_cross_symbol_crowding,Mul(Rank(TSMean(ret_12,72)),ZScore(TSMean(realized_vol_24,16)))),24),TSMean(RegimeMaskNonMay(F11_cross_symbol_crowding,Mul(Rank(TSMean(ret_12,72)),ZScore(TSMean(realized_vol_24,16)))),36))),3),Neg(Rank(Delta(ret_12,3))))",ecc1256a34614716,48,generated_candidate,original,0.2706,False,False,selected_for_strict_replay
a7o_l1_C0288_1259,C0288,1259,H09_trend_reversal_horizon_mix,P14_horizon_spread,RegimeMaskNonMay,mixed_12_48,cross_symbol_rank,none,low_turnover,F11_cross_symbol_crowding,realized_vol_24;ret_12,price;volatility,"Add(TSMean(cross_symbol_rank(Mul(Add(Rank(TSMean(ret_12,48)),ZScore(TSMean(realized_vol_24,84))),Clip(RegimeMaskNonMay(F11_cross_symbol_crowding,Mul(Rank(TSMean(ret_12,72)),ZScore(TSMean(realized_vol_24,24)))),-4.0,4.0))),60),Neg(Rank(Delta(ret_12,60))))",722d1cc4a55178d1,72,generated_candidate,original,0.2706,False,False,selected_for_strict_replay
a7o_l1_C0288_1356,C0288,1356,H09_trend_reversal_horizon_mix,P14_horizon_spread,RegimeMaskNonMay,mixed_12_48,cross_symbol_rank,none,low_turnover,F11_cross_symbol_crowding,realized_vol_24;ret_6,price;volatility,"Add(TSMean(cross_symbol_rank(Neg(Clip(RegimeMaskNonMay(F11_cross_symbol_crowding,Mul(Rank(TSMean(ret_6,16)),ZScore(TSMean(realized_vol_24,24)))),-1.5,1.5))),20),Neg(Rank(Delta(ret_6,20))))",c71ee099054344a0,12,generated_candidate,original,0.2706,False,False,selected_for_strict_replay
a7o_l1_C0288_1520,C0288,1520,H09_trend_reversal_horizon_mix,P14_horizon_spread,RegimeMaskNonMay,mixed_12_48,cross_symbol_rank,none,low_turnover,F11_cross_symbol_crowding,realized_vol_24;ret_6,price;volatility,"Add(TSMean(cross_symbol_rank(ResidualizeVsFundingCore(Add(RegimeMaskNonMay(F11_cross_symbol_crowding,Mul(Rank(TSMean(realized_vol_24,3)),ZScore(TSMean(ret_6,8)))),Rank(TSMean(realized_vol_24,4))))),8),Neg(Rank(Delta(realized_vol_24,8))))",96302b773eac2f69,6,generated_candidate,original,0.2706,False,False,selected_for_strict_replay
a7o_l1_C0288_1550,C0288,1550,H09_trend_reversal_horizon_mix,P14_horizon_spread,RegimeMaskNonMay,mixed_12_48,cross_symbol_rank,none,low_turnover,F11_cross_symbol_crowding,realized_vol_24;ret_24,price;volatility,"Add(TSMean(cross_symbol_rank(Mul(Rank(TSMean(realized_vol_24,10)),RegimeMaskNonMay(F11_cross_symbol_crowding,Mul(Rank(TSMean(ret_24,3)),ZScore(TSMean(realized_vol_24,8)))))),48),Neg(Rank(Delta(ret_24,48))))",293ebb783635644a,6,generated_candidate,original,0.2706,False,False,selected_for_strict_replay
a7o_l1_C0288_1647,C0288,1647,H09_trend_reversal_horizon_mix,P14_horizon_spread,RegimeMaskNonMay,mixed_12_48,cross_symbol_rank,none,low_turnover,F11_cross_symbol_crowding,realized_vol_24;ret_24,price;volatility,"Add(TSMean(cross_symbol_rank(Clip(Add(Decay(RegimeMaskNonMay(F11_cross_symbol_crowding,Mul(Rank(TSMean(realized_vol_24,48)),ZScore(TSMean(ret_24,6)))),8),TSRank(realized_vol_24,10)),-4.0,4.0)),24),Neg(Rank(Delta(realized_vol_24,24))))",1063ab01e08bc066,24,generated_candidate,original,0.2706,False,False,selected_for_strict_replay
a7o_l1_C0288_1938,C0288,1938,H09_trend_reversal_horizon_mix,P14_horizon_spread,RegimeMaskNonMay,mixed_12_48,cross_symbol_rank,none,low_turnover,F11_cross_symbol_crowding,realized_vol_24;ret_24,price;volatility,"Add(TSMean(cross_symbol_rank(RollingMax(RollingMin(RegimeMaskNonMay(F11_cross_symbol_crowding,Mul(Rank(TSMean(realized_vol_24,24)),ZScore(TSMean(ret_24,36)))),60),12)),30),Neg(Rank(Delta(realized_vol_24,30))))",9a17de4431542b47,48,generated_candidate,original,0.2706,False,False,selected_for_strict_replay
a7o_l1_C0288_2035,C0288,2035,H09_trend_reversal_horizon_mix,P14_horizon_spread,RegimeMaskNonMay,mixed_12_48,cross_symbol_rank,none,low_turnover,F11_cross_symbol_crowding,realized_vol_6;ret_24,price;volatility,"Add(TSMean(CrossSymbolZScore(Sub(RegimeMaskNonMay(F11_cross_symbol_crowding,Mul(Rank(TSMean(realized_vol_6,3)),ZScore(TSMean(ret_24,8)))),TSMean(ret_24,10))),60),Neg(Rank(Delta(realized_vol_6,60))))",a7da0eda2e3a8198,6,generated_candidate,original,0.2706,False,False,selected_for_strict_replay
a7o_l1_C0288_0288,C0288,288,H09_trend_reversal_horizon_mix,P14_horizon_spread,RegimeMaskNonMay,mixed_12_48,cross_symbol_rank,none,low_turnover,F11_cross_symbol_crowding,realized_vol_6;ret_6,price;volatility,"Add(TSMean(cross_symbol_rank(Mul(Neg(Rank(TSMean(realized_vol_6,30))),RegimeMaskNonMay(F11_cross_symbol_crowding,Mul(Rank(TSMean(realized_vol_6,12)),ZScore(TSMean(ret_6,20)))))),4),Neg(Rank(Delta(realized_vol_6,4))))",6b00fc50e1738981,48,generated_candidate,original,0.2696,False,False,selected_for_strict_replay
a7o_l1_C0289_1648,C0289,1648,H08_trade_size_microstructure_lite,P0_price_return,TSStdZScore,H24,cross_symbol_rank,none,low_turnover,F4_basis_dislocation,ret_12;ret_24,price,"SmoothInteraction(TSMean(cross_symbol_rank(ResidualizeVsFundingCore(Add(ZScore(TSStd(ret_24,24)),Rank(TSMean(ret_24,20))))),24),TSMean(ret_12,24))",32d234b4a4846804,24,generated_candidate,original,0.1996,False,False,selected_for_strict_replay
a7o_l1_C0289_1841,C0289,1841,H08_trade_size_microstructure_lite,P0_price_return,TSStdZScore,H24,cross_symbol_rank,none,low_turnover,F4_basis_dislocation,ret_24,price,"SmoothInteraction(TSMean(cross_symbol_rank(ResidualizeVsCore4(Sub(ZScore(TSStd(ret_24,30)),ZScore(TSMean(ret_24,12))))),10),TSMean(ret_24,10))",9ecb8ab9aab75813,24,generated_candidate,original,0.1986,False,False,selected_for_strict_replay
a7o_l1_C0289_1840,C0289,1840,H08_trade_size_microstructure_lite,P0_price_return,TSStdZScore,H24,cross_symbol_rank,none,low_turnover,F4_basis_dislocation,ret_12;ret_24,price,"SmoothInteraction(TSMean(cross_symbol_rank(ResidualizeVsFundingCore(Add(ZScore(TSStd(ret_24,6)),Rank(TSMean(ret_24,4))))),6),TSMean(ret_12,6))",347f005b75f8cb78,24,generated_candidate,original,0.1976,False,False,selected_for_strict_replay
a7o_l1_C0289_2033,C0289,2033,H08_trade_size_microstructure_lite,P0_price_return,TSStdZScore,H24,cross_symbol_rank,none,low_turnover,F4_basis_dislocation,ret_24,price,"SmoothInteraction(TSMean(cross_symbol_rank(ResidualizeVsCore4(Sub(ZScore(TSStd(ret_24,8)),ZScore(TSMean(ret_24,72))))),24),TSMean(ret_24,24))",c112b85885c44e0f,24,generated_candidate,original,0.1966,False,False,selected_for_strict_replay
a7o_l1_C0289_2032,C0289,2032,H08_trade_size_microstructure_lite,P0_price_return,TSStdZScore,H24,cross_symbol_rank,none,low_turnover,F4_basis_dislocation,ret_12;ret_24,price,"SmoothInteraction(TSMean(cross_symbol_rank(ResidualizeVsFundingCore(Add(ZScore(TSStd(ret_24,16)),Rank(TSMean(ret_24,24))))),12),TSMean(ret_12,12))",d66993421d753432,24,generated_candidate,original,0.1956,False,False,selected_for_strict_replay
a7o_l1_C0289_2036,C0289,2036,H08_trade_size_microstructure_lite,P0_price_return,TSStdZScore,H24,cross_symbol_rank,none,low_turnover,F4_basis_dislocation,ret_12;ret_3,price,"SmoothInteraction(TSMean(cross_symbol_rank(RegimeMaskNonMay(F3_high_liquidity_high_vol,Sub(ZScore(TSStd(ret_3,10)),Rank(TSMean(ret_3,3))))),16),TSMean(ret_12,16))",143c2c97ef808dba,24,generated_candidate,original,0.1896,False,False,selected_for_strict_replay
a7o_l1_C0289_0177,C0289,177,H08_trade_size_microstructure_lite,P0_price_return,TSStdZScore,H24,cross_symbol_rank,none,low_turnover,F4_basis_dislocation,ret_24,price,"SmoothInteraction(TSMean(cross_symbol_rank(ResidualizeVsCore4(Sub(ZScore(TSStd(ret_24,48)),ZScore(TSMean(ret_24,10))))),16),TSMean(ret_24,16))",68252787d2965eed,24,generated_candidate,original,0.18359999999999999,False,False,selected_for_strict_replay
a7o_l1_C0289_0176,C0289,176,H08_trade_size_microstructure_lite,P0_price_return,TSStdZScore,H24,cross_symbol_rank,none,low_turnover,F4_basis_dislocation,ret_12;ret_24,price,"SmoothInteraction(TSMean(cross_symbol_rank(ResidualizeVsFundingCore(Add(ZScore(TSStd(ret_24,10)),Rank(TSMean(ret_24,8))))),3),TSMean(ret_12,3))",e1536f7a67404ade,24,generated_candidate,original,0.18259999999999998,False,False,selected_for_strict_replay
a7o_l1_C0289_0369,C0289,369,H08_trade_size_microstructure_lite,P0_price_return,TSStdZScore,H24,cross_symbol_rank,none,low_turnover,F4_basis_dislocation,ret_24,price,"SmoothInteraction(TSMean(cross_symbol_rank(ResidualizeVsCore4(Sub(ZScore(TSStd(ret_24,12)),ZScore(TSMean(ret_24,24))))),36),TSMean(ret_24,36))",ef8d3aed657c8068,24,generated_candidate,original,0.18159999999999998,False,False,selected_for_strict_replay
a7o_l1_C0289_0368,C0289,368,H08_trade_size_microstructure_lite,P0_price_return,TSStdZScore,H24,cross_symbol_rank,none,low_turnover,F4_basis_dislocation,ret_12;ret_24,price,"SmoothInteraction(TSMean(cross_symbol_rank(ResidualizeVsFundingCore(Add(ZScore(TSStd(ret_24,24)),Rank(TSMean(ret_24,48))))),8),TSMean(ret_12,8))",3531abe24d35a064,24,generated_candidate,original,0.18059999999999998,False,False,selected_for_strict_replay
a7o_l1_C0289_0561,C0289,561,H08_trade_size_microstructure_lite,P0_price_return,TSStdZScore,H24,cross_symbol_rank,none,low_turnover,F4_basis_dislocation,ret_24,price,"SmoothInteraction(TSMean(cross_symbol_rank(ResidualizeVsCore4(Sub(ZScore(TSStd(ret_24,30)),ZScore(TSMean(ret_24,3))))),10),TSMean(ret_24,10))",f8ddeff734b12e62,24,generated_candidate,original,0.17959999999999998,False,False,selected_for_strict_replay
a7o_l1_C0289_0560,C0289,560,H08_trade_size_microstructure_lite,P0_price_return,TSStdZScore,H24,cross_symbol_rank,none,low_turnover,F4_basis_dislocation,ret_12;ret_24,price,"SmoothInteraction(TSMean(cross_symbol_rank(ResidualizeVsFundingCore(Add(ZScore(TSStd(ret_24,6)),Rank(TSMean(ret_24,4))))),16),TSMean(ret_12,16))",ce972acb490bba54,24,generated_candidate,original,0.17859999999999998,False,False,selected_for_strict_replay
a7o_l1_C0289_0181,C0289,181,H08_trade_size_microstructure_lite,P0_price_return,TSStdZScore,H24,cross_symbol_rank,none,low_turnover,F4_basis_dislocation,ret_24;ret_3,price,"SmoothInteraction(TSMean(cross_symbol_rank(RegimeMaskNonMay(F5_funding_neutral,Add(ZScore(TSStd(ret_3,30)),ZScore(TSMean(ret_24,10))))),10),TSMean(ret_24,10))",8c7f4a79c9de863f,24,generated_candidate,original,0.1776,False,False,selected_for_strict_replay
a7o_l1_C0289_0753,C0289,753,H08_trade_size_microstructure_lite,P0_price_return,TSStdZScore,H24,cross_symbol_rank,none,low_turnover,F4_basis_dislocation,ret_24,price,"SmoothInteraction(TSMean(cross_symbol_rank(ResidualizeVsCore4(Sub(ZScore(TSStd(ret_24,8)),ZScore(TSMean(ret_24,24))))),24),TSMean(ret_24,24))",7faef02bf292d569,24,generated_candidate,original,0.17759999999999998,False,False,selected_for_strict_replay
a7o_l1_C0289_0180,C0289,180,H08_trade_size_microstructure_lite,P0_price_return,TSStdZScore,H24,cross_symbol_rank,none,low_turnover,F4_basis_dislocation,ret_12;ret_3,price,"SmoothInteraction(TSMean(cross_symbol_rank(RegimeMaskNonMay(F3_high_liquidity_high_vol,Sub(ZScore(TSStd(ret_3,6)),Rank(TSMean(ret_3,4))))),4),TSMean(ret_12,4))",af57d61d03a40e55,24,generated_candidate,original,0.1766,False,False,selected_for_strict_replay
a7o_l1_C0289_0752,C0289,752,H08_trade_size_microstructure_lite,P0_price_return,TSStdZScore,H24,cross_symbol_rank,none,low_turnover,F4_basis_dislocation,ret_12;ret_24,price,"SmoothInteraction(TSMean(cross_symbol_rank(ResidualizeVsFundingCore(Add(ZScore(TSStd(ret_24,16)),Rank(TSMean(ret_24,24))))),3),TSMean(ret_12,3))",9059da7e93e1d5e2,24,generated_candidate,original,0.17659999999999998,False,False,selected_for_strict_replay
a7o_l1_C0289_0373,C0289,373,H08_trade_size_microstructure_lite,P0_price_return,TSStdZScore,H24,cross_symbol_rank,none,low_turnover,F4_basis_dislocation,ret_24;ret_3,price,"SmoothInteraction(TSMean(cross_symbol_rank(RegimeMaskNonMay(F5_funding_neutral,Add(ZScore(TSStd(ret_3,8)),ZScore(TSMean(ret_24,60))))),24),TSMean(ret_24,24))",3ddfdc29eb6b6bae,24,generated_candidate,original,0.1756,False,False,selected_for_strict_replay
a7o_l1_C0289_0945,C0289,945,H08_trade_size_microstructure_lite,P0_price_return,TSStdZScore,H24,cross_symbol_rank,none,low_turnover,F4_basis_dislocation,ret_24,price,"SmoothInteraction(TSMean(cross_symbol_rank(ResidualizeVsCore4(Sub(ZScore(TSStd(ret_24,20)),ZScore(TSMean(ret_24,10))))),6),TSMean(ret_24,6))",7dd1c76b8516083a,24,generated_candidate,original,0.17559999999999998,False,False,selected_for_strict_replay
a7o_l1_C0289_0372,C0289,372,H08_trade_size_microstructure_lite,P0_price_return,TSStdZScore,H24,cross_symbol_rank,none,low_turnover,F4_basis_dislocation,ret_12;ret_3,price,"SmoothInteraction(TSMean(cross_symbol_rank(RegimeMaskNonMay(F3_high_liquidity_high_vol,Sub(ZScore(TSStd(ret_3,16)),Rank(TSMean(ret_3,24))))),10),TSMean(ret_12,10))",7d7261bb197df80c,24,generated_candidate,original,0.1746,False,False,selected_for_strict_replay
a7o_l1_C0289_0944,C0289,944,H08_trade_size_microstructure_lite,P0_price_return,TSStdZScore,H24,cross_symbol_rank,none,low_turnover,F4_basis_dislocation,ret_12;ret_24,price,"SmoothInteraction(TSMean(cross_symbol_rank(ResidualizeVsFundingCore(Add(ZScore(TSStd(ret_24,36)),Rank(TSMean(ret_24,84))))),8),TSMean(ret_12,8))",6ac2bd25d3cd0c66,24,generated_candidate,original,0.17459999999999998,False,False,selected_for_strict_replay
a7o_l1_C0289_0565,C0289,565,H08_trade_size_microstructure_lite,P0_price_return,TSStdZScore,H24,cross_symbol_rank,none,low_turnover,F4_basis_dislocation,ret_24;ret_3,price,"SmoothInteraction(TSMean(cross_symbol_rank(RegimeMaskNonMay(F5_funding_neutral,Add(ZScore(TSStd(ret_3,20)),ZScore(TSMean(ret_24,10))))),6),TSMean(ret_24,6))",1ea26c017c758fd7,24,generated_candidate,original,0.1736,False,False,selected_for_strict_replay
a7o_l1_C0289_0564,C0289,564,H08_trade_size_microstructure_lite,P0_price_return,TSStdZScore,H24,cross_symbol_rank,none,low_turnover,F4_basis_dislocation,ret_12;ret_3,price,"SmoothInteraction(TSMean(cross_symbol_rank(RegimeMaskNonMay(F3_high_liquidity_high_vol,Sub(ZScore(TSStd(ret_3,36)),Rank(TSMean(ret_3,36))))),20),TSMean(ret_12,20))",998bcf10101b1e87,24,generated_candidate,original,0.1726,False,False,selected_for_strict_replay
a7o_l1_C0289_1136,C0289,1136,H08_trade_size_microstructure_lite,P0_price_return,TSStdZScore,H24,cross_symbol_rank,none,low_turnover,F4_basis_dislocation,ret_12;ret_24,price,"SmoothInteraction(TSMean(cross_symbol_rank(ResidualizeVsFundingCore(Add(ZScore(TSStd(ret_24,10)),Rank(TSMean(ret_24,3))))),16),TSMean(ret_12,16))",1c9f8e45e20c7d2e,24,generated_candidate,original,0.1726,False,False,selected_for_strict_replay
a7o_l1_C0289_0757,C0289,757,H08_trade_size_microstructure_lite,P0_price_return,TSStdZScore,H24,cross_symbol_rank,none,low_turnover,F4_basis_dislocation,ret_24;ret_3,price,"SmoothInteraction(TSMean(cross_symbol_rank(RegimeMaskNonMay(F5_funding_neutral,Add(ZScore(TSStd(ret_3,48)),ZScore(TSMean(ret_24,10))))),16),TSMean(ret_24,16))",4b633f8040bd9777,24,generated_candidate,original,0.1716,False,False,selected_for_strict_replay
a7o_l1_C0290_1648,C0290,1648,H08_trade_size_microstructure_lite,P5_basis_premium,AbsZScore,H24,same_symbol_rank,none,medium_turnover,F2_low_liquidity,cs_z_mark_index_ratio;cs_z_premium_index,basis,"SmoothInteraction(Clip(ResidualizeVsFundingCore(Add(Abs(ZScore(Delta(cs_z_premium_index,24))),Rank(TSMean(cs_z_premium_index,20)))),-4.0,4.0),TSMean(cs_z_mark_index_ratio,24))",633b1dcebe732e83,24,generated_candidate,original,0.1963,False,False,selected_for_strict_replay
a7o_l1_C0290_1841,C0290,1841,H08_trade_size_microstructure_lite,P5_basis_premium,AbsZScore,H24,same_symbol_rank,none,medium_turnover,F2_low_liquidity,mark_minus_index;premium_index,basis,"SmoothInteraction(Clip(ResidualizeVsCore4(Sub(Abs(ZScore(Delta(mark_minus_index,30))),ZScore(TSMean(premium_index,12)))),-4.0,4.0),TSMean(premium_index,10))",95b06454bf112a98,24,generated_candidate,original,0.1953,False,False,selected_for_strict_replay
a7o_l1_C0290_1840,C0290,1840,H08_trade_size_microstructure_lite,P5_basis_premium,AbsZScore,H24,same_symbol_rank,none,medium_turnover,F2_low_liquidity,mark_minus_index,basis,"SmoothInteraction(Clip(ResidualizeVsFundingCore(Add(Abs(ZScore(Delta(mark_minus_index,6))),Rank(TSMean(mark_minus_index,4)))),-4.0,4.0),TSMean(mark_minus_index,6))",272e0a5c2fed12b3,24,generated_candidate,original,0.1943,False,False,selected_for_strict_replay
a7o_l1_C0290_2033,C0290,2033,H08_trade_size_microstructure_lite,P5_basis_premium,AbsZScore,H24,same_symbol_rank,none,medium_turnover,F2_low_liquidity,mark_index_ratio;premium_index,basis,"SmoothInteraction(Clip(ResidualizeVsCore4(Sub(Abs(ZScore(Delta(premium_index,8))),ZScore(TSMean(mark_index_ratio,72)))),-4.0,4.0),TSMean(mark_index_ratio,24))",26e7cb2c351f5c8a,24,generated_candidate,original,0.1933,False,False,selected_for_strict_replay
a7o_l1_C0290_2032,C0290,2032,H08_trade_size_microstructure_lite,P5_basis_premium,AbsZScore,H24,same_symbol_rank,none,medium_turnover,F2_low_liquidity,cs_z_premium_index;premium_index,basis,"SmoothInteraction(Clip(ResidualizeVsFundingCore(Add(Abs(ZScore(Delta(premium_index,16))),Rank(TSMean(premium_index,24)))),-4.0,4.0),TSMean(cs_z_premium_index,12))",25a1dd90717eb230,24,generated_candidate,original,0.1923,False,False,selected_for_strict_replay
a7o_l1_C0290_2036,C0290,2036,H08_trade_size_microstructure_lite,P5_basis_premium,AbsZScore,H24,same_symbol_rank,none,medium_turnover,F2_low_liquidity,cs_z_mark_index_ratio,basis,"SmoothInteraction(Clip(RegimeMaskNonMay(F3_high_liquidity_high_vol,Sub(Abs(ZScore(Delta(cs_z_mark_index_ratio,10))),Rank(TSMean(cs_z_mark_index_ratio,3)))),-4.0,4.0),TSMean(cs_z_mark_index_ratio,16))",8801d66b06ae4257,24,generated_candidate,original,0.1863,False,False,selected_for_strict_replay
a7o_l1_C0290_0177,C0290,177,H08_trade_size_microstructure_lite,P5_basis_premium,AbsZScore,H24,same_symbol_rank,none,medium_turnover,F2_low_liquidity,mark_minus_index;premium_index,basis,"SmoothInteraction(Clip(ResidualizeVsCore4(Sub(Abs(ZScore(Delta(premium_index,48))),ZScore(TSMean(mark_minus_index,10)))),-4.0,4.0),TSMean(mark_minus_index,16))",f7faa42b54ad856b,24,generated_candidate,original,0.1803,False,False,selected_for_strict_replay
a7o_l1_C0290_0176,C0290,176,H08_trade_size_microstructure_lite,P5_basis_premium,AbsZScore,H24,same_symbol_rank,none,medium_turnover,F2_low_liquidity,mark_index_ratio;premium_index,basis,"SmoothInteraction(Clip(ResidualizeVsFundingCore(Add(Abs(ZScore(Delta(premium_index,10))),Rank(TSMean(premium_index,8)))),-4.0,4.0),TSMean(mark_index_ratio,3))",49268b3d0fbd8bac,24,generated_candidate,original,0.1793,False,False,selected_for_strict_replay
a7o_l1_C0290_0369,C0290,369,H08_trade_size_microstructure_lite,P5_basis_premium,AbsZScore,H24,same_symbol_rank,none,medium_turnover,F2_low_liquidity,premium_index,basis,"SmoothInteraction(Clip(ResidualizeVsCore4(Sub(Abs(ZScore(Delta(premium_index,12))),ZScore(TSMean(premium_index,24)))),-4.0,4.0),TSMean(premium_index,36))",83c5b152d880a826,24,generated_candidate,original,0.1783,False,False,selected_for_strict_replay
a7o_l1_C0290_0368,C0290,368,H08_trade_size_microstructure_lite,P5_basis_premium,AbsZScore,H24,same_symbol_rank,none,medium_turnover,F2_low_liquidity,mark_minus_index;premium_index,basis,"SmoothInteraction(Clip(ResidualizeVsFundingCore(Add(Abs(ZScore(Delta(premium_index,24))),Rank(TSMean(premium_index,48)))),-4.0,4.0),TSMean(mark_minus_index,8))",f3fa11742ac0055b,24,generated_candidate,original,0.17729999999999999,False,False,selected_for_strict_replay
a7o_l1_C0290_0561,C0290,561,H08_trade_size_microstructure_lite,P5_basis_premium,AbsZScore,H24,same_symbol_rank,none,medium_turnover,F2_low_liquidity,cs_z_premium_index;mark_index_ratio,basis,"SmoothInteraction(Clip(ResidualizeVsCore4(Sub(Abs(ZScore(Delta(cs_z_premium_index,30))),ZScore(TSMean(mark_index_ratio,3)))),-4.0,4.0),TSMean(mark_index_ratio,10))",fb3c50a15a3e8ae0,24,generated_candidate,original,0.17629999999999998,False,False,selected_for_strict_replay
a7o_l1_C0290_0560,C0290,560,H08_trade_size_microstructure_lite,P5_basis_premium,AbsZScore,H24,same_symbol_rank,none,medium_turnover,F2_low_liquidity,cs_z_premium_index,basis,"SmoothInteraction(Clip(ResidualizeVsFundingCore(Add(Abs(ZScore(Delta(cs_z_premium_index,6))),Rank(TSMean(cs_z_premium_index,4)))),-4.0,4.0),TSMean(cs_z_premium_index,16))",f991eea1dc91b462,24,generated_candidate,original,0.17529999999999998,False,False,selected_for_strict_replay
a7o_l1_C0290_0181,C0290,181,H08_trade_size_microstructure_lite,P5_basis_premium,AbsZScore,H24,same_symbol_rank,none,medium_turnover,F2_low_liquidity,cs_z_mark_index_ratio;mark_index_ratio,basis,"SmoothInteraction(Clip(RegimeMaskNonMay(F5_funding_neutral,Add(Abs(ZScore(Delta(cs_z_mark_index_ratio,30))),ZScore(TSMean(mark_index_ratio,10)))),-4.0,4.0),TSMean(mark_index_ratio,10))",4bada99179f7db06,24,generated_candidate,original,0.1743,False,False,selected_for_strict_replay
a7o_l1_C0290_0753,C0290,753,H08_trade_size_microstructure_lite,P5_basis_premium,AbsZScore,H24,same_symbol_rank,none,medium_turnover,F2_low_liquidity,cs_z_mark_index_ratio;mark_index_ratio,basis,"SmoothInteraction(Clip(ResidualizeVsCore4(Sub(Abs(ZScore(Delta(mark_index_ratio,8))),ZScore(TSMean(cs_z_mark_index_ratio,24)))),-4.0,4.0),TSMean(cs_z_mark_index_ratio,24))",4e2d147ba952b27c,24,generated_candidate,original,0.17429999999999998,False,False,selected_for_strict_replay
a7o_l1_C0290_0180,C0290,180,H08_trade_size_microstructure_lite,P5_basis_premium,AbsZScore,H24,same_symbol_rank,none,medium_turnover,F2_low_liquidity,cs_z_mark_index_ratio;cs_z_premium_index,basis,"SmoothInteraction(Clip(RegimeMaskNonMay(F3_high_liquidity_high_vol,Sub(Abs(ZScore(Delta(cs_z_mark_index_ratio,6))),Rank(TSMean(cs_z_mark_index_ratio,4)))),-4.0,4.0),TSMean(cs_z_premium_index,4))",5488e02495e7cc68,24,generated_candidate,original,0.1733,False,False,selected_for_strict_replay
a7o_l1_C0290_0752,C0290,752,H08_trade_size_microstructure_lite,P5_basis_premium,AbsZScore,H24,same_symbol_rank,none,medium_turnover,F2_low_liquidity,mark_index_ratio;premium_index,basis,"SmoothInteraction(Clip(ResidualizeVsFundingCore(Add(Abs(ZScore(Delta(mark_index_ratio,16))),Rank(TSMean(mark_index_ratio,24)))),-4.0,4.0),TSMean(premium_index,3))",03f521a29816dcba,24,generated_candidate,original,0.17329999999999998,False,False,selected_for_strict_replay
a7o_l1_C0290_0373,C0290,373,H08_trade_size_microstructure_lite,P5_basis_premium,AbsZScore,H24,same_symbol_rank,none,medium_turnover,F2_low_liquidity,cs_z_mark_index_ratio;mark_minus_index,basis,"SmoothInteraction(Clip(RegimeMaskNonMay(F5_funding_neutral,Add(Abs(ZScore(Delta(cs_z_mark_index_ratio,8))),ZScore(TSMean(mark_minus_index,60)))),-4.0,4.0),TSMean(mark_minus_index,24))",ba84543cca4b60c1,24,generated_candidate,original,0.1723,False,False,selected_for_strict_replay
a7o_l1_C0290_0945,C0290,945,H08_trade_size_microstructure_lite,P5_basis_premium,AbsZScore,H24,same_symbol_rank,none,medium_turnover,F2_low_liquidity,cs_z_premium_index;mark_minus_index,basis,"SmoothInteraction(Clip(ResidualizeVsCore4(Sub(Abs(ZScore(Delta(mark_minus_index,20))),ZScore(TSMean(cs_z_premium_index,10)))),-4.0,4.0),TSMean(cs_z_premium_index,6))",00d34774b25b6f82,24,generated_candidate,original,0.17229999999999998,False,False,selected_for_strict_replay
a7o_l1_C0290_0372,C0290,372,H08_trade_size_microstructure_lite,P5_basis_premium,AbsZScore,H24,same_symbol_rank,none,medium_turnover,F2_low_liquidity,cs_z_mark_index_ratio;mark_index_ratio,basis,"SmoothInteraction(Clip(RegimeMaskNonMay(F3_high_liquidity_high_vol,Sub(Abs(ZScore(Delta(cs_z_mark_index_ratio,16))),Rank(TSMean(cs_z_mark_index_ratio,24)))),-4.0,4.0),TSMean(mark_index_ratio,10))",a43183e4343949a8,24,generated_candidate,original,0.1713,False,False,selected_for_strict_replay
a7o_l1_C0290_0944,C0290,944,H08_trade_size_microstructure_lite,P5_basis_premium,AbsZScore,H24,same_symbol_rank,none,medium_turnover,F2_low_liquidity,cs_z_mark_index_ratio;mark_index_ratio,basis,"SmoothInteraction(Clip(ResidualizeVsFundingCore(Add(Abs(ZScore(Delta(mark_index_ratio,36))),Rank(TSMean(mark_index_ratio,84)))),-4.0,4.0),TSMean(cs_z_mark_index_ratio,8))",2cca2c48cc8a1664,24,generated_candidate,original,0.17129999999999998,False,False,selected_for_strict_replay
a7o_l1_C0290_0565,C0290,565,H08_trade_size_microstructure_lite,P5_basis_premium,AbsZScore,H24,same_symbol_rank,none,medium_turnover,F2_low_liquidity,cs_z_premium_index;mark_index_ratio,basis,"SmoothInteraction(Clip(RegimeMaskNonMay(F5_funding_neutral,Add(Abs(ZScore(Delta(mark_index_ratio,20))),ZScore(TSMean(cs_z_premium_index,10)))),-4.0,4.0),TSMean(cs_z_premium_index,6))",063f8bb3c963c6be,24,generated_candidate,original,0.1703,False,False,selected_for_strict_replay
a7o_l1_C0290_1137,C0290,1137,H08_trade_size_microstructure_lite,P5_basis_premium,AbsZScore,H24,same_symbol_rank,none,medium_turnover,F2_low_liquidity,premium_index,basis,"SmoothInteraction(Clip(ResidualizeVsCore4(Sub(Abs(ZScore(Delta(premium_index,48))),ZScore(TSMean(premium_index,10)))),-4.0,4.0),TSMean(premium_index,16))",39fd48fa77a42535,24,generated_candidate,original,0.1703,False,False,selected_for_strict_replay
a7o_l1_C0290_0564,C0290,564,H08_trade_size_microstructure_lite,P5_basis_premium,AbsZScore,H24,same_symbol_rank,none,medium_turnover,F2_low_liquidity,cs_z_mark_index_ratio;cs_z_premium_index,basis,"SmoothInteraction(Clip(RegimeMaskNonMay(F3_high_liquidity_high_vol,Sub(Abs(ZScore(Delta(cs_z_premium_index,36))),Rank(TSMean(cs_z_premium_index,36)))),-4.0,4.0),TSMean(cs_z_mark_index_ratio,20))",f35274b447464cb6,24,generated_candidate,original,0.1693,False,False,selected_for_strict_replay
a7o_l1_C0290_1136,C0290,1136,H08_trade_size_microstructure_lite,P5_basis_premium,AbsZScore,H24,same_symbol_rank,none,medium_turnover,F2_low_liquidity,mark_minus_index;premium_index,basis,"SmoothInteraction(Clip(ResidualizeVsFundingCore(Add(Abs(ZScore(Delta(premium_index,10))),Rank(TSMean(premium_index,3)))),-4.0,4.0),TSMean(mark_minus_index,16))",480e16a0c0b5be14,24,generated_candidate,original,0.1693,False,False,selected_for_strict_replay
a7o_l1_C0291_2036,C0291,2036,H02_cross_symbol_dispersion_reversal,P11_volatility_basis,NegRank,H6,cross_symbol_rank,FundingCore_and_Core4,lag_stable,F6_cross_symbol_dispersion,mark_index_ratio;realized_vol_12,basis;volatility,"Neg(CrossSymbolZScore(Decay(ResidualizeVsCore4(ResidualizeVsFundingCore(cross_symbol_rank(RegimeMaskNonMay(F3_high_liquidity_high_vol,Sub(Neg(Rank(Decay(realized_vol_12,3))),Rank(TSMean(realized_vol_12,3))))))),16)))",1647aedfa4a22d05,6,generated_candidate,original,0.3023,False,False,selected_for_strict_replay
a7o_l1_C0291_0181,C0291,181,H02_cross_symbol_dispersion_reversal,P11_volatility_basis,NegRank,H6,cross_symbol_rank,FundingCore_and_Core4,lag_stable,F6_cross_symbol_dispersion,premium_index;realized_vol_12,basis;volatility,"Neg(CrossSymbolZScore(Decay(ResidualizeVsCore4(ResidualizeVsFundingCore(cross_symbol_rank(RegimeMaskNonMay(F5_funding_neutral,Add(Neg(Rank(Decay(realized_vol_12,3))),ZScore(TSMean(premium_index,10))))))),10)))",dbdb7ce481a78eaf,6,generated_candidate,original,0.2903,False,False,selected_for_strict_replay
a7o_l1_C0291_0180,C0291,180,H02_cross_symbol_dispersion_reversal,P11_volatility_basis,NegRank,H6,cross_symbol_rank,FundingCore_and_Core4,lag_stable,F6_cross_symbol_dispersion,mark_index_ratio;realized_vol_12,basis;volatility,"Neg(CrossSymbolZScore(Decay(ResidualizeVsCore4(ResidualizeVsFundingCore(cross_symbol_rank(RegimeMaskNonMay(F3_high_liquidity_high_vol,Sub(Neg(Rank(Decay(realized_vol_12,3))),Rank(TSMean(realized_vol_12,4))))))),4)))",3b64b041c85f2b2c,6,generated_candidate,original,0.2893,False,False,selected_for_strict_replay
a7o_l1_C0291_0373,C0291,373,H02_cross_symbol_dispersion_reversal,P11_volatility_basis,NegRank,H6,cross_symbol_rank,FundingCore_and_Core4,lag_stable,F6_cross_symbol_dispersion,premium_index;realized_vol_12,basis;volatility,"Neg(CrossSymbolZScore(Decay(ResidualizeVsCore4(ResidualizeVsFundingCore(cross_symbol_rank(RegimeMaskNonMay(F5_funding_neutral,Add(Neg(Rank(Decay(realized_vol_12,3))),ZScore(TSMean(premium_index,60))))))),24)))",2f4b029a53468a78,6,generated_candidate,original,0.2883,False,False,selected_for_strict_replay
a7o_l1_C0291_0372,C0291,372,H02_cross_symbol_dispersion_reversal,P11_volatility_basis,NegRank,H6,cross_symbol_rank,FundingCore_and_Core4,lag_stable,F6_cross_symbol_dispersion,mark_index_ratio;realized_vol_12,basis;volatility,"Neg(CrossSymbolZScore(Decay(ResidualizeVsCore4(ResidualizeVsFundingCore(cross_symbol_rank(RegimeMaskNonMay(F3_high_liquidity_high_vol,Sub(Neg(Rank(Decay(realized_vol_12,3))),Rank(TSMean(realized_vol_12,24))))))),10)))",a7dfa2d33c980950,6,generated_candidate,original,0.2873,False,False,selected_for_strict_replay
a7o_l1_C0291_0565,C0291,565,H02_cross_symbol_dispersion_reversal,P11_volatility_basis,NegRank,H6,cross_symbol_rank,FundingCore_and_Core4,lag_stable,F6_cross_symbol_dispersion,premium_index;realized_vol_12,basis;volatility,"Neg(CrossSymbolZScore(Decay(ResidualizeVsCore4(ResidualizeVsFundingCore(cross_symbol_rank(RegimeMaskNonMay(F5_funding_neutral,Add(Neg(Rank(Decay(realized_vol_12,3))),ZScore(TSMean(premium_index,10))))))),6)))",c2116e165db12ebd,6,generated_candidate,original,0.2863,False,False,selected_for_strict_replay
a7o_l1_C0291_0564,C0291,564,H02_cross_symbol_dispersion_reversal,P11_volatility_basis,NegRank,H6,cross_symbol_rank,FundingCore_and_Core4,lag_stable,F6_cross_symbol_dispersion,mark_index_ratio;realized_vol_12,basis;volatility,"Neg(CrossSymbolZScore(Decay(ResidualizeVsCore4(ResidualizeVsFundingCore(cross_symbol_rank(RegimeMaskNonMay(F3_high_liquidity_high_vol,Sub(Neg(Rank(Decay(realized_vol_12,3))),Rank(TSMean(realized_vol_12,36))))))),20)))",9c3905fd1487524a,6,generated_candidate,original,0.2853,False,False,selected_for_strict_replay
a7o_l1_C0291_0757,C0291,757,H02_cross_symbol_dispersion_reversal,P11_volatility_basis,NegRank,H6,cross_symbol_rank,FundingCore_and_Core4,lag_stable,F6_cross_symbol_dispersion,premium_index;realized_vol_12,basis;volatility,"Neg(CrossSymbolZScore(Decay(ResidualizeVsCore4(ResidualizeVsFundingCore(cross_symbol_rank(RegimeMaskNonMay(F5_funding_neutral,Add(Neg(Rank(Decay(realized_vol_12,3))),ZScore(TSMean(premium_index,10))))))),16)))",91c85211a4ae9919,6,generated_candidate,original,0.2843,False,False,selected_for_strict_replay
a7o_l1_C0291_0756,C0291,756,H02_cross_symbol_dispersion_reversal,P11_volatility_basis,NegRank,H6,cross_symbol_rank,FundingCore_and_Core4,lag_stable,F6_cross_symbol_dispersion,mark_index_ratio;realized_vol_12,basis;volatility,"Neg(CrossSymbolZScore(Decay(ResidualizeVsCore4(ResidualizeVsFundingCore(cross_symbol_rank(RegimeMaskNonMay(F3_high_liquidity_high_vol,Sub(Neg(Rank(Decay(realized_vol_12,3))),Rank(TSMean(realized_vol_12,10))))))),4)))",e7c015ed1a3c5bf5,6,generated_candidate,original,0.2833,False,False,selected_for_strict_replay
a7o_l1_C0291_0096,C0291,96,H02_cross_symbol_dispersion_reversal,P11_volatility_basis,NegRank,H6,cross_symbol_rank,FundingCore_and_Core4,lag_stable,F6_cross_symbol_dispersion,mark_index_ratio;realized_vol_12,basis;volatility,"Neg(CrossSymbolZScore(Decay(ResidualizeVsCore4(ResidualizeVsFundingCore(cross_symbol_rank(Mul(Neg(Rank(TSMean(mark_index_ratio,4))),Neg(Rank(Decay(mark_index_ratio,3))))))),20)))",211c144bd1719659,6,generated_candidate,original,0.2823,False,False,selected_for_strict_replay
a7o_l1_C0291_0387,C0291,387,H02_cross_symbol_dispersion_reversal,P11_volatility_basis,NegRank,H6,cross_symbol_rank,FundingCore_and_Core4,lag_stable,F6_cross_symbol_dispersion,premium_index;realized_vol_12,basis;volatility,"Neg(CrossSymbolZScore(Decay(ResidualizeVsCore4(ResidualizeVsFundingCore(cross_symbol_rank(Clip(Neg(Rank(Decay(realized_vol_12,3))),-4.0,4.0)))),60)))",a95767a7ec72434e,6,generated_candidate,original,0.2823,False,False,selected_for_strict_replay
a7o_l1_C0291_0484,C0291,484,H02_cross_symbol_dispersion_reversal,P11_volatility_basis,NegRank,H6,cross_symbol_rank,FundingCore_and_Core4,lag_stable,F6_cross_symbol_dispersion,premium_index;realized_vol_12,basis;volatility,"Neg(CrossSymbolZScore(Decay(ResidualizeVsCore4(ResidualizeVsFundingCore(cross_symbol_rank(SafeDiv(Sub(Neg(Rank(Decay(premium_index,3))),Rank(TSMean(premium_index,36))),Clip(Abs(TSRank(realized_vol_12,72)),0.05,2.25))))),12)))",5e283ad6b238793f,6,generated_candidate,original,0.2823,False,False,selected_for_strict_replay
a7o_l1_C0291_0775,C0291,775,H02_cross_symbol_dispersion_reversal,P11_volatility_basis,NegRank,H6,cross_symbol_rank,FundingCore_and_Core4,lag_stable,F6_cross_symbol_dispersion,premium_index;realized_vol_24,basis;volatility,"Neg(CrossSymbolZScore(Decay(ResidualizeVsCore4(ResidualizeVsFundingCore(cross_symbol_rank(SafeDiv(Neg(Rank(Decay(realized_vol_24,3))),Clip(Abs(ZScore(TSStd(premium_index,10))),0.05,6.0))))),24)))",bdf5f2bcfd330902,6,generated_candidate,original,0.2823,False,False,selected_for_strict_replay
a7o_l1_C0291_0949,C0291,949,H02_cross_symbol_dispersion_reversal,P11_volatility_basis,NegRank,H6,cross_symbol_rank,FundingCore_and_Core4,lag_stable,F6_cross_symbol_dispersion,premium_index;realized_vol_12,basis;volatility,"Neg(CrossSymbolZScore(Decay(ResidualizeVsCore4(ResidualizeVsFundingCore(cross_symbol_rank(RegimeMaskNonMay(F5_funding_neutral,Add(Neg(Rank(Decay(realized_vol_12,3))),ZScore(TSMean(premium_index,60))))))),36)))",bf6f5f14496a0a0a,6,generated_candidate,original,0.2823,False,False,selected_for_strict_replay
a7o_l1_C0291_0969,C0291,969,H02_cross_symbol_dispersion_reversal,P11_volatility_basis,NegRank,H6,cross_symbol_rank,FundingCore_and_Core4,lag_stable,F6_cross_symbol_dispersion,mark_index_ratio;realized_vol_24,basis;volatility,"Neg(CrossSymbolZScore(Decay(ResidualizeVsCore4(ResidualizeVsFundingCore(cross_symbol_rank(Rank(Delta(Neg(Rank(Decay(mark_index_ratio,3))),72))))),36)))",7fbb102aac292d75,6,generated_candidate,original,0.2823,False,False,selected_for_strict_replay
a7o_l1_C0291_1066,C0291,1066,H02_cross_symbol_dispersion_reversal,P11_volatility_basis,NegRank,H6,cross_symbol_rank,FundingCore_and_Core4,lag_stable,F6_cross_symbol_dispersion,mark_index_ratio;realized_vol_12,basis;volatility,"Neg(CrossSymbolZScore(Decay(ResidualizeVsCore4(ResidualizeVsFundingCore(cross_symbol_rank(Rank(SmoothInteraction(Neg(Rank(Decay(realized_vol_12,3))),TSStd(realized_vol_12,12)))))),20)))",01bd50d39800ee6e,6,generated_candidate,original,0.2823,False,False,selected_for_strict_replay
a7o_l1_C0291_1357,C0291,1357,H02_cross_symbol_dispersion_reversal,P11_volatility_basis,NegRank,H6,cross_symbol_rank,FundingCore_and_Core4,lag_stable,F6_cross_symbol_dispersion,premium_index;realized_vol_24,basis;volatility,"Neg(CrossSymbolZScore(Decay(ResidualizeVsCore4(ResidualizeVsFundingCore(cross_symbol_rank(Mul(ZScore(TSMean(premium_index,8)),Neg(Rank(Decay(premium_index,3))))))),16)))",9418c6e1f00d6571,6,generated_candidate,original,0.2823,False,False,selected_for_strict_replay
a7o_l1_C0291_1454,C0291,1454,H02_cross_symbol_dispersion_reversal,P11_volatility_basis,NegRank,H6,cross_symbol_rank,FundingCore_and_Core4,lag_stable,F6_cross_symbol_dispersion,mark_index_ratio;realized_vol_24,basis;volatility,"Neg(CrossSymbolZScore(Decay(ResidualizeVsCore4(ResidualizeVsFundingCore(cross_symbol_rank(Mul(SafeDiv(ZScore(TSMean(realized_vol_24,24)),Clip(Abs(ZScore(TSMean(mark_index_ratio,48))),0.05,3.0)),Neg(Rank(Decay(realized_vol_24,3))))))),12)))",e3376ed94b2cf324,6,generated_candidate,original,0.2823,False,False,selected_for_strict_replay
a7o_l1_C0291_1745,C0291,1745,H02_cross_symbol_dispersion_reversal,P11_volatility_basis,NegRank,H6,cross_symbol_rank,FundingCore_and_Core4,lag_stable,F6_cross_symbol_dispersion,premium_index;realized_vol_24,basis;volatility,"Neg(CrossSymbolZScore(Decay(ResidualizeVsCore4(ResidualizeVsFundingCore(cross_symbol_rank(SmoothInteraction(Neg(Rank(Decay(realized_vol_24,3))),TSMean(premium_index,10))))),6)))",ce640bddf857bb91,6,generated_candidate,original,0.2823,False,False,selected_for_strict_replay
a7o_l1_C0291_1842,C0291,1842,H02_cross_symbol_dispersion_reversal,P11_volatility_basis,NegRank,H6,cross_symbol_rank,FundingCore_and_Core4,lag_stable,F6_cross_symbol_dispersion,premium_index;realized_vol_12,basis;volatility,"Neg(CrossSymbolZScore(Decay(ResidualizeVsCore4(ResidualizeVsFundingCore(CrossSymbolRank(Add(Neg(Rank(Decay(premium_index,3))),TSMean(premium_index,24))))),60)))",710ce96e670c21e2,6,generated_candidate,original,0.2823,False,False,selected_for_strict_replay
a7o_l1_C0291_0289,C0291,289,H02_cross_symbol_dispersion_reversal,P11_volatility_basis,NegRank,H6,cross_symbol_rank,FundingCore_and_Core4,lag_stable,F6_cross_symbol_dispersion,mark_index_ratio;realized_vol_24,basis;volatility,"Neg(CrossSymbolZScore(Decay(ResidualizeVsCore4(ResidualizeVsFundingCore(cross_symbol_rank(Add(Abs(ZScore(TSStd(mark_index_ratio,72))),Neg(Rank(Decay(mark_index_ratio,3))))))),36)))",a9884957eab6e250,6,generated_candidate,original,0.2813,False,False,selected_for_strict_replay
a7o_l1_C0291_0386,C0291,386,H02_cross_symbol_dispersion_reversal,P11_volatility_basis,NegRank,H6,cross_symbol_rank,FundingCore_and_Core4,lag_stable,F6_cross_symbol_dispersion,mark_index_ratio;realized_vol_12,basis;volatility,"Neg(CrossSymbolZScore(Decay(ResidualizeVsCore4(ResidualizeVsFundingCore(cross_symbol_rank(ZScore(Decay(Neg(Rank(Decay(realized_vol_12,3))),16))))),24)))",8690232c80663c35,6,generated_candidate,original,0.2813,False,False,selected_for_strict_replay
a7o_l1_C0291_0677,C0291,677,H02_cross_symbol_dispersion_reversal,P11_volatility_basis,NegRank,H6,cross_symbol_rank,FundingCore_and_Core4,lag_stable,F6_cross_symbol_dispersion,premium_index;realized_vol_24,basis;volatility,"Neg(CrossSymbolZScore(Decay(ResidualizeVsCore4(ResidualizeVsFundingCore(cross_symbol_rank(RollingMax(Sub(Neg(Rank(Decay(premium_index,3))),ZScore(TSMean(premium_index,8))),10)))),16)))",e0ce00fb0420adc9,6,generated_candidate,original,0.2813,False,False,selected_for_strict_replay
a7o_l1_C0291_0774,C0291,774,H02_cross_symbol_dispersion_reversal,P11_volatility_basis,NegRank,H6,cross_symbol_rank,FundingCore_and_Core4,lag_stable,F6_cross_symbol_dispersion,mark_index_ratio;realized_vol_24,basis;volatility,"Neg(CrossSymbolZScore(Decay(ResidualizeVsCore4(ResidualizeVsFundingCore(cross_symbol_rank(Mul(Neg(Rank(Decay(realized_vol_24,3))),Rank(TSStd(realized_vol_24,24)))))),16)))",afe05b9ffa3737db,6,generated_candidate,original,0.2813,False,False,selected_for_strict_replay
a7o_l1_C0292_2036,C0292,2036,H12_horizon_ensemble_stability,P11_volatility_basis,TSMeanRank,mixed_6_24,same_symbol_rank,FundingCore_and_Core4,medium_turnover,F0_calendar_blocks,mark_index_ratio;realized_vol_12,basis;volatility,"Add(Clip(ResidualizeVsCore4(ResidualizeVsFundingCore(RegimeMaskNonMay(F3_high_liquidity_high_vol,Sub(Rank(TSMean(realized_vol_12,12)),Rank(TSMean(realized_vol_12,3)))))),-4.0,4.0),HorizonSpread(realized_vol_12,16,24))",ab7e7f2b0ee98cf9,12,generated_candidate,original,0.30590000000000006,False,False,selected_for_strict_replay
a7o_l1_C0292_0181,C0292,181,H12_horizon_ensemble_stability,P11_volatility_basis,TSMeanRank,mixed_6_24,same_symbol_rank,FundingCore_and_Core4,medium_turnover,F0_calendar_blocks,premium_index;realized_vol_12,basis;volatility,"Add(Clip(ResidualizeVsCore4(ResidualizeVsFundingCore(RegimeMaskNonMay(F5_funding_neutral,Add(Rank(TSMean(realized_vol_12,20)),ZScore(TSMean(premium_index,10)))))),-4.0,4.0),HorizonSpread(realized_vol_12,10,12))",64cf6df9775f02d2,12,generated_candidate,original,0.29390000000000005,False,False,selected_for_strict_replay
a7o_l1_C0292_0180,C0292,180,H12_horizon_ensemble_stability,P11_volatility_basis,TSMeanRank,mixed_6_24,same_symbol_rank,FundingCore_and_Core4,medium_turnover,F0_calendar_blocks,mark_index_ratio;realized_vol_12,basis;volatility,"Add(Clip(ResidualizeVsCore4(ResidualizeVsFundingCore(RegimeMaskNonMay(F3_high_liquidity_high_vol,Sub(Rank(TSMean(realized_vol_12,3)),Rank(TSMean(realized_vol_12,4)))))),-4.0,4.0),HorizonSpread(realized_vol_12,4,8))",f78cdeaa3f36dd27,6,generated_candidate,original,0.29290000000000005,False,False,selected_for_strict_replay
a7o_l1_C0292_0373,C0292,373,H12_horizon_ensemble_stability,P11_volatility_basis,TSMeanRank,mixed_6_24,same_symbol_rank,FundingCore_and_Core4,medium_turnover,F0_calendar_blocks,premium_index;realized_vol_12,basis;volatility,"Add(Clip(ResidualizeVsCore4(ResidualizeVsFundingCore(RegimeMaskNonMay(F5_funding_neutral,Add(Rank(TSMean(realized_vol_12,16)),ZScore(TSMean(premium_index,60)))))),-4.0,4.0),HorizonSpread(realized_vol_12,24,30))",9e7957c7d45dd5bb,48,generated_candidate,original,0.29190000000000005,False,False,selected_for_strict_replay
a7o_l1_C0292_0372,C0292,372,H12_horizon_ensemble_stability,P11_volatility_basis,TSMeanRank,mixed_6_24,same_symbol_rank,FundingCore_and_Core4,medium_turnover,F0_calendar_blocks,mark_index_ratio;realized_vol_12,basis;volatility,"Add(Clip(ResidualizeVsCore4(ResidualizeVsFundingCore(RegimeMaskNonMay(F3_high_liquidity_high_vol,Sub(Rank(TSMean(realized_vol_12,16)),Rank(TSMean(realized_vol_12,24)))))),-4.0,4.0),HorizonSpread(realized_vol_12,10,16))",9c879face67a5d8a,24,generated_candidate,original,0.29090000000000005,False,False,selected_for_strict_replay
a7o_l1_C0292_0565,C0292,565,H12_horizon_ensemble_stability,P11_volatility_basis,TSMeanRank,mixed_6_24,same_symbol_rank,FundingCore_and_Core4,medium_turnover,F0_calendar_blocks,premium_index;realized_vol_12,basis;volatility,"Add(Clip(ResidualizeVsCore4(ResidualizeVsFundingCore(RegimeMaskNonMay(F5_funding_neutral,Add(Rank(TSMean(realized_vol_12,3)),ZScore(TSMean(premium_index,10)))))),-4.0,4.0),HorizonSpread(realized_vol_12,6,8))",1c3d1a83ad9fa8ba,6,generated_candidate,original,0.28990000000000005,False,False,selected_for_strict_replay
a7o_l1_C0292_0564,C0292,564,H12_horizon_ensemble_stability,P11_volatility_basis,TSMeanRank,mixed_6_24,same_symbol_rank,FundingCore_and_Core4,medium_turnover,F0_calendar_blocks,mark_index_ratio;realized_vol_12,basis;volatility,"Add(Clip(ResidualizeVsCore4(ResidualizeVsFundingCore(RegimeMaskNonMay(F3_high_liquidity_high_vol,Sub(Rank(TSMean(realized_vol_12,60)),Rank(TSMean(realized_vol_12,36)))))),-4.0,4.0),HorizonSpread(realized_vol_12,20,3))",690a43cf14e0cc48,72,generated_candidate,original,0.28890000000000005,False,False,selected_for_strict_replay
a7o_l1_C0292_0757,C0292,757,H12_horizon_ensemble_stability,P11_volatility_basis,TSMeanRank,mixed_6_24,same_symbol_rank,FundingCore_and_Core4,medium_turnover,F0_calendar_blocks,premium_index;realized_vol_12,basis;volatility,"Add(Clip(ResidualizeVsCore4(ResidualizeVsFundingCore(RegimeMaskNonMay(F5_funding_neutral,Add(Rank(TSMean(realized_vol_12,48)),ZScore(TSMean(premium_index,10)))))),-4.0,4.0),HorizonSpread(realized_vol_12,16,20))",24de8627e58a2355,24,generated_candidate,original,0.28790000000000004,False,False,selected_for_strict_replay
a7o_l1_C0292_0756,C0292,756,H12_horizon_ensemble_stability,P11_volatility_basis,TSMeanRank,mixed_6_24,same_symbol_rank,FundingCore_and_Core4,medium_turnover,F0_calendar_blocks,mark_index_ratio;realized_vol_12,basis;volatility,"Add(Clip(ResidualizeVsCore4(ResidualizeVsFundingCore(RegimeMaskNonMay(F3_high_liquidity_high_vol,Sub(Rank(TSMean(realized_vol_12,3)),Rank(TSMean(realized_vol_12,10)))))),-4.0,4.0),HorizonSpread(realized_vol_12,4,8))",4b7adda289732dbc,12,generated_candidate,original,0.28690000000000004,False,False,selected_for_strict_replay
a7o_l1_C0292_0096,C0292,96,H12_horizon_ensemble_stability,P11_volatility_basis,TSMeanRank,mixed_6_24,same_symbol_rank,FundingCore_and_Core4,medium_turnover,F0_calendar_blocks,mark_index_ratio;realized_vol_12,basis;volatility,"Add(Clip(ResidualizeVsCore4(ResidualizeVsFundingCore(Mul(Neg(Rank(TSMean(mark_index_ratio,4))),Rank(TSMean(mark_index_ratio,16))))),-4.0,4.0),HorizonSpread(mark_index_ratio,20,3))",58980c62fba73fa1,12,generated_candidate,original,0.28590000000000004,False,False,selected_for_strict_replay
a7o_l1_C0292_0387,C0292,387,H12_horizon_ensemble_stability,P11_volatility_basis,TSMeanRank,mixed_6_24,same_symbol_rank,FundingCore_and_Core4,medium_turnover,F0_calendar_blocks,premium_index;realized_vol_12,basis;volatility,"Add(Clip(ResidualizeVsCore4(ResidualizeVsFundingCore(Clip(Rank(TSMean(realized_vol_12,48)),-4.0,4.0))),-4.0,4.0),HorizonSpread(realized_vol_12,60,96))",e90fa87ff3ca3e1b,24,generated_candidate,original,0.28590000000000004,False,False,selected_for_strict_replay
a7o_l1_C0292_0484,C0292,484,H12_horizon_ensemble_stability,P11_volatility_basis,TSMeanRank,mixed_6_24,same_symbol_rank,FundingCore_and_Core4,medium_turnover,F0_calendar_blocks,premium_index;realized_vol_12,basis;volatility,"Add(Clip(ResidualizeVsCore4(ResidualizeVsFundingCore(SafeDiv(Sub(Rank(TSMean(premium_index,60)),Rank(TSMean(premium_index,36))),Clip(Abs(TSRank(realized_vol_12,72)),0.05,2.25)))),-4.0,4.0),HorizonSpread(premium_index,12,20))",04e7d5b3e0de5497,72,generated_candidate,original,0.28590000000000004,False,False,selected_for_strict_replay
a7o_l1_C0292_0775,C0292,775,H12_horizon_ensemble_stability,P11_volatility_basis,TSMeanRank,mixed_6_24,same_symbol_rank,FundingCore_and_Core4,medium_turnover,F0_calendar_blocks,premium_index;realized_vol_24,basis;volatility,"Add(Clip(ResidualizeVsCore4(ResidualizeVsFundingCore(SafeDiv(Rank(TSMean(realized_vol_24,3)),Clip(Abs(ZScore(TSStd(premium_index,10))),0.05,6.0)))),-4.0,4.0),HorizonSpread(realized_vol_24,24,48))",8f4ee4bdc40c3e78,6,generated_candidate,original,0.28590000000000004,False,False,selected_for_strict_replay
a7o_l1_C0292_0949,C0292,949,H12_horizon_ensemble_stability,P11_volatility_basis,TSMeanRank,mixed_6_24,same_symbol_rank,FundingCore_and_Core4,medium_turnover,F0_calendar_blocks,premium_index;realized_vol_12,basis;volatility,"Add(Clip(ResidualizeVsCore4(ResidualizeVsFundingCore(RegimeMaskNonMay(F5_funding_neutral,Add(Rank(TSMean(realized_vol_12,48)),ZScore(TSMean(premium_index,60)))))),-4.0,4.0),HorizonSpread(realized_vol_12,36,48))",fbd96aae95fe23f3,72,generated_candidate,original,0.28590000000000004,False,False,selected_for_strict_replay
a7o_l1_C0292_0969,C0292,969,H12_horizon_ensemble_stability,P11_volatility_basis,TSMeanRank,mixed_6_24,same_symbol_rank,FundingCore_and_Core4,medium_turnover,F0_calendar_blocks,mark_index_ratio;realized_vol_24,basis;volatility,"Add(Clip(ResidualizeVsCore4(ResidualizeVsFundingCore(Rank(Delta(Rank(TSMean(mark_index_ratio,96)),72)))),-4.0,4.0),HorizonSpread(mark_index_ratio,36,48))",15497b9e9984e8cb,72,generated_candidate,original,0.28590000000000004,False,False,selected_for_strict_replay
a7o_l1_C0292_1066,C0292,1066,H12_horizon_ensemble_stability,P11_volatility_basis,TSMeanRank,mixed_6_24,same_symbol_rank,FundingCore_and_Core4,medium_turnover,F0_calendar_blocks,mark_index_ratio;realized_vol_12,basis;volatility,"Add(Clip(ResidualizeVsCore4(ResidualizeVsFundingCore(Rank(SmoothInteraction(Rank(TSMean(realized_vol_12,4)),TSStd(realized_vol_12,12))))),-4.0,4.0),HorizonSpread(realized_vol_12,20,30))",48f4cc2bdff02b94,12,generated_candidate,original,0.28590000000000004,False,False,selected_for_strict_replay
a7o_l1_C0292_1357,C0292,1357,H12_horizon_ensemble_stability,P11_volatility_basis,TSMeanRank,mixed_6_24,same_symbol_rank,FundingCore_and_Core4,medium_turnover,F0_calendar_blocks,premium_index;realized_vol_24,basis;volatility,"Add(Clip(ResidualizeVsCore4(ResidualizeVsFundingCore(Mul(ZScore(TSMean(premium_index,8)),Rank(TSMean(premium_index,48))))),-4.0,4.0),HorizonSpread(premium_index,16,20))",a3221e710e963101,24,generated_candidate,original,0.28590000000000004,False,False,selected_for_strict_replay
a7o_l1_C0292_1454,C0292,1454,H12_horizon_ensemble_stability,P11_volatility_basis,TSMeanRank,mixed_6_24,same_symbol_rank,FundingCore_and_Core4,medium_turnover,F0_calendar_blocks,mark_index_ratio;realized_vol_24,basis;volatility,"Add(Clip(ResidualizeVsCore4(ResidualizeVsFundingCore(Mul(SafeDiv(ZScore(TSMean(realized_vol_24,24)),Clip(Abs(ZScore(TSMean(mark_index_ratio,48))),0.05,3.0)),Rank(TSMean(realized_vol_24,36))))),-4.0,4.0),HorizonSpread(realized_vol_24,12,20))",589a402931b4bb6f,72,generated_candidate,original,0.28590000000000004,False,False,selected_for_strict_replay
a7o_l1_C0292_1745,C0292,1745,H12_horizon_ensemble_stability,P11_volatility_basis,TSMeanRank,mixed_6_24,same_symbol_rank,FundingCore_and_Core4,medium_turnover,F0_calendar_blocks,premium_index;realized_vol_24,basis;volatility,"Add(Clip(ResidualizeVsCore4(ResidualizeVsFundingCore(SmoothInteraction(Rank(TSMean(realized_vol_24,3)),TSMean(premium_index,10)))),-4.0,4.0),HorizonSpread(realized_vol_24,6,8))",8e42ccfdf427fb6d,6,generated_candidate,original,0.28590000000000004,False,False,selected_for_strict_replay
a7o_l1_C0292_1842,C0292,1842,H12_horizon_ensemble_stability,P11_volatility_basis,TSMeanRank,mixed_6_24,same_symbol_rank,FundingCore_and_Core4,medium_turnover,F0_calendar_blocks,premium_index;realized_vol_12,basis;volatility,"Add(Clip(ResidualizeVsCore4(ResidualizeVsFundingCore(CrossSymbolRank(Add(Rank(TSMean(premium_index,16)),TSMean(premium_index,24))))),-4.0,4.0),HorizonSpread(premium_index,60,12))",9c0db8868d2d960d,24,generated_candidate,original,0.28590000000000004,False,False,selected_for_strict_replay
a7o_l1_C0292_0289,C0292,289,H12_horizon_ensemble_stability,P11_volatility_basis,TSMeanRank,mixed_6_24,same_symbol_rank,FundingCore_and_Core4,medium_turnover,F0_calendar_blocks,mark_index_ratio;realized_vol_24,basis;volatility,"Add(Clip(ResidualizeVsCore4(ResidualizeVsFundingCore(Add(Abs(ZScore(TSStd(mark_index_ratio,72))),Rank(TSMean(mark_index_ratio,96))))),-4.0,4.0),HorizonSpread(mark_index_ratio,36,48))",369b66e5492044e7,72,generated_candidate,original,0.28490000000000004,False,False,selected_for_strict_replay
a7o_l1_C0292_0386,C0292,386,H12_horizon_ensemble_stability,P11_volatility_basis,TSMeanRank,mixed_6_24,same_symbol_rank,FundingCore_and_Core4,medium_turnover,F0_calendar_blocks,mark_index_ratio;realized_vol_12,basis;volatility,"Add(Clip(ResidualizeVsCore4(ResidualizeVsFundingCore(ZScore(Decay(Rank(TSMean(realized_vol_12,6)),16)))),-4.0,4.0),HorizonSpread(realized_vol_12,24,36))",ff58fbda80b47ae2,12,generated_candidate,original,0.28490000000000004,False,False,selected_for_strict_replay
a7o_l1_C0292_0677,C0292,677,H12_horizon_ensemble_stability,P11_volatility_basis,TSMeanRank,mixed_6_24,same_symbol_rank,FundingCore_and_Core4,medium_turnover,F0_calendar_blocks,premium_index;realized_vol_24,basis;volatility,"Add(Clip(ResidualizeVsCore4(ResidualizeVsFundingCore(RollingMax(Sub(Rank(TSMean(premium_index,48)),ZScore(TSMean(premium_index,8))),10))),-4.0,4.0),HorizonSpread(premium_index,16,20))",a78acf9621521b4e,24,generated_candidate,original,0.28490000000000004,False,False,selected_for_strict_replay
a7o_l1_C0292_0774,C0292,774,H12_horizon_ensemble_stability,P11_volatility_basis,TSMeanRank,mixed_6_24,same_symbol_rank,FundingCore_and_Core4,medium_turnover,F0_calendar_blocks,mark_index_ratio;realized_vol_24,basis;volatility,"Add(Clip(ResidualizeVsCore4(ResidualizeVsFundingCore(Mul(Rank(TSMean(realized_vol_24,36)),Rank(TSStd(realized_vol_24,24))))),-4.0,4.0),HorizonSpread(realized_vol_24,16,24))",4cf273d82158b32b,72,generated_candidate,original,0.28490000000000004,False,False,selected_for_strict_replay
a7o_l1_C0293_0096,C0293,96,H04_basis_compression_expansion,P2_liquidity,RegimeMaskNonMay,H12,cross_symbol_rank,FundingCore,low_turnover,F9_liquidity_shock,quote_volume_mean_6,liquidity,"HorizonSpread(TSMean(ResidualizeVsFundingCore(cross_symbol_rank(Mul(Neg(Rank(TSMean(quote_volume_mean_6,4))),RegimeMaskNonMay(F9_liquidity_shock,Mul(Rank(TSMean(quote_volume_mean_6,16)),ZScore(TSMean(quote_volume_mean_6,24))))))),20),20,3)",481d0f11215b6baf,12,generated_candidate,original,0.21860000000000002,False,False,selected_for_strict_replay
a7o_l1_C0293_0193,C0293,193,H04_basis_compression_expansion,P2_liquidity,RegimeMaskNonMay,H12,cross_symbol_rank,FundingCore,low_turnover,F9_liquidity_shock,quote_asset_volume;quote_volume_mean_6,liquidity,"HorizonSpread(TSMean(ResidualizeVsFundingCore(cross_symbol_rank(Rank(TSMean(RegimeMaskNonMay(F9_liquidity_shock,Mul(Rank(TSMean(quote_asset_volume,4)),ZScore(TSMean(quote_volume_mean_6,8)))),36)))),24),24,30)",efae01fb78f2c954,12,generated_candidate,original,0.21860000000000002,False,False,selected_for_strict_replay
a7o_l1_C0293_0290,C0293,290,H04_basis_compression_expansion,P2_liquidity,RegimeMaskNonMay,H12,cross_symbol_rank,FundingCore,low_turnover,F9_liquidity_shock,quote_volume_mean_24;quote_volume_mean_6,liquidity,"HorizonSpread(TSMean(ResidualizeVsFundingCore(cross_symbol_rank(Sub(RegimeMaskNonMay(F9_liquidity_shock,Mul(Rank(TSMean(quote_volume_mean_24,12)),ZScore(TSMean(quote_volume_mean_6,20)))),Abs(ZScore(TSMean(quote_volume_mean_6,10)))))),48),48,72)",8069afe011dcf1e1,12,generated_candidate,original,0.21860000000000002,False,False,selected_for_strict_replay
a7o_l1_C0293_0387,C0293,387,H04_basis_compression_expansion,P2_liquidity,RegimeMaskNonMay,H12,cross_symbol_rank,FundingCore,low_turnover,F9_liquidity_shock,quote_volume_mean_6,liquidity,"HorizonSpread(TSMean(ResidualizeVsFundingCore(cross_symbol_rank(Clip(RegimeMaskNonMay(F9_liquidity_shock,Mul(Rank(TSMean(quote_volume_mean_6,3)),ZScore(TSMean(quote_volume_mean_6,6)))),-4.0,4.0))),60),60,96)",996f44fea36d9c2e,12,generated_candidate,original,0.21860000000000002,False,False,selected_for_strict_replay
a7o_l1_C0293_0484,C0293,484,H04_basis_compression_expansion,P2_liquidity,RegimeMaskNonMay,H12,cross_symbol_rank,FundingCore,low_turnover,F9_liquidity_shock,quote_asset_volume;quote_volume_mean_6,liquidity,"HorizonSpread(TSMean(ResidualizeVsFundingCore(cross_symbol_rank(SafeDiv(Sub(RegimeMaskNonMay(F9_liquidity_shock,Mul(Rank(TSMean(quote_asset_volume,10)),ZScore(TSMean(quote_volume_mean_6,16)))),Rank(TSMean(quote_asset_volume,36))),Clip(Abs(TSRank(quote_volume_mean_6,72)),0.05,2.25)))),12),12,20)",8c0df7dc6d3ca42c,12,generated_candidate,original,0.21860000000000002,False,False,selected_for_strict_replay
a7o_l1_C0293_0581,C0293,581,H04_basis_compression_expansion,P2_liquidity,RegimeMaskNonMay,H12,cross_symbol_rank,FundingCore,low_turnover,F9_liquidity_shock,quote_volume_mean_24;quote_volume_mean_6,liquidity,"HorizonSpread(TSMean(ResidualizeVsFundingCore(cross_symbol_rank(Add(RegimeMaskNonMay(F9_liquidity_shock,Mul(Rank(TSMean(quote_volume_mean_24,24)),ZScore(TSMean(quote_volume_mean_6,4)))),ZScore(TSMean(quote_volume_mean_6,12))))),10),10,12)",efaf3987a4238769,12,generated_candidate,original,0.21860000000000002,False,False,selected_for_strict_replay
a7o_l1_C0293_0678,C0293,678,H04_basis_compression_expansion,P2_liquidity,RegimeMaskNonMay,H12,cross_symbol_rank,FundingCore,low_turnover,F9_liquidity_shock,quote_volume_mean_6,liquidity,"HorizonSpread(TSMean(ResidualizeVsFundingCore(cross_symbol_rank(RollingMin(Add(RegimeMaskNonMay(F9_liquidity_shock,Mul(Rank(TSMean(quote_volume_mean_6,8)),ZScore(TSMean(quote_volume_mean_6,12)))),Rank(TSMean(quote_volume_mean_6,12))),60))),30),30,48)",70f1ccd06ef9f328,12,generated_candidate,original,0.21860000000000002,False,False,selected_for_strict_replay
a7o_l1_C0293_0775,C0293,775,H04_basis_compression_expansion,P2_liquidity,RegimeMaskNonMay,H12,cross_symbol_rank,FundingCore,low_turnover,F9_liquidity_shock,number_of_trades;quote_volume_mean_6,liquidity,"HorizonSpread(TSMean(ResidualizeVsFundingCore(cross_symbol_rank(SafeDiv(RegimeMaskNonMay(F9_liquidity_shock,Mul(Rank(TSMean(number_of_trades,20)),ZScore(TSMean(quote_volume_mean_6,3)))),Clip(Abs(ZScore(TSStd(quote_volume_mean_6,10))),0.05,6.0)))),24),24,48)",576e2c19df5e8de4,12,generated_candidate,original,0.21860000000000002,False,False,selected_for_strict_replay
a7o_l1_C0293_0872,C0293,872,H04_basis_compression_expansion,P2_liquidity,RegimeMaskNonMay,H12,cross_symbol_rank,FundingCore,low_turnover,F9_liquidity_shock,quote_asset_volume;quote_volume_mean_12,liquidity,"HorizonSpread(TSMean(ResidualizeVsFundingCore(cross_symbol_rank(TSRank(Sub(TSMean(RegimeMaskNonMay(F9_liquidity_shock,Mul(Rank(TSMean(quote_volume_mean_12,6)),ZScore(TSMean(quote_asset_volume,10)))),24),TSMean(quote_volume_mean_12,30)),36))),8),8,12)",21481e1d2d611fad,12,generated_candidate,original,0.21860000000000002,False,False,selected_for_strict_replay
a7o_l1_C0293_0969,C0293,969,H04_basis_compression_expansion,P2_liquidity,RegimeMaskNonMay,H12,cross_symbol_rank,FundingCore,low_turnover,F9_liquidity_shock,number_of_trades;quote_asset_volume,liquidity,"HorizonSpread(TSMean(ResidualizeVsFundingCore(cross_symbol_rank(Rank(Delta(RegimeMaskNonMay(F9_liquidity_shock,Mul(Rank(TSMean(number_of_trades,16)),ZScore(TSMean(quote_asset_volume,24)))),72)))),36),36,48)",9931c0f9d1238059,12,generated_candidate,original,0.21860000000000002,False,False,selected_for_strict_replay
a7o_l1_C0293_1066,C0293,1066,H04_basis_compression_expansion,P2_liquidity,RegimeMaskNonMay,H12,cross_symbol_rank,FundingCore,low_turnover,F9_liquidity_shock,quote_asset_volume,liquidity,"HorizonSpread(TSMean(ResidualizeVsFundingCore(cross_symbol_rank(Rank(SmoothInteraction(RegimeMaskNonMay(F9_liquidity_shock,Mul(Rank(TSMean(quote_asset_volume,4)),ZScore(TSMean(quote_asset_volume,8)))),TSStd(quote_asset_volume,12))))),20),20,30)",7195e35508da08eb,12,generated_candidate,original,0.21860000000000002,False,False,selected_for_strict_replay
a7o_l1_C0293_1163,C0293,1163,H04_basis_compression_expansion,P2_liquidity,RegimeMaskNonMay,H12,cross_symbol_rank,FundingCore,low_turnover,F9_liquidity_shock,quote_asset_volume;quote_volume_mean_12,liquidity,"HorizonSpread(TSMean(ResidualizeVsFundingCore(cross_symbol_rank(WinsorZScore(RegimeMaskNonMay(F9_liquidity_shock,Mul(Rank(TSMean(quote_volume_mean_12,12)),ZScore(TSMean(quote_asset_volume,20)))),3.0))),60),60,96)",e803d55b6a35cf34,12,generated_candidate,original,0.21860000000000002,False,False,selected_for_strict_replay
a7o_l1_C0293_1357,C0293,1357,H04_basis_compression_expansion,P2_liquidity,RegimeMaskNonMay,H12,cross_symbol_rank,FundingCore,low_turnover,F9_liquidity_shock,quote_asset_volume,liquidity,"HorizonSpread(TSMean(ResidualizeVsFundingCore(cross_symbol_rank(Mul(ZScore(TSMean(quote_asset_volume,8)),RegimeMaskNonMay(F9_liquidity_shock,Mul(Rank(TSMean(quote_asset_volume,10)),ZScore(TSMean(quote_asset_volume,16))))))),16),16,20)",d73be4b0d1cc09cc,12,generated_candidate,original,0.21860000000000002,False,False,selected_for_strict_replay
a7o_l1_C0293_1454,C0293,1454,H04_basis_compression_expansion,P2_liquidity,RegimeMaskNonMay,H12,cross_symbol_rank,FundingCore,low_turnover,F9_liquidity_shock,quote_asset_volume;quote_volume_mean_12,liquidity,"HorizonSpread(TSMean(ResidualizeVsFundingCore(cross_symbol_rank(Mul(SafeDiv(ZScore(TSMean(quote_volume_mean_12,24)),Clip(Abs(ZScore(TSMean(quote_asset_volume,48))),0.05,3.0)),RegimeMaskNonMay(F9_liquidity_shock,Mul(Rank(TSMean(quote_volume_mean_12,24)),ZScore(TSMean(quote_asset_volume,4))))))),12),12,20)",8e49c8adf8acc7e9,12,generated_candidate,original,0.21860000000000002,False,False,selected_for_strict_replay
a7o_l1_C0293_1551,C0293,1551,H04_basis_compression_expansion,P2_liquidity,RegimeMaskNonMay,H12,cross_symbol_rank,FundingCore,low_turnover,F9_liquidity_shock,quote_asset_volume;quote_volume_mean_6,liquidity,"HorizonSpread(TSMean(ResidualizeVsFundingCore(cross_symbol_rank(Abs(Sub(RegimeMaskNonMay(F9_liquidity_shock,Mul(Rank(TSMean(quote_volume_mean_6,8)),ZScore(TSMean(quote_asset_volume,12)))),ZScore(TSMean(quote_volume_mean_6,20)))))),24),24,48)",cc22242aeb80f788,12,generated_candidate,original,0.21860000000000002,False,False,selected_for_strict_replay
a7o_l1_C0293_1648,C0293,1648,H04_basis_compression_expansion,P2_liquidity,RegimeMaskNonMay,H12,cross_symbol_rank,FundingCore,low_turnover,F9_liquidity_shock,quote_volume_mean_12;quote_volume_mean_24,liquidity,"HorizonSpread(TSMean(ResidualizeVsFundingCore(cross_symbol_rank(ResidualizeVsFundingCore(Add(RegimeMaskNonMay(F9_liquidity_shock,Mul(Rank(TSMean(quote_volume_mean_24,20)),ZScore(TSMean(quote_volume_mean_12,3)))),Rank(TSMean(quote_volume_mean_24,20)))))),24),24,4)",33daf85a3c2e99fc,12,generated_candidate,original,0.21860000000000002,False,False,selected_for_strict_replay
a7o_l1_C0293_1745,C0293,1745,H04_basis_compression_expansion,P2_liquidity,RegimeMaskNonMay,H12,cross_symbol_rank,FundingCore,low_turnover,F9_liquidity_shock,quote_volume_mean_12,liquidity,"HorizonSpread(TSMean(ResidualizeVsFundingCore(cross_symbol_rank(SmoothInteraction(RegimeMaskNonMay(F9_liquidity_shock,Mul(Rank(TSMean(quote_volume_mean_12,6)),ZScore(TSMean(quote_volume_mean_12,10)))),TSMean(quote_volume_mean_12,10)))),6),6,8)",28624afab9c81cb5,12,generated_candidate,original,0.21860000000000002,False,False,selected_for_strict_replay
a7o_l1_C0293_1842,C0293,1842,H04_basis_compression_expansion,P2_liquidity,RegimeMaskNonMay,H12,cross_symbol_rank,FundingCore,low_turnover,F9_liquidity_shock,number_of_trades;quote_volume_mean_12,liquidity,"HorizonSpread(TSMean(ResidualizeVsFundingCore(CrossSymbolRank(Add(RegimeMaskNonMay(F9_liquidity_shock,Mul(Rank(TSMean(number_of_trades,16)),ZScore(TSMean(quote_volume_mean_12,24)))),TSMean(number_of_trades,24)))),60),60,12)",52e27d57091c6c13,12,generated_candidate,original,0.21860000000000002,False,False,selected_for_strict_replay
a7o_l1_C0293_1939,C0293,1939,H04_basis_compression_expansion,P2_liquidity,RegimeMaskNonMay,H12,cross_symbol_rank,FundingCore,low_turnover,F9_liquidity_shock,quote_volume_mean_12;quote_volume_mean_24,liquidity,"HorizonSpread(TSMean(ResidualizeVsFundingCore(cross_symbol_rank(RollingMin(RollingMax(RegimeMaskNonMay(F9_liquidity_shock,Mul(Rank(TSMean(quote_volume_mean_24,4)),ZScore(TSMean(quote_volume_mean_12,8)))),48),84))),60),60,96)",a8cbf7d80d2db136,12,generated_candidate,original,0.21860000000000002,False,False,selected_for_strict_replay
a7o_l1_C0293_2036,C0293,2036,H04_basis_compression_expansion,P2_liquidity,RegimeMaskNonMay,H12,cross_symbol_rank,FundingCore,low_turnover,F9_liquidity_shock,quote_volume_mean_12,liquidity,"HorizonSpread(TSMean(ResidualizeVsFundingCore(cross_symbol_rank(RegimeMaskNonMay(F3_high_liquidity_high_vol,Sub(RegimeMaskNonMay(F9_liquidity_shock,Mul(Rank(TSMean(quote_volume_mean_12,12)),ZScore(TSMean(quote_volume_mean_12,20)))),Rank(TSMean(quote_volume_mean_12,3)))))),16),16,24)",d7640a26cfa9971f,12,generated_candidate,original,0.21860000000000002,False,False,selected_for_strict_replay
a7o_l1_C0293_0095,C0293,95,H04_basis_compression_expansion,P2_liquidity,RegimeMaskNonMay,H12,cross_symbol_rank,FundingCore,low_turnover,F9_liquidity_shock,number_of_trades;quote_volume_mean_6,liquidity,"HorizonSpread(TSMean(ResidualizeVsFundingCore(cross_symbol_rank(ZScore(Sub(TSMean(RegimeMaskNonMay(F9_liquidity_shock,Mul(Rank(TSMean(quote_volume_mean_6,24)),ZScore(TSMean(number_of_trades,4)))),4),Decay(number_of_trades,10))))),24),24,48)",63947b849dcdf0fe,12,generated_candidate,original,0.21760000000000002,False,False,selected_for_strict_replay
a7o_l1_C0293_0192,C0293,192,H04_basis_compression_expansion,P2_liquidity,RegimeMaskNonMay,H12,cross_symbol_rank,FundingCore,low_turnover,F9_liquidity_shock,number_of_trades;quote_asset_volume,liquidity,"HorizonSpread(TSMean(ResidualizeVsFundingCore(cross_symbol_rank(TSMean(RegimeMaskNonMay(F9_liquidity_shock,Mul(Rank(TSMean(quote_asset_volume,8)),ZScore(TSMean(number_of_trades,12)))),24))),10),10,16)",3829fee8b5c55134,12,generated_candidate,original,0.21760000000000002,False,False,selected_for_strict_replay
a7o_l1_C0293_0289,C0293,289,H04_basis_compression_expansion,P2_liquidity,RegimeMaskNonMay,H12,cross_symbol_rank,FundingCore,low_turnover,F9_liquidity_shock,number_of_trades;quote_volume_mean_12,liquidity,"HorizonSpread(TSMean(ResidualizeVsFundingCore(cross_symbol_rank(Add(Abs(ZScore(TSStd(quote_volume_mean_12,72))),RegimeMaskNonMay(F9_liquidity_shock,Mul(Rank(TSMean(quote_volume_mean_12,20)),ZScore(TSMean(number_of_trades,3))))))),36),36,48)",d174b76683593b85,12,generated_candidate,original,0.21760000000000002,False,False,selected_for_strict_replay
a7o_l1_C0293_0386,C0293,386,H04_basis_compression_expansion,P2_liquidity,RegimeMaskNonMay,H12,cross_symbol_rank,FundingCore,low_turnover,F9_liquidity_shock,number_of_trades;quote_volume_mean_6,liquidity,"HorizonSpread(TSMean(ResidualizeVsFundingCore(cross_symbol_rank(ZScore(Decay(RegimeMaskNonMay(F9_liquidity_shock,Mul(Rank(TSMean(quote_volume_mean_6,6)),ZScore(TSMean(number_of_trades,10)))),16)))),24),24,36)",811dae8801adc02e,12,generated_candidate,original,0.21760000000000002,False,False,selected_for_strict_replay
a7o_l1_C0294_0969,C0294,969,H06_liquidity_structure_ex_realized_vol_mul,P8_regime_state,DecayZScore,H6,same_symbol_rank,FundingCore_and_Core4,low_turnover,F10_volatility_compression,quote_volume_mean_24;realized_vol_24,liquidity;volatility,"Sub(TSMean(ResidualizeVsCore4(ResidualizeVsFundingCore(Rank(Delta(ZScore(Decay(quote_volume_mean_24,3)),72)))),36),ZScore(TSStd(quote_volume_mean_24,36)))",9531fb8040040aa9,6,generated_candidate,original,0.32120000000000004,False,False,selected_for_strict_replay
a7o_l1_C0294_0192,C0294,192,H06_liquidity_structure_ex_realized_vol_mul,P8_regime_state,DecayZScore,H6,same_symbol_rank,FundingCore_and_Core4,low_turnover,F10_volatility_compression,quote_volume_mean_24;realized_vol_24,liquidity;volatility,"Sub(TSMean(ResidualizeVsCore4(ResidualizeVsFundingCore(TSMean(ZScore(Decay(realized_vol_24,3)),24))),10),ZScore(TSStd(realized_vol_24,10)))",f13d7b6cf40bd79f,6,generated_candidate,original,0.32020000000000004,False,False,selected_for_strict_replay
a7o_l1_C0294_0483,C0294,483,H06_liquidity_structure_ex_realized_vol_mul,P8_regime_state,DecayZScore,H6,same_symbol_rank,FundingCore_and_Core4,low_turnover,F10_volatility_compression,quote_volume_mean_24;realized_vol_24,liquidity;volatility,"Sub(TSMean(ResidualizeVsCore4(ResidualizeVsFundingCore(Mul(Clip(ZScore(TSMean(quote_volume_mean_24,24)),-1.25,1.25),Rank(TSMean(ZScore(Decay(realized_vol_24,3)),16))))),60),ZScore(TSStd(realized_vol_24,60)))",250ae89a563fa53a,6,generated_candidate,original,0.32020000000000004,False,False,selected_for_strict_replay
a7o_l1_C0294_0094,C0294,94,H06_liquidity_structure_ex_realized_vol_mul,P8_regime_state,DecayZScore,H6,same_symbol_rank,FundingCore_and_Core4,low_turnover,F10_volatility_compression,quote_volume_mean_24;realized_vol_24,liquidity;volatility,"Sub(TSMean(ResidualizeVsCore4(ResidualizeVsFundingCore(Rank(Add(Delta(quote_volume_mean_24,24),TSMean(ZScore(Decay(quote_volume_mean_24,3)),48))))),20),ZScore(TSStd(quote_volume_mean_24,20)))",c8f7c3304dfcc92c,6,generated_candidate,original,0.31920000000000004,False,False,selected_for_strict_replay
a7o_l1_C0294_1549,C0294,1549,H06_liquidity_structure_ex_realized_vol_mul,P8_regime_state,DecayZScore,H6,same_symbol_rank,FundingCore_and_Core4,low_turnover,F10_volatility_compression,quote_volume_mean_24;realized_vol_24,liquidity;volatility,"Sub(TSMean(ResidualizeVsCore4(ResidualizeVsFundingCore(Mul(ZScore(TSMean(realized_vol_24,30)),ZScore(Decay(realized_vol_24,3))))),36),ZScore(TSStd(realized_vol_24,36)))",ee5933af1b6013f2,6,generated_candidate,original,0.31920000000000004,False,False,selected_for_strict_replay
a7o_l1_C0294_0674,C0294,674,H06_liquidity_structure_ex_realized_vol_mul,P8_regime_state,DecayZScore,H6,same_symbol_rank,FundingCore_and_Core4,low_turnover,F10_volatility_compression,quote_volume_mean_24;realized_vol_24,liquidity;volatility,"Sub(TSMean(ResidualizeVsCore4(ResidualizeVsFundingCore(Sub(ZScore(Decay(realized_vol_24,3)),Abs(ZScore(TSMean(quote_volume_mean_24,96)))))),24),ZScore(TSStd(realized_vol_24,24)))",5e9b6ad581aa7fba,6,generated_candidate,original,0.31720000000000004,False,False,selected_for_strict_replay
a7o_l1_C0294_1255,C0294,1255,H06_liquidity_structure_ex_realized_vol_mul,P8_regime_state,DecayZScore,H6,same_symbol_rank,FundingCore_and_Core4,low_turnover,F10_volatility_compression,quote_volume_mean_24;realized_vol_24,liquidity;volatility,"Sub(TSMean(ResidualizeVsCore4(ResidualizeVsFundingCore(Decay(Mul(ZScore(Decay(quote_volume_mean_24,3)),ZScore(TSStd(quote_volume_mean_24,4))),10))),24),ZScore(TSStd(quote_volume_mean_24,24)))",f768b5c20d0986b2,6,generated_candidate,original,0.31620000000000004,False,False,selected_for_strict_replay
a7o_l1_C0294_0380,C0294,380,H06_liquidity_structure_ex_realized_vol_mul,P8_regime_state,DecayZScore,H6,same_symbol_rank,FundingCore_and_Core4,low_turnover,F10_volatility_compression,quote_volume_mean_24;realized_vol_24,liquidity;volatility,"Sub(TSMean(ResidualizeVsCore4(ResidualizeVsFundingCore(Rank(Sub(TSMean(quote_volume_mean_24,4),TSMean(ZScore(Decay(quote_volume_mean_24,3)),10))))),16),ZScore(TSStd(quote_volume_mean_24,16)))",3f4539606d973483,6,generated_candidate,original,0.31420000000000003,False,False,selected_for_strict_replay
a7o_l1_C0294_1835,C0294,1835,H06_liquidity_structure_ex_realized_vol_mul,P8_regime_state,DecayZScore,H6,same_symbol_rank,FundingCore_and_Core4,low_turnover,F10_volatility_compression,quote_volume_mean_24;realized_vol_24,liquidity;volatility,"Sub(TSMean(ResidualizeVsCore4(ResidualizeVsFundingCore(Mul(Add(Rank(TSMean(realized_vol_24,4)),ZScore(TSMean(quote_volume_mean_24,10))),Clip(ZScore(Decay(realized_vol_24,3)),-1.5,1.5)))),60),ZScore(TSStd(realized_vol_24,60)))",a3977a76ed564624,6,generated_candidate,original,0.31420000000000003,False,False,selected_for_strict_replay
a7o_l1_C0294_1446,C0294,1446,H06_liquidity_structure_ex_realized_vol_mul,P8_regime_state,DecayZScore,H6,same_symbol_rank,FundingCore_and_Core4,low_turnover,F10_volatility_compression,quote_volume_mean_24;realized_vol_24,liquidity;volatility,"Sub(TSMean(ResidualizeVsCore4(ResidualizeVsFundingCore(RollingMin(Add(ZScore(Decay(quote_volume_mean_24,3)),Rank(TSMean(realized_vol_24,8))),4))),60),ZScore(TSStd(quote_volume_mean_24,60)))",2a0a01fd26c772ed,6,generated_candidate,original,0.31320000000000003,False,False,selected_for_strict_replay
a7o_l1_C0294_1737,C0294,1737,H06_liquidity_structure_ex_realized_vol_mul,P8_regime_state,DecayZScore,H6,same_symbol_rank,FundingCore_and_Core4,low_turnover,F10_volatility_compression,quote_volume_mean_24;realized_vol_24,liquidity;volatility,"Sub(TSMean(ResidualizeVsCore4(ResidualizeVsFundingCore(Rank(Delta(ZScore(Decay(quote_volume_mean_24,3)),8)))),16),ZScore(TSStd(quote_volume_mean_24,16)))",239f9513cf35446f,6,generated_candidate,original,0.31320000000000003,False,False,selected_for_strict_replay
a7o_l1_C0294_2028,C0294,2028,H06_liquidity_structure_ex_realized_vol_mul,P8_regime_state,DecayZScore,H6,same_symbol_rank,FundingCore_and_Core4,low_turnover,F10_volatility_compression,quote_volume_mean_24;realized_vol_24,liquidity;volatility,"Sub(TSMean(ResidualizeVsCore4(ResidualizeVsFundingCore(Sub(WinsorZScore(TSMean(quote_volume_mean_24,60),2.5),WinsorZScore(TSMean(realized_vol_24,12),2.5)))),10),ZScore(TSStd(quote_volume_mean_24,10)))",6206dd7202711ac9,6,generated_candidate,original,0.31320000000000003,False,False,selected_for_strict_replay
a7o_l1_C0294_0960,C0294,960,H06_liquidity_structure_ex_realized_vol_mul,P8_regime_state,DecayZScore,H6,same_symbol_rank,FundingCore_and_Core4,low_turnover,F10_volatility_compression,quote_volume_mean_24;realized_vol_24,liquidity;volatility,"Sub(TSMean(ResidualizeVsCore4(ResidualizeVsFundingCore(TSMean(ZScore(Decay(realized_vol_24,3)),4))),20),ZScore(TSStd(realized_vol_24,20)))",b8e86beb8f5c7b16,6,generated_candidate,original,0.31220000000000003,False,False,selected_for_strict_replay
a7o_l1_C0294_1251,C0294,1251,H06_liquidity_structure_ex_realized_vol_mul,P8_regime_state,DecayZScore,H6,same_symbol_rank,FundingCore_and_Core4,low_turnover,F10_volatility_compression,quote_volume_mean_24;realized_vol_24,liquidity;volatility,"Sub(TSMean(ResidualizeVsCore4(ResidualizeVsFundingCore(Mul(Clip(ZScore(TSMean(quote_volume_mean_24,16)),-3.0,3.0),Rank(TSMean(ZScore(Decay(realized_vol_24,3)),10))))),60),ZScore(TSStd(realized_vol_24,60)))",13a4d4a68caf6e65,6,generated_candidate,original,0.31220000000000003,False,False,selected_for_strict_replay
a7o_l1_C0294_0571,C0294,571,H06_liquidity_structure_ex_realized_vol_mul,P8_regime_state,DecayZScore,H6,same_symbol_rank,FundingCore_and_Core4,low_turnover,F10_volatility_compression,quote_volume_mean_24;realized_vol_24,liquidity;volatility,"Sub(TSMean(ResidualizeVsCore4(ResidualizeVsFundingCore(SafeDiv(SmoothInteraction(ZScore(Decay(quote_volume_mean_24,3)),TSMean(quote_volume_mean_24,12)),Clip(Abs(TSStd(realized_vol_24,20)),0.05,3.25)))),60),ZScore(TSStd(quote_volume_mean_24,60)))",fef549f486799ee6,6,generated_candidate,original,0.31120000000000003,False,False,selected_for_strict_replay
a7o_l1_C0294_0862,C0294,862,H06_liquidity_structure_ex_realized_vol_mul,P8_regime_state,DecayZScore,H6,same_symbol_rank,FundingCore_and_Core4,low_turnover,F10_volatility_compression,quote_volume_mean_24;realized_vol_24,liquidity;volatility,"Sub(TSMean(ResidualizeVsCore4(ResidualizeVsFundingCore(Rank(Add(Delta(quote_volume_mean_24,24),TSMean(ZScore(Decay(quote_volume_mean_24,3)),30))))),36),ZScore(TSStd(quote_volume_mean_24,36)))",e62393e151774503,6,generated_candidate,original,0.31120000000000003,False,False,selected_for_strict_replay
a7o_l1_C0294_1153,C0294,1153,H06_liquidity_structure_ex_realized_vol_mul,P8_regime_state,DecayZScore,H6,same_symbol_rank,FundingCore_and_Core4,low_turnover,F10_volatility_compression,quote_volume_mean_24;realized_vol_24,liquidity;volatility,"Sub(TSMean(ResidualizeVsCore4(ResidualizeVsFundingCore(Rank(TSMean(ZScore(Decay(quote_volume_mean_24,3)),20)))),24),ZScore(TSStd(quote_volume_mean_24,24)))",920957a17be0d87e,6,generated_candidate,original,0.31120000000000003,False,False,selected_for_strict_replay
a7o_l1_C0294_0085,C0294,85,H06_liquidity_structure_ex_realized_vol_mul,P8_regime_state,DecayZScore,H6,same_symbol_rank,FundingCore_and_Core4,low_turnover,F10_volatility_compression,quote_volume_mean_24;realized_vol_24,liquidity;volatility,"Sub(TSMean(ResidualizeVsCore4(ResidualizeVsFundingCore(Sub(ZScore(TSStd(quote_volume_mean_24,10)),ZScore(Decay(realized_vol_24,3))))),6),ZScore(TSStd(realized_vol_24,6)))",6389225172e80e01,6,generated_candidate,original,0.31020000000000003,False,False,selected_for_strict_replay
a7o_l1_C0294_0376,C0294,376,H06_liquidity_structure_ex_realized_vol_mul,P8_regime_state,DecayZScore,H6,same_symbol_rank,FundingCore_and_Core4,low_turnover,F10_volatility_compression,quote_volume_mean_24;realized_vol_24,liquidity;volatility,"Sub(TSMean(ResidualizeVsCore4(ResidualizeVsFundingCore(Add(RollingMin(ZScore(Decay(realized_vol_24,3)),24),RollingMax(TSMean(realized_vol_24,4),8)))),12),ZScore(TSStd(realized_vol_24,12)))",317e963dadc7f45d,6,generated_candidate,original,0.31020000000000003,False,False,selected_for_strict_replay
a7o_l1_C0294_0278,C0294,278,H06_liquidity_structure_ex_realized_vol_mul,P8_regime_state,DecayZScore,H6,same_symbol_rank,FundingCore_and_Core4,low_turnover,F10_volatility_compression,quote_volume_mean_24;realized_vol_24,liquidity;volatility,"Sub(TSMean(ResidualizeVsCore4(ResidualizeVsFundingCore(Mul(TSRank(quote_volume_mean_24,48),ZScore(Decay(quote_volume_mean_24,3))))),24),ZScore(TSStd(quote_volume_mean_24,24)))",eecb8832bd04499c,6,generated_candidate,original,0.30920000000000003,False,False,selected_for_strict_replay
a7o_l1_C0294_1442,C0294,1442,H06_liquidity_structure_ex_realized_vol_mul,P8_regime_state,DecayZScore,H6,same_symbol_rank,FundingCore_and_Core4,low_turnover,F10_volatility_compression,quote_volume_mean_24;realized_vol_24,liquidity;volatility,"Sub(TSMean(ResidualizeVsCore4(ResidualizeVsFundingCore(Sub(ZScore(Decay(realized_vol_24,3)),Abs(ZScore(TSMean(quote_volume_mean_24,30)))))),48),ZScore(TSStd(realized_vol_24,48)))",b9359791f948c7a8,6,generated_candidate,original,0.30920000000000003,False,False,selected_for_strict_replay
a7o_l1_C0294_1733,C0294,1733,H06_liquidity_structure_ex_realized_vol_mul,P8_regime_state,DecayZScore,H6,same_symbol_rank,FundingCore_and_Core4,low_turnover,F10_volatility_compression,quote_volume_mean_24;realized_vol_24,liquidity;volatility,"Sub(TSMean(ResidualizeVsCore4(ResidualizeVsFundingCore(Add(ZScore(Decay(realized_vol_24,3)),ZScore(TSMean(quote_volume_mean_24,36))))),24),ZScore(TSStd(realized_vol_24,24)))",44fe3b3217569ea6,6,generated_candidate,original,0.30920000000000003,False,False,selected_for_strict_replay
a7o_l1_C0294_1344,C0294,1344,H06_liquidity_structure_ex_realized_vol_mul,P8_regime_state,DecayZScore,H6,same_symbol_rank,FundingCore_and_Core4,low_turnover,F10_volatility_compression,quote_volume_mean_24;realized_vol_24,liquidity;volatility,"Sub(TSMean(ResidualizeVsCore4(ResidualizeVsFundingCore(TSMean(ZScore(Decay(quote_volume_mean_24,3)),84))),10),ZScore(TSStd(quote_volume_mean_24,10)))",070ed931bb4a6c64,6,generated_candidate,original,0.30820000000000003,False,False,selected_for_strict_replay
a7o_l1_C0294_0567,C0294,567,H06_liquidity_structure_ex_realized_vol_mul,P8_regime_state,DecayZScore,H6,same_symbol_rank,FundingCore_and_Core4,low_turnover,F10_volatility_compression,quote_volume_mean_24;realized_vol_24,liquidity;volatility,"Sub(TSMean(ResidualizeVsCore4(ResidualizeVsFundingCore(Sub(SmoothInteraction(realized_vol_24,TSMean(quote_volume_mean_24,10)),TSRank(ZScore(Decay(realized_vol_24,3)),8)))),24),ZScore(TSStd(realized_vol_24,24)))",75d2fd99b1d9ea7c,6,generated_candidate,original,0.30720000000000003,False,False,selected_for_strict_replay
a7o_l1_C0295_2036,C0295,2036,H12_horizon_ensemble_stability,P5_basis_premium,ClipRank,H48,cross_symbol_zscore,FundingCore_and_Core4,low_turnover,F0_calendar_blocks,cs_z_mark_index_ratio,basis,"Add(TSMean(ResidualizeVsCore4(ResidualizeVsFundingCore(cross_symbol_zscore(RegimeMaskNonMay(F3_high_liquidity_high_vol,Sub(Clip(Rank(TSMean(cs_z_mark_index_ratio,36)),-2.0,2.0),Rank(TSMean(cs_z_mark_index_ratio,3))))))),16),HorizonSpread(cs_z_mark_index_ratio,16,24))",d6177daae19bd506,48,generated_candidate,original,0.21650000000000003,False,False,selected_for_strict_replay
a7o_l1_C0295_0181,C0295,181,H12_horizon_ensemble_stability,P5_basis_premium,ClipRank,H48,cross_symbol_zscore,FundingCore_and_Core4,low_turnover,F0_calendar_blocks,cs_z_mark_index_ratio;mark_index_ratio,basis,"Add(TSMean(ResidualizeVsCore4(ResidualizeVsFundingCore(cross_symbol_zscore(RegimeMaskNonMay(F5_funding_neutral,Add(Clip(Rank(TSMean(cs_z_mark_index_ratio,60)),-2.0,2.0),ZScore(TSMean(mark_index_ratio,10))))))),10),HorizonSpread(cs_z_mark_index_ratio,10,12))",4c32e126d8ba8905,48,generated_candidate,original,0.20450000000000002,False,False,selected_for_strict_replay
a7o_l1_C0295_0180,C0295,180,H12_horizon_ensemble_stability,P5_basis_premium,ClipRank,H48,cross_symbol_zscore,FundingCore_and_Core4,low_turnover,F0_calendar_blocks,cs_z_mark_index_ratio;cs_z_premium_index,basis,"Add(TSMean(ResidualizeVsCore4(ResidualizeVsFundingCore(cross_symbol_zscore(RegimeMaskNonMay(F3_high_liquidity_high_vol,Sub(Clip(Rank(TSMean(cs_z_mark_index_ratio,12)),-1.5,1.5),Rank(TSMean(cs_z_mark_index_ratio,4))))))),4),HorizonSpread(cs_z_mark_index_ratio,4,8))",00709ad98a20748a,48,generated_candidate,original,0.20350000000000001,False,False,selected_for_strict_replay
a7o_l1_C0295_0373,C0295,373,H12_horizon_ensemble_stability,P5_basis_premium,ClipRank,H48,cross_symbol_zscore,FundingCore_and_Core4,low_turnover,F0_calendar_blocks,cs_z_mark_index_ratio;mark_minus_index,basis,"Add(TSMean(ResidualizeVsCore4(ResidualizeVsFundingCore(cross_symbol_zscore(RegimeMaskNonMay(F5_funding_neutral,Add(Clip(Rank(TSMean(cs_z_mark_index_ratio,16)),-3.0,3.0),ZScore(TSMean(mark_minus_index,60))))))),24),HorizonSpread(cs_z_mark_index_ratio,24,30))",7fc0e86c2b292586,48,generated_candidate,original,0.2025,False,False,selected_for_strict_replay
a7o_l1_C0295_0372,C0295,372,H12_horizon_ensemble_stability,P5_basis_premium,ClipRank,H48,cross_symbol_zscore,FundingCore_and_Core4,low_turnover,F0_calendar_blocks,cs_z_mark_index_ratio;mark_index_ratio,basis,"Add(TSMean(ResidualizeVsCore4(ResidualizeVsFundingCore(cross_symbol_zscore(RegimeMaskNonMay(F3_high_liquidity_high_vol,Sub(Clip(Rank(TSMean(cs_z_mark_index_ratio,24)),-2.5,2.5),Rank(TSMean(cs_z_mark_index_ratio,24))))))),10),HorizonSpread(cs_z_mark_index_ratio,10,16))",b13f49538382dc29,48,generated_candidate,original,0.2015,False,False,selected_for_strict_replay
a7o_l1_C0295_0565,C0295,565,H12_horizon_ensemble_stability,P5_basis_premium,ClipRank,H48,cross_symbol_zscore,FundingCore_and_Core4,low_turnover,F0_calendar_blocks,cs_z_premium_index;mark_index_ratio,basis,"Add(TSMean(ResidualizeVsCore4(ResidualizeVsFundingCore(cross_symbol_zscore(RegimeMaskNonMay(F5_funding_neutral,Add(Clip(Rank(TSMean(mark_index_ratio,30)),-1.5,1.5),ZScore(TSMean(cs_z_premium_index,10))))))),6),HorizonSpread(mark_index_ratio,6,8))",e7757f47d11ac7dd,48,generated_candidate,original,0.2005,False,False,selected_for_strict_replay
a7o_l1_C0295_0564,C0295,564,H12_horizon_ensemble_stability,P5_basis_premium,ClipRank,H48,cross_symbol_zscore,FundingCore_and_Core4,low_turnover,F0_calendar_blocks,cs_z_mark_index_ratio;cs_z_premium_index,basis,"Add(TSMean(ResidualizeVsCore4(ResidualizeVsFundingCore(cross_symbol_zscore(RegimeMaskNonMay(F3_high_liquidity_high_vol,Sub(Clip(Rank(TSMean(cs_z_premium_index,48)),-4.0,4.0),Rank(TSMean(cs_z_premium_index,36))))))),20),HorizonSpread(cs_z_premium_index,20,3))",36f1d8f99b9f3d3e,48,generated_candidate,original,0.1995,False,False,selected_for_strict_replay
a7o_l1_C0295_0757,C0295,757,H12_horizon_ensemble_stability,P5_basis_premium,ClipRank,H48,cross_symbol_zscore,FundingCore_and_Core4,low_turnover,F0_calendar_blocks,mark_minus_index;premium_index,basis,"Add(TSMean(ResidualizeVsCore4(ResidualizeVsFundingCore(cross_symbol_zscore(RegimeMaskNonMay(F5_funding_neutral,Add(Clip(Rank(TSMean(mark_minus_index,60)),-2.5,2.5),ZScore(TSMean(premium_index,10))))))),16),HorizonSpread(mark_minus_index,16,20))",20bb79587d5ac521,48,generated_candidate,original,0.1985,False,False,selected_for_strict_replay
a7o_l1_C0295_0756,C0295,756,H12_horizon_ensemble_stability,P5_basis_premium,ClipRank,H48,cross_symbol_zscore,FundingCore_and_Core4,low_turnover,F0_calendar_blocks,mark_minus_index,basis,"Add(TSMean(ResidualizeVsCore4(ResidualizeVsFundingCore(cross_symbol_zscore(RegimeMaskNonMay(F3_high_liquidity_high_vol,Sub(Clip(Rank(TSMean(mark_minus_index,12)),-2.0,2.0),Rank(TSMean(mark_minus_index,10))))))),4),HorizonSpread(mark_minus_index,4,8))",53398d418c243dcc,48,generated_candidate,original,0.1975,False,False,selected_for_strict_replay
a7o_l1_C0295_0096,C0295,96,H12_horizon_ensemble_stability,P5_basis_premium,ClipRank,H48,cross_symbol_zscore,FundingCore_and_Core4,low_turnover,F0_calendar_blocks,premium_index,basis,"Add(TSMean(ResidualizeVsCore4(ResidualizeVsFundingCore(cross_symbol_zscore(Mul(Neg(Rank(TSMean(premium_index,4))),Clip(Rank(TSMean(premium_index,48)),-2.0,2.0))))),20),HorizonSpread(premium_index,20,3))",dad3ed906df293e7,48,generated_candidate,original,0.1965,False,False,selected_for_strict_replay
a7o_l1_C0295_0193,C0295,193,H12_horizon_ensemble_stability,P5_basis_premium,ClipRank,H48,cross_symbol_zscore,FundingCore_and_Core4,low_turnover,F0_calendar_blocks,mark_index_ratio;premium_index,basis,"Add(TSMean(ResidualizeVsCore4(ResidualizeVsFundingCore(cross_symbol_zscore(Rank(TSMean(Clip(Rank(TSMean(mark_index_ratio,16)),-3.0,3.0),36))))),24),HorizonSpread(mark_index_ratio,24,30))",7c9b767ecd5efbab,48,generated_candidate,original,0.1965,False,False,selected_for_strict_replay
a7o_l1_C0295_0290,C0295,290,H12_horizon_ensemble_stability,P5_basis_premium,ClipRank,H48,cross_symbol_zscore,FundingCore_and_Core4,low_turnover,F0_calendar_blocks,cs_z_premium_index;premium_index,basis,"Add(TSMean(ResidualizeVsCore4(ResidualizeVsFundingCore(cross_symbol_zscore(Sub(Clip(Rank(TSMean(cs_z_premium_index,36)),-1.5,1.5),Abs(ZScore(TSMean(premium_index,10))))))),48),HorizonSpread(cs_z_premium_index,48,72))",3870518ceb72b7f0,48,generated_candidate,original,0.1965,False,False,selected_for_strict_replay
a7o_l1_C0295_0387,C0295,387,H12_horizon_ensemble_stability,P5_basis_premium,ClipRank,H48,cross_symbol_zscore,FundingCore_and_Core4,low_turnover,F0_calendar_blocks,premium_index,basis,"Add(TSMean(ResidualizeVsCore4(ResidualizeVsFundingCore(cross_symbol_zscore(Clip(Clip(Rank(TSMean(premium_index,12)),-2.5,2.5),-4.0,4.0)))),60),HorizonSpread(premium_index,60,96))",e8d0ffd84169eb79,48,generated_candidate,original,0.1965,False,False,selected_for_strict_replay
a7o_l1_C0295_0484,C0295,484,H12_horizon_ensemble_stability,P5_basis_premium,ClipRank,H48,cross_symbol_zscore,FundingCore_and_Core4,low_turnover,F0_calendar_blocks,mark_index_ratio;premium_index,basis,"Add(TSMean(ResidualizeVsCore4(ResidualizeVsFundingCore(cross_symbol_zscore(SafeDiv(Sub(Clip(Rank(TSMean(mark_index_ratio,30)),-4.0,4.0),Rank(TSMean(mark_index_ratio,36))),Clip(Abs(TSRank(premium_index,72)),0.05,2.25))))),12),HorizonSpread(mark_index_ratio,12,20))",0703ca9f7b614e0f,48,generated_candidate,original,0.1965,False,False,selected_for_strict_replay
a7o_l1_C0295_0581,C0295,581,H12_horizon_ensemble_stability,P5_basis_premium,ClipRank,H48,cross_symbol_zscore,FundingCore_and_Core4,low_turnover,F0_calendar_blocks,cs_z_premium_index;premium_index,basis,"Add(TSMean(ResidualizeVsCore4(ResidualizeVsFundingCore(cross_symbol_zscore(Add(Clip(Rank(TSMean(cs_z_premium_index,72)),-2.0,2.0),ZScore(TSMean(premium_index,12)))))),10),HorizonSpread(cs_z_premium_index,10,12))",dd1a102a0a7c8284,48,generated_candidate,original,0.1965,False,False,selected_for_strict_replay
a7o_l1_C0295_0678,C0295,678,H12_horizon_ensemble_stability,P5_basis_premium,ClipRank,H48,cross_symbol_zscore,FundingCore_and_Core4,low_turnover,F0_calendar_blocks,premium_index,basis,"Add(TSMean(ResidualizeVsCore4(ResidualizeVsFundingCore(cross_symbol_zscore(RollingMin(Add(Clip(Rank(TSMean(premium_index,24)),-3.0,3.0),Rank(TSMean(premium_index,12))),60)))),30),HorizonSpread(premium_index,30,48))",9afe3d6bbae0e5cf,48,generated_candidate,original,0.1965,False,False,selected_for_strict_replay
a7o_l1_C0295_0775,C0295,775,H12_horizon_ensemble_stability,P5_basis_premium,ClipRank,H48,cross_symbol_zscore,FundingCore_and_Core4,low_turnover,F0_calendar_blocks,mark_minus_index;premium_index,basis,"Add(TSMean(ResidualizeVsCore4(ResidualizeVsFundingCore(cross_symbol_zscore(SafeDiv(Clip(Rank(TSMean(mark_minus_index,60)),-1.5,1.5),Clip(Abs(ZScore(TSStd(premium_index,10))),0.05,6.0))))),24),HorizonSpread(mark_minus_index,24,48))",f88e6871c27d3870,48,generated_candidate,original,0.1965,False,False,selected_for_strict_replay
a7o_l1_C0295_0872,C0295,872,H12_horizon_ensemble_stability,P5_basis_premium,ClipRank,H48,cross_symbol_zscore,FundingCore_and_Core4,low_turnover,F0_calendar_blocks,cs_z_mark_index_ratio;mark_index_ratio,basis,"Add(TSMean(ResidualizeVsCore4(ResidualizeVsFundingCore(cross_symbol_zscore(TSRank(Sub(TSMean(Clip(Rank(TSMean(cs_z_mark_index_ratio,20)),-2.5,2.5),24),TSMean(cs_z_mark_index_ratio,30)),36)))),8),HorizonSpread(cs_z_mark_index_ratio,8,12))",8bb8021d7801e1f6,48,generated_candidate,original,0.1965,False,False,selected_for_strict_replay
a7o_l1_C0295_0949,C0295,949,H12_horizon_ensemble_stability,P5_basis_premium,ClipRank,H48,cross_symbol_zscore,FundingCore_and_Core4,low_turnover,F0_calendar_blocks,cs_z_mark_index_ratio;mark_minus_index,basis,"Add(TSMean(ResidualizeVsCore4(ResidualizeVsFundingCore(cross_symbol_zscore(RegimeMaskNonMay(F5_funding_neutral,Add(Clip(Rank(TSMean(mark_minus_index,16)),-4.0,4.0),ZScore(TSMean(cs_z_mark_index_ratio,60))))))),36),HorizonSpread(mark_minus_index,36,48))",2263b685b114b519,48,generated_candidate,original,0.1965,False,False,selected_for_strict_replay
a7o_l1_C0295_0969,C0295,969,H12_horizon_ensemble_stability,P5_basis_premium,ClipRank,H48,cross_symbol_zscore,FundingCore_and_Core4,low_turnover,F0_calendar_blocks,mark_index_ratio;mark_minus_index,basis,"Add(TSMean(ResidualizeVsCore4(ResidualizeVsFundingCore(cross_symbol_zscore(Rank(Delta(Clip(Rank(TSMean(mark_minus_index,48)),-4.0,4.0),72))))),36),HorizonSpread(mark_minus_index,36,48))",8f4cf38773f0c84a,48,generated_candidate,original,0.1965,False,False,selected_for_strict_replay
a7o_l1_C0295_1066,C0295,1066,H12_horizon_ensemble_stability,P5_basis_premium,ClipRank,H48,cross_symbol_zscore,FundingCore_and_Core4,low_turnover,F0_calendar_blocks,mark_index_ratio,basis,"Add(TSMean(ResidualizeVsCore4(ResidualizeVsFundingCore(cross_symbol_zscore(Rank(SmoothInteraction(Clip(Rank(TSMean(mark_index_ratio,16)),-2.0,2.0),TSStd(mark_index_ratio,12)))))),20),HorizonSpread(mark_index_ratio,20,30))",fbad1441bb09ca95,48,generated_candidate,original,0.1965,False,False,selected_for_strict_replay
a7o_l1_C0295_1163,C0295,1163,H12_horizon_ensemble_stability,P5_basis_premium,ClipRank,H48,cross_symbol_zscore,FundingCore_and_Core4,low_turnover,F0_calendar_blocks,cs_z_mark_index_ratio;mark_index_ratio,basis,"Add(TSMean(ResidualizeVsCore4(ResidualizeVsFundingCore(cross_symbol_zscore(WinsorZScore(Clip(Rank(TSMean(cs_z_mark_index_ratio,36)),-3.0,3.0),3.0)))),60),HorizonSpread(cs_z_mark_index_ratio,60,96))",3e0e24f1099815f6,48,generated_candidate,original,0.1965,False,False,selected_for_strict_replay
a7o_l1_C0295_1260,C0295,1260,H12_horizon_ensemble_stability,P5_basis_premium,ClipRank,H48,cross_symbol_zscore,FundingCore_and_Core4,low_turnover,F0_calendar_blocks,mark_index_ratio;premium_index,basis,"Add(TSMean(ResidualizeVsCore4(ResidualizeVsFundingCore(cross_symbol_zscore(Sub(WinsorZScore(TSMean(premium_index,4),1.25),WinsorZScore(TSMean(mark_index_ratio,10),1.25))))),4),HorizonSpread(premium_index,4,8))",cda9e7fbbd987c8f,48,generated_candidate,original,0.1965,False,False,selected_for_strict_replay
a7o_l1_C0295_1357,C0295,1357,H12_horizon_ensemble_stability,P5_basis_premium,ClipRank,H48,cross_symbol_zscore,FundingCore_and_Core4,low_turnover,F0_calendar_blocks,mark_index_ratio,basis,"Add(TSMean(ResidualizeVsCore4(ResidualizeVsFundingCore(cross_symbol_zscore(Mul(ZScore(TSMean(mark_index_ratio,8)),Clip(Rank(TSMean(mark_index_ratio,30)),-2.5,2.5))))),16),HorizonSpread(mark_index_ratio,16,20))",f12662b83de6137e,48,generated_candidate,original,0.1965,False,False,selected_for_strict_replay
a7o_l1_C0296_2036,C0296,2036,H02_cross_symbol_dispersion_reversal,P9_price_basis,ResidualizeVsCore4,H6,same_symbol_zscore,Core4,medium_turnover,F7_trend_reversal,mark_index_ratio;ret_6,basis;price,"Neg(CrossSymbolZScore(Clip(ResidualizeVsCore4(RegimeMaskNonMay(F3_high_liquidity_high_vol,Sub(ResidualizeVsCore4(Mul(Rank(TSMean(ret_6,3)),ZScore(TSMean(mark_index_ratio,8)))),Rank(TSMean(ret_6,3))))),-4.0,4.0)))",5bf0c7754c81c17e,6,generated_candidate,original,0.29900000000000004,False,False,selected_for_strict_replay
a7o_l1_C0296_0181,C0296,181,H02_cross_symbol_dispersion_reversal,P9_price_basis,ResidualizeVsCore4,H6,same_symbol_zscore,Core4,medium_turnover,F7_trend_reversal,premium_index;ret_6,basis;price,"Neg(CrossSymbolZScore(Clip(ResidualizeVsCore4(RegimeMaskNonMay(F5_funding_neutral,Add(ResidualizeVsCore4(Mul(Rank(TSMean(ret_6,3)),ZScore(TSMean(premium_index,8)))),ZScore(TSMean(premium_index,10))))),-4.0,4.0)))",1beac485c9308af9,6,generated_candidate,original,0.28700000000000003,False,False,selected_for_strict_replay
a7o_l1_C0296_0180,C0296,180,H02_cross_symbol_dispersion_reversal,P9_price_basis,ResidualizeVsCore4,H6,same_symbol_zscore,Core4,medium_turnover,F7_trend_reversal,mark_index_ratio;ret_6,basis;price,"Neg(CrossSymbolZScore(Clip(ResidualizeVsCore4(RegimeMaskNonMay(F3_high_liquidity_high_vol,Sub(ResidualizeVsCore4(Mul(Rank(TSMean(ret_6,3)),ZScore(TSMean(mark_index_ratio,8)))),Rank(TSMean(ret_6,4))))),-4.0,4.0)))",f5a3f3f4ba865b8a,6,generated_candidate,original,0.28600000000000003,False,False,selected_for_strict_replay
a7o_l1_C0296_0373,C0296,373,H02_cross_symbol_dispersion_reversal,P9_price_basis,ResidualizeVsCore4,H6,same_symbol_zscore,Core4,medium_turnover,F7_trend_reversal,premium_index;ret_6,basis;price,"Neg(CrossSymbolZScore(Clip(ResidualizeVsCore4(RegimeMaskNonMay(F5_funding_neutral,Add(ResidualizeVsCore4(Mul(Rank(TSMean(ret_6,3)),ZScore(TSMean(premium_index,8)))),ZScore(TSMean(premium_index,60))))),-4.0,4.0)))",a2d103750453b911,6,generated_candidate,original,0.28500000000000003,False,False,selected_for_strict_replay
a7o_l1_C0296_0372,C0296,372,H02_cross_symbol_dispersion_reversal,P9_price_basis,ResidualizeVsCore4,H6,same_symbol_zscore,Core4,medium_turnover,F7_trend_reversal,mark_index_ratio;ret_6,basis;price,"Neg(CrossSymbolZScore(Clip(ResidualizeVsCore4(RegimeMaskNonMay(F3_high_liquidity_high_vol,Sub(ResidualizeVsCore4(Mul(Rank(TSMean(ret_6,3)),ZScore(TSMean(mark_index_ratio,8)))),Rank(TSMean(ret_6,24))))),-4.0,4.0)))",1f644f805f42baca,6,generated_candidate,original,0.28400000000000003,False,False,selected_for_strict_replay
a7o_l1_C0296_0564,C0296,564,H02_cross_symbol_dispersion_reversal,P9_price_basis,ResidualizeVsCore4,H6,same_symbol_zscore,Core4,medium_turnover,F7_trend_reversal,mark_index_ratio;ret_6,basis;price,"Neg(CrossSymbolZScore(Clip(ResidualizeVsCore4(RegimeMaskNonMay(F3_high_liquidity_high_vol,Sub(ResidualizeVsCore4(Mul(Rank(TSMean(ret_6,3)),ZScore(TSMean(mark_index_ratio,8)))),Rank(TSMean(ret_6,36))))),-4.0,4.0)))",5de26057be355cd5,6,generated_candidate,original,0.28200000000000003,False,False,selected_for_strict_replay
a7o_l1_C0296_0756,C0296,756,H02_cross_symbol_dispersion_reversal,P9_price_basis,ResidualizeVsCore4,H6,same_symbol_zscore,Core4,medium_turnover,F7_trend_reversal,mark_index_ratio;ret_6,basis;price,"Neg(CrossSymbolZScore(Clip(ResidualizeVsCore4(RegimeMaskNonMay(F3_high_liquidity_high_vol,Sub(ResidualizeVsCore4(Mul(Rank(TSMean(ret_6,3)),ZScore(TSMean(mark_index_ratio,8)))),Rank(TSMean(ret_6,10))))),-4.0,4.0)))",d5887d2c062ddb13,6,generated_candidate,original,0.28,False,False,selected_for_strict_replay
a7o_l1_C0296_0096,C0296,96,H02_cross_symbol_dispersion_reversal,P9_price_basis,ResidualizeVsCore4,H6,same_symbol_zscore,Core4,medium_turnover,F7_trend_reversal,mark_index_ratio;ret_6,basis;price,"Neg(CrossSymbolZScore(Clip(ResidualizeVsCore4(Mul(Neg(Rank(TSMean(mark_index_ratio,4))),ResidualizeVsCore4(Mul(Rank(TSMean(mark_index_ratio,3)),ZScore(TSMean(ret_6,8)))))),-4.0,4.0)))",1a661155fe2c420b,6,generated_candidate,original,0.279,False,False,selected_for_strict_replay
a7o_l1_C0296_0387,C0296,387,H02_cross_symbol_dispersion_reversal,P9_price_basis,ResidualizeVsCore4,H6,same_symbol_zscore,Core4,medium_turnover,F7_trend_reversal,premium_index;ret_6,basis;price,"Neg(CrossSymbolZScore(Clip(ResidualizeVsCore4(Clip(ResidualizeVsCore4(Mul(Rank(TSMean(ret_6,3)),ZScore(TSMean(premium_index,8)))),-4.0,4.0)),-4.0,4.0)))",83badf1b9e48986b,6,generated_candidate,original,0.279,False,False,selected_for_strict_replay
a7o_l1_C0296_0484,C0296,484,H02_cross_symbol_dispersion_reversal,P9_price_basis,ResidualizeVsCore4,H6,same_symbol_zscore,Core4,medium_turnover,F7_trend_reversal,premium_index;ret_6,basis;price,"Neg(CrossSymbolZScore(Clip(ResidualizeVsCore4(SafeDiv(Sub(ResidualizeVsCore4(Mul(Rank(TSMean(premium_index,3)),ZScore(TSMean(ret_6,8)))),Rank(TSMean(premium_index,36))),Clip(Abs(TSRank(ret_6,72)),0.05,2.25))),-4.0,4.0)))",ad1c5145405899d2,6,generated_candidate,original,0.279,False,False,selected_for_strict_replay
a7o_l1_C0296_0775,C0296,775,H02_cross_symbol_dispersion_reversal,P9_price_basis,ResidualizeVsCore4,H6,same_symbol_zscore,Core4,medium_turnover,F7_trend_reversal,premium_index;ret_12,basis;price,"Neg(CrossSymbolZScore(Clip(ResidualizeVsCore4(SafeDiv(ResidualizeVsCore4(Mul(Rank(TSMean(ret_12,3)),ZScore(TSMean(premium_index,8)))),Clip(Abs(ZScore(TSStd(premium_index,10))),0.05,6.0))),-4.0,4.0)))",1b02c91d614e1483,6,generated_candidate,original,0.279,False,False,selected_for_strict_replay
a7o_l1_C0296_0969,C0296,969,H02_cross_symbol_dispersion_reversal,P9_price_basis,ResidualizeVsCore4,H6,same_symbol_zscore,Core4,medium_turnover,F7_trend_reversal,mark_index_ratio;ret_12,basis;price,"Neg(CrossSymbolZScore(Clip(ResidualizeVsCore4(Rank(Delta(ResidualizeVsCore4(Mul(Rank(TSMean(mark_index_ratio,3)),ZScore(TSMean(ret_12,8)))),72))),-4.0,4.0)))",8f3739d06290ef21,6,generated_candidate,original,0.279,False,False,selected_for_strict_replay
a7o_l1_C0296_1066,C0296,1066,H02_cross_symbol_dispersion_reversal,P9_price_basis,ResidualizeVsCore4,H6,same_symbol_zscore,Core4,medium_turnover,F7_trend_reversal,mark_index_ratio;ret_6,basis;price,"Neg(CrossSymbolZScore(Clip(ResidualizeVsCore4(Rank(SmoothInteraction(ResidualizeVsCore4(Mul(Rank(TSMean(ret_6,3)),ZScore(TSMean(mark_index_ratio,8)))),TSStd(ret_6,12)))),-4.0,4.0)))",91845a462dc0e9d8,6,generated_candidate,original,0.279,False,False,selected_for_strict_replay
a7o_l1_C0296_1357,C0296,1357,H02_cross_symbol_dispersion_reversal,P9_price_basis,ResidualizeVsCore4,H6,same_symbol_zscore,Core4,medium_turnover,F7_trend_reversal,premium_index;ret_12,basis;price,"Neg(CrossSymbolZScore(Clip(ResidualizeVsCore4(Mul(ZScore(TSMean(premium_index,8)),ResidualizeVsCore4(Mul(Rank(TSMean(premium_index,3)),ZScore(TSMean(ret_12,8)))))),-4.0,4.0)))",f04969af252e55fa,6,generated_candidate,original,0.279,False,False,selected_for_strict_replay
a7o_l1_C0296_1454,C0296,1454,H02_cross_symbol_dispersion_reversal,P9_price_basis,ResidualizeVsCore4,H6,same_symbol_zscore,Core4,medium_turnover,F7_trend_reversal,mark_index_ratio;ret_12,basis;price,"Neg(CrossSymbolZScore(Clip(ResidualizeVsCore4(Mul(SafeDiv(ZScore(TSMean(ret_12,24)),Clip(Abs(ZScore(TSMean(mark_index_ratio,48))),0.05,3.0)),ResidualizeVsCore4(Mul(Rank(TSMean(ret_12,3)),ZScore(TSMean(mark_index_ratio,8)))))),-4.0,4.0)))",fd193c6a27f43987,6,generated_candidate,original,0.279,False,False,selected_for_strict_replay
a7o_l1_C0296_1745,C0296,1745,H02_cross_symbol_dispersion_reversal,P9_price_basis,ResidualizeVsCore4,H6,same_symbol_zscore,Core4,medium_turnover,F7_trend_reversal,premium_index;ret_12,basis;price,"Neg(CrossSymbolZScore(Clip(ResidualizeVsCore4(SmoothInteraction(ResidualizeVsCore4(Mul(Rank(TSMean(ret_12,3)),ZScore(TSMean(premium_index,8)))),TSMean(premium_index,10))),-4.0,4.0)))",4d2834491056fdb6,6,generated_candidate,original,0.279,False,False,selected_for_strict_replay
a7o_l1_C0296_1842,C0296,1842,H02_cross_symbol_dispersion_reversal,P9_price_basis,ResidualizeVsCore4,H6,same_symbol_zscore,Core4,medium_turnover,F7_trend_reversal,premium_index;ret_6,basis;price,"Neg(CrossSymbolZScore(Clip(ResidualizeVsCore4(CrossSymbolRank(Add(ResidualizeVsCore4(Mul(Rank(TSMean(premium_index,3)),ZScore(TSMean(ret_6,8)))),TSMean(premium_index,24)))),-4.0,4.0)))",c5b3149cde5c5290,6,generated_candidate,original,0.279,False,False,selected_for_strict_replay
a7o_l1_C0296_0289,C0296,289,H02_cross_symbol_dispersion_reversal,P9_price_basis,ResidualizeVsCore4,H6,same_symbol_zscore,Core4,medium_turnover,F7_trend_reversal,mark_index_ratio;ret_12,basis;price,"Neg(CrossSymbolZScore(Clip(ResidualizeVsCore4(Add(Abs(ZScore(TSStd(mark_index_ratio,72))),ResidualizeVsCore4(Mul(Rank(TSMean(mark_index_ratio,3)),ZScore(TSMean(ret_12,8)))))),-4.0,4.0)))",57731683e89b0603,6,generated_candidate,original,0.278,False,False,selected_for_strict_replay
a7o_l1_C0296_0386,C0296,386,H02_cross_symbol_dispersion_reversal,P9_price_basis,ResidualizeVsCore4,H6,same_symbol_zscore,Core4,medium_turnover,F7_trend_reversal,mark_index_ratio;ret_6,basis;price,"Neg(CrossSymbolZScore(Clip(ResidualizeVsCore4(ZScore(Decay(ResidualizeVsCore4(Mul(Rank(TSMean(ret_6,3)),ZScore(TSMean(mark_index_ratio,8)))),16))),-4.0,4.0)))",f4d580f618bb8455,6,generated_candidate,original,0.278,False,False,selected_for_strict_replay
a7o_l1_C0296_0677,C0296,677,H02_cross_symbol_dispersion_reversal,P9_price_basis,ResidualizeVsCore4,H6,same_symbol_zscore,Core4,medium_turnover,F7_trend_reversal,premium_index;ret_12,basis;price,"Neg(CrossSymbolZScore(Clip(ResidualizeVsCore4(RollingMax(Sub(ResidualizeVsCore4(Mul(Rank(TSMean(premium_index,3)),ZScore(TSMean(ret_12,8)))),ZScore(TSMean(premium_index,8))),10)),-4.0,4.0)))",67309ce6c8e44e2d,6,generated_candidate,original,0.278,False,False,selected_for_strict_replay
a7o_l1_C0296_0774,C0296,774,H02_cross_symbol_dispersion_reversal,P9_price_basis,ResidualizeVsCore4,H6,same_symbol_zscore,Core4,medium_turnover,F7_trend_reversal,mark_index_ratio;ret_12,basis;price,"Neg(CrossSymbolZScore(Clip(ResidualizeVsCore4(Mul(ResidualizeVsCore4(Mul(Rank(TSMean(ret_12,3)),ZScore(TSMean(mark_index_ratio,8)))),Rank(TSStd(ret_12,24)))),-4.0,4.0)))",6f367f94463f840d,6,generated_candidate,original,0.278,False,False,selected_for_strict_replay
a7o_l1_C0296_0948,C0296,948,H02_cross_symbol_dispersion_reversal,P9_price_basis,ResidualizeVsCore4,H6,same_symbol_zscore,Core4,medium_turnover,F7_trend_reversal,mark_index_ratio;ret_6,basis;price,"Neg(CrossSymbolZScore(Clip(ResidualizeVsCore4(RegimeMaskNonMay(F3_high_liquidity_high_vol,Sub(ResidualizeVsCore4(Mul(Rank(TSMean(ret_6,3)),ZScore(TSMean(mark_index_ratio,8)))),Rank(TSMean(ret_6,60))))),-4.0,4.0)))",946374aa9de3e4eb,6,generated_candidate,original,0.278,False,False,selected_for_strict_replay
a7o_l1_C0296_0968,C0296,968,H02_cross_symbol_dispersion_reversal,P9_price_basis,ResidualizeVsCore4,H6,same_symbol_zscore,Core4,medium_turnover,F7_trend_reversal,mark_index_ratio;ret_6,basis;price,"Neg(CrossSymbolZScore(Clip(ResidualizeVsCore4(Sub(TSMean(ResidualizeVsCore4(Mul(Rank(TSMean(mark_index_ratio,3)),ZScore(TSMean(ret_6,8)))),24),TSMean(ResidualizeVsCore4(Mul(Rank(TSMean(mark_index_ratio,3)),ZScore(TSMean(ret_6,8)))),36))),-4.0,4.0)))",4683106530100a2f,6,generated_candidate,original,0.278,False,False,selected_for_strict_replay
a7o_l1_C0296_1259,C0296,1259,H02_cross_symbol_dispersion_reversal,P9_price_basis,ResidualizeVsCore4,H6,same_symbol_zscore,Core4,medium_turnover,F7_trend_reversal,premium_index;ret_6,basis;price,"Neg(CrossSymbolZScore(Clip(ResidualizeVsCore4(Mul(Add(Rank(TSMean(ret_6,48)),ZScore(TSMean(premium_index,84))),Clip(ResidualizeVsCore4(Mul(Rank(TSMean(ret_6,3)),ZScore(TSMean(premium_index,8)))),-4.0,4.0))),-4.0,4.0)))",62cb89e24cec17e3,6,generated_candidate,original,0.278,False,False,selected_for_strict_replay
a7o_l1_C0297_2036,C0297,2036,H09_trend_reversal_horizon_mix,P3_trade_size,RollingMaxRank,H24,same_symbol_zscore,Core4,lag_stable,F1_high_realized_vol,number_of_trades,liquidity,"Add(Decay(ResidualizeVsCore4(RegimeMaskNonMay(F3_high_liquidity_high_vol,Sub(Rank(RollingMax(number_of_trades,10)),Rank(TSMean(number_of_trades,3))))),16),Neg(Rank(Delta(number_of_trades,16))))",7bba60088d4df998,24,generated_candidate,original,0.22360000000000002,False,False,selected_for_strict_replay
a7o_l1_C0297_0181,C0297,181,H09_trend_reversal_horizon_mix,P3_trade_size,RollingMaxRank,H24,same_symbol_zscore,Core4,lag_stable,F1_high_realized_vol,quote_asset_volume,liquidity,"Add(Decay(ResidualizeVsCore4(RegimeMaskNonMay(F5_funding_neutral,Add(Rank(RollingMax(quote_asset_volume,30)),ZScore(TSMean(quote_asset_volume,10))))),10),Neg(Rank(Delta(quote_asset_volume,10))))",1e17b47b71ede292,24,generated_candidate,original,0.2116,False,False,selected_for_strict_replay
a7o_l1_C0297_0180,C0297,180,H09_trend_reversal_horizon_mix,P3_trade_size,RollingMaxRank,H24,same_symbol_zscore,Core4,lag_stable,F1_high_realized_vol,number_of_trades;quote_asset_volume,liquidity,"Add(Decay(ResidualizeVsCore4(RegimeMaskNonMay(F3_high_liquidity_high_vol,Sub(Rank(RollingMax(quote_asset_volume,6)),Rank(TSMean(quote_asset_volume,4))))),4),Neg(Rank(Delta(quote_asset_volume,4))))",416f5664cf140508,24,generated_candidate,original,0.2106,False,False,selected_for_strict_replay
a7o_l1_C0297_0373,C0297,373,H09_trend_reversal_horizon_mix,P3_trade_size,RollingMaxRank,H24,same_symbol_zscore,Core4,lag_stable,F1_high_realized_vol,avg_trade_size_quote;quote_asset_volume,liquidity,"Add(Decay(ResidualizeVsCore4(RegimeMaskNonMay(F5_funding_neutral,Add(Rank(RollingMax(avg_trade_size_quote,8)),ZScore(TSMean(quote_asset_volume,60))))),24),Neg(Rank(Delta(avg_trade_size_quote,24))))",a63f5a1727f3a589,24,generated_candidate,original,0.2096,False,False,selected_for_strict_replay
a7o_l1_C0297_0372,C0297,372,H09_trend_reversal_horizon_mix,P3_trade_size,RollingMaxRank,H24,same_symbol_zscore,Core4,lag_stable,F1_high_realized_vol,avg_trade_size_quote;number_of_trades,liquidity,"Add(Decay(ResidualizeVsCore4(RegimeMaskNonMay(F3_high_liquidity_high_vol,Sub(Rank(RollingMax(avg_trade_size_quote,16)),Rank(TSMean(avg_trade_size_quote,24))))),10),Neg(Rank(Delta(avg_trade_size_quote,10))))",648d3eaf41b2eb4c,24,generated_candidate,original,0.2086,False,False,selected_for_strict_replay
a7o_l1_C0297_0565,C0297,565,H09_trend_reversal_horizon_mix,P3_trade_size,RollingMaxRank,H24,same_symbol_zscore,Core4,lag_stable,F1_high_realized_vol,number_of_trades;quote_asset_volume,liquidity,"Add(Decay(ResidualizeVsCore4(RegimeMaskNonMay(F5_funding_neutral,Add(Rank(RollingMax(number_of_trades,20)),ZScore(TSMean(quote_asset_volume,10))))),6),Neg(Rank(Delta(number_of_trades,6))))",1eec306c5a2e7296,24,generated_candidate,original,0.2076,False,False,selected_for_strict_replay
a7o_l1_C0297_0564,C0297,564,H09_trend_reversal_horizon_mix,P3_trade_size,RollingMaxRank,H24,same_symbol_zscore,Core4,lag_stable,F1_high_realized_vol,number_of_trades,liquidity,"Add(Decay(ResidualizeVsCore4(RegimeMaskNonMay(F3_high_liquidity_high_vol,Sub(Rank(RollingMax(number_of_trades,36)),Rank(TSMean(number_of_trades,36))))),20),Neg(Rank(Delta(number_of_trades,20))))",3614c83c9de27a5f,24,generated_candidate,original,0.2066,False,False,selected_for_strict_replay
a7o_l1_C0297_0757,C0297,757,H09_trend_reversal_horizon_mix,P3_trade_size,RollingMaxRank,H24,same_symbol_zscore,Core4,lag_stable,F1_high_realized_vol,avg_trade_size_quote;number_of_trades,liquidity,"Add(Decay(ResidualizeVsCore4(RegimeMaskNonMay(F5_funding_neutral,Add(Rank(RollingMax(avg_trade_size_quote,48)),ZScore(TSMean(number_of_trades,10))))),16),Neg(Rank(Delta(avg_trade_size_quote,16))))",ed1d08f12ff1b743,24,generated_candidate,original,0.2056,False,False,selected_for_strict_replay
a7o_l1_C0297_0756,C0297,756,H09_trend_reversal_horizon_mix,P3_trade_size,RollingMaxRank,H24,same_symbol_zscore,Core4,lag_stable,F1_high_realized_vol,avg_trade_size_quote,liquidity,"Add(Decay(ResidualizeVsCore4(RegimeMaskNonMay(F3_high_liquidity_high_vol,Sub(Rank(RollingMax(avg_trade_size_quote,10)),Rank(TSMean(avg_trade_size_quote,10))))),4),Neg(Rank(Delta(avg_trade_size_quote,4))))",57caec16f99eea1d,24,generated_candidate,original,0.2046,False,False,selected_for_strict_replay
a7o_l1_C0297_0096,C0297,96,H09_trend_reversal_horizon_mix,P3_trade_size,RollingMaxRank,H24,same_symbol_zscore,Core4,lag_stable,F1_high_realized_vol,avg_trade_size_quote;quote_asset_volume,liquidity,"Add(Decay(ResidualizeVsCore4(Mul(Neg(Rank(TSMean(avg_trade_size_quote,4))),Rank(RollingMax(avg_trade_size_quote,10)))),20),Neg(Rank(Delta(avg_trade_size_quote,20))))",11aa84ea4651b2b4,24,generated_candidate,original,0.2036,False,False,selected_for_strict_replay
a7o_l1_C0297_0193,C0297,193,H09_trend_reversal_horizon_mix,P3_trade_size,RollingMaxRank,H24,same_symbol_zscore,Core4,lag_stable,F1_high_realized_vol,number_of_trades,liquidity,"Add(Decay(ResidualizeVsCore4(Rank(TSMean(Rank(RollingMax(number_of_trades,8)),36))),24),Neg(Rank(Delta(number_of_trades,24))))",b1829cb26686ea64,24,generated_candidate,original,0.2036,False,False,selected_for_strict_replay
a7o_l1_C0297_0290,C0297,290,H09_trend_reversal_horizon_mix,P3_trade_size,RollingMaxRank,H24,same_symbol_zscore,Core4,lag_stable,F1_high_realized_vol,avg_trade_size_quote;quote_asset_volume,liquidity,"Add(Decay(ResidualizeVsCore4(Sub(Rank(RollingMax(quote_asset_volume,6)),Abs(ZScore(TSMean(avg_trade_size_quote,10))))),48),Neg(Rank(Delta(quote_asset_volume,48))))",053bf7ad9fc5b46d,24,generated_candidate,original,0.2036,False,False,selected_for_strict_replay
a7o_l1_C0297_0387,C0297,387,H09_trend_reversal_horizon_mix,P3_trade_size,RollingMaxRank,H24,same_symbol_zscore,Core4,lag_stable,F1_high_realized_vol,number_of_trades;quote_asset_volume,liquidity,"Add(Decay(ResidualizeVsCore4(Clip(Rank(RollingMax(number_of_trades,48)),-4.0,4.0)),60),Neg(Rank(Delta(number_of_trades,60))))",01c5d291b06d5bf2,24,generated_candidate,original,0.2036,False,False,selected_for_strict_replay
a7o_l1_C0297_0484,C0297,484,H09_trend_reversal_horizon_mix,P3_trade_size,RollingMaxRank,H24,same_symbol_zscore,Core4,lag_stable,F1_high_realized_vol,number_of_trades;quote_asset_volume,liquidity,"Add(Decay(ResidualizeVsCore4(SafeDiv(Sub(Rank(RollingMax(number_of_trades,36)),Rank(TSMean(number_of_trades,36))),Clip(Abs(TSRank(quote_asset_volume,72)),0.05,2.25))),12),Neg(Rank(Delta(number_of_trades,12))))",24402c4df8137702,24,generated_candidate,original,0.2036,False,False,selected_for_strict_replay
a7o_l1_C0297_0581,C0297,581,H09_trend_reversal_horizon_mix,P3_trade_size,RollingMaxRank,H24,same_symbol_zscore,Core4,lag_stable,F1_high_realized_vol,number_of_trades;quote_asset_volume,liquidity,"Add(Decay(ResidualizeVsCore4(Add(Rank(RollingMax(quote_asset_volume,30)),ZScore(TSMean(number_of_trades,12)))),10),Neg(Rank(Delta(quote_asset_volume,10))))",90351a24b0fc45b4,24,generated_candidate,original,0.2036,False,False,selected_for_strict_replay
a7o_l1_C0297_0678,C0297,678,H09_trend_reversal_horizon_mix,P3_trade_size,RollingMaxRank,H24,same_symbol_zscore,Core4,lag_stable,F1_high_realized_vol,avg_trade_size_quote;number_of_trades,liquidity,"Add(Decay(ResidualizeVsCore4(RollingMin(Add(Rank(RollingMax(number_of_trades,24)),Rank(TSMean(avg_trade_size_quote,12))),60)),30),Neg(Rank(Delta(number_of_trades,30))))",06982ed016ae43d7,24,generated_candidate,original,0.2036,False,False,selected_for_strict_replay
a7o_l1_C0297_0775,C0297,775,H09_trend_reversal_horizon_mix,P3_trade_size,RollingMaxRank,H24,same_symbol_zscore,Core4,lag_stable,F1_high_realized_vol,quote_asset_volume,liquidity,"Add(Decay(ResidualizeVsCore4(SafeDiv(Rank(RollingMax(quote_asset_volume,20)),Clip(Abs(ZScore(TSStd(quote_asset_volume,10))),0.05,6.0))),24),Neg(Rank(Delta(quote_asset_volume,24))))",09f8e2ed9bd03d17,24,generated_candidate,original,0.2036,False,False,selected_for_strict_replay
a7o_l1_C0297_0872,C0297,872,H09_trend_reversal_horizon_mix,P3_trade_size,RollingMaxRank,H24,same_symbol_zscore,Core4,lag_stable,F1_high_realized_vol,quote_asset_volume,liquidity,"Add(Decay(ResidualizeVsCore4(TSRank(Sub(TSMean(Rank(RollingMax(quote_asset_volume,16)),24),TSMean(quote_asset_volume,30)),36)),8),Neg(Rank(Delta(quote_asset_volume,8))))",34b39e7d8a548470,24,generated_candidate,original,0.2036,False,False,selected_for_strict_replay
a7o_l1_C0297_0949,C0297,949,H09_trend_reversal_horizon_mix,P3_trade_size,RollingMaxRank,H24,same_symbol_zscore,Core4,lag_stable,F1_high_realized_vol,number_of_trades,liquidity,"Add(Decay(ResidualizeVsCore4(RegimeMaskNonMay(F5_funding_neutral,Add(Rank(RollingMax(number_of_trades,12)),ZScore(TSMean(number_of_trades,60))))),36),Neg(Rank(Delta(number_of_trades,36))))",d3df7e5bc040dbce,24,generated_candidate,original,0.2036,False,False,selected_for_strict_replay
a7o_l1_C0297_0969,C0297,969,H09_trend_reversal_horizon_mix,P3_trade_size,RollingMaxRank,H24,same_symbol_zscore,Core4,lag_stable,F1_high_realized_vol,number_of_trades,liquidity,"Add(Decay(ResidualizeVsCore4(Rank(Delta(Rank(RollingMax(number_of_trades,12)),72))),36),Neg(Rank(Delta(number_of_trades,36))))",fe43a9e635fffcb7,24,generated_candidate,original,0.2036,False,False,selected_for_strict_replay
a7o_l1_C0297_1066,C0297,1066,H09_trend_reversal_horizon_mix,P3_trade_size,RollingMaxRank,H24,same_symbol_zscore,Core4,lag_stable,F1_high_realized_vol,avg_trade_size_quote;quote_asset_volume,liquidity,"Add(Decay(ResidualizeVsCore4(Rank(SmoothInteraction(Rank(RollingMax(quote_asset_volume,10)),TSStd(quote_asset_volume,12)))),20),Neg(Rank(Delta(quote_asset_volume,20))))",5987fb9eeb2e164f,24,generated_candidate,original,0.2036,False,False,selected_for_strict_replay
a7o_l1_C0297_1163,C0297,1163,H09_trend_reversal_horizon_mix,P3_trade_size,RollingMaxRank,H24,same_symbol_zscore,Core4,lag_stable,F1_high_realized_vol,avg_trade_size_quote;quote_asset_volume,liquidity,"Add(Decay(ResidualizeVsCore4(WinsorZScore(Rank(RollingMax(avg_trade_size_quote,8)),3.0)),60),Neg(Rank(Delta(avg_trade_size_quote,60))))",e3d42046bfc55a8d,24,generated_candidate,original,0.2036,False,False,selected_for_strict_replay
a7o_l1_C0297_1260,C0297,1260,H09_trend_reversal_horizon_mix,P3_trade_size,RollingMaxRank,H24,same_symbol_zscore,Core4,lag_stable,F1_high_realized_vol,number_of_trades;quote_asset_volume,liquidity,"Add(Decay(ResidualizeVsCore4(Sub(WinsorZScore(TSMean(quote_asset_volume,4),1.25),WinsorZScore(TSMean(number_of_trades,10),1.25))),4),Neg(Rank(Delta(quote_asset_volume,4))))",8c6bda8109ab147e,24,generated_candidate,original,0.2036,False,False,selected_for_strict_replay
a7o_l1_C0297_1357,C0297,1357,H09_trend_reversal_horizon_mix,P3_trade_size,RollingMaxRank,H24,same_symbol_zscore,Core4,lag_stable,F1_high_realized_vol,number_of_trades;quote_asset_volume,liquidity,"Add(Decay(ResidualizeVsCore4(Mul(ZScore(TSMean(quote_asset_volume,8)),Rank(RollingMax(quote_asset_volume,48)))),16),Neg(Rank(Delta(quote_asset_volume,16))))",3eaa12da01637b3e,24,generated_candidate,original,0.2036,False,False,selected_for_strict_replay
a7o_l1_C0298_2036,C0298,2036,H05_volatility_structure_ex_liquidity_mul,P9_price_basis,AddZScore,H6,same_symbol_zscore,FundingCore_and_Core4,low_turnover,F1_high_realized_vol,mark_index_ratio;ret_6,basis;price,"Sub(TSMean(ResidualizeVsCore4(ResidualizeVsFundingCore(RegimeMaskNonMay(F3_high_liquidity_high_vol,Sub(Add(ZScore(TSMean(ret_6,3)),ZScore(TSMean(mark_index_ratio,8))),Rank(TSMean(ret_6,3)))))),16),Rank(TSMean(mark_index_ratio,16)))",82d823136d217db1,6,generated_candidate,original,0.30000000000000004,False,False,selected_for_strict_replay
a7o_l1_C0298_0181,C0298,181,H05_volatility_structure_ex_liquidity_mul,P9_price_basis,AddZScore,H6,same_symbol_zscore,FundingCore_and_Core4,low_turnover,F1_high_realized_vol,premium_index;ret_6,basis;price,"Sub(TSMean(ResidualizeVsCore4(ResidualizeVsFundingCore(RegimeMaskNonMay(F5_funding_neutral,Add(Add(ZScore(TSMean(ret_6,3)),ZScore(TSMean(premium_index,8))),ZScore(TSMean(premium_index,10)))))),10),Rank(TSMean(premium_index,10)))",9bbd0ba192df18a8,6,generated_candidate,original,0.28800000000000003,False,False,selected_for_strict_replay
a7o_l1_C0298_0180,C0298,180,H05_volatility_structure_ex_liquidity_mul,P9_price_basis,AddZScore,H6,same_symbol_zscore,FundingCore_and_Core4,low_turnover,F1_high_realized_vol,mark_index_ratio;ret_6,basis;price,"Sub(TSMean(ResidualizeVsCore4(ResidualizeVsFundingCore(RegimeMaskNonMay(F3_high_liquidity_high_vol,Sub(Add(ZScore(TSMean(ret_6,3)),ZScore(TSMean(mark_index_ratio,8))),Rank(TSMean(ret_6,4)))))),4),Rank(TSMean(mark_index_ratio,4)))",7b8650f001c876e8,6,generated_candidate,original,0.28700000000000003,False,False,selected_for_strict_replay
a7o_l1_C0298_0373,C0298,373,H05_volatility_structure_ex_liquidity_mul,P9_price_basis,AddZScore,H6,same_symbol_zscore,FundingCore_and_Core4,low_turnover,F1_high_realized_vol,premium_index;ret_6,basis;price,"Sub(TSMean(ResidualizeVsCore4(ResidualizeVsFundingCore(RegimeMaskNonMay(F5_funding_neutral,Add(Add(ZScore(TSMean(ret_6,3)),ZScore(TSMean(premium_index,8))),ZScore(TSMean(premium_index,60)))))),24),Rank(TSMean(premium_index,24)))",8b8c3b3447698364,6,generated_candidate,original,0.28600000000000003,False,False,selected_for_strict_replay
a7o_l1_C0298_0372,C0298,372,H05_volatility_structure_ex_liquidity_mul,P9_price_basis,AddZScore,H6,same_symbol_zscore,FundingCore_and_Core4,low_turnover,F1_high_realized_vol,mark_index_ratio;ret_6,basis;price,"Sub(TSMean(ResidualizeVsCore4(ResidualizeVsFundingCore(RegimeMaskNonMay(F3_high_liquidity_high_vol,Sub(Add(ZScore(TSMean(ret_6,3)),ZScore(TSMean(mark_index_ratio,8))),Rank(TSMean(ret_6,24)))))),10),Rank(TSMean(mark_index_ratio,10)))",afd9bd2f74092bcf,6,generated_candidate,original,0.28500000000000003,False,False,selected_for_strict_replay
a7o_l1_C0298_0565,C0298,565,H05_volatility_structure_ex_liquidity_mul,P9_price_basis,AddZScore,H6,same_symbol_zscore,FundingCore_and_Core4,low_turnover,F1_high_realized_vol,premium_index;ret_6,basis;price,"Sub(TSMean(ResidualizeVsCore4(ResidualizeVsFundingCore(RegimeMaskNonMay(F5_funding_neutral,Add(Add(ZScore(TSMean(ret_6,3)),ZScore(TSMean(premium_index,8))),ZScore(TSMean(premium_index,10)))))),6),Rank(TSMean(premium_index,6)))",dad174ceb020c2ad,6,generated_candidate,original,0.28400000000000003,False,False,selected_for_strict_replay
a7o_l1_C0298_0564,C0298,564,H05_volatility_structure_ex_liquidity_mul,P9_price_basis,AddZScore,H6,same_symbol_zscore,FundingCore_and_Core4,low_turnover,F1_high_realized_vol,mark_index_ratio;ret_6,basis;price,"Sub(TSMean(ResidualizeVsCore4(ResidualizeVsFundingCore(RegimeMaskNonMay(F3_high_liquidity_high_vol,Sub(Add(ZScore(TSMean(ret_6,3)),ZScore(TSMean(mark_index_ratio,8))),Rank(TSMean(ret_6,36)))))),20),Rank(TSMean(mark_index_ratio,20)))",35b8eba3977a3951,6,generated_candidate,original,0.28300000000000003,False,False,selected_for_strict_replay
a7o_l1_C0298_0757,C0298,757,H05_volatility_structure_ex_liquidity_mul,P9_price_basis,AddZScore,H6,same_symbol_zscore,FundingCore_and_Core4,low_turnover,F1_high_realized_vol,premium_index;ret_6,basis;price,"Sub(TSMean(ResidualizeVsCore4(ResidualizeVsFundingCore(RegimeMaskNonMay(F5_funding_neutral,Add(Add(ZScore(TSMean(ret_6,3)),ZScore(TSMean(premium_index,8))),ZScore(TSMean(premium_index,10)))))),16),Rank(TSMean(premium_index,16)))",de7b1fdc7717ad8e,6,generated_candidate,original,0.28200000000000003,False,False,selected_for_strict_replay
a7o_l1_C0298_0756,C0298,756,H05_volatility_structure_ex_liquidity_mul,P9_price_basis,AddZScore,H6,same_symbol_zscore,FundingCore_and_Core4,low_turnover,F1_high_realized_vol,mark_index_ratio;ret_6,basis;price,"Sub(TSMean(ResidualizeVsCore4(ResidualizeVsFundingCore(RegimeMaskNonMay(F3_high_liquidity_high_vol,Sub(Add(ZScore(TSMean(ret_6,3)),ZScore(TSMean(mark_index_ratio,8))),Rank(TSMean(ret_6,10)))))),4),Rank(TSMean(mark_index_ratio,4)))",72ee2858541deb1b,6,generated_candidate,original,0.281,False,False,selected_for_strict_replay
a7o_l1_C0298_0096,C0298,96,H05_volatility_structure_ex_liquidity_mul,P9_price_basis,AddZScore,H6,same_symbol_zscore,FundingCore_and_Core4,low_turnover,F1_high_realized_vol,mark_index_ratio;ret_6,basis;price,"Sub(TSMean(ResidualizeVsCore4(ResidualizeVsFundingCore(Mul(Neg(Rank(TSMean(mark_index_ratio,4))),Add(ZScore(TSMean(mark_index_ratio,3)),ZScore(TSMean(ret_6,8)))))),20),Rank(TSMean(ret_6,20)))",bd9f4b64d38a46a8,6,generated_candidate,original,0.28,False,False,selected_for_strict_replay
a7o_l1_C0298_0387,C0298,387,H05_volatility_structure_ex_liquidity_mul,P9_price_basis,AddZScore,H6,same_symbol_zscore,FundingCore_and_Core4,low_turnover,F1_high_realized_vol,premium_index;ret_6,basis;price,"Sub(TSMean(ResidualizeVsCore4(ResidualizeVsFundingCore(Clip(Add(ZScore(TSMean(ret_6,3)),ZScore(TSMean(premium_index,8))),-4.0,4.0))),60),Rank(TSMean(premium_index,60)))",d7216167b0676375,6,generated_candidate,original,0.28,False,False,selected_for_strict_replay
a7o_l1_C0298_0484,C0298,484,H05_volatility_structure_ex_liquidity_mul,P9_price_basis,AddZScore,H6,same_symbol_zscore,FundingCore_and_Core4,low_turnover,F1_high_realized_vol,premium_index;ret_6,basis;price,"Sub(TSMean(ResidualizeVsCore4(ResidualizeVsFundingCore(SafeDiv(Sub(Add(ZScore(TSMean(premium_index,3)),ZScore(TSMean(ret_6,8))),Rank(TSMean(premium_index,36))),Clip(Abs(TSRank(ret_6,72)),0.05,2.25)))),12),Rank(TSMean(ret_6,12)))",12fb73d665a0554e,6,generated_candidate,original,0.28,False,False,selected_for_strict_replay
a7o_l1_C0298_0775,C0298,775,H05_volatility_structure_ex_liquidity_mul,P9_price_basis,AddZScore,H6,same_symbol_zscore,FundingCore_and_Core4,low_turnover,F1_high_realized_vol,premium_index;ret_12,basis;price,"Sub(TSMean(ResidualizeVsCore4(ResidualizeVsFundingCore(SafeDiv(Add(ZScore(TSMean(ret_12,3)),ZScore(TSMean(premium_index,8))),Clip(Abs(ZScore(TSStd(premium_index,10))),0.05,6.0)))),24),Rank(TSMean(premium_index,24)))",b10580676a42c600,6,generated_candidate,original,0.28,False,False,selected_for_strict_replay
a7o_l1_C0298_0949,C0298,949,H05_volatility_structure_ex_liquidity_mul,P9_price_basis,AddZScore,H6,same_symbol_zscore,FundingCore_and_Core4,low_turnover,F1_high_realized_vol,premium_index;ret_6,basis;price,"Sub(TSMean(ResidualizeVsCore4(ResidualizeVsFundingCore(RegimeMaskNonMay(F5_funding_neutral,Add(Add(ZScore(TSMean(ret_6,3)),ZScore(TSMean(premium_index,8))),ZScore(TSMean(premium_index,60)))))),36),Rank(TSMean(premium_index,36)))",4c8a7ebb25d3cdc6,6,generated_candidate,original,0.28,False,False,selected_for_strict_replay
a7o_l1_C0298_0969,C0298,969,H05_volatility_structure_ex_liquidity_mul,P9_price_basis,AddZScore,H6,same_symbol_zscore,FundingCore_and_Core4,low_turnover,F1_high_realized_vol,mark_index_ratio;ret_12,basis;price,"Sub(TSMean(ResidualizeVsCore4(ResidualizeVsFundingCore(Rank(Delta(Add(ZScore(TSMean(mark_index_ratio,3)),ZScore(TSMean(ret_12,8))),72)))),36),Rank(TSMean(ret_12,36)))",a20f7861e3f1a964,6,generated_candidate,original,0.28,False,False,selected_for_strict_replay
a7o_l1_C0298_1066,C0298,1066,H05_volatility_structure_ex_liquidity_mul,P9_price_basis,AddZScore,H6,same_symbol_zscore,FundingCore_and_Core4,low_turnover,F1_high_realized_vol,mark_index_ratio;ret_6,basis;price,"Sub(TSMean(ResidualizeVsCore4(ResidualizeVsFundingCore(Rank(SmoothInteraction(Add(ZScore(TSMean(ret_6,3)),ZScore(TSMean(mark_index_ratio,8))),TSStd(ret_6,12))))),20),Rank(TSMean(mark_index_ratio,20)))",d6067d514b1c64f3,6,generated_candidate,original,0.28,False,False,selected_for_strict_replay
a7o_l1_C0298_1357,C0298,1357,H05_volatility_structure_ex_liquidity_mul,P9_price_basis,AddZScore,H6,same_symbol_zscore,FundingCore_and_Core4,low_turnover,F1_high_realized_vol,premium_index;ret_12,basis;price,"Sub(TSMean(ResidualizeVsCore4(ResidualizeVsFundingCore(Mul(ZScore(TSMean(premium_index,8)),Add(ZScore(TSMean(premium_index,3)),ZScore(TSMean(ret_12,8)))))),16),Rank(TSMean(ret_12,16)))",dc9f650d0f8a2c1f,6,generated_candidate,original,0.28,False,False,selected_for_strict_replay
a7o_l1_C0298_1454,C0298,1454,H05_volatility_structure_ex_liquidity_mul,P9_price_basis,AddZScore,H6,same_symbol_zscore,FundingCore_and_Core4,low_turnover,F1_high_realized_vol,mark_index_ratio;ret_12,basis;price,"Sub(TSMean(ResidualizeVsCore4(ResidualizeVsFundingCore(Mul(SafeDiv(ZScore(TSMean(ret_12,24)),Clip(Abs(ZScore(TSMean(mark_index_ratio,48))),0.05,3.0)),Add(ZScore(TSMean(ret_12,3)),ZScore(TSMean(mark_index_ratio,8)))))),12),Rank(TSMean(mark_index_ratio,12)))",be7fc1ca29232bc0,6,generated_candidate,original,0.28,False,False,selected_for_strict_replay
a7o_l1_C0298_1745,C0298,1745,H05_volatility_structure_ex_liquidity_mul,P9_price_basis,AddZScore,H6,same_symbol_zscore,FundingCore_and_Core4,low_turnover,F1_high_realized_vol,premium_index;ret_12,basis;price,"Sub(TSMean(ResidualizeVsCore4(ResidualizeVsFundingCore(SmoothInteraction(Add(ZScore(TSMean(ret_12,3)),ZScore(TSMean(premium_index,8))),TSMean(premium_index,10)))),6),Rank(TSMean(premium_index,6)))",c150748f63655673,6,generated_candidate,original,0.28,False,False,selected_for_strict_replay
a7o_l1_C0298_1842,C0298,1842,H05_volatility_structure_ex_liquidity_mul,P9_price_basis,AddZScore,H6,same_symbol_zscore,FundingCore_and_Core4,low_turnover,F1_high_realized_vol,premium_index;ret_6,basis;price,"Sub(TSMean(ResidualizeVsCore4(ResidualizeVsFundingCore(CrossSymbolRank(Add(Add(ZScore(TSMean(premium_index,3)),ZScore(TSMean(ret_6,8))),TSMean(premium_index,24))))),60),Rank(TSMean(ret_6,60)))",b7ca9a835501de08,6,generated_candidate,original,0.28,False,False,selected_for_strict_replay
a7o_l1_C0298_0289,C0298,289,H05_volatility_structure_ex_liquidity_mul,P9_price_basis,AddZScore,H6,same_symbol_zscore,FundingCore_and_Core4,low_turnover,F1_high_realized_vol,mark_index_ratio;ret_12,basis;price,"Sub(TSMean(ResidualizeVsCore4(ResidualizeVsFundingCore(Add(Abs(ZScore(TSStd(mark_index_ratio,72))),Add(ZScore(TSMean(mark_index_ratio,3)),ZScore(TSMean(ret_12,8)))))),36),Rank(TSMean(ret_12,36)))",5517391835aa7923,6,generated_candidate,original,0.279,False,False,selected_for_strict_replay
a7o_l1_C0298_0386,C0298,386,H05_volatility_structure_ex_liquidity_mul,P9_price_basis,AddZScore,H6,same_symbol_zscore,FundingCore_and_Core4,low_turnover,F1_high_realized_vol,mark_index_ratio;ret_6,basis;price,"Sub(TSMean(ResidualizeVsCore4(ResidualizeVsFundingCore(ZScore(Decay(Add(ZScore(TSMean(ret_6,3)),ZScore(TSMean(mark_index_ratio,8))),16)))),24),Rank(TSMean(mark_index_ratio,24)))",452a5adc6ca1714f,6,generated_candidate,original,0.279,False,False,selected_for_strict_replay
a7o_l1_C0298_0677,C0298,677,H05_volatility_structure_ex_liquidity_mul,P9_price_basis,AddZScore,H6,same_symbol_zscore,FundingCore_and_Core4,low_turnover,F1_high_realized_vol,premium_index;ret_12,basis;price,"Sub(TSMean(ResidualizeVsCore4(ResidualizeVsFundingCore(RollingMax(Sub(Add(ZScore(TSMean(premium_index,3)),ZScore(TSMean(ret_12,8))),ZScore(TSMean(premium_index,8))),10))),16),Rank(TSMean(ret_12,16)))",12ea16295a4da962,6,generated_candidate,original,0.279,False,False,selected_for_strict_replay
a7o_l1_C0298_0774,C0298,774,H05_volatility_structure_ex_liquidity_mul,P9_price_basis,AddZScore,H6,same_symbol_zscore,FundingCore_and_Core4,low_turnover,F1_high_realized_vol,mark_index_ratio;ret_12,basis;price,"Sub(TSMean(ResidualizeVsCore4(ResidualizeVsFundingCore(Mul(Add(ZScore(TSMean(ret_12,3)),ZScore(TSMean(mark_index_ratio,8))),Rank(TSStd(ret_12,24))))),16),Rank(TSMean(mark_index_ratio,16)))",c2dc56fbf14cc31e,6,generated_candidate,original,0.279,False,False,selected_for_strict_replay
a7o_l1_C0299_2036,C0299,2036,H08_trade_size_microstructure_lite,P9_price_basis,TSMeanRank,ensemble_6_12_24_48,cross_symbol_rank,Core4,medium_turnover,F0_calendar_blocks,mark_index_ratio;ret_6,basis;price,"SmoothInteraction(Clip(ResidualizeVsCore4(cross_symbol_rank(RegimeMaskNonMay(F3_high_liquidity_high_vol,Sub(Rank(TSMean(ret_6,12)),Rank(TSMean(ret_6,3)))))),-4.0,4.0),TSMean(mark_index_ratio,16))",bf6455f845fc87b8,12,generated_candidate,original,0.29640000000000005,False,False,selected_for_strict_replay
a7o_l1_C0299_0181,C0299,181,H08_trade_size_microstructure_lite,P9_price_basis,TSMeanRank,ensemble_6_12_24_48,cross_symbol_rank,Core4,medium_turnover,F0_calendar_blocks,premium_index;ret_6,basis;price,"SmoothInteraction(Clip(ResidualizeVsCore4(cross_symbol_rank(RegimeMaskNonMay(F5_funding_neutral,Add(Rank(TSMean(ret_6,20)),ZScore(TSMean(premium_index,10)))))),-4.0,4.0),TSMean(premium_index,10))",0c8466930fdb0dab,12,generated_candidate,original,0.28440000000000004,False,False,selected_for_strict_replay
a7o_l1_C0299_0180,C0299,180,H08_trade_size_microstructure_lite,P9_price_basis,TSMeanRank,ensemble_6_12_24_48,cross_symbol_rank,Core4,medium_turnover,F0_calendar_blocks,mark_index_ratio;ret_6,basis;price,"SmoothInteraction(Clip(ResidualizeVsCore4(cross_symbol_rank(RegimeMaskNonMay(F3_high_liquidity_high_vol,Sub(Rank(TSMean(ret_6,3)),Rank(TSMean(ret_6,4)))))),-4.0,4.0),TSMean(mark_index_ratio,4))",39acd024d66bfd47,6,generated_candidate,original,0.28340000000000004,False,False,selected_for_strict_replay
a7o_l1_C0299_0373,C0299,373,H08_trade_size_microstructure_lite,P9_price_basis,TSMeanRank,ensemble_6_12_24_48,cross_symbol_rank,Core4,medium_turnover,F0_calendar_blocks,premium_index;ret_6,basis;price,"SmoothInteraction(Clip(ResidualizeVsCore4(cross_symbol_rank(RegimeMaskNonMay(F5_funding_neutral,Add(Rank(TSMean(ret_6,16)),ZScore(TSMean(premium_index,60)))))),-4.0,4.0),TSMean(premium_index,24))",ed1031b6c83f823e,48,generated_candidate,original,0.28240000000000004,False,False,selected_for_strict_replay
a7o_l1_C0299_0372,C0299,372,H08_trade_size_microstructure_lite,P9_price_basis,TSMeanRank,ensemble_6_12_24_48,cross_symbol_rank,Core4,medium_turnover,F0_calendar_blocks,mark_index_ratio;ret_6,basis;price,"SmoothInteraction(Clip(ResidualizeVsCore4(cross_symbol_rank(RegimeMaskNonMay(F3_high_liquidity_high_vol,Sub(Rank(TSMean(ret_6,16)),Rank(TSMean(ret_6,24)))))),-4.0,4.0),TSMean(mark_index_ratio,10))",bf2ae19abc94a31d,24,generated_candidate,original,0.28140000000000004,False,False,selected_for_strict_replay
a7o_l1_C0299_0565,C0299,565,H08_trade_size_microstructure_lite,P9_price_basis,TSMeanRank,ensemble_6_12_24_48,cross_symbol_rank,Core4,medium_turnover,F0_calendar_blocks,premium_index;ret_6,basis;price,"SmoothInteraction(Clip(ResidualizeVsCore4(cross_symbol_rank(RegimeMaskNonMay(F5_funding_neutral,Add(Rank(TSMean(ret_6,3)),ZScore(TSMean(premium_index,10)))))),-4.0,4.0),TSMean(premium_index,6))",4c4a7ea12fda5caf,6,generated_candidate,original,0.28040000000000004,False,False,selected_for_strict_replay
a7o_l1_C0299_0564,C0299,564,H08_trade_size_microstructure_lite,P9_price_basis,TSMeanRank,ensemble_6_12_24_48,cross_symbol_rank,Core4,medium_turnover,F0_calendar_blocks,mark_index_ratio;ret_6,basis;price,"SmoothInteraction(Clip(ResidualizeVsCore4(cross_symbol_rank(RegimeMaskNonMay(F3_high_liquidity_high_vol,Sub(Rank(TSMean(ret_6,60)),Rank(TSMean(ret_6,36)))))),-4.0,4.0),TSMean(mark_index_ratio,20))",8c95d7d60f016797,72,generated_candidate,original,0.27940000000000004,False,False,selected_for_strict_replay
a7o_l1_C0299_0757,C0299,757,H08_trade_size_microstructure_lite,P9_price_basis,TSMeanRank,ensemble_6_12_24_48,cross_symbol_rank,Core4,medium_turnover,F0_calendar_blocks,premium_index;ret_6,basis;price,"SmoothInteraction(Clip(ResidualizeVsCore4(cross_symbol_rank(RegimeMaskNonMay(F5_funding_neutral,Add(Rank(TSMean(ret_6,48)),ZScore(TSMean(premium_index,10)))))),-4.0,4.0),TSMean(premium_index,16))",923473ee1d4eec67,24,generated_candidate,original,0.27840000000000004,False,False,selected_for_strict_replay
a7o_l1_C0299_0756,C0299,756,H08_trade_size_microstructure_lite,P9_price_basis,TSMeanRank,ensemble_6_12_24_48,cross_symbol_rank,Core4,medium_turnover,F0_calendar_blocks,mark_index_ratio;ret_6,basis;price,"SmoothInteraction(Clip(ResidualizeVsCore4(cross_symbol_rank(RegimeMaskNonMay(F3_high_liquidity_high_vol,Sub(Rank(TSMean(ret_6,3)),Rank(TSMean(ret_6,10)))))),-4.0,4.0),TSMean(mark_index_ratio,4))",5fa2bc2b275d1dd6,12,generated_candidate,original,0.27740000000000004,False,False,selected_for_strict_replay
a7o_l1_C0299_0096,C0299,96,H08_trade_size_microstructure_lite,P9_price_basis,TSMeanRank,ensemble_6_12_24_48,cross_symbol_rank,Core4,medium_turnover,F0_calendar_blocks,mark_index_ratio;ret_6,basis;price,"SmoothInteraction(Clip(ResidualizeVsCore4(cross_symbol_rank(Mul(Neg(Rank(TSMean(mark_index_ratio,4))),Rank(TSMean(mark_index_ratio,16))))),-4.0,4.0),TSMean(ret_6,20))",053a4a9b19788db5,12,generated_candidate,original,0.27640000000000003,False,False,selected_for_strict_replay
a7o_l1_C0299_0387,C0299,387,H08_trade_size_microstructure_lite,P9_price_basis,TSMeanRank,ensemble_6_12_24_48,cross_symbol_rank,Core4,medium_turnover,F0_calendar_blocks,premium_index;ret_6,basis;price,"SmoothInteraction(Clip(ResidualizeVsCore4(cross_symbol_rank(Clip(Rank(TSMean(ret_6,48)),-4.0,4.0))),-4.0,4.0),TSMean(premium_index,60))",f32b3f11604df944,24,generated_candidate,original,0.27640000000000003,False,False,selected_for_strict_replay
a7o_l1_C0299_0484,C0299,484,H08_trade_size_microstructure_lite,P9_price_basis,TSMeanRank,ensemble_6_12_24_48,cross_symbol_rank,Core4,medium_turnover,F0_calendar_blocks,premium_index;ret_6,basis;price,"SmoothInteraction(Clip(ResidualizeVsCore4(cross_symbol_rank(SafeDiv(Sub(Rank(TSMean(premium_index,60)),Rank(TSMean(premium_index,36))),Clip(Abs(TSRank(ret_6,72)),0.05,2.25)))),-4.0,4.0),TSMean(ret_6,12))",1750abe8b460c43f,72,generated_candidate,original,0.27640000000000003,False,False,selected_for_strict_replay
a7o_l1_C0299_0775,C0299,775,H08_trade_size_microstructure_lite,P9_price_basis,TSMeanRank,ensemble_6_12_24_48,cross_symbol_rank,Core4,medium_turnover,F0_calendar_blocks,premium_index;ret_12,basis;price,"SmoothInteraction(Clip(ResidualizeVsCore4(cross_symbol_rank(SafeDiv(Rank(TSMean(ret_12,3)),Clip(Abs(ZScore(TSStd(premium_index,10))),0.05,6.0)))),-4.0,4.0),TSMean(premium_index,24))",a5ee3c085c7d7a7f,6,generated_candidate,original,0.27640000000000003,False,False,selected_for_strict_replay
a7o_l1_C0299_0949,C0299,949,H08_trade_size_microstructure_lite,P9_price_basis,TSMeanRank,ensemble_6_12_24_48,cross_symbol_rank,Core4,medium_turnover,F0_calendar_blocks,premium_index;ret_6,basis;price,"SmoothInteraction(Clip(ResidualizeVsCore4(cross_symbol_rank(RegimeMaskNonMay(F5_funding_neutral,Add(Rank(TSMean(ret_6,48)),ZScore(TSMean(premium_index,60)))))),-4.0,4.0),TSMean(premium_index,36))",55ed1490c40a81a0,72,generated_candidate,original,0.27640000000000003,False,False,selected_for_strict_replay
a7o_l1_C0299_0969,C0299,969,H08_trade_size_microstructure_lite,P9_price_basis,TSMeanRank,ensemble_6_12_24_48,cross_symbol_rank,Core4,medium_turnover,F0_calendar_blocks,mark_index_ratio;ret_12,basis;price,"SmoothInteraction(Clip(ResidualizeVsCore4(cross_symbol_rank(Rank(Delta(Rank(TSMean(mark_index_ratio,96)),72)))),-4.0,4.0),TSMean(ret_12,36))",6c0967db1af4e37e,72,generated_candidate,original,0.27640000000000003,False,False,selected_for_strict_replay
a7o_l1_C0299_1066,C0299,1066,H08_trade_size_microstructure_lite,P9_price_basis,TSMeanRank,ensemble_6_12_24_48,cross_symbol_rank,Core4,medium_turnover,F0_calendar_blocks,mark_index_ratio;ret_6,basis;price,"SmoothInteraction(Clip(ResidualizeVsCore4(cross_symbol_rank(Rank(SmoothInteraction(Rank(TSMean(ret_6,4)),TSStd(ret_6,12))))),-4.0,4.0),TSMean(mark_index_ratio,20))",7b12409f2fb43416,12,generated_candidate,original,0.27640000000000003,False,False,selected_for_strict_replay
a7o_l1_C0299_1357,C0299,1357,H08_trade_size_microstructure_lite,P9_price_basis,TSMeanRank,ensemble_6_12_24_48,cross_symbol_rank,Core4,medium_turnover,F0_calendar_blocks,premium_index;ret_12,basis;price,"SmoothInteraction(Clip(ResidualizeVsCore4(cross_symbol_rank(Mul(ZScore(TSMean(premium_index,8)),Rank(TSMean(premium_index,48))))),-4.0,4.0),TSMean(ret_12,16))",4facf15c7abc9598,24,generated_candidate,original,0.27640000000000003,False,False,selected_for_strict_replay
a7o_l1_C0299_1454,C0299,1454,H08_trade_size_microstructure_lite,P9_price_basis,TSMeanRank,ensemble_6_12_24_48,cross_symbol_rank,Core4,medium_turnover,F0_calendar_blocks,mark_index_ratio;ret_12,basis;price,"SmoothInteraction(Clip(ResidualizeVsCore4(cross_symbol_rank(Mul(SafeDiv(ZScore(TSMean(ret_12,24)),Clip(Abs(ZScore(TSMean(mark_index_ratio,48))),0.05,3.0)),Rank(TSMean(ret_12,36))))),-4.0,4.0),TSMean(mark_index_ratio,12))",4188f0f09b18aeca,72,generated_candidate,original,0.27640000000000003,False,False,selected_for_strict_replay
a7o_l1_C0299_1745,C0299,1745,H08_trade_size_microstructure_lite,P9_price_basis,TSMeanRank,ensemble_6_12_24_48,cross_symbol_rank,Core4,medium_turnover,F0_calendar_blocks,premium_index;ret_12,basis;price,"SmoothInteraction(Clip(ResidualizeVsCore4(cross_symbol_rank(SmoothInteraction(Rank(TSMean(ret_12,3)),TSMean(premium_index,10)))),-4.0,4.0),TSMean(premium_index,6))",665b5a9ccab32604,6,generated_candidate,original,0.27640000000000003,False,False,selected_for_strict_replay
a7o_l1_C0299_1842,C0299,1842,H08_trade_size_microstructure_lite,P9_price_basis,TSMeanRank,ensemble_6_12_24_48,cross_symbol_rank,Core4,medium_turnover,F0_calendar_blocks,premium_index;ret_6,basis;price,"SmoothInteraction(Clip(ResidualizeVsCore4(CrossSymbolRank(Add(Rank(TSMean(premium_index,16)),TSMean(premium_index,24)))),-4.0,4.0),TSMean(ret_6,60))",e02139bb4fc592cc,24,generated_candidate,original,0.27640000000000003,False,False,selected_for_strict_replay
a7o_l1_C0299_0289,C0299,289,H08_trade_size_microstructure_lite,P9_price_basis,TSMeanRank,ensemble_6_12_24_48,cross_symbol_rank,Core4,medium_turnover,F0_calendar_blocks,mark_index_ratio;ret_12,basis;price,"SmoothInteraction(Clip(ResidualizeVsCore4(cross_symbol_rank(Add(Abs(ZScore(TSStd(mark_index_ratio,72))),Rank(TSMean(mark_index_ratio,96))))),-4.0,4.0),TSMean(ret_12,36))",ca7f1a71e1f0e064,72,generated_candidate,original,0.27540000000000003,False,False,selected_for_strict_replay
a7o_l1_C0299_0386,C0299,386,H08_trade_size_microstructure_lite,P9_price_basis,TSMeanRank,ensemble_6_12_24_48,cross_symbol_rank,Core4,medium_turnover,F0_calendar_blocks,mark_index_ratio;ret_6,basis;price,"SmoothInteraction(Clip(ResidualizeVsCore4(cross_symbol_rank(ZScore(Decay(Rank(TSMean(ret_6,6)),16)))),-4.0,4.0),TSMean(mark_index_ratio,24))",8358fa28a3407a4a,12,generated_candidate,original,0.27540000000000003,False,False,selected_for_strict_replay
a7o_l1_C0299_0677,C0299,677,H08_trade_size_microstructure_lite,P9_price_basis,TSMeanRank,ensemble_6_12_24_48,cross_symbol_rank,Core4,medium_turnover,F0_calendar_blocks,premium_index;ret_12,basis;price,"SmoothInteraction(Clip(ResidualizeVsCore4(cross_symbol_rank(RollingMax(Sub(Rank(TSMean(premium_index,48)),ZScore(TSMean(premium_index,8))),10))),-4.0,4.0),TSMean(ret_12,16))",3d756b3776386832,24,generated_candidate,original,0.27540000000000003,False,False,selected_for_strict_replay
a7o_l1_C0299_0774,C0299,774,H08_trade_size_microstructure_lite,P9_price_basis,TSMeanRank,ensemble_6_12_24_48,cross_symbol_rank,Core4,medium_turnover,F0_calendar_blocks,mark_index_ratio;ret_12,basis;price,"SmoothInteraction(Clip(ResidualizeVsCore4(cross_symbol_rank(Mul(Rank(TSMean(ret_12,36)),Rank(TSStd(ret_12,24))))),-4.0,4.0),TSMean(mark_index_ratio,16))",78cec4ea5b1bd6ff,72,generated_candidate,original,0.27540000000000003,False,False,selected_for_strict_replay
a7o_l1_C0300_2036,C0300,2036,H01_cross_symbol_relative_strength,P4_taker_flow,NegRank,H24,same_symbol_zscore,FundingCore_and_Core4,medium_turnover,F0_calendar_blocks,taker_imbalance,flow,"CrossSymbolRank(Clip(ResidualizeVsCore4(ResidualizeVsFundingCore(RegimeMaskNonMay(F3_high_liquidity_high_vol,Sub(Neg(Rank(Decay(taker_imbalance,10))),Rank(TSMean(taker_imbalance,3)))))),-4.0,4.0))",3e66ea71382b4032,24,generated_candidate,original,0.22170000000000004,False,False,selected_for_strict_replay
a7o_l1_C0300_0181,C0300,181,H01_cross_symbol_relative_strength,P4_taker_flow,NegRank,H24,same_symbol_zscore,FundingCore_and_Core4,medium_turnover,F0_calendar_blocks,cs_z_taker_imbalance,flow,"CrossSymbolRank(Clip(ResidualizeVsCore4(ResidualizeVsFundingCore(RegimeMaskNonMay(F5_funding_neutral,Add(Neg(Rank(Decay(cs_z_taker_imbalance,30))),ZScore(TSMean(cs_z_taker_imbalance,10)))))),-4.0,4.0))",e5c184ee8977f1b7,24,generated_candidate,original,0.20970000000000003,False,False,selected_for_strict_replay
a7o_l1_C0300_0180,C0300,180,H01_cross_symbol_relative_strength,P4_taker_flow,NegRank,H24,same_symbol_zscore,FundingCore_and_Core4,medium_turnover,F0_calendar_blocks,cs_z_taker_imbalance;taker_imbalance,flow,"CrossSymbolRank(Clip(ResidualizeVsCore4(ResidualizeVsFundingCore(RegimeMaskNonMay(F3_high_liquidity_high_vol,Sub(Neg(Rank(Decay(cs_z_taker_imbalance,6))),Rank(TSMean(cs_z_taker_imbalance,4)))))),-4.0,4.0))",e1d041c23471350f,24,generated_candidate,original,0.20870000000000002,False,False,selected_for_strict_replay
a7o_l1_C0300_0373,C0300,373,H01_cross_symbol_relative_strength,P4_taker_flow,NegRank,H24,same_symbol_zscore,FundingCore_and_Core4,medium_turnover,F0_calendar_blocks,cs_z_taker_imbalance;taker_buy_ratio,flow,"CrossSymbolRank(Clip(ResidualizeVsCore4(ResidualizeVsFundingCore(RegimeMaskNonMay(F5_funding_neutral,Add(Neg(Rank(Decay(taker_buy_ratio,8))),ZScore(TSMean(cs_z_taker_imbalance,60)))))),-4.0,4.0))",51026c554dd1443c,24,generated_candidate,original,0.20770000000000002,False,False,selected_for_strict_replay
a7o_l1_C0300_0372,C0300,372,H01_cross_symbol_relative_strength,P4_taker_flow,NegRank,H24,same_symbol_zscore,FundingCore_and_Core4,medium_turnover,F0_calendar_blocks,taker_buy_ratio;taker_imbalance,flow,"CrossSymbolRank(Clip(ResidualizeVsCore4(ResidualizeVsFundingCore(RegimeMaskNonMay(F3_high_liquidity_high_vol,Sub(Neg(Rank(Decay(taker_buy_ratio,16))),Rank(TSMean(taker_buy_ratio,24)))))),-4.0,4.0))",df70b91b4569c892,24,generated_candidate,original,0.20670000000000002,False,False,selected_for_strict_replay
a7o_l1_C0300_0565,C0300,565,H01_cross_symbol_relative_strength,P4_taker_flow,NegRank,H24,same_symbol_zscore,FundingCore_and_Core4,medium_turnover,F0_calendar_blocks,cs_z_taker_imbalance;taker_imbalance,flow,"CrossSymbolRank(Clip(ResidualizeVsCore4(ResidualizeVsFundingCore(RegimeMaskNonMay(F5_funding_neutral,Add(Neg(Rank(Decay(taker_imbalance,20))),ZScore(TSMean(cs_z_taker_imbalance,10)))))),-4.0,4.0))",87e4bfd83c2d278b,24,generated_candidate,original,0.20570000000000002,False,False,selected_for_strict_replay
a7o_l1_C0300_0564,C0300,564,H01_cross_symbol_relative_strength,P4_taker_flow,NegRank,H24,same_symbol_zscore,FundingCore_and_Core4,medium_turnover,F0_calendar_blocks,taker_imbalance,flow,"CrossSymbolRank(Clip(ResidualizeVsCore4(ResidualizeVsFundingCore(RegimeMaskNonMay(F3_high_liquidity_high_vol,Sub(Neg(Rank(Decay(taker_imbalance,36))),Rank(TSMean(taker_imbalance,36)))))),-4.0,4.0))",18bf0d5661cac83d,24,generated_candidate,original,0.20470000000000002,False,False,selected_for_strict_replay
a7o_l1_C0300_0757,C0300,757,H01_cross_symbol_relative_strength,P4_taker_flow,NegRank,H24,same_symbol_zscore,FundingCore_and_Core4,medium_turnover,F0_calendar_blocks,taker_buy_ratio;taker_imbalance,flow,"CrossSymbolRank(Clip(ResidualizeVsCore4(ResidualizeVsFundingCore(RegimeMaskNonMay(F5_funding_neutral,Add(Neg(Rank(Decay(taker_buy_ratio,48))),ZScore(TSMean(taker_imbalance,10)))))),-4.0,4.0))",a0c76ae5a8968767,24,generated_candidate,original,0.20370000000000002,False,False,selected_for_strict_replay
a7o_l1_C0300_0756,C0300,756,H01_cross_symbol_relative_strength,P4_taker_flow,NegRank,H24,same_symbol_zscore,FundingCore_and_Core4,medium_turnover,F0_calendar_blocks,taker_buy_ratio,flow,"CrossSymbolRank(Clip(ResidualizeVsCore4(ResidualizeVsFundingCore(RegimeMaskNonMay(F3_high_liquidity_high_vol,Sub(Neg(Rank(Decay(taker_buy_ratio,10))),Rank(TSMean(taker_buy_ratio,10)))))),-4.0,4.0))",d1d3c728ba75081d,24,generated_candidate,original,0.20270000000000002,False,False,selected_for_strict_replay
a7o_l1_C0300_0096,C0300,96,H01_cross_symbol_relative_strength,P4_taker_flow,NegRank,H24,same_symbol_zscore,FundingCore_and_Core4,medium_turnover,F0_calendar_blocks,cs_z_taker_imbalance;taker_buy_ratio,flow,"CrossSymbolRank(Clip(ResidualizeVsCore4(ResidualizeVsFundingCore(Mul(Neg(Rank(TSMean(taker_buy_ratio,4))),Neg(Rank(Decay(taker_buy_ratio,10)))))),-4.0,4.0))",73df4c4ebcd560f4,24,generated_candidate,original,0.20170000000000002,False,False,selected_for_strict_replay
a7o_l1_C0300_0193,C0300,193,H01_cross_symbol_relative_strength,P4_taker_flow,NegRank,H24,same_symbol_zscore,FundingCore_and_Core4,medium_turnover,F0_calendar_blocks,taker_imbalance,flow,"CrossSymbolRank(Clip(ResidualizeVsCore4(ResidualizeVsFundingCore(Rank(TSMean(Neg(Rank(Decay(taker_imbalance,8))),36)))),-4.0,4.0))",7570422eec9d9a45,24,generated_candidate,original,0.20170000000000002,False,False,selected_for_strict_replay
a7o_l1_C0300_0290,C0300,290,H01_cross_symbol_relative_strength,P4_taker_flow,NegRank,H24,same_symbol_zscore,FundingCore_and_Core4,medium_turnover,F0_calendar_blocks,cs_z_taker_imbalance;taker_buy_ratio,flow,"CrossSymbolRank(Clip(ResidualizeVsCore4(ResidualizeVsFundingCore(Sub(Neg(Rank(Decay(cs_z_taker_imbalance,6))),Abs(ZScore(TSMean(taker_buy_ratio,10)))))),-4.0,4.0))",06f7e030f54af397,24,generated_candidate,original,0.20170000000000002,False,False,selected_for_strict_replay
a7o_l1_C0300_0387,C0300,387,H01_cross_symbol_relative_strength,P4_taker_flow,NegRank,H24,same_symbol_zscore,FundingCore_and_Core4,medium_turnover,F0_calendar_blocks,cs_z_taker_imbalance;taker_imbalance,flow,"CrossSymbolRank(Clip(ResidualizeVsCore4(ResidualizeVsFundingCore(Clip(Neg(Rank(Decay(taker_imbalance,48))),-4.0,4.0))),-4.0,4.0))",4ecfc04117ba499e,24,generated_candidate,original,0.20170000000000002,False,False,selected_for_strict_replay
a7o_l1_C0300_0484,C0300,484,H01_cross_symbol_relative_strength,P4_taker_flow,NegRank,H24,same_symbol_zscore,FundingCore_and_Core4,medium_turnover,F0_calendar_blocks,cs_z_taker_imbalance;taker_imbalance,flow,"CrossSymbolRank(Clip(ResidualizeVsCore4(ResidualizeVsFundingCore(SafeDiv(Sub(Neg(Rank(Decay(taker_imbalance,36))),Rank(TSMean(taker_imbalance,36))),Clip(Abs(TSRank(cs_z_taker_imbalance,72)),0.05,2.25)))),-4.0,4.0))",c625715c5525c28a,24,generated_candidate,original,0.20170000000000002,False,False,selected_for_strict_replay
a7o_l1_C0300_0581,C0300,581,H01_cross_symbol_relative_strength,P4_taker_flow,NegRank,H24,same_symbol_zscore,FundingCore_and_Core4,medium_turnover,F0_calendar_blocks,cs_z_taker_imbalance;taker_imbalance,flow,"CrossSymbolRank(Clip(ResidualizeVsCore4(ResidualizeVsFundingCore(Add(Neg(Rank(Decay(cs_z_taker_imbalance,30))),ZScore(TSMean(taker_imbalance,12))))),-4.0,4.0))",3b0abce362e547bd,24,generated_candidate,original,0.20170000000000002,False,False,selected_for_strict_replay
a7o_l1_C0300_0678,C0300,678,H01_cross_symbol_relative_strength,P4_taker_flow,NegRank,H24,same_symbol_zscore,FundingCore_and_Core4,medium_turnover,F0_calendar_blocks,taker_buy_ratio;taker_imbalance,flow,"CrossSymbolRank(Clip(ResidualizeVsCore4(ResidualizeVsFundingCore(RollingMin(Add(Neg(Rank(Decay(taker_imbalance,24))),Rank(TSMean(taker_buy_ratio,12))),60))),-4.0,4.0))",464786f07b52720a,24,generated_candidate,original,0.20170000000000002,False,False,selected_for_strict_replay
a7o_l1_C0300_0775,C0300,775,H01_cross_symbol_relative_strength,P4_taker_flow,NegRank,H24,same_symbol_zscore,FundingCore_and_Core4,medium_turnover,F0_calendar_blocks,cs_z_taker_imbalance,flow,"CrossSymbolRank(Clip(ResidualizeVsCore4(ResidualizeVsFundingCore(SafeDiv(Neg(Rank(Decay(cs_z_taker_imbalance,20))),Clip(Abs(ZScore(TSStd(cs_z_taker_imbalance,10))),0.05,6.0)))),-4.0,4.0))",e593ea7d8073ae03,24,generated_candidate,original,0.20170000000000002,False,False,selected_for_strict_replay
a7o_l1_C0300_0872,C0300,872,H01_cross_symbol_relative_strength,P4_taker_flow,NegRank,H24,same_symbol_zscore,FundingCore_and_Core4,medium_turnover,F0_calendar_blocks,cs_z_taker_imbalance,flow,"CrossSymbolRank(Clip(ResidualizeVsCore4(ResidualizeVsFundingCore(TSRank(Sub(TSMean(Neg(Rank(Decay(cs_z_taker_imbalance,16))),24),TSMean(cs_z_taker_imbalance,30)),36))),-4.0,4.0))",e79ed660041676e2,24,generated_candidate,original,0.20170000000000002,False,False,selected_for_strict_replay
a7o_l1_C0300_0949,C0300,949,H01_cross_symbol_relative_strength,P4_taker_flow,NegRank,H24,same_symbol_zscore,FundingCore_and_Core4,medium_turnover,F0_calendar_blocks,taker_imbalance,flow,"CrossSymbolRank(Clip(ResidualizeVsCore4(ResidualizeVsFundingCore(RegimeMaskNonMay(F5_funding_neutral,Add(Neg(Rank(Decay(taker_imbalance,12))),ZScore(TSMean(taker_imbalance,60)))))),-4.0,4.0))",5ef1b6f6cb205c40,24,generated_candidate,original,0.20170000000000002,False,False,selected_for_strict_replay
a7o_l1_C0300_0969,C0300,969,H01_cross_symbol_relative_strength,P4_taker_flow,NegRank,H24,same_symbol_zscore,FundingCore_and_Core4,medium_turnover,F0_calendar_blocks,taker_imbalance,flow,"CrossSymbolRank(Clip(ResidualizeVsCore4(ResidualizeVsFundingCore(Rank(Delta(Neg(Rank(Decay(taker_imbalance,12))),72)))),-4.0,4.0))",3b5ed79e8179a03c,24,generated_candidate,original,0.20170000000000002,False,False,selected_for_strict_replay
a7o_l1_C0300_1066,C0300,1066,H01_cross_symbol_relative_strength,P4_taker_flow,NegRank,H24,same_symbol_zscore,FundingCore_and_Core4,medium_turnover,F0_calendar_blocks,cs_z_taker_imbalance;taker_buy_ratio,flow,"CrossSymbolRank(Clip(ResidualizeVsCore4(ResidualizeVsFundingCore(Rank(SmoothInteraction(Neg(Rank(Decay(cs_z_taker_imbalance,10))),TSStd(cs_z_taker_imbalance,12))))),-4.0,4.0))",3292f4f145c8b7b9,24,generated_candidate,original,0.20170000000000002,False,False,selected_for_strict_replay
a7o_l1_C0300_1163,C0300,1163,H01_cross_symbol_relative_strength,P4_taker_flow,NegRank,H24,same_symbol_zscore,FundingCore_and_Core4,medium_turnover,F0_calendar_blocks,cs_z_taker_imbalance;taker_buy_ratio,flow,"CrossSymbolRank(Clip(ResidualizeVsCore4(ResidualizeVsFundingCore(WinsorZScore(Neg(Rank(Decay(taker_buy_ratio,8))),3.0))),-4.0,4.0))",6bf9975158d3fa15,24,generated_candidate,original,0.20170000000000002,False,False,selected_for_strict_replay
a7o_l1_C0300_1260,C0300,1260,H01_cross_symbol_relative_strength,P4_taker_flow,NegRank,H24,same_symbol_zscore,FundingCore_and_Core4,medium_turnover,F0_calendar_blocks,cs_z_taker_imbalance;taker_imbalance,flow,"CrossSymbolRank(Clip(ResidualizeVsCore4(ResidualizeVsFundingCore(Sub(WinsorZScore(TSMean(cs_z_taker_imbalance,4),1.25),WinsorZScore(TSMean(taker_imbalance,10),1.25)))),-4.0,4.0))",672de11c28a20509,24,generated_candidate,original,0.20170000000000002,False,False,selected_for_strict_replay
a7o_l1_C0300_1357,C0300,1357,H01_cross_symbol_relative_strength,P4_taker_flow,NegRank,H24,same_symbol_zscore,FundingCore_and_Core4,medium_turnover,F0_calendar_blocks,cs_z_taker_imbalance;taker_imbalance,flow,"CrossSymbolRank(Clip(ResidualizeVsCore4(ResidualizeVsFundingCore(Mul(ZScore(TSMean(cs_z_taker_imbalance,8)),Neg(Rank(Decay(cs_z_taker_imbalance,48)))))),-4.0,4.0))",43b4def373797aad,24,generated_candidate,original,0.20170000000000002,False,False,selected_for_strict_replay
a7o_l1_C0301_2036,C0301,2036,H03_basis_premium_residual,P9_price_basis,TSRankMul,H72,same_symbol_zscore,FundingCore_and_Core4,medium_turnover,F4_basis_dislocation,mark_index_ratio;ret_6,basis;price,"ResidualizeVsFundingCore(Clip(ResidualizeVsCore4(ResidualizeVsFundingCore(RegimeMaskNonMay(F3_high_liquidity_high_vol,Sub(Mul(TSRank(ret_6,60),ZScore(TSMean(mark_index_ratio,96))),Rank(TSMean(ret_6,3)))))),-4.0,4.0))",52a9a03e9529d9d5,72,generated_candidate,original,0.30030000000000007,False,False,selected_for_strict_replay
a7o_l1_C0301_0181,C0301,181,H03_basis_premium_residual,P9_price_basis,TSRankMul,H72,same_symbol_zscore,FundingCore_and_Core4,medium_turnover,F4_basis_dislocation,premium_index;ret_6,basis;price,"ResidualizeVsFundingCore(Clip(ResidualizeVsCore4(ResidualizeVsFundingCore(RegimeMaskNonMay(F5_funding_neutral,Add(Mul(TSRank(ret_6,48),ZScore(TSMean(premium_index,84))),ZScore(TSMean(premium_index,10)))))),-4.0,4.0))",beab4a10908b59b9,72,generated_candidate,original,0.28830000000000006,False,False,selected_for_strict_replay
a7o_l1_C0301_0180,C0301,180,H03_basis_premium_residual,P9_price_basis,TSRankMul,H72,same_symbol_zscore,FundingCore_and_Core4,medium_turnover,F4_basis_dislocation,mark_index_ratio;ret_6,basis;price,"ResidualizeVsFundingCore(Clip(ResidualizeVsCore4(ResidualizeVsFundingCore(RegimeMaskNonMay(F3_high_liquidity_high_vol,Sub(Mul(TSRank(ret_6,60),ZScore(TSMean(mark_index_ratio,96))),Rank(TSMean(ret_6,4)))))),-4.0,4.0))",313e794c168138c1,72,generated_candidate,original,0.28730000000000006,False,False,selected_for_strict_replay
a7o_l1_C0301_0373,C0301,373,H03_basis_premium_residual,P9_price_basis,TSRankMul,H72,same_symbol_zscore,FundingCore_and_Core4,medium_turnover,F4_basis_dislocation,premium_index;ret_6,basis;price,"ResidualizeVsFundingCore(Clip(ResidualizeVsCore4(ResidualizeVsFundingCore(RegimeMaskNonMay(F5_funding_neutral,Add(Mul(TSRank(ret_6,48),ZScore(TSMean(premium_index,84))),ZScore(TSMean(premium_index,60)))))),-4.0,4.0))",f43aef21cf9d7898,72,generated_candidate,original,0.28630000000000005,False,False,selected_for_strict_replay
a7o_l1_C0301_0372,C0301,372,H03_basis_premium_residual,P9_price_basis,TSRankMul,H72,same_symbol_zscore,FundingCore_and_Core4,medium_turnover,F4_basis_dislocation,mark_index_ratio;ret_6,basis;price,"ResidualizeVsFundingCore(Clip(ResidualizeVsCore4(ResidualizeVsFundingCore(RegimeMaskNonMay(F3_high_liquidity_high_vol,Sub(Mul(TSRank(ret_6,60),ZScore(TSMean(mark_index_ratio,96))),Rank(TSMean(ret_6,24)))))),-4.0,4.0))",b54686a8f558b74d,72,generated_candidate,original,0.28530000000000005,False,False,selected_for_strict_replay
a7o_l1_C0301_0564,C0301,564,H03_basis_premium_residual,P9_price_basis,TSRankMul,H72,same_symbol_zscore,FundingCore_and_Core4,medium_turnover,F4_basis_dislocation,mark_index_ratio;ret_6,basis;price,"ResidualizeVsFundingCore(Clip(ResidualizeVsCore4(ResidualizeVsFundingCore(RegimeMaskNonMay(F3_high_liquidity_high_vol,Sub(Mul(TSRank(ret_6,60),ZScore(TSMean(mark_index_ratio,96))),Rank(TSMean(ret_6,36)))))),-4.0,4.0))",c5abd819bca1270c,72,generated_candidate,original,0.28330000000000005,False,False,selected_for_strict_replay
a7o_l1_C0301_0756,C0301,756,H03_basis_premium_residual,P9_price_basis,TSRankMul,H72,same_symbol_zscore,FundingCore_and_Core4,medium_turnover,F4_basis_dislocation,mark_index_ratio;ret_6,basis;price,"ResidualizeVsFundingCore(Clip(ResidualizeVsCore4(ResidualizeVsFundingCore(RegimeMaskNonMay(F3_high_liquidity_high_vol,Sub(Mul(TSRank(ret_6,60),ZScore(TSMean(mark_index_ratio,96))),Rank(TSMean(ret_6,10)))))),-4.0,4.0))",32d4112f330ebf01,72,generated_candidate,original,0.28130000000000005,False,False,selected_for_strict_replay
a7o_l1_C0301_0096,C0301,96,H03_basis_premium_residual,P9_price_basis,TSRankMul,H72,same_symbol_zscore,FundingCore_and_Core4,medium_turnover,F4_basis_dislocation,mark_index_ratio;ret_6,basis;price,"ResidualizeVsFundingCore(Clip(ResidualizeVsCore4(ResidualizeVsFundingCore(Mul(Neg(Rank(TSMean(mark_index_ratio,4))),Mul(TSRank(mark_index_ratio,24),ZScore(TSMean(ret_6,48)))))),-4.0,4.0))",40c415598cb22751,72,generated_candidate,original,0.28030000000000005,False,False,selected_for_strict_replay
a7o_l1_C0301_0387,C0301,387,H03_basis_premium_residual,P9_price_basis,TSRankMul,H72,same_symbol_zscore,FundingCore_and_Core4,medium_turnover,F4_basis_dislocation,premium_index;ret_6,basis;price,"ResidualizeVsFundingCore(Clip(ResidualizeVsCore4(ResidualizeVsFundingCore(Clip(Mul(TSRank(ret_6,72),ZScore(TSMean(premium_index,24))),-4.0,4.0))),-4.0,4.0))",e7f7490b44ad960b,72,generated_candidate,original,0.28030000000000005,False,False,selected_for_strict_replay
a7o_l1_C0301_0484,C0301,484,H03_basis_premium_residual,P9_price_basis,TSRankMul,H72,same_symbol_zscore,FundingCore_and_Core4,medium_turnover,F4_basis_dislocation,premium_index;ret_6,basis;price,"ResidualizeVsFundingCore(Clip(ResidualizeVsCore4(ResidualizeVsFundingCore(SafeDiv(Sub(Mul(TSRank(premium_index,60),ZScore(TSMean(ret_6,96))),Rank(TSMean(premium_index,36))),Clip(Abs(TSRank(ret_6,72)),0.05,2.25)))),-4.0,4.0))",b7dcbd723ac3c79f,72,generated_candidate,original,0.28030000000000005,False,False,selected_for_strict_replay
a7o_l1_C0301_0775,C0301,775,H03_basis_premium_residual,P9_price_basis,TSRankMul,H72,same_symbol_zscore,FundingCore_and_Core4,medium_turnover,F4_basis_dislocation,premium_index;ret_12,basis;price,"ResidualizeVsFundingCore(Clip(ResidualizeVsCore4(ResidualizeVsFundingCore(SafeDiv(Mul(TSRank(ret_12,30),ZScore(TSMean(premium_index,60))),Clip(Abs(ZScore(TSStd(premium_index,10))),0.05,6.0)))),-4.0,4.0))",2914704f64b00a55,72,generated_candidate,original,0.28030000000000005,False,False,selected_for_strict_replay
a7o_l1_C0301_0969,C0301,969,H03_basis_premium_residual,P9_price_basis,TSRankMul,H72,same_symbol_zscore,FundingCore_and_Core4,medium_turnover,F4_basis_dislocation,mark_index_ratio;ret_12,basis;price,"ResidualizeVsFundingCore(Clip(ResidualizeVsCore4(ResidualizeVsFundingCore(Rank(Delta(Mul(TSRank(mark_index_ratio,96),ZScore(TSMean(ret_12,36))),72)))),-4.0,4.0))",31e6e6fde73a8a97,72,generated_candidate,original,0.28030000000000005,False,False,selected_for_strict_replay
a7o_l1_C0301_1066,C0301,1066,H03_basis_premium_residual,P9_price_basis,TSRankMul,H72,same_symbol_zscore,FundingCore_and_Core4,medium_turnover,F4_basis_dislocation,mark_index_ratio;ret_6,basis;price,"ResidualizeVsFundingCore(Clip(ResidualizeVsCore4(ResidualizeVsFundingCore(Rank(SmoothInteraction(Mul(TSRank(ret_6,84),ZScore(TSMean(mark_index_ratio,30))),TSStd(ret_6,12))))),-4.0,4.0))",985f1222ab701675,72,generated_candidate,original,0.28030000000000005,False,False,selected_for_strict_replay
a7o_l1_C0301_1357,C0301,1357,H03_basis_premium_residual,P9_price_basis,TSRankMul,H72,same_symbol_zscore,FundingCore_and_Core4,medium_turnover,F4_basis_dislocation,premium_index;ret_12,basis;price,"ResidualizeVsFundingCore(Clip(ResidualizeVsCore4(ResidualizeVsFundingCore(Mul(ZScore(TSMean(premium_index,8)),Mul(TSRank(premium_index,48),ZScore(TSMean(ret_12,84)))))),-4.0,4.0))",3610efa25aaf1264,72,generated_candidate,original,0.28030000000000005,False,False,selected_for_strict_replay
a7o_l1_C0301_1454,C0301,1454,H03_basis_premium_residual,P9_price_basis,TSRankMul,H72,same_symbol_zscore,FundingCore_and_Core4,medium_turnover,F4_basis_dislocation,mark_index_ratio;ret_12,basis;price,"ResidualizeVsFundingCore(Clip(ResidualizeVsCore4(ResidualizeVsFundingCore(Mul(SafeDiv(ZScore(TSMean(ret_12,24)),Clip(Abs(ZScore(TSMean(mark_index_ratio,48))),0.05,3.0)),Mul(TSRank(ret_12,36),ZScore(TSMean(mark_index_ratio,72)))))),-4.0,4.0))",231e5790fdf8e5a8,72,generated_candidate,original,0.28030000000000005,False,False,selected_for_strict_replay
a7o_l1_C0301_1745,C0301,1745,H03_basis_premium_residual,P9_price_basis,TSRankMul,H72,same_symbol_zscore,FundingCore_and_Core4,medium_turnover,F4_basis_dislocation,premium_index;ret_12,basis;price,"ResidualizeVsFundingCore(Clip(ResidualizeVsCore4(ResidualizeVsFundingCore(SmoothInteraction(Mul(TSRank(ret_12,96),ZScore(TSMean(premium_index,36))),TSMean(premium_index,10)))),-4.0,4.0))",ddbc73fdcc91b612,72,generated_candidate,original,0.28030000000000005,False,False,selected_for_strict_replay
a7o_l1_C0301_1842,C0301,1842,H03_basis_premium_residual,P9_price_basis,TSRankMul,H72,same_symbol_zscore,FundingCore_and_Core4,medium_turnover,F4_basis_dislocation,premium_index;ret_6,basis;price,"ResidualizeVsFundingCore(Clip(ResidualizeVsCore4(ResidualizeVsFundingCore(CrossSymbolRank(Add(Mul(TSRank(premium_index,84),ZScore(TSMean(ret_6,30))),TSMean(premium_index,24))))),-4.0,4.0))",8ceb625c1afa8e0a,72,generated_candidate,original,0.28030000000000005,False,False,selected_for_strict_replay
a7o_l1_C0301_0289,C0301,289,H03_basis_premium_residual,P9_price_basis,TSRankMul,H72,same_symbol_zscore,FundingCore_and_Core4,medium_turnover,F4_basis_dislocation,mark_index_ratio;ret_12,basis;price,"ResidualizeVsFundingCore(Clip(ResidualizeVsCore4(ResidualizeVsFundingCore(Add(Abs(ZScore(TSStd(mark_index_ratio,72))),Mul(TSRank(mark_index_ratio,96),ZScore(TSMean(ret_12,36)))))),-4.0,4.0))",34f04a4a0409fa52,72,generated_candidate,original,0.27930000000000005,False,False,selected_for_strict_replay
a7o_l1_C0301_0386,C0301,386,H03_basis_premium_residual,P9_price_basis,TSRankMul,H72,same_symbol_zscore,FundingCore_and_Core4,medium_turnover,F4_basis_dislocation,mark_index_ratio;ret_6,basis;price,"ResidualizeVsFundingCore(Clip(ResidualizeVsCore4(ResidualizeVsFundingCore(ZScore(Decay(Mul(TSRank(ret_6,84),ZScore(TSMean(mark_index_ratio,30))),16)))),-4.0,4.0))",564dd400c0b47d01,72,generated_candidate,original,0.27930000000000005,False,False,selected_for_strict_replay
a7o_l1_C0301_0677,C0301,677,H03_basis_premium_residual,P9_price_basis,TSRankMul,H72,same_symbol_zscore,FundingCore_and_Core4,medium_turnover,F4_basis_dislocation,premium_index;ret_12,basis;price,"ResidualizeVsFundingCore(Clip(ResidualizeVsCore4(ResidualizeVsFundingCore(RollingMax(Sub(Mul(TSRank(premium_index,48),ZScore(TSMean(ret_12,84))),ZScore(TSMean(premium_index,8))),10))),-4.0,4.0))",87f3da3660e3b869,72,generated_candidate,original,0.27930000000000005,False,False,selected_for_strict_replay
a7o_l1_C0301_0774,C0301,774,H03_basis_premium_residual,P9_price_basis,TSRankMul,H72,same_symbol_zscore,FundingCore_and_Core4,medium_turnover,F4_basis_dislocation,mark_index_ratio;ret_12,basis;price,"ResidualizeVsFundingCore(Clip(ResidualizeVsCore4(ResidualizeVsFundingCore(Mul(Mul(TSRank(ret_12,36),ZScore(TSMean(mark_index_ratio,72))),Rank(TSStd(ret_12,24))))),-4.0,4.0))",9bfcd93edec890f8,72,generated_candidate,original,0.27930000000000005,False,False,selected_for_strict_replay
a7o_l1_C0301_0948,C0301,948,H03_basis_premium_residual,P9_price_basis,TSRankMul,H72,same_symbol_zscore,FundingCore_and_Core4,medium_turnover,F4_basis_dislocation,mark_index_ratio;ret_6,basis;price,"ResidualizeVsFundingCore(Clip(ResidualizeVsCore4(ResidualizeVsFundingCore(RegimeMaskNonMay(F3_high_liquidity_high_vol,Sub(Mul(TSRank(ret_6,60),ZScore(TSMean(mark_index_ratio,96))),Rank(TSMean(ret_6,60)))))),-4.0,4.0))",6fac8aa82b7b76e0,72,generated_candidate,original,0.27930000000000005,False,False,selected_for_strict_replay
a7o_l1_C0301_0968,C0301,968,H03_basis_premium_residual,P9_price_basis,TSRankMul,H72,same_symbol_zscore,FundingCore_and_Core4,medium_turnover,F4_basis_dislocation,mark_index_ratio;ret_6,basis;price,"ResidualizeVsFundingCore(Clip(ResidualizeVsCore4(ResidualizeVsFundingCore(Sub(TSMean(Mul(TSRank(mark_index_ratio,24),ZScore(TSMean(ret_6,48))),24),TSMean(Mul(TSRank(mark_index_ratio,24),ZScore(TSMean(ret_6,48))),36)))),-4.0,4.0))",a1e0a1fae1df4584,72,generated_candidate,original,0.27930000000000005,False,False,selected_for_strict_replay
a7o_l1_C0301_1259,C0301,1259,H03_basis_premium_residual,P9_price_basis,TSRankMul,H72,same_symbol_zscore,FundingCore_and_Core4,medium_turnover,F4_basis_dislocation,premium_index;ret_6,basis;price,"ResidualizeVsFundingCore(Clip(ResidualizeVsCore4(ResidualizeVsFundingCore(Mul(Add(Rank(TSMean(ret_6,48)),ZScore(TSMean(premium_index,84))),Clip(Mul(TSRank(ret_6,72),ZScore(TSMean(premium_index,24))),-4.0,4.0)))),-4.0,4.0))",1a872dd203a75b3b,72,generated_candidate,original,0.27930000000000005,False,False,selected_for_strict_replay
a7o_l1_C0302_2036,C0302,2036,H13_symbol_tier_relative,P12_liquidity_flow,AbsZScore,H6,same_symbol_zscore,none,lag_stable,F11_cross_symbol_crowding,quote_volume_mean_12;taker_imbalance,flow;liquidity,"CrossSymbolZScore(Decay(RegimeMaskNonMay(F3_high_liquidity_high_vol,Sub(Abs(ZScore(Delta(quote_volume_mean_12,3))),Rank(TSMean(quote_volume_mean_12,3)))),16))",7f715798b2591b7c,6,generated_candidate,original,0.267,False,False,selected_for_strict_replay
a7o_l1_C0302_0181,C0302,181,H13_symbol_tier_relative,P12_liquidity_flow,AbsZScore,H6,same_symbol_zscore,none,lag_stable,F11_cross_symbol_crowding,quote_volume_mean_12;taker_buy_ratio,flow;liquidity,"CrossSymbolZScore(Decay(RegimeMaskNonMay(F5_funding_neutral,Add(Abs(ZScore(Delta(quote_volume_mean_12,3))),ZScore(TSMean(taker_buy_ratio,10)))),10))",da3a1aca630c748b,6,generated_candidate,original,0.255,False,False,selected_for_strict_replay
a7o_l1_C0302_0180,C0302,180,H13_symbol_tier_relative,P12_liquidity_flow,AbsZScore,H6,same_symbol_zscore,none,lag_stable,F11_cross_symbol_crowding,quote_volume_mean_12;taker_imbalance,flow;liquidity,"CrossSymbolZScore(Decay(RegimeMaskNonMay(F3_high_liquidity_high_vol,Sub(Abs(ZScore(Delta(quote_volume_mean_12,3))),Rank(TSMean(quote_volume_mean_12,4)))),4))",7bac457f64c8e20c,6,generated_candidate,original,0.254,False,False,selected_for_strict_replay
a7o_l1_C0302_0373,C0302,373,H13_symbol_tier_relative,P12_liquidity_flow,AbsZScore,H6,same_symbol_zscore,none,lag_stable,F11_cross_symbol_crowding,quote_volume_mean_12;taker_buy_ratio,flow;liquidity,"CrossSymbolZScore(Decay(RegimeMaskNonMay(F5_funding_neutral,Add(Abs(ZScore(Delta(quote_volume_mean_12,3))),ZScore(TSMean(taker_buy_ratio,60)))),24))",a03113ff36873bf5,6,generated_candidate,original,0.253,False,False,selected_for_strict_replay
a7o_l1_C0302_0372,C0302,372,H13_symbol_tier_relative,P12_liquidity_flow,AbsZScore,H6,same_symbol_zscore,none,lag_stable,F11_cross_symbol_crowding,quote_volume_mean_12;taker_imbalance,flow;liquidity,"CrossSymbolZScore(Decay(RegimeMaskNonMay(F3_high_liquidity_high_vol,Sub(Abs(ZScore(Delta(quote_volume_mean_12,3))),Rank(TSMean(quote_volume_mean_12,24)))),10))",ffbd21c7df17d83a,6,generated_candidate,original,0.252,False,False,selected_for_strict_replay
a7o_l1_C0302_0565,C0302,565,H13_symbol_tier_relative,P12_liquidity_flow,AbsZScore,H6,same_symbol_zscore,none,lag_stable,F11_cross_symbol_crowding,quote_volume_mean_12;taker_buy_ratio,flow;liquidity,"CrossSymbolZScore(Decay(RegimeMaskNonMay(F5_funding_neutral,Add(Abs(ZScore(Delta(quote_volume_mean_12,3))),ZScore(TSMean(taker_buy_ratio,10)))),6))",c0a6b3a884f94a00,6,generated_candidate,original,0.251,False,False,selected_for_strict_replay
a7o_l1_C0302_0564,C0302,564,H13_symbol_tier_relative,P12_liquidity_flow,AbsZScore,H6,same_symbol_zscore,none,lag_stable,F11_cross_symbol_crowding,quote_volume_mean_12;taker_imbalance,flow;liquidity,"CrossSymbolZScore(Decay(RegimeMaskNonMay(F3_high_liquidity_high_vol,Sub(Abs(ZScore(Delta(quote_volume_mean_12,3))),Rank(TSMean(quote_volume_mean_12,36)))),20))",5e22eb9310fd1f29,6,generated_candidate,original,0.25,False,False,selected_for_strict_replay
a7o_l1_C0302_0757,C0302,757,H13_symbol_tier_relative,P12_liquidity_flow,AbsZScore,H6,same_symbol_zscore,none,lag_stable,F11_cross_symbol_crowding,quote_volume_mean_12;taker_buy_ratio,flow;liquidity,"CrossSymbolZScore(Decay(RegimeMaskNonMay(F5_funding_neutral,Add(Abs(ZScore(Delta(quote_volume_mean_12,3))),ZScore(TSMean(taker_buy_ratio,10)))),16))",84ac434d7fd22bb3,6,generated_candidate,original,0.249,False,False,selected_for_strict_replay
a7o_l1_C0302_0756,C0302,756,H13_symbol_tier_relative,P12_liquidity_flow,AbsZScore,H6,same_symbol_zscore,none,lag_stable,F11_cross_symbol_crowding,quote_volume_mean_12;taker_imbalance,flow;liquidity,"CrossSymbolZScore(Decay(RegimeMaskNonMay(F3_high_liquidity_high_vol,Sub(Abs(ZScore(Delta(quote_volume_mean_12,3))),Rank(TSMean(quote_volume_mean_12,10)))),4))",05938b4cc31ebcc1,6,generated_candidate,original,0.248,False,False,selected_for_strict_replay
a7o_l1_C0302_0096,C0302,96,H13_symbol_tier_relative,P12_liquidity_flow,AbsZScore,H6,same_symbol_zscore,none,lag_stable,F11_cross_symbol_crowding,quote_volume_mean_12;taker_imbalance,flow;liquidity,"CrossSymbolZScore(Decay(Mul(Neg(Rank(TSMean(taker_imbalance,4))),Abs(ZScore(Delta(taker_imbalance,3)))),20))",64ac724f89ebbeec,6,generated_candidate,original,0.24700000000000003,False,False,selected_for_strict_replay
a7o_l1_C0302_0387,C0302,387,H13_symbol_tier_relative,P12_liquidity_flow,AbsZScore,H6,same_symbol_zscore,none,lag_stable,F11_cross_symbol_crowding,quote_volume_mean_12;taker_buy_ratio,flow;liquidity,"CrossSymbolZScore(Decay(Clip(Abs(ZScore(Delta(quote_volume_mean_12,3))),-4.0,4.0),60))",2ce4e1e414d22e30,6,generated_candidate,original,0.24700000000000003,False,False,selected_for_strict_replay
a7o_l1_C0302_0484,C0302,484,H13_symbol_tier_relative,P12_liquidity_flow,AbsZScore,H6,same_symbol_zscore,none,lag_stable,F11_cross_symbol_crowding,quote_volume_mean_12;taker_buy_ratio,flow;liquidity,"CrossSymbolZScore(Decay(SafeDiv(Sub(Abs(ZScore(Delta(taker_buy_ratio,3))),Rank(TSMean(taker_buy_ratio,36))),Clip(Abs(TSRank(quote_volume_mean_12,72)),0.05,2.25)),12))",463d8b15087ea179,6,generated_candidate,original,0.24700000000000003,False,False,selected_for_strict_replay
a7o_l1_C0302_0775,C0302,775,H13_symbol_tier_relative,P12_liquidity_flow,AbsZScore,H6,same_symbol_zscore,none,lag_stable,F11_cross_symbol_crowding,quote_volume_mean_24;taker_buy_ratio,flow;liquidity,"CrossSymbolZScore(Decay(SafeDiv(Abs(ZScore(Delta(quote_volume_mean_24,3))),Clip(Abs(ZScore(TSStd(taker_buy_ratio,10))),0.05,6.0)),24))",97ee02321a83e557,6,generated_candidate,original,0.24700000000000003,False,False,selected_for_strict_replay
a7o_l1_C0302_0969,C0302,969,H13_symbol_tier_relative,P12_liquidity_flow,AbsZScore,H6,same_symbol_zscore,none,lag_stable,F11_cross_symbol_crowding,quote_volume_mean_24;taker_imbalance,flow;liquidity,"CrossSymbolZScore(Decay(Rank(Delta(Abs(ZScore(Delta(taker_imbalance,3))),72)),36))",3ef9669ab0624a18,6,generated_candidate,original,0.24700000000000003,False,False,selected_for_strict_replay
a7o_l1_C0302_1066,C0302,1066,H13_symbol_tier_relative,P12_liquidity_flow,AbsZScore,H6,same_symbol_zscore,none,lag_stable,F11_cross_symbol_crowding,quote_volume_mean_12;taker_imbalance,flow;liquidity,"CrossSymbolZScore(Decay(Rank(SmoothInteraction(Abs(ZScore(Delta(quote_volume_mean_12,3))),TSStd(quote_volume_mean_12,12))),20))",e0817706e0375ec0,6,generated_candidate,original,0.24700000000000003,False,False,selected_for_strict_replay
a7o_l1_C0302_1357,C0302,1357,H13_symbol_tier_relative,P12_liquidity_flow,AbsZScore,H6,same_symbol_zscore,none,lag_stable,F11_cross_symbol_crowding,quote_volume_mean_24;taker_buy_ratio,flow;liquidity,"CrossSymbolZScore(Decay(Mul(ZScore(TSMean(taker_buy_ratio,8)),Abs(ZScore(Delta(taker_buy_ratio,3)))),16))",263f0e08a0f96893,6,generated_candidate,original,0.24700000000000003,False,False,selected_for_strict_replay
a7o_l1_C0302_1454,C0302,1454,H13_symbol_tier_relative,P12_liquidity_flow,AbsZScore,H6,same_symbol_zscore,none,lag_stable,F11_cross_symbol_crowding,quote_volume_mean_24;taker_imbalance,flow;liquidity,"CrossSymbolZScore(Decay(Mul(SafeDiv(ZScore(TSMean(quote_volume_mean_24,24)),Clip(Abs(ZScore(TSMean(taker_imbalance,48))),0.05,3.0)),Abs(ZScore(Delta(quote_volume_mean_24,3)))),12))",2634578d0850280e,6,generated_candidate,original,0.24700000000000003,False,False,selected_for_strict_replay
a7o_l1_C0302_1745,C0302,1745,H13_symbol_tier_relative,P12_liquidity_flow,AbsZScore,H6,same_symbol_zscore,none,lag_stable,F11_cross_symbol_crowding,quote_volume_mean_24;taker_buy_ratio,flow;liquidity,"CrossSymbolZScore(Decay(SmoothInteraction(Abs(ZScore(Delta(quote_volume_mean_24,3))),TSMean(taker_buy_ratio,10)),6))",5b4485e8d432c335,6,generated_candidate,original,0.24700000000000003,False,False,selected_for_strict_replay
a7o_l1_C0302_1842,C0302,1842,H13_symbol_tier_relative,P12_liquidity_flow,AbsZScore,H6,same_symbol_zscore,none,lag_stable,F11_cross_symbol_crowding,quote_volume_mean_12;taker_buy_ratio,flow;liquidity,"CrossSymbolZScore(Decay(CrossSymbolRank(Add(Abs(ZScore(Delta(taker_buy_ratio,3))),TSMean(taker_buy_ratio,24))),60))",b5bc38db6180a7c1,6,generated_candidate,original,0.24700000000000003,False,False,selected_for_strict_replay
a7o_l1_C0302_0949,C0302,949,H13_symbol_tier_relative,P12_liquidity_flow,AbsZScore,H6,same_symbol_zscore,none,lag_stable,F11_cross_symbol_crowding,quote_volume_mean_12;taker_buy_ratio,flow;liquidity,"CrossSymbolZScore(Decay(RegimeMaskNonMay(F5_funding_neutral,Add(Abs(ZScore(Delta(quote_volume_mean_12,3))),ZScore(TSMean(taker_buy_ratio,60)))),36))",7e1b25df71a10175,6,generated_candidate,original,0.247,False,False,selected_for_strict_replay
a7o_l1_C0302_0289,C0302,289,H13_symbol_tier_relative,P12_liquidity_flow,AbsZScore,H6,same_symbol_zscore,none,lag_stable,F11_cross_symbol_crowding,quote_volume_mean_24;taker_imbalance,flow;liquidity,"CrossSymbolZScore(Decay(Add(Abs(ZScore(TSStd(taker_imbalance,72))),Abs(ZScore(Delta(taker_imbalance,3)))),36))",790d4bf5dd234fd1,6,generated_candidate,original,0.24600000000000002,False,False,selected_for_strict_replay
a7o_l1_C0302_0386,C0302,386,H13_symbol_tier_relative,P12_liquidity_flow,AbsZScore,H6,same_symbol_zscore,none,lag_stable,F11_cross_symbol_crowding,quote_volume_mean_12;taker_imbalance,flow;liquidity,"CrossSymbolZScore(Decay(ZScore(Decay(Abs(ZScore(Delta(quote_volume_mean_12,3))),16)),24))",8357f343e6d26c78,6,generated_candidate,original,0.24600000000000002,False,False,selected_for_strict_replay
a7o_l1_C0302_0677,C0302,677,H13_symbol_tier_relative,P12_liquidity_flow,AbsZScore,H6,same_symbol_zscore,none,lag_stable,F11_cross_symbol_crowding,quote_volume_mean_24;taker_buy_ratio,flow;liquidity,"CrossSymbolZScore(Decay(RollingMax(Sub(Abs(ZScore(Delta(taker_buy_ratio,3))),ZScore(TSMean(taker_buy_ratio,8))),10),16))",d5a07d617fa32c5d,6,generated_candidate,original,0.24600000000000002,False,False,selected_for_strict_replay
a7o_l1_C0302_0774,C0302,774,H13_symbol_tier_relative,P12_liquidity_flow,AbsZScore,H6,same_symbol_zscore,none,lag_stable,F11_cross_symbol_crowding,quote_volume_mean_24;taker_imbalance,flow;liquidity,"CrossSymbolZScore(Decay(Mul(Abs(ZScore(Delta(quote_volume_mean_24,3))),Rank(TSStd(quote_volume_mean_24,24))),16))",6921f7529e444c5c,6,generated_candidate,original,0.24600000000000002,False,False,selected_for_strict_replay
a7o_l1_C0303_2036,C0303,2036,H05_volatility_structure_ex_liquidity_mul,P10_price_liquidity,RollingMaxRank,ensemble_6_12_24_48,cross_symbol_rank,none,lag_stable,F10_volatility_compression,quote_volume_mean_12;ret_6,liquidity;price,"Sub(Decay(cross_symbol_rank(RegimeMaskNonMay(F3_high_liquidity_high_vol,Sub(Rank(RollingMax(ret_6,12)),Rank(TSMean(ret_6,3))))),16),Rank(TSMean(quote_volume_mean_12,16)))",de4daf35d04a0612,12,generated_candidate,original,0.26630000000000004,False,False,selected_for_strict_replay
a7o_l1_C0303_0181,C0303,181,H05_volatility_structure_ex_liquidity_mul,P10_price_liquidity,RollingMaxRank,ensemble_6_12_24_48,cross_symbol_rank,none,lag_stable,F10_volatility_compression,quote_volume_mean_24;ret_6,liquidity;price,"Sub(Decay(cross_symbol_rank(RegimeMaskNonMay(F5_funding_neutral,Add(Rank(RollingMax(ret_6,20)),ZScore(TSMean(quote_volume_mean_24,10))))),10),Rank(TSMean(quote_volume_mean_24,10)))",d1b4bfe42aad01ea,12,generated_candidate,original,0.2543,False,False,selected_for_strict_replay
a7o_l1_C0303_0180,C0303,180,H05_volatility_structure_ex_liquidity_mul,P10_price_liquidity,RollingMaxRank,ensemble_6_12_24_48,cross_symbol_rank,none,lag_stable,F10_volatility_compression,quote_volume_mean_12;ret_6,liquidity;price,"Sub(Decay(cross_symbol_rank(RegimeMaskNonMay(F3_high_liquidity_high_vol,Sub(Rank(RollingMax(ret_6,3)),Rank(TSMean(ret_6,4))))),4),Rank(TSMean(quote_volume_mean_12,4)))",561964b59e2222b4,6,generated_candidate,original,0.2533,False,False,selected_for_strict_replay
a7o_l1_C0303_0373,C0303,373,H05_volatility_structure_ex_liquidity_mul,P10_price_liquidity,RollingMaxRank,ensemble_6_12_24_48,cross_symbol_rank,none,lag_stable,F10_volatility_compression,quote_volume_mean_24;ret_6,liquidity;price,"Sub(Decay(cross_symbol_rank(RegimeMaskNonMay(F5_funding_neutral,Add(Rank(RollingMax(ret_6,16)),ZScore(TSMean(quote_volume_mean_24,60))))),24),Rank(TSMean(quote_volume_mean_24,24)))",3532eed0414c9f82,48,generated_candidate,original,0.2523,False,False,selected_for_strict_replay
a7o_l1_C0303_0372,C0303,372,H05_volatility_structure_ex_liquidity_mul,P10_price_liquidity,RollingMaxRank,ensemble_6_12_24_48,cross_symbol_rank,none,lag_stable,F10_volatility_compression,quote_volume_mean_12;ret_6,liquidity;price,"Sub(Decay(cross_symbol_rank(RegimeMaskNonMay(F3_high_liquidity_high_vol,Sub(Rank(RollingMax(ret_6,16)),Rank(TSMean(ret_6,24))))),10),Rank(TSMean(quote_volume_mean_12,10)))",c4d7a04e81fa5170,24,generated_candidate,original,0.2513,False,False,selected_for_strict_replay
a7o_l1_C0303_0565,C0303,565,H05_volatility_structure_ex_liquidity_mul,P10_price_liquidity,RollingMaxRank,ensemble_6_12_24_48,cross_symbol_rank,none,lag_stable,F10_volatility_compression,quote_volume_mean_24;ret_6,liquidity;price,"Sub(Decay(cross_symbol_rank(RegimeMaskNonMay(F5_funding_neutral,Add(Rank(RollingMax(ret_6,3)),ZScore(TSMean(quote_volume_mean_24,10))))),6),Rank(TSMean(quote_volume_mean_24,6)))",febb6554d1e31144,6,generated_candidate,original,0.2503,False,False,selected_for_strict_replay
a7o_l1_C0303_0564,C0303,564,H05_volatility_structure_ex_liquidity_mul,P10_price_liquidity,RollingMaxRank,ensemble_6_12_24_48,cross_symbol_rank,none,lag_stable,F10_volatility_compression,quote_volume_mean_12;ret_6,liquidity;price,"Sub(Decay(cross_symbol_rank(RegimeMaskNonMay(F3_high_liquidity_high_vol,Sub(Rank(RollingMax(ret_6,60)),Rank(TSMean(ret_6,36))))),20),Rank(TSMean(quote_volume_mean_12,20)))",a0de09f32c169a4a,72,generated_candidate,original,0.2493,False,False,selected_for_strict_replay
a7o_l1_C0303_0757,C0303,757,H05_volatility_structure_ex_liquidity_mul,P10_price_liquidity,RollingMaxRank,ensemble_6_12_24_48,cross_symbol_rank,none,lag_stable,F10_volatility_compression,quote_volume_mean_24;ret_6,liquidity;price,"Sub(Decay(cross_symbol_rank(RegimeMaskNonMay(F5_funding_neutral,Add(Rank(RollingMax(ret_6,48)),ZScore(TSMean(quote_volume_mean_24,10))))),16),Rank(TSMean(quote_volume_mean_24,16)))",76a8b1d548bde743,24,generated_candidate,original,0.2483,False,False,selected_for_strict_replay
a7o_l1_C0303_0756,C0303,756,H05_volatility_structure_ex_liquidity_mul,P10_price_liquidity,RollingMaxRank,ensemble_6_12_24_48,cross_symbol_rank,none,lag_stable,F10_volatility_compression,quote_volume_mean_12;ret_6,liquidity;price,"Sub(Decay(cross_symbol_rank(RegimeMaskNonMay(F3_high_liquidity_high_vol,Sub(Rank(RollingMax(ret_6,3)),Rank(TSMean(ret_6,10))))),4),Rank(TSMean(quote_volume_mean_12,4)))",e9a8daa4762eafde,12,generated_candidate,original,0.2473,False,False,selected_for_strict_replay
a7o_l1_C0303_0096,C0303,96,H05_volatility_structure_ex_liquidity_mul,P10_price_liquidity,RollingMaxRank,ensemble_6_12_24_48,cross_symbol_rank,none,lag_stable,F10_volatility_compression,quote_volume_mean_12;ret_6,liquidity;price,"Sub(Decay(cross_symbol_rank(Mul(Neg(Rank(TSMean(quote_volume_mean_12,4))),Rank(RollingMax(quote_volume_mean_12,16)))),20),Rank(TSMean(ret_6,20)))",051b961038448398,12,generated_candidate,original,0.24630000000000002,False,False,selected_for_strict_replay
a7o_l1_C0303_0387,C0303,387,H05_volatility_structure_ex_liquidity_mul,P10_price_liquidity,RollingMaxRank,ensemble_6_12_24_48,cross_symbol_rank,none,lag_stable,F10_volatility_compression,quote_volume_mean_24;ret_6,liquidity;price,"Sub(Decay(cross_symbol_rank(Clip(Rank(RollingMax(ret_6,48)),-4.0,4.0)),60),Rank(TSMean(quote_volume_mean_24,60)))",4f8a5f6a4a66d465,24,generated_candidate,original,0.24630000000000002,False,False,selected_for_strict_replay
a7o_l1_C0303_0484,C0303,484,H05_volatility_structure_ex_liquidity_mul,P10_price_liquidity,RollingMaxRank,ensemble_6_12_24_48,cross_symbol_rank,none,lag_stable,F10_volatility_compression,quote_volume_mean_24;ret_6,liquidity;price,"Sub(Decay(cross_symbol_rank(SafeDiv(Sub(Rank(RollingMax(quote_volume_mean_24,60)),Rank(TSMean(quote_volume_mean_24,36))),Clip(Abs(TSRank(ret_6,72)),0.05,2.25))),12),Rank(TSMean(ret_6,12)))",87ff131cc1c729ca,72,generated_candidate,original,0.24630000000000002,False,False,selected_for_strict_replay
a7o_l1_C0303_0775,C0303,775,H05_volatility_structure_ex_liquidity_mul,P10_price_liquidity,RollingMaxRank,ensemble_6_12_24_48,cross_symbol_rank,none,lag_stable,F10_volatility_compression,quote_volume_mean_24;ret_12,liquidity;price,"Sub(Decay(cross_symbol_rank(SafeDiv(Rank(RollingMax(ret_12,3)),Clip(Abs(ZScore(TSStd(quote_volume_mean_24,10))),0.05,6.0))),24),Rank(TSMean(quote_volume_mean_24,24)))",7ec167178c92efb4,6,generated_candidate,original,0.24630000000000002,False,False,selected_for_strict_replay
a7o_l1_C0303_0969,C0303,969,H05_volatility_structure_ex_liquidity_mul,P10_price_liquidity,RollingMaxRank,ensemble_6_12_24_48,cross_symbol_rank,none,lag_stable,F10_volatility_compression,quote_volume_mean_12;ret_12,liquidity;price,"Sub(Decay(cross_symbol_rank(Rank(Delta(Rank(RollingMax(quote_volume_mean_12,96)),72))),36),Rank(TSMean(ret_12,36)))",886d283eda186fa2,72,generated_candidate,original,0.24630000000000002,False,False,selected_for_strict_replay
a7o_l1_C0303_1066,C0303,1066,H05_volatility_structure_ex_liquidity_mul,P10_price_liquidity,RollingMaxRank,ensemble_6_12_24_48,cross_symbol_rank,none,lag_stable,F10_volatility_compression,quote_volume_mean_12;ret_6,liquidity;price,"Sub(Decay(cross_symbol_rank(Rank(SmoothInteraction(Rank(RollingMax(ret_6,4)),TSStd(ret_6,12)))),20),Rank(TSMean(quote_volume_mean_12,20)))",76b945175d084be8,12,generated_candidate,original,0.24630000000000002,False,False,selected_for_strict_replay
a7o_l1_C0303_1357,C0303,1357,H05_volatility_structure_ex_liquidity_mul,P10_price_liquidity,RollingMaxRank,ensemble_6_12_24_48,cross_symbol_rank,none,lag_stable,F10_volatility_compression,quote_volume_mean_24;ret_12,liquidity;price,"Sub(Decay(cross_symbol_rank(Mul(ZScore(TSMean(quote_volume_mean_24,8)),Rank(RollingMax(quote_volume_mean_24,48)))),16),Rank(TSMean(ret_12,16)))",d43bb5cd1325cf8e,24,generated_candidate,original,0.24630000000000002,False,False,selected_for_strict_replay
a7o_l1_C0303_1454,C0303,1454,H05_volatility_structure_ex_liquidity_mul,P10_price_liquidity,RollingMaxRank,ensemble_6_12_24_48,cross_symbol_rank,none,lag_stable,F10_volatility_compression,quote_volume_mean_12;ret_12,liquidity;price,"Sub(Decay(cross_symbol_rank(Mul(SafeDiv(ZScore(TSMean(ret_12,24)),Clip(Abs(ZScore(TSMean(quote_volume_mean_12,48))),0.05,3.0)),Rank(RollingMax(ret_12,36)))),12),Rank(TSMean(quote_volume_mean_12,12)))",7874577711b1e5c5,72,generated_candidate,original,0.24630000000000002,False,False,selected_for_strict_replay
a7o_l1_C0303_1745,C0303,1745,H05_volatility_structure_ex_liquidity_mul,P10_price_liquidity,RollingMaxRank,ensemble_6_12_24_48,cross_symbol_rank,none,lag_stable,F10_volatility_compression,quote_volume_mean_24;ret_12,liquidity;price,"Sub(Decay(cross_symbol_rank(SmoothInteraction(Rank(RollingMax(ret_12,3)),TSMean(quote_volume_mean_24,10))),6),Rank(TSMean(quote_volume_mean_24,6)))",4f4e9fe8d0e3b450,6,generated_candidate,original,0.24630000000000002,False,False,selected_for_strict_replay
a7o_l1_C0303_1842,C0303,1842,H05_volatility_structure_ex_liquidity_mul,P10_price_liquidity,RollingMaxRank,ensemble_6_12_24_48,cross_symbol_rank,none,lag_stable,F10_volatility_compression,quote_volume_mean_24;ret_6,liquidity;price,"Sub(Decay(CrossSymbolRank(Add(Rank(RollingMax(quote_volume_mean_24,16)),TSMean(quote_volume_mean_24,24))),60),Rank(TSMean(ret_6,60)))",63160c94ac6f49a7,24,generated_candidate,original,0.24630000000000002,False,False,selected_for_strict_replay
a7o_l1_C0303_0949,C0303,949,H05_volatility_structure_ex_liquidity_mul,P10_price_liquidity,RollingMaxRank,ensemble_6_12_24_48,cross_symbol_rank,none,lag_stable,F10_volatility_compression,quote_volume_mean_24;ret_6,liquidity;price,"Sub(Decay(cross_symbol_rank(RegimeMaskNonMay(F5_funding_neutral,Add(Rank(RollingMax(ret_6,48)),ZScore(TSMean(quote_volume_mean_24,60))))),36),Rank(TSMean(quote_volume_mean_24,36)))",08fa1a10c22d3b2e,72,generated_candidate,original,0.2463,False,False,selected_for_strict_replay
a7o_l1_C0303_0289,C0303,289,H05_volatility_structure_ex_liquidity_mul,P10_price_liquidity,RollingMaxRank,ensemble_6_12_24_48,cross_symbol_rank,none,lag_stable,F10_volatility_compression,quote_volume_mean_12;ret_12,liquidity;price,"Sub(Decay(cross_symbol_rank(Add(Abs(ZScore(TSStd(quote_volume_mean_12,72))),Rank(RollingMax(quote_volume_mean_12,96)))),36),Rank(TSMean(ret_12,36)))",e9aa03fee5ac416b,72,generated_candidate,original,0.24530000000000002,False,False,selected_for_strict_replay
a7o_l1_C0303_0386,C0303,386,H05_volatility_structure_ex_liquidity_mul,P10_price_liquidity,RollingMaxRank,ensemble_6_12_24_48,cross_symbol_rank,none,lag_stable,F10_volatility_compression,quote_volume_mean_12;ret_6,liquidity;price,"Sub(Decay(cross_symbol_rank(ZScore(Decay(Rank(RollingMax(ret_6,6)),16))),24),Rank(TSMean(quote_volume_mean_12,24)))",44373df10fd67c6b,12,generated_candidate,original,0.24530000000000002,False,False,selected_for_strict_replay
a7o_l1_C0303_0677,C0303,677,H05_volatility_structure_ex_liquidity_mul,P10_price_liquidity,RollingMaxRank,ensemble_6_12_24_48,cross_symbol_rank,none,lag_stable,F10_volatility_compression,quote_volume_mean_24;ret_12,liquidity;price,"Sub(Decay(cross_symbol_rank(RollingMax(Sub(Rank(RollingMax(quote_volume_mean_24,48)),ZScore(TSMean(quote_volume_mean_24,8))),10)),16),Rank(TSMean(ret_12,16)))",86dcc05d577f3e67,24,generated_candidate,original,0.24530000000000002,False,False,selected_for_strict_replay
a7o_l1_C0303_0774,C0303,774,H05_volatility_structure_ex_liquidity_mul,P10_price_liquidity,RollingMaxRank,ensemble_6_12_24_48,cross_symbol_rank,none,lag_stable,F10_volatility_compression,quote_volume_mean_12;ret_12,liquidity;price,"Sub(Decay(cross_symbol_rank(Mul(Rank(RollingMax(ret_12,36)),Rank(TSStd(ret_12,24)))),16),Rank(TSMean(quote_volume_mean_12,16)))",603f28b615f64401,72,generated_candidate,original,0.24530000000000002,False,False,selected_for_strict_replay
a7o_l1_C0304_1648,C0304,1648,H04_basis_compression_expansion,P2_liquidity,DeltaRank,spread_12_vs_48,cross_symbol_rank,none,low_turnover,F11_cross_symbol_crowding,quote_volume_mean_12;quote_volume_mean_24,liquidity,"HorizonSpread(TSMean(cross_symbol_rank(ResidualizeVsFundingCore(Add(Rank(Delta(quote_volume_mean_24,60)),Rank(TSMean(quote_volume_mean_24,20))))),24),24,4)",3a9cdb238cbac109,48,generated_candidate,original,0.20500000000000002,False,False,selected_for_strict_replay
a7o_l1_C0304_1841,C0304,1841,H04_basis_compression_expansion,P2_liquidity,DeltaRank,spread_12_vs_48,cross_symbol_rank,none,low_turnover,F11_cross_symbol_crowding,number_of_trades;quote_volume_mean_6,liquidity,"HorizonSpread(TSMean(cross_symbol_rank(ResidualizeVsCore4(Sub(Rank(Delta(number_of_trades,24)),ZScore(TSMean(quote_volume_mean_6,12))))),10),10,12)",56ea047b917cd266,12,generated_candidate,original,0.20400000000000001,False,False,selected_for_strict_replay
a7o_l1_C0304_1840,C0304,1840,H04_basis_compression_expansion,P2_liquidity,DeltaRank,spread_12_vs_48,cross_symbol_rank,none,low_turnover,F11_cross_symbol_crowding,number_of_trades,liquidity,"HorizonSpread(TSMean(cross_symbol_rank(ResidualizeVsFundingCore(Add(Rank(Delta(number_of_trades,3)),Rank(TSMean(number_of_trades,4))))),6),6,10)",64fff1481788027e,6,generated_candidate,original,0.203,False,False,selected_for_strict_replay
a7o_l1_C0304_2033,C0304,2033,H04_basis_compression_expansion,P2_liquidity,DeltaRank,spread_12_vs_48,cross_symbol_rank,none,low_turnover,F11_cross_symbol_crowding,quote_asset_volume;quote_volume_mean_6,liquidity,"HorizonSpread(TSMean(cross_symbol_rank(ResidualizeVsCore4(Sub(Rank(Delta(quote_volume_mean_6,20)),ZScore(TSMean(quote_asset_volume,72))))),24),24,30)",3144360161720526,48,generated_candidate,original,0.202,False,False,selected_for_strict_replay
a7o_l1_C0304_2032,C0304,2032,H04_basis_compression_expansion,P2_liquidity,DeltaRank,spread_12_vs_48,cross_symbol_rank,none,low_turnover,F11_cross_symbol_crowding,quote_volume_mean_24;quote_volume_mean_6,liquidity,"HorizonSpread(TSMean(cross_symbol_rank(ResidualizeVsFundingCore(Add(Rank(Delta(quote_volume_mean_6,16)),Rank(TSMean(quote_volume_mean_6,24))))),12),12,20)",4fd7e57ce4975749,24,generated_candidate,original,0.201,False,False,selected_for_strict_replay
a7o_l1_C0304_2036,C0304,2036,H04_basis_compression_expansion,P2_liquidity,DeltaRank,spread_12_vs_48,cross_symbol_rank,none,low_turnover,F11_cross_symbol_crowding,quote_volume_mean_12,liquidity,"HorizonSpread(TSMean(cross_symbol_rank(RegimeMaskNonMay(F3_high_liquidity_high_vol,Sub(Rank(Delta(quote_volume_mean_12,12)),Rank(TSMean(quote_volume_mean_12,3))))),16),16,24)",678664f03a22017e,12,generated_candidate,original,0.195,False,False,selected_for_strict_replay
a7o_l1_C0304_0177,C0304,177,H04_basis_compression_expansion,P2_liquidity,DeltaRank,spread_12_vs_48,cross_symbol_rank,none,low_turnover,F11_cross_symbol_crowding,number_of_trades;quote_volume_mean_6,liquidity,"HorizonSpread(TSMean(cross_symbol_rank(ResidualizeVsCore4(Sub(Rank(Delta(quote_volume_mean_6,48)),ZScore(TSMean(number_of_trades,10))))),16),16,20)",7b5c0dfcb13a9e59,24,generated_candidate,original,0.189,False,False,selected_for_strict_replay
a7o_l1_C0304_0176,C0304,176,H04_basis_compression_expansion,P2_liquidity,DeltaRank,spread_12_vs_48,cross_symbol_rank,none,low_turnover,F11_cross_symbol_crowding,quote_asset_volume;quote_volume_mean_6,liquidity,"HorizonSpread(TSMean(cross_symbol_rank(ResidualizeVsFundingCore(Add(Rank(Delta(quote_volume_mean_6,24)),Rank(TSMean(quote_volume_mean_6,8))))),3),3,6)",232582d66c5f0be6,12,generated_candidate,original,0.188,False,False,selected_for_strict_replay
a7o_l1_C0304_0369,C0304,369,H04_basis_compression_expansion,P2_liquidity,DeltaRank,spread_12_vs_48,cross_symbol_rank,none,low_turnover,F11_cross_symbol_crowding,quote_volume_mean_6,liquidity,"HorizonSpread(TSMean(cross_symbol_rank(ResidualizeVsCore4(Sub(Rank(Delta(quote_volume_mean_6,96)),ZScore(TSMean(quote_volume_mean_6,24))))),36),36,48)",e7ece3c51536fad7,72,generated_candidate,original,0.187,False,False,selected_for_strict_replay
a7o_l1_C0304_0368,C0304,368,H04_basis_compression_expansion,P2_liquidity,DeltaRank,spread_12_vs_48,cross_symbol_rank,none,low_turnover,F11_cross_symbol_crowding,number_of_trades;quote_volume_mean_6,liquidity,"HorizonSpread(TSMean(cross_symbol_rank(ResidualizeVsFundingCore(Add(Rank(Delta(quote_volume_mean_6,20)),Rank(TSMean(quote_volume_mean_6,48))))),8),8,12)",a67dc86d937cddce,48,generated_candidate,original,0.186,False,False,selected_for_strict_replay
a7o_l1_C0304_0561,C0304,561,H04_basis_compression_expansion,P2_liquidity,DeltaRank,spread_12_vs_48,cross_symbol_rank,none,low_turnover,F11_cross_symbol_crowding,quote_asset_volume;quote_volume_mean_24,liquidity,"HorizonSpread(TSMean(cross_symbol_rank(ResidualizeVsCore4(Sub(Rank(Delta(quote_volume_mean_24,8)),ZScore(TSMean(quote_asset_volume,3))))),10),10,12)",558cf8631fe4db87,12,generated_candidate,original,0.185,False,False,selected_for_strict_replay
a7o_l1_C0304_0560,C0304,560,H04_basis_compression_expansion,P2_liquidity,DeltaRank,spread_12_vs_48,cross_symbol_rank,none,low_turnover,F11_cross_symbol_crowding,quote_volume_mean_24,liquidity,"HorizonSpread(TSMean(cross_symbol_rank(ResidualizeVsFundingCore(Add(Rank(Delta(quote_volume_mean_24,3)),Rank(TSMean(quote_volume_mean_24,4))))),16),16,24)",a12b773766f2445c,6,generated_candidate,original,0.184,False,False,selected_for_strict_replay
a7o_l1_C0304_0181,C0304,181,H04_basis_compression_expansion,P2_liquidity,DeltaRank,spread_12_vs_48,cross_symbol_rank,none,low_turnover,F11_cross_symbol_crowding,quote_asset_volume;quote_volume_mean_12,liquidity,"HorizonSpread(TSMean(cross_symbol_rank(RegimeMaskNonMay(F5_funding_neutral,Add(Rank(Delta(quote_volume_mean_12,20)),ZScore(TSMean(quote_asset_volume,10))))),10),10,12)",de03c73baaeed8be,12,generated_candidate,original,0.18300000000000002,False,False,selected_for_strict_replay
a7o_l1_C0304_0753,C0304,753,H04_basis_compression_expansion,P2_liquidity,DeltaRank,spread_12_vs_48,cross_symbol_rank,none,low_turnover,F11_cross_symbol_crowding,quote_asset_volume;quote_volume_mean_12,liquidity,"HorizonSpread(TSMean(cross_symbol_rank(ResidualizeVsCore4(Sub(Rank(Delta(quote_asset_volume,48)),ZScore(TSMean(quote_volume_mean_12,24))))),24),24,30)",9f0876c69b2d751c,48,generated_candidate,original,0.183,False,False,selected_for_strict_replay
a7o_l1_C0304_0180,C0304,180,H04_basis_compression_expansion,P2_liquidity,DeltaRank,spread_12_vs_48,cross_symbol_rank,none,low_turnover,F11_cross_symbol_crowding,quote_volume_mean_12;quote_volume_mean_24,liquidity,"HorizonSpread(TSMean(cross_symbol_rank(RegimeMaskNonMay(F3_high_liquidity_high_vol,Sub(Rank(Delta(quote_volume_mean_12,3)),Rank(TSMean(quote_volume_mean_12,4))))),4),4,8)",4b76e9c2bf1b0471,6,generated_candidate,original,0.18200000000000002,False,False,selected_for_strict_replay
a7o_l1_C0304_0752,C0304,752,H04_basis_compression_expansion,P2_liquidity,DeltaRank,spread_12_vs_48,cross_symbol_rank,none,low_turnover,F11_cross_symbol_crowding,quote_asset_volume;quote_volume_mean_6,liquidity,"HorizonSpread(TSMean(cross_symbol_rank(ResidualizeVsFundingCore(Add(Rank(Delta(quote_asset_volume,16)),Rank(TSMean(quote_asset_volume,24))))),3),3,6)",a22a099655a86285,24,generated_candidate,original,0.182,False,False,selected_for_strict_replay
a7o_l1_C0304_0373,C0304,373,H04_basis_compression_expansion,P2_liquidity,DeltaRank,spread_12_vs_48,cross_symbol_rank,none,low_turnover,F11_cross_symbol_crowding,number_of_trades;quote_volume_mean_12,liquidity,"HorizonSpread(TSMean(cross_symbol_rank(RegimeMaskNonMay(F5_funding_neutral,Add(Rank(Delta(quote_volume_mean_12,16)),ZScore(TSMean(number_of_trades,60))))),24),24,30)",e11219ab612d90db,48,generated_candidate,original,0.18100000000000002,False,False,selected_for_strict_replay
a7o_l1_C0304_0945,C0304,945,H04_basis_compression_expansion,P2_liquidity,DeltaRank,spread_12_vs_48,cross_symbol_rank,none,low_turnover,F11_cross_symbol_crowding,number_of_trades;quote_volume_mean_24,liquidity,"HorizonSpread(TSMean(cross_symbol_rank(ResidualizeVsCore4(Sub(Rank(Delta(number_of_trades,3)),ZScore(TSMean(quote_volume_mean_24,10))))),6),6,8)",a06390c3cb46c929,6,generated_candidate,original,0.181,False,False,selected_for_strict_replay
a7o_l1_C0304_0372,C0304,372,H04_basis_compression_expansion,P2_liquidity,DeltaRank,spread_12_vs_48,cross_symbol_rank,none,low_turnover,F11_cross_symbol_crowding,quote_asset_volume;quote_volume_mean_12,liquidity,"HorizonSpread(TSMean(cross_symbol_rank(RegimeMaskNonMay(F3_high_liquidity_high_vol,Sub(Rank(Delta(quote_volume_mean_12,16)),Rank(TSMean(quote_volume_mean_12,24))))),10),10,16)",fdea59fa1010f289,24,generated_candidate,original,0.18000000000000002,False,False,selected_for_strict_replay
a7o_l1_C0304_0944,C0304,944,H04_basis_compression_expansion,P2_liquidity,DeltaRank,spread_12_vs_48,cross_symbol_rank,none,low_turnover,F11_cross_symbol_crowding,quote_asset_volume;quote_volume_mean_12,liquidity,"HorizonSpread(TSMean(cross_symbol_rank(ResidualizeVsFundingCore(Add(Rank(Delta(quote_asset_volume,24)),Rank(TSMean(quote_asset_volume,84))))),8),8,12)",c77f877b14495ee3,72,generated_candidate,original,0.18,False,False,selected_for_strict_replay
a7o_l1_C0304_0565,C0304,565,H04_basis_compression_expansion,P2_liquidity,DeltaRank,spread_12_vs_48,cross_symbol_rank,none,low_turnover,F11_cross_symbol_crowding,quote_asset_volume;quote_volume_mean_24,liquidity,"HorizonSpread(TSMean(cross_symbol_rank(RegimeMaskNonMay(F5_funding_neutral,Add(Rank(Delta(quote_asset_volume,3)),ZScore(TSMean(quote_volume_mean_24,10))))),6),6,8)",cfbfc665358c1764,6,generated_candidate,original,0.17900000000000002,False,False,selected_for_strict_replay
a7o_l1_C0304_1137,C0304,1137,H04_basis_compression_expansion,P2_liquidity,DeltaRank,spread_12_vs_48,cross_symbol_rank,none,low_turnover,F11_cross_symbol_crowding,quote_volume_mean_6,liquidity,"HorizonSpread(TSMean(cross_symbol_rank(ResidualizeVsCore4(Sub(Rank(Delta(quote_volume_mean_6,48)),ZScore(TSMean(quote_volume_mean_6,10))))),16),16,20)",c243ec0b2270e100,24,generated_candidate,original,0.17900000000000002,False,False,selected_for_strict_replay
a7o_l1_C0304_0564,C0304,564,H04_basis_compression_expansion,P2_liquidity,DeltaRank,spread_12_vs_48,cross_symbol_rank,none,low_turnover,F11_cross_symbol_crowding,quote_volume_mean_12;quote_volume_mean_24,liquidity,"HorizonSpread(TSMean(cross_symbol_rank(RegimeMaskNonMay(F3_high_liquidity_high_vol,Sub(Rank(Delta(quote_volume_mean_24,60)),Rank(TSMean(quote_volume_mean_24,36))))),20),20,3)",4acb258a9df39ad0,72,generated_candidate,original,0.17800000000000002,False,False,selected_for_strict_replay
a7o_l1_C0304_1136,C0304,1136,H04_basis_compression_expansion,P2_liquidity,DeltaRank,spread_12_vs_48,cross_symbol_rank,none,low_turnover,F11_cross_symbol_crowding,number_of_trades;quote_volume_mean_6,liquidity,"HorizonSpread(TSMean(cross_symbol_rank(ResidualizeVsFundingCore(Add(Rank(Delta(quote_volume_mean_6,12)),Rank(TSMean(quote_volume_mean_6,3))))),16),16,24)",00cd2370fd5bb5ac,12,generated_candidate,original,0.17800000000000002,False,False,selected_for_strict_replay
a7o_l1_C0305_2036,C0305,2036,H05_volatility_structure_ex_liquidity_mul,P4_taker_flow,MulRankZScore,H6,same_symbol_rank,Core4,medium_turnover,F2_low_liquidity,taker_imbalance,flow,"Sub(Clip(ResidualizeVsCore4(RegimeMaskNonMay(F3_high_liquidity_high_vol,Sub(Mul(Rank(TSMean(taker_imbalance,3)),ZScore(Decay(taker_imbalance,8))),Rank(TSMean(taker_imbalance,3))))),-4.0,4.0),Rank(TSMean(taker_imbalance,16)))",df9b553204945352,6,generated_candidate,original,0.22060000000000002,False,False,selected_for_strict_replay
a7o_l1_C0305_0181,C0305,181,H05_volatility_structure_ex_liquidity_mul,P4_taker_flow,MulRankZScore,H6,same_symbol_rank,Core4,medium_turnover,F2_low_liquidity,cs_z_taker_imbalance,flow,"Sub(Clip(ResidualizeVsCore4(RegimeMaskNonMay(F5_funding_neutral,Add(Mul(Rank(TSMean(cs_z_taker_imbalance,3)),ZScore(Decay(cs_z_taker_imbalance,8))),ZScore(TSMean(cs_z_taker_imbalance,10))))),-4.0,4.0),Rank(TSMean(cs_z_taker_imbalance,10)))",fba35696cf4145a2,6,generated_candidate,original,0.2086,False,False,selected_for_strict_replay
a7o_l1_C0305_0180,C0305,180,H05_volatility_structure_ex_liquidity_mul,P4_taker_flow,MulRankZScore,H6,same_symbol_rank,Core4,medium_turnover,F2_low_liquidity,cs_z_taker_imbalance;taker_imbalance,flow,"Sub(Clip(ResidualizeVsCore4(RegimeMaskNonMay(F3_high_liquidity_high_vol,Sub(Mul(Rank(TSMean(cs_z_taker_imbalance,3)),ZScore(Decay(taker_imbalance,8))),Rank(TSMean(cs_z_taker_imbalance,4))))),-4.0,4.0),Rank(TSMean(taker_imbalance,4)))",89bd82a97d907254,6,generated_candidate,original,0.2076,False,False,selected_for_strict_replay
a7o_l1_C0305_0373,C0305,373,H05_volatility_structure_ex_liquidity_mul,P4_taker_flow,MulRankZScore,H6,same_symbol_rank,Core4,medium_turnover,F2_low_liquidity,cs_z_taker_imbalance;taker_buy_ratio,flow,"Sub(Clip(ResidualizeVsCore4(RegimeMaskNonMay(F5_funding_neutral,Add(Mul(Rank(TSMean(taker_buy_ratio,3)),ZScore(Decay(cs_z_taker_imbalance,8))),ZScore(TSMean(cs_z_taker_imbalance,60))))),-4.0,4.0),Rank(TSMean(cs_z_taker_imbalance,24)))",58ded4c072afa73c,6,generated_candidate,original,0.2066,False,False,selected_for_strict_replay
a7o_l1_C0305_0372,C0305,372,H05_volatility_structure_ex_liquidity_mul,P4_taker_flow,MulRankZScore,H6,same_symbol_rank,Core4,medium_turnover,F2_low_liquidity,taker_buy_ratio;taker_imbalance,flow,"Sub(Clip(ResidualizeVsCore4(RegimeMaskNonMay(F3_high_liquidity_high_vol,Sub(Mul(Rank(TSMean(taker_buy_ratio,3)),ZScore(Decay(taker_imbalance,8))),Rank(TSMean(taker_buy_ratio,24))))),-4.0,4.0),Rank(TSMean(taker_imbalance,10)))",779cc2691834069e,6,generated_candidate,original,0.2056,False,False,selected_for_strict_replay
a7o_l1_C0305_0565,C0305,565,H05_volatility_structure_ex_liquidity_mul,P4_taker_flow,MulRankZScore,H6,same_symbol_rank,Core4,medium_turnover,F2_low_liquidity,cs_z_taker_imbalance;taker_imbalance,flow,"Sub(Clip(ResidualizeVsCore4(RegimeMaskNonMay(F5_funding_neutral,Add(Mul(Rank(TSMean(taker_imbalance,3)),ZScore(Decay(cs_z_taker_imbalance,8))),ZScore(TSMean(cs_z_taker_imbalance,10))))),-4.0,4.0),Rank(TSMean(cs_z_taker_imbalance,6)))",33447968fa6f330a,6,generated_candidate,original,0.2046,False,False,selected_for_strict_replay
a7o_l1_C0305_0564,C0305,564,H05_volatility_structure_ex_liquidity_mul,P4_taker_flow,MulRankZScore,H6,same_symbol_rank,Core4,medium_turnover,F2_low_liquidity,taker_imbalance,flow,"Sub(Clip(ResidualizeVsCore4(RegimeMaskNonMay(F3_high_liquidity_high_vol,Sub(Mul(Rank(TSMean(taker_imbalance,3)),ZScore(Decay(taker_imbalance,8))),Rank(TSMean(taker_imbalance,36))))),-4.0,4.0),Rank(TSMean(taker_imbalance,20)))",7b2531797cfc5318,6,generated_candidate,original,0.2036,False,False,selected_for_strict_replay
a7o_l1_C0305_0757,C0305,757,H05_volatility_structure_ex_liquidity_mul,P4_taker_flow,MulRankZScore,H6,same_symbol_rank,Core4,medium_turnover,F2_low_liquidity,taker_buy_ratio;taker_imbalance,flow,"Sub(Clip(ResidualizeVsCore4(RegimeMaskNonMay(F5_funding_neutral,Add(Mul(Rank(TSMean(taker_buy_ratio,3)),ZScore(Decay(taker_imbalance,8))),ZScore(TSMean(taker_imbalance,10))))),-4.0,4.0),Rank(TSMean(taker_imbalance,16)))",485375348f959777,6,generated_candidate,original,0.2026,False,False,selected_for_strict_replay
a7o_l1_C0305_0756,C0305,756,H05_volatility_structure_ex_liquidity_mul,P4_taker_flow,MulRankZScore,H6,same_symbol_rank,Core4,medium_turnover,F2_low_liquidity,taker_buy_ratio,flow,"Sub(Clip(ResidualizeVsCore4(RegimeMaskNonMay(F3_high_liquidity_high_vol,Sub(Mul(Rank(TSMean(taker_buy_ratio,3)),ZScore(Decay(taker_buy_ratio,8))),Rank(TSMean(taker_buy_ratio,10))))),-4.0,4.0),Rank(TSMean(taker_buy_ratio,4)))",c0e6ebfaaf2542e2,6,generated_candidate,original,0.2016,False,False,selected_for_strict_replay
a7o_l1_C0305_0096,C0305,96,H05_volatility_structure_ex_liquidity_mul,P4_taker_flow,MulRankZScore,H6,same_symbol_rank,Core4,medium_turnover,F2_low_liquidity,cs_z_taker_imbalance;taker_buy_ratio,flow,"Sub(Clip(ResidualizeVsCore4(Mul(Neg(Rank(TSMean(taker_buy_ratio,4))),Mul(Rank(TSMean(taker_buy_ratio,3)),ZScore(Decay(cs_z_taker_imbalance,8))))),-4.0,4.0),Rank(TSMean(cs_z_taker_imbalance,20)))",3fbd47aef14ee03d,6,generated_candidate,original,0.2006,False,False,selected_for_strict_replay
a7o_l1_C0305_0193,C0305,193,H05_volatility_structure_ex_liquidity_mul,P4_taker_flow,MulRankZScore,H6,same_symbol_rank,Core4,medium_turnover,F2_low_liquidity,taker_imbalance,flow,"Sub(Clip(ResidualizeVsCore4(Rank(TSMean(Mul(Rank(TSMean(taker_imbalance,3)),ZScore(Decay(taker_imbalance,8))),36))),-4.0,4.0),Rank(TSMean(taker_imbalance,24)))",91f14efb41859a2f,6,generated_candidate,original,0.2006,False,False,selected_for_strict_replay
a7o_l1_C0305_0290,C0305,290,H05_volatility_structure_ex_liquidity_mul,P4_taker_flow,MulRankZScore,H6,same_symbol_rank,Core4,medium_turnover,F2_low_liquidity,cs_z_taker_imbalance;taker_buy_ratio,flow,"Sub(Clip(ResidualizeVsCore4(Sub(Mul(Rank(TSMean(cs_z_taker_imbalance,3)),ZScore(Decay(taker_buy_ratio,8))),Abs(ZScore(TSMean(taker_buy_ratio,10))))),-4.0,4.0),Rank(TSMean(taker_buy_ratio,48)))",a4b907029dba489c,6,generated_candidate,original,0.2006,False,False,selected_for_strict_replay
a7o_l1_C0305_0387,C0305,387,H05_volatility_structure_ex_liquidity_mul,P4_taker_flow,MulRankZScore,H6,same_symbol_rank,Core4,medium_turnover,F2_low_liquidity,cs_z_taker_imbalance;taker_imbalance,flow,"Sub(Clip(ResidualizeVsCore4(Clip(Mul(Rank(TSMean(taker_imbalance,3)),ZScore(Decay(cs_z_taker_imbalance,8))),-4.0,4.0)),-4.0,4.0),Rank(TSMean(cs_z_taker_imbalance,60)))",7e176ec1a346caae,6,generated_candidate,original,0.2006,False,False,selected_for_strict_replay
a7o_l1_C0305_0484,C0305,484,H05_volatility_structure_ex_liquidity_mul,P4_taker_flow,MulRankZScore,H6,same_symbol_rank,Core4,medium_turnover,F2_low_liquidity,cs_z_taker_imbalance;taker_imbalance,flow,"Sub(Clip(ResidualizeVsCore4(SafeDiv(Sub(Mul(Rank(TSMean(taker_imbalance,3)),ZScore(Decay(cs_z_taker_imbalance,8))),Rank(TSMean(taker_imbalance,36))),Clip(Abs(TSRank(cs_z_taker_imbalance,72)),0.05,2.25))),-4.0,4.0),Rank(TSMean(cs_z_taker_imbalance,12)))",d67bda242724d36f,6,generated_candidate,original,0.2006,False,False,selected_for_strict_replay
a7o_l1_C0305_0581,C0305,581,H05_volatility_structure_ex_liquidity_mul,P4_taker_flow,MulRankZScore,H6,same_symbol_rank,Core4,medium_turnover,F2_low_liquidity,cs_z_taker_imbalance;taker_imbalance,flow,"Sub(Clip(ResidualizeVsCore4(Add(Mul(Rank(TSMean(cs_z_taker_imbalance,3)),ZScore(Decay(taker_imbalance,8))),ZScore(TSMean(taker_imbalance,12)))),-4.0,4.0),Rank(TSMean(taker_imbalance,10)))",6fec96cb06cf7109,6,generated_candidate,original,0.2006,False,False,selected_for_strict_replay
a7o_l1_C0305_0678,C0305,678,H05_volatility_structure_ex_liquidity_mul,P4_taker_flow,MulRankZScore,H6,same_symbol_rank,Core4,medium_turnover,F2_low_liquidity,taker_buy_ratio;taker_imbalance,flow,"Sub(Clip(ResidualizeVsCore4(RollingMin(Add(Mul(Rank(TSMean(taker_imbalance,3)),ZScore(Decay(taker_buy_ratio,8))),Rank(TSMean(taker_buy_ratio,12))),60)),-4.0,4.0),Rank(TSMean(taker_buy_ratio,30)))",86d15599ce493330,6,generated_candidate,original,0.2006,False,False,selected_for_strict_replay
a7o_l1_C0305_0775,C0305,775,H05_volatility_structure_ex_liquidity_mul,P4_taker_flow,MulRankZScore,H6,same_symbol_rank,Core4,medium_turnover,F2_low_liquidity,cs_z_taker_imbalance,flow,"Sub(Clip(ResidualizeVsCore4(SafeDiv(Mul(Rank(TSMean(cs_z_taker_imbalance,3)),ZScore(Decay(cs_z_taker_imbalance,8))),Clip(Abs(ZScore(TSStd(cs_z_taker_imbalance,10))),0.05,6.0))),-4.0,4.0),Rank(TSMean(cs_z_taker_imbalance,24)))",dc323dc5f4e13e08,6,generated_candidate,original,0.2006,False,False,selected_for_strict_replay
a7o_l1_C0305_0872,C0305,872,H05_volatility_structure_ex_liquidity_mul,P4_taker_flow,MulRankZScore,H6,same_symbol_rank,Core4,medium_turnover,F2_low_liquidity,cs_z_taker_imbalance,flow,"Sub(Clip(ResidualizeVsCore4(TSRank(Sub(TSMean(Mul(Rank(TSMean(cs_z_taker_imbalance,3)),ZScore(Decay(cs_z_taker_imbalance,8))),24),TSMean(cs_z_taker_imbalance,30)),36)),-4.0,4.0),Rank(TSMean(cs_z_taker_imbalance,8)))",ecab9b63321830c2,6,generated_candidate,original,0.2006,False,False,selected_for_strict_replay
a7o_l1_C0305_0949,C0305,949,H05_volatility_structure_ex_liquidity_mul,P4_taker_flow,MulRankZScore,H6,same_symbol_rank,Core4,medium_turnover,F2_low_liquidity,taker_imbalance,flow,"Sub(Clip(ResidualizeVsCore4(RegimeMaskNonMay(F5_funding_neutral,Add(Mul(Rank(TSMean(taker_imbalance,3)),ZScore(Decay(taker_imbalance,8))),ZScore(TSMean(taker_imbalance,60))))),-4.0,4.0),Rank(TSMean(taker_imbalance,36)))",c3f19667dd96e83a,6,generated_candidate,original,0.2006,False,False,selected_for_strict_replay
a7o_l1_C0305_0969,C0305,969,H05_volatility_structure_ex_liquidity_mul,P4_taker_flow,MulRankZScore,H6,same_symbol_rank,Core4,medium_turnover,F2_low_liquidity,taker_imbalance,flow,"Sub(Clip(ResidualizeVsCore4(Rank(Delta(Mul(Rank(TSMean(taker_imbalance,3)),ZScore(Decay(taker_imbalance,8))),72))),-4.0,4.0),Rank(TSMean(taker_imbalance,36)))",c13455c1dc6fd472,6,generated_candidate,original,0.2006,False,False,selected_for_strict_replay
a7o_l1_C0305_1066,C0305,1066,H05_volatility_structure_ex_liquidity_mul,P4_taker_flow,MulRankZScore,H6,same_symbol_rank,Core4,medium_turnover,F2_low_liquidity,cs_z_taker_imbalance;taker_buy_ratio,flow,"Sub(Clip(ResidualizeVsCore4(Rank(SmoothInteraction(Mul(Rank(TSMean(cs_z_taker_imbalance,3)),ZScore(Decay(taker_buy_ratio,8))),TSStd(cs_z_taker_imbalance,12)))),-4.0,4.0),Rank(TSMean(taker_buy_ratio,20)))",6dad0d7f6ddabf68,6,generated_candidate,original,0.2006,False,False,selected_for_strict_replay
a7o_l1_C0305_1163,C0305,1163,H05_volatility_structure_ex_liquidity_mul,P4_taker_flow,MulRankZScore,H6,same_symbol_rank,Core4,medium_turnover,F2_low_liquidity,cs_z_taker_imbalance;taker_buy_ratio,flow,"Sub(Clip(ResidualizeVsCore4(WinsorZScore(Mul(Rank(TSMean(taker_buy_ratio,3)),ZScore(Decay(cs_z_taker_imbalance,8))),3.0)),-4.0,4.0),Rank(TSMean(cs_z_taker_imbalance,60)))",3c74c9f5af9acd9e,6,generated_candidate,original,0.2006,False,False,selected_for_strict_replay
a7o_l1_C0305_1260,C0305,1260,H05_volatility_structure_ex_liquidity_mul,P4_taker_flow,MulRankZScore,H6,same_symbol_rank,Core4,medium_turnover,F2_low_liquidity,cs_z_taker_imbalance;taker_imbalance,flow,"Sub(Clip(ResidualizeVsCore4(Sub(WinsorZScore(TSMean(cs_z_taker_imbalance,4),1.25),WinsorZScore(TSMean(taker_imbalance,10),1.25))),-4.0,4.0),Rank(TSMean(taker_imbalance,4)))",9ea5d4cd2302b441,6,generated_candidate,original,0.2006,False,False,selected_for_strict_replay
a7o_l1_C0305_1357,C0305,1357,H05_volatility_structure_ex_liquidity_mul,P4_taker_flow,MulRankZScore,H6,same_symbol_rank,Core4,medium_turnover,F2_low_liquidity,cs_z_taker_imbalance;taker_imbalance,flow,"Sub(Clip(ResidualizeVsCore4(Mul(ZScore(TSMean(cs_z_taker_imbalance,8)),Mul(Rank(TSMean(cs_z_taker_imbalance,3)),ZScore(Decay(taker_imbalance,8))))),-4.0,4.0),Rank(TSMean(taker_imbalance,16)))",fc69ae14aaf1f575,6,generated_candidate,original,0.2006,False,False,selected_for_strict_replay
a7o_l1_C0306_2036,C0306,2036,H15_placebo_null_adversarial,P13_trade_size_volatility,ResidualizeVsFundingCore,H72,cross_symbol_zscore,FundingCore_and_Core4,lag_stable,F10_volatility_compression,avg_trade_size_quote;realized_vol_12,liquidity;volatility,"Neg(Decay(ResidualizeVsCore4(ResidualizeVsFundingCore(cross_symbol_zscore(RegimeMaskNonMay(F3_high_liquidity_high_vol,Sub(ResidualizeVsFundingCore(Mul(Rank(TSMean(avg_trade_size_quote,60)),ZScore(TSMean(realized_vol_12,96)))),Rank(TSMean(avg_trade_size_quote,3))))))),16))",ad6f818c7dc84195,72,placebo,row_shuffle,0.3395,False,False,selected_for_strict_replay
a7o_l1_C0306_0181,C0306,181,H15_placebo_null_adversarial,P13_trade_size_volatility,ResidualizeVsFundingCore,H72,cross_symbol_zscore,FundingCore_and_Core4,lag_stable,F10_volatility_compression,avg_trade_size_quote;realized_vol_24,liquidity;volatility,"Neg(Decay(ResidualizeVsCore4(ResidualizeVsFundingCore(cross_symbol_zscore(RegimeMaskNonMay(F5_funding_neutral,Add(ResidualizeVsFundingCore(Mul(Rank(TSMean(avg_trade_size_quote,48)),ZScore(TSMean(realized_vol_24,84)))),ZScore(TSMean(realized_vol_24,10))))))),10))",1a74942290881f1b,72,placebo,row_shuffle,0.3275,False,False,selected_for_strict_replay
a7o_l1_C0306_0180,C0306,180,H15_placebo_null_adversarial,P13_trade_size_volatility,ResidualizeVsFundingCore,H72,cross_symbol_zscore,FundingCore_and_Core4,lag_stable,F10_volatility_compression,avg_trade_size_quote;realized_vol_12,liquidity;volatility,"Neg(Decay(ResidualizeVsCore4(ResidualizeVsFundingCore(cross_symbol_zscore(RegimeMaskNonMay(F3_high_liquidity_high_vol,Sub(ResidualizeVsFundingCore(Mul(Rank(TSMean(avg_trade_size_quote,60)),ZScore(TSMean(realized_vol_12,96)))),Rank(TSMean(avg_trade_size_quote,4))))))),4))",6fc2602aff3a733a,72,placebo,random_noise,0.3265,False,False,selected_for_strict_replay
a7o_l1_C0306_0373,C0306,373,H15_placebo_null_adversarial,P13_trade_size_volatility,ResidualizeVsFundingCore,H72,cross_symbol_zscore,FundingCore_and_Core4,lag_stable,F10_volatility_compression,avg_trade_size_quote;realized_vol_24,liquidity;volatility,"Neg(Decay(ResidualizeVsCore4(ResidualizeVsFundingCore(cross_symbol_zscore(RegimeMaskNonMay(F5_funding_neutral,Add(ResidualizeVsFundingCore(Mul(Rank(TSMean(avg_trade_size_quote,48)),ZScore(TSMean(realized_vol_24,84)))),ZScore(TSMean(realized_vol_24,60))))))),24))",d81a0d8ed63277db,72,placebo,sign_flip,0.3255,False,False,selected_for_strict_replay
a7o_l1_C0306_0372,C0306,372,H15_placebo_null_adversarial,P13_trade_size_volatility,ResidualizeVsFundingCore,H72,cross_symbol_zscore,FundingCore_and_Core4,lag_stable,F10_volatility_compression,avg_trade_size_quote;realized_vol_12,liquidity;volatility,"Neg(Decay(ResidualizeVsCore4(ResidualizeVsFundingCore(cross_symbol_zscore(RegimeMaskNonMay(F3_high_liquidity_high_vol,Sub(ResidualizeVsFundingCore(Mul(Rank(TSMean(avg_trade_size_quote,60)),ZScore(TSMean(realized_vol_12,96)))),Rank(TSMean(avg_trade_size_quote,24))))))),10))",cdcfd0c51f3b112c,72,placebo,time_shuffle,0.3245,False,False,selected_for_strict_replay
a7o_l1_C0306_0565,C0306,565,H15_placebo_null_adversarial,P13_trade_size_volatility,ResidualizeVsFundingCore,H72,cross_symbol_zscore,FundingCore_and_Core4,lag_stable,F10_volatility_compression,avg_trade_size_quote;realized_vol_24,liquidity;volatility,"Neg(Decay(ResidualizeVsCore4(ResidualizeVsFundingCore(cross_symbol_zscore(RegimeMaskNonMay(F5_funding_neutral,Add(ResidualizeVsFundingCore(Mul(Rank(TSMean(avg_trade_size_quote,48)),ZScore(TSMean(realized_vol_24,84)))),ZScore(TSMean(realized_vol_24,10))))))),6))",16deefaa3296713a,72,placebo,random_noise,0.3235,False,False,selected_for_strict_replay
a7o_l1_C0306_0564,C0306,564,H15_placebo_null_adversarial,P13_trade_size_volatility,ResidualizeVsFundingCore,H72,cross_symbol_zscore,FundingCore_and_Core4,lag_stable,F10_volatility_compression,avg_trade_size_quote;realized_vol_12,liquidity;volatility,"Neg(Decay(ResidualizeVsCore4(ResidualizeVsFundingCore(cross_symbol_zscore(RegimeMaskNonMay(F3_high_liquidity_high_vol,Sub(ResidualizeVsFundingCore(Mul(Rank(TSMean(avg_trade_size_quote,60)),ZScore(TSMean(realized_vol_12,96)))),Rank(TSMean(avg_trade_size_quote,36))))))),20))",f32c6a761abecb4e,72,placebo,wrong_lag_stale_24h,0.3225,False,False,selected_for_strict_replay
a7o_l1_C0306_0757,C0306,757,H15_placebo_null_adversarial,P13_trade_size_volatility,ResidualizeVsFundingCore,H72,cross_symbol_zscore,FundingCore_and_Core4,lag_stable,F10_volatility_compression,avg_trade_size_quote;realized_vol_24,liquidity;volatility,"Neg(Decay(ResidualizeVsCore4(ResidualizeVsFundingCore(cross_symbol_zscore(RegimeMaskNonMay(F5_funding_neutral,Add(ResidualizeVsFundingCore(Mul(Rank(TSMean(avg_trade_size_quote,48)),ZScore(TSMean(realized_vol_24,84)))),ZScore(TSMean(realized_vol_24,10))))))),16))",99925ff3c4d2f4f5,72,placebo,time_shuffle,0.3215,False,False,selected_for_strict_replay
a7o_l1_C0306_0756,C0306,756,H15_placebo_null_adversarial,P13_trade_size_volatility,ResidualizeVsFundingCore,H72,cross_symbol_zscore,FundingCore_and_Core4,lag_stable,F10_volatility_compression,avg_trade_size_quote;realized_vol_12,liquidity;volatility,"Neg(Decay(ResidualizeVsCore4(ResidualizeVsFundingCore(cross_symbol_zscore(RegimeMaskNonMay(F3_high_liquidity_high_vol,Sub(ResidualizeVsFundingCore(Mul(Rank(TSMean(avg_trade_size_quote,60)),ZScore(TSMean(realized_vol_12,96)))),Rank(TSMean(avg_trade_size_quote,10))))))),4))",dece0aad831c6a91,72,placebo,row_shuffle,0.3205,False,False,selected_for_strict_replay
a7o_l1_C0306_0096,C0306,96,H15_placebo_null_adversarial,P13_trade_size_volatility,ResidualizeVsFundingCore,H72,cross_symbol_zscore,FundingCore_and_Core4,lag_stable,F10_volatility_compression,avg_trade_size_quote;realized_vol_12,liquidity;volatility,"Neg(Decay(ResidualizeVsCore4(ResidualizeVsFundingCore(cross_symbol_zscore(Mul(Neg(Rank(TSMean(realized_vol_12,4))),ResidualizeVsFundingCore(Mul(Rank(TSMean(realized_vol_12,24)),ZScore(TSMean(avg_trade_size_quote,48)))))))),20))",845a20ca4b356b69,72,placebo,row_shuffle,0.31950000000000006,False,False,selected_for_strict_replay
a7o_l1_C0306_0387,C0306,387,H15_placebo_null_adversarial,P13_trade_size_volatility,ResidualizeVsFundingCore,H72,cross_symbol_zscore,FundingCore_and_Core4,lag_stable,F10_volatility_compression,avg_trade_size_quote;realized_vol_24,liquidity;volatility,"Neg(Decay(ResidualizeVsCore4(ResidualizeVsFundingCore(cross_symbol_zscore(Clip(ResidualizeVsFundingCore(Mul(Rank(TSMean(avg_trade_size_quote,72)),ZScore(TSMean(realized_vol_24,24)))),-4.0,4.0)))),60))",97ae0800a452c4d6,72,placebo,time_shuffle,0.31950000000000006,False,False,selected_for_strict_replay
a7o_l1_C0306_0484,C0306,484,H15_placebo_null_adversarial,P13_trade_size_volatility,ResidualizeVsFundingCore,H72,cross_symbol_zscore,FundingCore_and_Core4,lag_stable,F10_volatility_compression,avg_trade_size_quote;realized_vol_24,liquidity;volatility,"Neg(Decay(ResidualizeVsCore4(ResidualizeVsFundingCore(cross_symbol_zscore(SafeDiv(Sub(ResidualizeVsFundingCore(Mul(Rank(TSMean(realized_vol_24,60)),ZScore(TSMean(avg_trade_size_quote,96)))),Rank(TSMean(realized_vol_24,36))),Clip(Abs(TSRank(avg_trade_size_quote,72)),0.05,2.25))))),12))",17a17fb8426010c1,72,placebo,wrong_lag_stale_24h,0.31950000000000006,False,False,selected_for_strict_replay
a7o_l1_C0306_0775,C0306,775,H15_placebo_null_adversarial,P13_trade_size_volatility,ResidualizeVsFundingCore,H72,cross_symbol_zscore,FundingCore_and_Core4,lag_stable,F10_volatility_compression,number_of_trades;realized_vol_24,liquidity;volatility,"Neg(Decay(ResidualizeVsCore4(ResidualizeVsFundingCore(cross_symbol_zscore(SafeDiv(ResidualizeVsFundingCore(Mul(Rank(TSMean(number_of_trades,30)),ZScore(TSMean(realized_vol_24,60)))),Clip(Abs(ZScore(TSStd(realized_vol_24,10))),0.05,6.0))))),24))",7428df093d79249c,72,placebo,random_noise,0.31950000000000006,False,False,selected_for_strict_replay
a7o_l1_C0306_0969,C0306,969,H15_placebo_null_adversarial,P13_trade_size_volatility,ResidualizeVsFundingCore,H72,cross_symbol_zscore,FundingCore_and_Core4,lag_stable,F10_volatility_compression,number_of_trades;realized_vol_12,liquidity;volatility,"Neg(Decay(ResidualizeVsCore4(ResidualizeVsFundingCore(cross_symbol_zscore(Rank(Delta(ResidualizeVsFundingCore(Mul(Rank(TSMean(realized_vol_12,96)),ZScore(TSMean(number_of_trades,36)))),72))))),36))",c10bbc915a70e342,72,placebo,wrong_lag_stale_24h,0.31950000000000006,False,False,selected_for_strict_replay
a7o_l1_C0306_1066,C0306,1066,H15_placebo_null_adversarial,P13_trade_size_volatility,ResidualizeVsFundingCore,H72,cross_symbol_zscore,FundingCore_and_Core4,lag_stable,F10_volatility_compression,avg_trade_size_quote;realized_vol_12,liquidity;volatility,"Neg(Decay(ResidualizeVsCore4(ResidualizeVsFundingCore(cross_symbol_zscore(Rank(SmoothInteraction(ResidualizeVsFundingCore(Mul(Rank(TSMean(avg_trade_size_quote,84)),ZScore(TSMean(realized_vol_12,30)))),TSStd(avg_trade_size_quote,12)))))),20))",e3ed9576521012f4,72,placebo,row_shuffle,0.31950000000000006,False,False,selected_for_strict_replay
a7o_l1_C0306_1357,C0306,1357,H15_placebo_null_adversarial,P13_trade_size_volatility,ResidualizeVsFundingCore,H72,cross_symbol_zscore,FundingCore_and_Core4,lag_stable,F10_volatility_compression,number_of_trades;realized_vol_24,liquidity;volatility,"Neg(Decay(ResidualizeVsCore4(ResidualizeVsFundingCore(cross_symbol_zscore(Mul(ZScore(TSMean(realized_vol_24,8)),ResidualizeVsFundingCore(Mul(Rank(TSMean(realized_vol_24,48)),ZScore(TSMean(number_of_trades,84)))))))),16))",88d66234651a154d,72,placebo,time_shuffle,0.31950000000000006,False,False,selected_for_strict_replay
a7o_l1_C0306_1454,C0306,1454,H15_placebo_null_adversarial,P13_trade_size_volatility,ResidualizeVsFundingCore,H72,cross_symbol_zscore,FundingCore_and_Core4,lag_stable,F10_volatility_compression,number_of_trades;realized_vol_12,liquidity;volatility,"Neg(Decay(ResidualizeVsCore4(ResidualizeVsFundingCore(cross_symbol_zscore(Mul(SafeDiv(ZScore(TSMean(number_of_trades,24)),Clip(Abs(ZScore(TSMean(realized_vol_12,48))),0.05,3.0)),ResidualizeVsFundingCore(Mul(Rank(TSMean(number_of_trades,36)),ZScore(TSMean(realized_vol_12,72)))))))),12))",b1f8da0eb316743b,72,placebo,wrong_lag_stale_24h,0.31950000000000006,False,False,selected_for_strict_replay
a7o_l1_C0306_1745,C0306,1745,H15_placebo_null_adversarial,P13_trade_size_volatility,ResidualizeVsFundingCore,H72,cross_symbol_zscore,FundingCore_and_Core4,lag_stable,F10_volatility_compression,number_of_trades;realized_vol_24,liquidity;volatility,"Neg(Decay(ResidualizeVsCore4(ResidualizeVsFundingCore(cross_symbol_zscore(SmoothInteraction(ResidualizeVsFundingCore(Mul(Rank(TSMean(number_of_trades,96)),ZScore(TSMean(realized_vol_24,36)))),TSMean(realized_vol_24,10))))),6))",73da70e65338f02f,72,placebo,random_noise,0.31950000000000006,False,False,selected_for_strict_replay
a7o_l1_C0306_1842,C0306,1842,H15_placebo_null_adversarial,P13_trade_size_volatility,ResidualizeVsFundingCore,H72,cross_symbol_zscore,FundingCore_and_Core4,lag_stable,F10_volatility_compression,avg_trade_size_quote;realized_vol_24,liquidity;volatility,"Neg(Decay(ResidualizeVsCore4(ResidualizeVsFundingCore(CrossSymbolRank(Add(ResidualizeVsFundingCore(Mul(Rank(TSMean(realized_vol_24,84)),ZScore(TSMean(avg_trade_size_quote,30)))),TSMean(realized_vol_24,24))))),60))",62f31869b823db77,72,placebo,time_shuffle,0.31950000000000006,False,False,selected_for_strict_replay
a7o_l1_C0306_0949,C0306,949,H15_placebo_null_adversarial,P13_trade_size_volatility,ResidualizeVsFundingCore,H72,cross_symbol_zscore,FundingCore_and_Core4,lag_stable,F10_volatility_compression,avg_trade_size_quote;realized_vol_24,liquidity;volatility,"Neg(Decay(ResidualizeVsCore4(ResidualizeVsFundingCore(cross_symbol_zscore(RegimeMaskNonMay(F5_funding_neutral,Add(ResidualizeVsFundingCore(Mul(Rank(TSMean(avg_trade_size_quote,48)),ZScore(TSMean(realized_vol_24,84)))),ZScore(TSMean(realized_vol_24,60))))))),36))",1a0f603c8393be66,72,placebo,wrong_lag_stale_24h,0.3195,False,False,selected_for_strict_replay
a7o_l1_C0306_0289,C0306,289,H15_placebo_null_adversarial,P13_trade_size_volatility,ResidualizeVsFundingCore,H72,cross_symbol_zscore,FundingCore_and_Core4,lag_stable,F10_volatility_compression,number_of_trades;realized_vol_12,liquidity;volatility,"Neg(Decay(ResidualizeVsCore4(ResidualizeVsFundingCore(cross_symbol_zscore(Add(Abs(ZScore(TSStd(realized_vol_12,72))),ResidualizeVsFundingCore(Mul(Rank(TSMean(realized_vol_12,96)),ZScore(TSMean(number_of_trades,36)))))))),36))",bbbf81c35acb3a98,72,placebo,wrong_lag_stale_24h,0.31850000000000006,False,False,selected_for_strict_replay
a7o_l1_C0306_0386,C0306,386,H15_placebo_null_adversarial,P13_trade_size_volatility,ResidualizeVsFundingCore,H72,cross_symbol_zscore,FundingCore_and_Core4,lag_stable,F10_volatility_compression,avg_trade_size_quote;realized_vol_12,liquidity;volatility,"Neg(Decay(ResidualizeVsCore4(ResidualizeVsFundingCore(cross_symbol_zscore(ZScore(Decay(ResidualizeVsFundingCore(Mul(Rank(TSMean(avg_trade_size_quote,84)),ZScore(TSMean(realized_vol_12,30)))),16))))),24))",47b231fca6a967c7,72,placebo,row_shuffle,0.31850000000000006,False,False,selected_for_strict_replay
a7o_l1_C0306_0677,C0306,677,H15_placebo_null_adversarial,P13_trade_size_volatility,ResidualizeVsFundingCore,H72,cross_symbol_zscore,FundingCore_and_Core4,lag_stable,F10_volatility_compression,number_of_trades;realized_vol_24,liquidity;volatility,"Neg(Decay(ResidualizeVsCore4(ResidualizeVsFundingCore(cross_symbol_zscore(RollingMax(Sub(ResidualizeVsFundingCore(Mul(Rank(TSMean(realized_vol_24,48)),ZScore(TSMean(number_of_trades,84)))),ZScore(TSMean(realized_vol_24,8))),10)))),16))",bb4ff278167713a3,72,placebo,time_shuffle,0.31850000000000006,False,False,selected_for_strict_replay
a7o_l1_C0306_0774,C0306,774,H15_placebo_null_adversarial,P13_trade_size_volatility,ResidualizeVsFundingCore,H72,cross_symbol_zscore,FundingCore_and_Core4,lag_stable,F10_volatility_compression,number_of_trades;realized_vol_12,liquidity;volatility,"Neg(Decay(ResidualizeVsCore4(ResidualizeVsFundingCore(cross_symbol_zscore(Mul(ResidualizeVsFundingCore(Mul(Rank(TSMean(number_of_trades,36)),ZScore(TSMean(realized_vol_12,72)))),Rank(TSStd(number_of_trades,24)))))),16))",f12c7d966dfec880,72,placebo,wrong_lag_stale_24h,0.31850000000000006,False,False,selected_for_strict_replay
a7o_l1_C0307_2036,C0307,2036,H09_trend_reversal_horizon_mix,P6_funding_observable,RollingMaxRank,mixed_6_24,same_symbol_zscore,FundingCore_and_Core4,medium_turnover,F1_high_realized_vol,funding_rate_z_24,funding,"Add(Clip(ResidualizeVsCore4(ResidualizeVsFundingCore(RegimeMaskNonMay(F3_high_liquidity_high_vol,Sub(Rank(RollingMax(funding_rate_z_24,12)),Rank(TSMean(funding_rate_z_24,3)))))),-4.0,4.0),Neg(Rank(Delta(funding_rate_z_24,16))))",4950d001cc77dcd8,12,generated_candidate,original,0.12499999999999999,False,False,selected_for_strict_replay
a7o_l1_C0307_0181,C0307,181,H09_trend_reversal_horizon_mix,P6_funding_observable,RollingMaxRank,mixed_6_24,same_symbol_zscore,FundingCore_and_Core4,medium_turnover,F1_high_realized_vol,funding_rate_persistence_3,funding,"Add(Clip(ResidualizeVsCore4(ResidualizeVsFundingCore(RegimeMaskNonMay(F5_funding_neutral,Add(Rank(RollingMax(funding_rate_persistence_3,20)),ZScore(TSMean(funding_rate_persistence_3,10)))))),-4.0,4.0),Neg(Rank(Delta(funding_rate_persistence_3,10))))",61508dca3f1ed84a,12,generated_candidate,original,0.113,False,False,selected_for_strict_replay
a7o_l1_C0307_0180,C0307,180,H09_trend_reversal_horizon_mix,P6_funding_observable,RollingMaxRank,mixed_6_24,same_symbol_zscore,FundingCore_and_Core4,medium_turnover,F1_high_realized_vol,funding_rate_persistence_3;funding_rate_z_24,funding,"Add(Clip(ResidualizeVsCore4(ResidualizeVsFundingCore(RegimeMaskNonMay(F3_high_liquidity_high_vol,Sub(Rank(RollingMax(funding_rate_persistence_3,3)),Rank(TSMean(funding_rate_persistence_3,4)))))),-4.0,4.0),Neg(Rank(Delta(funding_rate_persistence_3,4))))",b2051209fc5e75fc,6,generated_candidate,original,0.112,False,False,selected_for_strict_replay
a7o_l1_C0307_0373,C0307,373,H09_trend_reversal_horizon_mix,P6_funding_observable,RollingMaxRank,mixed_6_24,same_symbol_zscore,FundingCore_and_Core4,medium_turnover,F1_high_realized_vol,funding_rate_persistence_3;latest_known_funding_rate,funding,"Add(Clip(ResidualizeVsCore4(ResidualizeVsFundingCore(RegimeMaskNonMay(F5_funding_neutral,Add(Rank(RollingMax(latest_known_funding_rate,16)),ZScore(TSMean(funding_rate_persistence_3,60)))))),-4.0,4.0),Neg(Rank(Delta(latest_known_funding_rate,24))))",319c81367d02ba67,48,generated_candidate,original,0.111,False,False,selected_for_strict_replay
a7o_l1_C0307_0372,C0307,372,H09_trend_reversal_horizon_mix,P6_funding_observable,RollingMaxRank,mixed_6_24,same_symbol_zscore,FundingCore_and_Core4,medium_turnover,F1_high_realized_vol,funding_rate_z_24;latest_known_funding_rate,funding,"Add(Clip(ResidualizeVsCore4(ResidualizeVsFundingCore(RegimeMaskNonMay(F3_high_liquidity_high_vol,Sub(Rank(RollingMax(latest_known_funding_rate,16)),Rank(TSMean(latest_known_funding_rate,24)))))),-4.0,4.0),Neg(Rank(Delta(latest_known_funding_rate,10))))",aa79e1fbd6005fd2,24,generated_candidate,original,0.11,False,False,selected_for_strict_replay
a7o_l1_C0307_0565,C0307,565,H09_trend_reversal_horizon_mix,P6_funding_observable,RollingMaxRank,mixed_6_24,same_symbol_zscore,FundingCore_and_Core4,medium_turnover,F1_high_realized_vol,funding_rate_persistence_3;funding_rate_z_24,funding,"Add(Clip(ResidualizeVsCore4(ResidualizeVsFundingCore(RegimeMaskNonMay(F5_funding_neutral,Add(Rank(RollingMax(funding_rate_z_24,3)),ZScore(TSMean(funding_rate_persistence_3,10)))))),-4.0,4.0),Neg(Rank(Delta(funding_rate_z_24,6))))",3f5591f44b08b736,6,generated_candidate,original,0.109,False,False,selected_for_strict_replay
a7o_l1_C0307_0564,C0307,564,H09_trend_reversal_horizon_mix,P6_funding_observable,RollingMaxRank,mixed_6_24,same_symbol_zscore,FundingCore_and_Core4,medium_turnover,F1_high_realized_vol,funding_rate_z_24,funding,"Add(Clip(ResidualizeVsCore4(ResidualizeVsFundingCore(RegimeMaskNonMay(F3_high_liquidity_high_vol,Sub(Rank(RollingMax(funding_rate_z_24,60)),Rank(TSMean(funding_rate_z_24,36)))))),-4.0,4.0),Neg(Rank(Delta(funding_rate_z_24,20))))",fe7e844e5c5e1ad1,72,generated_candidate,original,0.108,False,False,selected_for_strict_replay
a7o_l1_C0307_0757,C0307,757,H09_trend_reversal_horizon_mix,P6_funding_observable,RollingMaxRank,mixed_6_24,same_symbol_zscore,FundingCore_and_Core4,medium_turnover,F1_high_realized_vol,funding_rate_z_24;latest_known_funding_rate,funding,"Add(Clip(ResidualizeVsCore4(ResidualizeVsFundingCore(RegimeMaskNonMay(F5_funding_neutral,Add(Rank(RollingMax(latest_known_funding_rate,48)),ZScore(TSMean(funding_rate_z_24,10)))))),-4.0,4.0),Neg(Rank(Delta(latest_known_funding_rate,16))))",b3e308be9379f2f2,24,generated_candidate,original,0.107,False,False,selected_for_strict_replay
a7o_l1_C0307_0756,C0307,756,H09_trend_reversal_horizon_mix,P6_funding_observable,RollingMaxRank,mixed_6_24,same_symbol_zscore,FundingCore_and_Core4,medium_turnover,F1_high_realized_vol,latest_known_funding_rate,funding,"Add(Clip(ResidualizeVsCore4(ResidualizeVsFundingCore(RegimeMaskNonMay(F3_high_liquidity_high_vol,Sub(Rank(RollingMax(latest_known_funding_rate,3)),Rank(TSMean(latest_known_funding_rate,10)))))),-4.0,4.0),Neg(Rank(Delta(latest_known_funding_rate,4))))",8ef6147d814f5e15,12,generated_candidate,original,0.106,False,False,selected_for_strict_replay
a7o_l1_C0307_0096,C0307,96,H09_trend_reversal_horizon_mix,P6_funding_observable,RollingMaxRank,mixed_6_24,same_symbol_zscore,FundingCore_and_Core4,medium_turnover,F1_high_realized_vol,funding_rate_persistence_3;latest_known_funding_rate,funding,"Add(Clip(ResidualizeVsCore4(ResidualizeVsFundingCore(Mul(Neg(Rank(TSMean(latest_known_funding_rate,4))),Rank(RollingMax(latest_known_funding_rate,16))))),-4.0,4.0),Neg(Rank(Delta(latest_known_funding_rate,20))))",3fa2ea8655bf9dc8,12,generated_candidate,original,0.105,False,False,selected_for_strict_replay
a7o_l1_C0307_0193,C0307,193,H09_trend_reversal_horizon_mix,P6_funding_observable,RollingMaxRank,mixed_6_24,same_symbol_zscore,FundingCore_and_Core4,medium_turnover,F1_high_realized_vol,funding_rate_z_24,funding,"Add(Clip(ResidualizeVsCore4(ResidualizeVsFundingCore(Rank(TSMean(Rank(RollingMax(funding_rate_z_24,16)),36)))),-4.0,4.0),Neg(Rank(Delta(funding_rate_z_24,24))))",cc498b2a6f76ae6e,48,generated_candidate,original,0.105,False,False,selected_for_strict_replay
a7o_l1_C0307_0290,C0307,290,H09_trend_reversal_horizon_mix,P6_funding_observable,RollingMaxRank,mixed_6_24,same_symbol_zscore,FundingCore_and_Core4,medium_turnover,F1_high_realized_vol,funding_rate_persistence_3;latest_known_funding_rate,funding,"Add(Clip(ResidualizeVsCore4(ResidualizeVsFundingCore(Sub(Rank(RollingMax(funding_rate_persistence_3,3)),Abs(ZScore(TSMean(latest_known_funding_rate,10)))))),-4.0,4.0),Neg(Rank(Delta(funding_rate_persistence_3,48))))",02b6f47be63cee06,6,generated_candidate,original,0.105,False,False,selected_for_strict_replay
a7o_l1_C0307_0387,C0307,387,H09_trend_reversal_horizon_mix,P6_funding_observable,RollingMaxRank,mixed_6_24,same_symbol_zscore,FundingCore_and_Core4,medium_turnover,F1_high_realized_vol,funding_rate_persistence_3;funding_rate_z_24,funding,"Add(Clip(ResidualizeVsCore4(ResidualizeVsFundingCore(Clip(Rank(RollingMax(funding_rate_z_24,48)),-4.0,4.0))),-4.0,4.0),Neg(Rank(Delta(funding_rate_z_24,60))))",954b10e5d0fd46ec,24,generated_candidate,original,0.105,False,False,selected_for_strict_replay
a7o_l1_C0307_0484,C0307,484,H09_trend_reversal_horizon_mix,P6_funding_observable,RollingMaxRank,mixed_6_24,same_symbol_zscore,FundingCore_and_Core4,medium_turnover,F1_high_realized_vol,funding_rate_persistence_3;funding_rate_z_24,funding,"Add(Clip(ResidualizeVsCore4(ResidualizeVsFundingCore(SafeDiv(Sub(Rank(RollingMax(funding_rate_z_24,60)),Rank(TSMean(funding_rate_z_24,36))),Clip(Abs(TSRank(funding_rate_persistence_3,72)),0.05,2.25)))),-4.0,4.0),Neg(Rank(Delta(funding_rate_z_24,12))))",63e004d082a3fd34,72,generated_candidate,original,0.105,False,False,selected_for_strict_replay
a7o_l1_C0307_0581,C0307,581,H09_trend_reversal_horizon_mix,P6_funding_observable,RollingMaxRank,mixed_6_24,same_symbol_zscore,FundingCore_and_Core4,medium_turnover,F1_high_realized_vol,funding_rate_persistence_3;funding_rate_z_24,funding,"Add(Clip(ResidualizeVsCore4(ResidualizeVsFundingCore(Add(Rank(RollingMax(funding_rate_persistence_3,24)),ZScore(TSMean(funding_rate_z_24,12))))),-4.0,4.0),Neg(Rank(Delta(funding_rate_persistence_3,10))))",98298f64c59987c1,12,generated_candidate,original,0.105,False,False,selected_for_strict_replay
a7o_l1_C0307_0678,C0307,678,H09_trend_reversal_horizon_mix,P6_funding_observable,RollingMaxRank,mixed_6_24,same_symbol_zscore,FundingCore_and_Core4,medium_turnover,F1_high_realized_vol,funding_rate_z_24;latest_known_funding_rate,funding,"Add(Clip(ResidualizeVsCore4(ResidualizeVsFundingCore(RollingMin(Add(Rank(RollingMax(funding_rate_z_24,24)),Rank(TSMean(latest_known_funding_rate,12))),60))),-4.0,4.0),Neg(Rank(Delta(funding_rate_z_24,30))))",0bde65a825377582,48,generated_candidate,original,0.105,False,False,selected_for_strict_replay
a7o_l1_C0307_0775,C0307,775,H09_trend_reversal_horizon_mix,P6_funding_observable,RollingMaxRank,mixed_6_24,same_symbol_zscore,FundingCore_and_Core4,medium_turnover,F1_high_realized_vol,funding_rate_persistence_3,funding,"Add(Clip(ResidualizeVsCore4(ResidualizeVsFundingCore(SafeDiv(Rank(RollingMax(funding_rate_persistence_3,3)),Clip(Abs(ZScore(TSStd(funding_rate_persistence_3,10))),0.05,6.0)))),-4.0,4.0),Neg(Rank(Delta(funding_rate_persistence_3,24))))",1536d44cd780716d,6,generated_candidate,original,0.105,False,False,selected_for_strict_replay
a7o_l1_C0307_0872,C0307,872,H09_trend_reversal_horizon_mix,P6_funding_observable,RollingMaxRank,mixed_6_24,same_symbol_zscore,FundingCore_and_Core4,medium_turnover,F1_high_realized_vol,funding_rate_persistence_3,funding,"Add(Clip(ResidualizeVsCore4(ResidualizeVsFundingCore(TSRank(Sub(TSMean(Rank(RollingMax(funding_rate_persistence_3,16)),24),TSMean(funding_rate_persistence_3,30)),36))),-4.0,4.0),Neg(Rank(Delta(funding_rate_persistence_3,8))))",4eb87bf4e21689df,24,generated_candidate,original,0.105,False,False,selected_for_strict_replay
a7o_l1_C0307_0949,C0307,949,H09_trend_reversal_horizon_mix,P6_funding_observable,RollingMaxRank,mixed_6_24,same_symbol_zscore,FundingCore_and_Core4,medium_turnover,F1_high_realized_vol,funding_rate_z_24,funding,"Add(Clip(ResidualizeVsCore4(ResidualizeVsFundingCore(RegimeMaskNonMay(F5_funding_neutral,Add(Rank(RollingMax(funding_rate_z_24,48)),ZScore(TSMean(funding_rate_z_24,60)))))),-4.0,4.0),Neg(Rank(Delta(funding_rate_z_24,36))))",77d95dfdc7d674f7,72,generated_candidate,original,0.105,False,False,selected_for_strict_replay
a7o_l1_C0307_0969,C0307,969,H09_trend_reversal_horizon_mix,P6_funding_observable,RollingMaxRank,mixed_6_24,same_symbol_zscore,FundingCore_and_Core4,medium_turnover,F1_high_realized_vol,funding_rate_z_24,funding,"Add(Clip(ResidualizeVsCore4(ResidualizeVsFundingCore(Rank(Delta(Rank(RollingMax(funding_rate_z_24,96)),72)))),-4.0,4.0),Neg(Rank(Delta(funding_rate_z_24,36))))",faa605197186b0f6,72,generated_candidate,original,0.105,False,False,selected_for_strict_replay
a7o_l1_C0307_1066,C0307,1066,H09_trend_reversal_horizon_mix,P6_funding_observable,RollingMaxRank,mixed_6_24,same_symbol_zscore,FundingCore_and_Core4,medium_turnover,F1_high_realized_vol,funding_rate_persistence_3;latest_known_funding_rate,funding,"Add(Clip(ResidualizeVsCore4(ResidualizeVsFundingCore(Rank(SmoothInteraction(Rank(RollingMax(funding_rate_persistence_3,4)),TSStd(funding_rate_persistence_3,12))))),-4.0,4.0),Neg(Rank(Delta(funding_rate_persistence_3,20))))",0d1ac7bba1d045cb,12,generated_candidate,original,0.105,False,False,selected_for_strict_replay
a7o_l1_C0307_1163,C0307,1163,H09_trend_reversal_horizon_mix,P6_funding_observable,RollingMaxRank,mixed_6_24,same_symbol_zscore,FundingCore_and_Core4,medium_turnover,F1_high_realized_vol,funding_rate_persistence_3;latest_known_funding_rate,funding,"Add(Clip(ResidualizeVsCore4(ResidualizeVsFundingCore(WinsorZScore(Rank(RollingMax(latest_known_funding_rate,36)),3.0))),-4.0,4.0),Neg(Rank(Delta(latest_known_funding_rate,60))))",8eee6b9fdff2f388,48,generated_candidate,original,0.105,False,False,selected_for_strict_replay
a7o_l1_C0307_1260,C0307,1260,H09_trend_reversal_horizon_mix,P6_funding_observable,RollingMaxRank,mixed_6_24,same_symbol_zscore,FundingCore_and_Core4,medium_turnover,F1_high_realized_vol,funding_rate_persistence_3;funding_rate_z_24,funding,"Add(Clip(ResidualizeVsCore4(ResidualizeVsFundingCore(Sub(WinsorZScore(TSMean(funding_rate_persistence_3,4),1.25),WinsorZScore(TSMean(funding_rate_z_24,10),1.25)))),-4.0,4.0),Neg(Rank(Delta(funding_rate_persistence_3,4))))",061dc11c0ab8bf43,6,generated_candidate,original,0.105,False,False,selected_for_strict_replay
a7o_l1_C0307_1357,C0307,1357,H09_trend_reversal_horizon_mix,P6_funding_observable,RollingMaxRank,mixed_6_24,same_symbol_zscore,FundingCore_and_Core4,medium_turnover,F1_high_realized_vol,funding_rate_persistence_3;funding_rate_z_24,funding,"Add(Clip(ResidualizeVsCore4(ResidualizeVsFundingCore(Mul(ZScore(TSMean(funding_rate_persistence_3,8)),Rank(RollingMax(funding_rate_persistence_3,48))))),-4.0,4.0),Neg(Rank(Delta(funding_rate_persistence_3,16))))",8458d7afc4666858,24,generated_candidate,original,0.105,False,False,selected_for_strict_replay
a7o_l1_C0308_0581,C0308,581,H03_basis_premium_residual,P15_open_ast_diverse,TSMeanRank,mixed_12_48,cross_symbol_rank,FundingCore,lag_stable,F3_high_liquidity_high_vol,abs_ret_1;quote_volume_mean_24,liquidity;volatility,"ResidualizeVsFundingCore(Decay(ResidualizeVsFundingCore(cross_symbol_rank(Add(Rank(TSMean(abs_ret_1,24)),ZScore(TSMean(quote_volume_mean_24,12))))),10))",f8a2e0ba05529c5e,12,generated_candidate,original,0.32510000000000006,False,False,selected_for_strict_replay
a7o_l1_C0308_1066,C0308,1066,H03_basis_premium_residual,P15_open_ast_diverse,TSMeanRank,mixed_12_48,cross_symbol_rank,FundingCore,lag_stable,F3_high_liquidity_high_vol,hl_range;quote_asset_volume,liquidity;volatility,"ResidualizeVsFundingCore(Decay(ResidualizeVsFundingCore(cross_symbol_rank(Rank(SmoothInteraction(Rank(TSMean(quote_asset_volume,4)),TSStd(quote_asset_volume,12))))),20))",60d9965802105965,12,generated_candidate,original,0.32510000000000006,False,False,selected_for_strict_replay
a7o_l1_C0308_1357,C0308,1357,H03_basis_premium_residual,P15_open_ast_diverse,TSMeanRank,mixed_12_48,cross_symbol_rank,FundingCore,lag_stable,F3_high_liquidity_high_vol,quote_volume_mean_6;realized_vol_12,liquidity;volatility,"ResidualizeVsFundingCore(Decay(ResidualizeVsFundingCore(cross_symbol_rank(Mul(ZScore(TSMean(realized_vol_12,8)),Rank(TSMean(realized_vol_12,48))))),16))",6ed08acd59c18276,24,generated_candidate,original,0.32510000000000006,False,False,selected_for_strict_replay
a7o_l1_C0308_0289,C0308,289,H03_basis_premium_residual,P15_open_ast_diverse,TSMeanRank,mixed_12_48,cross_symbol_rank,FundingCore,lag_stable,F3_high_liquidity_high_vol,abs_ret_1;quote_volume_mean_6,liquidity;volatility,"ResidualizeVsFundingCore(Decay(ResidualizeVsFundingCore(cross_symbol_rank(Add(Abs(ZScore(TSStd(quote_volume_mean_6,72))),Rank(TSMean(quote_volume_mean_6,96))))),36))",617e6a273a8e9dd7,72,generated_candidate,original,0.32410000000000005,False,False,selected_for_strict_replay
a7o_l1_C0308_0580,C0308,580,H03_basis_premium_residual,P15_open_ast_diverse,TSMeanRank,mixed_12_48,cross_symbol_rank,FundingCore,lag_stable,F3_high_liquidity_high_vol,abs_ret_1;quote_volume_mean_12,liquidity;volatility,"ResidualizeVsFundingCore(Decay(ResidualizeVsFundingCore(cross_symbol_rank(Sub(Rank(TSMean(abs_ret_1,3)),Rank(TSMean(abs_ret_1,10))))),6))",734c2476c8d970f8,6,generated_candidate,original,0.32410000000000005,False,False,selected_for_strict_replay
a7o_l1_C0308_1065,C0308,1065,H03_basis_premium_residual,P15_open_ast_diverse,TSMeanRank,mixed_12_48,cross_symbol_rank,FundingCore,lag_stable,F3_high_liquidity_high_vol,quote_asset_volume;realized_vol_24,liquidity;volatility,"ResidualizeVsFundingCore(Decay(ResidualizeVsFundingCore(cross_symbol_rank(ZScore(HorizonSpread(realized_vol_24,4,10)))),6))",8f6774d6a52ce198,6,generated_candidate,original,0.32410000000000005,False,False,selected_for_strict_replay
a7o_l1_C0308_1356,C0308,1356,H03_basis_premium_residual,P15_open_ast_diverse,TSMeanRank,mixed_12_48,cross_symbol_rank,FundingCore,lag_stable,F3_high_liquidity_high_vol,avg_trade_size_quote;realized_vol_12,liquidity;volatility,"ResidualizeVsFundingCore(Decay(ResidualizeVsFundingCore(cross_symbol_rank(Neg(Clip(Rank(TSMean(realized_vol_12,16)),-1.5,1.5)))),20))",cd5ce18916667b9c,12,generated_candidate,original,0.32410000000000005,False,False,selected_for_strict_replay
a7o_l1_C0308_0288,C0308,288,H03_basis_premium_residual,P15_open_ast_diverse,TSMeanRank,mixed_12_48,cross_symbol_rank,FundingCore,lag_stable,F3_high_liquidity_high_vol,hl_range;quote_volume_mean_6,liquidity;volatility,"ResidualizeVsFundingCore(Decay(ResidualizeVsFundingCore(cross_symbol_rank(Mul(Neg(Rank(TSMean(quote_volume_mean_6,30))),Rank(TSMean(quote_volume_mean_6,12))))),4))",0e9a813b35a188a3,48,generated_candidate,original,0.32310000000000005,False,False,selected_for_strict_replay
a7o_l1_C0308_0579,C0308,579,H03_basis_premium_residual,P15_open_ast_diverse,TSMeanRank,mixed_12_48,cross_symbol_rank,FundingCore,lag_stable,F3_high_liquidity_high_vol,abs_ret_1;quote_volume_mean_6,liquidity;volatility,"ResidualizeVsFundingCore(Decay(ResidualizeVsFundingCore(cross_symbol_rank(Clip(Rank(TSMean(abs_ret_1,72)),-1.5,1.5))),60))",0d552fe134b8ba82,72,generated_candidate,original,0.32310000000000005,False,False,selected_for_strict_replay
a7o_l1_C0308_1064,C0308,1064,H03_basis_premium_residual,P15_open_ast_diverse,TSMeanRank,mixed_12_48,cross_symbol_rank,FundingCore,lag_stable,F3_high_liquidity_high_vol,quote_asset_volume;realized_vol_12,liquidity;volatility,"ResidualizeVsFundingCore(Decay(ResidualizeVsFundingCore(cross_symbol_rank(TSRank(Sub(TSMean(Rank(TSMean(quote_asset_volume,24)),84),TSMean(quote_asset_volume,30)),60))),16))",fd28ab131aa84c9e,72,generated_candidate,original,0.32310000000000005,False,False,selected_for_strict_replay
a7o_l1_C0308_1355,C0308,1355,H03_basis_premium_residual,P15_open_ast_diverse,TSMeanRank,mixed_12_48,cross_symbol_rank,FundingCore,lag_stable,F3_high_liquidity_high_vol,number_of_trades;realized_vol_12,liquidity;volatility,"ResidualizeVsFundingCore(Decay(ResidualizeVsFundingCore(cross_symbol_rank(WinsorZScore(Rank(TSMean(realized_vol_12,3)),1.5))),60))",f1d987258ff79af8,6,generated_candidate,original,0.32310000000000005,False,False,selected_for_strict_replay
a7o_l1_C0308_0287,C0308,287,H03_basis_premium_residual,P15_open_ast_diverse,TSMeanRank,mixed_12_48,cross_symbol_rank,FundingCore,lag_stable,F3_high_liquidity_high_vol,quote_volume_mean_6;realized_vol_24,liquidity;volatility,"ResidualizeVsFundingCore(Decay(ResidualizeVsFundingCore(cross_symbol_rank(ZScore(Sub(TSMean(Rank(TSMean(quote_volume_mean_6,48)),8),Decay(realized_vol_24,10))))),24))",98ed02bcf4a275b2,24,generated_candidate,original,0.32210000000000005,False,False,selected_for_strict_replay
a7o_l1_C0308_0578,C0308,578,H03_basis_premium_residual,P15_open_ast_diverse,TSMeanRank,mixed_12_48,cross_symbol_rank,FundingCore,lag_stable,F3_high_liquidity_high_vol,abs_ret_1;avg_trade_size_quote,liquidity;volatility,"ResidualizeVsFundingCore(Decay(ResidualizeVsFundingCore(cross_symbol_rank(ZScore(Decay(Rank(TSMean(abs_ret_1,36)),12)))),48))",02d8ddad3d3f5364,48,generated_candidate,original,0.32210000000000005,False,False,selected_for_strict_replay
a7o_l1_C0308_1063,C0308,1063,H03_basis_premium_residual,P15_open_ast_diverse,TSMeanRank,mixed_12_48,cross_symbol_rank,FundingCore,lag_stable,F3_high_liquidity_high_vol,quote_asset_volume;realized_vol_6,liquidity;volatility,"ResidualizeVsFundingCore(Decay(ResidualizeVsFundingCore(cross_symbol_rank(Decay(Mul(Rank(TSMean(quote_asset_volume,60)),ZScore(TSStd(quote_asset_volume,20))),30))),24))",02420118321fb900,48,generated_candidate,original,0.32210000000000005,False,False,selected_for_strict_replay
a7o_l1_C0308_1354,C0308,1354,H03_basis_premium_residual,P15_open_ast_diverse,TSMeanRank,mixed_12_48,cross_symbol_rank,FundingCore,lag_stable,F3_high_liquidity_high_vol,quote_asset_volume;realized_vol_12,liquidity;volatility,"ResidualizeVsFundingCore(Decay(ResidualizeVsFundingCore(cross_symbol_rank(ZScore(TSRank(Rank(TSMean(realized_vol_12,84)),60)))),20))",532965719b126aef,72,generated_candidate,original,0.32210000000000005,False,False,selected_for_strict_replay
a7o_l1_C0308_0286,C0308,286,H03_basis_premium_residual,P15_open_ast_diverse,TSMeanRank,mixed_12_48,cross_symbol_rank,FundingCore,lag_stable,F3_high_liquidity_high_vol,quote_volume_mean_6;realized_vol_12,liquidity;volatility,"ResidualizeVsFundingCore(Decay(ResidualizeVsFundingCore(cross_symbol_rank(Rank(Add(Delta(quote_volume_mean_6,24),TSMean(Rank(TSMean(quote_volume_mean_6,10)),4))))),36))",66a9110e5aa9130b,12,generated_candidate,original,0.32110000000000005,False,False,selected_for_strict_replay
a7o_l1_C0308_0577,C0308,577,H03_basis_premium_residual,P15_open_ast_diverse,TSMeanRank,mixed_12_48,cross_symbol_rank,FundingCore,lag_stable,F3_high_liquidity_high_vol,abs_ret_1;number_of_trades,liquidity;volatility,"ResidualizeVsFundingCore(Decay(ResidualizeVsFundingCore(cross_symbol_rank(Rank(TSMean(Rank(TSMean(abs_ret_1,48)),8)))),16))",d9789021a6159309,24,generated_candidate,original,0.32110000000000005,False,False,selected_for_strict_replay
a7o_l1_C0308_1935,C0308,1935,H03_basis_premium_residual,P15_open_ast_diverse,TSMeanRank,mixed_12_48,cross_symbol_rank,FundingCore,lag_stable,F3_high_liquidity_high_vol,abs_ret_1;quote_asset_volume,liquidity;volatility,"ResidualizeVsFundingCore(Decay(ResidualizeVsFundingCore(cross_symbol_rank(Abs(Sub(Rank(TSMean(quote_asset_volume,3)),ZScore(TSMean(quote_asset_volume,4)))))),24))",c3fe3b9aff8d1d03,6,generated_candidate,original,0.32110000000000005,False,False,selected_for_strict_replay
a7o_l1_C0308_0285,C0308,285,H03_basis_premium_residual,P15_open_ast_diverse,TSMeanRank,mixed_12_48,cross_symbol_rank,FundingCore,lag_stable,F3_high_liquidity_high_vol,quote_volume_mean_6;realized_vol_6,liquidity;volatility,"ResidualizeVsFundingCore(Decay(ResidualizeVsFundingCore(cross_symbol_rank(SmoothInteraction(TSMean(quote_volume_mean_6,4),Sub(Rank(TSMean(quote_volume_mean_6,3)),TSMean(realized_vol_6,10))))),6))",2564602ac080643c,6,generated_candidate,original,0.32010000000000005,False,False,selected_for_strict_replay
a7o_l1_C0308_0576,C0308,576,H03_basis_premium_residual,P15_open_ast_diverse,TSMeanRank,mixed_12_48,cross_symbol_rank,FundingCore,lag_stable,F3_high_liquidity_high_vol,abs_ret_1;quote_asset_volume,liquidity;volatility,"ResidualizeVsFundingCore(Decay(ResidualizeVsFundingCore(cross_symbol_rank(TSMean(Rank(TSMean(abs_ret_1,3)),10))),4))",862de7f6dca596af,12,generated_candidate,original,0.32010000000000005,False,False,selected_for_strict_replay
a7o_l1_C0308_1449,C0308,1449,H03_basis_premium_residual,P15_open_ast_diverse,TSMeanRank,mixed_12_48,cross_symbol_rank,FundingCore,lag_stable,F3_high_liquidity_high_vol,abs_ret_1;quote_volume_mean_24,liquidity;volatility,"ResidualizeVsFundingCore(Decay(ResidualizeVsFundingCore(cross_symbol_rank(ZScore(HorizonSpread(quote_volume_mean_24,72,24)))),36))",ba8ac90ffedf0f50,72,generated_candidate,original,0.32010000000000005,False,False,selected_for_strict_replay
a7o_l1_C0308_1934,C0308,1934,H03_basis_premium_residual,P15_open_ast_diverse,TSMeanRank,mixed_12_48,cross_symbol_rank,FundingCore,lag_stable,F3_high_liquidity_high_vol,hl_range;quote_asset_volume,liquidity;volatility,"ResidualizeVsFundingCore(Decay(ResidualizeVsFundingCore(cross_symbol_rank(Mul(Rank(TSMean(hl_range,48)),Rank(TSMean(quote_asset_volume,36))))),24))",d1d0a1c6bd82b4dc,72,generated_candidate,original,0.32010000000000005,False,False,selected_for_strict_replay
a7o_l1_C0308_1157,C0308,1157,H03_basis_premium_residual,P15_open_ast_diverse,TSMeanRank,mixed_12_48,cross_symbol_rank,FundingCore,lag_stable,F3_high_liquidity_high_vol,abs_ret_1;quote_volume_mean_6,liquidity;volatility,"ResidualizeVsFundingCore(Decay(ResidualizeVsFundingCore(cross_symbol_rank(Add(Rank(TSMean(quote_volume_mean_6,48)),ZScore(TSMean(abs_ret_1,10))))),16))",8770e6b6c0c696be,24,generated_candidate,original,0.31910000000000005,False,False,selected_for_strict_replay
a7o_l1_C0308_1448,C0308,1448,H03_basis_premium_residual,P15_open_ast_diverse,TSMeanRank,mixed_12_48,cross_symbol_rank,FundingCore,lag_stable,F3_high_liquidity_high_vol,abs_ret_1;quote_volume_mean_12,liquidity;volatility,"ResidualizeVsFundingCore(Decay(ResidualizeVsFundingCore(cross_symbol_rank(TSRank(Sub(TSMean(Rank(TSMean(abs_ret_1,20)),48),TSMean(abs_ret_1,72)),16))),8))",b0b86e8dbcfedaa6,48,generated_candidate,original,0.31910000000000005,False,False,selected_for_strict_replay
a7o_l1_C0309_2036,C0309,2036,H00_low_turnover_robust,P0_price_return,ResidualizeVsFundingCore,spread_12_vs_48,same_symbol_rank,Core4,lag_stable,F9_liquidity_shock,ret_12;ret_3,price,"TSMean(Clip(Decay(ResidualizeVsCore4(RegimeMaskNonMay(F3_high_liquidity_high_vol,Sub(ResidualizeVsFundingCore(Mul(Rank(TSMean(ret_3,12)),ZScore(TSMean(ret_12,20)))),Rank(TSMean(ret_3,3))))),16),-3.0,3.0),24)",5b52814a75391ee3,12,generated_candidate,original,0.21680000000000002,False,False,selected_for_strict_replay
a7o_l1_C0309_0181,C0309,181,H00_low_turnover_robust,P0_price_return,ResidualizeVsFundingCore,spread_12_vs_48,same_symbol_rank,Core4,lag_stable,F9_liquidity_shock,ret_24;ret_3,price,"TSMean(Clip(Decay(ResidualizeVsCore4(RegimeMaskNonMay(F5_funding_neutral,Add(ResidualizeVsFundingCore(Mul(Rank(TSMean(ret_3,20)),ZScore(TSMean(ret_24,3)))),ZScore(TSMean(ret_24,10))))),10),-3.0,3.0),12)",0f32397bda5a2f9f,12,generated_candidate,original,0.2048,False,False,selected_for_strict_replay
a7o_l1_C0309_0180,C0309,180,H00_low_turnover_robust,P0_price_return,ResidualizeVsFundingCore,spread_12_vs_48,same_symbol_rank,Core4,lag_stable,F9_liquidity_shock,ret_12;ret_3,price,"TSMean(Clip(Decay(ResidualizeVsCore4(RegimeMaskNonMay(F3_high_liquidity_high_vol,Sub(ResidualizeVsFundingCore(Mul(Rank(TSMean(ret_3,3)),ZScore(TSMean(ret_12,8)))),Rank(TSMean(ret_3,4))))),4),-3.0,3.0),8)",5e4bde640643f4e6,6,generated_candidate,original,0.2038,False,False,selected_for_strict_replay
a7o_l1_C0309_0373,C0309,373,H00_low_turnover_robust,P0_price_return,ResidualizeVsFundingCore,spread_12_vs_48,same_symbol_rank,Core4,lag_stable,F9_liquidity_shock,ret_24;ret_3,price,"TSMean(Clip(Decay(ResidualizeVsCore4(RegimeMaskNonMay(F5_funding_neutral,Add(ResidualizeVsFundingCore(Mul(Rank(TSMean(ret_3,16)),ZScore(TSMean(ret_24,24)))),ZScore(TSMean(ret_24,60))))),24),-3.0,3.0),30)",0b1b1ab5f1ef1463,48,generated_candidate,original,0.2028,False,False,selected_for_strict_replay
a7o_l1_C0309_0372,C0309,372,H00_low_turnover_robust,P0_price_return,ResidualizeVsFundingCore,spread_12_vs_48,same_symbol_rank,Core4,lag_stable,F9_liquidity_shock,ret_12;ret_3,price,"TSMean(Clip(Decay(ResidualizeVsCore4(RegimeMaskNonMay(F3_high_liquidity_high_vol,Sub(ResidualizeVsFundingCore(Mul(Rank(TSMean(ret_3,16)),ZScore(TSMean(ret_12,20)))),Rank(TSMean(ret_3,24))))),10),-3.0,3.0),16)",2b98889f24987a3d,24,generated_candidate,original,0.2018,False,False,selected_for_strict_replay
a7o_l1_C0309_0565,C0309,565,H00_low_turnover_robust,P0_price_return,ResidualizeVsFundingCore,spread_12_vs_48,same_symbol_rank,Core4,lag_stable,F9_liquidity_shock,ret_24;ret_3,price,"TSMean(Clip(Decay(ResidualizeVsCore4(RegimeMaskNonMay(F5_funding_neutral,Add(ResidualizeVsFundingCore(Mul(Rank(TSMean(ret_3,3)),ZScore(TSMean(ret_24,8)))),ZScore(TSMean(ret_24,10))))),6),-3.0,3.0),8)",791e342aaca736c0,6,generated_candidate,original,0.2008,False,False,selected_for_strict_replay
a7o_l1_C0309_0564,C0309,564,H00_low_turnover_robust,P0_price_return,ResidualizeVsFundingCore,spread_12_vs_48,same_symbol_rank,Core4,lag_stable,F9_liquidity_shock,ret_12;ret_3,price,"TSMean(Clip(Decay(ResidualizeVsCore4(RegimeMaskNonMay(F3_high_liquidity_high_vol,Sub(ResidualizeVsFundingCore(Mul(Rank(TSMean(ret_3,60)),ZScore(TSMean(ret_12,96)))),Rank(TSMean(ret_3,36))))),20),-3.0,3.0),3)",8a064c4a5ebace5d,72,generated_candidate,original,0.1998,False,False,selected_for_strict_replay
a7o_l1_C0309_0757,C0309,757,H00_low_turnover_robust,P0_price_return,ResidualizeVsFundingCore,spread_12_vs_48,same_symbol_rank,Core4,lag_stable,F9_liquidity_shock,ret_24;ret_3,price,"TSMean(Clip(Decay(ResidualizeVsCore4(RegimeMaskNonMay(F5_funding_neutral,Add(ResidualizeVsFundingCore(Mul(Rank(TSMean(ret_3,48)),ZScore(TSMean(ret_24,6)))),ZScore(TSMean(ret_24,10))))),16),-3.0,3.0),20)",f264810bfc0bd57e,24,generated_candidate,original,0.1988,False,False,selected_for_strict_replay
a7o_l1_C0309_0756,C0309,756,H00_low_turnover_robust,P0_price_return,ResidualizeVsFundingCore,spread_12_vs_48,same_symbol_rank,Core4,lag_stable,F9_liquidity_shock,ret_12;ret_3,price,"TSMean(Clip(Decay(ResidualizeVsCore4(RegimeMaskNonMay(F3_high_liquidity_high_vol,Sub(ResidualizeVsFundingCore(Mul(Rank(TSMean(ret_3,3)),ZScore(TSMean(ret_12,6)))),Rank(TSMean(ret_3,10))))),4),-3.0,3.0),8)",7b71283bfb2d7047,12,generated_candidate,original,0.1978,False,False,selected_for_strict_replay
a7o_l1_C0309_0096,C0309,96,H00_low_turnover_robust,P0_price_return,ResidualizeVsFundingCore,spread_12_vs_48,same_symbol_rank,Core4,lag_stable,F9_liquidity_shock,ret_12;ret_3,price,"TSMean(Clip(Decay(ResidualizeVsCore4(Mul(Neg(Rank(TSMean(ret_12,4))),ResidualizeVsFundingCore(Mul(Rank(TSMean(ret_12,16)),ZScore(TSMean(ret_3,24)))))),20),-3.0,3.0),3)",fd2c66dfd856b86c,12,generated_candidate,original,0.1968,False,False,selected_for_strict_replay
a7o_l1_C0309_0193,C0309,193,H00_low_turnover_robust,P0_price_return,ResidualizeVsFundingCore,spread_12_vs_48,same_symbol_rank,Core4,lag_stable,F9_liquidity_shock,ret_3;ret_6,price,"TSMean(Clip(Decay(ResidualizeVsCore4(Rank(TSMean(ResidualizeVsFundingCore(Mul(Rank(TSMean(ret_3,16)),ZScore(TSMean(ret_6,24)))),36))),24),-3.0,3.0),30)",a0f74d5cb18d4490,48,generated_candidate,original,0.1968,False,False,selected_for_strict_replay
a7o_l1_C0309_0290,C0309,290,H00_low_turnover_robust,P0_price_return,ResidualizeVsFundingCore,spread_12_vs_48,same_symbol_rank,Core4,lag_stable,F9_liquidity_shock,ret_12,price,"TSMean(Clip(Decay(ResidualizeVsCore4(Sub(ResidualizeVsFundingCore(Mul(Rank(TSMean(ret_12,3)),ZScore(TSMean(ret_12,8)))),Abs(ZScore(TSMean(ret_12,10))))),48),-3.0,3.0),72)",4241c05c63eaafdd,6,generated_candidate,original,0.1968,False,False,selected_for_strict_replay
a7o_l1_C0309_0387,C0309,387,H00_low_turnover_robust,P0_price_return,ResidualizeVsFundingCore,spread_12_vs_48,same_symbol_rank,Core4,lag_stable,F9_liquidity_shock,ret_24;ret_3,price,"TSMean(Clip(Decay(ResidualizeVsCore4(Clip(ResidualizeVsFundingCore(Mul(Rank(TSMean(ret_3,48)),ZScore(TSMean(ret_24,6)))),-4.0,4.0)),60),-3.0,3.0),96)",a38e5430becff18a,24,generated_candidate,original,0.1968,False,False,selected_for_strict_replay
a7o_l1_C0309_0484,C0309,484,H00_low_turnover_robust,P0_price_return,ResidualizeVsFundingCore,spread_12_vs_48,same_symbol_rank,Core4,lag_stable,F9_liquidity_shock,ret_24;ret_3,price,"TSMean(Clip(Decay(ResidualizeVsCore4(SafeDiv(Sub(ResidualizeVsFundingCore(Mul(Rank(TSMean(ret_24,60)),ZScore(TSMean(ret_3,96)))),Rank(TSMean(ret_24,36))),Clip(Abs(TSRank(ret_3,72)),0.05,2.25))),12),-3.0,3.0),20)",38436c46654c0184,72,generated_candidate,original,0.1968,False,False,selected_for_strict_replay
a7o_l1_C0309_0581,C0309,581,H00_low_turnover_robust,P0_price_return,ResidualizeVsFundingCore,spread_12_vs_48,same_symbol_rank,Core4,lag_stable,F9_liquidity_shock,ret_6,price,"TSMean(Clip(Decay(ResidualizeVsCore4(Add(ResidualizeVsFundingCore(Mul(Rank(TSMean(ret_6,24)),ZScore(TSMean(ret_6,4)))),ZScore(TSMean(ret_6,12)))),10),-3.0,3.0),12)",02ceffc74a97ecba,12,generated_candidate,original,0.1968,False,False,selected_for_strict_replay
a7o_l1_C0309_0678,C0309,678,H00_low_turnover_robust,P0_price_return,ResidualizeVsFundingCore,spread_12_vs_48,same_symbol_rank,Core4,lag_stable,F9_liquidity_shock,ret_12;ret_24,price,"TSMean(Clip(Decay(ResidualizeVsCore4(RollingMin(Add(ResidualizeVsFundingCore(Mul(Rank(TSMean(ret_24,24)),ZScore(TSMean(ret_12,36)))),Rank(TSMean(ret_12,12))),60)),30),-3.0,3.0),48)",6c5a0284f039cef0,48,generated_candidate,original,0.1968,False,False,selected_for_strict_replay
a7o_l1_C0309_0775,C0309,775,H00_low_turnover_robust,P0_price_return,ResidualizeVsFundingCore,spread_12_vs_48,same_symbol_rank,Core4,lag_stable,F9_liquidity_shock,ret_24;ret_6,price,"TSMean(Clip(Decay(ResidualizeVsCore4(SafeDiv(ResidualizeVsFundingCore(Mul(Rank(TSMean(ret_6,3)),ZScore(TSMean(ret_24,8)))),Clip(Abs(ZScore(TSStd(ret_24,10))),0.05,6.0))),24),-3.0,3.0),48)",2e9357d9ebbe226c,6,generated_candidate,original,0.1968,False,False,selected_for_strict_replay
a7o_l1_C0309_0872,C0309,872,H00_low_turnover_robust,P0_price_return,ResidualizeVsFundingCore,spread_12_vs_48,same_symbol_rank,Core4,lag_stable,F9_liquidity_shock,ret_3,price,"TSMean(Clip(Decay(ResidualizeVsCore4(TSRank(Sub(TSMean(ResidualizeVsFundingCore(Mul(Rank(TSMean(ret_3,16)),ZScore(TSMean(ret_3,20)))),24),TSMean(ret_3,30)),36)),8),-3.0,3.0),12)",8096313936ccdbfd,24,generated_candidate,original,0.1968,False,False,selected_for_strict_replay
a7o_l1_C0309_0949,C0309,949,H00_low_turnover_robust,P0_price_return,ResidualizeVsFundingCore,spread_12_vs_48,same_symbol_rank,Core4,lag_stable,F9_liquidity_shock,ret_24;ret_3,price,"TSMean(Clip(Decay(ResidualizeVsCore4(RegimeMaskNonMay(F5_funding_neutral,Add(ResidualizeVsFundingCore(Mul(Rank(TSMean(ret_3,48)),ZScore(TSMean(ret_24,84)))),ZScore(TSMean(ret_24,60))))),36),-3.0,3.0),48)",48df382dc4773866,72,generated_candidate,original,0.1968,False,False,selected_for_strict_replay
a7o_l1_C0309_0969,C0309,969,H00_low_turnover_robust,P0_price_return,ResidualizeVsFundingCore,spread_12_vs_48,same_symbol_rank,Core4,lag_stable,F9_liquidity_shock,ret_12;ret_6,price,"TSMean(Clip(Decay(ResidualizeVsCore4(Rank(Delta(ResidualizeVsFundingCore(Mul(Rank(TSMean(ret_12,96)),ZScore(TSMean(ret_6,36)))),72))),36),-3.0,3.0),48)",f58383bb49189239,72,generated_candidate,original,0.1968,False,False,selected_for_strict_replay
a7o_l1_C0309_1066,C0309,1066,H00_low_turnover_robust,P0_price_return,ResidualizeVsFundingCore,spread_12_vs_48,same_symbol_rank,Core4,lag_stable,F9_liquidity_shock,ret_12;ret_3,price,"TSMean(Clip(Decay(ResidualizeVsCore4(Rank(SmoothInteraction(ResidualizeVsFundingCore(Mul(Rank(TSMean(ret_3,4)),ZScore(TSMean(ret_12,8)))),TSStd(ret_3,12)))),20),-3.0,3.0),30)",020f0fe3d51f8a4c,12,generated_candidate,original,0.1968,False,False,selected_for_strict_replay
a7o_l1_C0309_1163,C0309,1163,H00_low_turnover_robust,P0_price_return,ResidualizeVsFundingCore,spread_12_vs_48,same_symbol_rank,Core4,lag_stable,F9_liquidity_shock,ret_12;ret_24,price,"TSMean(Clip(Decay(ResidualizeVsCore4(WinsorZScore(ResidualizeVsFundingCore(Mul(Rank(TSMean(ret_12,36)),ZScore(TSMean(ret_24,60)))),3.0)),60),-3.0,3.0),96)",e151c2a1f62e4dac,48,generated_candidate,original,0.1968,False,False,selected_for_strict_replay
a7o_l1_C0309_1260,C0309,1260,H00_low_turnover_robust,P0_price_return,ResidualizeVsFundingCore,spread_12_vs_48,same_symbol_rank,Core4,lag_stable,F9_liquidity_shock,ret_3;ret_6,price,"TSMean(Clip(Decay(ResidualizeVsCore4(Sub(WinsorZScore(TSMean(ret_6,4),1.25),WinsorZScore(TSMean(ret_3,10),1.25))),4),-3.0,3.0),8)",41b3168d80daa234,6,generated_candidate,original,0.1968,False,False,selected_for_strict_replay
a7o_l1_C0309_1357,C0309,1357,H00_low_turnover_robust,P0_price_return,ResidualizeVsFundingCore,spread_12_vs_48,same_symbol_rank,Core4,lag_stable,F9_liquidity_shock,ret_24;ret_6,price,"TSMean(Clip(Decay(ResidualizeVsCore4(Mul(ZScore(TSMean(ret_24,8)),ResidualizeVsFundingCore(Mul(Rank(TSMean(ret_24,48)),ZScore(TSMean(ret_6,6)))))),16),-3.0,3.0),20)",ea9ffde142dc562c,24,generated_candidate,original,0.1968,False,False,selected_for_strict_replay
a7o_l1_C0310_0969,C0310,969,H06_liquidity_structure_ex_realized_vol_mul,P8_regime_state,Rank,H48,same_symbol_zscore,FundingCore_and_Core4,lag_stable,F9_liquidity_shock,quote_volume_mean_24;realized_vol_24,liquidity;volatility,"Sub(Decay(ResidualizeVsCore4(ResidualizeVsFundingCore(Rank(Delta(Rank(TSMean(quote_volume_mean_24,48)),72)))),36),ZScore(TSStd(quote_volume_mean_24,36)))",a23d270a22ac8149,48,generated_candidate,original,0.32250000000000006,False,False,selected_for_strict_replay
a7o_l1_C0310_0192,C0310,192,H06_liquidity_structure_ex_realized_vol_mul,P8_regime_state,Rank,H48,same_symbol_zscore,FundingCore_and_Core4,lag_stable,F9_liquidity_shock,quote_volume_mean_24;realized_vol_24,liquidity;volatility,"Sub(Decay(ResidualizeVsCore4(ResidualizeVsFundingCore(TSMean(Rank(TSMean(realized_vol_24,24)),24))),10),ZScore(TSStd(realized_vol_24,10)))",dd38f8b146ddc97c,48,generated_candidate,original,0.32150000000000006,False,False,selected_for_strict_replay
a7o_l1_C0310_0483,C0310,483,H06_liquidity_structure_ex_realized_vol_mul,P8_regime_state,Rank,H48,same_symbol_zscore,FundingCore_and_Core4,lag_stable,F9_liquidity_shock,quote_volume_mean_24;realized_vol_24,liquidity;volatility,"Sub(Decay(ResidualizeVsCore4(ResidualizeVsFundingCore(Mul(Clip(ZScore(TSMean(quote_volume_mean_24,24)),-1.25,1.25),Rank(TSMean(Rank(TSMean(realized_vol_24,48)),16))))),60),ZScore(TSStd(realized_vol_24,60)))",e827f52372d2f2bf,48,generated_candidate,original,0.32150000000000006,False,False,selected_for_strict_replay
a7o_l1_C0310_0094,C0310,94,H06_liquidity_structure_ex_realized_vol_mul,P8_regime_state,Rank,H48,same_symbol_zscore,FundingCore_and_Core4,lag_stable,F9_liquidity_shock,quote_volume_mean_24;realized_vol_24,liquidity;volatility,"Sub(Decay(ResidualizeVsCore4(ResidualizeVsFundingCore(Rank(Add(Delta(quote_volume_mean_24,24),TSMean(Rank(TSMean(quote_volume_mean_24,16)),48))))),20),ZScore(TSStd(quote_volume_mean_24,20)))",0ca39434286a4869,48,generated_candidate,original,0.32050000000000006,False,False,selected_for_strict_replay
a7o_l1_C0310_1549,C0310,1549,H06_liquidity_structure_ex_realized_vol_mul,P8_regime_state,Rank,H48,same_symbol_zscore,FundingCore_and_Core4,lag_stable,F9_liquidity_shock,quote_volume_mean_24;realized_vol_24,liquidity;volatility,"Sub(Decay(ResidualizeVsCore4(ResidualizeVsFundingCore(Mul(ZScore(TSMean(realized_vol_24,30)),Rank(TSMean(realized_vol_24,60))))),36),ZScore(TSStd(realized_vol_24,36)))",0613a2fed24bb4d8,48,generated_candidate,original,0.32050000000000006,False,False,selected_for_strict_replay
a7o_l1_C0310_0674,C0310,674,H06_liquidity_structure_ex_realized_vol_mul,P8_regime_state,Rank,H48,same_symbol_zscore,FundingCore_and_Core4,lag_stable,F9_liquidity_shock,quote_volume_mean_24;realized_vol_24,liquidity;volatility,"Sub(Decay(ResidualizeVsCore4(ResidualizeVsFundingCore(Sub(Rank(TSMean(realized_vol_24,20)),Abs(ZScore(TSMean(quote_volume_mean_24,96)))))),24),ZScore(TSStd(realized_vol_24,24)))",5747874187d53c22,48,generated_candidate,original,0.31850000000000006,False,False,selected_for_strict_replay
a7o_l1_C0310_1255,C0310,1255,H06_liquidity_structure_ex_realized_vol_mul,P8_regime_state,Rank,H48,same_symbol_zscore,FundingCore_and_Core4,lag_stable,F9_liquidity_shock,quote_volume_mean_24;realized_vol_24,liquidity;volatility,"Sub(Decay(ResidualizeVsCore4(ResidualizeVsFundingCore(Decay(Mul(Rank(TSMean(quote_volume_mean_24,16)),ZScore(TSStd(quote_volume_mean_24,4))),10))),24),ZScore(TSStd(quote_volume_mean_24,24)))",f6629e3928d89b14,48,generated_candidate,original,0.31750000000000006,False,False,selected_for_strict_replay
a7o_l1_C0310_0380,C0310,380,H06_liquidity_structure_ex_realized_vol_mul,P8_regime_state,Rank,H48,same_symbol_zscore,FundingCore_and_Core4,lag_stable,F9_liquidity_shock,quote_volume_mean_24;realized_vol_24,liquidity;volatility,"Sub(Decay(ResidualizeVsCore4(ResidualizeVsFundingCore(Rank(Sub(TSMean(quote_volume_mean_24,4),TSMean(Rank(TSMean(quote_volume_mean_24,36)),10))))),16),ZScore(TSStd(quote_volume_mean_24,16)))",5eaa064d972f60c7,48,generated_candidate,original,0.31550000000000006,False,False,selected_for_strict_replay
a7o_l1_C0310_1835,C0310,1835,H06_liquidity_structure_ex_realized_vol_mul,P8_regime_state,Rank,H48,same_symbol_zscore,FundingCore_and_Core4,lag_stable,F9_liquidity_shock,quote_volume_mean_24;realized_vol_24,liquidity;volatility,"Sub(Decay(ResidualizeVsCore4(ResidualizeVsFundingCore(Mul(Add(Rank(TSMean(realized_vol_24,4)),ZScore(TSMean(quote_volume_mean_24,10))),Clip(Rank(TSMean(realized_vol_24,20)),-1.5,1.5)))),60),ZScore(TSStd(realized_vol_24,60)))",4f46f942afe86dab,48,generated_candidate,original,0.31550000000000006,False,False,selected_for_strict_replay
a7o_l1_C0310_1446,C0310,1446,H06_liquidity_structure_ex_realized_vol_mul,P8_regime_state,Rank,H48,same_symbol_zscore,FundingCore_and_Core4,lag_stable,F9_liquidity_shock,quote_volume_mean_24;realized_vol_24,liquidity;volatility,"Sub(Decay(ResidualizeVsCore4(ResidualizeVsFundingCore(RollingMin(Add(Rank(TSMean(quote_volume_mean_24,48)),Rank(TSMean(realized_vol_24,8))),4))),60),ZScore(TSStd(quote_volume_mean_24,60)))",d9d1365c085b32f6,48,generated_candidate,original,0.31450000000000006,False,False,selected_for_strict_replay
a7o_l1_C0310_1737,C0310,1737,H06_liquidity_structure_ex_realized_vol_mul,P8_regime_state,Rank,H48,same_symbol_zscore,FundingCore_and_Core4,lag_stable,F9_liquidity_shock,quote_volume_mean_24;realized_vol_24,liquidity;volatility,"Sub(Decay(ResidualizeVsCore4(ResidualizeVsFundingCore(Rank(Delta(Rank(TSMean(quote_volume_mean_24,12)),8)))),16),ZScore(TSStd(quote_volume_mean_24,16)))",759b2dfb793a642f,48,generated_candidate,original,0.31450000000000006,False,False,selected_for_strict_replay
a7o_l1_C0310_2028,C0310,2028,H06_liquidity_structure_ex_realized_vol_mul,P8_regime_state,Rank,H48,same_symbol_zscore,FundingCore_and_Core4,lag_stable,F9_liquidity_shock,quote_volume_mean_24;realized_vol_24,liquidity;volatility,"Sub(Decay(ResidualizeVsCore4(ResidualizeVsFundingCore(Sub(WinsorZScore(TSMean(quote_volume_mean_24,60),2.5),WinsorZScore(TSMean(realized_vol_24,12),2.5)))),10),ZScore(TSStd(quote_volume_mean_24,10)))",4cb8d60766c4ce52,48,generated_candidate,original,0.31450000000000006,False,False,selected_for_strict_replay
a7o_l1_C0310_0960,C0310,960,H06_liquidity_structure_ex_realized_vol_mul,P8_regime_state,Rank,H48,same_symbol_zscore,FundingCore_and_Core4,lag_stable,F9_liquidity_shock,quote_volume_mean_24;realized_vol_24,liquidity;volatility,"Sub(Decay(ResidualizeVsCore4(ResidualizeVsFundingCore(TSMean(Rank(TSMean(realized_vol_24,48)),4))),20),ZScore(TSStd(realized_vol_24,20)))",909c05d8b742147c,48,generated_candidate,original,0.31350000000000006,False,False,selected_for_strict_replay
a7o_l1_C0310_1251,C0310,1251,H06_liquidity_structure_ex_realized_vol_mul,P8_regime_state,Rank,H48,same_symbol_zscore,FundingCore_and_Core4,lag_stable,F9_liquidity_shock,quote_volume_mean_24;realized_vol_24,liquidity;volatility,"Sub(Decay(ResidualizeVsCore4(ResidualizeVsFundingCore(Mul(Clip(ZScore(TSMean(quote_volume_mean_24,16)),-3.0,3.0),Rank(TSMean(Rank(TSMean(realized_vol_24,12)),10))))),60),ZScore(TSStd(realized_vol_24,60)))",b84f2870e16c826f,48,generated_candidate,original,0.31350000000000006,False,False,selected_for_strict_replay
a7o_l1_C0310_0571,C0310,571,H06_liquidity_structure_ex_realized_vol_mul,P8_regime_state,Rank,H48,same_symbol_zscore,FundingCore_and_Core4,lag_stable,F9_liquidity_shock,quote_volume_mean_24;realized_vol_24,liquidity;volatility,"Sub(Decay(ResidualizeVsCore4(ResidualizeVsFundingCore(SafeDiv(SmoothInteraction(Rank(TSMean(quote_volume_mean_24,16)),TSMean(quote_volume_mean_24,12)),Clip(Abs(TSStd(realized_vol_24,20)),0.05,3.25)))),60),ZScore(TSStd(quote_volume_mean_24,60)))",68ceee868b24be67,48,generated_candidate,original,0.31250000000000006,False,False,selected_for_strict_replay
a7o_l1_C0310_0862,C0310,862,H06_liquidity_structure_ex_realized_vol_mul,P8_regime_state,Rank,H48,same_symbol_zscore,FundingCore_and_Core4,lag_stable,F9_liquidity_shock,quote_volume_mean_24;realized_vol_24,liquidity;volatility,"Sub(Decay(ResidualizeVsCore4(ResidualizeVsFundingCore(Rank(Add(Delta(quote_volume_mean_24,24),TSMean(Rank(TSMean(quote_volume_mean_24,30)),30))))),36),ZScore(TSStd(quote_volume_mean_24,36)))",64d9b0bdde9a62a0,48,generated_candidate,original,0.31250000000000006,False,False,selected_for_strict_replay
a7o_l1_C0310_1153,C0310,1153,H06_liquidity_structure_ex_realized_vol_mul,P8_regime_state,Rank,H48,same_symbol_zscore,FundingCore_and_Core4,lag_stable,F9_liquidity_shock,quote_volume_mean_24;realized_vol_24,liquidity;volatility,"Sub(Decay(ResidualizeVsCore4(ResidualizeVsFundingCore(Rank(TSMean(Rank(TSMean(quote_volume_mean_24,60)),20)))),24),ZScore(TSStd(quote_volume_mean_24,24)))",62103560d9703e7e,48,generated_candidate,original,0.31250000000000006,False,False,selected_for_strict_replay
a7o_l1_C0310_0085,C0310,85,H06_liquidity_structure_ex_realized_vol_mul,P8_regime_state,Rank,H48,same_symbol_zscore,FundingCore_and_Core4,lag_stable,F9_liquidity_shock,quote_volume_mean_24;realized_vol_24,liquidity;volatility,"Sub(Decay(ResidualizeVsCore4(ResidualizeVsFundingCore(Sub(ZScore(TSStd(quote_volume_mean_24,10)),Rank(TSMean(realized_vol_24,16))))),6),ZScore(TSStd(realized_vol_24,6)))",732fb6215ef0b6bb,48,generated_candidate,original,0.31150000000000005,False,False,selected_for_strict_replay
a7o_l1_C0310_0376,C0310,376,H06_liquidity_structure_ex_realized_vol_mul,P8_regime_state,Rank,H48,same_symbol_zscore,FundingCore_and_Core4,lag_stable,F9_liquidity_shock,quote_volume_mean_24;realized_vol_24,liquidity;volatility,"Sub(Decay(ResidualizeVsCore4(ResidualizeVsFundingCore(Add(RollingMin(Rank(TSMean(realized_vol_24,30)),24),RollingMax(TSMean(realized_vol_24,4),8)))),12),ZScore(TSStd(realized_vol_24,12)))",332ce1b486baeedf,48,generated_candidate,original,0.31150000000000005,False,False,selected_for_strict_replay
a7o_l1_C0310_0278,C0310,278,H06_liquidity_structure_ex_realized_vol_mul,P8_regime_state,Rank,H48,same_symbol_zscore,FundingCore_and_Core4,lag_stable,F9_liquidity_shock,quote_volume_mean_24;realized_vol_24,liquidity;volatility,"Sub(Decay(ResidualizeVsCore4(ResidualizeVsFundingCore(Mul(TSRank(quote_volume_mean_24,48),Rank(TSMean(quote_volume_mean_24,20))))),24),ZScore(TSStd(quote_volume_mean_24,24)))",81cba03710de7423,48,generated_candidate,original,0.31050000000000005,False,False,selected_for_strict_replay
a7o_l1_C0310_1442,C0310,1442,H06_liquidity_structure_ex_realized_vol_mul,P8_regime_state,Rank,H48,same_symbol_zscore,FundingCore_and_Core4,lag_stable,F9_liquidity_shock,quote_volume_mean_24;realized_vol_24,liquidity;volatility,"Sub(Decay(ResidualizeVsCore4(ResidualizeVsFundingCore(Sub(Rank(TSMean(realized_vol_24,36)),Abs(ZScore(TSMean(quote_volume_mean_24,30)))))),48),ZScore(TSStd(realized_vol_24,48)))",11eb2d1953538fed,48,generated_candidate,original,0.31050000000000005,False,False,selected_for_strict_replay
a7o_l1_C0310_1733,C0310,1733,H06_liquidity_structure_ex_realized_vol_mul,P8_regime_state,Rank,H48,same_symbol_zscore,FundingCore_and_Core4,lag_stable,F9_liquidity_shock,quote_volume_mean_24;realized_vol_24,liquidity;volatility,"Sub(Decay(ResidualizeVsCore4(ResidualizeVsFundingCore(Add(Rank(TSMean(realized_vol_24,72)),ZScore(TSMean(quote_volume_mean_24,36))))),24),ZScore(TSStd(realized_vol_24,24)))",238c507e85922a6b,48,generated_candidate,original,0.31050000000000005,False,False,selected_for_strict_replay
a7o_l1_C0310_1344,C0310,1344,H06_liquidity_structure_ex_realized_vol_mul,P8_regime_state,Rank,H48,same_symbol_zscore,FundingCore_and_Core4,lag_stable,F9_liquidity_shock,quote_volume_mean_24;realized_vol_24,liquidity;volatility,"Sub(Decay(ResidualizeVsCore4(ResidualizeVsFundingCore(TSMean(Rank(TSMean(quote_volume_mean_24,24)),84))),10),ZScore(TSStd(quote_volume_mean_24,10)))",9c8cf58283b19693,48,generated_candidate,original,0.30950000000000005,False,False,selected_for_strict_replay
a7o_l1_C0310_0567,C0310,567,H06_liquidity_structure_ex_realized_vol_mul,P8_regime_state,Rank,H48,same_symbol_zscore,FundingCore_and_Core4,lag_stable,F9_liquidity_shock,quote_volume_mean_24;realized_vol_24,liquidity;volatility,"Sub(Decay(ResidualizeVsCore4(ResidualizeVsFundingCore(Sub(SmoothInteraction(realized_vol_24,TSMean(quote_volume_mean_24,10)),TSRank(Rank(TSMean(realized_vol_24,12)),8)))),24),ZScore(TSStd(realized_vol_24,24)))",b55e67a30b885c60,48,generated_candidate,original,0.30850000000000005,False,False,selected_for_strict_replay
a7o_l1_C0311_2036,C0311,2036,H06_liquidity_structure_ex_realized_vol_mul,P13_trade_size_volatility,ResidualizeVsCore4,H72,cross_symbol_zscore,FundingCore_and_Core4,medium_turnover,F3_high_liquidity_high_vol,avg_trade_size_quote;realized_vol_12,liquidity;volatility,"Sub(Clip(ResidualizeVsCore4(ResidualizeVsFundingCore(cross_symbol_zscore(RegimeMaskNonMay(F3_high_liquidity_high_vol,Sub(ResidualizeVsCore4(Mul(Rank(TSMean(avg_trade_size_quote,60)),ZScore(TSMean(realized_vol_12,96)))),Rank(TSMean(avg_trade_size_quote,3))))))),-4.0,4.0),ZScore(TSStd(avg_trade_size_quote,16)))",07da367938adcda9,72,generated_candidate,original,0.34290000000000004,False,False,selected_for_strict_replay
a7o_l1_C0311_0181,C0311,181,H06_liquidity_structure_ex_realized_vol_mul,P13_trade_size_volatility,ResidualizeVsCore4,H72,cross_symbol_zscore,FundingCore_and_Core4,medium_turnover,F3_high_liquidity_high_vol,avg_trade_size_quote;realized_vol_24,liquidity;volatility,"Sub(Clip(ResidualizeVsCore4(ResidualizeVsFundingCore(cross_symbol_zscore(RegimeMaskNonMay(F5_funding_neutral,Add(ResidualizeVsCore4(Mul(Rank(TSMean(avg_trade_size_quote,48)),ZScore(TSMean(realized_vol_24,84)))),ZScore(TSMean(realized_vol_24,10))))))),-4.0,4.0),ZScore(TSStd(avg_trade_size_quote,10)))",c74a374fc53deb23,72,generated_candidate,original,0.3309,False,False,selected_for_strict_replay
a7o_l1_C0311_0180,C0311,180,H06_liquidity_structure_ex_realized_vol_mul,P13_trade_size_volatility,ResidualizeVsCore4,H72,cross_symbol_zscore,FundingCore_and_Core4,medium_turnover,F3_high_liquidity_high_vol,avg_trade_size_quote;realized_vol_12,liquidity;volatility,"Sub(Clip(ResidualizeVsCore4(ResidualizeVsFundingCore(cross_symbol_zscore(RegimeMaskNonMay(F3_high_liquidity_high_vol,Sub(ResidualizeVsCore4(Mul(Rank(TSMean(avg_trade_size_quote,60)),ZScore(TSMean(realized_vol_12,96)))),Rank(TSMean(avg_trade_size_quote,4))))))),-4.0,4.0),ZScore(TSStd(avg_trade_size_quote,4)))",9bd35d1af6ba5be6,72,generated_candidate,original,0.3299,False,False,selected_for_strict_replay
a7o_l1_C0311_0373,C0311,373,H06_liquidity_structure_ex_realized_vol_mul,P13_trade_size_volatility,ResidualizeVsCore4,H72,cross_symbol_zscore,FundingCore_and_Core4,medium_turnover,F3_high_liquidity_high_vol,avg_trade_size_quote;realized_vol_24,liquidity;volatility,"Sub(Clip(ResidualizeVsCore4(ResidualizeVsFundingCore(cross_symbol_zscore(RegimeMaskNonMay(F5_funding_neutral,Add(ResidualizeVsCore4(Mul(Rank(TSMean(avg_trade_size_quote,48)),ZScore(TSMean(realized_vol_24,84)))),ZScore(TSMean(realized_vol_24,60))))))),-4.0,4.0),ZScore(TSStd(avg_trade_size_quote,24)))",aec175305c2e7034,72,generated_candidate,original,0.3289,False,False,selected_for_strict_replay
a7o_l1_C0311_0372,C0311,372,H06_liquidity_structure_ex_realized_vol_mul,P13_trade_size_volatility,ResidualizeVsCore4,H72,cross_symbol_zscore,FundingCore_and_Core4,medium_turnover,F3_high_liquidity_high_vol,avg_trade_size_quote;realized_vol_12,liquidity;volatility,"Sub(Clip(ResidualizeVsCore4(ResidualizeVsFundingCore(cross_symbol_zscore(RegimeMaskNonMay(F3_high_liquidity_high_vol,Sub(ResidualizeVsCore4(Mul(Rank(TSMean(avg_trade_size_quote,60)),ZScore(TSMean(realized_vol_12,96)))),Rank(TSMean(avg_trade_size_quote,24))))))),-4.0,4.0),ZScore(TSStd(avg_trade_size_quote,10)))",ee22e3c0e884868b,72,generated_candidate,original,0.3279,False,False,selected_for_strict_replay
a7o_l1_C0311_0565,C0311,565,H06_liquidity_structure_ex_realized_vol_mul,P13_trade_size_volatility,ResidualizeVsCore4,H72,cross_symbol_zscore,FundingCore_and_Core4,medium_turnover,F3_high_liquidity_high_vol,avg_trade_size_quote;realized_vol_24,liquidity;volatility,"Sub(Clip(ResidualizeVsCore4(ResidualizeVsFundingCore(cross_symbol_zscore(RegimeMaskNonMay(F5_funding_neutral,Add(ResidualizeVsCore4(Mul(Rank(TSMean(avg_trade_size_quote,48)),ZScore(TSMean(realized_vol_24,84)))),ZScore(TSMean(realized_vol_24,10))))))),-4.0,4.0),ZScore(TSStd(avg_trade_size_quote,6)))",e159a4e36965df1d,72,generated_candidate,original,0.3269,False,False,selected_for_strict_replay
a7o_l1_C0311_0564,C0311,564,H06_liquidity_structure_ex_realized_vol_mul,P13_trade_size_volatility,ResidualizeVsCore4,H72,cross_symbol_zscore,FundingCore_and_Core4,medium_turnover,F3_high_liquidity_high_vol,avg_trade_size_quote;realized_vol_12,liquidity;volatility,"Sub(Clip(ResidualizeVsCore4(ResidualizeVsFundingCore(cross_symbol_zscore(RegimeMaskNonMay(F3_high_liquidity_high_vol,Sub(ResidualizeVsCore4(Mul(Rank(TSMean(avg_trade_size_quote,60)),ZScore(TSMean(realized_vol_12,96)))),Rank(TSMean(avg_trade_size_quote,36))))))),-4.0,4.0),ZScore(TSStd(avg_trade_size_quote,20)))",502b28ad2a60de54,72,generated_candidate,original,0.3259,False,False,selected_for_strict_replay
a7o_l1_C0311_0757,C0311,757,H06_liquidity_structure_ex_realized_vol_mul,P13_trade_size_volatility,ResidualizeVsCore4,H72,cross_symbol_zscore,FundingCore_and_Core4,medium_turnover,F3_high_liquidity_high_vol,avg_trade_size_quote;realized_vol_24,liquidity;volatility,"Sub(Clip(ResidualizeVsCore4(ResidualizeVsFundingCore(cross_symbol_zscore(RegimeMaskNonMay(F5_funding_neutral,Add(ResidualizeVsCore4(Mul(Rank(TSMean(avg_trade_size_quote,48)),ZScore(TSMean(realized_vol_24,84)))),ZScore(TSMean(realized_vol_24,10))))))),-4.0,4.0),ZScore(TSStd(avg_trade_size_quote,16)))",1e920a6d0d542679,72,generated_candidate,original,0.3249,False,False,selected_for_strict_replay
a7o_l1_C0311_0756,C0311,756,H06_liquidity_structure_ex_realized_vol_mul,P13_trade_size_volatility,ResidualizeVsCore4,H72,cross_symbol_zscore,FundingCore_and_Core4,medium_turnover,F3_high_liquidity_high_vol,avg_trade_size_quote;realized_vol_12,liquidity;volatility,"Sub(Clip(ResidualizeVsCore4(ResidualizeVsFundingCore(cross_symbol_zscore(RegimeMaskNonMay(F3_high_liquidity_high_vol,Sub(ResidualizeVsCore4(Mul(Rank(TSMean(avg_trade_size_quote,60)),ZScore(TSMean(realized_vol_12,96)))),Rank(TSMean(avg_trade_size_quote,10))))))),-4.0,4.0),ZScore(TSStd(avg_trade_size_quote,4)))",017f1025a78b2ec5,72,generated_candidate,original,0.3239,False,False,selected_for_strict_replay
a7o_l1_C0311_0096,C0311,96,H06_liquidity_structure_ex_realized_vol_mul,P13_trade_size_volatility,ResidualizeVsCore4,H72,cross_symbol_zscore,FundingCore_and_Core4,medium_turnover,F3_high_liquidity_high_vol,avg_trade_size_quote;realized_vol_12,liquidity;volatility,"Sub(Clip(ResidualizeVsCore4(ResidualizeVsFundingCore(cross_symbol_zscore(Mul(Neg(Rank(TSMean(realized_vol_12,4))),ResidualizeVsCore4(Mul(Rank(TSMean(realized_vol_12,24)),ZScore(TSMean(avg_trade_size_quote,48)))))))),-4.0,4.0),ZScore(TSStd(realized_vol_12,20)))",faff50ecaae7bfea,72,generated_candidate,original,0.3229000000000001,False,False,selected_for_strict_replay
a7o_l1_C0311_0387,C0311,387,H06_liquidity_structure_ex_realized_vol_mul,P13_trade_size_volatility,ResidualizeVsCore4,H72,cross_symbol_zscore,FundingCore_and_Core4,medium_turnover,F3_high_liquidity_high_vol,avg_trade_size_quote;realized_vol_24,liquidity;volatility,"Sub(Clip(ResidualizeVsCore4(ResidualizeVsFundingCore(cross_symbol_zscore(Clip(ResidualizeVsCore4(Mul(Rank(TSMean(avg_trade_size_quote,72)),ZScore(TSMean(realized_vol_24,24)))),-4.0,4.0)))),-4.0,4.0),ZScore(TSStd(avg_trade_size_quote,60)))",9393569d94a054cf,72,generated_candidate,original,0.3229000000000001,False,False,selected_for_strict_replay
a7o_l1_C0311_0484,C0311,484,H06_liquidity_structure_ex_realized_vol_mul,P13_trade_size_volatility,ResidualizeVsCore4,H72,cross_symbol_zscore,FundingCore_and_Core4,medium_turnover,F3_high_liquidity_high_vol,avg_trade_size_quote;realized_vol_24,liquidity;volatility,"Sub(Clip(ResidualizeVsCore4(ResidualizeVsFundingCore(cross_symbol_zscore(SafeDiv(Sub(ResidualizeVsCore4(Mul(Rank(TSMean(realized_vol_24,60)),ZScore(TSMean(avg_trade_size_quote,96)))),Rank(TSMean(realized_vol_24,36))),Clip(Abs(TSRank(avg_trade_size_quote,72)),0.05,2.25))))),-4.0,4.0),ZScore(TSStd(realized_vol_24,12)))",72768abe3f356171,72,generated_candidate,original,0.3229000000000001,False,False,selected_for_strict_replay
a7o_l1_C0311_0775,C0311,775,H06_liquidity_structure_ex_realized_vol_mul,P13_trade_size_volatility,ResidualizeVsCore4,H72,cross_symbol_zscore,FundingCore_and_Core4,medium_turnover,F3_high_liquidity_high_vol,number_of_trades;realized_vol_24,liquidity;volatility,"Sub(Clip(ResidualizeVsCore4(ResidualizeVsFundingCore(cross_symbol_zscore(SafeDiv(ResidualizeVsCore4(Mul(Rank(TSMean(number_of_trades,30)),ZScore(TSMean(realized_vol_24,60)))),Clip(Abs(ZScore(TSStd(realized_vol_24,10))),0.05,6.0))))),-4.0,4.0),ZScore(TSStd(number_of_trades,24)))",d805dcda65a93e04,72,generated_candidate,original,0.3229000000000001,False,False,selected_for_strict_replay
a7o_l1_C0311_0969,C0311,969,H06_liquidity_structure_ex_realized_vol_mul,P13_trade_size_volatility,ResidualizeVsCore4,H72,cross_symbol_zscore,FundingCore_and_Core4,medium_turnover,F3_high_liquidity_high_vol,number_of_trades;realized_vol_12,liquidity;volatility,"Sub(Clip(ResidualizeVsCore4(ResidualizeVsFundingCore(cross_symbol_zscore(Rank(Delta(ResidualizeVsCore4(Mul(Rank(TSMean(realized_vol_12,96)),ZScore(TSMean(number_of_trades,36)))),72))))),-4.0,4.0),ZScore(TSStd(realized_vol_12,36)))",502196f4693facdb,72,generated_candidate,original,0.3229000000000001,False,False,selected_for_strict_replay
a7o_l1_C0311_1066,C0311,1066,H06_liquidity_structure_ex_realized_vol_mul,P13_trade_size_volatility,ResidualizeVsCore4,H72,cross_symbol_zscore,FundingCore_and_Core4,medium_turnover,F3_high_liquidity_high_vol,avg_trade_size_quote;realized_vol_12,liquidity;volatility,"Sub(Clip(ResidualizeVsCore4(ResidualizeVsFundingCore(cross_symbol_zscore(Rank(SmoothInteraction(ResidualizeVsCore4(Mul(Rank(TSMean(avg_trade_size_quote,84)),ZScore(TSMean(realized_vol_12,30)))),TSStd(avg_trade_size_quote,12)))))),-4.0,4.0),ZScore(TSStd(avg_trade_size_quote,20)))",1c905e12711b7eee,72,generated_candidate,original,0.3229000000000001,False,False,selected_for_strict_replay
a7o_l1_C0311_1357,C0311,1357,H06_liquidity_structure_ex_realized_vol_mul,P13_trade_size_volatility,ResidualizeVsCore4,H72,cross_symbol_zscore,FundingCore_and_Core4,medium_turnover,F3_high_liquidity_high_vol,number_of_trades;realized_vol_24,liquidity;volatility,"Sub(Clip(ResidualizeVsCore4(ResidualizeVsFundingCore(cross_symbol_zscore(Mul(ZScore(TSMean(realized_vol_24,8)),ResidualizeVsCore4(Mul(Rank(TSMean(realized_vol_24,48)),ZScore(TSMean(number_of_trades,84)))))))),-4.0,4.0),ZScore(TSStd(realized_vol_24,16)))",6246e7ae06adcf46,72,generated_candidate,original,0.3229000000000001,False,False,selected_for_strict_replay
a7o_l1_C0311_1454,C0311,1454,H06_liquidity_structure_ex_realized_vol_mul,P13_trade_size_volatility,ResidualizeVsCore4,H72,cross_symbol_zscore,FundingCore_and_Core4,medium_turnover,F3_high_liquidity_high_vol,number_of_trades;realized_vol_12,liquidity;volatility,"Sub(Clip(ResidualizeVsCore4(ResidualizeVsFundingCore(cross_symbol_zscore(Mul(SafeDiv(ZScore(TSMean(number_of_trades,24)),Clip(Abs(ZScore(TSMean(realized_vol_12,48))),0.05,3.0)),ResidualizeVsCore4(Mul(Rank(TSMean(number_of_trades,36)),ZScore(TSMean(realized_vol_12,72)))))))),-4.0,4.0),ZScore(TSStd(number_of_trades,12)))",271062b46f59ae05,72,generated_candidate,original,0.3229000000000001,False,False,selected_for_strict_replay
a7o_l1_C0311_1745,C0311,1745,H06_liquidity_structure_ex_realized_vol_mul,P13_trade_size_volatility,ResidualizeVsCore4,H72,cross_symbol_zscore,FundingCore_and_Core4,medium_turnover,F3_high_liquidity_high_vol,number_of_trades;realized_vol_24,liquidity;volatility,"Sub(Clip(ResidualizeVsCore4(ResidualizeVsFundingCore(cross_symbol_zscore(SmoothInteraction(ResidualizeVsCore4(Mul(Rank(TSMean(number_of_trades,96)),ZScore(TSMean(realized_vol_24,36)))),TSMean(realized_vol_24,10))))),-4.0,4.0),ZScore(TSStd(number_of_trades,6)))",4813ab497f8cb395,72,generated_candidate,original,0.3229000000000001,False,False,selected_for_strict_replay
a7o_l1_C0311_1842,C0311,1842,H06_liquidity_structure_ex_realized_vol_mul,P13_trade_size_volatility,ResidualizeVsCore4,H72,cross_symbol_zscore,FundingCore_and_Core4,medium_turnover,F3_high_liquidity_high_vol,avg_trade_size_quote;realized_vol_24,liquidity;volatility,"Sub(Clip(ResidualizeVsCore4(ResidualizeVsFundingCore(CrossSymbolRank(Add(ResidualizeVsCore4(Mul(Rank(TSMean(realized_vol_24,84)),ZScore(TSMean(avg_trade_size_quote,30)))),TSMean(realized_vol_24,24))))),-4.0,4.0),ZScore(TSStd(realized_vol_24,60)))",b5ff37cbb2617d59,72,generated_candidate,original,0.3229000000000001,False,False,selected_for_strict_replay
a7o_l1_C0311_0949,C0311,949,H06_liquidity_structure_ex_realized_vol_mul,P13_trade_size_volatility,ResidualizeVsCore4,H72,cross_symbol_zscore,FundingCore_and_Core4,medium_turnover,F3_high_liquidity_high_vol,avg_trade_size_quote;realized_vol_24,liquidity;volatility,"Sub(Clip(ResidualizeVsCore4(ResidualizeVsFundingCore(cross_symbol_zscore(RegimeMaskNonMay(F5_funding_neutral,Add(ResidualizeVsCore4(Mul(Rank(TSMean(avg_trade_size_quote,48)),ZScore(TSMean(realized_vol_24,84)))),ZScore(TSMean(realized_vol_24,60))))))),-4.0,4.0),ZScore(TSStd(avg_trade_size_quote,36)))",39b5b3a7f247aa1a,72,generated_candidate,original,0.3229,False,False,selected_for_strict_replay
a7o_l1_C0311_0289,C0311,289,H06_liquidity_structure_ex_realized_vol_mul,P13_trade_size_volatility,ResidualizeVsCore4,H72,cross_symbol_zscore,FundingCore_and_Core4,medium_turnover,F3_high_liquidity_high_vol,number_of_trades;realized_vol_12,liquidity;volatility,"Sub(Clip(ResidualizeVsCore4(ResidualizeVsFundingCore(cross_symbol_zscore(Add(Abs(ZScore(TSStd(realized_vol_12,72))),ResidualizeVsCore4(Mul(Rank(TSMean(realized_vol_12,96)),ZScore(TSMean(number_of_trades,36)))))))),-4.0,4.0),ZScore(TSStd(realized_vol_12,36)))",74b35265ea5955d5,72,generated_candidate,original,0.3219000000000001,False,False,selected_for_strict_replay
a7o_l1_C0311_0386,C0311,386,H06_liquidity_structure_ex_realized_vol_mul,P13_trade_size_volatility,ResidualizeVsCore4,H72,cross_symbol_zscore,FundingCore_and_Core4,medium_turnover,F3_high_liquidity_high_vol,avg_trade_size_quote;realized_vol_12,liquidity;volatility,"Sub(Clip(ResidualizeVsCore4(ResidualizeVsFundingCore(cross_symbol_zscore(ZScore(Decay(ResidualizeVsCore4(Mul(Rank(TSMean(avg_trade_size_quote,84)),ZScore(TSMean(realized_vol_12,30)))),16))))),-4.0,4.0),ZScore(TSStd(avg_trade_size_quote,24)))",ee84d18947f24989,72,generated_candidate,original,0.3219000000000001,False,False,selected_for_strict_replay
a7o_l1_C0311_0677,C0311,677,H06_liquidity_structure_ex_realized_vol_mul,P13_trade_size_volatility,ResidualizeVsCore4,H72,cross_symbol_zscore,FundingCore_and_Core4,medium_turnover,F3_high_liquidity_high_vol,number_of_trades;realized_vol_24,liquidity;volatility,"Sub(Clip(ResidualizeVsCore4(ResidualizeVsFundingCore(cross_symbol_zscore(RollingMax(Sub(ResidualizeVsCore4(Mul(Rank(TSMean(realized_vol_24,48)),ZScore(TSMean(number_of_trades,84)))),ZScore(TSMean(realized_vol_24,8))),10)))),-4.0,4.0),ZScore(TSStd(realized_vol_24,16)))",ab26f51fbf60a9d7,72,generated_candidate,original,0.3219000000000001,False,False,selected_for_strict_replay
a7o_l1_C0311_0774,C0311,774,H06_liquidity_structure_ex_realized_vol_mul,P13_trade_size_volatility,ResidualizeVsCore4,H72,cross_symbol_zscore,FundingCore_and_Core4,medium_turnover,F3_high_liquidity_high_vol,number_of_trades;realized_vol_12,liquidity;volatility,"Sub(Clip(ResidualizeVsCore4(ResidualizeVsFundingCore(cross_symbol_zscore(Mul(ResidualizeVsCore4(Mul(Rank(TSMean(number_of_trades,36)),ZScore(TSMean(realized_vol_12,72)))),Rank(TSStd(number_of_trades,24)))))),-4.0,4.0),ZScore(TSStd(number_of_trades,16)))",cab82132454b72a5,72,generated_candidate,original,0.3219000000000001,False,False,selected_for_strict_replay
a7o_l1_C0312_2036,C0312,2036,H15_placebo_null_adversarial,P3_trade_size,WinsorZScore,H72,cross_symbol_zscore,FundingCore,medium_turnover,F7_trend_reversal,number_of_trades,liquidity,"Neg(Clip(ResidualizeVsFundingCore(cross_symbol_zscore(RegimeMaskNonMay(F3_high_liquidity_high_vol,Sub(WinsorZScore(TSMean(number_of_trades,60),2.0),Rank(TSMean(number_of_trades,3)))))),-4.0,4.0))",fd0f9bef72a55b85,72,placebo,row_shuffle,0.22550000000000003,False,False,selected_for_strict_replay
a7o_l1_C0312_0181,C0312,181,H15_placebo_null_adversarial,P3_trade_size,WinsorZScore,H72,cross_symbol_zscore,FundingCore,medium_turnover,F7_trend_reversal,quote_asset_volume,liquidity,"Neg(Clip(ResidualizeVsFundingCore(cross_symbol_zscore(RegimeMaskNonMay(F5_funding_neutral,Add(WinsorZScore(TSMean(quote_asset_volume,48),2.0),ZScore(TSMean(quote_asset_volume,10)))))),-4.0,4.0))",58804153df76f205,72,placebo,row_shuffle,0.21350000000000002,False,False,selected_for_strict_replay
a7o_l1_C0312_0180,C0312,180,H15_placebo_null_adversarial,P3_trade_size,WinsorZScore,H72,cross_symbol_zscore,FundingCore,medium_turnover,F7_trend_reversal,number_of_trades;quote_asset_volume,liquidity,"Neg(Clip(ResidualizeVsFundingCore(cross_symbol_zscore(RegimeMaskNonMay(F3_high_liquidity_high_vol,Sub(WinsorZScore(TSMean(quote_asset_volume,60),1.5),Rank(TSMean(quote_asset_volume,4)))))),-4.0,4.0))",520b4e8fdc6779de,72,placebo,random_noise,0.21250000000000002,False,False,selected_for_strict_replay
a7o_l1_C0312_0373,C0312,373,H15_placebo_null_adversarial,P3_trade_size,WinsorZScore,H72,cross_symbol_zscore,FundingCore,medium_turnover,F7_trend_reversal,avg_trade_size_quote;quote_asset_volume,liquidity,"Neg(Clip(ResidualizeVsFundingCore(cross_symbol_zscore(RegimeMaskNonMay(F5_funding_neutral,Add(WinsorZScore(TSMean(avg_trade_size_quote,48),3.0),ZScore(TSMean(quote_asset_volume,60)))))),-4.0,4.0))",ec801152255362b7,72,placebo,sign_flip,0.21150000000000002,False,False,selected_for_strict_replay
a7o_l1_C0312_0372,C0312,372,H15_placebo_null_adversarial,P3_trade_size,WinsorZScore,H72,cross_symbol_zscore,FundingCore,medium_turnover,F7_trend_reversal,avg_trade_size_quote;number_of_trades,liquidity,"Neg(Clip(ResidualizeVsFundingCore(cross_symbol_zscore(RegimeMaskNonMay(F3_high_liquidity_high_vol,Sub(WinsorZScore(TSMean(avg_trade_size_quote,60),2.5),Rank(TSMean(avg_trade_size_quote,24)))))),-4.0,4.0))",6fc92a5047287177,72,placebo,time_shuffle,0.21050000000000002,False,False,selected_for_strict_replay
a7o_l1_C0312_0565,C0312,565,H15_placebo_null_adversarial,P3_trade_size,WinsorZScore,H72,cross_symbol_zscore,FundingCore,medium_turnover,F7_trend_reversal,number_of_trades;quote_asset_volume,liquidity,"Neg(Clip(ResidualizeVsFundingCore(cross_symbol_zscore(RegimeMaskNonMay(F5_funding_neutral,Add(WinsorZScore(TSMean(number_of_trades,48),1.5),ZScore(TSMean(quote_asset_volume,10)))))),-4.0,4.0))",aa7ed6a7042cb34c,72,placebo,random_noise,0.20950000000000002,False,False,selected_for_strict_replay
a7o_l1_C0312_0564,C0312,564,H15_placebo_null_adversarial,P3_trade_size,WinsorZScore,H72,cross_symbol_zscore,FundingCore,medium_turnover,F7_trend_reversal,number_of_trades,liquidity,"Neg(Clip(ResidualizeVsFundingCore(cross_symbol_zscore(RegimeMaskNonMay(F3_high_liquidity_high_vol,Sub(WinsorZScore(TSMean(number_of_trades,60),4.0),Rank(TSMean(number_of_trades,36)))))),-4.0,4.0))",71f300d989630a18,72,placebo,wrong_lag_stale_24h,0.20850000000000002,False,False,selected_for_strict_replay
a7o_l1_C0312_0757,C0312,757,H15_placebo_null_adversarial,P3_trade_size,WinsorZScore,H72,cross_symbol_zscore,FundingCore,medium_turnover,F7_trend_reversal,avg_trade_size_quote;number_of_trades,liquidity,"Neg(Clip(ResidualizeVsFundingCore(cross_symbol_zscore(RegimeMaskNonMay(F5_funding_neutral,Add(WinsorZScore(TSMean(avg_trade_size_quote,48),2.5),ZScore(TSMean(number_of_trades,10)))))),-4.0,4.0))",b4475bf77acec13e,72,placebo,time_shuffle,0.20750000000000002,False,False,selected_for_strict_replay
a7o_l1_C0312_0756,C0312,756,H15_placebo_null_adversarial,P3_trade_size,WinsorZScore,H72,cross_symbol_zscore,FundingCore,medium_turnover,F7_trend_reversal,avg_trade_size_quote,liquidity,"Neg(Clip(ResidualizeVsFundingCore(cross_symbol_zscore(RegimeMaskNonMay(F3_high_liquidity_high_vol,Sub(WinsorZScore(TSMean(avg_trade_size_quote,60),2.0),Rank(TSMean(avg_trade_size_quote,10)))))),-4.0,4.0))",d162defa2fb4905d,72,placebo,row_shuffle,0.20650000000000002,False,False,selected_for_strict_replay
a7o_l1_C0312_0096,C0312,96,H15_placebo_null_adversarial,P3_trade_size,WinsorZScore,H72,cross_symbol_zscore,FundingCore,medium_turnover,F7_trend_reversal,avg_trade_size_quote;quote_asset_volume,liquidity,"Neg(Clip(ResidualizeVsFundingCore(cross_symbol_zscore(Mul(Neg(Rank(TSMean(avg_trade_size_quote,4))),WinsorZScore(TSMean(avg_trade_size_quote,24),2.0)))),-4.0,4.0))",63f36fb45d062240,72,placebo,row_shuffle,0.20550000000000002,False,False,selected_for_strict_replay
a7o_l1_C0312_0193,C0312,193,H15_placebo_null_adversarial,P3_trade_size,WinsorZScore,H72,cross_symbol_zscore,FundingCore,medium_turnover,F7_trend_reversal,number_of_trades,liquidity,"Neg(Clip(ResidualizeVsFundingCore(cross_symbol_zscore(Rank(TSMean(WinsorZScore(TSMean(number_of_trades,96),3.0),36)))),-4.0,4.0))",6c4aea68cac9b319,72,placebo,sign_flip,0.20550000000000002,False,False,selected_for_strict_replay
a7o_l1_C0312_0290,C0312,290,H15_placebo_null_adversarial,P3_trade_size,WinsorZScore,H72,cross_symbol_zscore,FundingCore,medium_turnover,F7_trend_reversal,avg_trade_size_quote;quote_asset_volume,liquidity,"Neg(Clip(ResidualizeVsFundingCore(cross_symbol_zscore(Sub(WinsorZScore(TSMean(quote_asset_volume,84),1.5),Abs(ZScore(TSMean(avg_trade_size_quote,10)))))),-4.0,4.0))",1a99d1a41839fa0c,72,placebo,random_noise,0.20550000000000002,False,False,selected_for_strict_replay
a7o_l1_C0312_0387,C0312,387,H15_placebo_null_adversarial,P3_trade_size,WinsorZScore,H72,cross_symbol_zscore,FundingCore,medium_turnover,F7_trend_reversal,number_of_trades;quote_asset_volume,liquidity,"Neg(Clip(ResidualizeVsFundingCore(cross_symbol_zscore(Clip(WinsorZScore(TSMean(number_of_trades,72),2.5),-4.0,4.0))),-4.0,4.0))",35946699a1d2c0b7,72,placebo,time_shuffle,0.20550000000000002,False,False,selected_for_strict_replay
a7o_l1_C0312_0484,C0312,484,H15_placebo_null_adversarial,P3_trade_size,WinsorZScore,H72,cross_symbol_zscore,FundingCore,medium_turnover,F7_trend_reversal,number_of_trades;quote_asset_volume,liquidity,"Neg(Clip(ResidualizeVsFundingCore(cross_symbol_zscore(SafeDiv(Sub(WinsorZScore(TSMean(number_of_trades,60),4.0),Rank(TSMean(number_of_trades,36))),Clip(Abs(TSRank(quote_asset_volume,72)),0.05,2.25)))),-4.0,4.0))",b2bb5b9c5664f685,72,placebo,wrong_lag_stale_24h,0.20550000000000002,False,False,selected_for_strict_replay
a7o_l1_C0312_0581,C0312,581,H15_placebo_null_adversarial,P3_trade_size,WinsorZScore,H72,cross_symbol_zscore,FundingCore,medium_turnover,F7_trend_reversal,number_of_trades;quote_asset_volume,liquidity,"Neg(Clip(ResidualizeVsFundingCore(cross_symbol_zscore(Add(WinsorZScore(TSMean(quote_asset_volume,48),2.0),ZScore(TSMean(number_of_trades,12))))),-4.0,4.0))",5ae29248034968ea,72,placebo,row_shuffle,0.20550000000000002,False,False,selected_for_strict_replay
a7o_l1_C0312_0678,C0312,678,H15_placebo_null_adversarial,P3_trade_size,WinsorZScore,H72,cross_symbol_zscore,FundingCore,medium_turnover,F7_trend_reversal,avg_trade_size_quote;number_of_trades,liquidity,"Neg(Clip(ResidualizeVsFundingCore(cross_symbol_zscore(RollingMin(Add(WinsorZScore(TSMean(number_of_trades,36),3.0),Rank(TSMean(avg_trade_size_quote,12))),60))),-4.0,4.0))",a615b062f8a69ee2,72,placebo,sign_flip,0.20550000000000002,False,False,selected_for_strict_replay
a7o_l1_C0312_0775,C0312,775,H15_placebo_null_adversarial,P3_trade_size,WinsorZScore,H72,cross_symbol_zscore,FundingCore,medium_turnover,F7_trend_reversal,quote_asset_volume,liquidity,"Neg(Clip(ResidualizeVsFundingCore(cross_symbol_zscore(SafeDiv(WinsorZScore(TSMean(quote_asset_volume,30),1.5),Clip(Abs(ZScore(TSStd(quote_asset_volume,10))),0.05,6.0)))),-4.0,4.0))",dfc739648d3ffee5,72,placebo,random_noise,0.20550000000000002,False,False,selected_for_strict_replay
a7o_l1_C0312_0872,C0312,872,H15_placebo_null_adversarial,P3_trade_size,WinsorZScore,H72,cross_symbol_zscore,FundingCore,medium_turnover,F7_trend_reversal,quote_asset_volume,liquidity,"Neg(Clip(ResidualizeVsFundingCore(cross_symbol_zscore(TSRank(Sub(TSMean(WinsorZScore(TSMean(quote_asset_volume,24),2.5),24),TSMean(quote_asset_volume,30)),36))),-4.0,4.0))",2290a28ef4e6c4cc,72,placebo,time_shuffle,0.20550000000000002,False,False,selected_for_strict_replay
a7o_l1_C0312_0949,C0312,949,H15_placebo_null_adversarial,P3_trade_size,WinsorZScore,H72,cross_symbol_zscore,FundingCore,medium_turnover,F7_trend_reversal,number_of_trades,liquidity,"Neg(Clip(ResidualizeVsFundingCore(cross_symbol_zscore(RegimeMaskNonMay(F5_funding_neutral,Add(WinsorZScore(TSMean(number_of_trades,48),4.0),ZScore(TSMean(number_of_trades,60)))))),-4.0,4.0))",4258988c6e35eb50,72,placebo,wrong_lag_stale_24h,0.20550000000000002,False,False,selected_for_strict_replay
a7o_l1_C0312_0969,C0312,969,H15_placebo_null_adversarial,P3_trade_size,WinsorZScore,H72,cross_symbol_zscore,FundingCore,medium_turnover,F7_trend_reversal,number_of_trades,liquidity,"Neg(Clip(ResidualizeVsFundingCore(cross_symbol_zscore(Rank(Delta(WinsorZScore(TSMean(number_of_trades,96),4.0),72)))),-4.0,4.0))",87eeedd5ba69305d,72,placebo,wrong_lag_stale_24h,0.20550000000000002,False,False,selected_for_strict_replay
a7o_l1_C0312_1066,C0312,1066,H15_placebo_null_adversarial,P3_trade_size,WinsorZScore,H72,cross_symbol_zscore,FundingCore,medium_turnover,F7_trend_reversal,avg_trade_size_quote;quote_asset_volume,liquidity,"Neg(Clip(ResidualizeVsFundingCore(cross_symbol_zscore(Rank(SmoothInteraction(WinsorZScore(TSMean(quote_asset_volume,84),2.0),TSStd(quote_asset_volume,12))))),-4.0,4.0))",e62494b0376a2e5e,72,placebo,row_shuffle,0.20550000000000002,False,False,selected_for_strict_replay
a7o_l1_C0312_1163,C0312,1163,H15_placebo_null_adversarial,P3_trade_size,WinsorZScore,H72,cross_symbol_zscore,FundingCore,medium_turnover,F7_trend_reversal,avg_trade_size_quote;quote_asset_volume,liquidity,"Neg(Clip(ResidualizeVsFundingCore(cross_symbol_zscore(WinsorZScore(WinsorZScore(TSMean(avg_trade_size_quote,72),3.0),3.0))),-4.0,4.0))",20ea538090788f54,72,placebo,sign_flip,0.20550000000000002,False,False,selected_for_strict_replay
a7o_l1_C0312_1260,C0312,1260,H15_placebo_null_adversarial,P3_trade_size,WinsorZScore,H72,cross_symbol_zscore,FundingCore,medium_turnover,F7_trend_reversal,number_of_trades;quote_asset_volume,liquidity,"Neg(Clip(ResidualizeVsFundingCore(cross_symbol_zscore(Sub(WinsorZScore(TSMean(quote_asset_volume,4),1.25),WinsorZScore(TSMean(number_of_trades,10),1.25)))),-4.0,4.0))",14bca5eb09e03d07,72,placebo,random_noise,0.20550000000000002,False,False,selected_for_strict_replay
a7o_l1_C0312_1357,C0312,1357,H15_placebo_null_adversarial,P3_trade_size,WinsorZScore,H72,cross_symbol_zscore,FundingCore,medium_turnover,F7_trend_reversal,number_of_trades;quote_asset_volume,liquidity,"Neg(Clip(ResidualizeVsFundingCore(cross_symbol_zscore(Mul(ZScore(TSMean(quote_asset_volume,8)),WinsorZScore(TSMean(quote_asset_volume,48),2.5)))),-4.0,4.0))",1321f57f922eea36,72,placebo,time_shuffle,0.20550000000000002,False,False,selected_for_strict_replay
a7o_l1_C0313_2036,C0313,2036,H05_volatility_structure_ex_liquidity_mul,P13_trade_size_volatility,TSRankMul,ensemble_6_12_24_48,cross_symbol_zscore,Core4,medium_turnover,F9_liquidity_shock,avg_trade_size_quote;realized_vol_12,liquidity;volatility,"Sub(Clip(ResidualizeVsCore4(cross_symbol_zscore(RegimeMaskNonMay(F3_high_liquidity_high_vol,Sub(Mul(TSRank(avg_trade_size_quote,12),ZScore(TSMean(realized_vol_12,20))),Rank(TSMean(avg_trade_size_quote,3)))))),-4.0,4.0),Rank(TSMean(realized_vol_12,16)))",06cefe570d0b989d,12,generated_candidate,original,0.336,False,False,selected_for_strict_replay
a7o_l1_C0313_0181,C0313,181,H05_volatility_structure_ex_liquidity_mul,P13_trade_size_volatility,TSRankMul,ensemble_6_12_24_48,cross_symbol_zscore,Core4,medium_turnover,F9_liquidity_shock,avg_trade_size_quote;realized_vol_24,liquidity;volatility,"Sub(Clip(ResidualizeVsCore4(cross_symbol_zscore(RegimeMaskNonMay(F5_funding_neutral,Add(Mul(TSRank(avg_trade_size_quote,20),ZScore(TSMean(realized_vol_24,3))),ZScore(TSMean(realized_vol_24,10)))))),-4.0,4.0),Rank(TSMean(realized_vol_24,10)))",2a1758ea3b349068,12,generated_candidate,original,0.324,False,False,selected_for_strict_replay
a7o_l1_C0313_0180,C0313,180,H05_volatility_structure_ex_liquidity_mul,P13_trade_size_volatility,TSRankMul,ensemble_6_12_24_48,cross_symbol_zscore,Core4,medium_turnover,F9_liquidity_shock,avg_trade_size_quote;realized_vol_12,liquidity;volatility,"Sub(Clip(ResidualizeVsCore4(cross_symbol_zscore(RegimeMaskNonMay(F3_high_liquidity_high_vol,Sub(Mul(TSRank(avg_trade_size_quote,3),ZScore(TSMean(realized_vol_12,8))),Rank(TSMean(avg_trade_size_quote,4)))))),-4.0,4.0),Rank(TSMean(realized_vol_12,4)))",959523c1df6917c8,6,generated_candidate,original,0.323,False,False,selected_for_strict_replay
a7o_l1_C0313_0373,C0313,373,H05_volatility_structure_ex_liquidity_mul,P13_trade_size_volatility,TSRankMul,ensemble_6_12_24_48,cross_symbol_zscore,Core4,medium_turnover,F9_liquidity_shock,avg_trade_size_quote;realized_vol_24,liquidity;volatility,"Sub(Clip(ResidualizeVsCore4(cross_symbol_zscore(RegimeMaskNonMay(F5_funding_neutral,Add(Mul(TSRank(avg_trade_size_quote,16),ZScore(TSMean(realized_vol_24,24))),ZScore(TSMean(realized_vol_24,60)))))),-4.0,4.0),Rank(TSMean(realized_vol_24,24)))",c1e7912deb7aa01c,48,generated_candidate,original,0.322,False,False,selected_for_strict_replay
a7o_l1_C0313_0372,C0313,372,H05_volatility_structure_ex_liquidity_mul,P13_trade_size_volatility,TSRankMul,ensemble_6_12_24_48,cross_symbol_zscore,Core4,medium_turnover,F9_liquidity_shock,avg_trade_size_quote;realized_vol_12,liquidity;volatility,"Sub(Clip(ResidualizeVsCore4(cross_symbol_zscore(RegimeMaskNonMay(F3_high_liquidity_high_vol,Sub(Mul(TSRank(avg_trade_size_quote,16),ZScore(TSMean(realized_vol_12,20))),Rank(TSMean(avg_trade_size_quote,24)))))),-4.0,4.0),Rank(TSMean(realized_vol_12,10)))",e57a8a4aeab0dba2,24,generated_candidate,original,0.321,False,False,selected_for_strict_replay
a7o_l1_C0313_0565,C0313,565,H05_volatility_structure_ex_liquidity_mul,P13_trade_size_volatility,TSRankMul,ensemble_6_12_24_48,cross_symbol_zscore,Core4,medium_turnover,F9_liquidity_shock,avg_trade_size_quote;realized_vol_24,liquidity;volatility,"Sub(Clip(ResidualizeVsCore4(cross_symbol_zscore(RegimeMaskNonMay(F5_funding_neutral,Add(Mul(TSRank(avg_trade_size_quote,3),ZScore(TSMean(realized_vol_24,8))),ZScore(TSMean(realized_vol_24,10)))))),-4.0,4.0),Rank(TSMean(realized_vol_24,6)))",d69c6eb1be758aea,6,generated_candidate,original,0.32,False,False,selected_for_strict_replay
a7o_l1_C0313_0564,C0313,564,H05_volatility_structure_ex_liquidity_mul,P13_trade_size_volatility,TSRankMul,ensemble_6_12_24_48,cross_symbol_zscore,Core4,medium_turnover,F9_liquidity_shock,avg_trade_size_quote;realized_vol_12,liquidity;volatility,"Sub(Clip(ResidualizeVsCore4(cross_symbol_zscore(RegimeMaskNonMay(F3_high_liquidity_high_vol,Sub(Mul(TSRank(avg_trade_size_quote,60),ZScore(TSMean(realized_vol_12,96))),Rank(TSMean(avg_trade_size_quote,36)))))),-4.0,4.0),Rank(TSMean(realized_vol_12,20)))",723e6361a5637581,72,generated_candidate,original,0.319,False,False,selected_for_strict_replay
a7o_l1_C0313_0757,C0313,757,H05_volatility_structure_ex_liquidity_mul,P13_trade_size_volatility,TSRankMul,ensemble_6_12_24_48,cross_symbol_zscore,Core4,medium_turnover,F9_liquidity_shock,avg_trade_size_quote;realized_vol_24,liquidity;volatility,"Sub(Clip(ResidualizeVsCore4(cross_symbol_zscore(RegimeMaskNonMay(F5_funding_neutral,Add(Mul(TSRank(avg_trade_size_quote,48),ZScore(TSMean(realized_vol_24,6))),ZScore(TSMean(realized_vol_24,10)))))),-4.0,4.0),Rank(TSMean(realized_vol_24,16)))",d8edb387c07b1601,24,generated_candidate,original,0.318,False,False,selected_for_strict_replay
a7o_l1_C0313_0756,C0313,756,H05_volatility_structure_ex_liquidity_mul,P13_trade_size_volatility,TSRankMul,ensemble_6_12_24_48,cross_symbol_zscore,Core4,medium_turnover,F9_liquidity_shock,avg_trade_size_quote;realized_vol_12,liquidity;volatility,"Sub(Clip(ResidualizeVsCore4(cross_symbol_zscore(RegimeMaskNonMay(F3_high_liquidity_high_vol,Sub(Mul(TSRank(avg_trade_size_quote,3),ZScore(TSMean(realized_vol_12,6))),Rank(TSMean(avg_trade_size_quote,10)))))),-4.0,4.0),Rank(TSMean(realized_vol_12,4)))",6f2b666d093d1b27,12,generated_candidate,original,0.317,False,False,selected_for_strict_replay
a7o_l1_C0313_0096,C0313,96,H05_volatility_structure_ex_liquidity_mul,P13_trade_size_volatility,TSRankMul,ensemble_6_12_24_48,cross_symbol_zscore,Core4,medium_turnover,F9_liquidity_shock,avg_trade_size_quote;realized_vol_12,liquidity;volatility,"Sub(Clip(ResidualizeVsCore4(cross_symbol_zscore(Mul(Neg(Rank(TSMean(realized_vol_12,4))),Mul(TSRank(realized_vol_12,16),ZScore(TSMean(avg_trade_size_quote,24)))))),-4.0,4.0),Rank(TSMean(avg_trade_size_quote,20)))",0f4e288590f25280,12,generated_candidate,original,0.31600000000000006,False,False,selected_for_strict_replay
a7o_l1_C0313_0387,C0313,387,H05_volatility_structure_ex_liquidity_mul,P13_trade_size_volatility,TSRankMul,ensemble_6_12_24_48,cross_symbol_zscore,Core4,medium_turnover,F9_liquidity_shock,avg_trade_size_quote;realized_vol_24,liquidity;volatility,"Sub(Clip(ResidualizeVsCore4(cross_symbol_zscore(Clip(Mul(TSRank(avg_trade_size_quote,48),ZScore(TSMean(realized_vol_24,6))),-4.0,4.0))),-4.0,4.0),Rank(TSMean(realized_vol_24,60)))",0ff0fb77aefeb847,24,generated_candidate,original,0.31600000000000006,False,False,selected_for_strict_replay
a7o_l1_C0313_0484,C0313,484,H05_volatility_structure_ex_liquidity_mul,P13_trade_size_volatility,TSRankMul,ensemble_6_12_24_48,cross_symbol_zscore,Core4,medium_turnover,F9_liquidity_shock,avg_trade_size_quote;realized_vol_24,liquidity;volatility,"Sub(Clip(ResidualizeVsCore4(cross_symbol_zscore(SafeDiv(Sub(Mul(TSRank(realized_vol_24,60),ZScore(TSMean(avg_trade_size_quote,96))),Rank(TSMean(realized_vol_24,36))),Clip(Abs(TSRank(avg_trade_size_quote,72)),0.05,2.25)))),-4.0,4.0),Rank(TSMean(avg_trade_size_quote,12)))",974ff615dd75e997,72,generated_candidate,original,0.31600000000000006,False,False,selected_for_strict_replay
a7o_l1_C0313_0775,C0313,775,H05_volatility_structure_ex_liquidity_mul,P13_trade_size_volatility,TSRankMul,ensemble_6_12_24_48,cross_symbol_zscore,Core4,medium_turnover,F9_liquidity_shock,number_of_trades;realized_vol_24,liquidity;volatility,"Sub(Clip(ResidualizeVsCore4(cross_symbol_zscore(SafeDiv(Mul(TSRank(number_of_trades,3),ZScore(TSMean(realized_vol_24,8))),Clip(Abs(ZScore(TSStd(realized_vol_24,10))),0.05,6.0)))),-4.0,4.0),Rank(TSMean(realized_vol_24,24)))",30f2dec5cba97861,6,generated_candidate,original,0.31600000000000006,False,False,selected_for_strict_replay
a7o_l1_C0313_0969,C0313,969,H05_volatility_structure_ex_liquidity_mul,P13_trade_size_volatility,TSRankMul,ensemble_6_12_24_48,cross_symbol_zscore,Core4,medium_turnover,F9_liquidity_shock,number_of_trades;realized_vol_12,liquidity;volatility,"Sub(Clip(ResidualizeVsCore4(cross_symbol_zscore(Rank(Delta(Mul(TSRank(realized_vol_12,96),ZScore(TSMean(number_of_trades,36))),72)))),-4.0,4.0),Rank(TSMean(number_of_trades,36)))",ad3446c0eddd35ec,72,generated_candidate,original,0.31600000000000006,False,False,selected_for_strict_replay
a7o_l1_C0313_1066,C0313,1066,H05_volatility_structure_ex_liquidity_mul,P13_trade_size_volatility,TSRankMul,ensemble_6_12_24_48,cross_symbol_zscore,Core4,medium_turnover,F9_liquidity_shock,avg_trade_size_quote;realized_vol_12,liquidity;volatility,"Sub(Clip(ResidualizeVsCore4(cross_symbol_zscore(Rank(SmoothInteraction(Mul(TSRank(avg_trade_size_quote,4),ZScore(TSMean(realized_vol_12,8))),TSStd(avg_trade_size_quote,12))))),-4.0,4.0),Rank(TSMean(realized_vol_12,20)))",23f81ad8088efd1b,12,generated_candidate,original,0.31600000000000006,False,False,selected_for_strict_replay
a7o_l1_C0313_1357,C0313,1357,H05_volatility_structure_ex_liquidity_mul,P13_trade_size_volatility,TSRankMul,ensemble_6_12_24_48,cross_symbol_zscore,Core4,medium_turnover,F9_liquidity_shock,number_of_trades;realized_vol_24,liquidity;volatility,"Sub(Clip(ResidualizeVsCore4(cross_symbol_zscore(Mul(ZScore(TSMean(realized_vol_24,8)),Mul(TSRank(realized_vol_24,48),ZScore(TSMean(number_of_trades,6)))))),-4.0,4.0),Rank(TSMean(number_of_trades,16)))",ee7aae340d442361,24,generated_candidate,original,0.31600000000000006,False,False,selected_for_strict_replay
a7o_l1_C0313_1454,C0313,1454,H05_volatility_structure_ex_liquidity_mul,P13_trade_size_volatility,TSRankMul,ensemble_6_12_24_48,cross_symbol_zscore,Core4,medium_turnover,F9_liquidity_shock,number_of_trades;realized_vol_12,liquidity;volatility,"Sub(Clip(ResidualizeVsCore4(cross_symbol_zscore(Mul(SafeDiv(ZScore(TSMean(number_of_trades,24)),Clip(Abs(ZScore(TSMean(realized_vol_12,48))),0.05,3.0)),Mul(TSRank(number_of_trades,36),ZScore(TSMean(realized_vol_12,72)))))),-4.0,4.0),Rank(TSMean(realized_vol_12,12)))",8a3083613632dff5,72,generated_candidate,original,0.31600000000000006,False,False,selected_for_strict_replay
a7o_l1_C0313_1745,C0313,1745,H05_volatility_structure_ex_liquidity_mul,P13_trade_size_volatility,TSRankMul,ensemble_6_12_24_48,cross_symbol_zscore,Core4,medium_turnover,F9_liquidity_shock,number_of_trades;realized_vol_24,liquidity;volatility,"Sub(Clip(ResidualizeVsCore4(cross_symbol_zscore(SmoothInteraction(Mul(TSRank(number_of_trades,3),ZScore(TSMean(realized_vol_24,8))),TSMean(realized_vol_24,10)))),-4.0,4.0),Rank(TSMean(realized_vol_24,6)))",96acb4043342610b,6,generated_candidate,original,0.31600000000000006,False,False,selected_for_strict_replay
a7o_l1_C0313_1842,C0313,1842,H05_volatility_structure_ex_liquidity_mul,P13_trade_size_volatility,TSRankMul,ensemble_6_12_24_48,cross_symbol_zscore,Core4,medium_turnover,F9_liquidity_shock,avg_trade_size_quote;realized_vol_24,liquidity;volatility,"Sub(Clip(ResidualizeVsCore4(CrossSymbolRank(Add(Mul(TSRank(realized_vol_24,16),ZScore(TSMean(avg_trade_size_quote,20))),TSMean(realized_vol_24,24)))),-4.0,4.0),Rank(TSMean(avg_trade_size_quote,60)))",416f2333e2cccdd9,24,generated_candidate,original,0.31600000000000006,False,False,selected_for_strict_replay
a7o_l1_C0313_0949,C0313,949,H05_volatility_structure_ex_liquidity_mul,P13_trade_size_volatility,TSRankMul,ensemble_6_12_24_48,cross_symbol_zscore,Core4,medium_turnover,F9_liquidity_shock,avg_trade_size_quote;realized_vol_24,liquidity;volatility,"Sub(Clip(ResidualizeVsCore4(cross_symbol_zscore(RegimeMaskNonMay(F5_funding_neutral,Add(Mul(TSRank(avg_trade_size_quote,48),ZScore(TSMean(realized_vol_24,84))),ZScore(TSMean(realized_vol_24,60)))))),-4.0,4.0),Rank(TSMean(realized_vol_24,36)))",3bd9a117670f17c3,72,generated_candidate,original,0.316,False,False,selected_for_strict_replay
a7o_l1_C0313_0289,C0313,289,H05_volatility_structure_ex_liquidity_mul,P13_trade_size_volatility,TSRankMul,ensemble_6_12_24_48,cross_symbol_zscore,Core4,medium_turnover,F9_liquidity_shock,number_of_trades;realized_vol_12,liquidity;volatility,"Sub(Clip(ResidualizeVsCore4(cross_symbol_zscore(Add(Abs(ZScore(TSStd(realized_vol_12,72))),Mul(TSRank(realized_vol_12,96),ZScore(TSMean(number_of_trades,36)))))),-4.0,4.0),Rank(TSMean(number_of_trades,36)))",69ca7a8b23154fcd,72,generated_candidate,original,0.31500000000000006,False,False,selected_for_strict_replay
a7o_l1_C0313_0386,C0313,386,H05_volatility_structure_ex_liquidity_mul,P13_trade_size_volatility,TSRankMul,ensemble_6_12_24_48,cross_symbol_zscore,Core4,medium_turnover,F9_liquidity_shock,avg_trade_size_quote;realized_vol_12,liquidity;volatility,"Sub(Clip(ResidualizeVsCore4(cross_symbol_zscore(ZScore(Decay(Mul(TSRank(avg_trade_size_quote,6),ZScore(TSMean(realized_vol_12,10))),16)))),-4.0,4.0),Rank(TSMean(realized_vol_12,24)))",c7d1e4e7d26c38ed,12,generated_candidate,original,0.31500000000000006,False,False,selected_for_strict_replay
a7o_l1_C0313_0677,C0313,677,H05_volatility_structure_ex_liquidity_mul,P13_trade_size_volatility,TSRankMul,ensemble_6_12_24_48,cross_symbol_zscore,Core4,medium_turnover,F9_liquidity_shock,number_of_trades;realized_vol_24,liquidity;volatility,"Sub(Clip(ResidualizeVsCore4(cross_symbol_zscore(RollingMax(Sub(Mul(TSRank(realized_vol_24,48),ZScore(TSMean(number_of_trades,6))),ZScore(TSMean(realized_vol_24,8))),10))),-4.0,4.0),Rank(TSMean(number_of_trades,16)))",38de899ee445abf8,24,generated_candidate,original,0.31500000000000006,False,False,selected_for_strict_replay
a7o_l1_C0313_0774,C0313,774,H05_volatility_structure_ex_liquidity_mul,P13_trade_size_volatility,TSRankMul,ensemble_6_12_24_48,cross_symbol_zscore,Core4,medium_turnover,F9_liquidity_shock,number_of_trades;realized_vol_12,liquidity;volatility,"Sub(Clip(ResidualizeVsCore4(cross_symbol_zscore(Mul(Mul(TSRank(number_of_trades,36),ZScore(TSMean(realized_vol_12,72))),Rank(TSStd(number_of_trades,24))))),-4.0,4.0),Rank(TSMean(realized_vol_12,16)))",8173cd0189b6f327,72,generated_candidate,original,0.31500000000000006,False,False,selected_for_strict_replay
a7o_l1_C0314_2036,C0314,2036,H05_volatility_structure_ex_liquidity_mul,P12_liquidity_flow,ClipRank,ensemble_6_12_24_48,same_symbol_zscore,Core4,lag_stable,F10_volatility_compression,quote_volume_mean_12;taker_imbalance,flow;liquidity,"Sub(Decay(ResidualizeVsCore4(RegimeMaskNonMay(F3_high_liquidity_high_vol,Sub(Clip(Rank(TSMean(quote_volume_mean_12,12)),-2.0,2.0),Rank(TSMean(quote_volume_mean_12,3))))),16),Rank(TSMean(taker_imbalance,16)))",2d45612051a7bccd,12,generated_candidate,original,0.30210000000000004,False,False,selected_for_strict_replay
a7o_l1_C0314_0181,C0314,181,H05_volatility_structure_ex_liquidity_mul,P12_liquidity_flow,ClipRank,ensemble_6_12_24_48,same_symbol_zscore,Core4,lag_stable,F10_volatility_compression,quote_volume_mean_12;taker_buy_ratio,flow;liquidity,"Sub(Decay(ResidualizeVsCore4(RegimeMaskNonMay(F5_funding_neutral,Add(Clip(Rank(TSMean(quote_volume_mean_12,20)),-2.0,2.0),ZScore(TSMean(taker_buy_ratio,10))))),10),Rank(TSMean(taker_buy_ratio,10)))",2174fef9704bfd93,12,generated_candidate,original,0.2901,False,False,selected_for_strict_replay
a7o_l1_C0314_0180,C0314,180,H05_volatility_structure_ex_liquidity_mul,P12_liquidity_flow,ClipRank,ensemble_6_12_24_48,same_symbol_zscore,Core4,lag_stable,F10_volatility_compression,quote_volume_mean_12;taker_imbalance,flow;liquidity,"Sub(Decay(ResidualizeVsCore4(RegimeMaskNonMay(F3_high_liquidity_high_vol,Sub(Clip(Rank(TSMean(quote_volume_mean_12,3)),-1.5,1.5),Rank(TSMean(quote_volume_mean_12,4))))),4),Rank(TSMean(taker_imbalance,4)))",193077d583b47b7b,6,generated_candidate,original,0.2891,False,False,selected_for_strict_replay
a7o_l1_C0314_0373,C0314,373,H05_volatility_structure_ex_liquidity_mul,P12_liquidity_flow,ClipRank,ensemble_6_12_24_48,same_symbol_zscore,Core4,lag_stable,F10_volatility_compression,quote_volume_mean_12;taker_buy_ratio,flow;liquidity,"Sub(Decay(ResidualizeVsCore4(RegimeMaskNonMay(F5_funding_neutral,Add(Clip(Rank(TSMean(quote_volume_mean_12,16)),-3.0,3.0),ZScore(TSMean(taker_buy_ratio,60))))),24),Rank(TSMean(taker_buy_ratio,24)))",2b04e5fd1edae2b4,48,generated_candidate,original,0.2881,False,False,selected_for_strict_replay
a7o_l1_C0314_0372,C0314,372,H05_volatility_structure_ex_liquidity_mul,P12_liquidity_flow,ClipRank,ensemble_6_12_24_48,same_symbol_zscore,Core4,lag_stable,F10_volatility_compression,quote_volume_mean_12;taker_imbalance,flow;liquidity,"Sub(Decay(ResidualizeVsCore4(RegimeMaskNonMay(F3_high_liquidity_high_vol,Sub(Clip(Rank(TSMean(quote_volume_mean_12,16)),-2.5,2.5),Rank(TSMean(quote_volume_mean_12,24))))),10),Rank(TSMean(taker_imbalance,10)))",9646879bad871299,24,generated_candidate,original,0.2871,False,False,selected_for_strict_replay
a7o_l1_C0314_0565,C0314,565,H05_volatility_structure_ex_liquidity_mul,P12_liquidity_flow,ClipRank,ensemble_6_12_24_48,same_symbol_zscore,Core4,lag_stable,F10_volatility_compression,quote_volume_mean_12;taker_buy_ratio,flow;liquidity,"Sub(Decay(ResidualizeVsCore4(RegimeMaskNonMay(F5_funding_neutral,Add(Clip(Rank(TSMean(quote_volume_mean_12,3)),-1.5,1.5),ZScore(TSMean(taker_buy_ratio,10))))),6),Rank(TSMean(taker_buy_ratio,6)))",7ad000b336bd1507,6,generated_candidate,original,0.2861,False,False,selected_for_strict_replay
a7o_l1_C0314_0564,C0314,564,H05_volatility_structure_ex_liquidity_mul,P12_liquidity_flow,ClipRank,ensemble_6_12_24_48,same_symbol_zscore,Core4,lag_stable,F10_volatility_compression,quote_volume_mean_12;taker_imbalance,flow;liquidity,"Sub(Decay(ResidualizeVsCore4(RegimeMaskNonMay(F3_high_liquidity_high_vol,Sub(Clip(Rank(TSMean(quote_volume_mean_12,60)),-4.0,4.0),Rank(TSMean(quote_volume_mean_12,36))))),20),Rank(TSMean(taker_imbalance,20)))",921522e63e0b925e,72,generated_candidate,original,0.2851,False,False,selected_for_strict_replay
a7o_l1_C0314_0757,C0314,757,H05_volatility_structure_ex_liquidity_mul,P12_liquidity_flow,ClipRank,ensemble_6_12_24_48,same_symbol_zscore,Core4,lag_stable,F10_volatility_compression,quote_volume_mean_12;taker_buy_ratio,flow;liquidity,"Sub(Decay(ResidualizeVsCore4(RegimeMaskNonMay(F5_funding_neutral,Add(Clip(Rank(TSMean(quote_volume_mean_12,48)),-2.5,2.5),ZScore(TSMean(taker_buy_ratio,10))))),16),Rank(TSMean(taker_buy_ratio,16)))",09c284377a44f6d9,24,generated_candidate,original,0.2841,False,False,selected_for_strict_replay
a7o_l1_C0314_0756,C0314,756,H05_volatility_structure_ex_liquidity_mul,P12_liquidity_flow,ClipRank,ensemble_6_12_24_48,same_symbol_zscore,Core4,lag_stable,F10_volatility_compression,quote_volume_mean_12;taker_imbalance,flow;liquidity,"Sub(Decay(ResidualizeVsCore4(RegimeMaskNonMay(F3_high_liquidity_high_vol,Sub(Clip(Rank(TSMean(quote_volume_mean_12,3)),-2.0,2.0),Rank(TSMean(quote_volume_mean_12,10))))),4),Rank(TSMean(taker_imbalance,4)))",a91cc71c71c86abe,12,generated_candidate,original,0.2831,False,False,selected_for_strict_replay
a7o_l1_C0314_0096,C0314,96,H05_volatility_structure_ex_liquidity_mul,P12_liquidity_flow,ClipRank,ensemble_6_12_24_48,same_symbol_zscore,Core4,lag_stable,F10_volatility_compression,quote_volume_mean_12;taker_imbalance,flow;liquidity,"Sub(Decay(ResidualizeVsCore4(Mul(Neg(Rank(TSMean(taker_imbalance,4))),Clip(Rank(TSMean(taker_imbalance,16)),-2.0,2.0))),20),Rank(TSMean(quote_volume_mean_12,20)))",8c24b090785c600d,12,generated_candidate,original,0.2821,False,False,selected_for_strict_replay
a7o_l1_C0314_0387,C0314,387,H05_volatility_structure_ex_liquidity_mul,P12_liquidity_flow,ClipRank,ensemble_6_12_24_48,same_symbol_zscore,Core4,lag_stable,F10_volatility_compression,quote_volume_mean_12;taker_buy_ratio,flow;liquidity,"Sub(Decay(ResidualizeVsCore4(Clip(Clip(Rank(TSMean(quote_volume_mean_12,48)),-2.5,2.5),-4.0,4.0)),60),Rank(TSMean(taker_buy_ratio,60)))",b8c403c98ccf002a,24,generated_candidate,original,0.2821,False,False,selected_for_strict_replay
a7o_l1_C0314_0484,C0314,484,H05_volatility_structure_ex_liquidity_mul,P12_liquidity_flow,ClipRank,ensemble_6_12_24_48,same_symbol_zscore,Core4,lag_stable,F10_volatility_compression,quote_volume_mean_12;taker_buy_ratio,flow;liquidity,"Sub(Decay(ResidualizeVsCore4(SafeDiv(Sub(Clip(Rank(TSMean(taker_buy_ratio,60)),-4.0,4.0),Rank(TSMean(taker_buy_ratio,36))),Clip(Abs(TSRank(quote_volume_mean_12,72)),0.05,2.25))),12),Rank(TSMean(quote_volume_mean_12,12)))",b72addc6e66bb190,72,generated_candidate,original,0.2821,False,False,selected_for_strict_replay
a7o_l1_C0314_0775,C0314,775,H05_volatility_structure_ex_liquidity_mul,P12_liquidity_flow,ClipRank,ensemble_6_12_24_48,same_symbol_zscore,Core4,lag_stable,F10_volatility_compression,quote_volume_mean_24;taker_buy_ratio,flow;liquidity,"Sub(Decay(ResidualizeVsCore4(SafeDiv(Clip(Rank(TSMean(quote_volume_mean_24,3)),-1.5,1.5),Clip(Abs(ZScore(TSStd(taker_buy_ratio,10))),0.05,6.0))),24),Rank(TSMean(taker_buy_ratio,24)))",e6e03f5bf19795f6,6,generated_candidate,original,0.2821,False,False,selected_for_strict_replay
a7o_l1_C0314_0949,C0314,949,H05_volatility_structure_ex_liquidity_mul,P12_liquidity_flow,ClipRank,ensemble_6_12_24_48,same_symbol_zscore,Core4,lag_stable,F10_volatility_compression,quote_volume_mean_12;taker_buy_ratio,flow;liquidity,"Sub(Decay(ResidualizeVsCore4(RegimeMaskNonMay(F5_funding_neutral,Add(Clip(Rank(TSMean(quote_volume_mean_12,48)),-4.0,4.0),ZScore(TSMean(taker_buy_ratio,60))))),36),Rank(TSMean(taker_buy_ratio,36)))",1aa999a7583b0b4e,72,generated_candidate,original,0.2821,False,False,selected_for_strict_replay
a7o_l1_C0314_0969,C0314,969,H05_volatility_structure_ex_liquidity_mul,P12_liquidity_flow,ClipRank,ensemble_6_12_24_48,same_symbol_zscore,Core4,lag_stable,F10_volatility_compression,quote_volume_mean_24;taker_imbalance,flow;liquidity,"Sub(Decay(ResidualizeVsCore4(Rank(Delta(Clip(Rank(TSMean(taker_imbalance,96)),-4.0,4.0),72))),36),Rank(TSMean(quote_volume_mean_24,36)))",06a3e7aa1c18669c,72,generated_candidate,original,0.2821,False,False,selected_for_strict_replay
a7o_l1_C0314_1066,C0314,1066,H05_volatility_structure_ex_liquidity_mul,P12_liquidity_flow,ClipRank,ensemble_6_12_24_48,same_symbol_zscore,Core4,lag_stable,F10_volatility_compression,quote_volume_mean_12;taker_imbalance,flow;liquidity,"Sub(Decay(ResidualizeVsCore4(Rank(SmoothInteraction(Clip(Rank(TSMean(quote_volume_mean_12,4)),-2.0,2.0),TSStd(quote_volume_mean_12,12)))),20),Rank(TSMean(taker_imbalance,20)))",ec9c5a6ac79440e2,12,generated_candidate,original,0.2821,False,False,selected_for_strict_replay
a7o_l1_C0314_1357,C0314,1357,H05_volatility_structure_ex_liquidity_mul,P12_liquidity_flow,ClipRank,ensemble_6_12_24_48,same_symbol_zscore,Core4,lag_stable,F10_volatility_compression,quote_volume_mean_24;taker_buy_ratio,flow;liquidity,"Sub(Decay(ResidualizeVsCore4(Mul(ZScore(TSMean(taker_buy_ratio,8)),Clip(Rank(TSMean(taker_buy_ratio,48)),-2.5,2.5))),16),Rank(TSMean(quote_volume_mean_24,16)))",ed5efbf2020eb1e3,24,generated_candidate,original,0.2821,False,False,selected_for_strict_replay
a7o_l1_C0314_1454,C0314,1454,H05_volatility_structure_ex_liquidity_mul,P12_liquidity_flow,ClipRank,ensemble_6_12_24_48,same_symbol_zscore,Core4,lag_stable,F10_volatility_compression,quote_volume_mean_24;taker_imbalance,flow;liquidity,"Sub(Decay(ResidualizeVsCore4(Mul(SafeDiv(ZScore(TSMean(quote_volume_mean_24,24)),Clip(Abs(ZScore(TSMean(taker_imbalance,48))),0.05,3.0)),Clip(Rank(TSMean(quote_volume_mean_24,36)),-4.0,4.0))),12),Rank(TSMean(taker_imbalance,12)))",aa78c5951b2a5d4b,72,generated_candidate,original,0.2821,False,False,selected_for_strict_replay
a7o_l1_C0314_1745,C0314,1745,H05_volatility_structure_ex_liquidity_mul,P12_liquidity_flow,ClipRank,ensemble_6_12_24_48,same_symbol_zscore,Core4,lag_stable,F10_volatility_compression,quote_volume_mean_24;taker_buy_ratio,flow;liquidity,"Sub(Decay(ResidualizeVsCore4(SmoothInteraction(Clip(Rank(TSMean(quote_volume_mean_24,3)),-1.5,1.5),TSMean(taker_buy_ratio,10))),6),Rank(TSMean(taker_buy_ratio,6)))",1ae30871a3c520bd,6,generated_candidate,original,0.2821,False,False,selected_for_strict_replay
a7o_l1_C0314_1842,C0314,1842,H05_volatility_structure_ex_liquidity_mul,P12_liquidity_flow,ClipRank,ensemble_6_12_24_48,same_symbol_zscore,Core4,lag_stable,F10_volatility_compression,quote_volume_mean_12;taker_buy_ratio,flow;liquidity,"Sub(Decay(ResidualizeVsCore4(CrossSymbolRank(Add(Clip(Rank(TSMean(taker_buy_ratio,16)),-2.5,2.5),TSMean(taker_buy_ratio,24)))),60),Rank(TSMean(quote_volume_mean_12,60)))",2bcdea3e7711a80f,24,generated_candidate,original,0.2821,False,False,selected_for_strict_replay
a7o_l1_C0314_0289,C0314,289,H05_volatility_structure_ex_liquidity_mul,P12_liquidity_flow,ClipRank,ensemble_6_12_24_48,same_symbol_zscore,Core4,lag_stable,F10_volatility_compression,quote_volume_mean_24;taker_imbalance,flow;liquidity,"Sub(Decay(ResidualizeVsCore4(Add(Abs(ZScore(TSStd(taker_imbalance,72))),Clip(Rank(TSMean(taker_imbalance,96)),-4.0,4.0))),36),Rank(TSMean(quote_volume_mean_24,36)))",736ec970b8ac1278,72,generated_candidate,original,0.2811,False,False,selected_for_strict_replay
a7o_l1_C0314_0386,C0314,386,H05_volatility_structure_ex_liquidity_mul,P12_liquidity_flow,ClipRank,ensemble_6_12_24_48,same_symbol_zscore,Core4,lag_stable,F10_volatility_compression,quote_volume_mean_12;taker_imbalance,flow;liquidity,"Sub(Decay(ResidualizeVsCore4(ZScore(Decay(Clip(Rank(TSMean(quote_volume_mean_12,6)),-2.0,2.0),16))),24),Rank(TSMean(taker_imbalance,24)))",bb2a679d80fdc20c,12,generated_candidate,original,0.2811,False,False,selected_for_strict_replay
a7o_l1_C0314_0677,C0314,677,H05_volatility_structure_ex_liquidity_mul,P12_liquidity_flow,ClipRank,ensemble_6_12_24_48,same_symbol_zscore,Core4,lag_stable,F10_volatility_compression,quote_volume_mean_24;taker_buy_ratio,flow;liquidity,"Sub(Decay(ResidualizeVsCore4(RollingMax(Sub(Clip(Rank(TSMean(taker_buy_ratio,48)),-2.5,2.5),ZScore(TSMean(taker_buy_ratio,8))),10)),16),Rank(TSMean(quote_volume_mean_24,16)))",0ce8366f113a485e,24,generated_candidate,original,0.2811,False,False,selected_for_strict_replay
a7o_l1_C0314_0774,C0314,774,H05_volatility_structure_ex_liquidity_mul,P12_liquidity_flow,ClipRank,ensemble_6_12_24_48,same_symbol_zscore,Core4,lag_stable,F10_volatility_compression,quote_volume_mean_24;taker_imbalance,flow;liquidity,"Sub(Decay(ResidualizeVsCore4(Mul(Clip(Rank(TSMean(quote_volume_mean_24,36)),-4.0,4.0),Rank(TSStd(quote_volume_mean_24,24)))),16),Rank(TSMean(taker_imbalance,16)))",a0ea2b22683e4433,72,generated_candidate,original,0.2811,False,False,selected_for_strict_replay
a7o_l1_C0315_2036,C0315,2036,H07_taker_flow_lag_stable,P13_trade_size_volatility,MulRankZScore,H12,same_symbol_zscore,FundingCore_and_Core4,low_turnover,F3_high_liquidity_high_vol,avg_trade_size_quote;realized_vol_12,liquidity;volatility,"Decay(Rank(TSMean(ResidualizeVsCore4(ResidualizeVsFundingCore(RegimeMaskNonMay(F3_high_liquidity_high_vol,Sub(Mul(Rank(TSMean(avg_trade_size_quote,12)),ZScore(Decay(realized_vol_12,20))),Rank(TSMean(avg_trade_size_quote,3)))))),16)),24)",8785a7681a212c78,12,generated_candidate,original,0.3401,False,False,selected_for_strict_replay
a7o_l1_C0315_0181,C0315,181,H07_taker_flow_lag_stable,P13_trade_size_volatility,MulRankZScore,H12,same_symbol_zscore,FundingCore_and_Core4,low_turnover,F3_high_liquidity_high_vol,avg_trade_size_quote;realized_vol_24,liquidity;volatility,"Decay(Rank(TSMean(ResidualizeVsCore4(ResidualizeVsFundingCore(RegimeMaskNonMay(F5_funding_neutral,Add(Mul(Rank(TSMean(avg_trade_size_quote,20)),ZScore(Decay(realized_vol_24,3))),ZScore(TSMean(realized_vol_24,10)))))),10)),12)",e2a0bb8dd14e70c1,12,generated_candidate,original,0.3281,False,False,selected_for_strict_replay
a7o_l1_C0315_0180,C0315,180,H07_taker_flow_lag_stable,P13_trade_size_volatility,MulRankZScore,H12,same_symbol_zscore,FundingCore_and_Core4,low_turnover,F3_high_liquidity_high_vol,avg_trade_size_quote;realized_vol_12,liquidity;volatility,"Decay(Rank(TSMean(ResidualizeVsCore4(ResidualizeVsFundingCore(RegimeMaskNonMay(F3_high_liquidity_high_vol,Sub(Mul(Rank(TSMean(avg_trade_size_quote,3)),ZScore(Decay(realized_vol_12,6))),Rank(TSMean(avg_trade_size_quote,4)))))),4)),8)",18896e67b6f956c1,12,generated_candidate,original,0.3271,False,False,selected_for_strict_replay
a7o_l1_C0315_0373,C0315,373,H07_taker_flow_lag_stable,P13_trade_size_volatility,MulRankZScore,H12,same_symbol_zscore,FundingCore_and_Core4,low_turnover,F3_high_liquidity_high_vol,avg_trade_size_quote;realized_vol_24,liquidity;volatility,"Decay(Rank(TSMean(ResidualizeVsCore4(ResidualizeVsFundingCore(RegimeMaskNonMay(F5_funding_neutral,Add(Mul(Rank(TSMean(avg_trade_size_quote,4)),ZScore(Decay(realized_vol_24,8))),ZScore(TSMean(realized_vol_24,60)))))),24)),30)",9c83e03a342beb2d,12,generated_candidate,original,0.3261,False,False,selected_for_strict_replay
a7o_l1_C0315_0372,C0315,372,H07_taker_flow_lag_stable,P13_trade_size_volatility,MulRankZScore,H12,same_symbol_zscore,FundingCore_and_Core4,low_turnover,F3_high_liquidity_high_vol,avg_trade_size_quote;realized_vol_12,liquidity;volatility,"Decay(Rank(TSMean(ResidualizeVsCore4(ResidualizeVsFundingCore(RegimeMaskNonMay(F3_high_liquidity_high_vol,Sub(Mul(Rank(TSMean(avg_trade_size_quote,8)),ZScore(Decay(realized_vol_12,12))),Rank(TSMean(avg_trade_size_quote,24)))))),10)),16)",c60aeb56c3eedade,12,generated_candidate,original,0.3251,False,False,selected_for_strict_replay
a7o_l1_C0315_0565,C0315,565,H07_taker_flow_lag_stable,P13_trade_size_volatility,MulRankZScore,H12,same_symbol_zscore,FundingCore_and_Core4,low_turnover,F3_high_liquidity_high_vol,avg_trade_size_quote;realized_vol_24,liquidity;volatility,"Decay(Rank(TSMean(ResidualizeVsCore4(ResidualizeVsFundingCore(RegimeMaskNonMay(F5_funding_neutral,Add(Mul(Rank(TSMean(avg_trade_size_quote,10)),ZScore(Decay(realized_vol_24,16))),ZScore(TSMean(realized_vol_24,10)))))),6)),8)",68c96f43e4f97c8f,12,generated_candidate,original,0.3241,False,False,selected_for_strict_replay
a7o_l1_C0315_0564,C0315,564,H07_taker_flow_lag_stable,P13_trade_size_volatility,MulRankZScore,H12,same_symbol_zscore,FundingCore_and_Core4,low_turnover,F3_high_liquidity_high_vol,avg_trade_size_quote;realized_vol_12,liquidity;volatility,"Decay(Rank(TSMean(ResidualizeVsCore4(ResidualizeVsFundingCore(RegimeMaskNonMay(F3_high_liquidity_high_vol,Sub(Mul(Rank(TSMean(avg_trade_size_quote,16)),ZScore(Decay(realized_vol_12,24))),Rank(TSMean(avg_trade_size_quote,36)))))),20)),3)",6da3f3ee1ba80c8f,12,generated_candidate,original,0.3231,False,False,selected_for_strict_replay
a7o_l1_C0315_0757,C0315,757,H07_taker_flow_lag_stable,P13_trade_size_volatility,MulRankZScore,H12,same_symbol_zscore,FundingCore_and_Core4,low_turnover,F3_high_liquidity_high_vol,avg_trade_size_quote;realized_vol_24,liquidity;volatility,"Decay(Rank(TSMean(ResidualizeVsCore4(ResidualizeVsFundingCore(RegimeMaskNonMay(F5_funding_neutral,Add(Mul(Rank(TSMean(avg_trade_size_quote,20)),ZScore(Decay(realized_vol_24,3))),ZScore(TSMean(realized_vol_24,10)))))),16)),20)",5230b02d75e502c7,12,generated_candidate,original,0.3221,False,False,selected_for_strict_replay
a7o_l1_C0315_0756,C0315,756,H07_taker_flow_lag_stable,P13_trade_size_volatility,MulRankZScore,H12,same_symbol_zscore,FundingCore_and_Core4,low_turnover,F3_high_liquidity_high_vol,avg_trade_size_quote;realized_vol_12,liquidity;volatility,"Decay(Rank(TSMean(ResidualizeVsCore4(ResidualizeVsFundingCore(RegimeMaskNonMay(F3_high_liquidity_high_vol,Sub(Mul(Rank(TSMean(avg_trade_size_quote,3)),ZScore(Decay(realized_vol_12,6))),Rank(TSMean(avg_trade_size_quote,10)))))),4)),8)",8af73e74761f50fa,12,generated_candidate,original,0.3211,False,False,selected_for_strict_replay
a7o_l1_C0315_0096,C0315,96,H07_taker_flow_lag_stable,P13_trade_size_volatility,MulRankZScore,H12,same_symbol_zscore,FundingCore_and_Core4,low_turnover,F3_high_liquidity_high_vol,avg_trade_size_quote;realized_vol_12,liquidity;volatility,"Decay(Rank(TSMean(ResidualizeVsCore4(ResidualizeVsFundingCore(Mul(Neg(Rank(TSMean(realized_vol_12,4))),Mul(Rank(TSMean(realized_vol_12,16)),ZScore(Decay(avg_trade_size_quote,24)))))),20)),3)",886c116eb6c3908a,12,generated_candidate,original,0.32010000000000005,False,False,selected_for_strict_replay
a7o_l1_C0315_0387,C0315,387,H07_taker_flow_lag_stable,P13_trade_size_volatility,MulRankZScore,H12,same_symbol_zscore,FundingCore_and_Core4,low_turnover,F3_high_liquidity_high_vol,avg_trade_size_quote;realized_vol_24,liquidity;volatility,"Decay(Rank(TSMean(ResidualizeVsCore4(ResidualizeVsFundingCore(Clip(Mul(Rank(TSMean(avg_trade_size_quote,3)),ZScore(Decay(realized_vol_24,6))),-4.0,4.0))),60)),96)",01955248bbec81e6,12,generated_candidate,original,0.32010000000000005,False,False,selected_for_strict_replay
a7o_l1_C0315_0484,C0315,484,H07_taker_flow_lag_stable,P13_trade_size_volatility,MulRankZScore,H12,same_symbol_zscore,FundingCore_and_Core4,low_turnover,F3_high_liquidity_high_vol,avg_trade_size_quote;realized_vol_24,liquidity;volatility,"Decay(Rank(TSMean(ResidualizeVsCore4(ResidualizeVsFundingCore(SafeDiv(Sub(Mul(Rank(TSMean(realized_vol_24,10)),ZScore(Decay(avg_trade_size_quote,16))),Rank(TSMean(realized_vol_24,36))),Clip(Abs(TSRank(avg_trade_size_quote,72)),0.05,2.25)))),12)),20)",dbb8508b133907b3,12,generated_candidate,original,0.32010000000000005,False,False,selected_for_strict_replay
a7o_l1_C0315_0775,C0315,775,H07_taker_flow_lag_stable,P13_trade_size_volatility,MulRankZScore,H12,same_symbol_zscore,FundingCore_and_Core4,low_turnover,F3_high_liquidity_high_vol,number_of_trades;realized_vol_24,liquidity;volatility,"Decay(Rank(TSMean(ResidualizeVsCore4(ResidualizeVsFundingCore(SafeDiv(Mul(Rank(TSMean(number_of_trades,20)),ZScore(Decay(realized_vol_24,3))),Clip(Abs(ZScore(TSStd(realized_vol_24,10))),0.05,6.0)))),24)),48)",da6ab4245b709a0a,12,generated_candidate,original,0.32010000000000005,False,False,selected_for_strict_replay
a7o_l1_C0315_0969,C0315,969,H07_taker_flow_lag_stable,P13_trade_size_volatility,MulRankZScore,H12,same_symbol_zscore,FundingCore_and_Core4,low_turnover,F3_high_liquidity_high_vol,number_of_trades;realized_vol_12,liquidity;volatility,"Decay(Rank(TSMean(ResidualizeVsCore4(ResidualizeVsFundingCore(Rank(Delta(Mul(Rank(TSMean(realized_vol_12,16)),ZScore(Decay(number_of_trades,24))),72)))),36)),48)",4d16c459fa83b21f,12,generated_candidate,original,0.32010000000000005,False,False,selected_for_strict_replay
a7o_l1_C0315_1066,C0315,1066,H07_taker_flow_lag_stable,P13_trade_size_volatility,MulRankZScore,H12,same_symbol_zscore,FundingCore_and_Core4,low_turnover,F3_high_liquidity_high_vol,avg_trade_size_quote;realized_vol_12,liquidity;volatility,"Decay(Rank(TSMean(ResidualizeVsCore4(ResidualizeVsFundingCore(Rank(SmoothInteraction(Mul(Rank(TSMean(avg_trade_size_quote,4)),ZScore(Decay(realized_vol_12,8))),TSStd(avg_trade_size_quote,12))))),20)),30)",15741ecb486633e6,12,generated_candidate,original,0.32010000000000005,False,False,selected_for_strict_replay
a7o_l1_C0315_1357,C0315,1357,H07_taker_flow_lag_stable,P13_trade_size_volatility,MulRankZScore,H12,same_symbol_zscore,FundingCore_and_Core4,low_turnover,F3_high_liquidity_high_vol,number_of_trades;realized_vol_24,liquidity;volatility,"Decay(Rank(TSMean(ResidualizeVsCore4(ResidualizeVsFundingCore(Mul(ZScore(TSMean(realized_vol_24,8)),Mul(Rank(TSMean(realized_vol_24,10)),ZScore(Decay(number_of_trades,16)))))),16)),20)",2d577926c4c7acde,12,generated_candidate,original,0.32010000000000005,False,False,selected_for_strict_replay
a7o_l1_C0315_1454,C0315,1454,H07_taker_flow_lag_stable,P13_trade_size_volatility,MulRankZScore,H12,same_symbol_zscore,FundingCore_and_Core4,low_turnover,F3_high_liquidity_high_vol,number_of_trades;realized_vol_12,liquidity;volatility,"Decay(Rank(TSMean(ResidualizeVsCore4(ResidualizeVsFundingCore(Mul(SafeDiv(ZScore(TSMean(number_of_trades,24)),Clip(Abs(ZScore(TSMean(realized_vol_12,48))),0.05,3.0)),Mul(Rank(TSMean(number_of_trades,24)),ZScore(Decay(realized_vol_12,4)))))),12)),20)",558b50753417135f,12,generated_candidate,original,0.32010000000000005,False,False,selected_for_strict_replay
a7o_l1_C0315_1745,C0315,1745,H07_taker_flow_lag_stable,P13_trade_size_volatility,MulRankZScore,H12,same_symbol_zscore,FundingCore_and_Core4,low_turnover,F3_high_liquidity_high_vol,number_of_trades;realized_vol_24,liquidity;volatility,"Decay(Rank(TSMean(ResidualizeVsCore4(ResidualizeVsFundingCore(SmoothInteraction(Mul(Rank(TSMean(number_of_trades,6)),ZScore(Decay(realized_vol_24,10))),TSMean(realized_vol_24,10)))),6)),8)",569aaab751357549,12,generated_candidate,original,0.32010000000000005,False,False,selected_for_strict_replay
a7o_l1_C0315_1842,C0315,1842,H07_taker_flow_lag_stable,P13_trade_size_volatility,MulRankZScore,H12,same_symbol_zscore,FundingCore_and_Core4,low_turnover,F3_high_liquidity_high_vol,avg_trade_size_quote;realized_vol_24,liquidity;volatility,"Decay(Rank(TSMean(ResidualizeVsCore4(ResidualizeVsFundingCore(CrossSymbolRank(Add(Mul(Rank(TSMean(realized_vol_24,16)),ZScore(Decay(avg_trade_size_quote,24))),TSMean(realized_vol_24,24))))),60)),12)",adf9c5dec5f6254b,12,generated_candidate,original,0.32010000000000005,False,False,selected_for_strict_replay
a7o_l1_C0315_0949,C0315,949,H07_taker_flow_lag_stable,P13_trade_size_volatility,MulRankZScore,H12,same_symbol_zscore,FundingCore_and_Core4,low_turnover,F3_high_liquidity_high_vol,avg_trade_size_quote;realized_vol_24,liquidity;volatility,"Decay(Rank(TSMean(ResidualizeVsCore4(ResidualizeVsFundingCore(RegimeMaskNonMay(F5_funding_neutral,Add(Mul(Rank(TSMean(avg_trade_size_quote,4)),ZScore(Decay(realized_vol_24,8))),ZScore(TSMean(realized_vol_24,60)))))),36)),48)",a68e7cb62ea4e23b,12,generated_candidate,original,0.3201,False,False,selected_for_strict_replay
a7o_l1_C0315_0289,C0315,289,H07_taker_flow_lag_stable,P13_trade_size_volatility,MulRankZScore,H12,same_symbol_zscore,FundingCore_and_Core4,low_turnover,F3_high_liquidity_high_vol,number_of_trades;realized_vol_12,liquidity;volatility,"Decay(Rank(TSMean(ResidualizeVsCore4(ResidualizeVsFundingCore(Add(Abs(ZScore(TSStd(realized_vol_12,72))),Mul(Rank(TSMean(realized_vol_12,20)),ZScore(Decay(number_of_trades,3)))))),36)),48)",0f1b9273ac0f050d,12,generated_candidate,original,0.31910000000000005,False,False,selected_for_strict_replay
a7o_l1_C0315_0386,C0315,386,H07_taker_flow_lag_stable,P13_trade_size_volatility,MulRankZScore,H12,same_symbol_zscore,FundingCore_and_Core4,low_turnover,F3_high_liquidity_high_vol,avg_trade_size_quote;realized_vol_12,liquidity;volatility,"Decay(Rank(TSMean(ResidualizeVsCore4(ResidualizeVsFundingCore(ZScore(Decay(Mul(Rank(TSMean(avg_trade_size_quote,6)),ZScore(Decay(realized_vol_12,10))),16)))),24)),36)",db53febae8c6f5ed,12,generated_candidate,original,0.31910000000000005,False,False,selected_for_strict_replay
a7o_l1_C0315_0677,C0315,677,H07_taker_flow_lag_stable,P13_trade_size_volatility,MulRankZScore,H12,same_symbol_zscore,FundingCore_and_Core4,low_turnover,F3_high_liquidity_high_vol,number_of_trades;realized_vol_24,liquidity;volatility,"Decay(Rank(TSMean(ResidualizeVsCore4(ResidualizeVsFundingCore(RollingMax(Sub(Mul(Rank(TSMean(realized_vol_24,12)),ZScore(Decay(number_of_trades,20))),ZScore(TSMean(realized_vol_24,8))),10))),16)),20)",91d0b0d17b8715ca,12,generated_candidate,original,0.31910000000000005,False,False,selected_for_strict_replay
a7o_l1_C0315_0774,C0315,774,H07_taker_flow_lag_stable,P13_trade_size_volatility,MulRankZScore,H12,same_symbol_zscore,FundingCore_and_Core4,low_turnover,F3_high_liquidity_high_vol,number_of_trades;realized_vol_12,liquidity;volatility,"Decay(Rank(TSMean(ResidualizeVsCore4(ResidualizeVsFundingCore(Mul(Mul(Rank(TSMean(number_of_trades,3)),ZScore(Decay(realized_vol_12,6))),Rank(TSStd(number_of_trades,24))))),16)),24)",941b146ff677ef33,12,generated_candidate,original,0.31910000000000005,False,False,selected_for_strict_replay
a7o_l1_C0316_2036,C0316,2036,H07_taker_flow_lag_stable,P1_range_volatility,RollingMaxRank,H72,cross_symbol_zscore,FundingCore,low_turnover,F9_liquidity_shock,realized_vol_24,volatility,"Decay(Rank(TSMean(ResidualizeVsFundingCore(cross_symbol_zscore(RegimeMaskNonMay(F3_high_liquidity_high_vol,Sub(Rank(RollingMax(realized_vol_24,60)),Rank(TSMean(realized_vol_24,3)))))),16)),24)",a509e148ecfdc9a5,72,generated_candidate,original,0.21610000000000001,False,False,selected_for_strict_replay
a7o_l1_C0316_0181,C0316,181,H07_taker_flow_lag_stable,P1_range_volatility,RollingMaxRank,H72,cross_symbol_zscore,FundingCore,low_turnover,F9_liquidity_shock,hl_range;realized_vol_24,volatility,"Decay(Rank(TSMean(ResidualizeVsFundingCore(cross_symbol_zscore(RegimeMaskNonMay(F5_funding_neutral,Add(Rank(RollingMax(realized_vol_24,48)),ZScore(TSMean(hl_range,10)))))),10)),12)",26e9fecfd0cb6412,72,generated_candidate,original,0.2041,False,False,selected_for_strict_replay
a7o_l1_C0316_0180,C0316,180,H07_taker_flow_lag_stable,P1_range_volatility,RollingMaxRank,H72,cross_symbol_zscore,FundingCore,low_turnover,F9_liquidity_shock,abs_ret_1;realized_vol_24,volatility,"Decay(Rank(TSMean(ResidualizeVsFundingCore(cross_symbol_zscore(RegimeMaskNonMay(F3_high_liquidity_high_vol,Sub(Rank(RollingMax(realized_vol_24,60)),Rank(TSMean(realized_vol_24,4)))))),4)),8)",01f0ba994bb9b1e2,72,generated_candidate,original,0.2031,False,False,selected_for_strict_replay
a7o_l1_C0316_0373,C0316,373,H07_taker_flow_lag_stable,P1_range_volatility,RollingMaxRank,H72,cross_symbol_zscore,FundingCore,low_turnover,F9_liquidity_shock,realized_vol_24;realized_vol_6,volatility,"Decay(Rank(TSMean(ResidualizeVsFundingCore(cross_symbol_zscore(RegimeMaskNonMay(F5_funding_neutral,Add(Rank(RollingMax(realized_vol_24,48)),ZScore(TSMean(realized_vol_6,60)))))),24)),30)",49a86a6c353b79d4,72,generated_candidate,original,0.2021,False,False,selected_for_strict_replay
a7o_l1_C0316_0372,C0316,372,H07_taker_flow_lag_stable,P1_range_volatility,RollingMaxRank,H72,cross_symbol_zscore,FundingCore,low_turnover,F9_liquidity_shock,hl_range;realized_vol_24,volatility,"Decay(Rank(TSMean(ResidualizeVsFundingCore(cross_symbol_zscore(RegimeMaskNonMay(F3_high_liquidity_high_vol,Sub(Rank(RollingMax(realized_vol_24,60)),Rank(TSMean(realized_vol_24,24)))))),10)),16)",22510d400257cf0f,72,generated_candidate,original,0.2011,False,False,selected_for_strict_replay
a7o_l1_C0316_0565,C0316,565,H07_taker_flow_lag_stable,P1_range_volatility,RollingMaxRank,H72,cross_symbol_zscore,FundingCore,low_turnover,F9_liquidity_shock,abs_ret_1;hl_range,volatility,"Decay(Rank(TSMean(ResidualizeVsFundingCore(cross_symbol_zscore(RegimeMaskNonMay(F5_funding_neutral,Add(Rank(RollingMax(hl_range,48)),ZScore(TSMean(abs_ret_1,10)))))),6)),8)",92f37590234864c7,72,generated_candidate,original,0.2001,False,False,selected_for_strict_replay
a7o_l1_C0316_0564,C0316,564,H07_taker_flow_lag_stable,P1_range_volatility,RollingMaxRank,H72,cross_symbol_zscore,FundingCore,low_turnover,F9_liquidity_shock,abs_ret_1;realized_vol_24,volatility,"Decay(Rank(TSMean(ResidualizeVsFundingCore(cross_symbol_zscore(RegimeMaskNonMay(F3_high_liquidity_high_vol,Sub(Rank(RollingMax(abs_ret_1,60)),Rank(TSMean(abs_ret_1,36)))))),20)),3)",1a9207ab5ed98658,72,generated_candidate,original,0.1991,False,False,selected_for_strict_replay
a7o_l1_C0316_0757,C0316,757,H07_taker_flow_lag_stable,P1_range_volatility,RollingMaxRank,H72,cross_symbol_zscore,FundingCore,low_turnover,F9_liquidity_shock,realized_vol_12;realized_vol_6,volatility,"Decay(Rank(TSMean(ResidualizeVsFundingCore(cross_symbol_zscore(RegimeMaskNonMay(F5_funding_neutral,Add(Rank(RollingMax(realized_vol_6,48)),ZScore(TSMean(realized_vol_12,10)))))),16)),20)",aed8b67d796e264e,72,generated_candidate,original,0.1981,False,False,selected_for_strict_replay
a7o_l1_C0316_0756,C0316,756,H07_taker_flow_lag_stable,P1_range_volatility,RollingMaxRank,H72,cross_symbol_zscore,FundingCore,low_turnover,F9_liquidity_shock,realized_vol_6,volatility,"Decay(Rank(TSMean(ResidualizeVsFundingCore(cross_symbol_zscore(RegimeMaskNonMay(F3_high_liquidity_high_vol,Sub(Rank(RollingMax(realized_vol_6,60)),Rank(TSMean(realized_vol_6,10)))))),4)),8)",560f2b4673f29ad2,72,generated_candidate,original,0.1971,False,False,selected_for_strict_replay
a7o_l1_C0316_0096,C0316,96,H07_taker_flow_lag_stable,P1_range_volatility,RollingMaxRank,H72,cross_symbol_zscore,FundingCore,low_turnover,F9_liquidity_shock,realized_vol_12,volatility,"Decay(Rank(TSMean(ResidualizeVsFundingCore(cross_symbol_zscore(Mul(Neg(Rank(TSMean(realized_vol_12,4))),Rank(RollingMax(realized_vol_12,24))))),20)),3)",e81ef2572ec25f6c,72,generated_candidate,original,0.1961,False,False,selected_for_strict_replay
a7o_l1_C0316_0193,C0316,193,H07_taker_flow_lag_stable,P1_range_volatility,RollingMaxRank,H72,cross_symbol_zscore,FundingCore,low_turnover,F9_liquidity_shock,hl_range;realized_vol_12,volatility,"Decay(Rank(TSMean(ResidualizeVsFundingCore(cross_symbol_zscore(Rank(TSMean(Rank(RollingMax(hl_range,96)),36)))),24)),30)",34abfdd947badf40,72,generated_candidate,original,0.1961,False,False,selected_for_strict_replay
a7o_l1_C0316_0290,C0316,290,H07_taker_flow_lag_stable,P1_range_volatility,RollingMaxRank,H72,cross_symbol_zscore,FundingCore,low_turnover,F9_liquidity_shock,abs_ret_1;realized_vol_12,volatility,"Decay(Rank(TSMean(ResidualizeVsFundingCore(cross_symbol_zscore(Sub(Rank(RollingMax(abs_ret_1,84)),Abs(ZScore(TSMean(realized_vol_12,10)))))),48)),72)",fc10ff11d14282e1,72,generated_candidate,original,0.1961,False,False,selected_for_strict_replay
a7o_l1_C0316_0387,C0316,387,H07_taker_flow_lag_stable,P1_range_volatility,RollingMaxRank,H72,cross_symbol_zscore,FundingCore,low_turnover,F9_liquidity_shock,realized_vol_12,volatility,"Decay(Rank(TSMean(ResidualizeVsFundingCore(cross_symbol_zscore(Clip(Rank(RollingMax(realized_vol_12,72)),-4.0,4.0))),60)),96)",bcbc12aa1fc5ec7e,72,generated_candidate,original,0.1961,False,False,selected_for_strict_replay
a7o_l1_C0316_0484,C0316,484,H07_taker_flow_lag_stable,P1_range_volatility,RollingMaxRank,H72,cross_symbol_zscore,FundingCore,low_turnover,F9_liquidity_shock,hl_range;realized_vol_12,volatility,"Decay(Rank(TSMean(ResidualizeVsFundingCore(cross_symbol_zscore(SafeDiv(Sub(Rank(RollingMax(hl_range,60)),Rank(TSMean(hl_range,36))),Clip(Abs(TSRank(realized_vol_12,72)),0.05,2.25)))),12)),20)",3775aadf41eb4269,72,generated_candidate,original,0.1961,False,False,selected_for_strict_replay
a7o_l1_C0316_0581,C0316,581,H07_taker_flow_lag_stable,P1_range_volatility,RollingMaxRank,H72,cross_symbol_zscore,FundingCore,low_turnover,F9_liquidity_shock,abs_ret_1;realized_vol_12,volatility,"Decay(Rank(TSMean(ResidualizeVsFundingCore(cross_symbol_zscore(Add(Rank(RollingMax(abs_ret_1,48)),ZScore(TSMean(realized_vol_12,12))))),10)),12)",8a43e767b3d0d8ae,72,generated_candidate,original,0.1961,False,False,selected_for_strict_replay
a7o_l1_C0316_0678,C0316,678,H07_taker_flow_lag_stable,P1_range_volatility,RollingMaxRank,H72,cross_symbol_zscore,FundingCore,low_turnover,F9_liquidity_shock,realized_vol_12,volatility,"Decay(Rank(TSMean(ResidualizeVsFundingCore(cross_symbol_zscore(RollingMin(Add(Rank(RollingMax(realized_vol_12,36)),Rank(TSMean(realized_vol_12,12))),60))),30)),48)",b2619cbb1281c39a,72,generated_candidate,original,0.1961,False,False,selected_for_strict_replay
a7o_l1_C0316_0775,C0316,775,H07_taker_flow_lag_stable,P1_range_volatility,RollingMaxRank,H72,cross_symbol_zscore,FundingCore,low_turnover,F9_liquidity_shock,realized_vol_12;realized_vol_6,volatility,"Decay(Rank(TSMean(ResidualizeVsFundingCore(cross_symbol_zscore(SafeDiv(Rank(RollingMax(realized_vol_6,30)),Clip(Abs(ZScore(TSStd(realized_vol_12,10))),0.05,6.0)))),24)),48)",9bc977ad8b874170,72,generated_candidate,original,0.1961,False,False,selected_for_strict_replay
a7o_l1_C0316_0872,C0316,872,H07_taker_flow_lag_stable,P1_range_volatility,RollingMaxRank,H72,cross_symbol_zscore,FundingCore,low_turnover,F9_liquidity_shock,hl_range;realized_vol_24,volatility,"Decay(Rank(TSMean(ResidualizeVsFundingCore(cross_symbol_zscore(TSRank(Sub(TSMean(Rank(RollingMax(realized_vol_24,24)),24),TSMean(realized_vol_24,30)),36))),8)),12)",7f3b65dcb9d71dfb,72,generated_candidate,original,0.1961,False,False,selected_for_strict_replay
a7o_l1_C0316_0949,C0316,949,H07_taker_flow_lag_stable,P1_range_volatility,RollingMaxRank,H72,cross_symbol_zscore,FundingCore,low_turnover,F9_liquidity_shock,realized_vol_24;realized_vol_6,volatility,"Decay(Rank(TSMean(ResidualizeVsFundingCore(cross_symbol_zscore(RegimeMaskNonMay(F5_funding_neutral,Add(Rank(RollingMax(realized_vol_6,48)),ZScore(TSMean(realized_vol_24,60)))))),36)),48)",3ac359d001dcc7a2,72,generated_candidate,original,0.1961,False,False,selected_for_strict_replay
a7o_l1_C0316_0969,C0316,969,H07_taker_flow_lag_stable,P1_range_volatility,RollingMaxRank,H72,cross_symbol_zscore,FundingCore,low_turnover,F9_liquidity_shock,hl_range;realized_vol_6,volatility,"Decay(Rank(TSMean(ResidualizeVsFundingCore(cross_symbol_zscore(Rank(Delta(Rank(RollingMax(realized_vol_6,96)),72)))),36)),48)",295f23cccf660346,72,generated_candidate,original,0.1961,False,False,selected_for_strict_replay
a7o_l1_C0316_1066,C0316,1066,H07_taker_flow_lag_stable,P1_range_volatility,RollingMaxRank,H72,cross_symbol_zscore,FundingCore,low_turnover,F9_liquidity_shock,hl_range,volatility,"Decay(Rank(TSMean(ResidualizeVsFundingCore(cross_symbol_zscore(Rank(SmoothInteraction(Rank(RollingMax(hl_range,84)),TSStd(hl_range,12))))),20)),30)",d2623c785f9e5384,72,generated_candidate,original,0.1961,False,False,selected_for_strict_replay
a7o_l1_C0316_1163,C0316,1163,H07_taker_flow_lag_stable,P1_range_volatility,RollingMaxRank,H72,cross_symbol_zscore,FundingCore,low_turnover,F9_liquidity_shock,hl_range;realized_vol_24,volatility,"Decay(Rank(TSMean(ResidualizeVsFundingCore(cross_symbol_zscore(WinsorZScore(Rank(RollingMax(realized_vol_24,72)),3.0))),60)),96)",4d1a79259a62fda6,72,generated_candidate,original,0.1961,False,False,selected_for_strict_replay
a7o_l1_C0316_1260,C0316,1260,H07_taker_flow_lag_stable,P1_range_volatility,RollingMaxRank,H72,cross_symbol_zscore,FundingCore,low_turnover,F9_liquidity_shock,hl_range;realized_vol_12,volatility,"Decay(Rank(TSMean(ResidualizeVsFundingCore(cross_symbol_zscore(Sub(WinsorZScore(TSMean(realized_vol_12,4),1.25),WinsorZScore(TSMean(hl_range,10),1.25)))),4)),8)",20ca6d43740bb814,72,generated_candidate,original,0.1961,False,False,selected_for_strict_replay
a7o_l1_C0316_1357,C0316,1357,H07_taker_flow_lag_stable,P1_range_volatility,RollingMaxRank,H72,cross_symbol_zscore,FundingCore,low_turnover,F9_liquidity_shock,hl_range,volatility,"Decay(Rank(TSMean(ResidualizeVsFundingCore(cross_symbol_zscore(Mul(ZScore(TSMean(hl_range,8)),Rank(RollingMax(hl_range,48))))),16)),20)",62384bdf5b3843bc,72,generated_candidate,original,0.1961,False,False,selected_for_strict_replay
a7o_l1_C0317_2036,C0317,2036,H10_range_breakout_failure,P3_trade_size,RollingMinRank,H48,same_symbol_zscore,FundingCore,low_turnover,F8_low_vol_high_liquidity,number_of_trades,liquidity,"Sub(TSMean(ResidualizeVsFundingCore(RegimeMaskNonMay(F3_high_liquidity_high_vol,Sub(Rank(RollingMin(number_of_trades,36)),Rank(TSMean(number_of_trades,3))))),16),Sub(RollingMax(number_of_trades,16),RollingMin(number_of_trades,24)))",1db1db64aa72387f,48,generated_candidate,original,0.22280000000000003,False,False,selected_for_strict_replay
a7o_l1_C0317_0181,C0317,181,H10_range_breakout_failure,P3_trade_size,RollingMinRank,H48,same_symbol_zscore,FundingCore,low_turnover,F8_low_vol_high_liquidity,quote_asset_volume,liquidity,"Sub(TSMean(ResidualizeVsFundingCore(RegimeMaskNonMay(F5_funding_neutral,Add(Rank(RollingMin(quote_asset_volume,60)),ZScore(TSMean(quote_asset_volume,10))))),10),Sub(RollingMax(quote_asset_volume,10),RollingMin(quote_asset_volume,12)))",39aaf693c4e6005e,48,generated_candidate,original,0.21080000000000002,False,False,selected_for_strict_replay
a7o_l1_C0317_0180,C0317,180,H10_range_breakout_failure,P3_trade_size,RollingMinRank,H48,same_symbol_zscore,FundingCore,low_turnover,F8_low_vol_high_liquidity,number_of_trades;quote_asset_volume,liquidity,"Sub(TSMean(ResidualizeVsFundingCore(RegimeMaskNonMay(F3_high_liquidity_high_vol,Sub(Rank(RollingMin(quote_asset_volume,12)),Rank(TSMean(quote_asset_volume,4))))),4),Sub(RollingMax(quote_asset_volume,4),RollingMin(number_of_trades,8)))",8605d7c0cb15c2d6,48,generated_candidate,original,0.20980000000000001,False,False,selected_for_strict_replay
a7o_l1_C0317_0373,C0317,373,H10_range_breakout_failure,P3_trade_size,RollingMinRank,H48,same_symbol_zscore,FundingCore,low_turnover,F8_low_vol_high_liquidity,avg_trade_size_quote;quote_asset_volume,liquidity,"Sub(TSMean(ResidualizeVsFundingCore(RegimeMaskNonMay(F5_funding_neutral,Add(Rank(RollingMin(avg_trade_size_quote,16)),ZScore(TSMean(quote_asset_volume,60))))),24),Sub(RollingMax(avg_trade_size_quote,24),RollingMin(quote_asset_volume,30)))",14ec954810eefc02,48,generated_candidate,original,0.2088,False,False,selected_for_strict_replay
a7o_l1_C0317_0372,C0317,372,H10_range_breakout_failure,P3_trade_size,RollingMinRank,H48,same_symbol_zscore,FundingCore,low_turnover,F8_low_vol_high_liquidity,avg_trade_size_quote;number_of_trades,liquidity,"Sub(TSMean(ResidualizeVsFundingCore(RegimeMaskNonMay(F3_high_liquidity_high_vol,Sub(Rank(RollingMin(avg_trade_size_quote,24)),Rank(TSMean(avg_trade_size_quote,24))))),10),Sub(RollingMax(avg_trade_size_quote,10),RollingMin(number_of_trades,16)))",e40960f8f713ab1b,48,generated_candidate,original,0.2078,False,False,selected_for_strict_replay
a7o_l1_C0317_0565,C0317,565,H10_range_breakout_failure,P3_trade_size,RollingMinRank,H48,same_symbol_zscore,FundingCore,low_turnover,F8_low_vol_high_liquidity,number_of_trades;quote_asset_volume,liquidity,"Sub(TSMean(ResidualizeVsFundingCore(RegimeMaskNonMay(F5_funding_neutral,Add(Rank(RollingMin(number_of_trades,30)),ZScore(TSMean(quote_asset_volume,10))))),6),Sub(RollingMax(number_of_trades,6),RollingMin(quote_asset_volume,8)))",9340c5ebbde3a6fa,48,generated_candidate,original,0.2068,False,False,selected_for_strict_replay
a7o_l1_C0317_0564,C0317,564,H10_range_breakout_failure,P3_trade_size,RollingMinRank,H48,same_symbol_zscore,FundingCore,low_turnover,F8_low_vol_high_liquidity,number_of_trades,liquidity,"Sub(TSMean(ResidualizeVsFundingCore(RegimeMaskNonMay(F3_high_liquidity_high_vol,Sub(Rank(RollingMin(number_of_trades,48)),Rank(TSMean(number_of_trades,36))))),20),Sub(RollingMax(number_of_trades,20),RollingMin(number_of_trades,3)))",e6fde642e26d7ca9,48,generated_candidate,original,0.2058,False,False,selected_for_strict_replay
a7o_l1_C0317_0757,C0317,757,H10_range_breakout_failure,P3_trade_size,RollingMinRank,H48,same_symbol_zscore,FundingCore,low_turnover,F8_low_vol_high_liquidity,avg_trade_size_quote;number_of_trades,liquidity,"Sub(TSMean(ResidualizeVsFundingCore(RegimeMaskNonMay(F5_funding_neutral,Add(Rank(RollingMin(avg_trade_size_quote,60)),ZScore(TSMean(number_of_trades,10))))),16),Sub(RollingMax(avg_trade_size_quote,16),RollingMin(number_of_trades,20)))",d212e3b5116c7647,48,generated_candidate,original,0.2048,False,False,selected_for_strict_replay
a7o_l1_C0317_0756,C0317,756,H10_range_breakout_failure,P3_trade_size,RollingMinRank,H48,same_symbol_zscore,FundingCore,low_turnover,F8_low_vol_high_liquidity,avg_trade_size_quote,liquidity,"Sub(TSMean(ResidualizeVsFundingCore(RegimeMaskNonMay(F3_high_liquidity_high_vol,Sub(Rank(RollingMin(avg_trade_size_quote,12)),Rank(TSMean(avg_trade_size_quote,10))))),4),Sub(RollingMax(avg_trade_size_quote,4),RollingMin(avg_trade_size_quote,8)))",7121f32e1a841ba5,48,generated_candidate,original,0.2038,False,False,selected_for_strict_replay
a7o_l1_C0317_0096,C0317,96,H10_range_breakout_failure,P3_trade_size,RollingMinRank,H48,same_symbol_zscore,FundingCore,low_turnover,F8_low_vol_high_liquidity,avg_trade_size_quote;quote_asset_volume,liquidity,"Sub(TSMean(ResidualizeVsFundingCore(Mul(Neg(Rank(TSMean(avg_trade_size_quote,4))),Rank(RollingMin(avg_trade_size_quote,48)))),20),Sub(RollingMax(avg_trade_size_quote,20),RollingMin(quote_asset_volume,3)))",acf23f2d04ee236e,48,generated_candidate,original,0.2028,False,False,selected_for_strict_replay
a7o_l1_C0317_0193,C0317,193,H10_range_breakout_failure,P3_trade_size,RollingMinRank,H48,same_symbol_zscore,FundingCore,low_turnover,F8_low_vol_high_liquidity,number_of_trades,liquidity,"Sub(TSMean(ResidualizeVsFundingCore(Rank(TSMean(Rank(RollingMin(number_of_trades,16)),36))),24),Sub(RollingMax(number_of_trades,24),RollingMin(number_of_trades,30)))",b55f3ea2c50cbaef,48,generated_candidate,original,0.2028,False,False,selected_for_strict_replay
a7o_l1_C0317_0290,C0317,290,H10_range_breakout_failure,P3_trade_size,RollingMinRank,H48,same_symbol_zscore,FundingCore,low_turnover,F8_low_vol_high_liquidity,avg_trade_size_quote;quote_asset_volume,liquidity,"Sub(TSMean(ResidualizeVsFundingCore(Sub(Rank(RollingMin(quote_asset_volume,36)),Abs(ZScore(TSMean(avg_trade_size_quote,10))))),48),Sub(RollingMax(quote_asset_volume,48),RollingMin(avg_trade_size_quote,72)))",e6698e6d84d613eb,48,generated_candidate,original,0.2028,False,False,selected_for_strict_replay
a7o_l1_C0317_0387,C0317,387,H10_range_breakout_failure,P3_trade_size,RollingMinRank,H48,same_symbol_zscore,FundingCore,low_turnover,F8_low_vol_high_liquidity,number_of_trades;quote_asset_volume,liquidity,"Sub(TSMean(ResidualizeVsFundingCore(Clip(Rank(RollingMin(number_of_trades,12)),-4.0,4.0)),60),Sub(RollingMax(number_of_trades,60),RollingMin(quote_asset_volume,96)))",d16ecb1aa9066ad8,48,generated_candidate,original,0.2028,False,False,selected_for_strict_replay
a7o_l1_C0317_0484,C0317,484,H10_range_breakout_failure,P3_trade_size,RollingMinRank,H48,same_symbol_zscore,FundingCore,low_turnover,F8_low_vol_high_liquidity,number_of_trades;quote_asset_volume,liquidity,"Sub(TSMean(ResidualizeVsFundingCore(SafeDiv(Sub(Rank(RollingMin(number_of_trades,30)),Rank(TSMean(number_of_trades,36))),Clip(Abs(TSRank(quote_asset_volume,72)),0.05,2.25))),12),Sub(RollingMax(number_of_trades,12),RollingMin(quote_asset_volume,20)))",27b915d56d3814e0,48,generated_candidate,original,0.2028,False,False,selected_for_strict_replay
a7o_l1_C0317_0581,C0317,581,H10_range_breakout_failure,P3_trade_size,RollingMinRank,H48,same_symbol_zscore,FundingCore,low_turnover,F8_low_vol_high_liquidity,number_of_trades;quote_asset_volume,liquidity,"Sub(TSMean(ResidualizeVsFundingCore(Add(Rank(RollingMin(quote_asset_volume,72)),ZScore(TSMean(number_of_trades,12)))),10),Sub(RollingMax(quote_asset_volume,10),RollingMin(number_of_trades,12)))",6a39163973501eef,48,generated_candidate,original,0.2028,False,False,selected_for_strict_replay
a7o_l1_C0317_0678,C0317,678,H10_range_breakout_failure,P3_trade_size,RollingMinRank,H48,same_symbol_zscore,FundingCore,low_turnover,F8_low_vol_high_liquidity,avg_trade_size_quote;number_of_trades,liquidity,"Sub(TSMean(ResidualizeVsFundingCore(RollingMin(Add(Rank(RollingMin(number_of_trades,24)),Rank(TSMean(avg_trade_size_quote,12))),60)),30),Sub(RollingMax(number_of_trades,30),RollingMin(avg_trade_size_quote,48)))",708004b542c822b3,48,generated_candidate,original,0.2028,False,False,selected_for_strict_replay
a7o_l1_C0317_0775,C0317,775,H10_range_breakout_failure,P3_trade_size,RollingMinRank,H48,same_symbol_zscore,FundingCore,low_turnover,F8_low_vol_high_liquidity,quote_asset_volume,liquidity,"Sub(TSMean(ResidualizeVsFundingCore(SafeDiv(Rank(RollingMin(quote_asset_volume,60)),Clip(Abs(ZScore(TSStd(quote_asset_volume,10))),0.05,6.0))),24),Sub(RollingMax(quote_asset_volume,24),RollingMin(quote_asset_volume,48)))",95db8045d021e4b4,48,generated_candidate,original,0.2028,False,False,selected_for_strict_replay
a7o_l1_C0317_0872,C0317,872,H10_range_breakout_failure,P3_trade_size,RollingMinRank,H48,same_symbol_zscore,FundingCore,low_turnover,F8_low_vol_high_liquidity,quote_asset_volume,liquidity,"Sub(TSMean(ResidualizeVsFundingCore(TSRank(Sub(TSMean(Rank(RollingMin(quote_asset_volume,20)),24),TSMean(quote_asset_volume,30)),36)),8),Sub(RollingMax(quote_asset_volume,8),RollingMin(quote_asset_volume,12)))",d7ecaab10d24bbf0,48,generated_candidate,original,0.2028,False,False,selected_for_strict_replay
a7o_l1_C0317_0949,C0317,949,H10_range_breakout_failure,P3_trade_size,RollingMinRank,H48,same_symbol_zscore,FundingCore,low_turnover,F8_low_vol_high_liquidity,number_of_trades,liquidity,"Sub(TSMean(ResidualizeVsFundingCore(RegimeMaskNonMay(F5_funding_neutral,Add(Rank(RollingMin(number_of_trades,16)),ZScore(TSMean(number_of_trades,60))))),36),Sub(RollingMax(number_of_trades,36),RollingMin(number_of_trades,48)))",1957c08e0013854b,48,generated_candidate,original,0.2028,False,False,selected_for_strict_replay
a7o_l1_C0317_0969,C0317,969,H10_range_breakout_failure,P3_trade_size,RollingMinRank,H48,same_symbol_zscore,FundingCore,low_turnover,F8_low_vol_high_liquidity,number_of_trades,liquidity,"Sub(TSMean(ResidualizeVsFundingCore(Rank(Delta(Rank(RollingMin(number_of_trades,48)),72))),36),Sub(RollingMax(number_of_trades,36),RollingMin(number_of_trades,48)))",31033d48b16cc27e,48,generated_candidate,original,0.2028,False,False,selected_for_strict_replay
a7o_l1_C0317_1066,C0317,1066,H10_range_breakout_failure,P3_trade_size,RollingMinRank,H48,same_symbol_zscore,FundingCore,low_turnover,F8_low_vol_high_liquidity,avg_trade_size_quote;quote_asset_volume,liquidity,"Sub(TSMean(ResidualizeVsFundingCore(Rank(SmoothInteraction(Rank(RollingMin(quote_asset_volume,16)),TSStd(quote_asset_volume,12)))),20),Sub(RollingMax(quote_asset_volume,20),RollingMin(avg_trade_size_quote,30)))",cdb224c4d6cc082f,48,generated_candidate,original,0.2028,False,False,selected_for_strict_replay
a7o_l1_C0317_1163,C0317,1163,H10_range_breakout_failure,P3_trade_size,RollingMinRank,H48,same_symbol_zscore,FundingCore,low_turnover,F8_low_vol_high_liquidity,avg_trade_size_quote;quote_asset_volume,liquidity,"Sub(TSMean(ResidualizeVsFundingCore(WinsorZScore(Rank(RollingMin(avg_trade_size_quote,36)),3.0)),60),Sub(RollingMax(avg_trade_size_quote,60),RollingMin(quote_asset_volume,96)))",42d17e9212850734,48,generated_candidate,original,0.2028,False,False,selected_for_strict_replay
a7o_l1_C0317_1260,C0317,1260,H10_range_breakout_failure,P3_trade_size,RollingMinRank,H48,same_symbol_zscore,FundingCore,low_turnover,F8_low_vol_high_liquidity,number_of_trades;quote_asset_volume,liquidity,"Sub(TSMean(ResidualizeVsFundingCore(Sub(WinsorZScore(TSMean(quote_asset_volume,4),1.25),WinsorZScore(TSMean(number_of_trades,10),1.25))),4),Sub(RollingMax(quote_asset_volume,4),RollingMin(number_of_trades,8)))",38790f31cec4d5fb,48,generated_candidate,original,0.2028,False,False,selected_for_strict_replay
a7o_l1_C0317_1357,C0317,1357,H10_range_breakout_failure,P3_trade_size,RollingMinRank,H48,same_symbol_zscore,FundingCore,low_turnover,F8_low_vol_high_liquidity,number_of_trades;quote_asset_volume,liquidity,"Sub(TSMean(ResidualizeVsFundingCore(Mul(ZScore(TSMean(quote_asset_volume,8)),Rank(RollingMin(quote_asset_volume,30)))),16),Sub(RollingMax(quote_asset_volume,16),RollingMin(number_of_trades,20)))",9ff433616f2cffae,48,generated_candidate,original,0.2028,False,False,selected_for_strict_replay
a7o_l1_C0318_2036,C0318,2036,H07_taker_flow_lag_stable,P11_volatility_basis,RollingMinRank,ensemble_6_12_24_48,cross_symbol_zscore,Core4,low_turnover,F0_calendar_blocks,mark_index_ratio;realized_vol_12,basis;volatility,"Decay(Rank(TSMean(ResidualizeVsCore4(cross_symbol_zscore(RegimeMaskNonMay(F3_high_liquidity_high_vol,Sub(Rank(RollingMin(realized_vol_12,12)),Rank(TSMean(realized_vol_12,3)))))),16)),24)",8a7251a9933b858b,12,generated_candidate,original,0.29650000000000004,False,False,selected_for_strict_replay
a7o_l1_C0318_0181,C0318,181,H07_taker_flow_lag_stable,P11_volatility_basis,RollingMinRank,ensemble_6_12_24_48,cross_symbol_zscore,Core4,low_turnover,F0_calendar_blocks,premium_index;realized_vol_12,basis;volatility,"Decay(Rank(TSMean(ResidualizeVsCore4(cross_symbol_zscore(RegimeMaskNonMay(F5_funding_neutral,Add(Rank(RollingMin(realized_vol_12,20)),ZScore(TSMean(premium_index,10)))))),10)),12)",4ea6f5f595a2e0c4,12,generated_candidate,original,0.28450000000000003,False,False,selected_for_strict_replay
a7o_l1_C0318_0180,C0318,180,H07_taker_flow_lag_stable,P11_volatility_basis,RollingMinRank,ensemble_6_12_24_48,cross_symbol_zscore,Core4,low_turnover,F0_calendar_blocks,mark_index_ratio;realized_vol_12,basis;volatility,"Decay(Rank(TSMean(ResidualizeVsCore4(cross_symbol_zscore(RegimeMaskNonMay(F3_high_liquidity_high_vol,Sub(Rank(RollingMin(realized_vol_12,3)),Rank(TSMean(realized_vol_12,4)))))),4)),8)",058c4d493939630b,6,generated_candidate,original,0.28350000000000003,False,False,selected_for_strict_replay
a7o_l1_C0318_0373,C0318,373,H07_taker_flow_lag_stable,P11_volatility_basis,RollingMinRank,ensemble_6_12_24_48,cross_symbol_zscore,Core4,low_turnover,F0_calendar_blocks,premium_index;realized_vol_12,basis;volatility,"Decay(Rank(TSMean(ResidualizeVsCore4(cross_symbol_zscore(RegimeMaskNonMay(F5_funding_neutral,Add(Rank(RollingMin(realized_vol_12,16)),ZScore(TSMean(premium_index,60)))))),24)),30)",d8cb8c09dae15795,48,generated_candidate,original,0.28250000000000003,False,False,selected_for_strict_replay
a7o_l1_C0318_0372,C0318,372,H07_taker_flow_lag_stable,P11_volatility_basis,RollingMinRank,ensemble_6_12_24_48,cross_symbol_zscore,Core4,low_turnover,F0_calendar_blocks,mark_index_ratio;realized_vol_12,basis;volatility,"Decay(Rank(TSMean(ResidualizeVsCore4(cross_symbol_zscore(RegimeMaskNonMay(F3_high_liquidity_high_vol,Sub(Rank(RollingMin(realized_vol_12,16)),Rank(TSMean(realized_vol_12,24)))))),10)),16)",f664cc2a7f3bb0c4,24,generated_candidate,original,0.28150000000000003,False,False,selected_for_strict_replay
a7o_l1_C0318_0565,C0318,565,H07_taker_flow_lag_stable,P11_volatility_basis,RollingMinRank,ensemble_6_12_24_48,cross_symbol_zscore,Core4,low_turnover,F0_calendar_blocks,premium_index;realized_vol_12,basis;volatility,"Decay(Rank(TSMean(ResidualizeVsCore4(cross_symbol_zscore(RegimeMaskNonMay(F5_funding_neutral,Add(Rank(RollingMin(realized_vol_12,3)),ZScore(TSMean(premium_index,10)))))),6)),8)",12d019beb4b9d9c6,6,generated_candidate,original,0.2805,False,False,selected_for_strict_replay
a7o_l1_C0318_0564,C0318,564,H07_taker_flow_lag_stable,P11_volatility_basis,RollingMinRank,ensemble_6_12_24_48,cross_symbol_zscore,Core4,low_turnover,F0_calendar_blocks,mark_index_ratio;realized_vol_12,basis;volatility,"Decay(Rank(TSMean(ResidualizeVsCore4(cross_symbol_zscore(RegimeMaskNonMay(F3_high_liquidity_high_vol,Sub(Rank(RollingMin(realized_vol_12,60)),Rank(TSMean(realized_vol_12,36)))))),20)),3)",997bd6177f00b9f8,72,generated_candidate,original,0.2795,False,False,selected_for_strict_replay
a7o_l1_C0318_0757,C0318,757,H07_taker_flow_lag_stable,P11_volatility_basis,RollingMinRank,ensemble_6_12_24_48,cross_symbol_zscore,Core4,low_turnover,F0_calendar_blocks,premium_index;realized_vol_12,basis;volatility,"Decay(Rank(TSMean(ResidualizeVsCore4(cross_symbol_zscore(RegimeMaskNonMay(F5_funding_neutral,Add(Rank(RollingMin(realized_vol_12,48)),ZScore(TSMean(premium_index,10)))))),16)),20)",c7e0a400f0177be9,24,generated_candidate,original,0.2785,False,False,selected_for_strict_replay
a7o_l1_C0318_0756,C0318,756,H07_taker_flow_lag_stable,P11_volatility_basis,RollingMinRank,ensemble_6_12_24_48,cross_symbol_zscore,Core4,low_turnover,F0_calendar_blocks,mark_index_ratio;realized_vol_12,basis;volatility,"Decay(Rank(TSMean(ResidualizeVsCore4(cross_symbol_zscore(RegimeMaskNonMay(F3_high_liquidity_high_vol,Sub(Rank(RollingMin(realized_vol_12,3)),Rank(TSMean(realized_vol_12,10)))))),4)),8)",4ef6c592d9bb3576,12,generated_candidate,original,0.2775,False,False,selected_for_strict_replay
a7o_l1_C0318_0096,C0318,96,H07_taker_flow_lag_stable,P11_volatility_basis,RollingMinRank,ensemble_6_12_24_48,cross_symbol_zscore,Core4,low_turnover,F0_calendar_blocks,mark_index_ratio;realized_vol_12,basis;volatility,"Decay(Rank(TSMean(ResidualizeVsCore4(cross_symbol_zscore(Mul(Neg(Rank(TSMean(mark_index_ratio,4))),Rank(RollingMin(mark_index_ratio,16))))),20)),3)",573e5ddde5758fb0,12,generated_candidate,original,0.2765,False,False,selected_for_strict_replay
a7o_l1_C0318_0387,C0318,387,H07_taker_flow_lag_stable,P11_volatility_basis,RollingMinRank,ensemble_6_12_24_48,cross_symbol_zscore,Core4,low_turnover,F0_calendar_blocks,premium_index;realized_vol_12,basis;volatility,"Decay(Rank(TSMean(ResidualizeVsCore4(cross_symbol_zscore(Clip(Rank(RollingMin(realized_vol_12,48)),-4.0,4.0))),60)),96)",56e109c5953a5a2a,24,generated_candidate,original,0.2765,False,False,selected_for_strict_replay
a7o_l1_C0318_0484,C0318,484,H07_taker_flow_lag_stable,P11_volatility_basis,RollingMinRank,ensemble_6_12_24_48,cross_symbol_zscore,Core4,low_turnover,F0_calendar_blocks,premium_index;realized_vol_12,basis;volatility,"Decay(Rank(TSMean(ResidualizeVsCore4(cross_symbol_zscore(SafeDiv(Sub(Rank(RollingMin(premium_index,60)),Rank(TSMean(premium_index,36))),Clip(Abs(TSRank(realized_vol_12,72)),0.05,2.25)))),12)),20)",35ef878b55c20c43,72,generated_candidate,original,0.2765,False,False,selected_for_strict_replay
a7o_l1_C0318_0775,C0318,775,H07_taker_flow_lag_stable,P11_volatility_basis,RollingMinRank,ensemble_6_12_24_48,cross_symbol_zscore,Core4,low_turnover,F0_calendar_blocks,premium_index;realized_vol_24,basis;volatility,"Decay(Rank(TSMean(ResidualizeVsCore4(cross_symbol_zscore(SafeDiv(Rank(RollingMin(realized_vol_24,3)),Clip(Abs(ZScore(TSStd(premium_index,10))),0.05,6.0)))),24)),48)",b676598e296f8e03,6,generated_candidate,original,0.2765,False,False,selected_for_strict_replay
a7o_l1_C0318_0949,C0318,949,H07_taker_flow_lag_stable,P11_volatility_basis,RollingMinRank,ensemble_6_12_24_48,cross_symbol_zscore,Core4,low_turnover,F0_calendar_blocks,premium_index;realized_vol_12,basis;volatility,"Decay(Rank(TSMean(ResidualizeVsCore4(cross_symbol_zscore(RegimeMaskNonMay(F5_funding_neutral,Add(Rank(RollingMin(realized_vol_12,48)),ZScore(TSMean(premium_index,60)))))),36)),48)",b32de38d49abe36c,72,generated_candidate,original,0.2765,False,False,selected_for_strict_replay
a7o_l1_C0318_0969,C0318,969,H07_taker_flow_lag_stable,P11_volatility_basis,RollingMinRank,ensemble_6_12_24_48,cross_symbol_zscore,Core4,low_turnover,F0_calendar_blocks,mark_index_ratio;realized_vol_24,basis;volatility,"Decay(Rank(TSMean(ResidualizeVsCore4(cross_symbol_zscore(Rank(Delta(Rank(RollingMin(mark_index_ratio,96)),72)))),36)),48)",0b73b8959586286c,72,generated_candidate,original,0.2765,False,False,selected_for_strict_replay
a7o_l1_C0318_1066,C0318,1066,H07_taker_flow_lag_stable,P11_volatility_basis,RollingMinRank,ensemble_6_12_24_48,cross_symbol_zscore,Core4,low_turnover,F0_calendar_blocks,mark_index_ratio;realized_vol_12,basis;volatility,"Decay(Rank(TSMean(ResidualizeVsCore4(cross_symbol_zscore(Rank(SmoothInteraction(Rank(RollingMin(realized_vol_12,4)),TSStd(realized_vol_12,12))))),20)),30)",287234380bf30480,12,generated_candidate,original,0.2765,False,False,selected_for_strict_replay
a7o_l1_C0318_1357,C0318,1357,H07_taker_flow_lag_stable,P11_volatility_basis,RollingMinRank,ensemble_6_12_24_48,cross_symbol_zscore,Core4,low_turnover,F0_calendar_blocks,premium_index;realized_vol_24,basis;volatility,"Decay(Rank(TSMean(ResidualizeVsCore4(cross_symbol_zscore(Mul(ZScore(TSMean(premium_index,8)),Rank(RollingMin(premium_index,48))))),16)),20)",5c2305cab6ccc779,24,generated_candidate,original,0.2765,False,False,selected_for_strict_replay
a7o_l1_C0318_1454,C0318,1454,H07_taker_flow_lag_stable,P11_volatility_basis,RollingMinRank,ensemble_6_12_24_48,cross_symbol_zscore,Core4,low_turnover,F0_calendar_blocks,mark_index_ratio;realized_vol_24,basis;volatility,"Decay(Rank(TSMean(ResidualizeVsCore4(cross_symbol_zscore(Mul(SafeDiv(ZScore(TSMean(realized_vol_24,24)),Clip(Abs(ZScore(TSMean(mark_index_ratio,48))),0.05,3.0)),Rank(RollingMin(realized_vol_24,36))))),12)),20)",1e1e8d680cd749a1,72,generated_candidate,original,0.2765,False,False,selected_for_strict_replay
a7o_l1_C0318_1745,C0318,1745,H07_taker_flow_lag_stable,P11_volatility_basis,RollingMinRank,ensemble_6_12_24_48,cross_symbol_zscore,Core4,low_turnover,F0_calendar_blocks,premium_index;realized_vol_24,basis;volatility,"Decay(Rank(TSMean(ResidualizeVsCore4(cross_symbol_zscore(SmoothInteraction(Rank(RollingMin(realized_vol_24,3)),TSMean(premium_index,10)))),6)),8)",2749380b58ebaf97,6,generated_candidate,original,0.2765,False,False,selected_for_strict_replay
a7o_l1_C0318_1842,C0318,1842,H07_taker_flow_lag_stable,P11_volatility_basis,RollingMinRank,ensemble_6_12_24_48,cross_symbol_zscore,Core4,low_turnover,F0_calendar_blocks,premium_index;realized_vol_12,basis;volatility,"Decay(Rank(TSMean(ResidualizeVsCore4(CrossSymbolRank(Add(Rank(RollingMin(premium_index,16)),TSMean(premium_index,24)))),60)),12)",f591dab619c0cef3,24,generated_candidate,original,0.2765,False,False,selected_for_strict_replay
a7o_l1_C0318_0289,C0318,289,H07_taker_flow_lag_stable,P11_volatility_basis,RollingMinRank,ensemble_6_12_24_48,cross_symbol_zscore,Core4,low_turnover,F0_calendar_blocks,mark_index_ratio;realized_vol_24,basis;volatility,"Decay(Rank(TSMean(ResidualizeVsCore4(cross_symbol_zscore(Add(Abs(ZScore(TSStd(mark_index_ratio,72))),Rank(RollingMin(mark_index_ratio,96))))),36)),48)",69c55766d9df2d00,72,generated_candidate,original,0.2755,False,False,selected_for_strict_replay
a7o_l1_C0318_0386,C0318,386,H07_taker_flow_lag_stable,P11_volatility_basis,RollingMinRank,ensemble_6_12_24_48,cross_symbol_zscore,Core4,low_turnover,F0_calendar_blocks,mark_index_ratio;realized_vol_12,basis;volatility,"Decay(Rank(TSMean(ResidualizeVsCore4(cross_symbol_zscore(ZScore(Decay(Rank(RollingMin(realized_vol_12,6)),16)))),24)),36)",79b1a9ae0246248a,12,generated_candidate,original,0.2755,False,False,selected_for_strict_replay
a7o_l1_C0318_0677,C0318,677,H07_taker_flow_lag_stable,P11_volatility_basis,RollingMinRank,ensemble_6_12_24_48,cross_symbol_zscore,Core4,low_turnover,F0_calendar_blocks,premium_index;realized_vol_24,basis;volatility,"Decay(Rank(TSMean(ResidualizeVsCore4(cross_symbol_zscore(RollingMax(Sub(Rank(RollingMin(premium_index,48)),ZScore(TSMean(premium_index,8))),10))),16)),20)",49219f474beee655,24,generated_candidate,original,0.2755,False,False,selected_for_strict_replay
a7o_l1_C0318_0774,C0318,774,H07_taker_flow_lag_stable,P11_volatility_basis,RollingMinRank,ensemble_6_12_24_48,cross_symbol_zscore,Core4,low_turnover,F0_calendar_blocks,mark_index_ratio;realized_vol_24,basis;volatility,"Decay(Rank(TSMean(ResidualizeVsCore4(cross_symbol_zscore(Mul(Rank(RollingMin(realized_vol_24,36)),Rank(TSStd(realized_vol_24,24))))),16)),24)",e9c98a9faea083a2,72,generated_candidate,original,0.2755,False,False,selected_for_strict_replay
a7o_l1_C0319_2036,C0319,2036,H07_taker_flow_lag_stable,P4_taker_flow,SubRank,spread_6_vs_24,same_symbol_rank,FundingCore,medium_turnover,F9_liquidity_shock,taker_imbalance,flow,"Decay(Rank(Clip(ResidualizeVsFundingCore(RegimeMaskNonMay(F3_high_liquidity_high_vol,Sub(Sub(Rank(TSMean(taker_imbalance,12)),Rank(TSMean(taker_imbalance,20))),Rank(TSMean(taker_imbalance,3))))),-4.0,4.0)),24)",f92e7e9838b0d33b,12,generated_candidate,original,0.21780000000000002,False,False,selected_for_strict_replay
a7o_l1_C0319_0181,C0319,181,H07_taker_flow_lag_stable,P4_taker_flow,SubRank,spread_6_vs_24,same_symbol_rank,FundingCore,medium_turnover,F9_liquidity_shock,cs_z_taker_imbalance,flow,"Decay(Rank(Clip(ResidualizeVsFundingCore(RegimeMaskNonMay(F5_funding_neutral,Add(Sub(Rank(TSMean(cs_z_taker_imbalance,20)),Rank(TSMean(cs_z_taker_imbalance,3))),ZScore(TSMean(cs_z_taker_imbalance,10))))),-4.0,4.0)),12)",eb77a9b87a08ebe5,12,generated_candidate,original,0.2058,False,False,selected_for_strict_replay
a7o_l1_C0319_0180,C0319,180,H07_taker_flow_lag_stable,P4_taker_flow,SubRank,spread_6_vs_24,same_symbol_rank,FundingCore,medium_turnover,F9_liquidity_shock,cs_z_taker_imbalance;taker_imbalance,flow,"Decay(Rank(Clip(ResidualizeVsFundingCore(RegimeMaskNonMay(F3_high_liquidity_high_vol,Sub(Sub(Rank(TSMean(cs_z_taker_imbalance,3)),Rank(TSMean(taker_imbalance,8))),Rank(TSMean(cs_z_taker_imbalance,4))))),-4.0,4.0)),8)",8ac15ff435c14a36,6,generated_candidate,original,0.2048,False,False,selected_for_strict_replay
a7o_l1_C0319_0373,C0319,373,H07_taker_flow_lag_stable,P4_taker_flow,SubRank,spread_6_vs_24,same_symbol_rank,FundingCore,medium_turnover,F9_liquidity_shock,cs_z_taker_imbalance;taker_buy_ratio,flow,"Decay(Rank(Clip(ResidualizeVsFundingCore(RegimeMaskNonMay(F5_funding_neutral,Add(Sub(Rank(TSMean(taker_buy_ratio,16)),Rank(TSMean(cs_z_taker_imbalance,24))),ZScore(TSMean(cs_z_taker_imbalance,60))))),-4.0,4.0)),30)",d11cc60dd121ec8d,48,generated_candidate,original,0.2038,False,False,selected_for_strict_replay
a7o_l1_C0319_0372,C0319,372,H07_taker_flow_lag_stable,P4_taker_flow,SubRank,spread_6_vs_24,same_symbol_rank,FundingCore,medium_turnover,F9_liquidity_shock,taker_buy_ratio;taker_imbalance,flow,"Decay(Rank(Clip(ResidualizeVsFundingCore(RegimeMaskNonMay(F3_high_liquidity_high_vol,Sub(Sub(Rank(TSMean(taker_buy_ratio,16)),Rank(TSMean(taker_imbalance,20))),Rank(TSMean(taker_buy_ratio,24))))),-4.0,4.0)),16)",f54c5f4335c40ba3,24,generated_candidate,original,0.2028,False,False,selected_for_strict_replay
a7o_l1_C0319_0565,C0319,565,H07_taker_flow_lag_stable,P4_taker_flow,SubRank,spread_6_vs_24,same_symbol_rank,FundingCore,medium_turnover,F9_liquidity_shock,cs_z_taker_imbalance;taker_imbalance,flow,"Decay(Rank(Clip(ResidualizeVsFundingCore(RegimeMaskNonMay(F5_funding_neutral,Add(Sub(Rank(TSMean(taker_imbalance,3)),Rank(TSMean(cs_z_taker_imbalance,8))),ZScore(TSMean(cs_z_taker_imbalance,10))))),-4.0,4.0)),8)",91c18edeb76c12a7,6,generated_candidate,original,0.2018,False,False,selected_for_strict_replay
a7o_l1_C0319_0564,C0319,564,H07_taker_flow_lag_stable,P4_taker_flow,SubRank,spread_6_vs_24,same_symbol_rank,FundingCore,medium_turnover,F9_liquidity_shock,taker_imbalance,flow,"Decay(Rank(Clip(ResidualizeVsFundingCore(RegimeMaskNonMay(F3_high_liquidity_high_vol,Sub(Sub(Rank(TSMean(taker_imbalance,60)),Rank(TSMean(taker_imbalance,96))),Rank(TSMean(taker_imbalance,36))))),-4.0,4.0)),3)",a8c61e2598a09932,72,generated_candidate,original,0.2008,False,False,selected_for_strict_replay
a7o_l1_C0319_0757,C0319,757,H07_taker_flow_lag_stable,P4_taker_flow,SubRank,spread_6_vs_24,same_symbol_rank,FundingCore,medium_turnover,F9_liquidity_shock,taker_buy_ratio;taker_imbalance,flow,"Decay(Rank(Clip(ResidualizeVsFundingCore(RegimeMaskNonMay(F5_funding_neutral,Add(Sub(Rank(TSMean(taker_buy_ratio,48)),Rank(TSMean(taker_imbalance,6))),ZScore(TSMean(taker_imbalance,10))))),-4.0,4.0)),20)",07cddbcdfa242aec,24,generated_candidate,original,0.1998,False,False,selected_for_strict_replay
a7o_l1_C0319_0756,C0319,756,H07_taker_flow_lag_stable,P4_taker_flow,SubRank,spread_6_vs_24,same_symbol_rank,FundingCore,medium_turnover,F9_liquidity_shock,taker_buy_ratio,flow,"Decay(Rank(Clip(ResidualizeVsFundingCore(RegimeMaskNonMay(F3_high_liquidity_high_vol,Sub(Sub(Rank(TSMean(taker_buy_ratio,3)),Rank(TSMean(taker_buy_ratio,6))),Rank(TSMean(taker_buy_ratio,10))))),-4.0,4.0)),8)",b0db1e412ce1a7d5,12,generated_candidate,original,0.1988,False,False,selected_for_strict_replay
a7o_l1_C0319_0096,C0319,96,H07_taker_flow_lag_stable,P4_taker_flow,SubRank,spread_6_vs_24,same_symbol_rank,FundingCore,medium_turnover,F9_liquidity_shock,cs_z_taker_imbalance;taker_buy_ratio,flow,"Decay(Rank(Clip(ResidualizeVsFundingCore(Mul(Neg(Rank(TSMean(taker_buy_ratio,4))),Sub(Rank(TSMean(taker_buy_ratio,16)),Rank(TSMean(cs_z_taker_imbalance,24))))),-4.0,4.0)),3)",bc7db9938bb3f251,12,generated_candidate,original,0.1978,False,False,selected_for_strict_replay
a7o_l1_C0319_0193,C0319,193,H07_taker_flow_lag_stable,P4_taker_flow,SubRank,spread_6_vs_24,same_symbol_rank,FundingCore,medium_turnover,F9_liquidity_shock,taker_imbalance,flow,"Decay(Rank(Clip(ResidualizeVsFundingCore(Rank(TSMean(Sub(Rank(TSMean(taker_imbalance,16)),Rank(TSMean(taker_imbalance,24))),36))),-4.0,4.0)),30)",c60e6c2bea21223c,48,generated_candidate,original,0.1978,False,False,selected_for_strict_replay
a7o_l1_C0319_0290,C0319,290,H07_taker_flow_lag_stable,P4_taker_flow,SubRank,spread_6_vs_24,same_symbol_rank,FundingCore,medium_turnover,F9_liquidity_shock,cs_z_taker_imbalance;taker_buy_ratio,flow,"Decay(Rank(Clip(ResidualizeVsFundingCore(Sub(Sub(Rank(TSMean(cs_z_taker_imbalance,3)),Rank(TSMean(taker_buy_ratio,8))),Abs(ZScore(TSMean(taker_buy_ratio,10))))),-4.0,4.0)),72)",bf75a8084fb3c073,6,generated_candidate,original,0.1978,False,False,selected_for_strict_replay
a7o_l1_C0319_0387,C0319,387,H07_taker_flow_lag_stable,P4_taker_flow,SubRank,spread_6_vs_24,same_symbol_rank,FundingCore,medium_turnover,F9_liquidity_shock,cs_z_taker_imbalance;taker_imbalance,flow,"Decay(Rank(Clip(ResidualizeVsFundingCore(Clip(Sub(Rank(TSMean(taker_imbalance,48)),Rank(TSMean(cs_z_taker_imbalance,6))),-4.0,4.0)),-4.0,4.0)),96)",291e18867c1b675f,24,generated_candidate,original,0.1978,False,False,selected_for_strict_replay
a7o_l1_C0319_0484,C0319,484,H07_taker_flow_lag_stable,P4_taker_flow,SubRank,spread_6_vs_24,same_symbol_rank,FundingCore,medium_turnover,F9_liquidity_shock,cs_z_taker_imbalance;taker_imbalance,flow,"Decay(Rank(Clip(ResidualizeVsFundingCore(SafeDiv(Sub(Sub(Rank(TSMean(taker_imbalance,60)),Rank(TSMean(cs_z_taker_imbalance,96))),Rank(TSMean(taker_imbalance,36))),Clip(Abs(TSRank(cs_z_taker_imbalance,72)),0.05,2.25))),-4.0,4.0)),20)",fc73696bc0b3a11a,72,generated_candidate,original,0.1978,False,False,selected_for_strict_replay
a7o_l1_C0319_0581,C0319,581,H07_taker_flow_lag_stable,P4_taker_flow,SubRank,spread_6_vs_24,same_symbol_rank,FundingCore,medium_turnover,F9_liquidity_shock,cs_z_taker_imbalance;taker_imbalance,flow,"Decay(Rank(Clip(ResidualizeVsFundingCore(Add(Sub(Rank(TSMean(cs_z_taker_imbalance,24)),Rank(TSMean(taker_imbalance,4))),ZScore(TSMean(taker_imbalance,12)))),-4.0,4.0)),12)",1b4f6f7f3b7e431f,12,generated_candidate,original,0.1978,False,False,selected_for_strict_replay
a7o_l1_C0319_0678,C0319,678,H07_taker_flow_lag_stable,P4_taker_flow,SubRank,spread_6_vs_24,same_symbol_rank,FundingCore,medium_turnover,F9_liquidity_shock,taker_buy_ratio;taker_imbalance,flow,"Decay(Rank(Clip(ResidualizeVsFundingCore(RollingMin(Add(Sub(Rank(TSMean(taker_imbalance,24)),Rank(TSMean(taker_buy_ratio,36))),Rank(TSMean(taker_buy_ratio,12))),60)),-4.0,4.0)),48)",01a644c14d84df22,48,generated_candidate,original,0.1978,False,False,selected_for_strict_replay
a7o_l1_C0319_0775,C0319,775,H07_taker_flow_lag_stable,P4_taker_flow,SubRank,spread_6_vs_24,same_symbol_rank,FundingCore,medium_turnover,F9_liquidity_shock,cs_z_taker_imbalance,flow,"Decay(Rank(Clip(ResidualizeVsFundingCore(SafeDiv(Sub(Rank(TSMean(cs_z_taker_imbalance,3)),Rank(TSMean(cs_z_taker_imbalance,8))),Clip(Abs(ZScore(TSStd(cs_z_taker_imbalance,10))),0.05,6.0))),-4.0,4.0)),48)",a3ae1b2794c4123e,6,generated_candidate,original,0.1978,False,False,selected_for_strict_replay
a7o_l1_C0319_0872,C0319,872,H07_taker_flow_lag_stable,P4_taker_flow,SubRank,spread_6_vs_24,same_symbol_rank,FundingCore,medium_turnover,F9_liquidity_shock,cs_z_taker_imbalance,flow,"Decay(Rank(Clip(ResidualizeVsFundingCore(TSRank(Sub(TSMean(Sub(Rank(TSMean(cs_z_taker_imbalance,16)),Rank(TSMean(cs_z_taker_imbalance,20))),24),TSMean(cs_z_taker_imbalance,30)),36)),-4.0,4.0)),12)",c0b66dc1e8c3b69b,24,generated_candidate,original,0.1978,False,False,selected_for_strict_replay
a7o_l1_C0319_0949,C0319,949,H07_taker_flow_lag_stable,P4_taker_flow,SubRank,spread_6_vs_24,same_symbol_rank,FundingCore,medium_turnover,F9_liquidity_shock,taker_imbalance,flow,"Decay(Rank(Clip(ResidualizeVsFundingCore(RegimeMaskNonMay(F5_funding_neutral,Add(Sub(Rank(TSMean(taker_imbalance,48)),Rank(TSMean(taker_imbalance,84))),ZScore(TSMean(taker_imbalance,60))))),-4.0,4.0)),48)",fddd9b5c66962f0e,72,generated_candidate,original,0.1978,False,False,selected_for_strict_replay
a7o_l1_C0319_0969,C0319,969,H07_taker_flow_lag_stable,P4_taker_flow,SubRank,spread_6_vs_24,same_symbol_rank,FundingCore,medium_turnover,F9_liquidity_shock,taker_imbalance,flow,"Decay(Rank(Clip(ResidualizeVsFundingCore(Rank(Delta(Sub(Rank(TSMean(taker_imbalance,96)),Rank(TSMean(taker_imbalance,36))),72))),-4.0,4.0)),48)",8382bfe8fe425ade,72,generated_candidate,original,0.1978,False,False,selected_for_strict_replay
a7o_l1_C0319_1066,C0319,1066,H07_taker_flow_lag_stable,P4_taker_flow,SubRank,spread_6_vs_24,same_symbol_rank,FundingCore,medium_turnover,F9_liquidity_shock,cs_z_taker_imbalance;taker_buy_ratio,flow,"Decay(Rank(Clip(ResidualizeVsFundingCore(Rank(SmoothInteraction(Sub(Rank(TSMean(cs_z_taker_imbalance,4)),Rank(TSMean(taker_buy_ratio,8))),TSStd(cs_z_taker_imbalance,12)))),-4.0,4.0)),30)",0296e91a7647c57f,12,generated_candidate,original,0.1978,False,False,selected_for_strict_replay
a7o_l1_C0319_1163,C0319,1163,H07_taker_flow_lag_stable,P4_taker_flow,SubRank,spread_6_vs_24,same_symbol_rank,FundingCore,medium_turnover,F9_liquidity_shock,cs_z_taker_imbalance;taker_buy_ratio,flow,"Decay(Rank(Clip(ResidualizeVsFundingCore(WinsorZScore(Sub(Rank(TSMean(taker_buy_ratio,36)),Rank(TSMean(cs_z_taker_imbalance,60))),3.0)),-4.0,4.0)),96)",061017ccd2781f45,48,generated_candidate,original,0.1978,False,False,selected_for_strict_replay
a7o_l1_C0319_1260,C0319,1260,H07_taker_flow_lag_stable,P4_taker_flow,SubRank,spread_6_vs_24,same_symbol_rank,FundingCore,medium_turnover,F9_liquidity_shock,cs_z_taker_imbalance;taker_imbalance,flow,"Decay(Rank(Clip(ResidualizeVsFundingCore(Sub(WinsorZScore(TSMean(cs_z_taker_imbalance,4),1.25),WinsorZScore(TSMean(taker_imbalance,10),1.25))),-4.0,4.0)),8)",f22bfcefab38ee1b,6,generated_candidate,original,0.1978,False,False,selected_for_strict_replay
a7o_l1_C0319_1357,C0319,1357,H07_taker_flow_lag_stable,P4_taker_flow,SubRank,spread_6_vs_24,same_symbol_rank,FundingCore,medium_turnover,F9_liquidity_shock,cs_z_taker_imbalance;taker_imbalance,flow,"Decay(Rank(Clip(ResidualizeVsFundingCore(Mul(ZScore(TSMean(cs_z_taker_imbalance,8)),Sub(Rank(TSMean(cs_z_taker_imbalance,48)),Rank(TSMean(taker_imbalance,6))))),-4.0,4.0)),20)",1c5ebef4b6f3eca4,24,generated_candidate,original,0.1978,False,False,selected_for_strict_replay
