blueprint_id,label_family,label_horizon_h,control,split,control_oriented_mean_spread,control_ratio_to_original
a7ff24r_547c0ff8380f3778,L0_raw_forward_return,1,one_bar_lag,validation_2025H1,6.750804583621712e-05,2.245453708726444
a7ff24r_547c0ff8380f3778,L0_raw_forward_return,1,one_bar_lag,test_2025H2,-6.363204745750608e-05,0.9168229323281445
a7ff24r_547c0ff8380f3778,L0_raw_forward_return,1,one_bar_lag,recent_oos_2026JanApr,2.1838786469599955e-05,0.22468750312123953
a7ff24r_547c0ff8380f3778,L0_raw_forward_return,1,wrong_lag_future_24h,validation_2025H1,-0.00017014601828648675,5.659399602727974
a7ff24r_547c0ff8380f3778,L0_raw_forward_return,1,wrong_lag_future_24h,test_2025H2,-0.00015101861169093534,2.175905568637745
a7ff24r_547c0ff8380f3778,L0_raw_forward_return,1,wrong_lag_future_24h,recent_oos_2026JanApr,-0.0011857833455788693,12.19988571854682
a7ff24r_547c0ff8380f3778,L0_raw_forward_return,1,wrong_lag_stale_168h,validation_2025H1,0.00014334421039137173,4.767917436518197
a7ff24r_547c0ff8380f3778,L0_raw_forward_return,1,wrong_lag_stale_168h,test_2025H2,5.7025751717695195e-05,0.8216381367101012
a7ff24r_547c0ff8380f3778,L0_raw_forward_return,1,wrong_lag_stale_168h,recent_oos_2026JanApr,-0.0003927183906176405,4.04046785019395
a7ff24r_547c0ff8380f3778,L0_raw_forward_return,1,time_shuffle,validation_2025H1,-4.7140421849885366e-05,1.5679854713994146
a7ff24r_547c0ff8380f3778,L0_raw_forward_return,1,time_shuffle,test_2025H2,3.6193943585407973e-05,0.5214893880737266
a7ff24r_547c0ff8380f3778,L0_raw_forward_return,1,time_shuffle,recent_oos_2026JanApr,-6.211360473135517e-05,0.639053400534643
a7ff24r_547c0ff8380f3778,L0_raw_forward_return,1,symbol_shuffle,validation_2025H1,-3.756391575357197e-05,1.249451571265811
a7ff24r_547c0ff8380f3778,L0_raw_forward_return,1,symbol_shuffle,test_2025H2,1.3332086944223365e-05,0.19209130516221953
a7ff24r_547c0ff8380f3778,L0_raw_forward_return,1,symbol_shuffle,recent_oos_2026JanApr,0.0004227228603405308,4.349167667095294
a7ff24r_547c0ff8380f3778,L0_raw_forward_return,1,sign_flip,validation_2025H1,-6.934391491722535e-06,0.23065184156902255
a7ff24r_547c0ff8380f3778,L0_raw_forward_return,1,sign_flip,test_2025H2,-4.712891021402486e-05,0.6790425168812506
a7ff24r_547c0ff8380f3778,L0_raw_forward_return,1,sign_flip,recent_oos_2026JanApr,5.0117168856987774e-05,0.5156285377695898
a7ff24r_547c0ff8380f3778,L0_raw_forward_return,1,same_family_placebo,validation_2025H1,-4.7736966528689e-07,0.01587827750121131
a7ff24r_547c0ff8380f3778,L0_raw_forward_return,1,same_family_placebo,test_2025H2,-7.965576708164226e-05,1.1476958053472825
a7ff24r_547c0ff8380f3778,L0_raw_forward_return,1,same_family_placebo,recent_oos_2026JanApr,-1.1269530864486029e-05,0.11594612891214799
a7ff24r_547c0ff8380f3778,L1_cross_sectional_relative_return,1,one_bar_lag,validation_2025H1,6.750804583621712e-05,2.2454537087264437
a7ff24r_547c0ff8380f3778,L1_cross_sectional_relative_return,1,one_bar_lag,test_2025H2,-6.36320474575061e-05,0.9168229323281447
a7ff24r_547c0ff8380f3778,L1_cross_sectional_relative_return,1,one_bar_lag,recent_oos_2026JanApr,2.1838786469599897e-05,0.22468750312123886
a7ff24r_547c0ff8380f3778,L1_cross_sectional_relative_return,1,wrong_lag_future_24h,validation_2025H1,-0.00017014601828648678,5.659399602727974
a7ff24r_547c0ff8380f3778,L1_cross_sectional_relative_return,1,wrong_lag_future_24h,test_2025H2,-0.00015101861169093526,2.1759055686377438
a7ff24r_547c0ff8380f3778,L1_cross_sectional_relative_return,1,wrong_lag_future_24h,recent_oos_2026JanApr,-0.0011857833455788693,12.199885718546817
a7ff24r_547c0ff8380f3778,L1_cross_sectional_relative_return,1,wrong_lag_stale_168h,validation_2025H1,0.00014334421039137167,4.767917436518195
a7ff24r_547c0ff8380f3778,L1_cross_sectional_relative_return,1,wrong_lag_stale_168h,test_2025H2,5.702575171769521e-05,0.8216381367101014
a7ff24r_547c0ff8380f3778,L1_cross_sectional_relative_return,1,wrong_lag_stale_168h,recent_oos_2026JanApr,-0.0003927183906176405,4.0404678501939495
a7ff24r_547c0ff8380f3778,L1_cross_sectional_relative_return,1,time_shuffle,validation_2025H1,-0.00017050108376219294,5.6712097963040025
a7ff24r_547c0ff8380f3778,L1_cross_sectional_relative_return,1,time_shuffle,test_2025H2,2.1291342356452425e-05,0.30676980723401975
a7ff24r_547c0ff8380f3778,L1_cross_sectional_relative_return,1,time_shuffle,recent_oos_2026JanApr,-0.00023029814475754792,2.3694134832563836
a7ff24r_547c0ff8380f3778,L1_cross_sectional_relative_return,1,symbol_shuffle,validation_2025H1,5.7942446780467625e-05,1.9272825987518807
a7ff24r_547c0ff8380f3778,L1_cross_sectional_relative_return,1,symbol_shuffle,test_2025H2,-7.143761467842792e-05,1.0292870650082857
a7ff24r_547c0ff8380f3778,L1_cross_sectional_relative_return,1,symbol_shuffle,recent_oos_2026JanApr,-6.388375539020649e-05,0.6572655265719284
a7ff24r_547c0ff8380f3778,L1_cross_sectional_relative_return,1,sign_flip,validation_2025H1,-6.9343914917225545e-06,0.23065184156902316
a7ff24r_547c0ff8380f3778,L1_cross_sectional_relative_return,1,sign_flip,test_2025H2,-4.712891021402486e-05,0.6790425168812506
a7ff24r_547c0ff8380f3778,L1_cross_sectional_relative_return,1,sign_flip,recent_oos_2026JanApr,5.01171688569879e-05,0.515628537769591
a7ff24r_547c0ff8380f3778,L1_cross_sectional_relative_return,1,same_family_placebo,validation_2025H1,8.937995935299883e-05,2.972957648662051
a7ff24r_547c0ff8380f3778,L1_cross_sectional_relative_return,1,same_family_placebo,test_2025H2,-1.2564979216976902e-05,0.18103866763118062
a7ff24r_547c0ff8380f3778,L1_cross_sectional_relative_return,1,same_family_placebo,recent_oos_2026JanApr,1.7130540761367105e-06,0.01762469007216177
a7ff24r_547c0ff8380f3778,L3_liquidity_tier_relative_return,1,one_bar_lag,validation_2025H1,7.029327049631644e-05,2.1632756433343765
a7ff24r_547c0ff8380f3778,L3_liquidity_tier_relative_return,1,one_bar_lag,test_2025H2,-3.4908366584866126e-05,0.6092038570350962
a7ff24r_547c0ff8380f3778,L3_liquidity_tier_relative_return,1,one_bar_lag,recent_oos_2026JanApr,6.375741820454402e-07,0.008389866032566149
a7ff24r_547c0ff8380f3778,L3_liquidity_tier_relative_return,1,wrong_lag_future_24h,validation_2025H1,-0.00014875305561582356,4.577875802522772
a7ff24r_547c0ff8380f3778,L3_liquidity_tier_relative_return,1,wrong_lag_future_24h,test_2025H2,-0.00011815407767427539,2.0619675706854315
a7ff24r_547c0ff8380f3778,L3_liquidity_tier_relative_return,1,wrong_lag_future_24h,recent_oos_2026JanApr,-0.0011728402576385395,15.433455300243654
a7ff24r_547c0ff8380f3778,L3_liquidity_tier_relative_return,1,wrong_lag_stale_168h,validation_2025H1,0.00015828290567525025,4.8711569711556475
a7ff24r_547c0ff8380f3778,L3_liquidity_tier_relative_return,1,wrong_lag_stale_168h,test_2025H2,3.978632610448439e-05,0.694331637121513
a7ff24r_547c0ff8380f3778,L3_liquidity_tier_relative_return,1,wrong_lag_stale_168h,recent_oos_2026JanApr,-0.00038327709513575,5.043559748959333
a7ff24r_547c0ff8380f3778,L3_liquidity_tier_relative_return,1,time_shuffle,validation_2025H1,-0.00019661783949063622,6.050914692287793
a7ff24r_547c0ff8380f3778,L3_liquidity_tier_relative_return,1,time_shuffle,test_2025H2,0.0001386543643415509,2.419728615667803
a7ff24r_547c0ff8380f3778,L3_liquidity_tier_relative_return,1,time_shuffle,recent_oos_2026JanApr,2.45249390720016e-05,0.32272472610297115
a7ff24r_547c0ff8380f3778,L3_liquidity_tier_relative_return,1,symbol_shuffle,validation_2025H1,0.00011898025872258401,3.6616178748672144
a7ff24r_547c0ff8380f3778,L3_liquidity_tier_relative_return,1,symbol_shuffle,test_2025H2,-1.6571900274004987e-05,0.2892047538455034
a7ff24r_547c0ff8380f3778,L3_liquidity_tier_relative_return,1,symbol_shuffle,recent_oos_2026JanApr,-0.00028321691787333906,3.726863580784477
a7ff24r_547c0ff8380f3778,L3_liquidity_tier_relative_return,1,sign_flip,validation_2025H1,-9.763523304887214e-06,0.30047246357241086
a7ff24r_547c0ff8380f3778,L3_liquidity_tier_relative_return,1,sign_flip,test_2025H2,-4.4672617542134246e-05,0.7796048217942205
a7ff24r_547c0ff8380f3778,L3_liquidity_tier_relative_return,1,sign_flip,recent_oos_2026JanApr,4.112651858150104e-05,0.5411856235735162
a7ff24r_547c0ff8380f3778,L3_liquidity_tier_relative_return,1,same_family_placebo,validation_2025H1,4.636591536640181e-06,0.14269112062198933
a7ff24r_547c0ff8380f3778,L3_liquidity_tier_relative_return,1,same_family_placebo,test_2025H2,-0.00011758658395355482,2.0520639459292953
a7ff24r_547c0ff8380f3778,L3_liquidity_tier_relative_return,1,same_family_placebo,recent_oos_2026JanApr,-0.00016548960726286695,2.1776848464332654
a7ff24r_547c0ff8380f3778,L5_vol_adjusted_return,1,one_bar_lag,validation_2025H1,0.014298829266314306,1.88110745253848
a7ff24r_547c0ff8380f3778,L5_vol_adjusted_return,1,one_bar_lag,test_2025H2,-0.006340937448610075,3.4780152226330565
a7ff24r_547c0ff8380f3778,L5_vol_adjusted_return,1,one_bar_lag,recent_oos_2026JanApr,0.0027160348532511386,0.5856889177232898
a7ff24r_547c0ff8380f3778,L5_vol_adjusted_return,1,wrong_lag_future_24h,validation_2025H1,-0.01184623117129845,1.5584516274574092
a7ff24r_547c0ff8380f3778,L5_vol_adjusted_return,1,wrong_lag_future_24h,test_2025H2,-0.019947307273529048,10.941132744193917
a7ff24r_547c0ff8380f3778,L5_vol_adjusted_return,1,wrong_lag_future_24h,recent_oos_2026JanApr,-0.0807469155161794,17.412358866291804
a7ff24r_547c0ff8380f3778,L5_vol_adjusted_return,1,wrong_lag_stale_168h,validation_2025H1,0.01357132127219429,1.7853988680081023
a7ff24r_547c0ff8380f3778,L5_vol_adjusted_return,1,wrong_lag_stale_168h,test_2025H2,0.0030540461052426826,1.675149602206781
a7ff24r_547c0ff8380f3778,L5_vol_adjusted_return,1,wrong_lag_stale_168h,recent_oos_2026JanApr,-0.04211218854697507,9.081121364666203
a7ff24r_547c0ff8380f3778,L5_vol_adjusted_return,1,time_shuffle,validation_2025H1,0.00016108850023980922,0.02119227893945335
a7ff24r_547c0ff8380f3778,L5_vol_adjusted_return,1,time_shuffle,test_2025H2,-0.0030659943014424173,1.6817032086100099
a7ff24r_547c0ff8380f3778,L5_vol_adjusted_return,1,time_shuffle,recent_oos_2026JanApr,-0.013238460740521447,2.8547570861092066
a7ff24r_547c0ff8380f3778,L5_vol_adjusted_return,1,symbol_shuffle,validation_2025H1,0.018689935210770482,2.4587870627469934
a7ff24r_547c0ff8380f3778,L5_vol_adjusted_return,1,symbol_shuffle,test_2025H2,-0.005828870412393225,3.197145562365207
a7ff24r_547c0ff8380f3778,L5_vol_adjusted_return,1,symbol_shuffle,recent_oos_2026JanApr,0.02003343981559926,4.320034284474649
a7ff24r_547c0ff8380f3778,L5_vol_adjusted_return,1,sign_flip,validation_2025H1,-0.0026915374726354238,0.35408991213629254
a7ff24r_547c0ff8380f3778,L5_vol_adjusted_return,1,sign_flip,test_2025H2,0.0010347358026971175,0.5675543880302537
a7ff24r_547c0ff8380f3778,L5_vol_adjusted_return,1,sign_flip,recent_oos_2026JanApr,0.0013919972013472627,0.30017189704138963
a7ff24r_547c0ff8380f3778,L5_vol_adjusted_return,1,same_family_placebo,validation_2025H1,-0.007203685421664743,0.9476934146182205
a7ff24r_547c0ff8380f3778,L5_vol_adjusted_return,1,same_family_placebo,test_2025H2,-0.005888617179366396,3.229916767998429
a7ff24r_547c0ff8380f3778,L5_vol_adjusted_return,1,same_family_placebo,recent_oos_2026JanApr,-0.005655554834593044,1.2195704286462032
a7ff24r_547c0ff8380f3778,L7_ranked_future_return,1,one_bar_lag,validation_2025H1,0.008798308478854378,5.378253382533827
a7ff24r_547c0ff8380f3778,L7_ranked_future_return,1,one_bar_lag,test_2025H2,-0.0027947605985679707,0.6904690886675021
a7ff24r_547c0ff8380f3778,L7_ranked_future_return,1,one_bar_lag,recent_oos_2026JanApr,0.013275173208674598,1.0924873486474311
a7ff24r_547c0ff8380f3778,L7_ranked_future_return,1,wrong_lag_future_24h,validation_2025H1,-0.006777433292123835,4.142927429274293
a7ff24r_547c0ff8380f3778,L7_ranked_future_return,1,wrong_lag_future_24h,test_2025H2,-0.01050238564364086,2.5947026188629727
a7ff24r_547c0ff8380f3778,L7_ranked_future_return,1,wrong_lag_future_24h,recent_oos_2026JanApr,-0.010479688224385721,0.8624314442413163
a7ff24r_547c0ff8380f3778,L7_ranked_future_return,1,wrong_lag_stale_168h,validation_2025H1,0.008265884973986504,5.052792127921279
a7ff24r_547c0ff8380f3778,L7_ranked_future_return,1,wrong_lag_stale_168h,test_2025H2,0.000881899371555143,0.21788064984390215
a7ff24r_547c0ff8380f3778,L7_ranked_future_return,1,wrong_lag_stale_168h,recent_oos_2026JanApr,0.0006527520218410325,0.05371857033092214
a7ff24r_547c0ff8380f3778,L7_ranked_future_return,1,time_shuffle,validation_2025H1,-0.0020129700557103055,1.2304936837669207
a7ff24r_547c0ff8380f3778,L7_ranked_future_return,1,time_shuffle,test_2025H2,-0.002556290622098421,0.6315530772524778
a7ff24r_547c0ff8380f3778,L7_ranked_future_return,1,time_shuffle,recent_oos_2026JanApr,-0.006478895096213533,0.5331840733499439
a7ff24r_547c0ff8380f3778,L7_ranked_future_return,1,symbol_shuffle,validation_2025H1,-0.00452073030958636,2.7634440344403446
a7ff24r_547c0ff8380f3778,L7_ranked_future_return,1,symbol_shuffle,test_2025H2,-0.0009643183691340851,0.23824295571596169
a7ff24r_547c0ff8380f3778,L7_ranked_future_return,1,symbol_shuffle,recent_oos_2026JanApr,0.004717843712975838,0.388257425217921
a7ff24r_547c0ff8380f3778,L7_ranked_future_return,1,sign_flip,validation_2025H1,-0.0003895585432442187,0.2381303813038136
a7ff24r_547c0ff8380f3778,L7_ranked_future_return,1,sign_flip,test_2025H2,0.005654393962808428,1.3969655391835196
a7ff24r_547c0ff8380f3778,L7_ranked_future_return,1,sign_flip,recent_oos_2026JanApr,-0.01572987495492711,1.2944983175688207
a7ff24r_547c0ff8380f3778,L7_ranked_future_return,1,same_family_placebo,validation_2025H1,-0.00782207798897646,4.781500615006151
a7ff24r_547c0ff8380f3778,L7_ranked_future_return,1,same_family_placebo,test_2025H2,0.002178952248493278,0.5383284614925731
a7ff24r_547c0ff8380f3778,L7_ranked_future_return,1,same_family_placebo,recent_oos_2026JanApr,-0.0044900646474012275,0.3695122274329016
a7ff24r_547c0ff8380f3778,L0_raw_forward_return,4,one_bar_lag,validation_2025H1,0.0001912659951920394,3.9481910277567507
a7ff24r_547c0ff8380f3778,L0_raw_forward_return,4,one_bar_lag,test_2025H2,-0.00020649567957876995,0.7593864896752647
a7ff24r_547c0ff8380f3778,L0_raw_forward_return,4,one_bar_lag,recent_oos_2026JanApr,-0.0006195451272711174,2.0824048077486834
a7ff24r_547c0ff8380f3778,L0_raw_forward_return,4,wrong_lag_future_24h,validation_2025H1,0.0005763642537067272,11.897547041332768
a7ff24r_547c0ff8380f3778,L0_raw_forward_return,4,wrong_lag_future_24h,test_2025H2,0.0005838600987007997,2.1471416337537637
a7ff24r_547c0ff8380f3778,L0_raw_forward_return,4,wrong_lag_future_24h,recent_oos_2026JanApr,0.003849755872832608,12.939735598529154
a7ff24r_547c0ff8380f3778,L0_raw_forward_return,4,wrong_lag_stale_168h,validation_2025H1,-0.00019190568228856888,3.9613957108607893
a7ff24r_547c0ff8380f3778,L0_raw_forward_return,4,wrong_lag_stale_168h,test_2025H2,-0.0001703751654267053,0.6265535388689556
a7ff24r_547c0ff8380f3778,L0_raw_forward_return,4,wrong_lag_stale_168h,recent_oos_2026JanApr,0.0014047936047014594,4.721768968162297
a7ff24r_547c0ff8380f3778,L0_raw_forward_return,4,time_shuffle,validation_2025H1,1.813010784935371e-05,0.374249113498769
a7ff24r_547c0ff8380f3778,L0_raw_forward_return,4,time_shuffle,test_2025H2,-3.791872881437451e-05,0.13944587327945535
a7ff24r_547c0ff8380f3778,L0_raw_forward_return,4,time_shuffle,recent_oos_2026JanApr,-0.00016488060661260274,0.5541939606997373
a7ff24r_547c0ff8380f3778,L0_raw_forward_return,4,symbol_shuffle,validation_2025H1,-0.0002650027576706129,5.470295486217496
a7ff24r_547c0ff8380f3778,L0_raw_forward_return,4,symbol_shuffle,test_2025H2,-0.000289111440073058,1.063205399986548
a7ff24r_547c0ff8380f3778,L0_raw_forward_return,4,symbol_shuffle,recent_oos_2026JanApr,0.0016697706990485915,5.612405583516189
a7ff24r_547c0ff8380f3778,L0_raw_forward_return,4,sign_flip,validation_2025H1,-7.545717427346989e-05,1.5576179035236626
a7ff24r_547c0ff8380f3778,L0_raw_forward_return,4,sign_flip,test_2025H2,0.00026772766018366256,0.9845666915190318
a7ff24r_547c0ff8380f3778,L0_raw_forward_return,4,sign_flip,recent_oos_2026JanApr,0.0004187094815667426,1.4073593659029522
a7ff24r_547c0ff8380f3778,L0_raw_forward_return,4,same_family_placebo,validation_2025H1,3.421998672540167e-05,0.7063829847199583
a7ff24r_547c0ff8380f3778,L0_raw_forward_return,4,same_family_placebo,test_2025H2,0.0002184722970345443,0.8034304207951631
a7ff24r_547c0ff8380f3778,L0_raw_forward_return,4,same_family_placebo,recent_oos_2026JanApr,0.0001174203120198238,0.3946712055576048
a7ff24r_547c0ff8380f3778,L1_cross_sectional_relative_return,4,one_bar_lag,validation_2025H1,0.00019126599519203951,3.9481910277567547
a7ff24r_547c0ff8380f3778,L1_cross_sectional_relative_return,4,one_bar_lag,test_2025H2,-0.0002064956795787699,0.7593864896752645
a7ff24r_547c0ff8380f3778,L1_cross_sectional_relative_return,4,one_bar_lag,recent_oos_2026JanApr,-0.0006195451272711175,2.082404807748683
a7ff24r_547c0ff8380f3778,L1_cross_sectional_relative_return,4,wrong_lag_future_24h,validation_2025H1,0.0005763642537067271,11.897547041332771
a7ff24r_547c0ff8380f3778,L1_cross_sectional_relative_return,4,wrong_lag_future_24h,test_2025H2,0.0005838600987007997,2.1471416337537637
a7ff24r_547c0ff8380f3778,L1_cross_sectional_relative_return,4,wrong_lag_future_24h,recent_oos_2026JanApr,0.0038497558728326077,12.939735598529147
a7ff24r_547c0ff8380f3778,L1_cross_sectional_relative_return,4,wrong_lag_stale_168h,validation_2025H1,-0.00019190568228856896,3.9613957108607925
a7ff24r_547c0ff8380f3778,L1_cross_sectional_relative_return,4,wrong_lag_stale_168h,test_2025H2,-0.00017037516542670538,0.6265535388689559
a7ff24r_547c0ff8380f3778,L1_cross_sectional_relative_return,4,wrong_lag_stale_168h,recent_oos_2026JanApr,0.0014047936047014594,4.721768968162295
a7ff24r_547c0ff8380f3778,L1_cross_sectional_relative_return,4,time_shuffle,validation_2025H1,0.0005076066332165369,10.478224071576925
a7ff24r_547c0ff8380f3778,L1_cross_sectional_relative_return,4,time_shuffle,test_2025H2,4.346720423655385e-05,0.15985035477995566
a7ff24r_547c0ff8380f3778,L1_cross_sectional_relative_return,4,time_shuffle,recent_oos_2026JanApr,0.0005824900835259558,1.9578560092033026
a7ff24r_547c0ff8380f3778,L1_cross_sectional_relative_return,4,symbol_shuffle,validation_2025H1,-0.00045416036122728946,9.374964230102623
a7ff24r_547c0ff8380f3778,L1_cross_sectional_relative_return,4,symbol_shuffle,test_2025H2,-3.5964857588224776e-05,0.13226052482698392
a7ff24r_547c0ff8380f3778,L1_cross_sectional_relative_return,4,symbol_shuffle,recent_oos_2026JanApr,-0.00021031146153543723,0.7068953968778372
a7ff24r_547c0ff8380f3778,L1_cross_sectional_relative_return,4,sign_flip,validation_2025H1,-7.545717427346997e-05,1.5576179035236648
a7ff24r_547c0ff8380f3778,L1_cross_sectional_relative_return,4,sign_flip,test_2025H2,0.0002677276601836625,0.9845666915190316
a7ff24r_547c0ff8380f3778,L1_cross_sectional_relative_return,4,sign_flip,recent_oos_2026JanApr,0.0004187094815667428,1.4073593659029522
a7ff24r_547c0ff8380f3778,L1_cross_sectional_relative_return,4,same_family_placebo,validation_2025H1,-0.0002656252781135438,5.483145808225376
a7ff24r_547c0ff8380f3778,L1_cross_sectional_relative_return,4,same_family_placebo,test_2025H2,-6.46896088591968e-05,0.23789560677618116
a7ff24r_547c0ff8380f3778,L1_cross_sectional_relative_return,4,same_family_placebo,recent_oos_2026JanApr,-0.00010740903534579174,0.3610214684197584
a7ff24r_547c0ff8380f3778,L3_liquidity_tier_relative_return,4,one_bar_lag,validation_2025H1,-0.00017237918033849241,5.5225456918984115
a7ff24r_547c0ff8380f3778,L3_liquidity_tier_relative_return,4,one_bar_lag,test_2025H2,0.0002336575163293856,0.7712633531394019
a7ff24r_547c0ff8380f3778,L3_liquidity_tier_relative_return,4,one_bar_lag,recent_oos_2026JanApr,0.0005855076862965005,1.9737924998993974
a7ff24r_547c0ff8380f3778,L3_liquidity_tier_relative_return,4,wrong_lag_future_24h,validation_2025H1,-0.0005568397606749887,17.839584892762787
a7ff24r_547c0ff8380f3778,L3_liquidity_tier_relative_return,4,wrong_lag_future_24h,test_2025H2,-0.0006406769994857913,2.114764800487433
a7ff24r_547c0ff8380f3778,L3_liquidity_tier_relative_return,4,wrong_lag_future_24h,recent_oos_2026JanApr,-0.003828416273855228,12.905892620514024
a7ff24r_547c0ff8380f3778,L3_liquidity_tier_relative_return,4,wrong_lag_stale_168h,validation_2025H1,0.0002075119572642221,6.64810137370769
a7ff24r_547c0ff8380f3778,L3_liquidity_tier_relative_return,4,wrong_lag_stale_168h,test_2025H2,8.372374020452036e-05,0.2763576948942754
a7ff24r_547c0ff8380f3778,L3_liquidity_tier_relative_return,4,wrong_lag_stale_168h,recent_oos_2026JanApr,-0.0013220963367039569,4.456890822453299
a7ff24r_547c0ff8380f3778,L3_liquidity_tier_relative_return,4,time_shuffle,validation_2025H1,-3.729912927096031e-05,1.194959537819005
a7ff24r_547c0ff8380f3778,L3_liquidity_tier_relative_return,4,time_shuffle,test_2025H2,-0.00038575199624369413,1.2733011236998788
a7ff24r_547c0ff8380f3778,L3_liquidity_tier_relative_return,4,time_shuffle,recent_oos_2026JanApr,-0.0005105169039079186,1.7209926694199467
a7ff24r_547c0ff8380f3778,L3_liquidity_tier_relative_return,4,symbol_shuffle,validation_2025H1,0.00021746481055808387,6.9669628915092074
a7ff24r_547c0ff8380f3778,L3_liquidity_tier_relative_return,4,symbol_shuffle,test_2025H2,0.0004619717550974428,1.5248894642442046
a7ff24r_547c0ff8380f3778,L3_liquidity_tier_relative_return,4,symbol_shuffle,recent_oos_2026JanApr,-0.0007932365203944847,2.674062751429139
a7ff24r_547c0ff8380f3778,L3_liquidity_tier_relative_return,4,sign_flip,validation_2025H1,7.415854163413285e-05,2.3758317786106673
a7ff24r_547c0ff8380f3778,L3_liquidity_tier_relative_return,4,sign_flip,test_2025H2,-0.00030919454058769114,1.0205981039783425
a7ff24r_547c0ff8380f3778,L3_liquidity_tier_relative_return,4,sign_flip,recent_oos_2026JanApr,-0.00041899805279789964,1.4124754182409596
a7ff24r_547c0ff8380f3778,L3_liquidity_tier_relative_return,4,same_family_placebo,validation_2025H1,0.00037810048570606296,12.1132795987338
a7ff24r_547c0ff8380f3778,L3_liquidity_tier_relative_return,4,same_family_placebo,test_2025H2,0.00022390194619119287,0.7390618906965569
a7ff24r_547c0ff8380f3778,L3_liquidity_tier_relative_return,4,same_family_placebo,recent_oos_2026JanApr,7.04709678790962e-05,0.2375631799818488
a7ff24r_547c0ff8380f3778,L5_vol_adjusted_return,4,one_bar_lag,validation_2025H1,-0.003206178562467908,0.21875743360961825
a7ff24r_547c0ff8380f3778,L5_vol_adjusted_return,4,one_bar_lag,test_2025H2,-0.018988102045136023,0.8418161076278349
a7ff24r_547c0ff8380f3778,L5_vol_adjusted_return,4,one_bar_lag,recent_oos_2026JanApr,-0.05394575918334774,1.5753736348121492
a7ff24r_547c0ff8380f3778,L5_vol_adjusted_return,4,wrong_lag_future_24h,validation_2025H1,0.03284570756973213,2.2410612986931957
a7ff24r_547c0ff8380f3778,L5_vol_adjusted_return,4,wrong_lag_future_24h,test_2025H2,0.05761554120044281,2.55432009565443
a7ff24r_547c0ff8380f3778,L5_vol_adjusted_return,4,wrong_lag_future_24h,recent_oos_2026JanApr,0.3216466954233813,9.393022387028775
a7ff24r_547c0ff8380f3778,L5_vol_adjusted_return,4,wrong_lag_stale_168h,validation_2025H1,-0.016405549530817517,1.1193499807929177
a7ff24r_547c0ff8380f3778,L5_vol_adjusted_return,4,wrong_lag_stale_168h,test_2025H2,-0.01503523569451982,0.6665702322191777
a7ff24r_547c0ff8380f3778,L5_vol_adjusted_return,4,wrong_lag_stale_168h,recent_oos_2026JanApr,0.12311178619126077,3.595223517777672
a7ff24r_547c0ff8380f3778,L5_vol_adjusted_return,4,time_shuffle,validation_2025H1,0.018323919457557424,1.2502402832857606
a7ff24r_547c0ff8380f3778,L5_vol_adjusted_return,4,time_shuffle,test_2025H2,0.06532334341873354,2.89603682154641
a7ff24r_547c0ff8380f3778,L5_vol_adjusted_return,4,time_shuffle,recent_oos_2026JanApr,0.037017699995612365,1.0810248938432778
a7ff24r_547c0ff8380f3778,L5_vol_adjusted_return,4,symbol_shuffle,validation_2025H1,0.03278650394931611,2.237021838067323
a7ff24r_547c0ff8380f3778,L5_vol_adjusted_return,4,symbol_shuffle,test_2025H2,-0.005023024146717457,0.2226901154027385
a7ff24r_547c0ff8380f3778,L5_vol_adjusted_return,4,symbol_shuffle,recent_oos_2026JanApr,-0.03105012691021406,0.9067543405158335
a7ff24r_547c0ff8380f3778,L5_vol_adjusted_return,4,sign_flip,validation_2025H1,0.008213604077716164,0.5604138739370879
a7ff24r_547c0ff8380f3778,L5_vol_adjusted_return,4,sign_flip,test_2025H2,0.02270460260810568,1.0065829721874866
a7ff24r_547c0ff8380f3778,L5_vol_adjusted_return,4,sign_flip,recent_oos_2026JanApr,0.043596587360979565,1.2731476085607218
a7ff24r_547c0ff8380f3778,L5_vol_adjusted_return,4,same_family_placebo,validation_2025H1,-0.02493544056815559,1.7013441011894603
a7ff24r_547c0ff8380f3778,L5_vol_adjusted_return,4,same_family_placebo,test_2025H2,0.003920212554410002,0.1737982061494424
a7ff24r_547c0ff8380f3778,L5_vol_adjusted_return,4,same_family_placebo,recent_oos_2026JanApr,-0.006559212716238481,0.19154815753295384
a7ff24r_547c0ff8380f3778,L7_ranked_future_return,4,one_bar_lag,validation_2025H1,0.00048397734326505214,0.25187179271473004
a7ff24r_547c0ff8380f3778,L7_ranked_future_return,4,one_bar_lag,test_2025H2,0.004294935211049037,1.403491627489303
a7ff24r_547c0ff8380f3778,L7_ranked_future_return,4,one_bar_lag,recent_oos_2026JanApr,0.024913436918063313,1.0283852628839665
a7ff24r_547c0ff8380f3778,L7_ranked_future_return,4,wrong_lag_future_24h,validation_2025H1,-0.011889451427684668,6.187515773534113
a7ff24r_547c0ff8380f3778,L7_ranked_future_return,4,wrong_lag_future_24h,test_2025H2,-0.009840145225532795,3.215545929956156
a7ff24r_547c0ff8380f3778,L7_ranked_future_return,4,wrong_lag_future_24h,recent_oos_2026JanApr,-0.025503941004552038,1.0527602899914257
a7ff24r_547c0ff8380f3778,L7_ranked_future_return,4,wrong_lag_stale_168h,validation_2025H1,0.009524444573763707,4.956717422394211
a7ff24r_547c0ff8380f3778,L7_ranked_future_return,4,wrong_lag_stale_168h,test_2025H2,-0.004608534424787916,1.505969045480957
a7ff24r_547c0ff8380f3778,L7_ranked_future_return,4,wrong_lag_stale_168h,recent_oos_2026JanApr,0.00248163666459756,0.10243783634101021
a7ff24r_547c0ff8380f3778,L7_ranked_future_return,4,time_shuffle,validation_2025H1,-0.0026305523180523175,1.3689936882331932
a7ff24r_547c0ff8380f3778,L7_ranked_future_return,4,time_shuffle,test_2025H2,-0.0035838235676068793,1.1711157734336475
a7ff24r_547c0ff8380f3778,L7_ranked_future_return,4,time_shuffle,recent_oos_2026JanApr,-0.009016527454027454,0.3721872653141482
a7ff24r_547c0ff8380f3778,L7_ranked_future_return,4,symbol_shuffle,validation_2025H1,-0.009718665942478793,5.0577942289896525
a7ff24r_547c0ff8380f3778,L7_ranked_future_return,4,symbol_shuffle,test_2025H2,0.0005951110852472569,0.19446938883313034
a7ff24r_547c0ff8380f3778,L7_ranked_future_return,4,symbol_shuffle,recent_oos_2026JanApr,0.0034610684357541917,0.14286715176507098
a7ff24r_547c0ff8380f3778,L7_ranked_future_return,4,sign_flip,validation_2025H1,-0.0026689879474446516,1.3889963826028435
a7ff24r_547c0ff8380f3778,L7_ranked_future_return,4,sign_flip,test_2025H2,-0.0035394682391889087,1.1566214146109552
a7ff24r_547c0ff8380f3778,L7_ranked_future_return,4,sign_flip,recent_oos_2026JanApr,-0.026715581678046763,1.1027748029079214
a7ff24r_547c0ff8380f3778,L7_ranked_future_return,4,same_family_placebo,validation_2025H1,-0.0003081031450444846,0.16034323210229598
a7ff24r_547c0ff8380f3778,L7_ranked_future_return,4,same_family_placebo,test_2025H2,-0.0019661377508793714,0.6424911520786013
a7ff24r_547c0ff8380f3778,L7_ranked_future_return,4,same_family_placebo,recent_oos_2026JanApr,0.012763083876474238,0.526838886609082
a7ff24r_547c0ff8380f3778,L0_raw_forward_return,8,one_bar_lag,validation_2025H1,-0.0003386755459303315,2.309706421041064
a7ff24r_547c0ff8380f3778,L0_raw_forward_return,8,one_bar_lag,test_2025H2,-0.0002483607500689524,2.4476527672742794
a7ff24r_547c0ff8380f3778,L0_raw_forward_return,8,one_bar_lag,recent_oos_2026JanApr,0.0019200455147144924,1.5062503177405078
a7ff24r_547c0ff8380f3778,L0_raw_forward_return,8,wrong_lag_future_24h,validation_2025H1,-0.0011197437059391883,7.636451047635072
a7ff24r_547c0ff8380f3778,L0_raw_forward_return,8,wrong_lag_future_24h,test_2025H2,-0.0014161077562771793,13.956070222239642
a7ff24r_547c0ff8380f3778,L0_raw_forward_return,8,wrong_lag_future_24h,recent_oos_2026JanApr,-0.007662924156147959,6.011462674485398
a7ff24r_547c0ff8380f3778,L0_raw_forward_return,8,wrong_lag_stale_168h,validation_2025H1,0.0006661738019350899,4.543185731441419
a7ff24r_547c0ff8380f3778,L0_raw_forward_return,8,wrong_lag_stale_168h,test_2025H2,-4.369449826502196e-05,0.4306194097229532
a7ff24r_547c0ff8380f3778,L0_raw_forward_return,8,wrong_lag_stale_168h,recent_oos_2026JanApr,-0.002412231535668913,1.892363743057027
a7ff24r_547c0ff8380f3778,L0_raw_forward_return,8,time_shuffle,validation_2025H1,-6.166955403914793e-05,0.42057528705145925
a7ff24r_547c0ff8380f3778,L0_raw_forward_return,8,time_shuffle,test_2025H2,-0.0007080786751568872,6.978279491483624
a7ff24r_547c0ff8380f3778,L0_raw_forward_return,8,time_shuffle,recent_oos_2026JanApr,0.00021175933950895047,0.16612240177405685
a7ff24r_547c0ff8380f3778,L0_raw_forward_return,8,symbol_shuffle,validation_2025H1,-0.0007190336223007799,4.903680216445738
a7ff24r_547c0ff8380f3778,L0_raw_forward_return,8,symbol_shuffle,test_2025H2,6.795981100790557e-05,0.6697596920236212
a7ff24r_547c0ff8380f3778,L0_raw_forward_return,8,symbol_shuffle,recent_oos_2026JanApr,-0.00027479481460263293,0.2155728984738195
a7ff24r_547c0ff8380f3778,L0_raw_forward_return,8,sign_flip,validation_2025H1,0.00013354606633708877,0.9107601969792088
a7ff24r_547c0ff8380f3778,L0_raw_forward_return,8,sign_flip,test_2025H2,0.00014750601469573453,1.453705969882031
a7ff24r_547c0ff8380f3778,L0_raw_forward_return,8,sign_flip,recent_oos_2026JanApr,-0.0017272881974633647,1.3550347511660392
a7ff24r_547c0ff8380f3778,L0_raw_forward_return,8,same_family_placebo,validation_2025H1,-0.0003784198516476169,2.5807554507632062
a7ff24r_547c0ff8380f3778,L0_raw_forward_return,8,same_family_placebo,test_2025H2,0.0002777583806339365,2.737373231493015
a7ff24r_547c0ff8380f3778,L0_raw_forward_return,8,same_family_placebo,recent_oos_2026JanApr,-0.0008514799403597488,0.6679747541855809
a7ff24r_547c0ff8380f3778,L1_cross_sectional_relative_return,8,one_bar_lag,validation_2025H1,-0.00033867554593033136,2.309706421041064
a7ff24r_547c0ff8380f3778,L1_cross_sectional_relative_return,8,one_bar_lag,test_2025H2,-0.0002483607500689525,2.4476527672742785
a7ff24r_547c0ff8380f3778,L1_cross_sectional_relative_return,8,one_bar_lag,recent_oos_2026JanApr,0.0019200455147144924,1.5062503177405078
a7ff24r_547c0ff8380f3778,L1_cross_sectional_relative_return,8,wrong_lag_future_24h,validation_2025H1,-0.0011197437059391883,7.636451047635076
a7ff24r_547c0ff8380f3778,L1_cross_sectional_relative_return,8,wrong_lag_future_24h,test_2025H2,-0.0014161077562771793,13.956070222239632
a7ff24r_547c0ff8380f3778,L1_cross_sectional_relative_return,8,wrong_lag_future_24h,recent_oos_2026JanApr,-0.00766292415614796,6.011462674485399
a7ff24r_547c0ff8380f3778,L1_cross_sectional_relative_return,8,wrong_lag_stale_168h,validation_2025H1,0.0006661738019350899,4.5431857314414215
a7ff24r_547c0ff8380f3778,L1_cross_sectional_relative_return,8,wrong_lag_stale_168h,test_2025H2,-4.369449826502196e-05,0.4306194097229529
a7ff24r_547c0ff8380f3778,L1_cross_sectional_relative_return,8,wrong_lag_stale_168h,recent_oos_2026JanApr,-0.0024122315356689124,1.8923637430570268
a7ff24r_547c0ff8380f3778,L1_cross_sectional_relative_return,8,time_shuffle,validation_2025H1,-0.00066727250702304,4.550678702891421
a7ff24r_547c0ff8380f3778,L1_cross_sectional_relative_return,8,time_shuffle,test_2025H2,-0.0011388291003248147,11.223424788693972
a7ff24r_547c0ff8380f3778,L1_cross_sectional_relative_return,8,time_shuffle,recent_oos_2026JanApr,0.000551968080002384,0.433011660147982
a7ff24r_547c0ff8380f3778,L1_cross_sectional_relative_return,8,symbol_shuffle,validation_2025H1,0.0003104991164527437,2.1175482305002498
a7ff24r_547c0ff8380f3778,L1_cross_sectional_relative_return,8,symbol_shuffle,test_2025H2,0.0009063588228963839,8.932376313044157
a7ff24r_547c0ff8380f3778,L1_cross_sectional_relative_return,8,symbol_shuffle,recent_oos_2026JanApr,0.0019351732147968336,1.5181177984231717
a7ff24r_547c0ff8380f3778,L1_cross_sectional_relative_return,8,sign_flip,validation_2025H1,0.00013354606633708864,0.9107601969792084
a7ff24r_547c0ff8380f3778,L1_cross_sectional_relative_return,8,sign_flip,test_2025H2,0.00014750601469573445,1.453705969882029
a7ff24r_547c0ff8380f3778,L1_cross_sectional_relative_return,8,sign_flip,recent_oos_2026JanApr,-0.0017272881974633645,1.355034751166039
a7ff24r_547c0ff8380f3778,L1_cross_sectional_relative_return,8,same_family_placebo,validation_2025H1,3.211982116591613e-05,0.21905141390063096
a7ff24r_547c0ff8380f3778,L1_cross_sectional_relative_return,8,same_family_placebo,test_2025H2,0.0002297769884818097,2.2645054887187617
a7ff24r_547c0ff8380f3778,L1_cross_sectional_relative_return,8,same_family_placebo,recent_oos_2026JanApr,-5.78495538814531e-05,0.04538221008164087
a7ff24r_547c0ff8380f3778,L3_liquidity_tier_relative_return,8,one_bar_lag,validation_2025H1,-0.00040563200568087245,1.7703312501181023
a7ff24r_547c0ff8380f3778,L3_liquidity_tier_relative_return,8,one_bar_lag,test_2025H2,-0.00020580731240330973,3.0198538542645172
a7ff24r_547c0ff8380f3778,L3_liquidity_tier_relative_return,8,one_bar_lag,recent_oos_2026JanApr,0.0018074928309620517,1.5357884314547248
a7ff24r_547c0ff8380f3778,L3_liquidity_tier_relative_return,8,wrong_lag_future_24h,validation_2025H1,-0.0010874405107480414,4.746001035076674
a7ff24r_547c0ff8380f3778,L3_liquidity_tier_relative_return,8,wrong_lag_future_24h,test_2025H2,-0.0014590626120387432,21.409131683056728
a7ff24r_547c0ff8380f3778,L3_liquidity_tier_relative_return,8,wrong_lag_future_24h,recent_oos_2026JanApr,-0.007697276292359461,6.540212874440201
a7ff24r_547c0ff8380f3778,L3_liquidity_tier_relative_return,8,wrong_lag_stale_168h,validation_2025H1,0.0005719445529796764,2.496182010527419
a7ff24r_547c0ff8380f3778,L3_liquidity_tier_relative_return,8,wrong_lag_stale_168h,test_2025H2,-0.000157027481362205,2.304097163893961
a7ff24r_547c0ff8380f3778,L3_liquidity_tier_relative_return,8,wrong_lag_stale_168h,recent_oos_2026JanApr,-0.0022266303309032695,1.891920700735129
a7ff24r_547c0ff8380f3778,L3_liquidity_tier_relative_return,8,time_shuffle,validation_2025H1,-0.0005719091793936371,2.496027626839946
a7ff24r_547c0ff8380f3778,L3_liquidity_tier_relative_return,8,time_shuffle,test_2025H2,-0.00023555755897395678,3.4563854610503384
a7ff24r_547c0ff8380f3778,L3_liquidity_tier_relative_return,8,time_shuffle,recent_oos_2026JanApr,-0.0005890736228882043,0.5005233989366906
a7ff24r_547c0ff8380f3778,L3_liquidity_tier_relative_return,8,symbol_shuffle,validation_2025H1,0.00036275798079070685,1.5832128151366276
a7ff24r_547c0ff8380f3778,L3_liquidity_tier_relative_return,8,symbol_shuffle,test_2025H2,0.00024300940582278966,3.5657279725726596
a7ff24r_547c0ff8380f3778,L3_liquidity_tier_relative_return,8,symbol_shuffle,recent_oos_2026JanApr,0.00158529093786128,1.3469881822775986
a7ff24r_547c0ff8380f3778,L3_liquidity_tier_relative_return,8,sign_flip,validation_2025H1,0.0002333442591129262,1.0184024637056606
a7ff24r_547c0ff8380f3778,L3_liquidity_tier_relative_return,8,sign_flip,test_2025H2,9.746799243265513e-05,1.4301682927493733
a7ff24r_547c0ff8380f3778,L3_liquidity_tier_relative_return,8,sign_flip,recent_oos_2026JanApr,-0.0016273276456467308,1.3827058838404733
a7ff24r_547c0ff8380f3778,L3_liquidity_tier_relative_return,8,same_family_placebo,validation_2025H1,-6.898201580505164e-05,0.3010635663989035
a7ff24r_547c0ff8380f3778,L3_liquidity_tier_relative_return,8,same_family_placebo,test_2025H2,2.2811860737197964e-06,0.033472321641893635
a7ff24r_547c0ff8380f3778,L3_liquidity_tier_relative_return,8,same_family_placebo,recent_oos_2026JanApr,-0.0008504195371864924,0.722583495060909
a7ff24r_547c0ff8380f3778,L5_vol_adjusted_return,8,one_bar_lag,validation_2025H1,0.0028522657588647567,0.15663138224942194
a7ff24r_547c0ff8380f3778,L5_vol_adjusted_return,8,one_bar_lag,test_2025H2,-0.045787553873177504,1.7475592925892942
a7ff24r_547c0ff8380f3778,L5_vol_adjusted_return,8,one_bar_lag,recent_oos_2026JanApr,0.12475719238944581,1.3552692684767627
a7ff24r_547c0ff8380f3778,L5_vol_adjusted_return,8,wrong_lag_future_24h,validation_2025H1,-0.04979229664640346,2.7343301460813243
a7ff24r_547c0ff8380f3778,L5_vol_adjusted_return,8,wrong_lag_future_24h,test_2025H2,-0.16123826876810202,6.153930731638639
a7ff24r_547c0ff8380f3778,L5_vol_adjusted_return,8,wrong_lag_future_24h,recent_oos_2026JanApr,-0.7060499893986822,7.670001499018414
a7ff24r_547c0ff8380f3778,L5_vol_adjusted_return,8,wrong_lag_stale_168h,validation_2025H1,0.06337068303070417,3.4799834644930874
a7ff24r_547c0ff8380f3778,L5_vol_adjusted_return,8,wrong_lag_stale_168h,test_2025H2,-0.003566928537778432,0.13613784936976506
a7ff24r_547c0ff8380f3778,L5_vol_adjusted_return,8,wrong_lag_stale_168h,recent_oos_2026JanApr,-0.2605043028638219,2.829924826098992
a7ff24r_547c0ff8380f3778,L5_vol_adjusted_return,8,time_shuffle,validation_2025H1,-0.01627420440402487,0.8936934165021861
a7ff24r_547c0ff8380f3778,L5_vol_adjusted_return,8,time_shuffle,test_2025H2,-0.015354492045138264,0.5860301105141272
a7ff24r_547c0ff8380f3778,L5_vol_adjusted_return,8,time_shuffle,recent_oos_2026JanApr,-0.15311530391790482,1.6633306822554876
a7ff24r_547c0ff8380f3778,L5_vol_adjusted_return,8,symbol_shuffle,validation_2025H1,0.026278777397686397,1.4430917647949986
a7ff24r_547c0ff8380f3778,L5_vol_adjusted_return,8,symbol_shuffle,test_2025H2,-0.009736566036207034,0.37161248014278586
a7ff24r_547c0ff8380f3778,L5_vol_adjusted_return,8,symbol_shuffle,recent_oos_2026JanApr,-0.06716135401188889,0.7295909548642726
a7ff24r_547c0ff8380f3778,L5_vol_adjusted_return,8,sign_flip,validation_2025H1,-0.017898662778853866,0.9829000971438199
a7ff24r_547c0ff8380f3778,L5_vol_adjusted_return,8,sign_flip,test_2025H2,0.03749701622988789,1.43113692726221
a7ff24r_547c0ff8380f3778,L5_vol_adjusted_return,8,sign_flip,recent_oos_2026JanApr,-0.13023911344286712,1.4148207780420434
a7ff24r_547c0ff8380f3778,L5_vol_adjusted_return,8,same_family_placebo,validation_2025H1,-0.01948119975016484,1.0698046755502548
a7ff24r_547c0ff8380f3778,L5_vol_adjusted_return,8,same_family_placebo,test_2025H2,-0.004582952145600089,0.17491610562378537
a7ff24r_547c0ff8380f3778,L5_vol_adjusted_return,8,same_family_placebo,recent_oos_2026JanApr,-0.050511623262955795,0.548720674119236
a7ff24r_547c0ff8380f3778,L7_ranked_future_return,8,one_bar_lag,validation_2025H1,0.0023854459269662905,0.4190080520815486
a7ff24r_547c0ff8380f3778,L7_ranked_future_return,8,one_bar_lag,test_2025H2,0.0023599244434040806,16.989467524868076
a7ff24r_547c0ff8380f3778,L7_ranked_future_return,8,one_bar_lag,recent_oos_2026JanApr,0.03490615571681231,1.0624302681414157
a7ff24r_547c0ff8380f3778,L7_ranked_future_return,8,wrong_lag_future_24h,validation_2025H1,-0.015936703469621307,2.7993118611158714
a7ff24r_547c0ff8380f3778,L7_ranked_future_return,8,wrong_lag_future_24h,test_2025H2,-0.02029087988972118,146.077238150963
a7ff24r_547c0ff8380f3778,L7_ranked_future_return,8,wrong_lag_future_24h,recent_oos_2026JanApr,-0.03256817649812734,0.9912697568445455
a7ff24r_547c0ff8380f3778,L7_ranked_future_return,8,wrong_lag_stale_168h,validation_2025H1,0.012494229218684977,2.1946348009822407
a7ff24r_547c0ff8380f3778,L7_ranked_future_return,8,wrong_lag_stale_168h,test_2025H2,-0.00787345895755306,56.68227033352743
a7ff24r_547c0ff8380f3778,L7_ranked_future_return,8,wrong_lag_stale_168h,recent_oos_2026JanApr,-0.004774305555555554,0.1453143901817543
a7ff24r_547c0ff8380f3778,L7_ranked_future_return,8,time_shuffle,validation_2025H1,-0.0023826431332601983,0.41851573610913434
a7ff24r_547c0ff8380f3778,L7_ranked_future_return,8,time_shuffle,test_2025H2,-0.010365136027881815,74.62024575775182
a7ff24r_547c0ff8380f3778,L7_ranked_future_return,8,time_shuffle,recent_oos_2026JanApr,0.002863240350054696,0.08714775804992975
a7ff24r_547c0ff8380f3778,L7_ranked_future_return,8,symbol_shuffle,validation_2025H1,0.014844806621930922,2.6075181314602265
a7ff24r_547c0ff8380f3778,L7_ranked_future_return,8,symbol_shuffle,test_2025H2,-0.011713792004785686,84.3294324166165
a7ff24r_547c0ff8380f3778,L7_ranked_future_return,8,symbol_shuffle,recent_oos_2026JanApr,-0.001031750676238036,0.031403147241525195
a7ff24r_547c0ff8380f3778,L7_ranked_future_return,8,sign_flip,validation_2025H1,-0.006082566063254265,1.0684141396836278
a7ff24r_547c0ff8380f3778,L7_ranked_future_return,8,sign_flip,test_2025H2,-4.389044943821846e-06,0.03159742539497896
a7ff24r_547c0ff8380f3778,L7_ranked_future_return,8,sign_flip,recent_oos_2026JanApr,-0.03667656640137328,1.1163158324406832
a7ff24r_547c0ff8380f3778,L7_ranked_future_return,8,same_family_placebo,validation_2025H1,8.826857053682998e-05,0.015504540003426603
a7ff24r_547c0ff8380f3778,L7_ranked_future_return,8,same_family_placebo,test_2025H2,-0.002263121618809821,16.292568753656834
a7ff24r_547c0ff8380f3778,L7_ranked_future_return,8,same_family_placebo,recent_oos_2026JanApr,0.0016276041666666672,0.049538996652870815
a7ff24r_547c0ff8380f3778,L0_raw_forward_return,24,one_bar_lag,validation_2025H1,0.001018065659452903,0.9746516542358412
a7ff24r_547c0ff8380f3778,L0_raw_forward_return,24,one_bar_lag,test_2025H2,0.0011309971030342703,1.0625867539279101
a7ff24r_547c0ff8380f3778,L0_raw_forward_return,24,one_bar_lag,recent_oos_2026JanApr,-0.0062354925243338745,0.9811537494802831
a7ff24r_547c0ff8380f3778,L0_raw_forward_return,24,wrong_lag_future_24h,validation_2025H1,0.005113416252555088,4.8953616724755165
a7ff24r_547c0ff8380f3778,L0_raw_forward_return,24,wrong_lag_future_24h,test_2025H2,0.006351713939942939,5.967519350151789
a7ff24r_547c0ff8380f3778,L0_raw_forward_return,24,wrong_lag_future_24h,recent_oos_2026JanApr,0.02591486132368366,4.077699276483385
a7ff24r_547c0ff8380f3778,L0_raw_forward_return,24,wrong_lag_stale_168h,validation_2025H1,-0.0015230024260547803,1.4580560891889716
a7ff24r_547c0ff8380f3778,L0_raw_forward_return,24,wrong_lag_stale_168h,test_2025H2,0.00048067171450538585,0.4515974403921747
a7ff24r_547c0ff8380f3778,L0_raw_forward_return,24,wrong_lag_stale_168h,recent_oos_2026JanApr,0.006939940663006028,1.0919985512141166
a7ff24r_547c0ff8380f3778,L0_raw_forward_return,24,time_shuffle,validation_2025H1,0.0006962861579054208,0.6665939955078419
a7ff24r_547c0ff8380f3778,L0_raw_forward_return,24,time_shuffle,test_2025H2,0.0013682283327357595,1.2854686354310085
a7ff24r_547c0ff8380f3778,L0_raw_forward_return,24,time_shuffle,recent_oos_2026JanApr,0.0003486118530817888,0.05485401921815411
a7ff24r_547c0ff8380f3778,L0_raw_forward_return,24,symbol_shuffle,validation_2025H1,-0.0008362197070551165,0.80056027154856
a7ff24r_547c0ff8380f3778,L0_raw_forward_return,24,symbol_shuffle,test_2025H2,-0.0019813414029260686,1.8614964831562337
a7ff24r_547c0ff8380f3778,L0_raw_forward_return,24,symbol_shuffle,recent_oos_2026JanApr,-0.0010963477972238977,0.1725101502059117
a7ff24r_547c0ff8380f3778,L0_raw_forward_return,24,sign_flip,validation_2025H1,-0.0011490698389142406,1.100069341236911
a7ff24r_547c0ff8380f3778,L0_raw_forward_return,24,sign_flip,test_2025H2,-0.0012862659064227639,1.208463850638609
a7ff24r_547c0ff8380f3778,L0_raw_forward_return,24,sign_flip,recent_oos_2026JanApr,0.00751248752520147,1.1820887082312226
a7ff24r_547c0ff8380f3778,L0_raw_forward_return,24,same_family_placebo,validation_2025H1,0.0005739936385934457,0.549516471930298
a7ff24r_547c0ff8380f3778,L0_raw_forward_return,24,same_family_placebo,test_2025H2,0.00036028453568243964,0.33849209183131534
a7ff24r_547c0ff8380f3778,L0_raw_forward_return,24,same_family_placebo,recent_oos_2026JanApr,-0.0004221668870006969,0.06642789201826556
a7ff24r_547c0ff8380f3778,L1_cross_sectional_relative_return,24,one_bar_lag,validation_2025H1,0.0010180656594529023,0.9746516542358408
a7ff24r_547c0ff8380f3778,L1_cross_sectional_relative_return,24,one_bar_lag,test_2025H2,0.00113099710303427,1.0625867539279092
a7ff24r_547c0ff8380f3778,L1_cross_sectional_relative_return,24,one_bar_lag,recent_oos_2026JanApr,-0.0062354925243338745,0.9811537494802831
a7ff24r_547c0ff8380f3778,L1_cross_sectional_relative_return,24,wrong_lag_future_24h,validation_2025H1,0.005113416252555088,4.895361672475517
a7ff24r_547c0ff8380f3778,L1_cross_sectional_relative_return,24,wrong_lag_future_24h,test_2025H2,0.0063517139399429405,5.967519350151787
a7ff24r_547c0ff8380f3778,L1_cross_sectional_relative_return,24,wrong_lag_future_24h,recent_oos_2026JanApr,0.02591486132368366,4.077699276483385
a7ff24r_547c0ff8380f3778,L1_cross_sectional_relative_return,24,wrong_lag_stale_168h,validation_2025H1,-0.0015230024260547803,1.458056089188972
a7ff24r_547c0ff8380f3778,L1_cross_sectional_relative_return,24,wrong_lag_stale_168h,test_2025H2,0.0004806717145053857,0.45159744039217425
a7ff24r_547c0ff8380f3778,L1_cross_sectional_relative_return,24,wrong_lag_stale_168h,recent_oos_2026JanApr,0.006939940663006029,1.0919985512141168
a7ff24r_547c0ff8380f3778,L1_cross_sectional_relative_return,24,time_shuffle,validation_2025H1,0.0008004904803290687,0.7663546683934319
a7ff24r_547c0ff8380f3778,L1_cross_sectional_relative_return,24,time_shuffle,test_2025H2,0.0016816931803713094,1.5799730103988656
a7ff24r_547c0ff8380f3778,L1_cross_sectional_relative_return,24,time_shuffle,recent_oos_2026JanApr,0.0006572350837845149,0.1034158351130495
a7ff24r_547c0ff8380f3778,L1_cross_sectional_relative_return,24,symbol_shuffle,validation_2025H1,-1.0561891418465391e-05,0.010111494133294506
a7ff24r_547c0ff8380f3778,L1_cross_sectional_relative_return,24,symbol_shuffle,test_2025H2,0.0012917657508456132,1.2136310272977748
a7ff24r_547c0ff8380f3778,L1_cross_sectional_relative_return,24,symbol_shuffle,recent_oos_2026JanApr,0.00033264614501202504,0.052341817611845594
a7ff24r_547c0ff8380f3778,L1_cross_sectional_relative_return,24,sign_flip,validation_2025H1,-0.0011490698389142406,1.1000693412369111
a7ff24r_547c0ff8380f3778,L1_cross_sectional_relative_return,24,sign_flip,test_2025H2,-0.0012862659064227636,1.2084638506386078
a7ff24r_547c0ff8380f3778,L1_cross_sectional_relative_return,24,sign_flip,recent_oos_2026JanApr,0.00751248752520147,1.1820887082312226
a7ff24r_547c0ff8380f3778,L1_cross_sectional_relative_return,24,same_family_placebo,validation_2025H1,0.0005138802243673323,0.4919665113032682
a7ff24r_547c0ff8380f3778,L1_cross_sectional_relative_return,24,same_family_placebo,test_2025H2,0.000263675738114025,0.24772684731062278
a7ff24r_547c0ff8380f3778,L1_cross_sectional_relative_return,24,same_family_placebo,recent_oos_2026JanApr,-0.000467678782098338,0.07358918141870056
a7ff24r_547c0ff8380f3778,L3_liquidity_tier_relative_return,24,one_bar_lag,validation_2025H1,0.001368308012858116,0.9854874329373866
a7ff24r_547c0ff8380f3778,L3_liquidity_tier_relative_return,24,one_bar_lag,test_2025H2,0.0007183671590256016,1.060830445517128
a7ff24r_547c0ff8380f3778,L3_liquidity_tier_relative_return,24,one_bar_lag,recent_oos_2026JanApr,-0.005748586454985173,0.9778412526699507
a7ff24r_547c0ff8380f3778,L3_liquidity_tier_relative_return,24,wrong_lag_future_24h,validation_2025H1,0.004960213242662652,3.572461587156197
a7ff24r_547c0ff8380f3778,L3_liquidity_tier_relative_return,24,wrong_lag_future_24h,test_2025H2,0.006157438739064242,9.09284117284258
a7ff24r_547c0ff8380f3778,L3_liquidity_tier_relative_return,24,wrong_lag_future_24h,recent_oos_2026JanApr,0.02562284655294107,4.358476047371623
a7ff24r_547c0ff8380f3778,L3_liquidity_tier_relative_return,24,wrong_lag_stale_168h,validation_2025H1,-0.0011755406812779465,0.8466518922784357
a7ff24r_547c0ff8380f3778,L3_liquidity_tier_relative_return,24,wrong_lag_stale_168h,test_2025H2,0.0006787616996777861,1.0023440899578864
a7ff24r_547c0ff8380f3778,L3_liquidity_tier_relative_return,24,wrong_lag_stale_168h,recent_oos_2026JanApr,0.00628371941552856,1.0688679926486007
a7ff24r_547c0ff8380f3778,L3_liquidity_tier_relative_return,24,time_shuffle,validation_2025H1,0.0006870730050784644,0.4948460475657264
a7ff24r_547c0ff8380f3778,L3_liquidity_tier_relative_return,24,time_shuffle,test_2025H2,0.00105295263398286,1.554921042509214
a7ff24r_547c0ff8380f3778,L3_liquidity_tier_relative_return,24,time_shuffle,recent_oos_2026JanApr,0.0002900130285518346,0.04933155400034139
a7ff24r_547c0ff8380f3778,L3_liquidity_tier_relative_return,24,symbol_shuffle,validation_2025H1,-0.0009623058707705682,0.6930751946013781
a7ff24r_547c0ff8380f3778,L3_liquidity_tier_relative_return,24,symbol_shuffle,test_2025H2,0.0003372750806586772,0.49806240385805084
a7ff24r_547c0ff8380f3778,L3_liquidity_tier_relative_return,24,symbol_shuffle,recent_oos_2026JanApr,-0.0006173405470463973,0.1050103462085548
a7ff24r_547c0ff8380f3778,L3_liquidity_tier_relative_return,24,sign_flip,validation_2025H1,-0.0014913925221130566,1.074135775211318
a7ff24r_547c0ff8380f3778,L3_liquidity_tier_relative_return,24,sign_flip,test_2025H2,-0.0008625869680053272,1.2738033832275293
a7ff24r_547c0ff8380f3778,L3_liquidity_tier_relative_return,24,sign_flip,recent_oos_2026JanApr,0.007014198457078129,1.1931233285701022
a7ff24r_547c0ff8380f3778,L3_liquidity_tier_relative_return,24,same_family_placebo,validation_2025H1,4.428920589161769e-05,0.03189812192197659
a7ff24r_547c0ff8380f3778,L3_liquidity_tier_relative_return,24,same_family_placebo,test_2025H2,5.018851553080826e-05,0.07411461481981968
a7ff24r_547c0ff8380f3778,L3_liquidity_tier_relative_return,24,same_family_placebo,recent_oos_2026JanApr,0.0005568583117433874,0.09472224752619335
a7ff24r_547c0ff8380f3778,L5_vol_adjusted_return,24,one_bar_lag,validation_2025H1,0.04791250304826713,1.1022947422233262
a7ff24r_547c0ff8380f3778,L5_vol_adjusted_return,24,one_bar_lag,test_2025H2,0.14132430132582474,1.017642107030062
a7ff24r_547c0ff8380f3778,L5_vol_adjusted_return,24,one_bar_lag,recent_oos_2026JanApr,-0.39314619469614426,0.9293161799329567
a7ff24r_547c0ff8380f3778,L5_vol_adjusted_return,24,wrong_lag_future_24h,validation_2025H1,0.38368624948384816,8.827243591163825
a7ff24r_547c0ff8380f3778,L5_vol_adjusted_return,24,wrong_lag_future_24h,test_2025H2,0.8047996644745112,5.795167700172949
a7ff24r_547c0ff8380f3778,L5_vol_adjusted_return,24,wrong_lag_future_24h,recent_oos_2026JanApr,2.4430837199548785,5.7749439280205035
a7ff24r_547c0ff8380f3778,L5_vol_adjusted_return,24,wrong_lag_stale_168h,validation_2025H1,-0.1095245582919046,2.5197670142149895
a7ff24r_547c0ff8380f3778,L5_vol_adjusted_return,24,wrong_lag_stale_168h,test_2025H2,0.0215465353818108,0.15515138910605025
a7ff24r_547c0ff8380f3778,L5_vol_adjusted_return,24,wrong_lag_stale_168h,recent_oos_2026JanApr,0.7052611997753985,1.6670914099442382
a7ff24r_547c0ff8380f3778,L5_vol_adjusted_return,24,time_shuffle,validation_2025H1,0.12038556045598217,2.769639695019794
a7ff24r_547c0ff8380f3778,L5_vol_adjusted_return,24,time_shuffle,test_2025H2,0.10982663797658279,0.7908350526413991
a7ff24r_547c0ff8380f3778,L5_vol_adjusted_return,24,time_shuffle,recent_oos_2026JanApr,0.19083117676388225,0.4510853789120018
a7ff24r_547c0ff8380f3778,L5_vol_adjusted_return,24,symbol_shuffle,validation_2025H1,0.0086103990777232,0.19809438096476434
a7ff24r_547c0ff8380f3778,L5_vol_adjusted_return,24,symbol_shuffle,test_2025H2,0.4075561738666839,2.934713418823846
a7ff24r_547c0ff8380f3778,L5_vol_adjusted_return,24,symbol_shuffle,recent_oos_2026JanApr,-0.004226207121939995,0.009989878348440362
a7ff24r_547c0ff8380f3778,L5_vol_adjusted_return,24,sign_flip,validation_2025H1,-0.059720740695354914,1.3739599119640076
a7ff24r_547c0ff8380f3778,L5_vol_adjusted_return,24,sign_flip,test_2025H2,-0.17157122268457045,1.2354428709037975
a7ff24r_547c0ff8380f3778,L5_vol_adjusted_return,24,sign_flip,recent_oos_2026JanApr,0.5283591761191913,1.248931664118245
a7ff24r_547c0ff8380f3778,L5_vol_adjusted_return,24,same_family_placebo,validation_2025H1,0.006228614118697806,0.14329805703246148
a7ff24r_547c0ff8380f3778,L5_vol_adjusted_return,24,same_family_placebo,test_2025H2,0.033788695811906695,0.24330422494396084
a7ff24r_547c0ff8380f3778,L5_vol_adjusted_return,24,same_family_placebo,recent_oos_2026JanApr,-0.09527715181097351,0.2252154540737684
a7ff24r_547c0ff8380f3778,L7_ranked_future_return,24,one_bar_lag,validation_2025H1,-0.0033666254257130714,0.6839873642245389
a7ff24r_547c0ff8380f3778,L7_ranked_future_return,24,one_bar_lag,test_2025H2,-0.0006887072956577257,0.9844307107202297
a7ff24r_547c0ff8380f3778,L7_ranked_future_return,24,one_bar_lag,recent_oos_2026JanApr,0.047398244598765425,0.9646497208698637
a7ff24r_547c0ff8380f3778,L7_ranked_future_return,24,wrong_lag_future_24h,validation_2025H1,-0.04289607944870157,8.715070020440224
a7ff24r_547c0ff8380f3778,L7_ranked_future_return,24,wrong_lag_future_24h,test_2025H2,-0.059861909323116226,85.56596149275043
a7ff24r_547c0ff8380f3778,L7_ranked_future_return,24,wrong_lag_future_24h,recent_oos_2026JanApr,-0.06283674568965517,1.278854305745224
a7ff24r_547c0ff8380f3778,L7_ranked_future_return,24,wrong_lag_stale_168h,validation_2025H1,0.014044955965304386,2.8534723043397476
a7ff24r_547c0ff8380f3778,L7_ranked_future_return,24,wrong_lag_stale_168h,test_2025H2,-0.011000109754150703,15.723437128595245
a7ff24r_547c0ff8380f3778,L7_ranked_future_return,24,wrong_lag_stale_168h,recent_oos_2026JanApr,-0.008278871993401448,0.1684917157830789
a7ff24r_547c0ff8380f3778,L7_ranked_future_return,24,time_shuffle,validation_2025H1,-0.009998482362045043,2.0313621898142187
a7ff24r_547c0ff8380f3778,L7_ranked_future_return,24,time_shuffle,test_2025H2,-0.02113552673711175,30.21089182363148
a7ff24r_547c0ff8380f3778,L7_ranked_future_return,24,time_shuffle,recent_oos_2026JanApr,0.008249853661132395,0.1679011342887554
a7ff24r_547c0ff8380f3778,L7_ranked_future_return,24,symbol_shuffle,validation_2025H1,0.0012438803746275045,0.25271550923188746
a7ff24r_547c0ff8380f3778,L7_ranked_future_return,24,symbol_shuffle,test_2025H2,0.008991858237547896,12.852864273829375
a7ff24r_547c0ff8380f3778,L7_ranked_future_return,24,symbol_shuffle,recent_oos_2026JanApr,0.00653186861430396,0.1329366791721029
a7ff24r_547c0ff8380f3778,L7_ranked_future_return,24,sign_flip,validation_2025H1,0.0069720492762877844,1.4164907005422578
a7ff24r_547c0ff8380f3778,L7_ranked_future_return,24,sign_flip,test_2025H2,0.001957282354193275,2.797718088899463
a7ff24r_547c0ff8380f3778,L7_ranked_future_return,24,sign_flip,recent_oos_2026JanApr,-0.05360683735100043,1.0910070852857212
a7ff24r_547c0ff8380f3778,L7_ranked_future_return,24,same_family_placebo,validation_2025H1,-0.000710824419965944,0.14441610216733977
a7ff24r_547c0ff8380f3778,L7_ranked_future_return,24,same_family_placebo,test_2025H2,-0.003530175739676458,5.04599477062041
a7ff24r_547c0ff8380f3778,L7_ranked_future_return,24,same_family_placebo,recent_oos_2026JanApr,0.0025003991060025526,0.05088815672577554
a7ff24r_7f71b2e363dddbd6,L0_raw_forward_return,1,one_bar_lag,validation_2025H1,-7.380869253433803e-06,0.30393537076551164
a7ff24r_7f71b2e363dddbd6,L0_raw_forward_return,1,one_bar_lag,test_2025H2,5.292621426199806e-05,1.3006837928870767
a7ff24r_7f71b2e363dddbd6,L0_raw_forward_return,1,one_bar_lag,recent_oos_2026JanApr,0.00011293074685630117,0.472263348980216
a7ff24r_7f71b2e363dddbd6,L0_raw_forward_return,1,wrong_lag_future_24h,validation_2025H1,0.00012020352244017623,4.9498373302275605
a7ff24r_7f71b2e363dddbd6,L0_raw_forward_return,1,wrong_lag_future_24h,test_2025H2,0.0002172689611877952,5.339475351768867
a7ff24r_7f71b2e363dddbd6,L0_raw_forward_return,1,wrong_lag_future_24h,recent_oos_2026JanApr,7.70267812649992e-05,0.322117108883225
a7ff24r_7f71b2e363dddbd6,L0_raw_forward_return,1,wrong_lag_stale_168h,validation_2025H1,0.0001348658302956198,5.553613636419282
a7ff24r_7f71b2e363dddbd6,L0_raw_forward_return,1,wrong_lag_stale_168h,test_2025H2,7.24882940542542e-05,1.7814300638180895
a7ff24r_7f71b2e363dddbd6,L0_raw_forward_return,1,wrong_lag_stale_168h,recent_oos_2026JanApr,3.9577141891808244e-05,0.165507039430756
a7ff24r_7f71b2e363dddbd6,L0_raw_forward_return,1,time_shuffle,validation_2025H1,3.0302203250456456e-05,1.2478084983898945
a7ff24r_7f71b2e363dddbd6,L0_raw_forward_return,1,time_shuffle,test_2025H2,0.00013747326912579862,3.378462933735991
a7ff24r_7f71b2e363dddbd6,L0_raw_forward_return,1,time_shuffle,recent_oos_2026JanApr,-0.00019756699273132945,0.8262023605845089
a7ff24r_7f71b2e363dddbd6,L0_raw_forward_return,1,symbol_shuffle,validation_2025H1,-1.2526232723479766e-05,0.5158152863004177
a7ff24r_7f71b2e363dddbd6,L0_raw_forward_return,1,symbol_shuffle,test_2025H2,0.0001163250019677354,2.8587354466353405
a7ff24r_7f71b2e363dddbd6,L0_raw_forward_return,1,symbol_shuffle,recent_oos_2026JanApr,0.00016933794002044764,0.7081517203213764
a7ff24r_7f71b2e363dddbd6,L0_raw_forward_return,1,sign_flip,validation_2025H1,-8.040386254973087e-06,0.3310934923235849
a7ff24r_7f71b2e363dddbd6,L0_raw_forward_return,1,sign_flip,test_2025H2,-6.21848890566135e-05,1.5282195880859255
a7ff24r_7f71b2e363dddbd6,L0_raw_forward_return,1,sign_flip,recent_oos_2026JanApr,-0.00019572345277044147,0.8184928892479237
a7ff24r_7f71b2e363dddbd6,L0_raw_forward_return,1,same_family_placebo,validation_2025H1,-4.608440804534504e-05,1.897700821519734
a7ff24r_7f71b2e363dddbd6,L0_raw_forward_return,1,same_family_placebo,test_2025H2,-3.81679438040826e-06,0.09379931401864976
a7ff24r_7f71b2e363dddbd6,L0_raw_forward_return,1,same_family_placebo,recent_oos_2026JanApr,-4.491069899789974e-05,0.18781135965370735
a7ff24r_7f71b2e363dddbd6,L1_cross_sectional_relative_return,1,one_bar_lag,validation_2025H1,-7.380869253433794e-06,0.303935370765511
a7ff24r_7f71b2e363dddbd6,L1_cross_sectional_relative_return,1,one_bar_lag,test_2025H2,5.292621426199804e-05,1.3006837928870765
a7ff24r_7f71b2e363dddbd6,L1_cross_sectional_relative_return,1,one_bar_lag,recent_oos_2026JanApr,0.0001129307468563011,0.4722633489802157
a7ff24r_7f71b2e363dddbd6,L1_cross_sectional_relative_return,1,wrong_lag_future_24h,validation_2025H1,0.00012020352244017625,4.949837330227557
a7ff24r_7f71b2e363dddbd6,L1_cross_sectional_relative_return,1,wrong_lag_future_24h,test_2025H2,0.0002172689611877951,5.339475351768866
a7ff24r_7f71b2e363dddbd6,L1_cross_sectional_relative_return,1,wrong_lag_future_24h,recent_oos_2026JanApr,7.702678126499931e-05,0.3221171088832254
a7ff24r_7f71b2e363dddbd6,L1_cross_sectional_relative_return,1,wrong_lag_stale_168h,validation_2025H1,0.0001348658302956198,5.553613636419278
a7ff24r_7f71b2e363dddbd6,L1_cross_sectional_relative_return,1,wrong_lag_stale_168h,test_2025H2,7.248829405425421e-05,1.7814300638180902
a7ff24r_7f71b2e363dddbd6,L1_cross_sectional_relative_return,1,wrong_lag_stale_168h,recent_oos_2026JanApr,3.9577141891808406e-05,0.16550703943075668
a7ff24r_7f71b2e363dddbd6,L1_cross_sectional_relative_return,1,time_shuffle,validation_2025H1,8.19861457466491e-05,3.3760914533948987
a7ff24r_7f71b2e363dddbd6,L1_cross_sectional_relative_return,1,time_shuffle,test_2025H2,1.623549134978468e-05,0.3989939723194185
a7ff24r_7f71b2e363dddbd6,L1_cross_sectional_relative_return,1,time_shuffle,recent_oos_2026JanApr,-0.00010830679135907529,0.4529265007839134
a7ff24r_7f71b2e363dddbd6,L1_cross_sectional_relative_return,1,symbol_shuffle,validation_2025H1,-0.00010531621194669814,4.336795684430689
a7ff24r_7f71b2e363dddbd6,L1_cross_sectional_relative_return,1,symbol_shuffle,test_2025H2,1.701288622562076e-06,0.041809877567202614
a7ff24r_7f71b2e363dddbd6,L1_cross_sectional_relative_return,1,symbol_shuffle,recent_oos_2026JanApr,1.6221959436868904e-05,0.06783836203992541
a7ff24r_7f71b2e363dddbd6,L1_cross_sectional_relative_return,1,sign_flip,validation_2025H1,-8.040386254973087e-06,0.33109349232358465
a7ff24r_7f71b2e363dddbd6,L1_cross_sectional_relative_return,1,sign_flip,test_2025H2,-6.218488905661346e-05,1.5282195880859248
a7ff24r_7f71b2e363dddbd6,L1_cross_sectional_relative_return,1,sign_flip,recent_oos_2026JanApr,-0.00019572345277044144,0.8184928892479236
a7ff24r_7f71b2e363dddbd6,L1_cross_sectional_relative_return,1,same_family_placebo,validation_2025H1,5.5644388607241944e-05,2.2913693904676835
a7ff24r_7f71b2e363dddbd6,L1_cross_sectional_relative_return,1,same_family_placebo,test_2025H2,-1.4600054875057573e-05,0.3588024387545234
a7ff24r_7f71b2e363dddbd6,L1_cross_sectional_relative_return,1,same_family_placebo,recent_oos_2026JanApr,8.468145693442683e-06,0.03541280790364748
a7ff24r_7f71b2e363dddbd6,L3_liquidity_tier_relative_return,1,one_bar_lag,validation_2025H1,1.0197295407377471e-05,2.773482503543029
a7ff24r_7f71b2e363dddbd6,L3_liquidity_tier_relative_return,1,one_bar_lag,test_2025H2,4.477634152454175e-05,1.3825209613154055
a7ff24r_7f71b2e363dddbd6,L3_liquidity_tier_relative_return,1,one_bar_lag,recent_oos_2026JanApr,0.00011840266845225803,0.4786577598611371
a7ff24r_7f71b2e363dddbd6,L3_liquidity_tier_relative_return,1,wrong_lag_future_24h,validation_2025H1,0.0001382253690981387,37.59483543666982
a7ff24r_7f71b2e363dddbd6,L3_liquidity_tier_relative_return,1,wrong_lag_future_24h,test_2025H2,0.0002005498735521035,6.192207637664402
a7ff24r_7f71b2e363dddbd6,L3_liquidity_tier_relative_return,1,wrong_lag_future_24h,recent_oos_2026JanApr,5.2612320512082394e-05,0.2126919587759447
a7ff24r_7f71b2e363dddbd6,L3_liquidity_tier_relative_return,1,wrong_lag_stale_168h,validation_2025H1,0.00014018265076341845,38.12718114563414
a7ff24r_7f71b2e363dddbd6,L3_liquidity_tier_relative_return,1,wrong_lag_stale_168h,test_2025H2,5.7474003992765305e-05,1.7745758707680963
a7ff24r_7f71b2e363dddbd6,L3_liquidity_tier_relative_return,1,wrong_lag_stale_168h,recent_oos_2026JanApr,7.075934623955077e-05,0.28605360506649996
a7ff24r_7f71b2e363dddbd6,L3_liquidity_tier_relative_return,1,time_shuffle,validation_2025H1,0.00019449480452294278,52.899118425474036
a7ff24r_7f71b2e363dddbd6,L3_liquidity_tier_relative_return,1,time_shuffle,test_2025H2,0.00013215759926270347,4.08051763402032
a7ff24r_7f71b2e363dddbd6,L3_liquidity_tier_relative_return,1,time_shuffle,recent_oos_2026JanApr,0.00017353824778998497,0.7015503115191575
a7ff24r_7f71b2e363dddbd6,L3_liquidity_tier_relative_return,1,symbol_shuffle,validation_2025H1,2.2209720225170197e-05,6.040647837712986
a7ff24r_7f71b2e363dddbd6,L3_liquidity_tier_relative_return,1,symbol_shuffle,test_2025H2,-0.00012795222549086624,3.9506718897773623
a7ff24r_7f71b2e363dddbd6,L3_liquidity_tier_relative_return,1,symbol_shuffle,recent_oos_2026JanApr,0.00010622470929155193,0.42942681998671717
a7ff24r_7f71b2e363dddbd6,L3_liquidity_tier_relative_return,1,sign_flip,validation_2025H1,-2.4043799779831233e-05,6.539484769638898
a7ff24r_7f71b2e363dddbd6,L3_liquidity_tier_relative_return,1,sign_flip,test_2025H2,-4.160074702079871e-05,1.2844708344720495
a7ff24r_7f71b2e363dddbd6,L3_liquidity_tier_relative_return,1,sign_flip,recent_oos_2026JanApr,-0.00019770192686444926,0.7992350398025421
a7ff24r_7f71b2e363dddbd6,L3_liquidity_tier_relative_return,1,same_family_placebo,validation_2025H1,8.105723122307014e-05,22.04612140785704
a7ff24r_7f71b2e363dddbd6,L3_liquidity_tier_relative_return,1,same_family_placebo,test_2025H2,-4.928488143214249e-05,1.5217273081262246
a7ff24r_7f71b2e363dddbd6,L3_liquidity_tier_relative_return,1,same_family_placebo,recent_oos_2026JanApr,-8.074070879770574e-05,0.3264045254038631
a7ff24r_7f71b2e363dddbd6,L5_vol_adjusted_return,1,one_bar_lag,validation_2025H1,-0.007416553147350387,0.8591928791140384
a7ff24r_7f71b2e363dddbd6,L5_vol_adjusted_return,1,one_bar_lag,test_2025H2,0.006718974870214465,0.9975894414738176
a7ff24r_7f71b2e363dddbd6,L5_vol_adjusted_return,1,one_bar_lag,recent_oos_2026JanApr,0.02556325272967952,0.7876891673112849
a7ff24r_7f71b2e363dddbd6,L5_vol_adjusted_return,1,wrong_lag_future_24h,validation_2025H1,0.013550224089316953,1.5697664152922446
a7ff24r_7f71b2e363dddbd6,L5_vol_adjusted_return,1,wrong_lag_future_24h,test_2025H2,0.027623625685912423,4.101375262118159
a7ff24r_7f71b2e363dddbd6,L5_vol_adjusted_return,1,wrong_lag_future_24h,recent_oos_2026JanApr,0.016021714114216705,0.493682505234342
a7ff24r_7f71b2e363dddbd6,L5_vol_adjusted_return,1,wrong_lag_stale_168h,validation_2025H1,0.0075901332247667675,0.8793017846270391
a7ff24r_7f71b2e363dddbd6,L5_vol_adjusted_return,1,wrong_lag_stale_168h,test_2025H2,0.01402130692550141,2.0817919421832056
a7ff24r_7f71b2e363dddbd6,L5_vol_adjusted_return,1,wrong_lag_stale_168h,recent_oos_2026JanApr,-0.002633659678347534,0.08115184796535409
a7ff24r_7f71b2e363dddbd6,L5_vol_adjusted_return,1,time_shuffle,validation_2025H1,0.011733757654760334,1.3593324044096713
a7ff24r_7f71b2e363dddbd6,L5_vol_adjusted_return,1,time_shuffle,test_2025H2,0.014362457689624412,2.132443776252198
a7ff24r_7f71b2e363dddbd6,L5_vol_adjusted_return,1,time_shuffle,recent_oos_2026JanApr,0.002279727748998957,0.07024602351251452
a7ff24r_7f71b2e363dddbd6,L5_vol_adjusted_return,1,symbol_shuffle,validation_2025H1,-0.007062728845776704,0.8182030399893482
a7ff24r_7f71b2e363dddbd6,L5_vol_adjusted_return,1,symbol_shuffle,test_2025H2,0.0029625012125216042,0.43985280300216417
a7ff24r_7f71b2e363dddbd6,L5_vol_adjusted_return,1,symbol_shuffle,recent_oos_2026JanApr,0.004602830786431138,0.14182858448327607
a7ff24r_7f71b2e363dddbd6,L5_vol_adjusted_return,1,sign_flip,validation_2025H1,0.004513696662003862,0.5229027492184846
a7ff24r_7f71b2e363dddbd6,L5_vol_adjusted_return,1,sign_flip,test_2025H2,-0.008440657571868095,1.2532136278882782
a7ff24r_7f71b2e363dddbd6,L5_vol_adjusted_return,1,sign_flip,recent_oos_2026JanApr,-0.02638150121425184,0.8129021350928921
a7ff24r_7f71b2e363dddbd6,L5_vol_adjusted_return,1,same_family_placebo,validation_2025H1,0.01986527533657847,2.3013524978143853
a7ff24r_7f71b2e363dddbd6,L5_vol_adjusted_return,1,same_family_placebo,test_2025H2,0.008757409179170632,1.3002428347417911
a7ff24r_7f71b2e363dddbd6,L5_vol_adjusted_return,1,same_family_placebo,recent_oos_2026JanApr,0.015043488673895307,0.4635401133142846
a7ff24r_7f71b2e363dddbd6,L7_ranked_future_return,1,one_bar_lag,validation_2025H1,0.002495830757739657,0.7786706174823591
a7ff24r_7f71b2e363dddbd6,L7_ranked_future_return,1,one_bar_lag,test_2025H2,0.0013140356977283268,1.962259615384621
a7ff24r_7f71b2e363dddbd6,L7_ranked_future_return,1,one_bar_lag,recent_oos_2026JanApr,0.01006654690156081,1.3485363092349991
a7ff24r_7f71b2e363dddbd6,L7_ranked_future_return,1,wrong_lag_future_24h,validation_2025H1,0.002528347627878225,0.7888155086256685
a7ff24r_7f71b2e363dddbd6,L7_ranked_future_return,1,wrong_lag_future_24h,test_2025H2,-0.004802677329624479,7.171875000000019
a7ff24r_7f71b2e363dddbd6,L7_ranked_future_return,1,wrong_lag_future_24h,recent_oos_2026JanApr,0.009898891850821614,1.3260768774597014
a7ff24r_7f71b2e363dddbd6,L7_ranked_future_return,1,wrong_lag_stale_168h,validation_2025H1,-0.005660269535878018,1.7659392813198405
a7ff24r_7f71b2e363dddbd6,L7_ranked_future_return,1,wrong_lag_stale_168h,test_2025H2,-0.0071186994539741396,10.630408653846178
a7ff24r_7f71b2e363dddbd6,L7_ranked_future_return,1,wrong_lag_stale_168h,recent_oos_2026JanApr,0.007709556740328644,1.0327888295865004
a7ff24r_7f71b2e363dddbd6,L7_ranked_future_return,1,time_shuffle,validation_2025H1,-0.008557773245273244,2.6699272602946365
a7ff24r_7f71b2e363dddbd6,L7_ranked_future_return,1,time_shuffle,test_2025H2,0.0009000065206051116,1.3439866603466981
a7ff24r_7f71b2e363dddbd6,L7_ranked_future_return,1,time_shuffle,recent_oos_2026JanApr,-0.008988577876060418,1.2041292563167285
a7ff24r_7f71b2e363dddbd6,L7_ranked_future_return,1,symbol_shuffle,validation_2025H1,0.005134848426312265,1.6020139115586476
a7ff24r_7f71b2e363dddbd6,L7_ranked_future_return,1,symbol_shuffle,test_2025H2,0.00010640421367125097,0.1588942307692308
a7ff24r_7f71b2e363dddbd6,L7_ranked_future_return,1,symbol_shuffle,recent_oos_2026JanApr,-0.0023181952815123884,0.31055043398565957
a7ff24r_7f71b2e363dddbd6,L7_ranked_future_return,1,sign_flip,validation_2025H1,-0.003610499407613455,1.1264344725409943
a7ff24r_7f71b2e363dddbd6,L7_ranked_future_return,1,sign_flip,test_2025H2,-0.001232824009684233,1.8409855769230827
a7ff24r_7f71b2e363dddbd6,L7_ranked_future_return,1,sign_flip,recent_oos_2026JanApr,-0.01045433472415392,1.4004852013585642
a7ff24r_7f71b2e363dddbd6,L7_ranked_future_return,1,same_family_placebo,validation_2025H1,0.0068240354401689594,2.129020917560205
a7ff24r_7f71b2e363dddbd6,L7_ranked_future_return,1,same_family_placebo,test_2025H2,-0.0018162764642250045,2.7122596153846232
a7ff24r_7f71b2e363dddbd6,L7_ranked_future_return,1,same_family_placebo,recent_oos_2026JanApr,0.004580290913305516,0.6135856380397864
a7ff24r_7f71b2e363dddbd6,L0_raw_forward_return,4,one_bar_lag,validation_2025H1,-4.728318983175543e-05,0.5746513224385335
a7ff24r_7f71b2e363dddbd6,L0_raw_forward_return,4,one_bar_lag,test_2025H2,0.00020475516416030605,1.1076242848329088
a7ff24r_7f71b2e363dddbd6,L0_raw_forward_return,4,one_bar_lag,recent_oos_2026JanApr,0.0006128683230182578,0.9749523127822395
a7ff24r_7f71b2e363dddbd6,L0_raw_forward_return,4,wrong_lag_future_24h,validation_2025H1,0.0003561094701792857,4.3279393522214615
a7ff24r_7f71b2e363dddbd6,L0_raw_forward_return,4,wrong_lag_future_24h,test_2025H2,0.0007342059393536318,3.971691419025477
a7ff24r_7f71b2e363dddbd6,L0_raw_forward_return,4,wrong_lag_future_24h,recent_oos_2026JanApr,0.0005459432568294408,0.8684877662993112
a7ff24r_7f71b2e363dddbd6,L0_raw_forward_return,4,wrong_lag_stale_168h,validation_2025H1,0.0002625258917275264,3.1905810794994207
a7ff24r_7f71b2e363dddbd6,L0_raw_forward_return,4,wrong_lag_stale_168h,test_2025H2,0.00021383058021765962,1.156717802260471
a7ff24r_7f71b2e363dddbd6,L0_raw_forward_return,4,wrong_lag_stale_168h,recent_oos_2026JanApr,0.00019419496003985847,0.3089257811353293
a7ff24r_7f71b2e363dddbd6,L0_raw_forward_return,4,time_shuffle,validation_2025H1,0.00016037253138941136,1.9490708552798792
a7ff24r_7f71b2e363dddbd6,L0_raw_forward_return,4,time_shuffle,test_2025H2,0.0003619377063858374,1.9579041868551486
a7ff24r_7f71b2e363dddbd6,L0_raw_forward_return,4,time_shuffle,recent_oos_2026JanApr,-0.0002420103230904298,0.3849905686953941
a7ff24r_7f71b2e363dddbd6,L0_raw_forward_return,4,symbol_shuffle,validation_2025H1,-0.000235628592586811,2.8636875561090784
a7ff24r_7f71b2e363dddbd6,L0_raw_forward_return,4,symbol_shuffle,test_2025H2,-0.0006392438162964106,3.457993246533376
a7ff24r_7f71b2e363dddbd6,L0_raw_forward_return,4,symbol_shuffle,recent_oos_2026JanApr,0.0004937310143984075,0.7854284130878606
a7ff24r_7f71b2e363dddbd6,L0_raw_forward_return,4,sign_flip,validation_2025H1,9.7129091169669e-06,0.11804482922262051
a7ff24r_7f71b2e363dddbd6,L0_raw_forward_return,4,sign_flip,test_2025H2,-0.00015092876532476717,0.8164500584838841
a7ff24r_7f71b2e363dddbd6,L0_raw_forward_return,4,sign_flip,recent_oos_2026JanApr,-0.0007096986037396347,1.1289901421021398
a7ff24r_7f71b2e363dddbd6,L0_raw_forward_return,4,same_family_placebo,validation_2025H1,-0.00019693833613959624,2.393469554489696
a7ff24r_7f71b2e363dddbd6,L0_raw_forward_return,4,same_family_placebo,test_2025H2,0.00031091577954861505,1.6819007685500043
a7ff24r_7f71b2e363dddbd6,L0_raw_forward_return,4,same_family_placebo,recent_oos_2026JanApr,0.0003990785371911143,0.6348550385180192
a7ff24r_7f71b2e363dddbd6,L1_cross_sectional_relative_return,4,one_bar_lag,validation_2025H1,-4.7283189831755446e-05,0.574651322438533
a7ff24r_7f71b2e363dddbd6,L1_cross_sectional_relative_return,4,one_bar_lag,test_2025H2,0.00020475516416030613,1.107624284832909
a7ff24r_7f71b2e363dddbd6,L1_cross_sectional_relative_return,4,one_bar_lag,recent_oos_2026JanApr,0.0006128683230182579,0.9749523127822397
a7ff24r_7f71b2e363dddbd6,L1_cross_sectional_relative_return,4,wrong_lag_future_24h,validation_2025H1,0.0003561094701792857,4.327939352221458
a7ff24r_7f71b2e363dddbd6,L1_cross_sectional_relative_return,4,wrong_lag_future_24h,test_2025H2,0.000734205939353632,3.9716914190254773
a7ff24r_7f71b2e363dddbd6,L1_cross_sectional_relative_return,4,wrong_lag_future_24h,recent_oos_2026JanApr,0.0005459432568294408,0.8684877662993112
a7ff24r_7f71b2e363dddbd6,L1_cross_sectional_relative_return,4,wrong_lag_stale_168h,validation_2025H1,0.00026252589172752645,3.1905810794994185
a7ff24r_7f71b2e363dddbd6,L1_cross_sectional_relative_return,4,wrong_lag_stale_168h,test_2025H2,0.0002138305802176596,1.1567178022604705
a7ff24r_7f71b2e363dddbd6,L1_cross_sectional_relative_return,4,wrong_lag_stale_168h,recent_oos_2026JanApr,0.0001941949600398581,0.3089257811353287
a7ff24r_7f71b2e363dddbd6,L1_cross_sectional_relative_return,4,time_shuffle,validation_2025H1,-5.564395541383561e-05,0.6762630160538866
a7ff24r_7f71b2e363dddbd6,L1_cross_sectional_relative_return,4,time_shuffle,test_2025H2,0.00026830366195081535,1.4513902636109128
a7ff24r_7f71b2e363dddbd6,L1_cross_sectional_relative_return,4,time_shuffle,recent_oos_2026JanApr,0.00022594900468136063,0.35944018708628056
a7ff24r_7f71b2e363dddbd6,L1_cross_sectional_relative_return,4,symbol_shuffle,validation_2025H1,-8.841196747002117e-05,1.0745056373484942
a7ff24r_7f71b2e363dddbd6,L1_cross_sectional_relative_return,4,symbol_shuffle,test_2025H2,-0.00039155010475407765,2.1180926328917526
a7ff24r_7f71b2e363dddbd6,L1_cross_sectional_relative_return,4,symbol_shuffle,recent_oos_2026JanApr,-0.0005019187174030217,0.7984534295243602
a7ff24r_7f71b2e363dddbd6,L1_cross_sectional_relative_return,4,sign_flip,validation_2025H1,9.712909116966782e-06,0.11804482922261897
a7ff24r_7f71b2e363dddbd6,L1_cross_sectional_relative_return,4,sign_flip,test_2025H2,-0.00015092876532476733,0.8164500584838847
a7ff24r_7f71b2e363dddbd6,L1_cross_sectional_relative_return,4,sign_flip,recent_oos_2026JanApr,-0.0007096986037396344,1.1289901421021393
a7ff24r_7f71b2e363dddbd6,L1_cross_sectional_relative_return,4,same_family_placebo,validation_2025H1,8.83096501516162e-05,1.0732621344769877
a7ff24r_7f71b2e363dddbd6,L1_cross_sectional_relative_return,4,same_family_placebo,test_2025H2,0.00016528650507624944,0.894118337519825
a7ff24r_7f71b2e363dddbd6,L1_cross_sectional_relative_return,4,same_family_placebo,recent_oos_2026JanApr,-0.0005803497991752796,0.9232217715905527
a7ff24r_7f71b2e363dddbd6,L3_liquidity_tier_relative_return,4,one_bar_lag,validation_2025H1,3.2285169838621025e-05,137.19393643901665
a7ff24r_7f71b2e363dddbd6,L3_liquidity_tier_relative_return,4,one_bar_lag,test_2025H2,0.00018599679404983558,1.1638800490513317
a7ff24r_7f71b2e363dddbd6,L3_liquidity_tier_relative_return,4,one_bar_lag,recent_oos_2026JanApr,0.000652585434102571,0.9852860888596613
a7ff24r_7f71b2e363dddbd6,L3_liquidity_tier_relative_return,4,wrong_lag_future_24h,validation_2025H1,0.00043352610151798266,1842.2437519645152
a7ff24r_7f71b2e363dddbd6,L3_liquidity_tier_relative_return,4,wrong_lag_future_24h,test_2025H2,0.000704780772991218,4.410185050929804
a7ff24r_7f71b2e363dddbd6,L3_liquidity_tier_relative_return,4,wrong_lag_future_24h,recent_oos_2026JanApr,0.0004241437784206855,0.6403804662434307
a7ff24r_7f71b2e363dddbd6,L3_liquidity_tier_relative_return,4,wrong_lag_stale_168h,validation_2025H1,0.00029522047829823913,1254.5221145683363
a7ff24r_7f71b2e363dddbd6,L3_liquidity_tier_relative_return,4,wrong_lag_stale_168h,test_2025H2,0.00019211333391267794,1.2021544652957428
a7ff24r_7f71b2e363dddbd6,L3_liquidity_tier_relative_return,4,wrong_lag_stale_168h,recent_oos_2026JanApr,0.00029033367061896285,0.43835138181074534
a7ff24r_7f71b2e363dddbd6,L3_liquidity_tier_relative_return,4,time_shuffle,validation_2025H1,0.00017573333771627996,746.7685158658387
a7ff24r_7f71b2e363dddbd6,L3_liquidity_tier_relative_return,4,time_shuffle,test_2025H2,0.00023095892904800774,1.445231844142509
a7ff24r_7f71b2e363dddbd6,L3_liquidity_tier_relative_return,4,time_shuffle,recent_oos_2026JanApr,-0.00016482096988900793,0.24884988278557235
a7ff24r_7f71b2e363dddbd6,L3_liquidity_tier_relative_return,4,symbol_shuffle,validation_2025H1,2.0183990056419304e-05,85.77068241324791
a7ff24r_7f71b2e363dddbd6,L3_liquidity_tier_relative_return,4,symbol_shuffle,test_2025H2,6.262774509945133e-05,0.39189483566471267
a7ff24r_7f71b2e363dddbd6,L3_liquidity_tier_relative_return,4,symbol_shuffle,recent_oos_2026JanApr,-0.0004955815629295989,0.7482386126520794
a7ff24r_7f71b2e363dddbd6,L3_liquidity_tier_relative_return,4,sign_flip,validation_2025H1,-6.032480875290187e-05,256.34673811878423
a7ff24r_7f71b2e363dddbd6,L3_liquidity_tier_relative_return,4,sign_flip,test_2025H2,-0.00010756020693902206,0.6730609501506677
a7ff24r_7f71b2e363dddbd6,L3_liquidity_tier_relative_return,4,sign_flip,recent_oos_2026JanApr,-0.0007311787823013562,1.1039478434905428
a7ff24r_7f71b2e363dddbd6,L3_liquidity_tier_relative_return,4,same_family_placebo,validation_2025H1,-0.0002676053094643006,1137.1730736094767
a7ff24r_7f71b2e363dddbd6,L3_liquidity_tier_relative_return,4,same_family_placebo,test_2025H2,-0.00011921774126326375,0.7460082914767802
a7ff24r_7f71b2e363dddbd6,L3_liquidity_tier_relative_return,4,same_family_placebo,recent_oos_2026JanApr,0.0001720184863739538,0.259716832147854
a7ff24r_7f71b2e363dddbd6,L5_vol_adjusted_return,4,one_bar_lag,validation_2025H1,-0.02298969040078545,0.8694482710845758
a7ff24r_7f71b2e363dddbd6,L5_vol_adjusted_return,4,one_bar_lag,test_2025H2,0.027785964237857393,1.1123351280125253
a7ff24r_7f71b2e363dddbd6,L5_vol_adjusted_return,4,one_bar_lag,recent_oos_2026JanApr,0.11916078451905061,0.9900020892457987
a7ff24r_7f71b2e363dddbd6,L5_vol_adjusted_return,4,wrong_lag_future_24h,validation_2025H1,0.038399817001211686,1.45224463312159
a7ff24r_7f71b2e363dddbd6,L5_vol_adjusted_return,4,wrong_lag_future_24h,test_2025H2,0.08750787352890228,3.5031385224075007
a7ff24r_7f71b2e363dddbd6,L5_vol_adjusted_return,4,wrong_lag_future_24h,recent_oos_2026JanApr,0.09532903812656475,0.7920050819739552
a7ff24r_7f71b2e363dddbd6,L5_vol_adjusted_return,4,wrong_lag_stale_168h,validation_2025H1,0.005789596676714338,0.2189570513169811
a7ff24r_7f71b2e363dddbd6,L5_vol_adjusted_return,4,wrong_lag_stale_168h,test_2025H2,0.04600412894147397,1.841649554327833
a7ff24r_7f71b2e363dddbd6,L5_vol_adjusted_return,4,wrong_lag_stale_168h,recent_oos_2026JanApr,-0.009403830317219508,0.07812815011696994
a7ff24r_7f71b2e363dddbd6,L5_vol_adjusted_return,4,time_shuffle,validation_2025H1,-0.020136876018780853,0.7615575388077128
a7ff24r_7f71b2e363dddbd6,L5_vol_adjusted_return,4,time_shuffle,test_2025H2,-0.010225026495029186,0.40933098660594797
a7ff24r_7f71b2e363dddbd6,L5_vol_adjusted_return,4,time_shuffle,recent_oos_2026JanApr,-0.0058841026387954085,0.048885830428658066
a7ff24r_7f71b2e363dddbd6,L5_vol_adjusted_return,4,symbol_shuffle,validation_2025H1,-0.0010877035784340617,0.04113591697997338
a7ff24r_7f71b2e363dddbd6,L5_vol_adjusted_return,4,symbol_shuffle,test_2025H2,0.056546779321739675,2.263695744985006
a7ff24r_7f71b2e363dddbd6,L5_vol_adjusted_return,4,symbol_shuffle,recent_oos_2026JanApr,-0.045399508709608155,0.3771845633162923
a7ff24r_7f71b2e363dddbd6,L5_vol_adjusted_return,4,sign_flip,validation_2025H1,0.016452442112566513,0.6222157454282768
a7ff24r_7f71b2e363dddbd6,L5_vol_adjusted_return,4,sign_flip,test_2025H2,-0.02317226952492976,0.9276384712694445
a7ff24r_7f71b2e363dddbd6,L5_vol_adjusted_return,4,sign_flip,recent_oos_2026JanApr,-0.117261785134773,0.9742249746061182
a7ff24r_7f71b2e363dddbd6,L5_vol_adjusted_return,4,same_family_placebo,validation_2025H1,-0.03252493780929659,1.2300622780226793
a7ff24r_7f71b2e363dddbd6,L5_vol_adjusted_return,4,same_family_placebo,test_2025H2,-0.011564297836042832,0.4629450539745452
a7ff24r_7f71b2e363dddbd6,L5_vol_adjusted_return,4,same_family_placebo,recent_oos_2026JanApr,-0.018888477620113562,0.15692773744365007
a7ff24r_7f71b2e363dddbd6,L7_ranked_future_return,4,one_bar_lag,validation_2025H1,0.004048501189737224,0.8589704016188223
a7ff24r_7f71b2e363dddbd6,L7_ranked_future_return,4,one_bar_lag,test_2025H2,0.0039241122232567755,0.9971452043540766
a7ff24r_7f71b2e363dddbd6,L7_ranked_future_return,4,one_bar_lag,recent_oos_2026JanApr,0.01667410252431202,1.0440970306750952
a7ff24r_7f71b2e363dddbd6,L7_ranked_future_return,4,wrong_lag_future_24h,validation_2025H1,0.001723664132009104,0.36570977809788385
a7ff24r_7f71b2e363dddbd6,L7_ranked_future_return,4,wrong_lag_future_24h,test_2025H2,-0.007198718446099732,1.8292462517970838
a7ff24r_7f71b2e363dddbd6,L7_ranked_future_return,4,wrong_lag_future_24h,recent_oos_2026JanApr,0.01617501099213739,1.0128449746187758
a7ff24r_7f71b2e363dddbd6,L7_ranked_future_return,4,wrong_lag_stale_168h,validation_2025H1,-0.005952484869646182,1.2629385739273589
a7ff24r_7f71b2e363dddbd6,L7_ranked_future_return,4,wrong_lag_stale_168h,test_2025H2,-0.008372129112352574,2.1274183610597652
a7ff24r_7f71b2e363dddbd6,L7_ranked_future_return,4,wrong_lag_stale_168h,recent_oos_2026JanApr,0.009523151381129734,0.5963195959248333
a7ff24r_7f71b2e363dddbd6,L7_ranked_future_return,4,time_shuffle,validation_2025H1,-0.005101979182991173,1.0824868025169707
a7ff24r_7f71b2e363dddbd6,L7_ranked_future_return,4,time_shuffle,test_2025H2,-0.0013232861905506075,0.336256560420283
a7ff24r_7f71b2e363dddbd6,L7_ranked_future_return,4,time_shuffle,recent_oos_2026JanApr,-0.002424485236985237,0.15181613722003529
a7ff24r_7f71b2e363dddbd6,L7_ranked_future_return,4,symbol_shuffle,validation_2025H1,0.004268343937512931,0.9056144322118186
a7ff24r_7f71b2e363dddbd6,L7_ranked_future_return,4,symbol_shuffle,test_2025H2,-0.0014384343316780472,0.36551653316902866
a7ff24r_7f71b2e363dddbd6,L7_ranked_future_return,4,symbol_shuffle,recent_oos_2026JanApr,0.007920319935857647,0.4959536811632346
a7ff24r_7f71b2e363dddbd6,L7_ranked_future_return,4,sign_flip,validation_2025H1,-0.0057382998396441134,1.2174949411805056
a7ff24r_7f71b2e363dddbd6,L7_ranked_future_return,4,sign_flip,test_2025H2,-0.0053624657303951995,1.3626411994249332
a7ff24r_7f71b2e363dddbd6,L7_ranked_future_return,4,sign_flip,recent_oos_2026JanApr,-0.01817541834781709,1.13810625192953
a7ff24r_7f71b2e363dddbd6,L7_ranked_future_return,4,same_family_placebo,validation_2025H1,0.0015810896441133882,0.3354597523750731
a7ff24r_7f71b2e363dddbd6,L7_ranked_future_return,4,same_family_placebo,test_2025H2,0.003063492525346575,0.7784555350174572
a7ff24r_7f71b2e363dddbd6,L7_ranked_future_return,4,same_family_placebo,recent_oos_2026JanApr,-0.0014201679857231526,0.0889279152980712
a7ff24r_7f71b2e363dddbd6,L0_raw_forward_return,8,one_bar_lag,validation_2025H1,-0.00039627248962819484,1.126020940181932
a7ff24r_7f71b2e363dddbd6,L0_raw_forward_return,8,one_bar_lag,test_2025H2,0.0006088042946812787,1.1487435500988763
a7ff24r_7f71b2e363dddbd6,L0_raw_forward_return,8,one_bar_lag,recent_oos_2026JanApr,0.001360590492196169,0.9367004601548349
a7ff24r_7f71b2e363dddbd6,L0_raw_forward_return,8,wrong_lag_future_24h,validation_2025H1,0.0005452116360075862,1.549236283223712
a7ff24r_7f71b2e363dddbd6,L0_raw_forward_return,8,wrong_lag_future_24h,test_2025H2,0.0014207516345108322,2.6807946177370194
a7ff24r_7f71b2e363dddbd6,L0_raw_forward_return,8,wrong_lag_future_24h,recent_oos_2026JanApr,0.0012201742761265462,0.8400307164222344
a7ff24r_7f71b2e363dddbd6,L0_raw_forward_return,8,wrong_lag_stale_168h,validation_2025H1,0.00021926925809146003,0.623060602518226
a7ff24r_7f71b2e363dddbd6,L0_raw_forward_return,8,wrong_lag_stale_168h,test_2025H2,0.0004972724040363715,0.9382957245365672
a7ff24r_7f71b2e363dddbd6,L0_raw_forward_return,8,wrong_lag_stale_168h,recent_oos_2026JanApr,0.0003180190606560349,0.21894067477546864
a7ff24r_7f71b2e363dddbd6,L0_raw_forward_return,8,time_shuffle,validation_2025H1,0.0004582491176323158,1.3021295088084957
a7ff24r_7f71b2e363dddbd6,L0_raw_forward_return,8,time_shuffle,test_2025H2,0.00034258898970513513,0.6464259462307078
a7ff24r_7f71b2e363dddbd6,L0_raw_forward_return,8,time_shuffle,recent_oos_2026JanApr,0.0002191783800051225,0.15089366755415254
a7ff24r_7f71b2e363dddbd6,L0_raw_forward_return,8,symbol_shuffle,validation_2025H1,0.0011631053625970464,3.305001049028131
a7ff24r_7f71b2e363dddbd6,L0_raw_forward_return,8,symbol_shuffle,test_2025H2,-3.0794784395937706e-05,0.05810620959899543
a7ff24r_7f71b2e363dddbd6,L0_raw_forward_return,8,symbol_shuffle,recent_oos_2026JanApr,0.001711402005348914,1.1782171455076618
a7ff24r_7f71b2e363dddbd6,L0_raw_forward_return,8,sign_flip,validation_2025H1,0.0002838464225850462,0.8065586786667285
a7ff24r_7f71b2e363dddbd6,L0_raw_forward_return,8,sign_flip,test_2025H2,-0.0004193786544193122,0.7913191948909307
a7ff24r_7f71b2e363dddbd6,L0_raw_forward_return,8,sign_flip,recent_oos_2026JanApr,-0.0012613496182206226,0.8683779392697929
a7ff24r_7f71b2e363dddbd6,L0_raw_forward_return,8,same_family_placebo,validation_2025H1,0.0004713870822438907,1.339461455010168
a7ff24r_7f71b2e363dddbd6,L0_raw_forward_return,8,same_family_placebo,test_2025H2,0.00019860863468153838,0.3747516074994223
a7ff24r_7f71b2e363dddbd6,L0_raw_forward_return,8,same_family_placebo,recent_oos_2026JanApr,-0.001503677612872059,1.0352089919636933
a7ff24r_7f71b2e363dddbd6,L1_cross_sectional_relative_return,8,one_bar_lag,validation_2025H1,-0.00039627248962819484,1.126020940181932
a7ff24r_7f71b2e363dddbd6,L1_cross_sectional_relative_return,8,one_bar_lag,test_2025H2,0.0006088042946812787,1.1487435500988759
a7ff24r_7f71b2e363dddbd6,L1_cross_sectional_relative_return,8,one_bar_lag,recent_oos_2026JanApr,0.0013605904921961695,0.9367004601548354
a7ff24r_7f71b2e363dddbd6,L1_cross_sectional_relative_return,8,wrong_lag_future_24h,validation_2025H1,0.0005452116360075863,1.5492362832237123
a7ff24r_7f71b2e363dddbd6,L1_cross_sectional_relative_return,8,wrong_lag_future_24h,test_2025H2,0.0014207516345108326,2.6807946177370194
a7ff24r_7f71b2e363dddbd6,L1_cross_sectional_relative_return,8,wrong_lag_future_24h,recent_oos_2026JanApr,0.0012201742761265464,0.8400307164222348
a7ff24r_7f71b2e363dddbd6,L1_cross_sectional_relative_return,8,wrong_lag_stale_168h,validation_2025H1,0.00021926925809145998,0.6230606025182258
a7ff24r_7f71b2e363dddbd6,L1_cross_sectional_relative_return,8,wrong_lag_stale_168h,test_2025H2,0.0004972724040363716,0.938295724536567
a7ff24r_7f71b2e363dddbd6,L1_cross_sectional_relative_return,8,wrong_lag_stale_168h,recent_oos_2026JanApr,0.00031801906065603505,0.2189406747754688
a7ff24r_7f71b2e363dddbd6,L1_cross_sectional_relative_return,8,time_shuffle,validation_2025H1,0.00010975869288287418,0.3118828326161969
a7ff24r_7f71b2e363dddbd6,L1_cross_sectional_relative_return,8,time_shuffle,test_2025H2,0.0005522029311464869,1.0419432994182636
a7ff24r_7f71b2e363dddbd6,L1_cross_sectional_relative_return,8,time_shuffle,recent_oos_2026JanApr,0.000865863082219125,0.5961046708746227
a7ff24r_7f71b2e363dddbd6,L1_cross_sectional_relative_return,8,symbol_shuffle,validation_2025H1,0.0010581203938503834,3.006682906065433
a7ff24r_7f71b2e363dddbd6,L1_cross_sectional_relative_return,8,symbol_shuffle,test_2025H2,0.0014597738968271272,2.7544251300999085
a7ff24r_7f71b2e363dddbd6,L1_cross_sectional_relative_return,8,symbol_shuffle,recent_oos_2026JanApr,0.0018184604013126472,1.2519216505279787
a7ff24r_7f71b2e363dddbd6,L1_cross_sectional_relative_return,8,sign_flip,validation_2025H1,0.00028384642258504604,0.806558678666728
a7ff24r_7f71b2e363dddbd6,L1_cross_sectional_relative_return,8,sign_flip,test_2025H2,-0.00041937865441931234,0.7913191948909307
a7ff24r_7f71b2e363dddbd6,L1_cross_sectional_relative_return,8,sign_flip,recent_oos_2026JanApr,-0.0012613496182206222,0.8683779392697929
a7ff24r_7f71b2e363dddbd6,L1_cross_sectional_relative_return,8,same_family_placebo,validation_2025H1,-8.73559682143602e-05,0.24822477470370982
a7ff24r_7f71b2e363dddbd6,L1_cross_sectional_relative_return,8,same_family_placebo,test_2025H2,0.00036223879526479626,0.683502865028028
a7ff24r_7f71b2e363dddbd6,L1_cross_sectional_relative_return,8,same_family_placebo,recent_oos_2026JanApr,0.0001078749269272893,0.07426664692390948
a7ff24r_7f71b2e363dddbd6,L3_liquidity_tier_relative_return,8,one_bar_lag,validation_2025H1,0.00017842489844622985,1.2829749376610171
a7ff24r_7f71b2e363dddbd6,L3_liquidity_tier_relative_return,8,one_bar_lag,test_2025H2,-0.0005655615229323528,1.1845431894808411
a7ff24r_7f71b2e363dddbd6,L3_liquidity_tier_relative_return,8,one_bar_lag,recent_oos_2026JanApr,-0.0014599675446555073,0.9442528322004546
a7ff24r_7f71b2e363dddbd6,L3_liquidity_tier_relative_return,8,wrong_lag_future_24h,validation_2025H1,-0.0007047813406312914,5.067772516253241
a7ff24r_7f71b2e363dddbd6,L3_liquidity_tier_relative_return,8,wrong_lag_future_24h,test_2025H2,-0.0013404208889785758,2.8074513040508644
a7ff24r_7f71b2e363dddbd6,L3_liquidity_tier_relative_return,8,wrong_lag_future_24h,recent_oos_2026JanApr,-0.001011425343382512,0.6541523806774794
a7ff24r_7f71b2e363dddbd6,L3_liquidity_tier_relative_return,8,wrong_lag_stale_168h,validation_2025H1,-0.0003345815664009177,2.4058288278925635
a7ff24r_7f71b2e363dddbd6,L3_liquidity_tier_relative_return,8,wrong_lag_stale_168h,test_2025H2,-0.0004494954648800539,0.9414480477128901
a7ff24r_7f71b2e363dddbd6,L3_liquidity_tier_relative_return,8,wrong_lag_stale_168h,recent_oos_2026JanApr,-0.0005048716667611268,0.3265322595574863
a7ff24r_7f71b2e363dddbd6,L3_liquidity_tier_relative_return,8,time_shuffle,validation_2025H1,-0.0009119173058047884,6.557196101862894
a7ff24r_7f71b2e363dddbd6,L3_liquidity_tier_relative_return,8,time_shuffle,test_2025H2,-0.0006667433221754309,1.3964639201758495
a7ff24r_7f71b2e363dddbd6,L3_liquidity_tier_relative_return,8,time_shuffle,recent_oos_2026JanApr,-0.0003252774442097638,0.21037738069613618
a7ff24r_7f71b2e363dddbd6,L3_liquidity_tier_relative_return,8,symbol_shuffle,validation_2025H1,-0.0005621080658037676,4.041871773297804
a7ff24r_7f71b2e363dddbd6,L3_liquidity_tier_relative_return,8,symbol_shuffle,test_2025H2,0.00012180140294578737,0.25510756386074274
a7ff24r_7f71b2e363dddbd6,L3_liquidity_tier_relative_return,8,symbol_shuffle,recent_oos_2026JanApr,0.00021765968193273333,0.1407742054768274
a7ff24r_7f71b2e363dddbd6,L3_liquidity_tier_relative_return,8,sign_flip,validation_2025H1,-0.00010666171193504591,0.7669574393056041
a7ff24r_7f71b2e363dddbd6,L3_liquidity_tier_relative_return,8,sign_flip,test_2025H2,0.00035612543766593707,0.7458887224167243
a7ff24r_7f71b2e363dddbd6,L3_liquidity_tier_relative_return,8,sign_flip,recent_oos_2026JanApr,0.0013129601324287795,0.8491738930434192
a7ff24r_7f71b2e363dddbd6,L3_liquidity_tier_relative_return,8,same_family_placebo,validation_2025H1,1.3422380919922283e-05,0.09651443533924338
a7ff24r_7f71b2e363dddbd6,L3_liquidity_tier_relative_return,8,same_family_placebo,test_2025H2,-4.335533702797448e-05,0.09080580471220717
a7ff24r_7f71b2e363dddbd6,L3_liquidity_tier_relative_return,8,same_family_placebo,recent_oos_2026JanApr,0.00032402599219909657,0.20956798797383816
a7ff24r_7f71b2e363dddbd6,L5_vol_adjusted_return,8,one_bar_lag,validation_2025H1,-0.06243520282237381,1.0610476805559037
a7ff24r_7f71b2e363dddbd6,L5_vol_adjusted_return,8,one_bar_lag,test_2025H2,0.08219977811662182,1.1002314325180775
a7ff24r_7f71b2e363dddbd6,L5_vol_adjusted_return,8,one_bar_lag,recent_oos_2026JanApr,0.25283860600267766,0.9792788444209358
a7ff24r_7f71b2e363dddbd6,L5_vol_adjusted_return,8,wrong_lag_future_24h,validation_2025H1,0.0685350935227779,1.1647115526461684
a7ff24r_7f71b2e363dddbd6,L5_vol_adjusted_return,8,wrong_lag_future_24h,test_2025H2,0.16545241062200072,2.214555159673881
a7ff24r_7f71b2e363dddbd6,L5_vol_adjusted_return,8,wrong_lag_future_24h,recent_oos_2026JanApr,0.2088449450096327,0.8088853187634687
a7ff24r_7f71b2e363dddbd6,L5_vol_adjusted_return,8,wrong_lag_stale_168h,validation_2025H1,0.010079360735095839,0.17129250560594356
a7ff24r_7f71b2e363dddbd6,L5_vol_adjusted_return,8,wrong_lag_stale_168h,test_2025H2,0.0900089076650193,1.204755434730867
a7ff24r_7f71b2e363dddbd6,L5_vol_adjusted_return,8,wrong_lag_stale_168h,recent_oos_2026JanApr,-0.015550320163467019,0.060228537883547296
a7ff24r_7f71b2e363dddbd6,L5_vol_adjusted_return,8,time_shuffle,validation_2025H1,0.022991658045723763,0.39072901726536213
a7ff24r_7f71b2e363dddbd6,L5_vol_adjusted_return,8,time_shuffle,test_2025H2,-0.0067364079993072635,0.09016578867875735
a7ff24r_7f71b2e363dddbd6,L5_vol_adjusted_return,8,time_shuffle,recent_oos_2026JanApr,0.0435601580607865,0.16871450892316878
a7ff24r_7f71b2e363dddbd6,L5_vol_adjusted_return,8,symbol_shuffle,validation_2025H1,0.10422571094082647,1.7712515351743898
a7ff24r_7f71b2e363dddbd6,L5_vol_adjusted_return,8,symbol_shuffle,test_2025H2,0.0029092993928445253,0.03894052650692061
a7ff24r_7f71b2e363dddbd6,L5_vol_adjusted_return,8,symbol_shuffle,recent_oos_2026JanApr,0.0020864194049559233,0.008080990542405596
a7ff24r_7f71b2e363dddbd6,L5_vol_adjusted_return,8,sign_flip,validation_2025H1,0.042995039051272776,0.7306741132971145
a7ff24r_7f71b2e363dddbd6,L5_vol_adjusted_return,8,sign_flip,test_2025H2,-0.060961832270262375,0.8159647821978088
a7ff24r_7f71b2e363dddbd6,L5_vol_adjusted_return,8,sign_flip,recent_oos_2026JanApr,-0.24244495833922255,0.9390228113961417
a7ff24r_7f71b2e363dddbd6,L5_vol_adjusted_return,8,same_family_placebo,validation_2025H1,0.004346801507473249,0.07387120484677302
a7ff24r_7f71b2e363dddbd6,L5_vol_adjusted_return,8,same_family_placebo,test_2025H2,0.03309659814765975,0.44299289396879143
a7ff24r_7f71b2e363dddbd6,L5_vol_adjusted_return,8,same_family_placebo,recent_oos_2026JanApr,0.005061153321512356,0.019602545886822805
a7ff24r_7f71b2e363dddbd6,L7_ranked_future_return,8,one_bar_lag,validation_2025H1,0.014636001872659177,1.0907306790717959
a7ff24r_7f71b2e363dddbd6,L7_ranked_future_return,8,one_bar_lag,test_2025H2,-0.0018461623491468997,2.6516460424935735
a7ff24r_7f71b2e363dddbd6,L7_ranked_future_return,8,one_bar_lag,recent_oos_2026JanApr,0.021142192051602168,1.030855929046423
a7ff24r_7f71b2e363dddbd6,L7_ranked_future_return,8,wrong_lag_future_24h,validation_2025H1,0.007081886574074073,0.5277691967557678
a7ff24r_7f71b2e363dddbd6,L7_ranked_future_return,8,wrong_lag_future_24h,test_2025H2,-0.014667537973366626,21.067009105766942
a7ff24r_7f71b2e363dddbd6,L7_ranked_future_return,8,wrong_lag_future_24h,recent_oos_2026JanApr,0.018722690387016228,0.9128853028129384
a7ff24r_7f71b2e363dddbd6,L7_ranked_future_return,8,wrong_lag_stale_168h,validation_2025H1,-0.011689408421764459,0.8711392972445832
a7ff24r_7f71b2e363dddbd6,L7_ranked_future_return,8,wrong_lag_stale_168h,test_2025H2,-0.013235733978360382,19.010506654214293
a7ff24r_7f71b2e363dddbd6,L7_ranked_future_return,8,wrong_lag_stale_168h,recent_oos_2026JanApr,0.012619560835414063,0.615307489280081
a7ff24r_7f71b2e363dddbd6,L7_ranked_future_return,8,time_shuffle,validation_2025H1,-0.0022695320673781125,0.16913418531674373
a7ff24r_7f71b2e363dddbd6,L7_ranked_future_return,8,time_shuffle,test_2025H2,-0.014391821641556814,20.670997281328983
a7ff24r_7f71b2e363dddbd6,L7_ranked_future_return,8,time_shuffle,recent_oos_2026JanApr,-0.004458789775691184,0.21740271138510028
a7ff24r_7f71b2e363dddbd6,L7_ranked_future_return,8,symbol_shuffle,validation_2025H1,0.005387633947149394,0.4015070293713238
a7ff24r_7f71b2e363dddbd6,L7_ranked_future_return,8,symbol_shuffle,test_2025H2,-0.0010129753173116927,1.4549381274807331
a7ff24r_7f71b2e363dddbd6,L7_ranked_future_return,8,symbol_shuffle,recent_oos_2026JanApr,-0.0005849621566791513,0.02852172121077621
a7ff24r_7f71b2e363dddbd6,L7_ranked_future_return,8,sign_flip,validation_2025H1,-0.015660925145651268,1.1671118702791758
a7ff24r_7f71b2e363dddbd6,L7_ranked_future_return,8,sign_flip,test_2025H2,-0.0008433468580940491,1.2113004903105273
a7ff24r_7f71b2e363dddbd6,L7_ranked_future_return,8,sign_flip,recent_oos_2026JanApr,-0.025338687968164797,1.235469655298137
a7ff24r_7f71b2e363dddbd6,L7_ranked_future_return,8,same_family_placebo,validation_2025H1,-0.0003580322773616316,0.026681930790524153
a7ff24r_7f71b2e363dddbd6,L7_ranked_future_return,8,same_family_placebo,test_2025H2,-0.006518950920724093,9.363180014008849
a7ff24r_7f71b2e363dddbd6,L7_ranked_future_return,8,same_family_placebo,recent_oos_2026JanApr,-0.005999255487931755,0.2925130977196892
a7ff24r_7f71b2e363dddbd6,L0_raw_forward_return,24,one_bar_lag,validation_2025H1,-0.0017004395510581225,0.9881533065752903
a7ff24r_7f71b2e363dddbd6,L0_raw_forward_return,24,one_bar_lag,test_2025H2,0.0014217151596765047,0.9443992742834474
a7ff24r_7f71b2e363dddbd6,L0_raw_forward_return,24,one_bar_lag,recent_oos_2026JanApr,0.004554196506592323,0.9845792868176678
a7ff24r_7f71b2e363dddbd6,L0_raw_forward_return,24,wrong_lag_future_24h,validation_2025H1,0.0005571756833312925,0.32378392603521866
a7ff24r_7f71b2e363dddbd6,L0_raw_forward_return,24,wrong_lag_future_24h,test_2025H2,0.003097392311710362,2.057497264090499
a7ff24r_7f71b2e363dddbd6,L0_raw_forward_return,24,wrong_lag_future_24h,recent_oos_2026JanApr,0.0040851702752649705,0.8831797289218668
a7ff24r_7f71b2e363dddbd6,L0_raw_forward_return,24,wrong_lag_stale_168h,validation_2025H1,4.480711945515984e-05,0.026038151853253862
a7ff24r_7f71b2e363dddbd6,L0_raw_forward_return,24,wrong_lag_stale_168h,test_2025H2,0.0017570440754220557,1.1671473982806704
a7ff24r_7f71b2e363dddbd6,L0_raw_forward_return,24,wrong_lag_stale_168h,recent_oos_2026JanApr,0.0008296268180246107,0.17935839607120463
a7ff24r_7f71b2e363dddbd6,L0_raw_forward_return,24,time_shuffle,validation_2025H1,0.0006177107199624915,0.3589618284625958
a7ff24r_7f71b2e363dddbd6,L0_raw_forward_return,24,time_shuffle,test_2025H2,0.001537658687026349,1.0214167994478909
a7ff24r_7f71b2e363dddbd6,L0_raw_forward_return,24,time_shuffle,recent_oos_2026JanApr,-0.0006011903720341459,0.1299723424060003
a7ff24r_7f71b2e363dddbd6,L0_raw_forward_return,24,symbol_shuffle,validation_2025H1,0.0006190820059983117,0.3597587052640752
a7ff24r_7f71b2e363dddbd6,L0_raw_forward_return,24,symbol_shuffle,test_2025H2,-0.003933303382773635,2.612765879962388
a7ff24r_7f71b2e363dddbd6,L0_raw_forward_return,24,symbol_shuffle,recent_oos_2026JanApr,0.0010791217689616296,0.2332971228043611
a7ff24r_7f71b2e363dddbd6,L0_raw_forward_return,24,sign_flip,validation_2025H1,0.001663266479591399,0.9665514251896539
a7ff24r_7f71b2e363dddbd6,L0_raw_forward_return,24,sign_flip,test_2025H2,-0.0010555194988135124,0.7011473725147076
a7ff24r_7f71b2e363dddbd6,L0_raw_forward_return,24,sign_flip,recent_oos_2026JanApr,-0.00451263493644296,0.9755940221200537
a7ff24r_7f71b2e363dddbd6,L0_raw_forward_return,24,same_family_placebo,validation_2025H1,0.0009256951159718088,0.5379366112479194
a7ff24r_7f71b2e363dddbd6,L0_raw_forward_return,24,same_family_placebo,test_2025H2,0.0005474629271624616,0.36366186826548536
a7ff24r_7f71b2e363dddbd6,L0_raw_forward_return,24,same_family_placebo,recent_oos_2026JanApr,-0.0017317638609692205,0.3743928977815444
a7ff24r_7f71b2e363dddbd6,L1_cross_sectional_relative_return,24,one_bar_lag,validation_2025H1,-0.0017004395510581225,0.9881533065752907
a7ff24r_7f71b2e363dddbd6,L1_cross_sectional_relative_return,24,one_bar_lag,test_2025H2,0.0014217151596765047,0.9443992742834478
a7ff24r_7f71b2e363dddbd6,L1_cross_sectional_relative_return,24,one_bar_lag,recent_oos_2026JanApr,0.004554196506592322,0.9845792868176677
a7ff24r_7f71b2e363dddbd6,L1_cross_sectional_relative_return,24,wrong_lag_future_24h,validation_2025H1,0.0005571756833312922,0.32378392603521855
a7ff24r_7f71b2e363dddbd6,L1_cross_sectional_relative_return,24,wrong_lag_future_24h,test_2025H2,0.003097392311710362,2.0574972640905
a7ff24r_7f71b2e363dddbd6,L1_cross_sectional_relative_return,24,wrong_lag_future_24h,recent_oos_2026JanApr,0.004085170275264971,0.883179728921867
a7ff24r_7f71b2e363dddbd6,L1_cross_sectional_relative_return,24,wrong_lag_stale_168h,validation_2025H1,4.480711945515968e-05,0.026038151853253776
a7ff24r_7f71b2e363dddbd6,L1_cross_sectional_relative_return,24,wrong_lag_stale_168h,test_2025H2,0.0017570440754220557,1.1671473982806708
a7ff24r_7f71b2e363dddbd6,L1_cross_sectional_relative_return,24,wrong_lag_stale_168h,recent_oos_2026JanApr,0.0008296268180246107,0.17935839607120463
a7ff24r_7f71b2e363dddbd6,L1_cross_sectional_relative_return,24,time_shuffle,validation_2025H1,0.0008970072293744859,0.521265609928195
a7ff24r_7f71b2e363dddbd6,L1_cross_sectional_relative_return,24,time_shuffle,test_2025H2,0.0017939942055525478,1.1916921714318947
a7ff24r_7f71b2e363dddbd6,L1_cross_sectional_relative_return,24,time_shuffle,recent_oos_2026JanApr,0.002435181751065146,0.5264659766578995
a7ff24r_7f71b2e363dddbd6,L1_cross_sectional_relative_return,24,symbol_shuffle,validation_2025H1,-0.00035817847859968854,0.20814338725075407
a7ff24r_7f71b2e363dddbd6,L1_cross_sectional_relative_return,24,symbol_shuffle,test_2025H2,-0.00044785047403290014,0.297492546088069
a7ff24r_7f71b2e363dddbd6,L1_cross_sectional_relative_return,24,symbol_shuffle,recent_oos_2026JanApr,0.006691125332015735,1.446565469423082
a7ff24r_7f71b2e363dddbd6,L1_cross_sectional_relative_return,24,sign_flip,validation_2025H1,0.0016632664795913996,0.9665514251896545
a7ff24r_7f71b2e363dddbd6,L1_cross_sectional_relative_return,24,sign_flip,test_2025H2,-0.0010555194988135124,0.7011473725147079
a7ff24r_7f71b2e363dddbd6,L1_cross_sectional_relative_return,24,sign_flip,recent_oos_2026JanApr,-0.00451263493644296,0.9755940221200537
a7ff24r_7f71b2e363dddbd6,L1_cross_sectional_relative_return,24,same_family_placebo,validation_2025H1,0.0005927357382142945,0.3444484570341429
a7ff24r_7f71b2e363dddbd6,L1_cross_sectional_relative_return,24,same_family_placebo,test_2025H2,-0.00038148668335917036,0.25340923212437055
a7ff24r_7f71b2e363dddbd6,L1_cross_sectional_relative_return,24,same_family_placebo,recent_oos_2026JanApr,9.20360203591994e-05,0.019897419699748727
a7ff24r_7f71b2e363dddbd6,L3_liquidity_tier_relative_return,24,one_bar_lag,validation_2025H1,-0.0011408139754287934,0.9964884389241776
a7ff24r_7f71b2e363dddbd6,L3_liquidity_tier_relative_return,24,one_bar_lag,test_2025H2,0.0013622822787391733,0.9580113083613649
a7ff24r_7f71b2e363dddbd6,L3_liquidity_tier_relative_return,24,one_bar_lag,recent_oos_2026JanApr,0.0044927066444162556,0.9844371920743552
a7ff24r_7f71b2e363dddbd6,L3_liquidity_tier_relative_return,24,wrong_lag_future_24h,validation_2025H1,0.001052029640356858,0.9189363003965091
a7ff24r_7f71b2e363dddbd6,L3_liquidity_tier_relative_return,24,wrong_lag_future_24h,test_2025H2,0.002713870297546612,1.90850198600687
a7ff24r_7f71b2e363dddbd6,L3_liquidity_tier_relative_return,24,wrong_lag_future_24h,recent_oos_2026JanApr,0.0036182094818901266,0.7928182863031172
a7ff24r_7f71b2e363dddbd6,L3_liquidity_tier_relative_return,24,wrong_lag_stale_168h,validation_2025H1,0.00043019696611868314,0.375772310324648
a7ff24r_7f71b2e363dddbd6,L3_liquidity_tier_relative_return,24,wrong_lag_stale_168h,test_2025H2,0.001591747617203992,1.119380499282444
a7ff24r_7f71b2e363dddbd6,L3_liquidity_tier_relative_return,24,wrong_lag_stale_168h,recent_oos_2026JanApr,0.001422011068651355,0.31158958158588645
a7ff24r_7f71b2e363dddbd6,L3_liquidity_tier_relative_return,24,time_shuffle,validation_2025H1,0.0010443496007827167,0.9122278704412787
a7ff24r_7f71b2e363dddbd6,L3_liquidity_tier_relative_return,24,time_shuffle,test_2025H2,0.0013635938804282455,0.9589336790548749
a7ff24r_7f71b2e363dddbd6,L3_liquidity_tier_relative_return,24,time_shuffle,recent_oos_2026JanApr,3.14341254309278e-05,0.0068878127649388
a7ff24r_7f71b2e363dddbd6,L3_liquidity_tier_relative_return,24,symbol_shuffle,validation_2025H1,0.0011038585762919758,0.964208304924394
a7ff24r_7f71b2e363dddbd6,L3_liquidity_tier_relative_return,24,symbol_shuffle,test_2025H2,-0.00017881775297033648,0.12575178592200628
a7ff24r_7f71b2e363dddbd6,L3_liquidity_tier_relative_return,24,symbol_shuffle,recent_oos_2026JanApr,0.0013961113870296638,0.3059144703735918
a7ff24r_7f71b2e363dddbd6,L3_liquidity_tier_relative_return,24,sign_flip,validation_2025H1,0.001145599338629429,1.0006684009584734
a7ff24r_7f71b2e363dddbd6,L3_liquidity_tier_relative_return,24,sign_flip,test_2025H2,-0.0009272972489845729,0.6521124620088325
a7ff24r_7f71b2e363dddbd6,L3_liquidity_tier_relative_return,24,sign_flip,recent_oos_2026JanApr,-0.004407943407323732,0.9658639600076222
a7ff24r_7f71b2e363dddbd6,L3_liquidity_tier_relative_return,24,same_family_placebo,validation_2025H1,2.9875582068993947e-05,0.026095991791030736
a7ff24r_7f71b2e363dddbd6,L3_liquidity_tier_relative_return,24,same_family_placebo,test_2025H2,-0.0007290436956634861,0.5126926450086378
a7ff24r_7f71b2e363dddbd6,L3_liquidity_tier_relative_return,24,same_family_placebo,recent_oos_2026JanApr,0.00014370724236729894,0.031488980998267274
a7ff24r_7f71b2e363dddbd6,L5_vol_adjusted_return,24,one_bar_lag,validation_2025H1,-0.16188614382663244,0.9652058926238418
a7ff24r_7f71b2e363dddbd6,L5_vol_adjusted_return,24,one_bar_lag,test_2025H2,0.20812891786594587,0.9713447591967
a7ff24r_7f71b2e363dddbd6,L5_vol_adjusted_return,24,one_bar_lag,recent_oos_2026JanApr,0.6579010020242373,0.9789957612548781
a7ff24r_7f71b2e363dddbd6,L5_vol_adjusted_return,24,wrong_lag_future_24h,validation_2025H1,0.07636183046760617,0.4552884329483352
a7ff24r_7f71b2e363dddbd6,L5_vol_adjusted_return,24,wrong_lag_future_24h,test_2025H2,0.34508338509220066,1.6105159294157387
a7ff24r_7f71b2e363dddbd6,L5_vol_adjusted_return,24,wrong_lag_future_24h,recent_oos_2026JanApr,0.6880693061438236,1.0238879893658712
a7ff24r_7f71b2e363dddbd6,L5_vol_adjusted_return,24,wrong_lag_stale_168h,validation_2025H1,0.054451527211087675,0.32465369601238825
a7ff24r_7f71b2e363dddbd6,L5_vol_adjusted_return,24,wrong_lag_stale_168h,test_2025H2,0.17203562866785468,0.802896147325677
a7ff24r_7f71b2e363dddbd6,L5_vol_adjusted_return,24,wrong_lag_stale_168h,recent_oos_2026JanApr,-0.09627022269489226,0.14325580849303912
a7ff24r_7f71b2e363dddbd6,L5_vol_adjusted_return,24,time_shuffle,validation_2025H1,0.004841340635937265,0.028865290132614504
a7ff24r_7f71b2e363dddbd6,L5_vol_adjusted_return,24,time_shuffle,test_2025H2,0.10709313684075733,0.4998073227056603
a7ff24r_7f71b2e363dddbd6,L5_vol_adjusted_return,24,time_shuffle,recent_oos_2026JanApr,0.12801524174075596,0.19049428204944663
a7ff24r_7f71b2e363dddbd6,L5_vol_adjusted_return,24,symbol_shuffle,validation_2025H1,0.2554362835183767,1.5229753468333032
a7ff24r_7f71b2e363dddbd6,L5_vol_adjusted_return,24,symbol_shuffle,test_2025H2,0.2628157050419553,1.2265698603762296
a7ff24r_7f71b2e363dddbd6,L5_vol_adjusted_return,24,symbol_shuffle,recent_oos_2026JanApr,0.16013979402538814,0.2382975236041798
a7ff24r_7f71b2e363dddbd6,L5_vol_adjusted_return,24,sign_flip,validation_2025H1,0.13153553496738232,0.7842479315333496
a7ff24r_7f71b2e363dddbd6,L5_vol_adjusted_return,24,sign_flip,test_2025H2,-0.15739846654414,0.7345840124038964
a7ff24r_7f71b2e363dddbd6,L5_vol_adjusted_return,24,sign_flip,recent_oos_2026JanApr,-0.6380442939439639,0.9494478004169237
a7ff24r_7f71b2e363dddbd6,L5_vol_adjusted_return,24,same_family_placebo,validation_2025H1,0.08918748360224772,0.5317582016986666
a7ff24r_7f71b2e363dddbd6,L5_vol_adjusted_return,24,same_family_placebo,test_2025H2,0.02879530823967856,0.13438868579560234
a7ff24r_7f71b2e363dddbd6,L5_vol_adjusted_return,24,same_family_placebo,recent_oos_2026JanApr,-0.03751619700308371,0.05582632908509969
a7ff24r_7f71b2e363dddbd6,L7_ranked_future_return,24,one_bar_lag,validation_2025H1,0.021292804118773944,0.9688190430071728
a7ff24r_7f71b2e363dddbd6,L7_ranked_future_return,24,one_bar_lag,test_2025H2,-0.011073944364623242,0.9059156424087007
a7ff24r_7f71b2e363dddbd6,L7_ranked_future_return,24,one_bar_lag,recent_oos_2026JanApr,0.01775963508407833,0.98365132654518
a7ff24r_7f71b2e363dddbd6,L7_ranked_future_return,24,wrong_lag_future_24h,validation_2025H1,0.007031166852916133,0.31991692140068395
a7ff24r_7f71b2e363dddbd6,L7_ranked_future_return,24,wrong_lag_future_24h,test_2025H2,-0.031186475627926778,2.551242373330975
a7ff24r_7f71b2e363dddbd6,L7_ranked_future_return,24,wrong_lag_future_24h,recent_oos_2026JanApr,0.0074297739729672204,0.41151222926827025
a7ff24r_7f71b2e363dddbd6,L7_ranked_future_return,24,wrong_lag_stale_168h,validation_2025H1,-0.015021601612388248,0.6834803728700705
a7ff24r_7f71b2e363dddbd6,L7_ranked_future_return,24,wrong_lag_stale_168h,test_2025H2,-0.0384881199446573,3.148561050762836
a7ff24r_7f71b2e363dddbd6,L7_ranked_future_return,24,wrong_lag_stale_168h,recent_oos_2026JanApr,0.006040303054491273,0.3345537272672847
a7ff24r_7f71b2e363dddbd6,L7_ranked_future_return,24,time_shuffle,validation_2025H1,-0.0028220756727950977,0.12840397334987555
a7ff24r_7f71b2e363dddbd6,L7_ranked_future_return,24,time_shuffle,test_2025H2,-0.032195580013976245,2.6337932168286016
a7ff24r_7f71b2e363dddbd6,L7_ranked_future_return,24,time_shuffle,recent_oos_2026JanApr,-0.0014289978919842026,0.07914777896200646
a7ff24r_7f71b2e363dddbd6,L7_ranked_future_return,24,symbol_shuffle,validation_2025H1,0.03380344694550873,1.5380512091038407
a7ff24r_7f71b2e363dddbd6,L7_ranked_future_return,24,symbol_shuffle,test_2025H2,0.014008121807151977,1.1459491079262938
a7ff24r_7f71b2e363dddbd6,L7_ranked_future_return,24,symbol_shuffle,recent_oos_2026JanApr,-0.009139527458492978,0.5062101932827677
a7ff24r_7f71b2e363dddbd6,L7_ranked_future_return,24,sign_flip,validation_2025H1,-0.02670360060131971,1.2150093822826187
a7ff24r_7f71b2e363dddbd6,L7_ranked_future_return,24,sign_flip,test_2025H2,0.01022925313963389,0.836814790126312
a7ff24r_7f71b2e363dddbd6,L7_ranked_future_return,24,sign_flip,recent_oos_2026JanApr,-0.021617244040017025,1.19731237018923
a7ff24r_7f71b2e363dddbd6,L7_ranked_future_return,24,same_family_placebo,validation_2025H1,-0.0043073515325670495,0.19598377773069822
a7ff24r_7f71b2e363dddbd6,L7_ranked_future_return,24,same_family_placebo,test_2025H2,0.006460029533844188,0.5284694967248684
a7ff24r_7f71b2e363dddbd6,L7_ranked_future_return,24,same_family_placebo,recent_oos_2026JanApr,0.0014649684706257986,0.081140078197317
a7ff24r_d7ef0776f1dae5df,L0_raw_forward_return,1,one_bar_lag,validation_2025H1,2.9070884293378673e-05,0.3033250564803051
a7ff24r_d7ef0776f1dae5df,L0_raw_forward_return,1,one_bar_lag,test_2025H2,0.0001035705298239222,0.950504848273942
a7ff24r_d7ef0776f1dae5df,L0_raw_forward_return,1,one_bar_lag,recent_oos_2026JanApr,-0.00019852761484801128,0.5414312725233338
a7ff24r_d7ef0776f1dae5df,L0_raw_forward_return,1,wrong_lag_future_24h,validation_2025H1,0.0003618140921537029,3.7751613893248113
a7ff24r_d7ef0776f1dae5df,L0_raw_forward_return,1,wrong_lag_future_24h,test_2025H2,0.00012039809535896974,1.104937606828932
a7ff24r_d7ef0776f1dae5df,L0_raw_forward_return,1,wrong_lag_future_24h,recent_oos_2026JanApr,0.0013352083370107787,3.6414256502550835
a7ff24r_d7ef0776f1dae5df,L0_raw_forward_return,1,wrong_lag_stale_168h,validation_2025H1,7.457233489355437e-05,0.7780863308175173
a7ff24r_d7ef0776f1dae5df,L0_raw_forward_return,1,wrong_lag_stale_168h,test_2025H2,0.00010308102220236608,0.9460124567766006
a7ff24r_d7ef0776f1dae5df,L0_raw_forward_return,1,wrong_lag_stale_168h,recent_oos_2026JanApr,0.00029110714486362053,0.7939173197885393
a7ff24r_d7ef0776f1dae5df,L0_raw_forward_return,1,time_shuffle,validation_2025H1,-8.244767847225396e-05,0.8602575166577411
a7ff24r_d7ef0776f1dae5df,L0_raw_forward_return,1,time_shuffle,test_2025H2,0.000133844443525558,1.2283396898891419
a7ff24r_d7ef0776f1dae5df,L0_raw_forward_return,1,time_shuffle,recent_oos_2026JanApr,-0.0001293387232607667,0.35273697100140083
a7ff24r_d7ef0776f1dae5df,L0_raw_forward_return,1,symbol_shuffle,validation_2025H1,-7.95840986157961e-05,0.8303789786356356
a7ff24r_d7ef0776f1dae5df,L0_raw_forward_return,1,symbol_shuffle,test_2025H2,-8.580949229608054e-06,0.07875052738844943
a7ff24r_d7ef0776f1dae5df,L0_raw_forward_return,1,symbol_shuffle,recent_oos_2026JanApr,-1.3783535124034542e-06,0.0037590926419931486
a7ff24r_d7ef0776f1dae5df,L0_raw_forward_return,1,sign_flip,validation_2025H1,-0.00010151054489489027,1.059159104100668
a7ff24r_d7ef0776f1dae5df,L0_raw_forward_return,1,sign_flip,test_2025H2,-0.00014264018605149182,1.3090614543648347
a7ff24r_d7ef0776f1dae5df,L0_raw_forward_return,1,sign_flip,recent_oos_2026JanApr,0.00034462258801861605,0.9398664589510783
a7ff24r_d7ef0776f1dae5df,L0_raw_forward_return,1,same_family_placebo,validation_2025H1,0.00017254959533442014,1.8003792118008493
a7ff24r_d7ef0776f1dae5df,L0_raw_forward_return,1,same_family_placebo,test_2025H2,-1.356649533080935e-05,0.12450471777968695
a7ff24r_d7ef0776f1dae5df,L0_raw_forward_return,1,same_family_placebo,recent_oos_2026JanApr,3.4380567438350206e-05,0.09376385442635421
a7ff24r_d7ef0776f1dae5df,L1_cross_sectional_relative_return,1,one_bar_lag,validation_2025H1,2.9070884293378626e-05,0.3033250564803045
a7ff24r_d7ef0776f1dae5df,L1_cross_sectional_relative_return,1,one_bar_lag,test_2025H2,0.00010357052982392223,0.9505048482739425
a7ff24r_d7ef0776f1dae5df,L1_cross_sectional_relative_return,1,one_bar_lag,recent_oos_2026JanApr,-0.00019852761484801125,0.5414312725233339
a7ff24r_d7ef0776f1dae5df,L1_cross_sectional_relative_return,1,wrong_lag_future_24h,validation_2025H1,0.0003618140921537029,3.7751613893248095
a7ff24r_d7ef0776f1dae5df,L1_cross_sectional_relative_return,1,wrong_lag_future_24h,test_2025H2,0.0001203980953589697,1.104937606828932
a7ff24r_d7ef0776f1dae5df,L1_cross_sectional_relative_return,1,wrong_lag_future_24h,recent_oos_2026JanApr,0.0013352083370107785,3.641425650255084
a7ff24r_d7ef0776f1dae5df,L1_cross_sectional_relative_return,1,wrong_lag_stale_168h,validation_2025H1,7.457233489355432e-05,0.7780863308175165
a7ff24r_d7ef0776f1dae5df,L1_cross_sectional_relative_return,1,wrong_lag_stale_168h,test_2025H2,0.00010308102220236614,0.9460124567766013
a7ff24r_d7ef0776f1dae5df,L1_cross_sectional_relative_return,1,wrong_lag_stale_168h,recent_oos_2026JanApr,0.00029110714486362053,0.7939173197885395
a7ff24r_d7ef0776f1dae5df,L1_cross_sectional_relative_return,1,time_shuffle,validation_2025H1,4.395032030710429e-05,0.45857681021819796
a7ff24r_d7ef0776f1dae5df,L1_cross_sectional_relative_return,1,time_shuffle,test_2025H2,0.0001662139559763762,1.5254066120442507
a7ff24r_d7ef0776f1dae5df,L1_cross_sectional_relative_return,1,time_shuffle,recent_oos_2026JanApr,-2.385002297208864e-05,0.06504459491630293
a7ff24r_d7ef0776f1dae5df,L1_cross_sectional_relative_return,1,symbol_shuffle,validation_2025H1,-1.9981274420231136e-06,0.020848423910673833
a7ff24r_d7ef0776f1dae5df,L1_cross_sectional_relative_return,1,symbol_shuffle,test_2025H2,-0.00021845322560479154,2.0048256044595014
a7ff24r_d7ef0776f1dae5df,L1_cross_sectional_relative_return,1,symbol_shuffle,recent_oos_2026JanApr,-0.00010710827341794717,0.2921093310814903
a7ff24r_d7ef0776f1dae5df,L1_cross_sectional_relative_return,1,sign_flip,validation_2025H1,-0.00010151054489489027,1.0591591041006676
a7ff24r_d7ef0776f1dae5df,L1_cross_sectional_relative_return,1,sign_flip,test_2025H2,-0.00014264018605149184,1.3090614543648353
a7ff24r_d7ef0776f1dae5df,L1_cross_sectional_relative_return,1,sign_flip,recent_oos_2026JanApr,0.00034462258801861616,0.939866458951079
a7ff24r_d7ef0776f1dae5df,L1_cross_sectional_relative_return,1,same_family_placebo,validation_2025H1,-6.987806550776415e-05,0.7291064128965855
a7ff24r_d7ef0776f1dae5df,L1_cross_sectional_relative_return,1,same_family_placebo,test_2025H2,1.1376117183962992e-05,0.10440281184495578
a7ff24r_d7ef0776f1dae5df,L1_cross_sectional_relative_return,1,same_family_placebo,recent_oos_2026JanApr,-8.502007752886401e-05,0.23186965098899173
a7ff24r_d7ef0776f1dae5df,L3_liquidity_tier_relative_return,1,one_bar_lag,validation_2025H1,6.202884408195307e-05,0.5475202297698688
a7ff24r_d7ef0776f1dae5df,L3_liquidity_tier_relative_return,1,one_bar_lag,test_2025H2,9.541265361344241e-05,1.1245926209347825
a7ff24r_d7ef0776f1dae5df,L3_liquidity_tier_relative_return,1,one_bar_lag,recent_oos_2026JanApr,-0.00020779745231736126,0.5624882686269252
a7ff24r_d7ef0776f1dae5df,L3_liquidity_tier_relative_return,1,wrong_lag_future_24h,validation_2025H1,0.00037098414609752935,3.2746269565161032
a7ff24r_d7ef0776f1dae5df,L3_liquidity_tier_relative_return,1,wrong_lag_future_24h,test_2025H2,0.00012064588723809484,1.422007138421901
a7ff24r_d7ef0776f1dae5df,L3_liquidity_tier_relative_return,1,wrong_lag_future_24h,recent_oos_2026JanApr,0.0013327148965135635,3.6075345792417823
a7ff24r_d7ef0776f1dae5df,L3_liquidity_tier_relative_return,1,wrong_lag_stale_168h,validation_2025H1,6.494720441632706e-05,0.5732802023193591
a7ff24r_d7ef0776f1dae5df,L3_liquidity_tier_relative_return,1,wrong_lag_stale_168h,test_2025H2,0.00011297703348348825,1.331617279039104
a7ff24r_d7ef0776f1dae5df,L3_liquidity_tier_relative_return,1,wrong_lag_stale_168h,recent_oos_2026JanApr,0.0002868375031620989,0.7764422938376863
a7ff24r_d7ef0776f1dae5df,L3_liquidity_tier_relative_return,1,time_shuffle,validation_2025H1,6.672617615310694e-05,0.5889829455913268
a7ff24r_d7ef0776f1dae5df,L3_liquidity_tier_relative_return,1,time_shuffle,test_2025H2,0.00024799780798760463,2.9230557406021913
a7ff24r_d7ef0776f1dae5df,L3_liquidity_tier_relative_return,1,time_shuffle,recent_oos_2026JanApr,2.4027535756712155e-06,0.00650402920557625
a7ff24r_d7ef0776f1dae5df,L3_liquidity_tier_relative_return,1,symbol_shuffle,validation_2025H1,3.182432278869968e-05,0.2809089994086939
a7ff24r_d7ef0776f1dae5df,L3_liquidity_tier_relative_return,1,symbol_shuffle,test_2025H2,1.3224596314652223e-05,0.15587328165667846
a7ff24r_d7ef0776f1dae5df,L3_liquidity_tier_relative_return,1,symbol_shuffle,recent_oos_2026JanApr,-0.00019305023986191766,0.5225689437813682
a7ff24r_d7ef0776f1dae5df,L3_liquidity_tier_relative_return,1,sign_flip,validation_2025H1,-0.00011777835427065593,1.0396136272826078
a7ff24r_d7ef0776f1dae5df,L3_liquidity_tier_relative_return,1,sign_flip,test_2025H2,-0.00011910410021102206,1.4038346817504441
a7ff24r_d7ef0776f1dae5df,L3_liquidity_tier_relative_return,1,sign_flip,recent_oos_2026JanApr,0.00034893132278562453,0.9445244560728938
a7ff24r_d7ef0776f1dae5df,L3_liquidity_tier_relative_return,1,same_family_placebo,validation_2025H1,0.00014945479272053855,1.3192172716042152
a7ff24r_d7ef0776f1dae5df,L3_liquidity_tier_relative_return,1,same_family_placebo,test_2025H2,2.9443200692663133e-06,0.03470357964240273
a7ff24r_d7ef0776f1dae5df,L3_liquidity_tier_relative_return,1,same_family_placebo,recent_oos_2026JanApr,0.00011940133409434959,0.32320824407366644
a7ff24r_d7ef0776f1dae5df,L5_vol_adjusted_return,1,one_bar_lag,validation_2025H1,-0.004060397068672286,268.29762205650877
a7ff24r_d7ef0776f1dae5df,L5_vol_adjusted_return,1,one_bar_lag,test_2025H2,0.010622370442477137,1.3212212494531856
a7ff24r_d7ef0776f1dae5df,L5_vol_adjusted_return,1,one_bar_lag,recent_oos_2026JanApr,-0.018968924657459196,0.9454167726307886
a7ff24r_d7ef0776f1dae5df,L5_vol_adjusted_return,1,wrong_lag_future_24h,validation_2025H1,0.03133830572548642,2070.7316952568926
a7ff24r_d7ef0776f1dae5df,L5_vol_adjusted_return,1,wrong_lag_future_24h,test_2025H2,0.02620736803317676,3.259699115671074
a7ff24r_d7ef0776f1dae5df,L5_vol_adjusted_return,1,wrong_lag_future_24h,recent_oos_2026JanApr,0.11310915345273219,5.637393407550504
a7ff24r_d7ef0776f1dae5df,L5_vol_adjusted_return,1,wrong_lag_stale_168h,validation_2025H1,0.006274619663689869,414.60613496784964
a7ff24r_d7ef0776f1dae5df,L5_vol_adjusted_return,1,wrong_lag_stale_168h,test_2025H2,0.013348608144674355,1.6603134702252766
a7ff24r_d7ef0776f1dae5df,L5_vol_adjusted_return,1,wrong_lag_stale_168h,recent_oos_2026JanApr,0.02091717779513444,1.0425182808580584
a7ff24r_d7ef0776f1dae5df,L5_vol_adjusted_return,1,time_shuffle,validation_2025H1,0.002330544465291033,153.9946777518
a7ff24r_d7ef0776f1dae5df,L5_vol_adjusted_return,1,time_shuffle,test_2025H2,0.018429929261536533,2.292333363642579
a7ff24r_d7ef0776f1dae5df,L5_vol_adjusted_return,1,time_shuffle,recent_oos_2026JanApr,0.02809072012524086,1.4000497361476265
a7ff24r_d7ef0776f1dae5df,L5_vol_adjusted_return,1,symbol_shuffle,validation_2025H1,0.0025821941674121635,170.62285857461924
a7ff24r_d7ef0776f1dae5df,L5_vol_adjusted_return,1,symbol_shuffle,test_2025H2,-0.02060228372272232,2.5625330230317656
a7ff24r_d7ef0776f1dae5df,L5_vol_adjusted_return,1,symbol_shuffle,recent_oos_2026JanApr,-0.004221102572436021,0.21038099117583398
a7ff24r_d7ef0776f1dae5df,L5_vol_adjusted_return,1,sign_flip,validation_2025H1,-0.00115178486975114,76.1061385003767
a7ff24r_d7ef0776f1dae5df,L5_vol_adjusted_return,1,sign_flip,test_2025H2,-0.010522856752286378,1.3088436353600295
a7ff24r_d7ef0776f1dae5df,L5_vol_adjusted_return,1,sign_flip,recent_oos_2026JanApr,0.01832686006612503,0.9134160849417816
a7ff24r_d7ef0776f1dae5df,L5_vol_adjusted_return,1,same_family_placebo,validation_2025H1,-0.0038503225284121957,254.41659055807295
a7ff24r_d7ef0776f1dae5df,L5_vol_adjusted_return,1,same_family_placebo,test_2025H2,-0.011930551853799558,1.4839341851522894
a7ff24r_d7ef0776f1dae5df,L5_vol_adjusted_return,1,same_family_placebo,recent_oos_2026JanApr,0.011126713263477327,0.5545586549318894
a7ff24r_d7ef0776f1dae5df,L7_ranked_future_return,1,one_bar_lag,validation_2025H1,0.0021798376088188335,0.7441815733794962
a7ff24r_d7ef0776f1dae5df,L7_ranked_future_return,1,one_bar_lag,test_2025H2,-0.0007373441765827017,0.4395873320537426
a7ff24r_d7ef0776f1dae5df,L7_ranked_future_return,1,one_bar_lag,recent_oos_2026JanApr,0.0116960123370937,0.8727627627627628
a7ff24r_d7ef0776f1dae5df,L7_ranked_future_return,1,wrong_lag_future_24h,validation_2025H1,-0.013931225209910886,4.756024510208007
a7ff24r_d7ef0776f1dae5df,L7_ranked_future_return,1,wrong_lag_future_24h,test_2025H2,-0.0033314499304589705,1.9861324376199623
a7ff24r_d7ef0776f1dae5df,L7_ranked_future_return,1,wrong_lag_future_24h,recent_oos_2026JanApr,-0.014594682042960903,1.089063063063063
a7ff24r_d7ef0776f1dae5df,L7_ranked_future_return,1,wrong_lag_stale_168h,validation_2025H1,0.00413390833462113,1.4112878850328359
a7ff24r_d7ef0776f1dae5df,L7_ranked_future_return,1,wrong_lag_stale_168h,test_2025H2,-0.00625933652706949,3.7316698656429965
a7ff24r_d7ef0776f1dae5df,L7_ranked_future_return,1,wrong_lag_stale_168h,recent_oos_2026JanApr,0.0029965422654921964,0.22360360360360365
a7ff24r_d7ef0776f1dae5df,L7_ranked_future_return,1,time_shuffle,validation_2025H1,0.0044699592800083,1.52601336745508
a7ff24r_d7ef0776f1dae5df,L7_ranked_future_return,1,time_shuffle,test_2025H2,-0.003833427089799297,2.2853994654671412
a7ff24r_d7ef0776f1dae5df,L7_ranked_future_return,1,time_shuffle,recent_oos_2026JanApr,0.00035532731611162994,0.026514716397069347
a7ff24r_d7ef0776f1dae5df,L7_ranked_future_return,1,symbol_shuffle,validation_2025H1,0.0011930632823365787,0.40730360234110957
a7ff24r_d7ef0776f1dae5df,L7_ranked_future_return,1,symbol_shuffle,test_2025H2,-0.009818324061196105,5.853454894433783
a7ff24r_d7ef0776f1dae5df,L7_ranked_future_return,1,symbol_shuffle,recent_oos_2026JanApr,-0.01072855496316901,0.8005705705705705
a7ff24r_d7ef0776f1dae5df,L7_ranked_future_return,1,sign_flip,validation_2025H1,0.0027012343532684282,0.9221828373588327
a7ff24r_d7ef0776f1dae5df,L7_ranked_future_return,1,sign_flip,test_2025H2,0.0025986130428063674,1.549232245681383
a7ff24r_d7ef0776f1dae5df,L7_ranked_future_return,1,sign_flip,recent_oos_2026JanApr,-0.014234340390460001,1.0621741741741741
a7ff24r_d7ef0776f1dae5df,L7_ranked_future_return,1,same_family_placebo,validation_2025H1,-0.004660214804512439,1.5909652955238638
a7ff24r_d7ef0776f1dae5df,L7_ranked_future_return,1,same_family_placebo,test_2025H2,0.004374323906660487,2.6078694817658374
a7ff24r_d7ef0776f1dae5df,L7_ranked_future_return,1,same_family_placebo,recent_oos_2026JanApr,-0.01127055645701334,0.8410150150150149
a7ff24r_d7ef0776f1dae5df,L0_raw_forward_return,4,one_bar_lag,validation_2025H1,-0.00029949908082106815,0.9076290126055377
a7ff24r_d7ef0776f1dae5df,L0_raw_forward_return,4,one_bar_lag,test_2025H2,-0.000276266185789159,0.6963356454613778
a7ff24r_d7ef0776f1dae5df,L0_raw_forward_return,4,one_bar_lag,recent_oos_2026JanApr,0.0014699045527082422,1.105091086504024
a7ff24r_d7ef0776f1dae5df,L0_raw_forward_return,4,wrong_lag_future_24h,validation_2025H1,-0.0015076872533931268,4.569031361844827
a7ff24r_d7ef0776f1dae5df,L0_raw_forward_return,4,wrong_lag_future_24h,test_2025H2,-0.0007279754798597115,1.8348799155428899
a7ff24r_d7ef0776f1dae5df,L0_raw_forward_return,4,wrong_lag_future_24h,recent_oos_2026JanApr,-0.0053986874489830765,4.058795088225386
a7ff24r_d7ef0776f1dae5df,L0_raw_forward_return,4,wrong_lag_stale_168h,validation_2025H1,-0.0004127345526950168,1.2507879940859392
a7ff24r_d7ef0776f1dae5df,L0_raw_forward_return,4,wrong_lag_stale_168h,test_2025H2,-0.000426971963549463,1.0761932264089418
a7ff24r_d7ef0776f1dae5df,L0_raw_forward_return,4,wrong_lag_stale_168h,recent_oos_2026JanApr,-0.0010102325876528376,0.7595044357500113
a7ff24r_d7ef0776f1dae5df,L0_raw_forward_return,4,time_shuffle,validation_2025H1,-0.00019831477346970796,0.600990966436182
a7ff24r_d7ef0776f1dae5df,L0_raw_forward_return,4,time_shuffle,test_2025H2,-0.00033349282514963553,0.840576782837035
a7ff24r_d7ef0776f1dae5df,L0_raw_forward_return,4,time_shuffle,recent_oos_2026JanApr,0.00020920281099603237,0.1572810705819954
a7ff24r_d7ef0776f1dae5df,L0_raw_forward_return,4,symbol_shuffle,validation_2025H1,7.805373729362775e-05,0.236541081581189
a7ff24r_d7ef0776f1dae5df,L0_raw_forward_return,4,symbol_shuffle,test_2025H2,0.0001227563303279663,0.30941031841888494
a7ff24r_d7ef0776f1dae5df,L0_raw_forward_return,4,symbol_shuffle,recent_oos_2026JanApr,-4.804458238544228e-05,0.03612046758487654
a7ff24r_d7ef0776f1dae5df,L0_raw_forward_return,4,sign_flip,validation_2025H1,0.000403264934832909,1.2220904104861032
a7ff24r_d7ef0776f1dae5df,L0_raw_forward_return,4,sign_flip,test_2025H2,0.0004377949216872094,1.1034727558204809
a7ff24r_d7ef0776f1dae5df,L0_raw_forward_return,4,sign_flip,recent_oos_2026JanApr,-0.0014160245114159923,1.0645834540439234
a7ff24r_d7ef0776f1dae5df,L0_raw_forward_return,4,same_family_placebo,validation_2025H1,2.897259477192405e-05,0.08780116290631361
a7ff24r_d7ef0776f1dae5df,L0_raw_forward_return,4,same_family_placebo,test_2025H2,0.00018323644741729544,0.4618519255981242
a7ff24r_d7ef0776f1dae5df,L0_raw_forward_return,4,same_family_placebo,recent_oos_2026JanApr,-0.0002891166503652115,0.21736121076013326
a7ff24r_d7ef0776f1dae5df,L1_cross_sectional_relative_return,4,one_bar_lag,validation_2025H1,-0.00029949908082106815,0.907629012605538
a7ff24r_d7ef0776f1dae5df,L1_cross_sectional_relative_return,4,one_bar_lag,test_2025H2,-0.00027626618578915907,0.6963356454613776
a7ff24r_d7ef0776f1dae5df,L1_cross_sectional_relative_return,4,one_bar_lag,recent_oos_2026JanApr,0.0014699045527082422,1.105091086504024
a7ff24r_d7ef0776f1dae5df,L1_cross_sectional_relative_return,4,wrong_lag_future_24h,validation_2025H1,-0.001507687253393127,4.569031361844829
a7ff24r_d7ef0776f1dae5df,L1_cross_sectional_relative_return,4,wrong_lag_future_24h,test_2025H2,-0.0007279754798597115,1.8348799155428892
a7ff24r_d7ef0776f1dae5df,L1_cross_sectional_relative_return,4,wrong_lag_future_24h,recent_oos_2026JanApr,-0.0053986874489830765,4.058795088225386
a7ff24r_d7ef0776f1dae5df,L1_cross_sectional_relative_return,4,wrong_lag_stale_168h,validation_2025H1,-0.00041273455269501687,1.2507879940859397
a7ff24r_d7ef0776f1dae5df,L1_cross_sectional_relative_return,4,wrong_lag_stale_168h,test_2025H2,-0.0004269719635494629,1.076193226408941
a7ff24r_d7ef0776f1dae5df,L1_cross_sectional_relative_return,4,wrong_lag_stale_168h,recent_oos_2026JanApr,-0.0010102325876528376,0.7595044357500113
a7ff24r_d7ef0776f1dae5df,L1_cross_sectional_relative_return,4,time_shuffle,validation_2025H1,-0.00030186434347562185,0.914796917768452
a7ff24r_d7ef0776f1dae5df,L1_cross_sectional_relative_return,4,time_shuffle,test_2025H2,-0.0002898347329348583,0.7305354987937154
a7ff24r_d7ef0776f1dae5df,L1_cross_sectional_relative_return,4,time_shuffle,recent_oos_2026JanApr,0.00038889996726156376,0.29237945182945824
a7ff24r_d7ef0776f1dae5df,L1_cross_sectional_relative_return,4,symbol_shuffle,validation_2025H1,0.0003097217668806021,0.938608761955535
a7ff24r_d7ef0776f1dae5df,L1_cross_sectional_relative_return,4,symbol_shuffle,test_2025H2,-0.00025812119787749086,0.6506007617901521
a7ff24r_d7ef0776f1dae5df,L1_cross_sectional_relative_return,4,symbol_shuffle,recent_oos_2026JanApr,-0.00013659454529995694,0.10269334440656987
a7ff24r_d7ef0776f1dae5df,L1_cross_sectional_relative_return,4,sign_flip,validation_2025H1,0.00040326493483290913,1.2220904104861037
a7ff24r_d7ef0776f1dae5df,L1_cross_sectional_relative_return,4,sign_flip,test_2025H2,0.00043779492168720955,1.1034727558204809
a7ff24r_d7ef0776f1dae5df,L1_cross_sectional_relative_return,4,sign_flip,recent_oos_2026JanApr,-0.0014160245114159917,1.064583454043923
a7ff24r_d7ef0776f1dae5df,L1_cross_sectional_relative_return,4,same_family_placebo,validation_2025H1,0.00032434866506125305,0.982935432731254
a7ff24r_d7ef0776f1dae5df,L1_cross_sectional_relative_return,4,same_family_placebo,test_2025H2,-8.472136385702206e-05,0.21354225967694482
a7ff24r_d7ef0776f1dae5df,L1_cross_sectional_relative_return,4,same_family_placebo,recent_oos_2026JanApr,-0.0003059836095195989,0.23004198393251263
a7ff24r_d7ef0776f1dae5df,L3_liquidity_tier_relative_return,4,one_bar_lag,validation_2025H1,0.00040345080205751905,0.940863574038295
a7ff24r_d7ef0776f1dae5df,L3_liquidity_tier_relative_return,4,one_bar_lag,test_2025H2,0.0002015205005145888,0.618215755377218
a7ff24r_d7ef0776f1dae5df,L3_liquidity_tier_relative_return,4,one_bar_lag,recent_oos_2026JanApr,-0.0014673630638598878,1.1150892929749443
a7ff24r_d7ef0776f1dae5df,L3_liquidity_tier_relative_return,4,wrong_lag_future_24h,validation_2025H1,0.0015020638510033885,3.5028735996595963
a7ff24r_d7ef0776f1dae5df,L3_liquidity_tier_relative_return,4,wrong_lag_future_24h,test_2025H2,0.0007292656414293124,2.2372091585502765
a7ff24r_d7ef0776f1dae5df,L3_liquidity_tier_relative_return,4,wrong_lag_future_24h,recent_oos_2026JanApr,0.0053477286490325494,4.06388514549727
a7ff24r_d7ef0776f1dae5df,L3_liquidity_tier_relative_return,4,wrong_lag_stale_168h,validation_2025H1,0.0003944053444559224,0.9197692013800972
a7ff24r_d7ef0776f1dae5df,L3_liquidity_tier_relative_return,4,wrong_lag_stale_168h,test_2025H2,0.0003863433691881211,1.1852072479361617
a7ff24r_d7ef0776f1dae5df,L3_liquidity_tier_relative_return,4,wrong_lag_stale_168h,recent_oos_2026JanApr,0.0009718525299410258,0.738537296718631
a7ff24r_d7ef0776f1dae5df,L3_liquidity_tier_relative_return,4,time_shuffle,validation_2025H1,5.448306528173077e-05,0.1270567099237611
a7ff24r_d7ef0776f1dae5df,L3_liquidity_tier_relative_return,4,time_shuffle,test_2025H2,0.00022136392933536076,0.6790905562356025
a7ff24r_d7ef0776f1dae5df,L3_liquidity_tier_relative_return,4,time_shuffle,recent_oos_2026JanApr,0.0002586267922327695,0.1965375672852251
a7ff24r_d7ef0776f1dae5df,L3_liquidity_tier_relative_return,4,symbol_shuffle,validation_2025H1,0.000468425300565616,1.0923867302097838
a7ff24r_d7ef0776f1dae5df,L3_liquidity_tier_relative_return,4,symbol_shuffle,test_2025H2,-7.126656726675863e-06,0.021862845022445232
a7ff24r_d7ef0776f1dae5df,L3_liquidity_tier_relative_return,4,symbol_shuffle,recent_oos_2026JanApr,0.0004138257429594595,0.3144774912881117
a7ff24r_d7ef0776f1dae5df,L3_liquidity_tier_relative_return,4,sign_flip,validation_2025H1,-0.0004913604608731288,1.1458724508677176
a7ff24r_d7ef0776f1dae5df,L3_liquidity_tier_relative_return,4,sign_flip,test_2025H2,-0.00036449085448198026,1.1181690614913509
a7ff24r_d7ef0776f1dae5df,L3_liquidity_tier_relative_return,4,sign_flip,recent_oos_2026JanApr,0.0013979636429444751,1.0623507764432052
a7ff24r_d7ef0776f1dae5df,L3_liquidity_tier_relative_return,4,same_family_placebo,validation_2025H1,-0.00021871047430480135,0.5100416642738238
a7ff24r_d7ef0776f1dae5df,L3_liquidity_tier_relative_return,4,same_family_placebo,test_2025H2,2.2660019694180805e-05,0.06951541484032031
a7ff24r_d7ef0776f1dae5df,L3_liquidity_tier_relative_return,4,same_family_placebo,recent_oos_2026JanApr,0.0007387839392501658,0.5614221052509563
a7ff24r_d7ef0776f1dae5df,L5_vol_adjusted_return,4,one_bar_lag,validation_2025H1,-0.009409067499315983,1.1454568184818432
a7ff24r_d7ef0776f1dae5df,L5_vol_adjusted_return,4,one_bar_lag,test_2025H2,-0.030133445998333345,0.8251636550926356
a7ff24r_d7ef0776f1dae5df,L5_vol_adjusted_return,4,one_bar_lag,recent_oos_2026JanApr,0.1017126498026682,1.1766416013636831
a7ff24r_d7ef0776f1dae5df,L5_vol_adjusted_return,4,wrong_lag_future_24h,validation_2025H1,-0.12517165132102612,15.238356138557247
a7ff24r_d7ef0776f1dae5df,L5_vol_adjusted_return,4,wrong_lag_future_24h,test_2025H2,-0.10980360747102534,3.006823251750219
a7ff24r_d7ef0776f1dae5df,L5_vol_adjusted_return,4,wrong_lag_future_24h,recent_oos_2026JanApr,-0.4760887610256755,5.507533657330865
a7ff24r_d7ef0776f1dae5df,L5_vol_adjusted_return,4,wrong_lag_stale_168h,validation_2025H1,-0.04177427644641325,5.085586833782217
a7ff24r_d7ef0776f1dae5df,L5_vol_adjusted_return,4,wrong_lag_stale_168h,test_2025H2,-0.06287969075186718,1.7218752695850017
a7ff24r_d7ef0776f1dae5df,L5_vol_adjusted_return,4,wrong_lag_stale_168h,recent_oos_2026JanApr,-0.09943058010148884,1.1502419534061408
a7ff24r_d7ef0776f1dae5df,L5_vol_adjusted_return,4,time_shuffle,validation_2025H1,-0.0071893452684126625,0.8752285557226721
a7ff24r_d7ef0776f1dae5df,L5_vol_adjusted_return,4,time_shuffle,test_2025H2,-0.014708377502587248,0.4027690208809328
a7ff24r_d7ef0776f1dae5df,L5_vol_adjusted_return,4,time_shuffle,recent_oos_2026JanApr,-0.04906540926660236,0.567602966229133
a7ff24r_d7ef0776f1dae5df,L5_vol_adjusted_return,4,symbol_shuffle,validation_2025H1,-0.030102494436734666,3.664667886416605
a7ff24r_d7ef0776f1dae5df,L5_vol_adjusted_return,4,symbol_shuffle,test_2025H2,-0.05680577681210488,1.5555493529430888
a7ff24r_d7ef0776f1dae5df,L5_vol_adjusted_return,4,symbol_shuffle,recent_oos_2026JanApr,-0.011214863732910235,0.12973681491307315
a7ff24r_d7ef0776f1dae5df,L5_vol_adjusted_return,4,sign_flip,validation_2025H1,0.015766751042305332,1.9194391461244464
a7ff24r_d7ef0776f1dae5df,L5_vol_adjusted_return,4,sign_flip,test_2025H2,0.03905807270950486,1.0695524846256057
a7ff24r_d7ef0776f1dae5df,L5_vol_adjusted_return,4,sign_flip,recent_oos_2026JanApr,-0.08922734019935193,1.032207898046851
a7ff24r_d7ef0776f1dae5df,L5_vol_adjusted_return,4,same_family_placebo,validation_2025H1,0.020400914322950926,2.4836006773452164
a7ff24r_d7ef0776f1dae5df,L5_vol_adjusted_return,4,same_family_placebo,test_2025H2,-0.04871931501647972,1.334112535779394
a7ff24r_d7ef0776f1dae5df,L5_vol_adjusted_return,4,same_family_placebo,recent_oos_2026JanApr,-0.033184642917438875,0.38388962885944783
a7ff24r_d7ef0776f1dae5df,L7_ranked_future_return,4,one_bar_lag,validation_2025H1,-0.007289322755017589,0.9526661596315549
a7ff24r_d7ef0776f1dae5df,L7_ranked_future_return,4,one_bar_lag,test_2025H2,0.006400171994620319,1.8686961651917415
a7ff24r_d7ef0776f1dae5df,L7_ranked_future_return,4,one_bar_lag,recent_oos_2026JanApr,0.02357352770018622,0.9931590345691791
a7ff24r_d7ef0776f1dae5df,L7_ranked_future_return,4,wrong_lag_future_24h,validation_2025H1,-0.02824478196772191,3.6914057548485237
a7ff24r_d7ef0776f1dae5df,L7_ranked_future_return,4,wrong_lag_future_24h,test_2025H2,-0.009617958566108007,2.8082123893805324
a7ff24r_d7ef0776f1dae5df,L7_ranked_future_return,4,wrong_lag_future_24h,recent_oos_2026JanApr,-0.03245606378026071,1.3673826582037103
a7ff24r_d7ef0776f1dae5df,L7_ranked_future_return,4,wrong_lag_stale_168h,validation_2025H1,-0.0007668632319470315,0.10022394050788028
a7ff24r_d7ef0776f1dae5df,L7_ranked_future_return,4,wrong_lag_stale_168h,test_2025H2,-0.005590552581212498,1.632306784660768
a7ff24r_d7ef0776f1dae5df,L7_ranked_future_return,4,wrong_lag_stale_168h,recent_oos_2026JanApr,0.0036813961307676376,0.15509820479991276
a7ff24r_d7ef0776f1dae5df,L7_ranked_future_return,4,time_shuffle,validation_2025H1,-0.006213638252558307,0.8120813263934236
a7ff24r_d7ef0776f1dae5df,L7_ranked_future_return,4,time_shuffle,test_2025H2,-0.003400108089805698,0.992749718913492
a7ff24r_d7ef0776f1dae5df,L7_ranked_future_return,4,time_shuffle,recent_oos_2026JanApr,0.0011884934548854595,0.050071547511173174
a7ff24r_d7ef0776f1dae5df,L7_ranked_future_return,4,symbol_shuffle,validation_2025H1,-0.007899952151872542,1.032471373642625
a7ff24r_d7ef0776f1dae5df,L7_ranked_future_return,4,symbol_shuffle,test_2025H2,0.013073207635009309,3.817061946902656
a7ff24r_d7ef0776f1dae5df,L7_ranked_future_return,4,symbol_shuffle,recent_oos_2026JanApr,0.0017414455307262573,0.0733675665368166
a7ff24r_d7ef0776f1dae5df,L7_ranked_future_return,4,sign_flip,validation_2025H1,0.008803328031243533,1.1505366121603922
a7ff24r_d7ef0776f1dae5df,L7_ranked_future_return,4,sign_flip,test_2025H2,-0.0029114615663149187,0.8500766961651923
a7ff24r_d7ef0776f1dae5df,L7_ranked_future_return,4,sign_flip,recent_oos_2026JanApr,-0.02543734158390234,1.0716820125854696
a7ff24r_d7ef0776f1dae5df,L7_ranked_future_return,4,same_family_placebo,validation_2025H1,0.003028253026070763,0.3957725947521866
a7ff24r_d7ef0776f1dae5df,L7_ranked_future_return,4,same_family_placebo,test_2025H2,-0.0013386968497827447,0.39086725663716865
a7ff24r_d7ef0776f1dae5df,L7_ranked_future_return,4,same_family_placebo,recent_oos_2026JanApr,-0.00011549826712186935,0.004865972922171627
a7ff24r_d7ef0776f1dae5df,L0_raw_forward_return,8,one_bar_lag,validation_2025H1,-0.0005679507784394013,0.9912023227226399
a7ff24r_d7ef0776f1dae5df,L0_raw_forward_return,8,one_bar_lag,test_2025H2,-0.0006748930383279459,1.0130675959727682
a7ff24r_d7ef0776f1dae5df,L0_raw_forward_return,8,one_bar_lag,recent_oos_2026JanApr,0.0027138760333057727,0.9325272792038402
a7ff24r_d7ef0776f1dae5df,L0_raw_forward_return,8,wrong_lag_future_24h,validation_2025H1,-0.0025072152056475616,4.375656535293478
a7ff24r_d7ef0776f1dae5df,L0_raw_forward_return,8,wrong_lag_future_24h,test_2025H2,-0.0022528747806959152,3.3817424517546426
a7ff24r_d7ef0776f1dae5df,L0_raw_forward_return,8,wrong_lag_future_24h,recent_oos_2026JanApr,-0.009967781011780731,3.4250745400824623
a7ff24r_d7ef0776f1dae5df,L0_raw_forward_return,8,wrong_lag_stale_168h,validation_2025H1,-0.000632239061174309,1.103399889113491
a7ff24r_d7ef0776f1dae5df,L0_raw_forward_return,8,wrong_lag_stale_168h,test_2025H2,-0.0006845099611960748,1.0275033544965309
a7ff24r_d7ef0776f1dae5df,L0_raw_forward_return,8,wrong_lag_stale_168h,recent_oos_2026JanApr,-0.0021544293928940925,0.74029327623527
a7ff24r_d7ef0776f1dae5df,L0_raw_forward_return,8,time_shuffle,validation_2025H1,-0.000798580306745533,1.3937029140126218
a7ff24r_d7ef0776f1dae5df,L0_raw_forward_return,8,time_shuffle,test_2025H2,-0.0007151218295993853,1.0734541795463917
a7ff24r_d7ef0776f1dae5df,L0_raw_forward_return,8,time_shuffle,recent_oos_2026JanApr,-0.0003361173195486795,0.11549479992651626
a7ff24r_d7ef0776f1dae5df,L0_raw_forward_return,8,symbol_shuffle,validation_2025H1,-0.0005780660766503266,1.0088558016196165
a7ff24r_d7ef0776f1dae5df,L0_raw_forward_return,8,symbol_shuffle,test_2025H2,0.00018434094233297179,0.2767102706397638
a7ff24r_d7ef0776f1dae5df,L0_raw_forward_return,8,symbol_shuffle,recent_oos_2026JanApr,-4.021829166638247e-05,0.01381959000396702
a7ff24r_d7ef0776f1dae5df,L0_raw_forward_return,8,sign_flip,validation_2025H1,0.0007593213039410011,1.32518709143632
a7ff24r_d7ef0776f1dae5df,L0_raw_forward_return,8,sign_flip,test_2025H2,0.0007490712521012882,1.1244149361188343
a7ff24r_d7ef0776f1dae5df,L0_raw_forward_return,8,sign_flip,recent_oos_2026JanApr,-0.0033255983697636706,1.1427239716999367
a7ff24r_d7ef0776f1dae5df,L0_raw_forward_return,8,same_family_placebo,validation_2025H1,-0.0005230388181521645,0.9128208131892642
a7ff24r_d7ef0776f1dae5df,L0_raw_forward_return,8,same_family_placebo,test_2025H2,-0.0003263160095330796,0.4898260265421013
a7ff24r_d7ef0776f1dae5df,L0_raw_forward_return,8,same_family_placebo,recent_oos_2026JanApr,0.00038168385339000684,0.1311521237336185
a7ff24r_d7ef0776f1dae5df,L1_cross_sectional_relative_return,8,one_bar_lag,validation_2025H1,-0.0005679507784394013,0.9912023227226398
a7ff24r_d7ef0776f1dae5df,L1_cross_sectional_relative_return,8,one_bar_lag,test_2025H2,-0.0006748930383279459,1.0130675959727682
a7ff24r_d7ef0776f1dae5df,L1_cross_sectional_relative_return,8,one_bar_lag,recent_oos_2026JanApr,0.0027138760333057727,0.9325272792038398
a7ff24r_d7ef0776f1dae5df,L1_cross_sectional_relative_return,8,wrong_lag_future_24h,validation_2025H1,-0.0025072152056475616,4.375656535293477
a7ff24r_d7ef0776f1dae5df,L1_cross_sectional_relative_return,8,wrong_lag_future_24h,test_2025H2,-0.0022528747806959152,3.3817424517546426
a7ff24r_d7ef0776f1dae5df,L1_cross_sectional_relative_return,8,wrong_lag_future_24h,recent_oos_2026JanApr,-0.009967781011780731,3.425074540082461
a7ff24r_d7ef0776f1dae5df,L1_cross_sectional_relative_return,8,wrong_lag_stale_168h,validation_2025H1,-0.000632239061174309,1.1033998891134909
a7ff24r_d7ef0776f1dae5df,L1_cross_sectional_relative_return,8,wrong_lag_stale_168h,test_2025H2,-0.0006845099611960746,1.0275033544965306
a7ff24r_d7ef0776f1dae5df,L1_cross_sectional_relative_return,8,wrong_lag_stale_168h,recent_oos_2026JanApr,-0.0021544293928940925,0.7402932762352697
a7ff24r_d7ef0776f1dae5df,L1_cross_sectional_relative_return,8,time_shuffle,validation_2025H1,-2.9094403037390588e-05,0.050776301333949406
a7ff24r_d7ef0776f1dae5df,L1_cross_sectional_relative_return,8,time_shuffle,test_2025H2,-0.0005862454336154179,0.8800005606135646
a7ff24r_d7ef0776f1dae5df,L1_cross_sectional_relative_return,8,time_shuffle,recent_oos_2026JanApr,-1.8258571839636018e-05,0.006273910860631133
a7ff24r_d7ef0776f1dae5df,L1_cross_sectional_relative_return,8,symbol_shuffle,validation_2025H1,-0.00015446454784916552,0.2695755062209693
a7ff24r_d7ef0776f1dae5df,L1_cross_sectional_relative_return,8,symbol_shuffle,test_2025H2,-0.0003244125830130336,0.4869688334473982
a7ff24r_d7ef0776f1dae5df,L1_cross_sectional_relative_return,8,symbol_shuffle,recent_oos_2026JanApr,0.0005092606195498305,0.1749893562293596
a7ff24r_d7ef0776f1dae5df,L1_cross_sectional_relative_return,8,sign_flip,validation_2025H1,0.0007593213039410015,1.3251870914363202
a7ff24r_d7ef0776f1dae5df,L1_cross_sectional_relative_return,8,sign_flip,test_2025H2,0.0007490712521012883,1.1244149361188345
a7ff24r_d7ef0776f1dae5df,L1_cross_sectional_relative_return,8,sign_flip,recent_oos_2026JanApr,-0.0033255983697636697,1.142723971699936
a7ff24r_d7ef0776f1dae5df,L1_cross_sectional_relative_return,8,same_family_placebo,validation_2025H1,-0.0001783709373196846,0.3112975526916194
a7ff24r_d7ef0776f1dae5df,L1_cross_sectional_relative_return,8,same_family_placebo,test_2025H2,0.00014807542955237046,0.22227288017506774
a7ff24r_d7ef0776f1dae5df,L1_cross_sectional_relative_return,8,same_family_placebo,recent_oos_2026JanApr,-0.00018664128904434407,0.0641326616704786
a7ff24r_d7ef0776f1dae5df,L3_liquidity_tier_relative_return,8,one_bar_lag,validation_2025H1,-0.0007640276554503909,0.9708222836996009
a7ff24r_d7ef0776f1dae5df,L3_liquidity_tier_relative_return,8,one_bar_lag,test_2025H2,-0.0005021201655443212,1.0150296038495512
a7ff24r_d7ef0776f1dae5df,L3_liquidity_tier_relative_return,8,one_bar_lag,recent_oos_2026JanApr,0.0025922312806736197,0.9265844973868358
a7ff24r_d7ef0776f1dae5df,L3_liquidity_tier_relative_return,8,wrong_lag_future_24h,validation_2025H1,-0.002522372537451794,3.205087472529467
a7ff24r_d7ef0776f1dae5df,L3_liquidity_tier_relative_return,8,wrong_lag_future_24h,test_2025H2,-0.0022997256822085473,4.648866562935795
a7ff24r_d7ef0776f1dae5df,L3_liquidity_tier_relative_return,8,wrong_lag_future_24h,recent_oos_2026JanApr,-0.009933899714298684,3.550839596177067
a7ff24r_d7ef0776f1dae5df,L3_liquidity_tier_relative_return,8,wrong_lag_stale_168h,validation_2025H1,-0.0006224994453195889,0.7909875104594801
a7ff24r_d7ef0776f1dae5df,L3_liquidity_tier_relative_return,8,wrong_lag_stale_168h,test_2025H2,-0.0005723461376054596,1.1569905237498597
a7ff24r_d7ef0776f1dae5df,L3_liquidity_tier_relative_return,8,wrong_lag_stale_168h,recent_oos_2026JanApr,-0.002061998186907188,0.7370544317833665
a7ff24r_d7ef0776f1dae5df,L3_liquidity_tier_relative_return,8,time_shuffle,validation_2025H1,-0.00045836732373680705,0.5824307652072094
a7ff24r_d7ef0776f1dae5df,L3_liquidity_tier_relative_return,8,time_shuffle,test_2025H2,-0.0009303923944426896,1.8807765319125396
a7ff24r_d7ef0776f1dae5df,L3_liquidity_tier_relative_return,8,time_shuffle,recent_oos_2026JanApr,-0.0003138042592750826,0.11216829456000237
a7ff24r_d7ef0776f1dae5df,L3_liquidity_tier_relative_return,8,symbol_shuffle,validation_2025H1,-0.0008891034399294805,1.1297515552479305
a7ff24r_d7ef0776f1dae5df,L3_liquidity_tier_relative_return,8,symbol_shuffle,test_2025H2,-0.00040943853703256656,0.8276748566638126
a7ff24r_d7ef0776f1dae5df,L3_liquidity_tier_relative_return,8,symbol_shuffle,recent_oos_2026JanApr,0.00039417722993217297,0.14089734708514376
a7ff24r_d7ef0776f1dae5df,L3_liquidity_tier_relative_return,8,sign_flip,validation_2025H1,0.0009416430126586471,1.1965116883630893
a7ff24r_d7ef0776f1dae5df,L3_liquidity_tier_relative_return,8,sign_flip,test_2025H2,0.0005918501332532851,1.1964176058198155
a7ff24r_d7ef0776f1dae5df,L3_liquidity_tier_relative_return,8,sign_flip,recent_oos_2026JanApr,-0.003198841398013762,1.1434152774472184
a7ff24r_d7ef0776f1dae5df,L3_liquidity_tier_relative_return,8,same_family_placebo,validation_2025H1,-0.0002866567593493267,0.36424436702541596
a7ff24r_d7ef0776f1dae5df,L3_liquidity_tier_relative_return,8,same_family_placebo,test_2025H2,-0.0005225126822808599,1.0562528201331385
a7ff24r_d7ef0776f1dae5df,L3_liquidity_tier_relative_return,8,same_family_placebo,recent_oos_2026JanApr,0.0003183460230620475,0.11379173300362033
a7ff24r_d7ef0776f1dae5df,L5_vol_adjusted_return,8,one_bar_lag,validation_2025H1,-0.030243069234907806,1.17129597090009
a7ff24r_d7ef0776f1dae5df,L5_vol_adjusted_return,8,one_bar_lag,test_2025H2,-0.0636150751563825,0.9716652860791399
a7ff24r_d7ef0776f1dae5df,L5_vol_adjusted_return,8,one_bar_lag,recent_oos_2026JanApr,0.16978091021823047,0.8723944128547596
a7ff24r_d7ef0776f1dae5df,L5_vol_adjusted_return,8,wrong_lag_future_24h,validation_2025H1,-0.20785719691241986,8.050184833260564
a7ff24r_d7ef0776f1dae5df,L5_vol_adjusted_return,8,wrong_lag_future_24h,test_2025H2,-0.30559473963673484,4.6676955011601
a7ff24r_d7ef0776f1dae5df,L5_vol_adjusted_return,8,wrong_lag_future_24h,recent_oos_2026JanApr,-0.9291713626846722,4.774411353719505
a7ff24r_d7ef0776f1dae5df,L5_vol_adjusted_return,8,wrong_lag_stale_168h,validation_2025H1,-0.06931781495252275,2.6846374861904923
a7ff24r_d7ef0776f1dae5df,L5_vol_adjusted_return,8,wrong_lag_stale_168h,test_2025H2,-0.10180012069203594,1.5549088506451898
a7ff24r_d7ef0776f1dae5df,L5_vol_adjusted_return,8,wrong_lag_stale_168h,recent_oos_2026JanApr,-0.23504576569554275,1.2077483416386032
a7ff24r_d7ef0776f1dae5df,L5_vol_adjusted_return,8,time_shuffle,validation_2025H1,-0.09300619879299767,3.6020744147631176
a7ff24r_d7ef0776f1dae5df,L5_vol_adjusted_return,8,time_shuffle,test_2025H2,-0.032885215974149305,0.5022932490254269
a7ff24r_d7ef0776f1dae5df,L5_vol_adjusted_return,8,time_shuffle,recent_oos_2026JanApr,-0.08388489429468281,0.4310302790315439
a7ff24r_d7ef0776f1dae5df,L5_vol_adjusted_return,8,symbol_shuffle,validation_2025H1,0.054463659844535335,2.109344949114644
a7ff24r_d7ef0776f1dae5df,L5_vol_adjusted_return,8,symbol_shuffle,test_2025H2,-0.012756336568095685,0.19484201488861888
a7ff24r_d7ef0776f1dae5df,L5_vol_adjusted_return,8,symbol_shuffle,recent_oos_2026JanApr,0.1635372247857302,0.8403121470691978
a7ff24r_d7ef0776f1dae5df,L5_vol_adjusted_return,8,sign_flip,validation_2025H1,0.03799194415687698,1.4714052589030118
a7ff24r_d7ef0776f1dae5df,L5_vol_adjusted_return,8,sign_flip,test_2025H2,0.0730394230995355,1.1156140547913052
a7ff24r_d7ef0776f1dae5df,L5_vol_adjusted_return,8,sign_flip,recent_oos_2026JanApr,-0.22149825558291908,1.1381364393631659
a7ff24r_d7ef0776f1dae5df,L5_vol_adjusted_return,8,same_family_placebo,validation_2025H1,0.052910860835698015,2.0492059728572514
a7ff24r_d7ef0776f1dae5df,L5_vol_adjusted_return,8,same_family_placebo,test_2025H2,0.02561881773056797,0.39130529670818387
a7ff24r_d7ef0776f1dae5df,L5_vol_adjusted_return,8,same_family_placebo,recent_oos_2026JanApr,0.04533515227836118,0.23294805937090132
a7ff24r_d7ef0776f1dae5df,L7_ranked_future_return,8,one_bar_lag,validation_2025H1,-0.00940369134935497,0.9958083729257039
a7ff24r_d7ef0776f1dae5df,L7_ranked_future_return,8,one_bar_lag,test_2025H2,0.007594592046400336,1.2526342601281606
a7ff24r_d7ef0776f1dae5df,L7_ranked_future_return,8,one_bar_lag,recent_oos_2026JanApr,0.028124674885559718,0.9084937290124737
a7ff24r_d7ef0776f1dae5df,L7_ranked_future_return,8,wrong_lag_future_24h,validation_2025H1,-0.033413961714523516,3.538387385526407
a7ff24r_d7ef0776f1dae5df,L7_ranked_future_return,8,wrong_lag_future_24h,test_2025H2,-0.030763628797336663,5.074081025283534
a7ff24r_d7ef0776f1dae5df,L7_ranked_future_return,8,wrong_lag_future_24h,recent_oos_2026JanApr,-0.0391030580264253,1.2631215524008812
a7ff24r_d7ef0776f1dae5df,L7_ranked_future_return,8,wrong_lag_stale_168h,validation_2025H1,-0.0015215355805243455,0.1611237347655444
a7ff24r_d7ef0776f1dae5df,L7_ranked_future_return,8,wrong_lag_stale_168h,test_2025H2,-0.011814658759883478,1.948682199640721
a7ff24r_d7ef0776f1dae5df,L7_ranked_future_return,8,wrong_lag_stale_168h,recent_oos_2026JanApr,-0.003320475057220141,0.10725922269685281
a7ff24r_d7ef0776f1dae5df,L7_ranked_future_return,8,time_shuffle,validation_2025H1,-0.0003494291431261791,0.0370029654889908
a7ff24r_d7ef0776f1dae5df,L7_ranked_future_return,8,time_shuffle,test_2025H2,-0.014668013705796191,2.419307894835303
a7ff24r_d7ef0776f1dae5df,L7_ranked_future_return,8,time_shuffle,recent_oos_2026JanApr,-0.002254898108858504,0.07283855901608473
a7ff24r_d7ef0776f1dae5df,L7_ranked_future_return,8,symbol_shuffle,validation_2025H1,0.006737021431543903,0.7134200922674379
a7ff24r_d7ef0776f1dae5df,L7_ranked_future_return,8,symbol_shuffle,test_2025H2,0.015116927408447773,2.493350671635788
a7ff24r_d7ef0776f1dae5df,L7_ranked_future_return,8,symbol_shuffle,recent_oos_2026JanApr,-0.00623813332292967,0.2015065072818019
a7ff24r_d7ef0776f1dae5df,L7_ranked_future_return,8,sign_flip,validation_2025H1,0.010615717982729922,1.1241565103628728
a7ff24r_d7ef0776f1dae5df,L7_ranked_future_return,8,sign_flip,test_2025H2,-0.00581125806283812,0.9584953213395179
a7ff24r_d7ef0776f1dae5df,L7_ranked_future_return,8,sign_flip,recent_oos_2026JanApr,-0.03409312578027465,1.101288853999018
a7ff24r_d7ef0776f1dae5df,L7_ranked_future_return,8,same_family_placebo,validation_2025H1,0.00030300665834373893,0.03208703435929236
a7ff24r_d7ef0776f1dae5df,L7_ranked_future_return,8,same_family_placebo,test_2025H2,-0.007398466760299623,1.2202858138724288
a7ff24r_d7ef0776f1dae5df,L7_ranked_future_return,8,same_family_placebo,recent_oos_2026JanApr,-0.007136099406991262,0.23051294236257522
a7ff24r_d7ef0776f1dae5df,L0_raw_forward_return,24,one_bar_lag,validation_2025H1,-0.0014857919918360685,0.9793626931976945
a7ff24r_d7ef0776f1dae5df,L0_raw_forward_return,24,one_bar_lag,test_2025H2,0.00022378592477614645,4.689898221318489
a7ff24r_d7ef0776f1dae5df,L0_raw_forward_return,24,one_bar_lag,recent_oos_2026JanApr,0.003844837611559457,0.8923920565658517
a7ff24r_d7ef0776f1dae5df,L0_raw_forward_return,24,wrong_lag_future_24h,validation_2025H1,-0.004642915271220758,3.0603866687236523
a7ff24r_d7ef0776f1dae5df,L0_raw_forward_return,24,wrong_lag_future_24h,test_2025H2,-0.007366206229622642,154.37413022615073
a7ff24r_d7ef0776f1dae5df,L0_raw_forward_return,24,wrong_lag_future_24h,recent_oos_2026JanApr,-0.02230755201626424,5.177613265354396
a7ff24r_d7ef0776f1dae5df,L0_raw_forward_return,24,wrong_lag_stale_168h,validation_2025H1,-0.001040472648198079,0.6858295781218863
a7ff24r_d7ef0776f1dae5df,L0_raw_forward_return,24,wrong_lag_stale_168h,test_2025H2,-0.0009773417497025982,20.48222352739804
a7ff24r_d7ef0776f1dae5df,L0_raw_forward_return,24,wrong_lag_stale_168h,recent_oos_2026JanApr,-0.004936270101654583,1.145715026958802
a7ff24r_d7ef0776f1dae5df,L0_raw_forward_return,24,time_shuffle,validation_2025H1,-0.0007620040846923792,0.5022764806329038
a7ff24r_d7ef0776f1dae5df,L0_raw_forward_return,24,time_shuffle,test_2025H2,-0.0021904653909516373,45.90574564133091
a7ff24r_d7ef0776f1dae5df,L0_raw_forward_return,24,time_shuffle,recent_oos_2026JanApr,0.0007703426961733587,0.17879759104307125
a7ff24r_d7ef0776f1dae5df,L0_raw_forward_return,24,symbol_shuffle,validation_2025H1,-0.001995417240738741,1.3152831713193285
a7ff24r_d7ef0776f1dae5df,L0_raw_forward_return,24,symbol_shuffle,test_2025H2,0.0005343274720072779,11.197940456153514
a7ff24r_d7ef0776f1dae5df,L0_raw_forward_return,24,symbol_shuffle,recent_oos_2026JanApr,0.0021078004861504775,0.4892233692812331
a7ff24r_d7ef0776f1dae5df,L0_raw_forward_return,24,sign_flip,validation_2025H1,0.0020632904108467015,1.3600219039535337
a7ff24r_d7ef0776f1dae5df,L0_raw_forward_return,24,sign_flip,test_2025H2,0.0001904275724150187,3.9908047570576644
a7ff24r_d7ef0776f1dae5df,L0_raw_forward_return,24,sign_flip,recent_oos_2026JanApr,-0.005003416590663215,1.1612998186903012
a7ff24r_d7ef0776f1dae5df,L0_raw_forward_return,24,same_family_placebo,validation_2025H1,0.0006183749497573501,0.40760305583015044
a7ff24r_d7ef0776f1dae5df,L0_raw_forward_return,24,same_family_placebo,test_2025H2,-0.0004840913222995864,10.145137741256832
a7ff24r_d7ef0776f1dae5df,L0_raw_forward_return,24,same_family_placebo,recent_oos_2026JanApr,-0.0010465946075141808,0.24291603665713546
a7ff24r_d7ef0776f1dae5df,L1_cross_sectional_relative_return,24,one_bar_lag,validation_2025H1,-0.001485791991836068,0.9793626931976944
a7ff24r_d7ef0776f1dae5df,L1_cross_sectional_relative_return,24,one_bar_lag,test_2025H2,0.00022378592477614675,4.6898982213184635
a7ff24r_d7ef0776f1dae5df,L1_cross_sectional_relative_return,24,one_bar_lag,recent_oos_2026JanApr,0.0038448376115594565,0.8923920565658516
a7ff24r_d7ef0776f1dae5df,L1_cross_sectional_relative_return,24,wrong_lag_future_24h,validation_2025H1,-0.004642915271220757,3.0603866687236523
a7ff24r_d7ef0776f1dae5df,L1_cross_sectional_relative_return,24,wrong_lag_future_24h,test_2025H2,-0.007366206229622642,154.3741302261497
a7ff24r_d7ef0776f1dae5df,L1_cross_sectional_relative_return,24,wrong_lag_future_24h,recent_oos_2026JanApr,-0.02230755201626424,5.177613265354396
a7ff24r_d7ef0776f1dae5df,L1_cross_sectional_relative_return,24,wrong_lag_stale_168h,validation_2025H1,-0.001040472648198079,0.6858295781218865
a7ff24r_d7ef0776f1dae5df,L1_cross_sectional_relative_return,24,wrong_lag_stale_168h,test_2025H2,-0.0009773417497025985,20.48222352739791
a7ff24r_d7ef0776f1dae5df,L1_cross_sectional_relative_return,24,wrong_lag_stale_168h,recent_oos_2026JanApr,-0.004936270101654583,1.145715026958802
a7ff24r_d7ef0776f1dae5df,L1_cross_sectional_relative_return,24,time_shuffle,validation_2025H1,-0.0010183767863030974,0.6712650476001867
a7ff24r_d7ef0776f1dae5df,L1_cross_sectional_relative_return,24,time_shuffle,test_2025H2,-0.0021680546815014837,45.43608274142349
a7ff24r_d7ef0776f1dae5df,L1_cross_sectional_relative_return,24,time_shuffle,recent_oos_2026JanApr,-0.002078283517923985,0.4823724406750326
a7ff24r_d7ef0776f1dae5df,L1_cross_sectional_relative_return,24,symbol_shuffle,validation_2025H1,-0.001351710872171091,0.8909828613076445
a7ff24r_d7ef0776f1dae5df,L1_cross_sectional_relative_return,24,symbol_shuffle,test_2025H2,0.0011019306830192214,23.093243042329778
a7ff24r_d7ef0776f1dae5df,L1_cross_sectional_relative_return,24,symbol_shuffle,recent_oos_2026JanApr,0.003476007857180594,0.8067861672447335
a7ff24r_d7ef0776f1dae5df,L1_cross_sectional_relative_return,24,sign_flip,validation_2025H1,0.002063290410846701,1.3600219039535337
a7ff24r_d7ef0776f1dae5df,L1_cross_sectional_relative_return,24,sign_flip,test_2025H2,0.00019042757241501836,3.990804757057631
a7ff24r_d7ef0776f1dae5df,L1_cross_sectional_relative_return,24,sign_flip,recent_oos_2026JanApr,-0.005003416590663215,1.1612998186903012
a7ff24r_d7ef0776f1dae5df,L1_cross_sectional_relative_return,24,same_family_placebo,validation_2025H1,-0.0001543288191295037,0.10172614253622035
a7ff24r_d7ef0776f1dae5df,L1_cross_sectional_relative_return,24,same_family_placebo,test_2025H2,-0.00012304783166535588,2.5787225333394033
a7ff24r_d7ef0776f1dae5df,L1_cross_sectional_relative_return,24,same_family_placebo,recent_oos_2026JanApr,-0.000254522924975405,0.059075118225820865
a7ff24r_d7ef0776f1dae5df,L3_liquidity_tier_relative_return,24,one_bar_lag,validation_2025H1,-0.0021668522610257183,0.9855688185074127
a7ff24r_d7ef0776f1dae5df,L3_liquidity_tier_relative_return,24,one_bar_lag,test_2025H2,0.0006284257903902927,1.5893947094961436
a7ff24r_d7ef0776f1dae5df,L3_liquidity_tier_relative_return,24,one_bar_lag,recent_oos_2026JanApr,0.0033123031666639413,0.872803562351657
a7ff24r_d7ef0776f1dae5df,L3_liquidity_tier_relative_return,24,wrong_lag_future_24h,validation_2025H1,-0.004850392860033055,2.206147620833495
a7ff24r_d7ef0776f1dae5df,L3_liquidity_tier_relative_return,24,wrong_lag_future_24h,test_2025H2,-0.007060013305601662,17.855963215524003
a7ff24r_d7ef0776f1dae5df,L3_liquidity_tier_relative_return,24,wrong_lag_future_24h,recent_oos_2026JanApr,-0.022161591469973846,5.839657485778003
a7ff24r_d7ef0776f1dae5df,L3_liquidity_tier_relative_return,24,wrong_lag_stale_168h,validation_2025H1,-0.0009530719624751982,0.43349425565570365
a7ff24r_d7ef0776f1dae5df,L3_liquidity_tier_relative_return,24,wrong_lag_stale_168h,test_2025H2,-0.0007835085387143822,1.9816251104275648
a7ff24r_d7ef0776f1dae5df,L3_liquidity_tier_relative_return,24,wrong_lag_stale_168h,recent_oos_2026JanApr,-0.00525787152467142,1.3854676840292235
a7ff24r_d7ef0776f1dae5df,L3_liquidity_tier_relative_return,24,time_shuffle,validation_2025H1,-0.0008517140774321973,0.3873927411200734
a7ff24r_d7ef0776f1dae5df,L3_liquidity_tier_relative_return,24,time_shuffle,test_2025H2,-0.000976835803403871,2.4705823371957374
a7ff24r_d7ef0776f1dae5df,L3_liquidity_tier_relative_return,24,time_shuffle,recent_oos_2026JanApr,-0.0015856548697254975,0.41782564859561383
a7ff24r_d7ef0776f1dae5df,L3_liquidity_tier_relative_return,24,symbol_shuffle,validation_2025H1,-0.00025505677125464666,0.11600975535764686
a7ff24r_d7ef0776f1dae5df,L3_liquidity_tier_relative_return,24,symbol_shuffle,test_2025H2,-0.00040205901674401527,1.0168749976370008
a7ff24r_d7ef0776f1dae5df,L3_liquidity_tier_relative_return,24,symbol_shuffle,recent_oos_2026JanApr,4.958055914931088e-05,0.013064652138255214
a7ff24r_d7ef0776f1dae5df,L3_liquidity_tier_relative_return,24,sign_flip,validation_2025H1,0.0026937894470801305,1.2252403776756562
a7ff24r_d7ef0776f1dae5df,L3_liquidity_tier_relative_return,24,sign_flip,test_2025H2,-0.00019417483647382318,0.4911008786210068
a7ff24r_d7ef0776f1dae5df,L3_liquidity_tier_relative_return,24,sign_flip,recent_oos_2026JanApr,-0.00443048705032444,1.167448957992192
a7ff24r_d7ef0776f1dae5df,L3_liquidity_tier_relative_return,24,same_family_placebo,validation_2025H1,-0.000642050284738053,0.29202948070492396
a7ff24r_d7ef0776f1dae5df,L3_liquidity_tier_relative_return,24,same_family_placebo,test_2025H2,0.0007549365205013278,1.9093616621702103
a7ff24r_d7ef0776f1dae5df,L3_liquidity_tier_relative_return,24,same_family_placebo,recent_oos_2026JanApr,0.0004315395682400635,0.11371219767753746
a7ff24r_d7ef0776f1dae5df,L5_vol_adjusted_return,24,one_bar_lag,validation_2025H1,-0.08517535107537005,0.9769452506769952
a7ff24r_d7ef0776f1dae5df,L5_vol_adjusted_return,24,one_bar_lag,test_2025H2,0.08097511216058352,1.6129026966553406
a7ff24r_d7ef0776f1dae5df,L5_vol_adjusted_return,24,one_bar_lag,recent_oos_2026JanApr,0.11219199119093998,0.6997673013154396
a7ff24r_d7ef0776f1dae5df,L5_vol_adjusted_return,24,wrong_lag_future_24h,validation_2025H1,-0.36850750398036897,4.226711734171637
a7ff24r_d7ef0776f1dae5df,L5_vol_adjusted_return,24,wrong_lag_future_24h,test_2025H2,-0.9604395088876317,19.13051346921443
a7ff24r_d7ef0776f1dae5df,L5_vol_adjusted_return,24,wrong_lag_future_24h,recent_oos_2026JanApr,-2.0530839282326854,12.805557549900287
a7ff24r_d7ef0776f1dae5df,L5_vol_adjusted_return,24,wrong_lag_stale_168h,validation_2025H1,-0.17416465150386592,1.9976357828211815
a7ff24r_d7ef0776f1dae5df,L5_vol_adjusted_return,24,wrong_lag_stale_168h,test_2025H2,-0.07125577946021826,1.41930817725509
a7ff24r_d7ef0776f1dae5df,L5_vol_adjusted_return,24,wrong_lag_stale_168h,recent_oos_2026JanApr,-0.41428156382956455,2.583969575977766
a7ff24r_d7ef0776f1dae5df,L5_vol_adjusted_return,24,time_shuffle,validation_2025H1,-0.041134714595492956,0.47180743671323844
a7ff24r_d7ef0776f1dae5df,L5_vol_adjusted_return,24,time_shuffle,test_2025H2,-0.19950279341619145,3.9737962060876475
a7ff24r_d7ef0776f1dae5df,L5_vol_adjusted_return,24,time_shuffle,recent_oos_2026JanApr,-0.19113497671849644,1.1921528927823555
a7ff24r_d7ef0776f1dae5df,L5_vol_adjusted_return,24,symbol_shuffle,validation_2025H1,-0.09402374076547666,1.0784346155548656
a7ff24r_d7ef0776f1dae5df,L5_vol_adjusted_return,24,symbol_shuffle,test_2025H2,0.12503347255750566,2.490479107460234
a7ff24r_d7ef0776f1dae5df,L5_vol_adjusted_return,24,symbol_shuffle,recent_oos_2026JanApr,0.15583787411118913,0.9719967303542104
a7ff24r_d7ef0776f1dae5df,L5_vol_adjusted_return,24,sign_flip,validation_2025H1,0.13118332837513533,1.504648093680104
a7ff24r_d7ef0776f1dae5df,L5_vol_adjusted_return,24,sign_flip,test_2025H2,-0.008236094916657593,0.16405064897770744
a7ff24r_d7ef0776f1dae5df,L5_vol_adjusted_return,24,sign_flip,recent_oos_2026JanApr,-0.23712275862770202,1.478989285456047
a7ff24r_d7ef0776f1dae5df,L5_vol_adjusted_return,24,same_family_placebo,validation_2025H1,-0.01983811545308683,0.22753945160878086
a7ff24r_d7ef0776f1dae5df,L5_vol_adjusted_return,24,same_family_placebo,test_2025H2,0.0065237830553430964,0.12994396675228356
a7ff24r_d7ef0776f1dae5df,L5_vol_adjusted_return,24,same_family_placebo,recent_oos_2026JanApr,0.019417299277792777,0.12111016989911975
a7ff24r_d7ef0776f1dae5df,L7_ranked_future_return,24,one_bar_lag,validation_2025H1,0.005928054491272882,1.575254087494476
a7ff24r_d7ef0776f1dae5df,L7_ranked_future_return,24,one_bar_lag,test_2025H2,0.007515082881013197,1.2749753138665538
a7ff24r_d7ef0776f1dae5df,L7_ranked_future_return,24,one_bar_lag,recent_oos_2026JanApr,0.041852666693273734,0.9670030526402745
a7ff24r_d7ef0776f1dae5df,L7_ranked_future_return,24,wrong_lag_future_24h,validation_2025H1,-0.03543113425925926,9.415068493150685
a7ff24r_d7ef0776f1dae5df,L7_ranked_future_return,24,wrong_lag_future_24h,test_2025H2,-0.058762538580246916,9.969389194526732
a7ff24r_d7ef0776f1dae5df,L7_ranked_future_return,24,wrong_lag_future_24h,recent_oos_2026JanApr,-0.04893530159110259,1.1306468562031609
a7ff24r_d7ef0776f1dae5df,L7_ranked_future_return,24,wrong_lag_stale_168h,validation_2025H1,-0.008835957455300126,2.3479673000441883
a7ff24r_d7ef0776f1dae5df,L7_ranked_future_return,24,wrong_lag_stale_168h,test_2025H2,-0.012046432657513838,2.043743828466639
a7ff24r_d7ef0776f1dae5df,L7_ranked_future_return,24,wrong_lag_stale_168h,recent_oos_2026JanApr,0.0006246008939974451,0.01443136170041091
a7ff24r_d7ef0776f1dae5df,L7_ranked_future_return,24,time_shuffle,validation_2025H1,-0.0062267514986084375,1.6546264485988473
a7ff24r_d7ef0776f1dae5df,L7_ranked_future_return,24,time_shuffle,test_2025H2,-0.020686088198824736,3.509509104763454
a7ff24r_d7ef0776f1dae5df,L7_ranked_future_return,24,time_shuffle,recent_oos_2026JanApr,-0.004333922072361378,0.10013497836571669
a7ff24r_d7ef0776f1dae5df,L7_ranked_future_return,24,symbol_shuffle,validation_2025H1,0.002684154161345248,0.7132567388422433
a7ff24r_d7ef0776f1dae5df,L7_ranked_future_return,24,symbol_shuffle,test_2025H2,-0.008690450058535549,1.4743828466638456
a7ff24r_d7ef0776f1dae5df,L7_ranked_future_return,24,symbol_shuffle,recent_oos_2026JanApr,0.03672440400170285,0.8485148876247999
a7ff24r_d7ef0776f1dae5df,L7_ranked_future_return,24,sign_flip,validation_2025H1,-0.0008375405757769255,0.222558550596553
a7ff24r_d7ef0776f1dae5df,L7_ranked_future_return,24,sign_flip,test_2025H2,-0.004841904134738186,0.8214557765552264
a7ff24r_d7ef0776f1dae5df,L7_ranked_future_return,24,sign_flip,recent_oos_2026JanApr,-0.04930314429012347,1.13914583705548
a7ff24r_d7ef0776f1dae5df,L7_ranked_future_return,24,same_family_placebo,validation_2025H1,0.005582744651979565,1.4834953601414047
a7ff24r_d7ef0776f1dae5df,L7_ranked_future_return,24,same_family_placebo,test_2025H2,-0.0006413134578544051,0.10880236986881066
a7ff24r_d7ef0776f1dae5df,L7_ranked_future_return,24,same_family_placebo,recent_oos_2026JanApr,0.004452027458492975,0.10286379537896732
a7ff24r_e582d2a2908a95d8,L0_raw_forward_return,1,one_bar_lag,validation_2025H1,-5.65914846035962e-05,2.5136964745344117
a7ff24r_e582d2a2908a95d8,L0_raw_forward_return,1,one_bar_lag,test_2025H2,-5.651451377205235e-05,2.6316689671136158
a7ff24r_e582d2a2908a95d8,L0_raw_forward_return,1,one_bar_lag,recent_oos_2026JanApr,3.738615560896496e-05,0.24131737286633015
a7ff24r_e582d2a2908a95d8,L0_raw_forward_return,1,wrong_lag_future_24h,validation_2025H1,-0.0002864134808276257,12.721994520175237
a7ff24r_e582d2a2908a95d8,L0_raw_forward_return,1,wrong_lag_future_24h,test_2025H2,-0.0002138051970842386,9.956106221557038
a7ff24r_e582d2a2908a95d8,L0_raw_forward_return,1,wrong_lag_future_24h,recent_oos_2026JanApr,-0.000536912249751578,3.465621202805152
a7ff24r_e582d2a2908a95d8,L0_raw_forward_return,1,wrong_lag_stale_168h,validation_2025H1,-0.00019863866308070255,8.823187986491892
a7ff24r_e582d2a2908a95d8,L0_raw_forward_return,1,wrong_lag_stale_168h,test_2025H2,-3.948525969715885e-05,1.838680467508892
a7ff24r_e582d2a2908a95d8,L0_raw_forward_return,1,wrong_lag_stale_168h,recent_oos_2026JanApr,0.00011492099723247505,0.7417834941196687
a7ff24r_e582d2a2908a95d8,L0_raw_forward_return,1,time_shuffle,validation_2025H1,-0.000214494704138651,9.527486076330394
a7ff24r_e582d2a2908a95d8,L0_raw_forward_return,1,time_shuffle,test_2025H2,-0.00010765333215576616,5.013011959784498
a7ff24r_e582d2a2908a95d8,L0_raw_forward_return,1,time_shuffle,recent_oos_2026JanApr,0.00011184816811830632,0.7219492256044925
a7ff24r_e582d2a2908a95d8,L0_raw_forward_return,1,symbol_shuffle,validation_2025H1,8.802211682216432e-05,3.90979113353867
a7ff24r_e582d2a2908a95d8,L0_raw_forward_return,1,symbol_shuffle,test_2025H2,-2.8337959177021243e-05,1.3195924866008282
a7ff24r_e582d2a2908a95d8,L0_raw_forward_return,1,symbol_shuffle,recent_oos_2026JanApr,-8.324294144542647e-05,0.5373103388693728
a7ff24r_e582d2a2908a95d8,L0_raw_forward_return,1,sign_flip,validation_2025H1,5.416502817495158e-05,2.4059174506579515
a7ff24r_e582d2a2908a95d8,L0_raw_forward_return,1,sign_flip,test_2025H2,2.2116852819519545e-05,1.0298988937622626
a7ff24r_e582d2a2908a95d8,L0_raw_forward_return,1,sign_flip,recent_oos_2026JanApr,-0.00036567192442222033,2.3603119041045595
a7ff24r_e582d2a2908a95d8,L0_raw_forward_return,1,same_family_placebo,validation_2025H1,-0.00011050041910169442,4.9082386842499135
a7ff24r_e582d2a2908a95d8,L0_raw_forward_return,1,same_family_placebo,test_2025H2,-1.9490098066987773e-05,0.9075807757238026
a7ff24r_e582d2a2908a95d8,L0_raw_forward_return,1,same_family_placebo,recent_oos_2026JanApr,-0.00023460038361781079,1.5142810841590748
a7ff24r_e582d2a2908a95d8,L1_cross_sectional_relative_return,1,one_bar_lag,validation_2025H1,-5.659148460359619e-05,2.513696474534412
a7ff24r_e582d2a2908a95d8,L1_cross_sectional_relative_return,1,one_bar_lag,test_2025H2,-5.651451377205229e-05,2.631668967113608
a7ff24r_e582d2a2908a95d8,L1_cross_sectional_relative_return,1,one_bar_lag,recent_oos_2026JanApr,3.738615560896488e-05,0.24131737286632984
a7ff24r_e582d2a2908a95d8,L1_cross_sectional_relative_return,1,wrong_lag_future_24h,validation_2025H1,-0.0002864134808276257,12.72199452017524
a7ff24r_e582d2a2908a95d8,L1_cross_sectional_relative_return,1,wrong_lag_future_24h,test_2025H2,-0.00021380519708423854,9.956106221557016
a7ff24r_e582d2a2908a95d8,L1_cross_sectional_relative_return,1,wrong_lag_future_24h,recent_oos_2026JanApr,-0.000536912249751578,3.465621202805155
a7ff24r_e582d2a2908a95d8,L1_cross_sectional_relative_return,1,wrong_lag_stale_168h,validation_2025H1,-0.00019863866308070246,8.82318798649189
a7ff24r_e582d2a2908a95d8,L1_cross_sectional_relative_return,1,wrong_lag_stale_168h,test_2025H2,-3.948525969715892e-05,1.8386804675088915
a7ff24r_e582d2a2908a95d8,L1_cross_sectional_relative_return,1,wrong_lag_stale_168h,recent_oos_2026JanApr,0.00011492099723247507,0.7417834941196694
a7ff24r_e582d2a2908a95d8,L1_cross_sectional_relative_return,1,time_shuffle,validation_2025H1,2.8276605405267938e-05,1.255998209216549
a7ff24r_e582d2a2908a95d8,L1_cross_sectional_relative_return,1,time_shuffle,test_2025H2,2.0995581088404538e-05,0.9776854742081431
a7ff24r_e582d2a2908a95d8,L1_cross_sectional_relative_return,1,time_shuffle,recent_oos_2026JanApr,0.0001946126769052397,1.2561714129814106
a7ff24r_e582d2a2908a95d8,L1_cross_sectional_relative_return,1,symbol_shuffle,validation_2025H1,-1.1281811572008726e-05,0.5011186784295415
a7ff24r_e582d2a2908a95d8,L1_cross_sectional_relative_return,1,symbol_shuffle,test_2025H2,-0.00015519458645736554,7.226829884641989
a7ff24r_e582d2a2908a95d8,L1_cross_sectional_relative_return,1,symbol_shuffle,recent_oos_2026JanApr,1.5682257423378515e-05,0.10122466727003446
a7ff24r_e582d2a2908a95d8,L1_cross_sectional_relative_return,1,sign_flip,validation_2025H1,5.416502817495156e-05,2.405917450657951
a7ff24r_e582d2a2908a95d8,L1_cross_sectional_relative_return,1,sign_flip,test_2025H2,2.211685281951952e-05,1.0298988937622593
a7ff24r_e582d2a2908a95d8,L1_cross_sectional_relative_return,1,sign_flip,recent_oos_2026JanApr,-0.00036567192442222033,2.3603119041045617
a7ff24r_e582d2a2908a95d8,L1_cross_sectional_relative_return,1,same_family_placebo,validation_2025H1,0.0001270319538994604,5.642541044947245
a7ff24r_e582d2a2908a95d8,L1_cross_sectional_relative_return,1,same_family_placebo,test_2025H2,0.00013188825134437121,6.1415412612379825
a7ff24r_e582d2a2908a95d8,L1_cross_sectional_relative_return,1,same_family_placebo,recent_oos_2026JanApr,1.855528216549883e-05,0.11976925340507394
a7ff24r_e582d2a2908a95d8,L3_liquidity_tier_relative_return,1,one_bar_lag,validation_2025H1,-4.996022000175683e-05,3.5075596193139713
a7ff24r_e582d2a2908a95d8,L3_liquidity_tier_relative_return,1,one_bar_lag,test_2025H2,-3.66342655999143e-05,0.9194294803799435
a7ff24r_e582d2a2908a95d8,L3_liquidity_tier_relative_return,1,one_bar_lag,recent_oos_2026JanApr,-8.964208707583282e-06,0.08135251885293097
a7ff24r_e582d2a2908a95d8,L3_liquidity_tier_relative_return,1,wrong_lag_future_24h,validation_2025H1,-0.0002842617806216361,19.95718079279227
a7ff24r_e582d2a2908a95d8,L3_liquidity_tier_relative_return,1,wrong_lag_future_24h,test_2025H2,-0.000224485263616969,5.634025028218043
a7ff24r_e582d2a2908a95d8,L3_liquidity_tier_relative_return,1,wrong_lag_future_24h,recent_oos_2026JanApr,-0.0005783565716739652,5.2487358824008785
a7ff24r_e582d2a2908a95d8,L3_liquidity_tier_relative_return,1,wrong_lag_stale_168h,validation_2025H1,-0.0001897188902313066,13.319603443959826
a7ff24r_e582d2a2908a95d8,L3_liquidity_tier_relative_return,1,wrong_lag_stale_168h,test_2025H2,-7.722721309694621e-05,1.9382120876768043
a7ff24r_e582d2a2908a95d8,L3_liquidity_tier_relative_return,1,wrong_lag_stale_168h,recent_oos_2026JanApr,7.752281479823567e-05,0.7035396495254069
a7ff24r_e582d2a2908a95d8,L3_liquidity_tier_relative_return,1,time_shuffle,validation_2025H1,-1.4686739573150063e-05,1.0311126465085658
a7ff24r_e582d2a2908a95d8,L3_liquidity_tier_relative_return,1,time_shuffle,test_2025H2,-0.00018144579532471618,4.553840798515139
a7ff24r_e582d2a2908a95d8,L3_liquidity_tier_relative_return,1,time_shuffle,recent_oos_2026JanApr,4.328797192150539e-05,0.39284957174974344
a7ff24r_e582d2a2908a95d8,L3_liquidity_tier_relative_return,1,symbol_shuffle,validation_2025H1,2.3701146985501487e-05,1.663987590423876
a7ff24r_e582d2a2908a95d8,L3_liquidity_tier_relative_return,1,symbol_shuffle,test_2025H2,-8.346142735472106e-05,2.0946754500982574
a7ff24r_e582d2a2908a95d8,L3_liquidity_tier_relative_return,1,symbol_shuffle,recent_oos_2026JanApr,-0.00021806836107288982,1.9790269318922158
a7ff24r_e582d2a2908a95d8,L3_liquidity_tier_relative_return,1,sign_flip,validation_2025H1,5.1780282129868894e-05,3.635340810529383
a7ff24r_e582d2a2908a95d8,L3_liquidity_tier_relative_return,1,sign_flip,test_2025H2,-3.9384042089108665e-06,0.09884420708391577
a7ff24r_e582d2a2908a95d8,L3_liquidity_tier_relative_return,1,sign_flip,recent_oos_2026JanApr,-0.00030512407031114155,2.7690800707787475
a7ff24r_e582d2a2908a95d8,L3_liquidity_tier_relative_return,1,same_family_placebo,validation_2025H1,-0.00018484050085242605,12.97710612124888
a7ff24r_e582d2a2908a95d8,L3_liquidity_tier_relative_return,1,same_family_placebo,test_2025H2,0.00011664874314313561,2.927595013541573
a7ff24r_e582d2a2908a95d8,L3_liquidity_tier_relative_return,1,same_family_placebo,recent_oos_2026JanApr,4.930990965693762e-05,0.44750021846421534
a7ff24r_e582d2a2908a95d8,L5_vol_adjusted_return,1,one_bar_lag,validation_2025H1,-0.00037373696540134264,0.08662456212669391
a7ff24r_e582d2a2908a95d8,L5_vol_adjusted_return,1,one_bar_lag,test_2025H2,-0.005549571072248921,4.601578651540916
a7ff24r_e582d2a2908a95d8,L5_vol_adjusted_return,1,one_bar_lag,recent_oos_2026JanApr,-0.00038555959749527586,0.04802874474143822
a7ff24r_e582d2a2908a95d8,L5_vol_adjusted_return,1,wrong_lag_future_24h,validation_2025H1,-0.02893446193035218,6.706414743847138
a7ff24r_e582d2a2908a95d8,L5_vol_adjusted_return,1,wrong_lag_future_24h,test_2025H2,-0.036692481424090796,30.424574619374212
a7ff24r_e582d2a2908a95d8,L5_vol_adjusted_return,1,wrong_lag_future_24h,recent_oos_2026JanApr,-0.04887895811337966,6.088799287336445
a7ff24r_e582d2a2908a95d8,L5_vol_adjusted_return,1,wrong_lag_stale_168h,validation_2025H1,-0.013792929127137525,3.1969180377963173
a7ff24r_e582d2a2908a95d8,L5_vol_adjusted_return,1,wrong_lag_stale_168h,test_2025H2,-0.006657002663341211,5.51983584678523
a7ff24r_e582d2a2908a95d8,L5_vol_adjusted_return,1,wrong_lag_stale_168h,recent_oos_2026JanApr,0.011653990610275779,1.4517250870584575
a7ff24r_e582d2a2908a95d8,L5_vol_adjusted_return,1,time_shuffle,validation_2025H1,-0.0012101547397350499,0.28048904480861214
a7ff24r_e582d2a2908a95d8,L5_vol_adjusted_return,1,time_shuffle,test_2025H2,-0.011818905231477538,9.799968554274761
a7ff24r_e582d2a2908a95d8,L5_vol_adjusted_return,1,time_shuffle,recent_oos_2026JanApr,-0.014322960954213402,1.784195854753507
a7ff24r_e582d2a2908a95d8,L5_vol_adjusted_return,1,symbol_shuffle,validation_2025H1,0.011886505689060642,2.7550481912475955
a7ff24r_e582d2a2908a95d8,L5_vol_adjusted_return,1,symbol_shuffle,test_2025H2,-0.002356643859938898,1.9540757175644663
a7ff24r_e582d2a2908a95d8,L5_vol_adjusted_return,1,symbol_shuffle,recent_oos_2026JanApr,-0.019740564110174077,2.459060858188504
a7ff24r_e582d2a2908a95d8,L5_vol_adjusted_return,1,sign_flip,validation_2025H1,-0.0009827569271787214,0.22778289646145375
a7ff24r_e582d2a2908a95d8,L5_vol_adjusted_return,1,sign_flip,test_2025H2,0.00520636990442463,4.317004015684567
a7ff24r_e582d2a2908a95d8,L5_vol_adjusted_return,1,sign_flip,recent_oos_2026JanApr,-0.02007173052554664,2.500313902683294
a7ff24r_e582d2a2908a95d8,L5_vol_adjusted_return,1,same_family_placebo,validation_2025H1,-0.011723499045107716,2.7172665949289097
a7ff24r_e582d2a2908a95d8,L5_vol_adjusted_return,1,same_family_placebo,test_2025H2,0.0053290270321585545,4.418708528176021
a7ff24r_e582d2a2908a95d8,L5_vol_adjusted_return,1,same_family_placebo,recent_oos_2026JanApr,-0.00026086509825584415,0.03249568496666369
a7ff24r_e582d2a2908a95d8,L7_ranked_future_return,1,one_bar_lag,validation_2025H1,0.002346848761139441,0.42924229710432926
a7ff24r_e582d2a2908a95d8,L7_ranked_future_return,1,one_bar_lag,test_2025H2,-0.00028041776129397966,0.1512087148995276
a7ff24r_e582d2a2908a95d8,L7_ranked_future_return,1,one_bar_lag,recent_oos_2026JanApr,0.014952689563694431,1.029851656392745
a7ff24r_e582d2a2908a95d8,L7_ranked_future_return,1,wrong_lag_future_24h,validation_2025H1,-0.0029563791016329294,0.5407263466266256
a7ff24r_e582d2a2908a95d8,L7_ranked_future_return,1,wrong_lag_future_24h,test_2025H2,-0.004089479343738733,2.2051560262141394
a7ff24r_e582d2a2908a95d8,L7_ranked_future_return,1,wrong_lag_future_24h,recent_oos_2026JanApr,0.0059373873177767465,0.4089316599405739
a7ff24r_e582d2a2908a95d8,L7_ranked_future_return,1,wrong_lag_stale_168h,validation_2025H1,-0.009336366094884871,1.7076359139689974
a7ff24r_e582d2a2908a95d8,L7_ranked_future_return,1,wrong_lag_stale_168h,test_2025H2,-0.004468172101169319,2.4093572327589934
a7ff24r_e582d2a2908a95d8,L7_ranked_future_return,1,wrong_lag_stale_168h,recent_oos_2026JanApr,0.00851137124607222,0.5862122488802166
a7ff24r_e582d2a2908a95d8,L7_ranked_future_return,1,time_shuffle,validation_2025H1,0.006461758480078957,1.1818656997632029
a7ff24r_e582d2a2908a95d8,L7_ranked_future_return,1,time_shuffle,test_2025H2,-0.008899491711991713,4.79884262259159
a7ff24r_e582d2a2908a95d8,L7_ranked_future_return,1,time_shuffle,recent_oos_2026JanApr,0.004333074333074336,0.2984361950524532
a7ff24r_e582d2a2908a95d8,L7_ranked_future_return,1,symbol_shuffle,validation_2025H1,0.0021986716375624583,0.40214047019682325
a7ff24r_e582d2a2908a95d8,L7_ranked_future_return,1,symbol_shuffle,test_2025H2,0.0017244404522742498,0.929864155201597
a7ff24r_e582d2a2908a95d8,L7_ranked_future_return,1,symbol_shuffle,recent_oos_2026JanApr,0.008934332019780559,0.6153432524723935
a7ff24r_e582d2a2908a95d8,L7_ranked_future_return,1,sign_flip,validation_2025H1,-0.0036517089064029232,0.6679032519248035
a7ff24r_e582d2a2908a95d8,L7_ranked_future_return,1,sign_flip,test_2025H2,0.002239800649049606,1.2077600798576444
a7ff24r_e582d2a2908a95d8,L7_ranked_future_return,1,sign_flip,recent_oos_2026JanApr,-0.016726468732292794,1.1520189365382059
a7ff24r_e582d2a2908a95d8,L7_ranked_future_return,1,same_family_placebo,validation_2025H1,-0.0017023064441353715,0.31135450249525215
a7ff24r_e582d2a2908a95d8,L7_ranked_future_return,1,same_family_placebo,test_2025H2,0.003520836552825426,1.8985287096914185
a7ff24r_e582d2a2908a95d8,L7_ranked_future_return,1,same_family_placebo,recent_oos_2026JanApr,-0.0034413150981301177,0.23701716262361963
a7ff24r_e582d2a2908a95d8,L0_raw_forward_return,4,one_bar_lag,validation_2025H1,-0.00026837666450477057,1.3644363551827323
a7ff24r_e582d2a2908a95d8,L0_raw_forward_return,4,one_bar_lag,test_2025H2,-0.00010345426514074718,2.985954482947119
a7ff24r_e582d2a2908a95d8,L0_raw_forward_return,4,one_bar_lag,recent_oos_2026JanApr,0.00013277733358266596,0.41330046601872117
a7ff24r_e582d2a2908a95d8,L0_raw_forward_return,4,wrong_lag_future_24h,validation_2025H1,-0.0009938009223685645,5.052518671084751
a7ff24r_e582d2a2908a95d8,L0_raw_forward_return,4,wrong_lag_future_24h,test_2025H2,-0.0008679065086198599,25.049999888034932
a7ff24r_e582d2a2908a95d8,L0_raw_forward_return,4,wrong_lag_future_24h,recent_oos_2026JanApr,-0.0022487765760994933,6.999842381194197
a7ff24r_e582d2a2908a95d8,L0_raw_forward_return,4,wrong_lag_stale_168h,validation_2025H1,-0.000979780400985431,4.98123784967256
a7ff24r_e582d2a2908a95d8,L0_raw_forward_return,4,wrong_lag_stale_168h,test_2025H2,-7.359549159376047e-05,2.124153970357021
a7ff24r_e582d2a2908a95d8,L0_raw_forward_return,4,wrong_lag_stale_168h,recent_oos_2026JanApr,0.0006597162185422492,2.0535208322575915
a7ff24r_e582d2a2908a95d8,L0_raw_forward_return,4,time_shuffle,validation_2025H1,4.7513894961302004e-05,0.24156230490889682
a7ff24r_e582d2a2908a95d8,L0_raw_forward_return,4,time_shuffle,test_2025H2,-0.0002948895705034253,8.511266633822363
a7ff24r_e582d2a2908a95d8,L0_raw_forward_return,4,time_shuffle,recent_oos_2026JanApr,5.695246396701238e-05,0.17727784753130169
a7ff24r_e582d2a2908a95d8,L0_raw_forward_return,4,symbol_shuffle,validation_2025H1,0.0007051006364337355,3.5847563132508102
a7ff24r_e582d2a2908a95d8,L0_raw_forward_return,4,symbol_shuffle,test_2025H2,0.00031902792500382066,9.207961233444374
a7ff24r_e582d2a2908a95d8,L0_raw_forward_return,4,symbol_shuffle,recent_oos_2026JanApr,-0.00022129142416472416,0.6888212488186842
a7ff24r_e582d2a2908a95d8,L0_raw_forward_return,4,sign_flip,validation_2025H1,0.0002584019526579431,1.3137245710512868
a7ff24r_e582d2a2908a95d8,L0_raw_forward_return,4,sign_flip,test_2025H2,7.62587930338126e-06,0.22010236563341434
a7ff24r_e582d2a2908a95d8,L0_raw_forward_return,4,sign_flip,recent_oos_2026JanApr,-0.0008268961990178323,2.573907572789182
a7ff24r_e582d2a2908a95d8,L0_raw_forward_return,4,same_family_placebo,validation_2025H1,0.00012557915341859883,0.6384488110901325
a7ff24r_e582d2a2908a95d8,L0_raw_forward_return,4,same_family_placebo,test_2025H2,-0.00026110652722689733,7.5362016678501265
a7ff24r_e582d2a2908a95d8,L0_raw_forward_return,4,same_family_placebo,recent_oos_2026JanApr,-0.00023215849546722096,0.7226475466693209
a7ff24r_e582d2a2908a95d8,L1_cross_sectional_relative_return,4,one_bar_lag,validation_2025H1,-0.0002683766645047707,1.3644363551827332
a7ff24r_e582d2a2908a95d8,L1_cross_sectional_relative_return,4,one_bar_lag,test_2025H2,-0.00010345426514074722,2.985954482947124
a7ff24r_e582d2a2908a95d8,L1_cross_sectional_relative_return,4,one_bar_lag,recent_oos_2026JanApr,0.0001327773335826658,0.41330046601872067
a7ff24r_e582d2a2908a95d8,L1_cross_sectional_relative_return,4,wrong_lag_future_24h,validation_2025H1,-0.0009938009223685645,5.052518671084753
a7ff24r_e582d2a2908a95d8,L1_cross_sectional_relative_return,4,wrong_lag_future_24h,test_2025H2,-0.0008679065086198599,25.04999988803496
a7ff24r_e582d2a2908a95d8,L1_cross_sectional_relative_return,4,wrong_lag_future_24h,recent_oos_2026JanApr,-0.0022487765760994933,6.999842381194197
a7ff24r_e582d2a2908a95d8,L1_cross_sectional_relative_return,4,wrong_lag_stale_168h,validation_2025H1,-0.0009797804009854308,4.98123784967256
a7ff24r_e582d2a2908a95d8,L1_cross_sectional_relative_return,4,wrong_lag_stale_168h,test_2025H2,-7.35954915937604e-05,2.1241539703570216
a7ff24r_e582d2a2908a95d8,L1_cross_sectional_relative_return,4,wrong_lag_stale_168h,recent_oos_2026JanApr,0.000659716218542249,2.053520832257591
a7ff24r_e582d2a2908a95d8,L1_cross_sectional_relative_return,4,time_shuffle,validation_2025H1,-0.00014024740423360996,0.7130227116036931
a7ff24r_e582d2a2908a95d8,L1_cross_sectional_relative_return,4,time_shuffle,test_2025H2,-0.0003697026602754259,10.670563599335738
a7ff24r_e582d2a2908a95d8,L1_cross_sectional_relative_return,4,time_shuffle,recent_oos_2026JanApr,0.0003160089286956933,0.9836516065800671
a7ff24r_e582d2a2908a95d8,L1_cross_sectional_relative_return,4,symbol_shuffle,validation_2025H1,-0.00014087277822480795,0.7162021348622346
a7ff24r_e582d2a2908a95d8,L1_cross_sectional_relative_return,4,symbol_shuffle,test_2025H2,0.00023359842152687185,6.742247436764278
a7ff24r_e582d2a2908a95d8,L1_cross_sectional_relative_return,4,symbol_shuffle,recent_oos_2026JanApr,0.00041470841673075013,1.2908768181430115
a7ff24r_e582d2a2908a95d8,L1_cross_sectional_relative_return,4,sign_flip,validation_2025H1,0.00025840195265794305,1.3137245710512868
a7ff24r_e582d2a2908a95d8,L1_cross_sectional_relative_return,4,sign_flip,test_2025H2,7.625879303381299e-06,0.22010236563341573
a7ff24r_e582d2a2908a95d8,L1_cross_sectional_relative_return,4,sign_flip,recent_oos_2026JanApr,-0.000826896199017832,2.573907572789181
a7ff24r_e582d2a2908a95d8,L1_cross_sectional_relative_return,4,same_family_placebo,validation_2025H1,0.00010026572548780133,0.5097544575523117
a7ff24r_e582d2a2908a95d8,L1_cross_sectional_relative_return,4,same_family_placebo,test_2025H2,0.0005090703178927132,14.6930703705551
a7ff24r_e582d2a2908a95d8,L1_cross_sectional_relative_return,4,same_family_placebo,recent_oos_2026JanApr,-0.0003538747172866527,1.1015177185777627
a7ff24r_e582d2a2908a95d8,L3_liquidity_tier_relative_return,4,one_bar_lag,validation_2025H1,-0.0002754543093165154,1.3532384199089427
a7ff24r_e582d2a2908a95d8,L3_liquidity_tier_relative_return,4,one_bar_lag,test_2025H2,-0.00010182148141572413,6.789430351781103
a7ff24r_e582d2a2908a95d8,L3_liquidity_tier_relative_return,4,one_bar_lag,recent_oos_2026JanApr,2.721573013274559e-05,0.14510688002022584
a7ff24r_e582d2a2908a95d8,L3_liquidity_tier_relative_return,4,wrong_lag_future_24h,validation_2025H1,-0.0009956533725906634,4.891397052544916
a7ff24r_e582d2a2908a95d8,L3_liquidity_tier_relative_return,4,wrong_lag_future_24h,test_2025H2,-0.000865806921633288,57.73178420493327
a7ff24r_e582d2a2908a95d8,L3_liquidity_tier_relative_return,4,wrong_lag_future_24h,recent_oos_2026JanApr,-0.0024121798572428036,12.861087739512566
a7ff24r_e582d2a2908a95d8,L3_liquidity_tier_relative_return,4,wrong_lag_stale_168h,validation_2025H1,-0.0009407607603675788,4.621723319671544
a7ff24r_e582d2a2908a95d8,L3_liquidity_tier_relative_return,4,wrong_lag_stale_168h,test_2025H2,-0.00018059726739851534,12.042179623354558
a7ff24r_e582d2a2908a95d8,L3_liquidity_tier_relative_return,4,wrong_lag_stale_168h,recent_oos_2026JanApr,0.0005543830703783774,2.9558199352458145
a7ff24r_e582d2a2908a95d8,L3_liquidity_tier_relative_return,4,time_shuffle,validation_2025H1,-1.546212150730835e-05,0.0759615521314899
a7ff24r_e582d2a2908a95d8,L3_liquidity_tier_relative_return,4,time_shuffle,test_2025H2,-0.0004435198233357167,29.57378844133656
a7ff24r_e582d2a2908a95d8,L3_liquidity_tier_relative_return,4,time_shuffle,recent_oos_2026JanApr,0.00021835806731922903,1.1642258988237286
a7ff24r_e582d2a2908a95d8,L3_liquidity_tier_relative_return,4,symbol_shuffle,validation_2025H1,0.00020920772153886185,1.0277854328381175
a7ff24r_e582d2a2908a95d8,L3_liquidity_tier_relative_return,4,symbol_shuffle,test_2025H2,-0.000185473793080986,12.367345109256568
a7ff24r_e582d2a2908a95d8,L3_liquidity_tier_relative_return,4,symbol_shuffle,recent_oos_2026JanApr,-0.0002652323586001822,1.4141468867142788
a7ff24r_e582d2a2908a95d8,L3_liquidity_tier_relative_return,4,sign_flip,validation_2025H1,0.0002658990661883342,1.3062958901488886
a7ff24r_e582d2a2908a95d8,L3_liquidity_tier_relative_return,4,sign_flip,test_2025H2,-3.356332177588162e-05,2.2379937160939383
a7ff24r_e582d2a2908a95d8,L3_liquidity_tier_relative_return,4,sign_flip,recent_oos_2026JanApr,-0.0006529574343067781,3.481391666368264
a7ff24r_e582d2a2908a95d8,L3_liquidity_tier_relative_return,4,same_family_placebo,validation_2025H1,-0.00017009679834231566,0.8356432077300753
a7ff24r_e582d2a2908a95d8,L3_liquidity_tier_relative_return,4,same_family_placebo,test_2025H2,6.941696966150491e-05,4.628705791700523
a7ff24r_e582d2a2908a95d8,L3_liquidity_tier_relative_return,4,same_family_placebo,recent_oos_2026JanApr,-0.00020454751776945206,1.0905918002065587
a7ff24r_e582d2a2908a95d8,L5_vol_adjusted_return,4,one_bar_lag,validation_2025H1,-0.010047186797144883,9.285043098190396
a7ff24r_e582d2a2908a95d8,L5_vol_adjusted_return,4,one_bar_lag,test_2025H2,-0.013191800531054535,1.7597459905372284
a7ff24r_e582d2a2908a95d8,L5_vol_adjusted_return,4,one_bar_lag,recent_oos_2026JanApr,-0.02100884373832357,1.3955497704815558
a7ff24r_e582d2a2908a95d8,L5_vol_adjusted_return,4,wrong_lag_future_24h,validation_2025H1,-0.09155443782060521,84.60944522664614
a7ff24r_e582d2a2908a95d8,L5_vol_adjusted_return,4,wrong_lag_future_24h,test_2025H2,-0.13182475709914973,17.585020878133967
a7ff24r_e582d2a2908a95d8,L5_vol_adjusted_return,4,wrong_lag_future_24h,recent_oos_2026JanApr,-0.2247047023323925,14.926409071912099
a7ff24r_e582d2a2908a95d8,L5_vol_adjusted_return,4,wrong_lag_stale_168h,validation_2025H1,-0.07493137629615487,69.2473497670243
a7ff24r_e582d2a2908a95d8,L5_vol_adjusted_return,4,wrong_lag_stale_168h,test_2025H2,-0.02091988579851962,2.790649014877029
a7ff24r_e582d2a2908a95d8,L5_vol_adjusted_return,4,wrong_lag_stale_168h,recent_oos_2026JanApr,0.04818479482360376,3.200760603217611
a7ff24r_e582d2a2908a95d8,L5_vol_adjusted_return,4,time_shuffle,validation_2025H1,-0.04812016359176917,44.469939880934234
a7ff24r_e582d2a2908a95d8,L5_vol_adjusted_return,4,time_shuffle,test_2025H2,-0.0491440259137042,6.555663296827111
a7ff24r_e582d2a2908a95d8,L5_vol_adjusted_return,4,time_shuffle,recent_oos_2026JanApr,0.020610125446631898,1.3690641995768567
a7ff24r_e582d2a2908a95d8,L5_vol_adjusted_return,4,symbol_shuffle,validation_2025H1,0.015418240151864075,14.248667532387195
a7ff24r_e582d2a2908a95d8,L5_vol_adjusted_return,4,symbol_shuffle,test_2025H2,-0.042434059577001804,5.66057423526533
a7ff24r_e582d2a2908a95d8,L5_vol_adjusted_return,4,symbol_shuffle,recent_oos_2026JanApr,-0.0046426750046026114,0.3083979355453399
a7ff24r_e582d2a2908a95d8,L5_vol_adjusted_return,4,sign_flip,validation_2025H1,0.004694513803005065,4.338404756079422
a7ff24r_e582d2a2908a95d8,L5_vol_adjusted_return,4,sign_flip,test_2025H2,0.007369379588398255,0.9830527798614354
a7ff24r_e582d2a2908a95d8,L5_vol_adjusted_return,4,sign_flip,recent_oos_2026JanApr,-0.033182371157089274,2.204197957255353
a7ff24r_e582d2a2908a95d8,L5_vol_adjusted_return,4,same_family_placebo,validation_2025H1,0.016613724381840573,15.353466599295464
a7ff24r_e582d2a2908a95d8,L5_vol_adjusted_return,4,same_family_placebo,test_2025H2,-0.021229353896386464,2.831931116068475
a7ff24r_e582d2a2908a95d8,L5_vol_adjusted_return,4,same_family_placebo,recent_oos_2026JanApr,0.029278094778185833,1.944849462291011
a7ff24r_e582d2a2908a95d8,L7_ranked_future_return,4,one_bar_lag,validation_2025H1,0.004066444237533624,0.9132526183950191
a7ff24r_e582d2a2908a95d8,L7_ranked_future_return,4,one_bar_lag,test_2025H2,-0.0032725047848127485,1.99630213982842
a7ff24r_e582d2a2908a95d8,L7_ranked_future_return,4,one_bar_lag,recent_oos_2026JanApr,0.025631482128077795,0.9606064277708782
a7ff24r_e582d2a2908a95d8,L7_ranked_future_return,4,wrong_lag_future_24h,validation_2025H1,-0.010533862249120628,2.3657221687752985
a7ff24r_e582d2a2908a95d8,L7_ranked_future_return,4,wrong_lag_future_24h,test_2025H2,-0.007147637337057729,4.360220885514248
a7ff24r_e582d2a2908a95d8,L7_ranked_future_return,4,wrong_lag_future_24h,recent_oos_2026JanApr,0.006123186297330851,0.22948232514464006
a7ff24r_e582d2a2908a95d8,L7_ranked_future_return,4,wrong_lag_stale_168h,validation_2025H1,-0.020340950237947446,4.568223484779728
a7ff24r_e582d2a2908a95d8,L7_ranked_future_return,4,wrong_lag_stale_168h,test_2025H2,0.0017124295210014478,1.0446208460704065
a7ff24r_e582d2a2908a95d8,L7_ranked_future_return,4,wrong_lag_stale_168h,recent_oos_2026JanApr,0.015215785355886611,0.5702511131978312
a7ff24r_e582d2a2908a95d8,L7_ranked_future_return,4,time_shuffle,validation_2025H1,0.0009261718340153157,0.20800207825085426
a7ff24r_e582d2a2908a95d8,L7_ranked_future_return,4,time_shuffle,test_2025H2,-0.009001199672284646,5.490935949183921
a7ff24r_e582d2a2908a95d8,L7_ranked_future_return,4,time_shuffle,recent_oos_2026JanApr,0.0020197814399251965,0.07569656035454428
a7ff24r_e582d2a2908a95d8,L7_ranked_future_return,4,symbol_shuffle,validation_2025H1,-0.006249595877301886,1.4035504891906123
a7ff24r_e582d2a2908a95d8,L7_ranked_future_return,4,symbol_shuffle,test_2025H2,0.00161301533726464,0.9839759392564837
a7ff24r_e582d2a2908a95d8,L7_ranked_future_return,4,symbol_shuffle,recent_oos_2026JanApr,0.00645375866439065,0.24187138400024247
a7ff24r_e582d2a2908a95d8,L7_ranked_future_return,4,sign_flip,validation_2025H1,-0.004982994516863232,1.1190938628814142
a7ff24r_e582d2a2908a95d8,L7_ranked_future_return,4,sign_flip,test_2025H2,0.000790544822056695,0.4822502711764132
a7ff24r_e582d2a2908a95d8,L7_ranked_future_return,4,sign_flip,recent_oos_2026JanApr,-0.03034783648872336,1.1373640687002093
a7ff24r_e582d2a2908a95d8,L7_ranked_future_return,4,same_family_placebo,validation_2025H1,-0.00753430193461618,1.6920731153908983
a7ff24r_e582d2a2908a95d8,L7_ranked_future_return,4,same_family_placebo,test_2025H2,-0.0007920804883095391,0.48318706241987974
a7ff24r_e582d2a2908a95d8,L7_ranked_future_return,4,same_family_placebo,recent_oos_2026JanApr,0.011742997361887025,0.4400993547996244
a7ff24r_e582d2a2908a95d8,L0_raw_forward_return,8,one_bar_lag,validation_2025H1,-0.00034710384501195155,1.1568322043399972
a7ff24r_e582d2a2908a95d8,L0_raw_forward_return,8,one_bar_lag,test_2025H2,-0.0004201217105634338,1.4268284977683512
a7ff24r_e582d2a2908a95d8,L0_raw_forward_return,8,one_bar_lag,recent_oos_2026JanApr,0.0004112317713415551,0.7345249649207963
a7ff24r_e582d2a2908a95d8,L0_raw_forward_return,8,wrong_lag_future_24h,validation_2025H1,-0.001307783808387202,4.358598867738361
a7ff24r_e582d2a2908a95d8,L0_raw_forward_return,8,wrong_lag_future_24h,test_2025H2,-0.0021504834065788907,7.303528790191942
a7ff24r_e582d2a2908a95d8,L0_raw_forward_return,8,wrong_lag_future_24h,recent_oos_2026JanApr,-0.004044753687223071,7.2245696156418795
a7ff24r_e582d2a2908a95d8,L0_raw_forward_return,8,wrong_lag_stale_168h,validation_2025H1,-0.0014050271334120653,4.682692684797604
a7ff24r_e582d2a2908a95d8,L0_raw_forward_return,8,wrong_lag_stale_168h,test_2025H2,0.0001573564305498971,0.5344180835467663
a7ff24r_e582d2a2908a95d8,L0_raw_forward_return,8,wrong_lag_stale_168h,recent_oos_2026JanApr,0.0012722998608043032,2.272528719211778
a7ff24r_e582d2a2908a95d8,L0_raw_forward_return,8,time_shuffle,validation_2025H1,-0.00010343705259751003,0.34473635278424997
a7ff24r_e582d2a2908a95d8,L0_raw_forward_return,8,time_shuffle,test_2025H2,-0.0008647338728404225,2.9368321172919103
a7ff24r_e582d2a2908a95d8,L0_raw_forward_return,8,time_shuffle,recent_oos_2026JanApr,-0.0003708029078850959,0.6623126224374651
a7ff24r_e582d2a2908a95d8,L0_raw_forward_return,8,symbol_shuffle,validation_2025H1,0.0002656530671585159,0.8853719936755114
a7ff24r_e582d2a2908a95d8,L0_raw_forward_return,8,symbol_shuffle,test_2025H2,-2.3202477484678535e-05,0.07880086951366734
a7ff24r_e582d2a2908a95d8,L0_raw_forward_return,8,symbol_shuffle,recent_oos_2026JanApr,-0.0006515577862277298,1.1637852263007622
a7ff24r_e582d2a2908a95d8,L0_raw_forward_return,8,sign_flip,validation_2025H1,0.00035927052321219516,1.1973814675191434
a7ff24r_e582d2a2908a95d8,L0_raw_forward_return,8,sign_flip,test_2025H2,0.00023753338248190756,0.8067171745110806
a7ff24r_e582d2a2908a95d8,L0_raw_forward_return,8,sign_flip,recent_oos_2026JanApr,-0.0011936404752499966,2.1320306194990963
a7ff24r_e582d2a2908a95d8,L0_raw_forward_return,8,same_family_placebo,validation_2025H1,-0.0001114453916930565,0.37142664936879005
a7ff24r_e582d2a2908a95d8,L0_raw_forward_return,8,same_family_placebo,test_2025H2,-4.707653184223911e-05,0.1598825662175914
a7ff24r_e582d2a2908a95d8,L0_raw_forward_return,8,same_family_placebo,recent_oos_2026JanApr,0.00034140577120016555,0.6098046882332862
a7ff24r_e582d2a2908a95d8,L1_cross_sectional_relative_return,8,one_bar_lag,validation_2025H1,-0.00034710384501195155,1.1568322043399972
a7ff24r_e582d2a2908a95d8,L1_cross_sectional_relative_return,8,one_bar_lag,test_2025H2,-0.00042012171056343396,1.4268284977683516
a7ff24r_e582d2a2908a95d8,L1_cross_sectional_relative_return,8,one_bar_lag,recent_oos_2026JanApr,0.00041123177134155483,0.7345249649207959
a7ff24r_e582d2a2908a95d8,L1_cross_sectional_relative_return,8,wrong_lag_future_24h,validation_2025H1,-0.001307783808387202,4.358598867738361
a7ff24r_e582d2a2908a95d8,L1_cross_sectional_relative_return,8,wrong_lag_future_24h,test_2025H2,-0.0021504834065788907,7.303528790191942
a7ff24r_e582d2a2908a95d8,L1_cross_sectional_relative_return,8,wrong_lag_future_24h,recent_oos_2026JanApr,-0.004044753687223072,7.224569615641881
a7ff24r_e582d2a2908a95d8,L1_cross_sectional_relative_return,8,wrong_lag_stale_168h,validation_2025H1,-0.0014050271334120658,4.682692684797606
a7ff24r_e582d2a2908a95d8,L1_cross_sectional_relative_return,8,wrong_lag_stale_168h,test_2025H2,0.0001573564305498971,0.5344180835467663
a7ff24r_e582d2a2908a95d8,L1_cross_sectional_relative_return,8,wrong_lag_stale_168h,recent_oos_2026JanApr,0.0012722998608043032,2.272528719211778
a7ff24r_e582d2a2908a95d8,L1_cross_sectional_relative_return,8,time_shuffle,validation_2025H1,-0.0007908930776641547,2.635898724774903
a7ff24r_e582d2a2908a95d8,L1_cross_sectional_relative_return,8,time_shuffle,test_2025H2,-9.262739077800163e-05,0.31458360163946547
a7ff24r_e582d2a2908a95d8,L1_cross_sectional_relative_return,8,time_shuffle,recent_oos_2026JanApr,-7.909535112841043e-05,0.14127680316008448
a7ff24r_e582d2a2908a95d8,L1_cross_sectional_relative_return,8,symbol_shuffle,validation_2025H1,-0.0003405020641549924,1.1348297033274755
a7ff24r_e582d2a2908a95d8,L1_cross_sectional_relative_return,8,symbol_shuffle,test_2025H2,-0.00019201600035177412,0.6521298339045061
a7ff24r_e582d2a2908a95d8,L1_cross_sectional_relative_return,8,symbol_shuffle,recent_oos_2026JanApr,-0.0009066235985235238,1.6193730964156277
a7ff24r_e582d2a2908a95d8,L1_cross_sectional_relative_return,8,sign_flip,validation_2025H1,0.0003592705232121951,1.1973814675191432
a7ff24r_e582d2a2908a95d8,L1_cross_sectional_relative_return,8,sign_flip,test_2025H2,0.00023753338248190748,0.8067171745110804
a7ff24r_e582d2a2908a95d8,L1_cross_sectional_relative_return,8,sign_flip,recent_oos_2026JanApr,-0.0011936404752499975,2.132030619499098
a7ff24r_e582d2a2908a95d8,L1_cross_sectional_relative_return,8,same_family_placebo,validation_2025H1,0.0004041516483642533,1.3469618645358545
a7ff24r_e582d2a2908a95d8,L1_cross_sectional_relative_return,8,same_family_placebo,test_2025H2,-3.8889722379763e-05,0.13207830675384066
a7ff24r_e582d2a2908a95d8,L1_cross_sectional_relative_return,8,same_family_placebo,recent_oos_2026JanApr,0.0006563831339940337,1.1724040603641235
a7ff24r_e582d2a2908a95d8,L3_liquidity_tier_relative_return,8,one_bar_lag,validation_2025H1,-0.0003731733560262165,1.1423601683556763
a7ff24r_e582d2a2908a95d8,L3_liquidity_tier_relative_return,8,one_bar_lag,test_2025H2,-0.000356035230329716,1.5695992396897778
a7ff24r_e582d2a2908a95d8,L3_liquidity_tier_relative_return,8,one_bar_lag,recent_oos_2026JanApr,0.00026415873405687097,0.7080747660444054
a7ff24r_e582d2a2908a95d8,L3_liquidity_tier_relative_return,8,wrong_lag_future_24h,validation_2025H1,-0.001371689956892534,4.199024246461641
a7ff24r_e582d2a2908a95d8,L3_liquidity_tier_relative_return,8,wrong_lag_future_24h,test_2025H2,-0.002065552279632492,9.106091227680539
a7ff24r_e582d2a2908a95d8,L3_liquidity_tier_relative_return,8,wrong_lag_future_24h,recent_oos_2026JanApr,-0.004416503031470248,11.838390889886087
a7ff24r_e582d2a2908a95d8,L3_liquidity_tier_relative_return,8,wrong_lag_stale_168h,validation_2025H1,-0.0013734505700578434,4.204413844404402
a7ff24r_e582d2a2908a95d8,L3_liquidity_tier_relative_return,8,wrong_lag_stale_168h,test_2025H2,4.067827952512163e-05,0.17933224348441712
a7ff24r_e582d2a2908a95d8,L3_liquidity_tier_relative_return,8,wrong_lag_stale_168h,recent_oos_2026JanApr,0.001084379547892069,2.9066682100002414
a7ff24r_e582d2a2908a95d8,L3_liquidity_tier_relative_return,8,time_shuffle,validation_2025H1,-0.0005132067854315454,1.571031212007721
a7ff24r_e582d2a2908a95d8,L3_liquidity_tier_relative_return,8,time_shuffle,test_2025H2,-0.0007921304191435846,3.4921468374674567
a7ff24r_e582d2a2908a95d8,L3_liquidity_tier_relative_return,8,time_shuffle,recent_oos_2026JanApr,-0.0015734282670935734,4.217558265062247
a7ff24r_e582d2a2908a95d8,L3_liquidity_tier_relative_return,8,symbol_shuffle,validation_2025H1,-0.00036313779278066753,1.1116392512976965
a7ff24r_e582d2a2908a95d8,L3_liquidity_tier_relative_return,8,symbol_shuffle,test_2025H2,0.0004086389976951601,1.8015055967802145
a7ff24r_e582d2a2908a95d8,L3_liquidity_tier_relative_return,8,symbol_shuffle,recent_oos_2026JanApr,0.0006663816050200005,1.7862290291308243
a7ff24r_e582d2a2908a95d8,L3_liquidity_tier_relative_return,8,sign_flip,validation_2025H1,0.00038534332580317135,1.1796149415027413
a7ff24r_e582d2a2908a95d8,L3_liquidity_tier_relative_return,8,sign_flip,test_2025H2,0.00011250522873344598,0.4959849656383925
a7ff24r_e582d2a2908a95d8,L3_liquidity_tier_relative_return,8,sign_flip,recent_oos_2026JanApr,-0.0009252720278445005,2.48018214117568
a7ff24r_e582d2a2908a95d8,L3_liquidity_tier_relative_return,8,same_family_placebo,validation_2025H1,6.999036718338333e-05,0.21425486666649474
a7ff24r_e582d2a2908a95d8,L3_liquidity_tier_relative_return,8,same_family_placebo,test_2025H2,-0.0003666412560730806,1.6163564382049322
a7ff24r_e582d2a2908a95d8,L3_liquidity_tier_relative_return,8,same_family_placebo,recent_oos_2026JanApr,0.0001220316748142954,0.3271046475243041
a7ff24r_e582d2a2908a95d8,L5_vol_adjusted_return,8,one_bar_lag,validation_2025H1,-0.01845621198819015,1.8177670875613348
a7ff24r_e582d2a2908a95d8,L5_vol_adjusted_return,8,one_bar_lag,test_2025H2,-0.03989804247233085,1.2645537121218515
a7ff24r_e582d2a2908a95d8,L5_vol_adjusted_return,8,one_bar_lag,recent_oos_2026JanApr,-0.04045287923173256,1.2391573878293864
a7ff24r_e582d2a2908a95d8,L5_vol_adjusted_return,8,wrong_lag_future_24h,validation_2025H1,-0.112074591589172,11.038316208820971
a7ff24r_e582d2a2908a95d8,L5_vol_adjusted_return,8,wrong_lag_future_24h,test_2025H2,-0.29268526683372625,9.276551372530054
a7ff24r_e582d2a2908a95d8,L5_vol_adjusted_return,8,wrong_lag_future_24h,recent_oos_2026JanApr,-0.44839759829599407,13.73536833881471
a7ff24r_e582d2a2908a95d8,L5_vol_adjusted_return,8,wrong_lag_stale_168h,validation_2025H1,-0.09905607483892741,9.756112076542733
a7ff24r_e582d2a2908a95d8,L5_vol_adjusted_return,8,wrong_lag_stale_168h,test_2025H2,-0.0009910441036420708,0.031410776631614526
a7ff24r_e582d2a2908a95d8,L5_vol_adjusted_return,8,wrong_lag_stale_168h,recent_oos_2026JanApr,0.09529288147780969,2.9190228318322
a7ff24r_e582d2a2908a95d8,L5_vol_adjusted_return,8,time_shuffle,validation_2025H1,-0.06960907291779858,6.855853293546796
a7ff24r_e582d2a2908a95d8,L5_vol_adjusted_return,8,time_shuffle,test_2025H2,-0.037484609031854015,1.1880608310931524
a7ff24r_e582d2a2908a95d8,L5_vol_adjusted_return,8,time_shuffle,recent_oos_2026JanApr,-0.06990649545287055,2.141384048375334
a7ff24r_e582d2a2908a95d8,L5_vol_adjusted_return,8,symbol_shuffle,validation_2025H1,-0.05817410343207406,5.729613998521419
a7ff24r_e582d2a2908a95d8,L5_vol_adjusted_return,8,symbol_shuffle,test_2025H2,-0.0342218861693112,1.0846500356809552
a7ff24r_e582d2a2908a95d8,L5_vol_adjusted_return,8,symbol_shuffle,recent_oos_2026JanApr,-0.00015926873784842424,0.004878738841420262
a7ff24r_e582d2a2908a95d8,L5_vol_adjusted_return,8,sign_flip,validation_2025H1,0.014623528352315123,1.4402830093124197
a7ff24r_e582d2a2908a95d8,L5_vol_adjusted_return,8,sign_flip,test_2025H2,0.03557423441525744,1.127512213585517
a7ff24r_e582d2a2908a95d8,L5_vol_adjusted_return,8,sign_flip,recent_oos_2026JanApr,-0.03167426364694537,0.9702497955047811
a7ff24r_e582d2a2908a95d8,L5_vol_adjusted_return,8,same_family_placebo,validation_2025H1,-0.008147981692124134,0.8025012369533349
a7ff24r_e582d2a2908a95d8,L5_vol_adjusted_return,8,same_family_placebo,test_2025H2,0.04562994003516416,1.4462240871937544
a7ff24r_e582d2a2908a95d8,L5_vol_adjusted_return,8,same_family_placebo,recent_oos_2026JanApr,0.009229754802625133,0.28272694227794404
a7ff24r_e582d2a2908a95d8,L7_ranked_future_return,8,one_bar_lag,validation_2025H1,0.009305506788389513,0.8660418463214271
a7ff24r_e582d2a2908a95d8,L7_ranked_future_return,8,one_bar_lag,test_2025H2,-0.010865974823137742,1.198780487804878
a7ff24r_e582d2a2908a95d8,L7_ranked_future_return,8,one_bar_lag,recent_oos_2026JanApr,0.02486897888056596,0.9457269937038492
a7ff24r_e582d2a2908a95d8,L7_ranked_future_return,8,wrong_lag_future_24h,validation_2025H1,-0.005219793617353306,0.48579403621839956
a7ff24r_e582d2a2908a95d8,L7_ranked_future_return,8,wrong_lag_future_24h,test_2025H2,-0.02359461155326675,2.60305774748924
a7ff24r_e582d2a2908a95d8,L7_ranked_future_return,8,wrong_lag_future_24h,recent_oos_2026JanApr,0.002975284800249688,0.11314526274143746
a7ff24r_e582d2a2908a95d8,L7_ranked_future_return,8,wrong_lag_stale_168h,validation_2025H1,-0.024437389461090305,2.2743309278506487
a7ff24r_e582d2a2908a95d8,L7_ranked_future_return,8,wrong_lag_stale_168h,test_2025H2,0.0034999382282563485,0.3861280487804881
a7ff24r_e582d2a2908a95d8,L7_ranked_future_return,8,wrong_lag_stale_168h,recent_oos_2026JanApr,0.02237283148668331,0.8508025506056606
a7ff24r_e582d2a2908a95d8,L7_ranked_future_return,8,time_shuffle,validation_2025H1,0.002988148800208658,0.27810005009557787
a7ff24r_e582d2a2908a95d8,L7_ranked_future_return,8,time_shuffle,test_2025H2,-0.007866452489160528,0.8678604456334118
a7ff24r_e582d2a2908a95d8,L7_ranked_future_return,8,time_shuffle,recent_oos_2026JanApr,0.0029909240924092407,0.11373999969580706
a7ff24r_e582d2a2908a95d8,L7_ranked_future_return,8,symbol_shuffle,validation_2025H1,-0.005142172544735747,0.47857002375225055
a7ff24r_e582d2a2908a95d8,L7_ranked_future_return,8,symbol_shuffle,test_2025H2,0.008839536516853935,0.9752152080344336
a7ff24r_e582d2a2908a95d8,L7_ranked_future_return,8,symbol_shuffle,recent_oos_2026JanApr,0.001344348210570119,0.05112338539428982
a7ff24r_e582d2a2908a95d8,L7_ranked_future_return,8,sign_flip,validation_2025H1,-0.009694343658967954,0.9022299883508071
a7ff24r_e582d2a2908a95d8,L7_ranked_future_return,8,sign_flip,test_2025H2,0.009074187864128173,1.0011029411764707
a7ff24r_e582d2a2908a95d8,L7_ranked_future_return,8,sign_flip,recent_oos_2026JanApr,-0.030732336532459423,1.1687009900133216
a7ff24r_e582d2a2908a95d8,L7_ranked_future_return,8,same_family_placebo,validation_2025H1,-0.012428068430087393,1.1566513865565293
a7ff24r_e582d2a2908a95d8,L7_ranked_future_return,8,same_family_placebo,test_2025H2,-0.0007631248699542224,0.08419117647058807
a7ff24r_e582d2a2908a95d8,L7_ranked_future_return,8,same_family_placebo,recent_oos_2026JanApr,-0.0021564840823970017,0.08200759741724897
a7ff24r_e582d2a2908a95d8,L0_raw_forward_return,24,one_bar_lag,validation_2025H1,0.00024563639459448695,0.6539718717108197
a7ff24r_e582d2a2908a95d8,L0_raw_forward_return,24,one_bar_lag,test_2025H2,-0.0008154020683580603,1.1001300566038001
a7ff24r_e582d2a2908a95d8,L0_raw_forward_return,24,one_bar_lag,recent_oos_2026JanApr,-0.0006198627523519972,1.9621209935675903
a7ff24r_e582d2a2908a95d8,L0_raw_forward_return,24,wrong_lag_future_24h,validation_2025H1,-0.002181176290111711,5.807070826497273
a7ff24r_e582d2a2908a95d8,L0_raw_forward_return,24,wrong_lag_future_24h,test_2025H2,-0.00545401491863239,7.35848727148217
a7ff24r_e582d2a2908a95d8,L0_raw_forward_return,24,wrong_lag_future_24h,recent_oos_2026JanApr,-0.008392657595300699,26.56621904942718
a7ff24r_e582d2a2908a95d8,L0_raw_forward_return,24,wrong_lag_stale_168h,validation_2025H1,-0.002260040672635206,6.017035998536829
a7ff24r_e582d2a2908a95d8,L0_raw_forward_return,24,wrong_lag_stale_168h,test_2025H2,-0.0012721499545885373,1.7163684712845808
a7ff24r_e582d2a2908a95d8,L0_raw_forward_return,24,wrong_lag_stale_168h,recent_oos_2026JanApr,0.002586594883993937,8.187638480424459
a7ff24r_e582d2a2908a95d8,L0_raw_forward_return,24,time_shuffle,validation_2025H1,-0.001137184113245768,3.0275905337516096
a7ff24r_e582d2a2908a95d8,L0_raw_forward_return,24,time_shuffle,test_2025H2,-0.001938127845795747,2.6148973364688417
a7ff24r_e582d2a2908a95d8,L0_raw_forward_return,24,time_shuffle,recent_oos_2026JanApr,-0.0005773835810337675,1.8276569150008535
a7ff24r_e582d2a2908a95d8,L0_raw_forward_return,24,symbol_shuffle,validation_2025H1,0.0005178438267018492,1.3786853416456326
a7ff24r_e582d2a2908a95d8,L0_raw_forward_return,24,symbol_shuffle,test_2025H2,0.00039107478644688514,0.5276331072062063
a7ff24r_e582d2a2908a95d8,L0_raw_forward_return,24,symbol_shuffle,recent_oos_2026JanApr,0.005221441981868415,16.528015097608844
a7ff24r_e582d2a2908a95d8,L0_raw_forward_return,24,sign_flip,validation_2025H1,-0.0004639627952920341,1.2352347792037057
a7ff24r_e582d2a2908a95d8,L0_raw_forward_return,24,sign_flip,test_2025H2,0.00099971247481352,1.3487993030466183
a7ff24r_e582d2a2908a95d8,L0_raw_forward_return,24,sign_flip,recent_oos_2026JanApr,0.00033168503639249516,1.0499197938390983
a7ff24r_e582d2a2908a95d8,L0_raw_forward_return,24,same_family_placebo,validation_2025H1,-0.0004641318999953126,1.2356849963610643
a7ff24r_e582d2a2908a95d8,L0_raw_forward_return,24,same_family_placebo,test_2025H2,0.0004630590646153463,0.6247533759535232
a7ff24r_e582d2a2908a95d8,L0_raw_forward_return,24,same_family_placebo,recent_oos_2026JanApr,0.00022332658529341316,0.7069206526175248
a7ff24r_e582d2a2908a95d8,L1_cross_sectional_relative_return,24,one_bar_lag,validation_2025H1,0.00024563639459448727,0.6539718717108205
a7ff24r_e582d2a2908a95d8,L1_cross_sectional_relative_return,24,one_bar_lag,test_2025H2,-0.0008154020683580604,1.1001300566038008
a7ff24r_e582d2a2908a95d8,L1_cross_sectional_relative_return,24,one_bar_lag,recent_oos_2026JanApr,-0.0006198627523519975,1.9621209935675892
a7ff24r_e582d2a2908a95d8,L1_cross_sectional_relative_return,24,wrong_lag_future_24h,validation_2025H1,-0.00218117629011171,5.80707082649727
a7ff24r_e582d2a2908a95d8,L1_cross_sectional_relative_return,24,wrong_lag_future_24h,test_2025H2,-0.005454014918632389,7.358487271482172
a7ff24r_e582d2a2908a95d8,L1_cross_sectional_relative_return,24,wrong_lag_future_24h,recent_oos_2026JanApr,-0.0083926575953007,26.566219049427158
a7ff24r_e582d2a2908a95d8,L1_cross_sectional_relative_return,24,wrong_lag_stale_168h,validation_2025H1,-0.002260040672635206,6.017035998536829
a7ff24r_e582d2a2908a95d8,L1_cross_sectional_relative_return,24,wrong_lag_stale_168h,test_2025H2,-0.0012721499545885373,1.7163684712845817
a7ff24r_e582d2a2908a95d8,L1_cross_sectional_relative_return,24,wrong_lag_stale_168h,recent_oos_2026JanApr,0.0025865948839939377,8.187638480424454
a7ff24r_e582d2a2908a95d8,L1_cross_sectional_relative_return,24,time_shuffle,validation_2025H1,-0.0004918468870908634,1.3094721972163783
a7ff24r_e582d2a2908a95d8,L1_cross_sectional_relative_return,24,time_shuffle,test_2025H2,-0.002179259593037612,2.940229210198746
a7ff24r_e582d2a2908a95d8,L1_cross_sectional_relative_return,24,time_shuffle,recent_oos_2026JanApr,-0.00102582240980014,3.247150564062221
a7ff24r_e582d2a2908a95d8,L1_cross_sectional_relative_return,24,symbol_shuffle,validation_2025H1,-0.0036699391052026457,9.770689517146867
a7ff24r_e582d2a2908a95d8,L1_cross_sectional_relative_return,24,symbol_shuffle,test_2025H2,-0.00045283422233180525,0.6109581493326149
a7ff24r_e582d2a2908a95d8,L1_cross_sectional_relative_return,24,symbol_shuffle,recent_oos_2026JanApr,-0.005969744138965332,18.896699724004964
a7ff24r_e582d2a2908a95d8,L1_cross_sectional_relative_return,24,sign_flip,validation_2025H1,-0.00046396279529203416,1.235234779203706
a7ff24r_e582d2a2908a95d8,L1_cross_sectional_relative_return,24,sign_flip,test_2025H2,0.0009997124748135195,1.3487993030466183
a7ff24r_e582d2a2908a95d8,L1_cross_sectional_relative_return,24,sign_flip,recent_oos_2026JanApr,0.0003316850363924955,1.0499197938390983
a7ff24r_e582d2a2908a95d8,L1_cross_sectional_relative_return,24,same_family_placebo,validation_2025H1,0.0005993942864653788,1.5958018112896237
a7ff24r_e582d2a2908a95d8,L1_cross_sectional_relative_return,24,same_family_placebo,test_2025H2,0.0014088855215794057,1.900850351930684
a7ff24r_e582d2a2908a95d8,L1_cross_sectional_relative_return,24,same_family_placebo,recent_oos_2026JanApr,0.0007923973756714488,2.5082641603377236
a7ff24r_e582d2a2908a95d8,L3_liquidity_tier_relative_return,24,one_bar_lag,validation_2025H1,3.7714079462955366e-05,0.21359312259077157
a7ff24r_e582d2a2908a95d8,L3_liquidity_tier_relative_return,24,one_bar_lag,test_2025H2,-0.00040193582365189665,1.2880292649913174
a7ff24r_e582d2a2908a95d8,L3_liquidity_tier_relative_return,24,one_bar_lag,recent_oos_2026JanApr,-0.0010317858336070743,1.3704613740942109
a7ff24r_e582d2a2908a95d8,L3_liquidity_tier_relative_return,24,wrong_lag_future_24h,validation_2025H1,-0.0023336063385535344,13.216344448731972
a7ff24r_e582d2a2908a95d8,L3_liquidity_tier_relative_return,24,wrong_lag_future_24h,test_2025H2,-0.0049673171520967785,15.918088122284708
a7ff24r_e582d2a2908a95d8,L3_liquidity_tier_relative_return,24,wrong_lag_future_24h,recent_oos_2026JanApr,-0.009554588133163684,12.690806129895254
a7ff24r_e582d2a2908a95d8,L3_liquidity_tier_relative_return,24,wrong_lag_stale_168h,validation_2025H1,-0.002283987758922434,12.935330368238885
a7ff24r_e582d2a2908a95d8,L3_liquidity_tier_relative_return,24,wrong_lag_stale_168h,test_2025H2,-0.0009430811580777526,3.022164383929295
a7ff24r_e582d2a2908a95d8,L3_liquidity_tier_relative_return,24,wrong_lag_stale_168h,recent_oos_2026JanApr,0.0015928654954384177,2.115710997886318
a7ff24r_e582d2a2908a95d8,L3_liquidity_tier_relative_return,24,time_shuffle,validation_2025H1,-0.0010331746003190065,5.851368831111754
a7ff24r_e582d2a2908a95d8,L3_liquidity_tier_relative_return,24,time_shuffle,test_2025H2,-0.001942426857266832,6.224632117966194
a7ff24r_e582d2a2908a95d8,L3_liquidity_tier_relative_return,24,time_shuffle,recent_oos_2026JanApr,-0.00039406686796858887,0.5234162010862594
a7ff24r_e582d2a2908a95d8,L3_liquidity_tier_relative_return,24,symbol_shuffle,validation_2025H1,-0.0005563681041361908,3.150982401388944
a7ff24r_e582d2a2908a95d8,L3_liquidity_tier_relative_return,24,symbol_shuffle,test_2025H2,0.00013812435220510497,0.4426283933382948
a7ff24r_e582d2a2908a95d8,L3_liquidity_tier_relative_return,24,symbol_shuffle,recent_oos_2026JanApr,-0.004555353843608734,6.050612718893765
a7ff24r_e582d2a2908a95d8,L3_liquidity_tier_relative_return,24,sign_flip,validation_2025H1,-0.0002511280844323509,1.4222601343572991
a7ff24r_e582d2a2908a95d8,L3_liquidity_tier_relative_return,24,sign_flip,test_2025H2,0.0005161311700377812,1.6539756161636054
a7ff24r_e582d2a2908a95d8,L3_liquidity_tier_relative_return,24,sign_flip,recent_oos_2026JanApr,0.0008198035596587371,1.0888975950847315
a7ff24r_e582d2a2908a95d8,L3_liquidity_tier_relative_return,24,same_family_placebo,validation_2025H1,0.0003415794432642519,1.9345300465650452
a7ff24r_e582d2a2908a95d8,L3_liquidity_tier_relative_return,24,same_family_placebo,test_2025H2,0.0003293462381949994,1.055411257587611
a7ff24r_e582d2a2908a95d8,L3_liquidity_tier_relative_return,24,same_family_placebo,recent_oos_2026JanApr,0.0011447479419607954,1.520502401207183
a7ff24r_e582d2a2908a95d8,L5_vol_adjusted_return,24,one_bar_lag,validation_2025H1,0.0351595331833863,0.6495594863940709
a7ff24r_e582d2a2908a95d8,L5_vol_adjusted_return,24,one_bar_lag,test_2025H2,-0.08940091843186454,1.126028792280263
a7ff24r_e582d2a2908a95d8,L5_vol_adjusted_return,24,one_bar_lag,recent_oos_2026JanApr,-0.3021572574948344,1.0676137911907506
a7ff24r_e582d2a2908a95d8,L5_vol_adjusted_return,24,wrong_lag_future_24h,validation_2025H1,-0.13410224743416316,2.4774898606670326
a7ff24r_e582d2a2908a95d8,L5_vol_adjusted_return,24,wrong_lag_future_24h,test_2025H2,-0.6624709293961,8.344000863002277
a7ff24r_e582d2a2908a95d8,L5_vol_adjusted_return,24,wrong_lag_future_24h,recent_oos_2026JanApr,-1.036328389321185,3.6616644253885218
a7ff24r_e582d2a2908a95d8,L5_vol_adjusted_return,24,wrong_lag_stale_168h,validation_2025H1,-0.18834953919533506,3.479688689384883
a7ff24r_e582d2a2908a95d8,L5_vol_adjusted_return,24,wrong_lag_stale_168h,test_2025H2,-0.05291271155342173,0.6664499395739684
a7ff24r_e582d2a2908a95d8,L5_vol_adjusted_return,24,wrong_lag_stale_168h,recent_oos_2026JanApr,0.3419743807066812,1.2082998373210034
a7ff24r_e582d2a2908a95d8,L5_vol_adjusted_return,24,time_shuffle,validation_2025H1,-0.10639733189600402,1.9656517024726772
a7ff24r_e582d2a2908a95d8,L5_vol_adjusted_return,24,time_shuffle,test_2025H2,-0.08345437299348873,1.0511304411708475
a7ff24r_e582d2a2908a95d8,L5_vol_adjusted_return,24,time_shuffle,recent_oos_2026JanApr,-0.20179972056011503,0.713019990036485
a7ff24r_e582d2a2908a95d8,L5_vol_adjusted_return,24,symbol_shuffle,validation_2025H1,-0.21684168348511193,4.006070610174388
a7ff24r_e582d2a2908a95d8,L5_vol_adjusted_return,24,symbol_shuffle,test_2025H2,0.26133079024909034,3.2915321150095345
a7ff24r_e582d2a2908a95d8,L5_vol_adjusted_return,24,symbol_shuffle,recent_oos_2026JanApr,-0.583891357094428,2.0630663336019706
a7ff24r_e582d2a2908a95d8,L5_vol_adjusted_return,24,sign_flip,validation_2025H1,-0.05828087234818659,1.076717751388541
a7ff24r_e582d2a2908a95d8,L5_vol_adjusted_return,24,sign_flip,test_2025H2,0.11608493015486883,1.4621211503978893
a7ff24r_e582d2a2908a95d8,L5_vol_adjusted_return,24,sign_flip,recent_oos_2026JanApr,0.2765560744772385,0.977156999627996
a7ff24r_e582d2a2908a95d8,L5_vol_adjusted_return,24,same_family_placebo,validation_2025H1,0.0516305052542375,0.9538546572926613
a7ff24r_e582d2a2908a95d8,L5_vol_adjusted_return,24,same_family_placebo,test_2025H2,0.06758847114282887,0.8512951082379807
a7ff24r_e582d2a2908a95d8,L5_vol_adjusted_return,24,same_family_placebo,recent_oos_2026JanApr,-0.06316993278879268,0.22319864825706134
a7ff24r_e582d2a2908a95d8,L7_ranked_future_return,24,one_bar_lag,validation_2025H1,0.015441743827160494,0.862431503668617
a7ff24r_e582d2a2908a95d8,L7_ranked_future_return,24,one_bar_lag,test_2025H2,-0.022330895460834395,1.0417925732262208
a7ff24r_e582d2a2908a95d8,L7_ranked_future_return,24,one_bar_lag,recent_oos_2026JanApr,0.027201152751170708,0.93549115823668
a7ff24r_e582d2a2908a95d8,L7_ranked_future_return,24,wrong_lag_future_24h,validation_2025H1,0.002621211818859089,0.14639639639639637
a7ff24r_e582d2a2908a95d8,L7_ranked_future_return,24,wrong_lag_future_24h,test_2025H2,-0.04559719561515539,2.1272241337176157
a7ff24r_e582d2a2908a95d8,L7_ranked_future_return,24,wrong_lag_future_24h,recent_oos_2026JanApr,0.007668239809493401,0.2637230343376112
a7ff24r_e582d2a2908a95d8,L7_ranked_future_return,24,wrong_lag_stale_168h,validation_2025H1,-0.03110998031077054,1.737512770502461
a7ff24r_e582d2a2908a95d8,L7_ranked_future_return,24,wrong_lag_stale_168h,test_2025H2,-0.017316627421243083,0.807864327358348
a7ff24r_e582d2a2908a95d8,L7_ranked_future_return,24,wrong_lag_stale_168h,recent_oos_2026JanApr,0.040380963308854836,1.3887659277560453
a7ff24r_e582d2a2908a95d8,L7_ranked_future_return,24,time_shuffle,validation_2025H1,-0.00328454364116664,0.18344391300768198
a7ff24r_e582d2a2908a95d8,L7_ranked_future_return,24,time_shuffle,test_2025H2,-0.02083626030293299,0.9720640748811614
a7ff24r_e582d2a2908a95d8,L7_ranked_future_return,24,time_shuffle,recent_oos_2026JanApr,-0.0055561392624613095,0.19108451768613077
a7ff24r_e582d2a2908a95d8,L7_ranked_future_return,24,symbol_shuffle,validation_2025H1,-0.0034011314655172428,0.1899554193368627
a7ff24r_e582d2a2908a95d8,L7_ranked_future_return,24,symbol_shuffle,test_2025H2,-0.017509196067475523,0.8168481402033385
a7ff24r_e582d2a2908a95d8,L7_ranked_future_return,24,symbol_shuffle,recent_oos_2026JanApr,-0.004019496328224775,0.13823690892869392
a7ff24r_e582d2a2908a95d8,L7_ranked_future_return,24,sign_flip,validation_2025H1,-0.02294817941145168,1.2816708461038355
a7ff24r_e582d2a2908a95d8,L7_ranked_future_return,24,sign_flip,test_2025H2,0.02331519063963389,1.0877124248924546
a7ff24r_e582d2a2908a95d8,L7_ranked_future_return,24,sign_flip,recent_oos_2026JanApr,-0.03248648028416347,1.1172620273145286
a7ff24r_e582d2a2908a95d8,L7_ranked_future_return,24,same_family_placebo,validation_2025H1,0.0007583014048531292,0.042351629980495964
a7ff24r_e582d2a2908a95d8,L7_ranked_future_return,24,same_family_placebo,test_2025H2,-0.004320655065985527,0.20156945193311024
a7ff24r_e582d2a2908a95d8,L7_ranked_future_return,24,same_family_placebo,recent_oos_2026JanApr,0.005383191650702429,0.18513657264429356
a7ff24r_1313bae0f47d683a,L0_raw_forward_return,1,one_bar_lag,validation_2025H1,0.00010761129253925402,0.8899364412908947
a7ff24r_1313bae0f47d683a,L0_raw_forward_return,1,one_bar_lag,test_2025H2,-0.00023954966292159049,0.9524252679972892
a7ff24r_1313bae0f47d683a,L0_raw_forward_return,1,one_bar_lag,recent_oos_2026JanApr,-0.0002460539250775783,0.9528273425539378
a7ff24r_1313bae0f47d683a,L0_raw_forward_return,1,wrong_lag_future_24h,validation_2025H1,0.00012170317601067948,1.00647514584248
a7ff24r_1313bae0f47d683a,L0_raw_forward_return,1,wrong_lag_future_24h,test_2025H2,-0.00018782189718746887,0.7467608953517396
a7ff24r_1313bae0f47d683a,L0_raw_forward_return,1,wrong_lag_future_24h,recent_oos_2026JanApr,0.00029367625251067,1.1372416154821168
a7ff24r_1313bae0f47d683a,L0_raw_forward_return,1,wrong_lag_stale_168h,validation_2025H1,0.0001519119164172594,1.2562989171117043
a7ff24r_1313bae0f47d683a,L0_raw_forward_return,1,wrong_lag_stale_168h,test_2025H2,-0.00010481396538898074,0.41672974137364643
a7ff24r_1313bae0f47d683a,L0_raw_forward_return,1,wrong_lag_stale_168h,recent_oos_2026JanApr,0.00018885881581904478,0.7313431132545747
a7ff24r_1313bae0f47d683a,L0_raw_forward_return,1,time_shuffle,validation_2025H1,6.026117763538272e-05,0.49835492825502964
a7ff24r_1313bae0f47d683a,L0_raw_forward_return,1,time_shuffle,test_2025H2,-9.28644773860751e-05,0.36921978383585174
a7ff24r_1313bae0f47d683a,L0_raw_forward_return,1,time_shuffle,recent_oos_2026JanApr,7.850213031680624e-05,0.30399424106322237
a7ff24r_1313bae0f47d683a,L0_raw_forward_return,1,symbol_shuffle,validation_2025H1,-1.7007977418953955e-05,0.140654559020918
a7ff24r_1313bae0f47d683a,L0_raw_forward_return,1,symbol_shuffle,test_2025H2,-0.00014788994566324384,0.5879954887622781
a7ff24r_1313bae0f47d683a,L0_raw_forward_return,1,symbol_shuffle,recent_oos_2026JanApr,4.3375707253958744e-05,0.16796952075101534
a7ff24r_1313bae0f47d683a,L0_raw_forward_return,1,sign_flip,validation_2025H1,-9.33117173688039e-05,0.7716801436581905
a7ff24r_1313bae0f47d683a,L0_raw_forward_return,1,sign_flip,test_2025H2,0.00025134740497122004,0.9993318989494657
a7ff24r_1313bae0f47d683a,L0_raw_forward_return,1,sign_flip,recent_oos_2026JanApr,0.00030832558767569714,1.1939701845999384
a7ff24r_1313bae0f47d683a,L0_raw_forward_return,1,same_family_placebo,validation_2025H1,-7.663019336614538e-06,0.06337253272450405
a7ff24r_1313bae0f47d683a,L0_raw_forward_return,1,same_family_placebo,test_2025H2,-9.032180469739382e-05,0.35911037400654494
a7ff24r_1313bae0f47d683a,L0_raw_forward_return,1,same_family_placebo,recent_oos_2026JanApr,-0.0003917729967166332,1.517114686255084
a7ff24r_1313bae0f47d683a,L1_cross_sectional_relative_return,1,one_bar_lag,validation_2025H1,0.00010761129253925405,0.8899364412908949
a7ff24r_1313bae0f47d683a,L1_cross_sectional_relative_return,1,one_bar_lag,test_2025H2,-0.0002395496629215905,0.952425267997289
a7ff24r_1313bae0f47d683a,L1_cross_sectional_relative_return,1,one_bar_lag,recent_oos_2026JanApr,-0.0002460539250775783,0.9528273425539383
a7ff24r_1313bae0f47d683a,L1_cross_sectional_relative_return,1,wrong_lag_future_24h,validation_2025H1,0.00012170317601067955,1.0064751458424805
a7ff24r_1313bae0f47d683a,L1_cross_sectional_relative_return,1,wrong_lag_future_24h,test_2025H2,-0.0001878218971874689,0.7467608953517395
a7ff24r_1313bae0f47d683a,L1_cross_sectional_relative_return,1,wrong_lag_future_24h,recent_oos_2026JanApr,0.0002936762525106701,1.1372416154821177
a7ff24r_1313bae0f47d683a,L1_cross_sectional_relative_return,1,wrong_lag_stale_168h,validation_2025H1,0.00015191191641725934,1.2562989171117038
a7ff24r_1313bae0f47d683a,L1_cross_sectional_relative_return,1,wrong_lag_stale_168h,test_2025H2,-0.0001048139653889807,0.4167297413736461
a7ff24r_1313bae0f47d683a,L1_cross_sectional_relative_return,1,wrong_lag_stale_168h,recent_oos_2026JanApr,0.0001888588158190448,0.7313431132545752
a7ff24r_1313bae0f47d683a,L1_cross_sectional_relative_return,1,time_shuffle,validation_2025H1,3.219142447734404e-05,0.26622040367187233
a7ff24r_1313bae0f47d683a,L1_cross_sectional_relative_return,1,time_shuffle,test_2025H2,-9.190901799306341e-05,0.3654209737797191
a7ff24r_1313bae0f47d683a,L1_cross_sectional_relative_return,1,time_shuffle,recent_oos_2026JanApr,-0.00019090828839088842,0.7392795585018975
a7ff24r_1313bae0f47d683a,L1_cross_sectional_relative_return,1,symbol_shuffle,validation_2025H1,6.23564496331699e-05,0.5156826534523364
a7ff24r_1313bae0f47d683a,L1_cross_sectional_relative_return,1,symbol_shuffle,test_2025H2,0.0001094945744723027,0.43533937040089576
a7ff24r_1313bae0f47d683a,L1_cross_sectional_relative_return,1,symbol_shuffle,recent_oos_2026JanApr,-0.00014254341543274392,0.5519898277685308
a7ff24r_1313bae0f47d683a,L1_cross_sectional_relative_return,1,sign_flip,validation_2025H1,-9.33117173688039e-05,0.7716801436581905
a7ff24r_1313bae0f47d683a,L1_cross_sectional_relative_return,1,sign_flip,test_2025H2,0.00025134740497122004,0.9993318989494653
a7ff24r_1313bae0f47d683a,L1_cross_sectional_relative_return,1,sign_flip,recent_oos_2026JanApr,0.00030832558767569714,1.1939701845999393
a7ff24r_1313bae0f47d683a,L1_cross_sectional_relative_return,1,same_family_placebo,validation_2025H1,0.0001585424009330707,1.3111324727246811
a7ff24r_1313bae0f47d683a,L1_cross_sectional_relative_return,1,same_family_placebo,test_2025H2,0.00019781152329476217,0.7864786399162382
a7ff24r_1313bae0f47d683a,L1_cross_sectional_relative_return,1,same_family_placebo,recent_oos_2026JanApr,-0.0001513169173608115,0.5859646262781533
a7ff24r_1313bae0f47d683a,L3_liquidity_tier_relative_return,1,one_bar_lag,validation_2025H1,0.0001069062355638114,0.8787833022615502
a7ff24r_1313bae0f47d683a,L3_liquidity_tier_relative_return,1,one_bar_lag,test_2025H2,-0.0001377301488498465,0.9054234309742089
a7ff24r_1313bae0f47d683a,L3_liquidity_tier_relative_return,1,one_bar_lag,recent_oos_2026JanApr,-0.0002601256021737451,0.9666063462905331
a7ff24r_1313bae0f47d683a,L3_liquidity_tier_relative_return,1,wrong_lag_future_24h,validation_2025H1,0.00010878257749825653,0.894207079486774
a7ff24r_1313bae0f47d683a,L3_liquidity_tier_relative_return,1,wrong_lag_future_24h,test_2025H2,-9.174328590376593e-05,0.6031106579460296
a7ff24r_1313bae0f47d683a,L3_liquidity_tier_relative_return,1,wrong_lag_future_24h,recent_oos_2026JanApr,0.00025294193369040783,0.9399123973381222
a7ff24r_1313bae0f47d683a,L3_liquidity_tier_relative_return,1,wrong_lag_stale_168h,validation_2025H1,0.00015969596998166924,1.3127218549809105
a7ff24r_1313bae0f47d683a,L3_liquidity_tier_relative_return,1,wrong_lag_stale_168h,test_2025H2,-2.7158706424114555e-05,0.17853846348595223
a7ff24r_1313bae0f47d683a,L3_liquidity_tier_relative_return,1,wrong_lag_stale_168h,recent_oos_2026JanApr,0.00014610043182242333,0.5428977517599975
a7ff24r_1313bae0f47d683a,L3_liquidity_tier_relative_return,1,time_shuffle,validation_2025H1,4.8369176712849415e-05,0.3976009875870974
a7ff24r_1313bae0f47d683a,L3_liquidity_tier_relative_return,1,time_shuffle,test_2025H2,-0.0001563781597563768,1.0280134822943627
a7ff24r_1313bae0f47d683a,L3_liquidity_tier_relative_return,1,time_shuffle,recent_oos_2026JanApr,0.000293486070766621,1.0905712324364247
a7ff24r_1313bae0f47d683a,L3_liquidity_tier_relative_return,1,symbol_shuffle,validation_2025H1,9.34619834961875e-05,0.7682697838861775
a7ff24r_1313bae0f47d683a,L3_liquidity_tier_relative_return,1,symbol_shuffle,test_2025H2,6.5900195936702e-05,0.43322091789743855
a7ff24r_1313bae0f47d683a,L3_liquidity_tier_relative_return,1,symbol_shuffle,recent_oos_2026JanApr,-0.00023880893272156713,0.8873952736315249
a7ff24r_1313bae0f47d683a,L3_liquidity_tier_relative_return,1,sign_flip,validation_2025H1,-8.278535894219463e-05,0.6805065272989196
a7ff24r_1313bae0f47d683a,L3_liquidity_tier_relative_return,1,sign_flip,test_2025H2,0.00015522760718309178,1.0204498713702532
a7ff24r_1313bae0f47d683a,L3_liquidity_tier_relative_return,1,sign_flip,recent_oos_2026JanApr,0.00031894576780361827,1.185177470826441
a7ff24r_1313bae0f47d683a,L3_liquidity_tier_relative_return,1,same_family_placebo,validation_2025H1,7.525806102280412e-05,0.6186311494238832
a7ff24r_1313bae0f47d683a,L3_liquidity_tier_relative_return,1,same_family_placebo,test_2025H2,-4.936224016217703e-05,0.32450214583690273
a7ff24r_1313bae0f47d683a,L3_liquidity_tier_relative_return,1,same_family_placebo,recent_oos_2026JanApr,-0.00023179393846493144,0.8613281048830729
a7ff24r_1313bae0f47d683a,L5_vol_adjusted_return,1,one_bar_lag,validation_2025H1,0.010429201617934055,0.8619895573360958
a7ff24r_1313bae0f47d683a,L5_vol_adjusted_return,1,one_bar_lag,test_2025H2,-0.02116826447950342,0.8948293377210237
a7ff24r_1313bae0f47d683a,L5_vol_adjusted_return,1,one_bar_lag,recent_oos_2026JanApr,-0.018697876503733134,0.9492792099586013
a7ff24r_1313bae0f47d683a,L5_vol_adjusted_return,1,wrong_lag_future_24h,validation_2025H1,0.013431978124413688,1.1101736548751309
a7ff24r_1313bae0f47d683a,L5_vol_adjusted_return,1,wrong_lag_future_24h,test_2025H2,-0.010445572234858851,0.44155743112933404
a7ff24r_1313bae0f47d683a,L5_vol_adjusted_return,1,wrong_lag_future_24h,recent_oos_2026JanApr,0.031939092593929394,1.621527266922879
a7ff24r_1313bae0f47d683a,L5_vol_adjusted_return,1,wrong_lag_stale_168h,validation_2025H1,0.011821544021783138,0.977068798904339
a7ff24r_1313bae0f47d683a,L5_vol_adjusted_return,1,wrong_lag_stale_168h,test_2025H2,-0.00912136352883976,0.3855802016045037
a7ff24r_1313bae0f47d683a,L5_vol_adjusted_return,1,wrong_lag_stale_168h,recent_oos_2026JanApr,-0.004086588651327398,0.2074734874617089
a7ff24r_1313bae0f47d683a,L5_vol_adjusted_return,1,time_shuffle,validation_2025H1,0.010847771789446245,0.8965850259130431
a7ff24r_1313bae0f47d683a,L5_vol_adjusted_return,1,time_shuffle,test_2025H2,-0.01341701731546072,0.5671669838691881
a7ff24r_1313bae0f47d683a,L5_vol_adjusted_return,1,time_shuffle,recent_oos_2026JanApr,-0.006583045487967898,0.334217001523784
a7ff24r_1313bae0f47d683a,L5_vol_adjusted_return,1,symbol_shuffle,validation_2025H1,0.00853348499694874,0.7053056623629816
a7ff24r_1313bae0f47d683a,L5_vol_adjusted_return,1,symbol_shuffle,test_2025H2,0.008428169307984294,0.356277349395682
a7ff24r_1313bae0f47d683a,L5_vol_adjusted_return,1,symbol_shuffle,recent_oos_2026JanApr,0.012578498201142476,0.638602294354775
a7ff24r_1313bae0f47d683a,L5_vol_adjusted_return,1,sign_flip,validation_2025H1,-0.010060933151391201,0.8315516020557758
a7ff24r_1313bae0f47d683a,L5_vol_adjusted_return,1,sign_flip,test_2025H2,0.02279006838795291,0.9633865743672502
a7ff24r_1313bae0f47d683a,L5_vol_adjusted_return,1,sign_flip,recent_oos_2026JanApr,0.02376573751768037,1.2065712665479857
a7ff24r_1313bae0f47d683a,L5_vol_adjusted_return,1,same_family_placebo,validation_2025H1,-0.00120677326372735,0.09974166666953696
a7ff24r_1313bae0f47d683a,L5_vol_adjusted_return,1,same_family_placebo,test_2025H2,-0.00411036858768352,0.17375436728256655
a7ff24r_1313bae0f47d683a,L5_vol_adjusted_return,1,same_family_placebo,recent_oos_2026JanApr,0.018676561707952035,0.9481970714336478
a7ff24r_1313bae0f47d683a,L7_ranked_future_return,1,one_bar_lag,validation_2025H1,-0.0012480361098233144,0.5438602644593316
a7ff24r_1313bae0f47d683a,L7_ranked_future_return,1,one_bar_lag,test_2025H2,0.019615077525369597,1.026040022061393
a7ff24r_1313bae0f47d683a,L7_ranked_future_return,1,one_bar_lag,recent_oos_2026JanApr,0.014338249497759234,1.0164672452455534
a7ff24r_1313bae0f47d683a,L7_ranked_future_return,1,wrong_lag_future_24h,validation_2025H1,-0.0017790108432493691,0.7752446424187157
a7ff24r_1313bae0f47d683a,L7_ranked_future_return,1,wrong_lag_future_24h,test_2025H2,0.02001228236233452,1.0468173072469993
a7ff24r_1313bae0f47d683a,L7_ranked_future_return,1,wrong_lag_future_24h,recent_oos_2026JanApr,0.010555024339360224,0.7482668309967646
a7ff24r_1313bae0f47d683a,L7_ranked_future_return,1,wrong_lag_stale_168h,validation_2025H1,-0.007755032066141245,3.3794324997369434
a7ff24r_1313bae0f47d683a,L7_ranked_future_return,1,wrong_lag_stale_168h,test_2025H2,0.013657487894709733,0.7144060054143039
a7ff24r_1313bae0f47d683a,L7_ranked_future_return,1,wrong_lag_stale_168h,recent_oos_2026JanApr,0.0023643949930458956,0.1676167000462177
a7ff24r_1313bae0f47d683a,L7_ranked_future_return,1,time_shuffle,validation_2025H1,-0.0012932769726247983,0.5635750046130172
a7ff24r_1313bae0f47d683a,L7_ranked_future_return,1,time_shuffle,test_2025H2,0.014323844852523375,0.7492622993449082
a7ff24r_1313bae0f47d683a,L7_ranked_future_return,1,time_shuffle,recent_oos_2026JanApr,0.00900273303765951,0.6382217893405329
a7ff24r_1313bae0f47d683a,L7_ranked_future_return,1,symbol_shuffle,validation_2025H1,-0.004034587003554321,1.7581635158359938
a7ff24r_1313bae0f47d683a,L7_ranked_future_return,1,symbol_shuffle,test_2025H2,0.001125614922989749,0.05887950016630248
a7ff24r_1313bae0f47d683a,L7_ranked_future_return,1,symbol_shuffle,recent_oos_2026JanApr,-0.003240579766136095,0.22973119475969575
a7ff24r_1313bae0f47d683a,L7_ranked_future_return,1,sign_flip,validation_2025H1,0.0020624066347293053,0.8987408368699801
a7ff24r_1313bae0f47d683a,L7_ranked_future_return,1,sign_flip,test_2025H2,-0.019266889455519496,1.0078267422816702
a7ff24r_1313bae0f47d683a,L7_ranked_future_return,1,sign_flip,recent_oos_2026JanApr,-0.013035723484263122,0.9241285654781262
a7ff24r_1313bae0f47d683a,L7_ranked_future_return,1,same_family_placebo,validation_2025H1,0.014769017539792925,6.4359370067693185
a7ff24r_1313bae0f47d683a,L7_ranked_future_return,1,same_family_placebo,test_2025H2,0.007331588368618968,0.38350616161233425
a7ff24r_1313bae0f47d683a,L7_ranked_future_return,1,same_family_placebo,recent_oos_2026JanApr,0.004364745917684026,0.3094255864245079
a7ff24r_1313bae0f47d683a,L0_raw_forward_return,4,one_bar_lag,validation_2025H1,0.0004471148689456367,0.9641848840206223
a7ff24r_1313bae0f47d683a,L0_raw_forward_return,4,one_bar_lag,test_2025H2,-0.0010122804094887486,1.0378246213361608
a7ff24r_1313bae0f47d683a,L0_raw_forward_return,4,one_bar_lag,recent_oos_2026JanApr,-0.0011473223213762332,1.0186518483737776
a7ff24r_1313bae0f47d683a,L0_raw_forward_return,4,wrong_lag_future_24h,validation_2025H1,0.0005614993298296086,1.2108502843712052
a7ff24r_1313bae0f47d683a,L0_raw_forward_return,4,wrong_lag_future_24h,test_2025H2,-0.0007032173126784653,0.7209625261997847
a7ff24r_1313bae0f47d683a,L0_raw_forward_return,4,wrong_lag_future_24h,recent_oos_2026JanApr,0.0010454769449013157,0.9282282777157483
a7ff24r_1313bae0f47d683a,L0_raw_forward_return,4,wrong_lag_stale_168h,validation_2025H1,0.0006820595546047361,1.470833466358472
a7ff24r_1313bae0f47d683a,L0_raw_forward_return,4,wrong_lag_stale_168h,test_2025H2,-0.000396102920317527,0.40609830975223876
a7ff24r_1313bae0f47d683a,L0_raw_forward_return,4,wrong_lag_stale_168h,recent_oos_2026JanApr,0.0007276090453464891,0.6460087850871952
a7ff24r_1313bae0f47d683a,L0_raw_forward_return,4,time_shuffle,validation_2025H1,6.362330177858835e-05,0.13720104185096102
a7ff24r_1313bae0f47d683a,L0_raw_forward_return,4,time_shuffle,test_2025H2,-0.00041585631949550805,0.4263501726054812
a7ff24r_1313bae0f47d683a,L0_raw_forward_return,4,time_shuffle,recent_oos_2026JanApr,0.0002364532110697827,0.209935339025941
a7ff24r_1313bae0f47d683a,L0_raw_forward_return,4,symbol_shuffle,validation_2025H1,0.0005141998499140299,1.1088508951221236
a7ff24r_1313bae0f47d683a,L0_raw_forward_return,4,symbol_shuffle,test_2025H2,-0.0004035903854983836,0.41377471605552263
a7ff24r_1313bae0f47d683a,L0_raw_forward_return,4,symbol_shuffle,recent_oos_2026JanApr,0.00018886928143211376,0.167687875540565
a7ff24r_1313bae0f47d683a,L0_raw_forward_return,4,sign_flip,validation_2025H1,-0.00040538296029156266,0.8741917339371257
a7ff24r_1313bae0f47d683a,L0_raw_forward_return,4,sign_flip,test_2025H2,0.0010483913676125134,1.0748468150777248
a7ff24r_1313bae0f47d683a,L0_raw_forward_return,4,sign_flip,recent_oos_2026JanApr,0.0011927652262391838,1.0589983997932533
a7ff24r_1313bae0f47d683a,L0_raw_forward_return,4,same_family_placebo,validation_2025H1,0.00026026141729770694,0.5612430761785812
a7ff24r_1313bae0f47d683a,L0_raw_forward_return,4,same_family_placebo,test_2025H2,-0.00028676625120183867,0.29400260370132797
a7ff24r_1313bae0f47d683a,L0_raw_forward_return,4,same_family_placebo,recent_oos_2026JanApr,-0.00025622720541561343,0.22749170964196058
a7ff24r_1313bae0f47d683a,L1_cross_sectional_relative_return,4,one_bar_lag,validation_2025H1,0.0004471148689456366,0.9641848840206221
a7ff24r_1313bae0f47d683a,L1_cross_sectional_relative_return,4,one_bar_lag,test_2025H2,-0.0010122804094887486,1.0378246213361608
a7ff24r_1313bae0f47d683a,L1_cross_sectional_relative_return,4,one_bar_lag,recent_oos_2026JanApr,-0.0011473223213762332,1.0186518483737776
a7ff24r_1313bae0f47d683a,L1_cross_sectional_relative_return,4,wrong_lag_future_24h,validation_2025H1,0.0005614993298296084,1.2108502843712046
a7ff24r_1313bae0f47d683a,L1_cross_sectional_relative_return,4,wrong_lag_future_24h,test_2025H2,-0.000703217312678465,0.7209625261997845
a7ff24r_1313bae0f47d683a,L1_cross_sectional_relative_return,4,wrong_lag_future_24h,recent_oos_2026JanApr,0.0010454769449013154,0.9282282777157482
a7ff24r_1313bae0f47d683a,L1_cross_sectional_relative_return,4,wrong_lag_stale_168h,validation_2025H1,0.0006820595546047363,1.4708334663584723
a7ff24r_1313bae0f47d683a,L1_cross_sectional_relative_return,4,wrong_lag_stale_168h,test_2025H2,-0.00039610292031752684,0.40609830975223865
a7ff24r_1313bae0f47d683a,L1_cross_sectional_relative_return,4,wrong_lag_stale_168h,recent_oos_2026JanApr,0.0007276090453464888,0.646008785087195
a7ff24r_1313bae0f47d683a,L1_cross_sectional_relative_return,4,time_shuffle,validation_2025H1,0.00017128052523135824,0.3693594304851177
a7ff24r_1313bae0f47d683a,L1_cross_sectional_relative_return,4,time_shuffle,test_2025H2,-0.0008377061535903807,0.858845102099718
a7ff24r_1313bae0f47d683a,L1_cross_sectional_relative_return,4,time_shuffle,recent_oos_2026JanApr,0.0011665631855250196,1.035734878542632
a7ff24r_1313bae0f47d683a,L1_cross_sectional_relative_return,4,symbol_shuffle,validation_2025H1,-0.00031670160716919135,0.6829540316958215
a7ff24r_1313bae0f47d683a,L1_cross_sectional_relative_return,4,symbol_shuffle,test_2025H2,8.866937134152544e-05,0.09090688298819331
a7ff24r_1313bae0f47d683a,L1_cross_sectional_relative_return,4,symbol_shuffle,recent_oos_2026JanApr,-0.00034846292894991006,0.30938333548569213
a7ff24r_1313bae0f47d683a,L1_cross_sectional_relative_return,4,sign_flip,validation_2025H1,-0.0004053829602915628,0.874191733937126
a7ff24r_1313bae0f47d683a,L1_cross_sectional_relative_return,4,sign_flip,test_2025H2,0.0010483913676125136,1.074846815077725
a7ff24r_1313bae0f47d683a,L1_cross_sectional_relative_return,4,sign_flip,recent_oos_2026JanApr,0.0011927652262391842,1.0589983997932537
a7ff24r_1313bae0f47d683a,L1_cross_sectional_relative_return,4,same_family_placebo,validation_2025H1,-0.00014059443237413833,0.3031861293100632
a7ff24r_1313bae0f47d683a,L1_cross_sectional_relative_return,4,same_family_placebo,test_2025H2,-4.344448442332055e-05,0.044540776619937675
a7ff24r_1313bae0f47d683a,L1_cross_sectional_relative_return,4,same_family_placebo,recent_oos_2026JanApr,0.0003016524740038423,0.2678226026684032
a7ff24r_1313bae0f47d683a,L3_liquidity_tier_relative_return,4,one_bar_lag,validation_2025H1,0.00046274116019975116,0.9676201675082834
a7ff24r_1313bae0f47d683a,L3_liquidity_tier_relative_return,4,one_bar_lag,test_2025H2,-0.0006169871645952868,1.064970004039626
a7ff24r_1313bae0f47d683a,L3_liquidity_tier_relative_return,4,one_bar_lag,recent_oos_2026JanApr,-0.0011904299968690194,1.0224034701897964
a7ff24r_1313bae0f47d683a,L3_liquidity_tier_relative_return,4,wrong_lag_future_24h,validation_2025H1,0.0005106076184500373,1.0677118695954215
a7ff24r_1313bae0f47d683a,L3_liquidity_tier_relative_return,4,wrong_lag_future_24h,test_2025H2,-0.000308751578387302,0.532930324244346
a7ff24r_1313bae0f47d683a,L3_liquidity_tier_relative_return,4,wrong_lag_future_24h,recent_oos_2026JanApr,0.0008744400317322209,0.7510147805980285
a7ff24r_1313bae0f47d683a,L3_liquidity_tier_relative_return,4,wrong_lag_stale_168h,validation_2025H1,0.000712630998610403,1.4901551570414293
a7ff24r_1313bae0f47d683a,L3_liquidity_tier_relative_return,4,wrong_lag_stale_168h,test_2025H2,-8.243140398984286e-05,0.14228330454433186
a7ff24r_1313bae0f47d683a,L3_liquidity_tier_relative_return,4,wrong_lag_stale_168h,recent_oos_2026JanApr,0.0005440448127647696,0.4672541064761658
a7ff24r_1313bae0f47d683a,L3_liquidity_tier_relative_return,4,time_shuffle,validation_2025H1,0.00011058898016284594,0.23124834510842104
a7ff24r_1313bae0f47d683a,L3_liquidity_tier_relative_return,4,time_shuffle,test_2025H2,-0.0003880118104172177,0.6697399281855394
a7ff24r_1313bae0f47d683a,L3_liquidity_tier_relative_return,4,time_shuffle,recent_oos_2026JanApr,0.0006611658888662531,0.5678438051173831
a7ff24r_1313bae0f47d683a,L3_liquidity_tier_relative_return,4,symbol_shuffle,validation_2025H1,0.00029561144034775813,0.6181416654251982
a7ff24r_1313bae0f47d683a,L3_liquidity_tier_relative_return,4,symbol_shuffle,test_2025H2,0.0009737445104856481,1.6807621856213022
a7ff24r_1313bae0f47d683a,L3_liquidity_tier_relative_return,4,symbol_shuffle,recent_oos_2026JanApr,-0.0004591258521789773,0.3943212669004025
a7ff24r_1313bae0f47d683a,L3_liquidity_tier_relative_return,4,sign_flip,validation_2025H1,-0.00037106745694224233,0.7759248273664122
a7ff24r_1313bae0f47d683a,L3_liquidity_tier_relative_return,4,sign_flip,test_2025H2,0.0006592740504269525,1.1379606066958619
a7ff24r_1313bae0f47d683a,L3_liquidity_tier_relative_return,4,sign_flip,recent_oos_2026JanApr,0.0012447545274331044,1.0690602149889308
a7ff24r_1313bae0f47d683a,L3_liquidity_tier_relative_return,4,same_family_placebo,validation_2025H1,-9.278779854229921e-05,0.19402498176187244
a7ff24r_1313bae0f47d683a,L3_liquidity_tier_relative_return,4,same_family_placebo,test_2025H2,2.5041414306021544e-05,0.04322351683302008
a7ff24r_1313bae0f47d683a,L3_liquidity_tier_relative_return,4,same_family_placebo,recent_oos_2026JanApr,-0.0006526777317779151,0.5605537323827764
a7ff24r_1313bae0f47d683a,L5_vol_adjusted_return,4,one_bar_lag,validation_2025H1,0.0491594024059756,0.9804091654566809
a7ff24r_1313bae0f47d683a,L5_vol_adjusted_return,4,one_bar_lag,test_2025H2,-0.09162738003547294,1.0353813756385277
a7ff24r_1313bae0f47d683a,L5_vol_adjusted_return,4,one_bar_lag,recent_oos_2026JanApr,-0.0842627673051219,1.019632233128711
a7ff24r_1313bae0f47d683a,L5_vol_adjusted_return,4,wrong_lag_future_24h,validation_2025H1,0.06183766912749268,1.2332578228351694
a7ff24r_1313bae0f47d683a,L5_vol_adjusted_return,4,wrong_lag_future_24h,test_2025H2,-0.04861319674705281,0.5493248688619469
a7ff24r_1313bae0f47d683a,L5_vol_adjusted_return,4,wrong_lag_future_24h,recent_oos_2026JanApr,0.12504398924054358,1.5131105477105304
a7ff24r_1313bae0f47d683a,L5_vol_adjusted_return,4,wrong_lag_stale_168h,validation_2025H1,0.05846983997286028,1.1660916163864825
a7ff24r_1313bae0f47d683a,L5_vol_adjusted_return,4,wrong_lag_stale_168h,test_2025H2,-0.033071528520194814,0.3737053780262153
a7ff24r_1313bae0f47d683a,L5_vol_adjusted_return,4,wrong_lag_stale_168h,recent_oos_2026JanApr,-0.01915394241030654,0.23177469358821373
a7ff24r_1313bae0f47d683a,L5_vol_adjusted_return,4,time_shuffle,validation_2025H1,0.0037359077123543588,0.07450697085868747
a7ff24r_1313bae0f47d683a,L5_vol_adjusted_return,4,time_shuffle,test_2025H2,-0.0606727724740925,0.6855970191847583
a7ff24r_1313bae0f47d683a,L5_vol_adjusted_return,4,time_shuffle,recent_oos_2026JanApr,0.013975560528603883,0.16911303113753381
a7ff24r_1313bae0f47d683a,L5_vol_adjusted_return,4,symbol_shuffle,validation_2025H1,-0.06254564790030909,1.2473773776679518
a7ff24r_1313bae0f47d683a,L5_vol_adjusted_return,4,symbol_shuffle,test_2025H2,-0.005049887361081526,0.05706328523976133
a7ff24r_1313bae0f47d683a,L5_vol_adjusted_return,4,symbol_shuffle,recent_oos_2026JanApr,-0.01249904276937512,0.15124624194646588
a7ff24r_1313bae0f47d683a,L5_vol_adjusted_return,4,sign_flip,validation_2025H1,-0.04693090724886906,0.9359652346871421
a7ff24r_1313bae0f47d683a,L5_vol_adjusted_return,4,sign_flip,test_2025H2,0.0963867465126914,1.0891618003155465
a7ff24r_1313bae0f47d683a,L5_vol_adjusted_return,4,sign_flip,recent_oos_2026JanApr,0.0872868261853279,1.056225238648834
a7ff24r_1313bae0f47d683a,L5_vol_adjusted_return,4,same_family_placebo,validation_2025H1,-0.02818666767072977,0.5621400174853601
a7ff24r_1313bae0f47d683a,L5_vol_adjusted_return,4,same_family_placebo,test_2025H2,0.0004304152157571908,0.004863654270305511
a7ff24r_1313bae0f47d683a,L5_vol_adjusted_return,4,same_family_placebo,recent_oos_2026JanApr,-0.02757879652746866,0.33372070238898893
a7ff24r_1313bae0f47d683a,L7_ranked_future_return,4,one_bar_lag,validation_2025H1,-0.003211643906476307,0.9205393133484682
a7ff24r_1313bae0f47d683a,L7_ranked_future_return,4,one_bar_lag,test_2025H2,0.03496728222636043,1.057053711264388
a7ff24r_1313bae0f47d683a,L7_ranked_future_return,4,one_bar_lag,recent_oos_2026JanApr,0.02912827501034554,1.0235387005433099
a7ff24r_1313bae0f47d683a,L7_ranked_future_return,4,wrong_lag_future_24h,validation_2025H1,-0.00814598205048624,2.334846870221934
a7ff24r_1313bae0f47d683a,L7_ranked_future_return,4,wrong_lag_future_24h,test_2025H2,0.030267335247258432,0.91497528592825
a7ff24r_1313bae0f47d683a,L7_ranked_future_return,4,wrong_lag_future_24h,recent_oos_2026JanApr,0.01882823815435547,0.6616056188423207
a7ff24r_1313bae0f47d683a,L7_ranked_future_return,4,wrong_lag_stale_168h,validation_2025H1,-0.01596672615352783,4.576472223509243
a7ff24r_1313bae0f47d683a,L7_ranked_future_return,4,wrong_lag_stale_168h,test_2025H2,0.024522326970825577,0.7413048736687021
a7ff24r_1313bae0f47d683a,L7_ranked_future_return,4,wrong_lag_stale_168h,recent_oos_2026JanApr,-0.0027703419201324264,0.09734706802877596
a7ff24r_1313bae0f47d683a,L7_ranked_future_return,4,time_shuffle,validation_2025H1,0.0007492348791368404,0.21474988549837776
a7ff24r_1313bae0f47d683a,L7_ranked_future_return,4,time_shuffle,test_2025H2,0.01411255664947648,0.42661966935800777
a7ff24r_1313bae0f47d683a,L7_ranked_future_return,4,time_shuffle,recent_oos_2026JanApr,0.0040706766281731165,0.143039540269807
a7ff24r_1313bae0f47d683a,L7_ranked_future_return,4,symbol_shuffle,validation_2025H1,0.001491940176908755,0.42762822591854777
a7ff24r_1313bae0f47d683a,L7_ranked_future_return,4,symbol_shuffle,test_2025H2,0.0008747639923443001,0.02644393460727473
a7ff24r_1313bae0f47d683a,L7_ranked_future_return,4,symbol_shuffle,recent_oos_2026JanApr,-0.01667256685805918,0.585857467033607
a7ff24r_1313bae0f47d683a,L7_ranked_future_return,4,sign_flip,validation_2025H1,0.0046344791020070325,1.328360283556502
a7ff24r_1313bae0f47d683a,L7_ranked_future_return,4,sign_flip,test_2025H2,-0.033904924477550176,1.0249388561892687
a7ff24r_1313bae0f47d683a,L7_ranked_future_return,4,sign_flip,recent_oos_2026JanApr,-0.02407965096730809,0.8461350578385178
a7ff24r_1313bae0f47d683a,L7_ranked_future_return,4,same_family_placebo,validation_2025H1,-0.003983760733498862,1.1418477505444098
a7ff24r_1313bae0f47d683a,L7_ranked_future_return,4,same_family_placebo,test_2025H2,-0.0009250368559900685,0.02796367288000177
a7ff24r_1313bae0f47d683a,L7_ranked_future_return,4,same_family_placebo,recent_oos_2026JanApr,-0.00088276562176702,0.03101950860690546
a7ff24r_1313bae0f47d683a,L0_raw_forward_return,8,one_bar_lag,validation_2025H1,0.0008242070624076768,0.9964467736359002
a7ff24r_1313bae0f47d683a,L0_raw_forward_return,8,one_bar_lag,test_2025H2,-0.0020329097865610483,0.9983676021412563
a7ff24r_1313bae0f47d683a,L0_raw_forward_return,8,one_bar_lag,recent_oos_2026JanApr,-0.002431798234623092,1.0136883300429365
a7ff24r_1313bae0f47d683a,L0_raw_forward_return,8,wrong_lag_future_24h,validation_2025H1,0.0010560340275097143,1.2767200713954707
a7ff24r_1313bae0f47d683a,L0_raw_forward_return,8,wrong_lag_future_24h,test_2025H2,-0.0014433491626965386,0.7088327539863807
a7ff24r_1313bae0f47d683a,L0_raw_forward_return,8,wrong_lag_future_24h,recent_oos_2026JanApr,0.0013878224427987902,0.5785099250451834
a7ff24r_1313bae0f47d683a,L0_raw_forward_return,8,wrong_lag_stale_168h,validation_2025H1,0.001392561211470503,1.6835734484084408
a7ff24r_1313bae0f47d683a,L0_raw_forward_return,8,wrong_lag_stale_168h,test_2025H2,-0.0007789559414134236,0.3825474108805225
a7ff24r_1313bae0f47d683a,L0_raw_forward_return,8,wrong_lag_stale_168h,recent_oos_2026JanApr,0.0014230848823141159,0.5932089748744842
a7ff24r_1313bae0f47d683a,L0_raw_forward_return,8,time_shuffle,validation_2025H1,0.0005286889934530744,0.639172443201599
a7ff24r_1313bae0f47d683a,L0_raw_forward_return,8,time_shuffle,test_2025H2,-0.0010732535279392743,0.5270777671797094
a7ff24r_1313bae0f47d683a,L0_raw_forward_return,8,time_shuffle,recent_oos_2026JanApr,0.0013600967649341636,0.5669525533464339
a7ff24r_1313bae0f47d683a,L0_raw_forward_return,8,symbol_shuffle,validation_2025H1,0.00037860884242782255,0.4577291031760429
a7ff24r_1313bae0f47d683a,L0_raw_forward_return,8,symbol_shuffle,test_2025H2,-0.00017520609902015058,0.08604419837791873
a7ff24r_1313bae0f47d683a,L0_raw_forward_return,8,symbol_shuffle,recent_oos_2026JanApr,-0.0006969585639665164,0.2905252387954967
a7ff24r_1313bae0f47d683a,L0_raw_forward_return,8,sign_flip,validation_2025H1,-0.00071592894991827,0.8655411059141558
a7ff24r_1313bae0f47d683a,L0_raw_forward_return,8,sign_flip,test_2025H2,0.002039250811518647,1.0014816969839717
a7ff24r_1313bae0f47d683a,L0_raw_forward_return,8,sign_flip,recent_oos_2026JanApr,0.002380736125036855,0.9924032316914424
a7ff24r_1313bae0f47d683a,L0_raw_forward_return,8,same_family_placebo,validation_2025H1,-0.0003665406787495169,0.44313897975993266
a7ff24r_1313bae0f47d683a,L0_raw_forward_return,8,same_family_placebo,test_2025H2,0.0001020962146413236,0.05013973255133244
a7ff24r_1313bae0f47d683a,L0_raw_forward_return,8,same_family_placebo,recent_oos_2026JanApr,0.00015395181826218158,0.0641743872247906
a7ff24r_1313bae0f47d683a,L1_cross_sectional_relative_return,8,one_bar_lag,validation_2025H1,0.0008242070624076768,0.9964467736359001
a7ff24r_1313bae0f47d683a,L1_cross_sectional_relative_return,8,one_bar_lag,test_2025H2,-0.0020329097865610483,0.9983676021412563
a7ff24r_1313bae0f47d683a,L1_cross_sectional_relative_return,8,one_bar_lag,recent_oos_2026JanApr,-0.002431798234623092,1.0136883300429365
a7ff24r_1313bae0f47d683a,L1_cross_sectional_relative_return,8,wrong_lag_future_24h,validation_2025H1,0.0010560340275097143,1.2767200713954705
a7ff24r_1313bae0f47d683a,L1_cross_sectional_relative_return,8,wrong_lag_future_24h,test_2025H2,-0.0014433491626965386,0.7088327539863807
a7ff24r_1313bae0f47d683a,L1_cross_sectional_relative_return,8,wrong_lag_future_24h,recent_oos_2026JanApr,0.0013878224427987904,0.5785099250451835
a7ff24r_1313bae0f47d683a,L1_cross_sectional_relative_return,8,wrong_lag_stale_168h,validation_2025H1,0.001392561211470503,1.6835734484084406
a7ff24r_1313bae0f47d683a,L1_cross_sectional_relative_return,8,wrong_lag_stale_168h,test_2025H2,-0.0007789559414134236,0.3825474108805225
a7ff24r_1313bae0f47d683a,L1_cross_sectional_relative_return,8,wrong_lag_stale_168h,recent_oos_2026JanApr,0.0014230848823141152,0.5932089748744839
a7ff24r_1313bae0f47d683a,L1_cross_sectional_relative_return,8,time_shuffle,validation_2025H1,0.0008890010455958874,1.0747811612475608
a7ff24r_1313bae0f47d683a,L1_cross_sectional_relative_return,8,time_shuffle,test_2025H2,-0.0006885221005619739,0.3381351022576113
a7ff24r_1313bae0f47d683a,L1_cross_sectional_relative_return,8,time_shuffle,recent_oos_2026JanApr,0.0013878783808056474,0.57853324264775
a7ff24r_1313bae0f47d683a,L1_cross_sectional_relative_return,8,symbol_shuffle,validation_2025H1,0.00018888381445999162,0.22835604800678735
a7ff24r_1313bae0f47d683a,L1_cross_sectional_relative_return,8,symbol_shuffle,test_2025H2,-0.0007013322964475301,0.34442622478246143
a7ff24r_1313bae0f47d683a,L1_cross_sectional_relative_return,8,symbol_shuffle,recent_oos_2026JanApr,0.000543363840252369,0.22649970543979375
a7ff24r_1313bae0f47d683a,L1_cross_sectional_relative_return,8,sign_flip,validation_2025H1,-0.00071592894991827,0.8655411059141557
a7ff24r_1313bae0f47d683a,L1_cross_sectional_relative_return,8,sign_flip,test_2025H2,0.0020392508115186464,1.0014816969839715
a7ff24r_1313bae0f47d683a,L1_cross_sectional_relative_return,8,sign_flip,recent_oos_2026JanApr,0.0023807361250368555,0.9924032316914425
a7ff24r_1313bae0f47d683a,L1_cross_sectional_relative_return,8,same_family_placebo,validation_2025H1,0.00035316719904937143,0.4269707602586737
a7ff24r_1313bae0f47d683a,L1_cross_sectional_relative_return,8,same_family_placebo,test_2025H2,0.00022063552727748877,0.10835471587149219
a7ff24r_1313bae0f47d683a,L1_cross_sectional_relative_return,8,same_family_placebo,recent_oos_2026JanApr,0.0004133186086848364,0.17229071238236976
a7ff24r_1313bae0f47d683a,L3_liquidity_tier_relative_return,8,one_bar_lag,validation_2025H1,0.0008796718107515283,0.9984924578763684
a7ff24r_1313bae0f47d683a,L3_liquidity_tier_relative_return,8,one_bar_lag,test_2025H2,-0.0012534992839691294,1.003003155908825
a7ff24r_1313bae0f47d683a,L3_liquidity_tier_relative_return,8,one_bar_lag,recent_oos_2026JanApr,-0.0025057586400718175,1.0118700394236495
a7ff24r_1313bae0f47d683a,L3_liquidity_tier_relative_return,8,wrong_lag_future_24h,validation_2025H1,0.000998068497532119,1.1328814394750553
a7ff24r_1313bae0f47d683a,L3_liquidity_tier_relative_return,8,wrong_lag_future_24h,test_2025H2,-0.0006438115615232696,0.5151538866250611
a7ff24r_1313bae0f47d683a,L3_liquidity_tier_relative_return,8,wrong_lag_future_24h,recent_oos_2026JanApr,0.0010549941966210114,0.4260254767777747
a7ff24r_1313bae0f47d683a,L3_liquidity_tier_relative_return,8,wrong_lag_stale_168h,validation_2025H1,0.0014571713142687642,1.6539970354263493
a7ff24r_1313bae0f47d683a,L3_liquidity_tier_relative_return,8,wrong_lag_stale_168h,test_2025H2,-0.00014598172296183718,0.11680910448716017
a7ff24r_1313bae0f47d683a,L3_liquidity_tier_relative_return,8,wrong_lag_stale_168h,recent_oos_2026JanApr,0.0010620929895632145,0.42889209600415057
a7ff24r_1313bae0f47d683a,L3_liquidity_tier_relative_return,8,time_shuffle,validation_2025H1,0.001045636698925742,1.1868748603688077
a7ff24r_1313bae0f47d683a,L3_liquidity_tier_relative_return,8,time_shuffle,test_2025H2,-0.0007039611194866146,0.5632833089831848
a7ff24r_1313bae0f47d683a,L3_liquidity_tier_relative_return,8,time_shuffle,recent_oos_2026JanApr,0.0006328672161072909,0.255563071666817
a7ff24r_1313bae0f47d683a,L3_liquidity_tier_relative_return,8,symbol_shuffle,validation_2025H1,-0.00012188253780118004,0.1383456798932081
a7ff24r_1313bae0f47d683a,L3_liquidity_tier_relative_return,8,symbol_shuffle,test_2025H2,-0.0004193220075254741,0.3355257575882528
a7ff24r_1313bae0f47d683a,L3_liquidity_tier_relative_return,8,symbol_shuffle,recent_oos_2026JanApr,-0.00024369287227276768,0.09840752909340082
a7ff24r_1313bae0f47d683a,L3_liquidity_tier_relative_return,8,sign_flip,validation_2025H1,-0.000704390960915567,0.7995357510315214
a7ff24r_1313bae0f47d683a,L3_liquidity_tier_relative_return,8,sign_flip,test_2025H2,0.0012592632016690942,1.0076152268668217
a7ff24r_1313bae0f47d683a,L3_liquidity_tier_relative_return,8,sign_flip,recent_oos_2026JanApr,0.0024962583839771174,1.008033666536274
a7ff24r_1313bae0f47d683a,L3_liquidity_tier_relative_return,8,same_family_placebo,validation_2025H1,-0.00013834763997730464,0.1570347866033331
a7ff24r_1313bae0f47d683a,L3_liquidity_tier_relative_return,8,same_family_placebo,test_2025H2,0.0001048706985810837,0.08391360328992463
a7ff24r_1313bae0f47d683a,L3_liquidity_tier_relative_return,8,same_family_placebo,recent_oos_2026JanApr,-0.0002770530738328867,0.11187897360046278
a7ff24r_1313bae0f47d683a,L5_vol_adjusted_return,8,one_bar_lag,validation_2025H1,0.10160216092028622,0.9931225873951803
a7ff24r_1313bae0f47d683a,L5_vol_adjusted_return,8,one_bar_lag,test_2025H2,-0.17937691710542705,0.9850778901041813
a7ff24r_1313bae0f47d683a,L5_vol_adjusted_return,8,one_bar_lag,recent_oos_2026JanApr,-0.20556748591948912,1.0196685396557557
a7ff24r_1313bae0f47d683a,L5_vol_adjusted_return,8,wrong_lag_future_24h,validation_2025H1,0.12538343145860517,1.225575487162635
a7ff24r_1313bae0f47d683a,L5_vol_adjusted_return,8,wrong_lag_future_24h,test_2025H2,-0.10806524443266638,0.5934580920284024
a7ff24r_1313bae0f47d683a,L5_vol_adjusted_return,8,wrong_lag_future_24h,recent_oos_2026JanApr,0.19377695724033064,0.9611844311097406
a7ff24r_1313bae0f47d683a,L5_vol_adjusted_return,8,wrong_lag_stale_168h,validation_2025H1,0.13585358950641332,1.3279173109653173
a7ff24r_1313bae0f47d683a,L5_vol_adjusted_return,8,wrong_lag_stale_168h,test_2025H2,-0.07171549043526115,0.3938374298418371
a7ff24r_1313bae0f47d683a,L5_vol_adjusted_return,8,wrong_lag_stale_168h,recent_oos_2026JanApr,-0.058740245958492664,0.2913669958437607
a7ff24r_1313bae0f47d683a,L5_vol_adjusted_return,8,time_shuffle,validation_2025H1,0.06425264019510525,0.6280451882081362
a7ff24r_1313bae0f47d683a,L5_vol_adjusted_return,8,time_shuffle,test_2025H2,-0.12608672330988976,0.6924260120674026
a7ff24r_1313bae0f47d683a,L5_vol_adjusted_return,8,time_shuffle,recent_oos_2026JanApr,0.03520464846556255,0.1746242715836568
a7ff24r_1313bae0f47d683a,L5_vol_adjusted_return,8,symbol_shuffle,validation_2025H1,0.06941809311051919,0.6785355313067307
a7ff24r_1313bae0f47d683a,L5_vol_adjusted_return,8,symbol_shuffle,test_2025H2,0.03337113882804019,0.18326310629911574
a7ff24r_1313bae0f47d683a,L5_vol_adjusted_return,8,symbol_shuffle,recent_oos_2026JanApr,0.13061897142043816,0.6479042891626277
a7ff24r_1313bae0f47d683a,L5_vol_adjusted_return,8,sign_flip,validation_2025H1,-0.09672081947803235,0.9454093261891131
a7ff24r_1313bae0f47d683a,L5_vol_adjusted_return,8,sign_flip,test_2025H2,0.18977055125146408,1.0421562442219263
a7ff24r_1313bae0f47d683a,L5_vol_adjusted_return,8,sign_flip,recent_oos_2026JanApr,0.20162504237002646,1.000112987673521
a7ff24r_1313bae0f47d683a,L5_vol_adjusted_return,8,same_family_placebo,validation_2025H1,0.007234685367461323,0.07071630550023739
a7ff24r_1313bae0f47d683a,L5_vol_adjusted_return,8,same_family_placebo,test_2025H2,0.015194570587657788,0.08344348747354033
a7ff24r_1313bae0f47d683a,L5_vol_adjusted_return,8,same_family_placebo,recent_oos_2026JanApr,-0.07129024201076939,0.35361826135917596
a7ff24r_1313bae0f47d683a,L7_ranked_future_return,8,one_bar_lag,validation_2025H1,-0.0004022478412401176,1.865435356200516
a7ff24r_1313bae0f47d683a,L7_ranked_future_return,8,one_bar_lag,test_2025H2,0.04959238777049522,1.00837901577139
a7ff24r_1313bae0f47d683a,L7_ranked_future_return,8,one_bar_lag,recent_oos_2026JanApr,0.04200844322201415,1.023169768440891
a7ff24r_1313bae0f47d683a,L7_ranked_future_return,8,wrong_lag_future_24h,validation_2025H1,-0.008366495006242198,38.79984922728951
a7ff24r_1313bae0f47d683a,L7_ranked_future_return,8,wrong_lag_future_24h,test_2025H2,0.04056729218684977,0.8248686543829523
a7ff24r_1313bae0f47d683a,L7_ranked_future_return,8,wrong_lag_future_24h,recent_oos_2026JanApr,0.025986803604868915,0.6329420894364148
a7ff24r_1313bae0f47d683a,L7_ranked_future_return,8,wrong_lag_stale_168h,validation_2025H1,-0.02238803058676654,103.82510365623727
a7ff24r_1313bae0f47d683a,L7_ranked_future_return,8,wrong_lag_stale_168h,test_2025H2,0.036052671790470246,0.7330713307100017
a7ff24r_1313bae0f47d683a,L7_ranked_future_return,8,wrong_lag_stale_168h,recent_oos_2026JanApr,0.00034088249063670345,0.008302632334338318
a7ff24r_1313bae0f47d683a,L7_ranked_future_return,8,time_shuffle,validation_2025H1,-2.532853320742968e-05,0.11746176491630576
a7ff24r_1313bae0f47d683a,L7_ranked_future_return,8,time_shuffle,test_2025H2,0.02317372258944497,0.4711992430097584
a7ff24r_1313bae0f47d683a,L7_ranked_future_return,8,time_shuffle,recent_oos_2026JanApr,0.007302018127282213,0.17785006116406885
a7ff24r_1313bae0f47d683a,L7_ranked_future_return,8,symbol_shuffle,validation_2025H1,0.006210986267166042,28.803618545043083
a7ff24r_1313bae0f47d683a,L7_ranked_future_return,8,symbol_shuffle,test_2025H2,0.008415912401165208,0.17112363097294084
a7ff24r_1313bae0f47d683a,L7_ranked_future_return,8,symbol_shuffle,recent_oos_2026JanApr,-0.011074291900749064,0.26972865002048935
a7ff24r_1313bae0f47d683a,L7_ranked_future_return,8,sign_flip,validation_2025H1,0.0018296627913025384,8.485111194873651
a7ff24r_1313bae0f47d683a,L7_ranked_future_return,8,sign_flip,test_2025H2,-0.04865264448085726,0.9892708934146223
a7ff24r_1313bae0f47d683a,L7_ranked_future_return,8,sign_flip,recent_oos_2026JanApr,-0.03691902049521432,0.899210319494953
a7ff24r_1313bae0f47d683a,L7_ranked_future_return,8,same_family_placebo,validation_2025H1,0.014031939242613402,65.07350169619241
a7ff24r_1313bae0f47d683a,L7_ranked_future_return,8,same_family_placebo,test_2025H2,0.0025610890033291706,0.05207550038589744
a7ff24r_1313bae0f47d683a,L7_ranked_future_return,8,same_family_placebo,recent_oos_2026JanApr,-0.004132936043487307,0.10066298320666903
a7ff24r_1313bae0f47d683a,L0_raw_forward_return,24,one_bar_lag,validation_2025H1,0.0014412170808026559,1.015854397057445
a7ff24r_1313bae0f47d683a,L0_raw_forward_return,24,one_bar_lag,test_2025H2,-0.006314534404408664,1.005715595133199
a7ff24r_1313bae0f47d683a,L0_raw_forward_return,24,one_bar_lag,recent_oos_2026JanApr,-0.0075094995279180446,0.9906449868937787
a7ff24r_1313bae0f47d683a,L0_raw_forward_return,24,wrong_lag_future_24h,validation_2025H1,0.002211268859338015,1.5586320921090375
a7ff24r_1313bae0f47d683a,L0_raw_forward_return,24,wrong_lag_future_24h,test_2025H2,-0.004977208363872461,0.7927197400776047
a7ff24r_1313bae0f47d683a,L0_raw_forward_return,24,wrong_lag_future_24h,recent_oos_2026JanApr,-0.0019654043550315077,0.2592739987921619
a7ff24r_1313bae0f47d683a,L0_raw_forward_return,24,wrong_lag_stale_168h,validation_2025H1,0.003333585969971197,2.3497070709696573
a7ff24r_1313bae0f47d683a,L0_raw_forward_return,24,wrong_lag_stale_168h,test_2025H2,-0.0019018222274302203,0.30290313597185126
a7ff24r_1313bae0f47d683a,L0_raw_forward_return,24,wrong_lag_stale_168h,recent_oos_2026JanApr,0.004182525776818027,0.5517542384755317
a7ff24r_1313bae0f47d683a,L0_raw_forward_return,24,time_shuffle,validation_2025H1,0.0012777580527074052,0.9006388791169981
a7ff24r_1313bae0f47d683a,L0_raw_forward_return,24,time_shuffle,test_2025H2,-0.0032383434406199237,0.5157708062141364
a7ff24r_1313bae0f47d683a,L0_raw_forward_return,24,time_shuffle,recent_oos_2026JanApr,0.0016314597929287444,0.21522039640259516
a7ff24r_1313bae0f47d683a,L0_raw_forward_return,24,symbol_shuffle,validation_2025H1,-0.000757499753230663,0.5339302908210998
a7ff24r_1313bae0f47d683a,L0_raw_forward_return,24,symbol_shuffle,test_2025H2,0.000554572343872801,0.08832671090889052
a7ff24r_1313bae0f47d683a,L0_raw_forward_return,24,symbol_shuffle,recent_oos_2026JanApr,0.003127955572441891,0.41263648736457276
a7ff24r_1313bae0f47d683a,L0_raw_forward_return,24,sign_flip,validation_2025H1,-0.0013187748757336516,0.9295499436468009
a7ff24r_1313bae0f47d683a,L0_raw_forward_return,24,sign_flip,test_2025H2,0.006404077821722689,1.0199771709623466
a7ff24r_1313bae0f47d683a,L0_raw_forward_return,24,sign_flip,recent_oos_2026JanApr,0.007724395858480772,1.0189938764279465
a7ff24r_1313bae0f47d683a,L0_raw_forward_return,24,same_family_placebo,validation_2025H1,-0.000508431321052178,0.35837223966630405
a7ff24r_1313bae0f47d683a,L0_raw_forward_return,24,same_family_placebo,test_2025H2,0.0003724488498989792,0.059319910660603235
a7ff24r_1313bae0f47d683a,L0_raw_forward_return,24,same_family_placebo,recent_oos_2026JanApr,0.0013837235299612918,0.18253929880506375
a7ff24r_1313bae0f47d683a,L1_cross_sectional_relative_return,24,one_bar_lag,validation_2025H1,0.0014412170808026559,1.0158543970574452
a7ff24r_1313bae0f47d683a,L1_cross_sectional_relative_return,24,one_bar_lag,test_2025H2,-0.006314534404408664,1.005715595133199
a7ff24r_1313bae0f47d683a,L1_cross_sectional_relative_return,24,one_bar_lag,recent_oos_2026JanApr,-0.007509499527918045,0.9906449868937788
a7ff24r_1313bae0f47d683a,L1_cross_sectional_relative_return,24,wrong_lag_future_24h,validation_2025H1,0.002211268859338016,1.5586320921090384
a7ff24r_1313bae0f47d683a,L1_cross_sectional_relative_return,24,wrong_lag_future_24h,test_2025H2,-0.004977208363872461,0.7927197400776047
a7ff24r_1313bae0f47d683a,L1_cross_sectional_relative_return,24,wrong_lag_future_24h,recent_oos_2026JanApr,-0.0019654043550315077,0.2592739987921619
a7ff24r_1313bae0f47d683a,L1_cross_sectional_relative_return,24,wrong_lag_stale_168h,validation_2025H1,0.003333585969971197,2.3497070709696577
a7ff24r_1313bae0f47d683a,L1_cross_sectional_relative_return,24,wrong_lag_stale_168h,test_2025H2,-0.0019018222274302197,0.30290313597185115
a7ff24r_1313bae0f47d683a,L1_cross_sectional_relative_return,24,wrong_lag_stale_168h,recent_oos_2026JanApr,0.004182525776818027,0.5517542384755317
a7ff24r_1313bae0f47d683a,L1_cross_sectional_relative_return,24,time_shuffle,validation_2025H1,0.0011803328049706083,0.8319678457132609
a7ff24r_1313bae0f47d683a,L1_cross_sectional_relative_return,24,time_shuffle,test_2025H2,-0.003295268069517292,0.5248371891590583
a7ff24r_1313bae0f47d683a,L1_cross_sectional_relative_return,24,time_shuffle,recent_oos_2026JanApr,0.0020097075885922625,0.2651184330406735
a7ff24r_1313bae0f47d683a,L1_cross_sectional_relative_return,24,symbol_shuffle,validation_2025H1,0.0011243090143646254,0.792478989533998
a7ff24r_1313bae0f47d683a,L1_cross_sectional_relative_return,24,symbol_shuffle,test_2025H2,0.0037982011866213804,0.604939322869406
a7ff24r_1313bae0f47d683a,L1_cross_sectional_relative_return,24,symbol_shuffle,recent_oos_2026JanApr,-0.0013840489744846888,0.1825822310916185
a7ff24r_1313bae0f47d683a,L1_cross_sectional_relative_return,24,sign_flip,validation_2025H1,-0.0013187748757336514,0.9295499436468009
a7ff24r_1313bae0f47d683a,L1_cross_sectional_relative_return,24,sign_flip,test_2025H2,0.00640407782172269,1.0199771709623469
a7ff24r_1313bae0f47d683a,L1_cross_sectional_relative_return,24,sign_flip,recent_oos_2026JanApr,0.007724395858480772,1.0189938764279465
a7ff24r_1313bae0f47d683a,L1_cross_sectional_relative_return,24,same_family_placebo,validation_2025H1,-5.336936505755671e-05,0.03761786123967443
a7ff24r_1313bae0f47d683a,L1_cross_sectional_relative_return,24,same_family_placebo,test_2025H2,-0.0006114771105339649,0.09738993039639408
a7ff24r_1313bae0f47d683a,L1_cross_sectional_relative_return,24,same_family_placebo,recent_oos_2026JanApr,6.6849867283647405e-06,0.0008818761576967566
a7ff24r_1313bae0f47d683a,L3_liquidity_tier_relative_return,24,one_bar_lag,validation_2025H1,0.001654537256225469,1.0132000138735306
a7ff24r_1313bae0f47d683a,L3_liquidity_tier_relative_return,24,one_bar_lag,test_2025H2,-0.004067245879935316,1.0090490846556095
a7ff24r_1313bae0f47d683a,L3_liquidity_tier_relative_return,24,one_bar_lag,recent_oos_2026JanApr,-0.007899726903181484,0.9941660503607109
a7ff24r_1313bae0f47d683a,L3_liquidity_tier_relative_return,24,wrong_lag_future_24h,validation_2025H1,0.0021820104933626106,1.3362123178723466
a7ff24r_1313bae0f47d683a,L3_liquidity_tier_relative_return,24,wrong_lag_future_24h,test_2025H2,-0.002689865882917808,0.6673328308953214
a7ff24r_1313bae0f47d683a,L3_liquidity_tier_relative_return,24,wrong_lag_future_24h,recent_oos_2026JanApr,-0.002556061057374924,0.32167556638797795
a7ff24r_1313bae0f47d683a,L3_liquidity_tier_relative_return,24,wrong_lag_stale_168h,validation_2025H1,0.003472575404428416,2.1265241593715354
a7ff24r_1313bae0f47d683a,L3_liquidity_tier_relative_return,24,wrong_lag_stale_168h,test_2025H2,-0.00022697686779436142,0.056311028997720704
a7ff24r_1313bae0f47d683a,L3_liquidity_tier_relative_return,24,wrong_lag_stale_168h,recent_oos_2026JanApr,0.00328151346683661,0.41297241316235517
a7ff24r_1313bae0f47d683a,L3_liquidity_tier_relative_return,24,time_shuffle,validation_2025H1,0.0010960219481265798,0.6711782698571127
a7ff24r_1313bae0f47d683a,L3_liquidity_tier_relative_return,24,time_shuffle,test_2025H2,-0.0021455194455805783,0.5322851129689566
a7ff24r_1313bae0f47d683a,L3_liquidity_tier_relative_return,24,time_shuffle,recent_oos_2026JanApr,0.0024871247255688,0.3130000562649066
a7ff24r_1313bae0f47d683a,L3_liquidity_tier_relative_return,24,symbol_shuffle,validation_2025H1,0.002305012814536666,1.4115360696048045
a7ff24r_1313bae0f47d683a,L3_liquidity_tier_relative_return,24,symbol_shuffle,test_2025H2,0.0009381627248258164,0.23275018690499175
a7ff24r_1313bae0f47d683a,L3_liquidity_tier_relative_return,24,symbol_shuffle,recent_oos_2026JanApr,0.004684287276546446,0.589508908036251
a7ff24r_1313bae0f47d683a,L3_liquidity_tier_relative_return,24,sign_flip,validation_2025H1,-0.0014369527600110686,0.8799563448333858
a7ff24r_1313bae0f47d683a,L3_liquidity_tier_relative_return,24,sign_flip,test_2025H2,0.004062978000847567,1.0079902601797746
a7ff24r_1313bae0f47d683a,L3_liquidity_tier_relative_return,24,sign_flip,recent_oos_2026JanApr,0.008124137485092994,1.0224077079031082
a7ff24r_1313bae0f47d683a,L3_liquidity_tier_relative_return,24,same_family_placebo,validation_2025H1,-8.841996143794839e-05,0.0541463214675524
a7ff24r_1313bae0f47d683a,L3_liquidity_tier_relative_return,24,same_family_placebo,test_2025H2,-0.00015626101171788536,0.038767026999557565
a7ff24r_1313bae0f47d683a,L3_liquidity_tier_relative_return,24,same_family_placebo,recent_oos_2026JanApr,-0.0012730114454969437,0.16020614083810703
a7ff24r_1313bae0f47d683a,L5_vol_adjusted_return,24,one_bar_lag,validation_2025H1,0.24578302174934683,1.0108541718596882
a7ff24r_1313bae0f47d683a,L5_vol_adjusted_return,24,one_bar_lag,test_2025H2,-0.568616631809739,0.9996873179744215
a7ff24r_1313bae0f47d683a,L5_vol_adjusted_return,24,one_bar_lag,recent_oos_2026JanApr,-0.7495979585415302,0.9938070085341049
a7ff24r_1313bae0f47d683a,L5_vol_adjusted_return,24,wrong_lag_future_24h,validation_2025H1,0.3246669367553886,1.3352872185727462
a7ff24r_1313bae0f47d683a,L5_vol_adjusted_return,24,wrong_lag_future_24h,test_2025H2,-0.42622302296296977,0.7493445088454124
a7ff24r_1313bae0f47d683a,L5_vol_adjusted_return,24,wrong_lag_future_24h,recent_oos_2026JanApr,-0.11854453912842483,0.15716477408569002
a7ff24r_1313bae0f47d683a,L5_vol_adjusted_return,24,wrong_lag_stale_168h,validation_2025H1,0.38207843419755366,1.5714087020221155
a7ff24r_1313bae0f47d683a,L5_vol_adjusted_return,24,wrong_lag_stale_168h,test_2025H2,-0.24283427863892243,0.42692797773461094
a7ff24r_1313bae0f47d683a,L5_vol_adjusted_return,24,wrong_lag_stale_168h,recent_oos_2026JanApr,-0.1989255364699934,0.2637328318035077
a7ff24r_1313bae0f47d683a,L5_vol_adjusted_return,24,time_shuffle,validation_2025H1,0.19084852006895928,0.7849200540047784
a7ff24r_1313bae0f47d683a,L5_vol_adjusted_return,24,time_shuffle,test_2025H2,-0.35976429267180354,0.6325031325576506
a7ff24r_1313bae0f47d683a,L5_vol_adjusted_return,24,time_shuffle,recent_oos_2026JanApr,-0.02307869614687633,0.03059742855119318
a7ff24r_1313bae0f47d683a,L5_vol_adjusted_return,24,symbol_shuffle,validation_2025H1,0.14756777489993841,0.6069153997210572
a7ff24r_1313bae0f47d683a,L5_vol_adjusted_return,24,symbol_shuffle,test_2025H2,-0.38623816413639905,0.6790469585386263
a7ff24r_1313bae0f47d683a,L5_vol_adjusted_return,24,symbol_shuffle,recent_oos_2026JanApr,0.024357430774169356,0.03229275792099515
a7ff24r_1313bae0f47d683a,L5_vol_adjusted_return,24,sign_flip,validation_2025H1,-0.21112460809430034,0.8683113640453578
a7ff24r_1313bae0f47d683a,L5_vol_adjusted_return,24,sign_flip,test_2025H2,0.6097295709617067,1.0719681510975518
a7ff24r_1313bae0f47d683a,L5_vol_adjusted_return,24,sign_flip,recent_oos_2026JanApr,0.7666246346684553,1.0163807493963422
a7ff24r_1313bae0f47d683a,L5_vol_adjusted_return,24,same_family_placebo,validation_2025H1,0.05794015732242082,0.23829575098684128
a7ff24r_1313bae0f47d683a,L5_vol_adjusted_return,24,same_family_placebo,test_2025H2,0.0032384397220106323,0.005693514644154647
a7ff24r_1313bae0f47d683a,L5_vol_adjusted_return,24,same_family_placebo,recent_oos_2026JanApr,0.08567672264285107,0.11358905992268742
a7ff24r_1313bae0f47d683a,L7_ranked_future_return,24,one_bar_lag,validation_2025H1,0.001449170524691357,0.7190478155039394
a7ff24r_1313bae0f47d683a,L7_ranked_future_return,24,one_bar_lag,test_2025H2,0.07848344707854407,1.00597460314077
a7ff24r_1313bae0f47d683a,L7_ranked_future_return,24,one_bar_lag,recent_oos_2026JanApr,0.04383306393678161,0.9859949164239906
a7ff24r_1313bae0f47d683a,L7_ranked_future_return,24,wrong_lag_future_24h,validation_2025H1,-0.009061286052575564,4.496018812657287
a7ff24r_1313bae0f47d683a,L7_ranked_future_return,24,wrong_lag_future_24h,test_2025H2,0.06357584011813538,0.8148938777902709
a7ff24r_1313bae0f47d683a,L7_ranked_future_return,24,wrong_lag_future_24h,recent_oos_2026JanApr,0.029800580034057046,0.6703437492401757
a7ff24r_1313bae0f47d683a,L7_ranked_future_return,24,wrong_lag_stale_168h,validation_2025H1,-0.03522808908045977,17.479433970048266
a7ff24r_1313bae0f47d683a,L7_ranked_future_return,24,wrong_lag_stale_168h,test_2025H2,0.0434829315666241,0.5573496890669879
a7ff24r_1313bae0f47d683a,L7_ranked_future_return,24,wrong_lag_stale_168h,recent_oos_2026JanApr,-0.019667278629203918,0.4424020364229432
a7ff24r_1313bae0f47d683a,L7_ranked_future_return,24,time_shuffle,validation_2025H1,0.0058326977627916965,2.8940614740444817
a7ff24r_1313bae0f47d683a,L7_ranked_future_return,24,time_shuffle,test_2025H2,0.042584253922510404,0.5458307392751418
a7ff24r_1313bae0f47d683a,L7_ranked_future_return,24,time_shuffle,recent_oos_2026JanApr,0.0016247190109184315,0.03654694747539042
a7ff24r_1313bae0f47d683a,L7_ranked_future_return,24,symbol_shuffle,validation_2025H1,0.013006282593656873,6.453442798795328
a7ff24r_1313bae0f47d683a,L7_ranked_future_return,24,symbol_shuffle,test_2025H2,0.0447195781449553,0.5732006117413848
a7ff24r_1313bae0f47d683a,L7_ranked_future_return,24,symbol_shuffle,recent_oos_2026JanApr,-0.008947291400595999,0.20126322562062463
a7ff24r_1313bae0f47d683a,L7_ranked_future_return,24,sign_flip,validation_2025H1,-0.002075600654533842,1.0298692190271863
a7ff24r_1313bae0f47d683a,L7_ranked_future_return,24,sign_flip,test_2025H2,-0.08006906196785867,1.026298485034184
a7ff24r_1313bae0f47d683a,L7_ranked_future_return,24,sign_flip,recent_oos_2026JanApr,-0.043469295444870146,0.9778121919788726
a7ff24r_1313bae0f47d683a,L7_ranked_future_return,24,same_family_placebo,validation_2025H1,0.00267134951042997,1.3254672222451418
a7ff24r_1313bae0f47d683a,L7_ranked_future_return,24,same_family_placebo,test_2025H2,0.004723668981481482,0.06054641081524666
a7ff24r_1313bae0f47d683a,L7_ranked_future_return,24,same_family_placebo,recent_oos_2026JanApr,-0.00391215344295445,0.08800122694108255
a7ff24r_1c3b5e472e010cc0,L0_raw_forward_return,1,one_bar_lag,validation_2025H1,-9.565003320947186e-05,0.4147059354380945
a7ff24r_1c3b5e472e010cc0,L0_raw_forward_return,1,one_bar_lag,test_2025H2,-0.0001015945379424523,0.25679390250248707
a7ff24r_1c3b5e472e010cc0,L0_raw_forward_return,1,one_bar_lag,recent_oos_2026JanApr,0.0001634563642416298,0.2637712927490075
a7ff24r_1c3b5e472e010cc0,L0_raw_forward_return,1,wrong_lag_future_24h,validation_2025H1,9.194007378293906e-05,0.3986208161465174
a7ff24r_1c3b5e472e010cc0,L0_raw_forward_return,1,wrong_lag_future_24h,test_2025H2,-2.264042399303865e-05,0.057226726448390386
a7ff24r_1c3b5e472e010cc0,L0_raw_forward_return,1,wrong_lag_future_24h,recent_oos_2026JanApr,0.001326901908977866,2.141235879716688
a7ff24r_1c3b5e472e010cc0,L0_raw_forward_return,1,wrong_lag_stale_168h,validation_2025H1,6.401428014818385e-05,0.27754409527606905
a7ff24r_1c3b5e472e010cc0,L0_raw_forward_return,1,wrong_lag_stale_168h,test_2025H2,-0.0001265835069396727,0.31995689333123395
a7ff24r_1c3b5e472e010cc0,L0_raw_forward_return,1,wrong_lag_stale_168h,recent_oos_2026JanApr,6.86689113893283e-06,0.011081176075869854
a7ff24r_1c3b5e472e010cc0,L0_raw_forward_return,1,time_shuffle,validation_2025H1,4.1335564005734893e-05,0.17921691360335043
a7ff24r_1c3b5e472e010cc0,L0_raw_forward_return,1,time_shuffle,test_2025H2,-8.391672777091303e-05,0.2121108520788596
a7ff24r_1c3b5e472e010cc0,L0_raw_forward_return,1,time_shuffle,recent_oos_2026JanApr,0.000308959995086906,0.4985720665567376
a7ff24r_1c3b5e472e010cc0,L0_raw_forward_return,1,symbol_shuffle,validation_2025H1,-0.0001631407784841864,0.7073227983227068
a7ff24r_1c3b5e472e010cc0,L0_raw_forward_return,1,symbol_shuffle,test_2025H2,-3.721303674561797e-05,0.09406097142041911
a7ff24r_1c3b5e472e010cc0,L0_raw_forward_return,1,symbol_shuffle,recent_oos_2026JanApr,0.00015884593813969135,0.25633139856884346
a7ff24r_1c3b5e472e010cc0,L0_raw_forward_return,1,sign_flip,validation_2025H1,-0.00023103395810366697,1.001684479330206
a7ff24r_1c3b5e472e010cc0,L0_raw_forward_return,1,sign_flip,test_2025H2,-0.00039615979819051687,1.0013473426058177
a7ff24r_1c3b5e472e010cc0,L0_raw_forward_return,1,sign_flip,recent_oos_2026JanApr,-0.0006649045985496307,1.072963700911247
a7ff24r_1c3b5e472e010cc0,L0_raw_forward_return,1,same_family_placebo,validation_2025H1,1.554230663165859e-05,0.06738614294500216
a7ff24r_1c3b5e472e010cc0,L0_raw_forward_return,1,same_family_placebo,test_2025H2,-0.00012837745599812708,0.3244913416287606
a7ff24r_1c3b5e472e010cc0,L0_raw_forward_return,1,same_family_placebo,recent_oos_2026JanApr,-0.00014200143681122933,0.22914924563319647
a7ff24r_1c3b5e472e010cc0,L1_cross_sectional_relative_return,1,one_bar_lag,validation_2025H1,-9.565003320947181e-05,0.41470593543809436
a7ff24r_1c3b5e472e010cc0,L1_cross_sectional_relative_return,1,one_bar_lag,test_2025H2,-0.00010159453794245236,0.2567939025024871
a7ff24r_1c3b5e472e010cc0,L1_cross_sectional_relative_return,1,one_bar_lag,recent_oos_2026JanApr,0.00016345636424162994,0.26377129274900774
a7ff24r_1c3b5e472e010cc0,L1_cross_sectional_relative_return,1,wrong_lag_future_24h,validation_2025H1,9.194007378293906e-05,0.3986208161465175
a7ff24r_1c3b5e472e010cc0,L1_cross_sectional_relative_return,1,wrong_lag_future_24h,test_2025H2,-2.2640423993038744e-05,0.057226726448390615
a7ff24r_1c3b5e472e010cc0,L1_cross_sectional_relative_return,1,wrong_lag_future_24h,recent_oos_2026JanApr,0.001326901908977866,2.141235879716688
a7ff24r_1c3b5e472e010cc0,L1_cross_sectional_relative_return,1,wrong_lag_stale_168h,validation_2025H1,6.401428014818384e-05,0.27754409527606905
a7ff24r_1c3b5e472e010cc0,L1_cross_sectional_relative_return,1,wrong_lag_stale_168h,test_2025H2,-0.00012658350693967268,0.3199568933312338
a7ff24r_1c3b5e472e010cc0,L1_cross_sectional_relative_return,1,wrong_lag_stale_168h,recent_oos_2026JanApr,6.866891138932792e-06,0.011081176075869793
a7ff24r_1c3b5e472e010cc0,L1_cross_sectional_relative_return,1,time_shuffle,validation_2025H1,-0.00015291703001389634,0.6629961103876362
a7ff24r_1c3b5e472e010cc0,L1_cross_sectional_relative_return,1,time_shuffle,test_2025H2,0.00011949401179437172,0.3020372377867053
a7ff24r_1c3b5e472e010cc0,L1_cross_sectional_relative_return,1,time_shuffle,recent_oos_2026JanApr,-0.0001642257703833583,0.26501289171393216
a7ff24r_1c3b5e472e010cc0,L1_cross_sectional_relative_return,1,symbol_shuffle,validation_2025H1,6.775701363709445e-05,0.2937713117289375
a7ff24r_1c3b5e472e010cc0,L1_cross_sectional_relative_return,1,symbol_shuffle,test_2025H2,-2.797640578489704e-05,0.07071414039568051
a7ff24r_1c3b5e472e010cc0,L1_cross_sectional_relative_return,1,symbol_shuffle,recent_oos_2026JanApr,3.448767013457305e-05,0.05565312416866324
a7ff24r_1c3b5e472e010cc0,L1_cross_sectional_relative_return,1,sign_flip,validation_2025H1,-0.00023103395810366694,1.0016844793302062
a7ff24r_1c3b5e472e010cc0,L1_cross_sectional_relative_return,1,sign_flip,test_2025H2,-0.0003961597981905167,1.001347342605817
a7ff24r_1c3b5e472e010cc0,L1_cross_sectional_relative_return,1,sign_flip,recent_oos_2026JanApr,-0.0006649045985496307,1.072963700911247
a7ff24r_1c3b5e472e010cc0,L1_cross_sectional_relative_return,1,same_family_placebo,validation_2025H1,-2.5851949670073087e-05,0.11208524044468961
a7ff24r_1c3b5e472e010cc0,L1_cross_sectional_relative_return,1,same_family_placebo,test_2025H2,-5.556597701122626e-05,0.1404505042501288
a7ff24r_1c3b5e472e010cc0,L1_cross_sectional_relative_return,1,same_family_placebo,recent_oos_2026JanApr,-1.7854727268900663e-05,0.028812365399471126
a7ff24r_1c3b5e472e010cc0,L3_liquidity_tier_relative_return,1,one_bar_lag,validation_2025H1,-0.00012141314703897325,0.5274212105817743
a7ff24r_1c3b5e472e010cc0,L3_liquidity_tier_relative_return,1,one_bar_lag,test_2025H2,-0.00010039740106707648,0.2583457564593007
a7ff24r_1c3b5e472e010cc0,L3_liquidity_tier_relative_return,1,one_bar_lag,recent_oos_2026JanApr,0.00012965876074962857,0.2125177166459878
a7ff24r_1c3b5e472e010cc0,L3_liquidity_tier_relative_return,1,wrong_lag_future_24h,validation_2025H1,0.00011278997270789603,0.4899619637401244
a7ff24r_1c3b5e472e010cc0,L3_liquidity_tier_relative_return,1,wrong_lag_future_24h,test_2025H2,1.650440901344799e-06,0.004246966541140051
a7ff24r_1c3b5e472e010cc0,L3_liquidity_tier_relative_return,1,wrong_lag_future_24h,recent_oos_2026JanApr,0.0012952684271920589,2.12301495864239
a7ff24r_1c3b5e472e010cc0,L3_liquidity_tier_relative_return,1,wrong_lag_stale_168h,validation_2025H1,0.00011217930794603534,0.4873092234412768
a7ff24r_1c3b5e472e010cc0,L3_liquidity_tier_relative_return,1,wrong_lag_stale_168h,test_2025H2,-0.00011062146057159206,0.28465462858851326
a7ff24r_1c3b5e472e010cc0,L3_liquidity_tier_relative_return,1,wrong_lag_stale_168h,recent_oos_2026JanApr,-1.376388181619178e-05,0.022559746204968166
a7ff24r_1c3b5e472e010cc0,L3_liquidity_tier_relative_return,1,time_shuffle,validation_2025H1,-5.000292727144333e-06,0.021721374560591474
a7ff24r_1c3b5e472e010cc0,L3_liquidity_tier_relative_return,1,time_shuffle,test_2025H2,-0.00011850566238179817,0.30494250515789423
a7ff24r_1c3b5e472e010cc0,L3_liquidity_tier_relative_return,1,time_shuffle,recent_oos_2026JanApr,-0.00012201994424089494,0.199997283526559
a7ff24r_1c3b5e472e010cc0,L3_liquidity_tier_relative_return,1,symbol_shuffle,validation_2025H1,0.0001603183021149973,0.6964260052724316
a7ff24r_1c3b5e472e010cc0,L3_liquidity_tier_relative_return,1,symbol_shuffle,test_2025H2,0.00016908548937127318,0.43509610999519704
a7ff24r_1c3b5e472e010cc0,L3_liquidity_tier_relative_return,1,symbol_shuffle,recent_oos_2026JanApr,7.818165069808206e-05,0.1281439510443431
a7ff24r_1c3b5e472e010cc0,L3_liquidity_tier_relative_return,1,sign_flip,validation_2025H1,-0.00023505422479407667,1.0210803921708544
a7ff24r_1c3b5e472e010cc0,L3_liquidity_tier_relative_return,1,sign_flip,test_2025H2,-0.00040083057479544596,1.0314298672767548
a7ff24r_1c3b5e472e010cc0,L3_liquidity_tier_relative_return,1,sign_flip,recent_oos_2026JanApr,-0.0006433554584419298,1.0544943683661059
a7ff24r_1c3b5e472e010cc0,L3_liquidity_tier_relative_return,1,same_family_placebo,validation_2025H1,-0.0002781059286888065,1.2080978803056261
a7ff24r_1c3b5e472e010cc0,L3_liquidity_tier_relative_return,1,same_family_placebo,test_2025H2,-3.458786761676442e-05,0.08900259099134623
a7ff24r_1c3b5e472e010cc0,L3_liquidity_tier_relative_return,1,same_family_placebo,recent_oos_2026JanApr,-0.0002089506503111943,0.342481409193605
a7ff24r_1c3b5e472e010cc0,L5_vol_adjusted_return,1,one_bar_lag,validation_2025H1,-0.010897203360006344,0.3979021313894362
a7ff24r_1c3b5e472e010cc0,L5_vol_adjusted_return,1,one_bar_lag,test_2025H2,-0.007697095074326459,0.15742484734567083
a7ff24r_1c3b5e472e010cc0,L5_vol_adjusted_return,1,one_bar_lag,recent_oos_2026JanApr,0.021624630349494023,0.3179055474138829
a7ff24r_1c3b5e472e010cc0,L5_vol_adjusted_return,1,wrong_lag_future_24h,validation_2025H1,0.011291020295046464,0.41228202250946644
a7ff24r_1c3b5e472e010cc0,L5_vol_adjusted_return,1,wrong_lag_future_24h,test_2025H2,0.004186294833727965,0.08562020070945585
a7ff24r_1c3b5e472e010cc0,L5_vol_adjusted_return,1,wrong_lag_future_24h,recent_oos_2026JanApr,0.10992574765203585,1.616027854229586
a7ff24r_1c3b5e472e010cc0,L5_vol_adjusted_return,1,wrong_lag_stale_168h,validation_2025H1,-0.000523873235670111,0.019128786548670618
a7ff24r_1c3b5e472e010cc0,L5_vol_adjusted_return,1,wrong_lag_stale_168h,test_2025H2,0.0005706663127636987,0.011671553528264478
a7ff24r_1c3b5e472e010cc0,L5_vol_adjusted_return,1,wrong_lag_stale_168h,recent_oos_2026JanApr,-0.016151136448327556,0.23743924362998542
a7ff24r_1c3b5e472e010cc0,L5_vol_adjusted_return,1,time_shuffle,validation_2025H1,0.01896522575251198,0.6924991210957769
a7ff24r_1c3b5e472e010cc0,L5_vol_adjusted_return,1,time_shuffle,test_2025H2,0.0024498840428906735,0.05010625667767366
a7ff24r_1c3b5e472e010cc0,L5_vol_adjusted_return,1,time_shuffle,recent_oos_2026JanApr,0.026582545864821908,0.39079228908107505
a7ff24r_1c3b5e472e010cc0,L5_vol_adjusted_return,1,symbol_shuffle,validation_2025H1,-0.0041924429761999275,0.1530834968246065
a7ff24r_1c3b5e472e010cc0,L5_vol_adjusted_return,1,symbol_shuffle,test_2025H2,0.006508409674193132,0.13311325760291434
a7ff24r_1c3b5e472e010cc0,L5_vol_adjusted_return,1,symbol_shuffle,recent_oos_2026JanApr,0.03763300327409628,0.5532460122242022
a7ff24r_1c3b5e472e010cc0,L5_vol_adjusted_return,1,sign_flip,validation_2025H1,-0.026198476121536703,0.9566151189004365
a7ff24r_1c3b5e472e010cc0,L5_vol_adjusted_return,1,sign_flip,test_2025H2,-0.04738317061241307,0.9691043605909643
a7ff24r_1c3b5e472e010cc0,L5_vol_adjusted_return,1,sign_flip,recent_oos_2026JanApr,-0.06950541068993127,1.0218050101432765
a7ff24r_1c3b5e472e010cc0,L5_vol_adjusted_return,1,same_family_placebo,validation_2025H1,-0.0135076403535836,0.49322002252968355
a7ff24r_1c3b5e472e010cc0,L5_vol_adjusted_return,1,same_family_placebo,test_2025H2,-0.0028043373029485786,0.05735571245507601
a7ff24r_1c3b5e472e010cc0,L5_vol_adjusted_return,1,same_family_placebo,recent_oos_2026JanApr,0.00662467201605567,0.09738987208865219
a7ff24r_1c3b5e472e010cc0,L7_ranked_future_return,1,one_bar_lag,validation_2025H1,0.005889980296708392,0.3409208436019399
a7ff24r_1c3b5e472e010cc0,L7_ranked_future_return,1,one_bar_lag,test_2025H2,0.009913540539844432,0.48980184278652844
a7ff24r_1c3b5e472e010cc0,L7_ranked_future_return,1,one_bar_lag,recent_oos_2026JanApr,0.011155701076598154,1.3165583798776543
a7ff24r_1c3b5e472e010cc0,L7_ranked_future_return,1,wrong_lag_future_24h,validation_2025H1,-0.001942480554267758,0.11243367140148422
a7ff24r_1c3b5e472e010cc0,L7_ranked_future_return,1,wrong_lag_future_24h,test_2025H2,0.004177210503271004,0.20638493321191245
a7ff24r_1c3b5e472e010cc0,L7_ranked_future_return,1,wrong_lag_future_24h,recent_oos_2026JanApr,-0.011351043759336526,1.3396120673277856
a7ff24r_1c3b5e472e010cc0,L7_ranked_future_return,1,wrong_lag_stale_168h,validation_2025H1,-0.0047835213516715614,0.276877349744469
a7ff24r_1c3b5e472e010cc0,L7_ranked_future_return,1,wrong_lag_stale_168h,test_2025H2,0.004035391876577553,0.1993780496049184
a7ff24r_1c3b5e472e010cc0,L7_ranked_future_return,1,wrong_lag_stale_168h,recent_oos_2026JanApr,0.0006138766548189351,0.0724476613853109
a7ff24r_1c3b5e472e010cc0,L7_ranked_future_return,1,time_shuffle,validation_2025H1,0.003048939499304588,0.17647716525895515
a7ff24r_1c3b5e472e010cc0,L7_ranked_future_return,1,time_shuffle,test_2025H2,0.0070018318910008755,0.3459420122719879
a7ff24r_1c3b5e472e010cc0,L7_ranked_future_return,1,time_shuffle,recent_oos_2026JanApr,0.004859821520685028,0.5735398164432293
a7ff24r_1c3b5e472e010cc0,L7_ranked_future_return,1,symbol_shuffle,validation_2025H1,0.0007742878483490439,0.0448169353974591
a7ff24r_1c3b5e472e010cc0,L7_ranked_future_return,1,symbol_shuffle,test_2025H2,-0.0011196588626178332,0.05531938584386816
a7ff24r_1c3b5e472e010cc0,L7_ranked_future_return,1,symbol_shuffle,recent_oos_2026JanApr,0.0024365921032297936,0.28755841787301933
a7ff24r_1c3b5e472e010cc0,L7_ranked_future_return,1,sign_flip,validation_2025H1,0.017858683614073046,1.0336872411495872
a7ff24r_1c3b5e472e010cc0,L7_ranked_future_return,1,sign_flip,test_2025H2,0.02151103641889456,1.062803469242485
a7ff24r_1c3b5e472e010cc0,L7_ranked_future_return,1,sign_flip,recent_oos_2026JanApr,0.010950136506464743,1.2922983396025685
a7ff24r_1c3b5e472e010cc0,L7_ranked_future_return,1,same_family_placebo,validation_2025H1,0.002168730361098233,0.1255293476387252
a7ff24r_1c3b5e472e010cc0,L7_ranked_future_return,1,same_family_placebo,test_2025H2,0.0014784712563745952,0.07304735810265367
a7ff24r_1c3b5e472e010cc0,L7_ranked_future_return,1,same_family_placebo,recent_oos_2026JanApr,-0.0012094826920105075,0.14273908583152842
a7ff24r_1c3b5e472e010cc0,L0_raw_forward_return,4,one_bar_lag,validation_2025H1,4.968343183030848e-05,0.17998461766309432
a7ff24r_1c3b5e472e010cc0,L0_raw_forward_return,4,one_bar_lag,test_2025H2,-0.00039816079617107064,6.692949976378098
a7ff24r_1c3b5e472e010cc0,L0_raw_forward_return,4,one_bar_lag,recent_oos_2026JanApr,0.00027540675345618423,0.3306172795746924
a7ff24r_1c3b5e472e010cc0,L0_raw_forward_return,4,wrong_lag_future_24h,validation_2025H1,0.0002898923674514292,1.0501723612289922
a7ff24r_1c3b5e472e010cc0,L0_raw_forward_return,4,wrong_lag_future_24h,test_2025H2,-0.0003550964273043282,5.96905232155835
a7ff24r_1c3b5e472e010cc0,L0_raw_forward_return,4,wrong_lag_future_24h,recent_oos_2026JanApr,0.004920828460469948,5.907302193710108
a7ff24r_1c3b5e472e010cc0,L0_raw_forward_return,4,wrong_lag_stale_168h,validation_2025H1,0.0005900814484449096,2.1376458907102536
a7ff24r_1c3b5e472e010cc0,L0_raw_forward_return,4,wrong_lag_stale_168h,test_2025H2,-0.0007232655413531111,12.15785214030601
a7ff24r_1c3b5e472e010cc0,L0_raw_forward_return,4,wrong_lag_stale_168h,recent_oos_2026JanApr,0.00015859344188486578,0.1903865161487528
a7ff24r_1c3b5e472e010cc0,L0_raw_forward_return,4,time_shuffle,validation_2025H1,4.461229161538874e-05,0.16161376043616904
a7ff24r_1c3b5e472e010cc0,L0_raw_forward_return,4,time_shuffle,test_2025H2,-0.0004163748925408134,6.999122851859392
a7ff24r_1c3b5e472e010cc0,L0_raw_forward_return,4,time_shuffle,recent_oos_2026JanApr,0.0009166779353975793,1.1004434765813036
a7ff24r_1c3b5e472e010cc0,L0_raw_forward_return,4,symbol_shuffle,validation_2025H1,7.778762458448565e-05,0.281795668173191
a7ff24r_1c3b5e472e010cc0,L0_raw_forward_return,4,symbol_shuffle,test_2025H2,-0.00020153877602808445,3.3877995001719996
a7ff24r_1c3b5e472e010cc0,L0_raw_forward_return,4,symbol_shuffle,recent_oos_2026JanApr,0.00045201848214517523,0.5426341910968986
a7ff24r_1c3b5e472e010cc0,L0_raw_forward_return,4,sign_flip,validation_2025H1,-0.0001506220438896953,0.5456477135821135
a7ff24r_1c3b5e472e010cc0,L0_raw_forward_return,4,sign_flip,test_2025H2,-2.2097295499673903e-05,0.3714481556567373
a7ff24r_1c3b5e472e010cc0,L0_raw_forward_return,4,sign_flip,recent_oos_2026JanApr,-0.001038024263294833,1.2461159857420179
a7ff24r_1c3b5e472e010cc0,L0_raw_forward_return,4,same_family_placebo,validation_2025H1,0.00019598505046215645,0.7099810354403704
a7ff24r_1c3b5e472e010cc0,L0_raw_forward_return,4,same_family_placebo,test_2025H2,-0.0004995867881547719,8.3978870198528
a7ff24r_1c3b5e472e010cc0,L0_raw_forward_return,4,same_family_placebo,recent_oos_2026JanApr,0.0005717394843421364,0.6863555470825002
a7ff24r_1c3b5e472e010cc0,L1_cross_sectional_relative_return,4,one_bar_lag,validation_2025H1,4.968343183030843e-05,0.1799846176630941
a7ff24r_1c3b5e472e010cc0,L1_cross_sectional_relative_return,4,one_bar_lag,test_2025H2,-0.0003981607961710708,6.692949976378131
a7ff24r_1c3b5e472e010cc0,L1_cross_sectional_relative_return,4,one_bar_lag,recent_oos_2026JanApr,0.0002754067534561844,0.3306172795746926
a7ff24r_1c3b5e472e010cc0,L1_cross_sectional_relative_return,4,wrong_lag_future_24h,validation_2025H1,0.0002898923674514294,1.0501723612289928
a7ff24r_1c3b5e472e010cc0,L1_cross_sectional_relative_return,4,wrong_lag_future_24h,test_2025H2,-0.00035509642730432815,5.969052321558377
a7ff24r_1c3b5e472e010cc0,L1_cross_sectional_relative_return,4,wrong_lag_future_24h,recent_oos_2026JanApr,0.004920828460469949,5.907302193710109
a7ff24r_1c3b5e472e010cc0,L1_cross_sectional_relative_return,4,wrong_lag_stale_168h,validation_2025H1,0.0005900814484449096,2.137645890710253
a7ff24r_1c3b5e472e010cc0,L1_cross_sectional_relative_return,4,wrong_lag_stale_168h,test_2025H2,-0.0007232655413531111,12.157852140306067
a7ff24r_1c3b5e472e010cc0,L1_cross_sectional_relative_return,4,wrong_lag_stale_168h,recent_oos_2026JanApr,0.0001585934418848653,0.1903865161487522
a7ff24r_1c3b5e472e010cc0,L1_cross_sectional_relative_return,4,time_shuffle,validation_2025H1,-0.00020147700996196014,0.7298763646150825
a7ff24r_1c3b5e472e010cc0,L1_cross_sectional_relative_return,4,time_shuffle,test_2025H2,-0.0005809091378949725,9.764888552918979
a7ff24r_1c3b5e472e010cc0,L1_cross_sectional_relative_return,4,time_shuffle,recent_oos_2026JanApr,0.00018480779539199407,0.22185603580857086
a7ff24r_1c3b5e472e010cc0,L1_cross_sectional_relative_return,4,symbol_shuffle,validation_2025H1,-0.00037358895641834844,1.3533740123622484
a7ff24r_1c3b5e472e010cc0,L1_cross_sectional_relative_return,4,symbol_shuffle,test_2025H2,7.643555895716478e-07,0.012848562124559442
a7ff24r_1c3b5e472e010cc0,L1_cross_sectional_relative_return,4,symbol_shuffle,recent_oos_2026JanApr,-0.00037916667555665327,0.45517785313810283
a7ff24r_1c3b5e472e010cc0,L1_cross_sectional_relative_return,4,sign_flip,validation_2025H1,-0.00015062204388969529,0.5456477135821133
a7ff24r_1c3b5e472e010cc0,L1_cross_sectional_relative_return,4,sign_flip,test_2025H2,-2.209729549967371e-05,0.3714481556567357
a7ff24r_1c3b5e472e010cc0,L1_cross_sectional_relative_return,4,sign_flip,recent_oos_2026JanApr,-0.0010380242632948334,1.2461159857420185
a7ff24r_1c3b5e472e010cc0,L1_cross_sectional_relative_return,4,same_family_placebo,validation_2025H1,-4.705069438190403e-05,0.17044718786805102
a7ff24r_1c3b5e472e010cc0,L1_cross_sectional_relative_return,4,same_family_placebo,test_2025H2,-0.0004874625245425495,8.194082198691687
a7ff24r_1c3b5e472e010cc0,L1_cross_sectional_relative_return,4,same_family_placebo,recent_oos_2026JanApr,8.919153860784159e-05,0.10707168028941295
a7ff24r_1c3b5e472e010cc0,L3_liquidity_tier_relative_return,4,one_bar_lag,validation_2025H1,2.290610159476324e-06,0.009117843563368798
a7ff24r_1c3b5e472e010cc0,L3_liquidity_tier_relative_return,4,one_bar_lag,test_2025H2,-0.0003787941517687346,8.16886071294616
a7ff24r_1c3b5e472e010cc0,L3_liquidity_tier_relative_return,4,one_bar_lag,recent_oos_2026JanApr,5.688931885968081e-05,0.08416649732890781
a7ff24r_1c3b5e472e010cc0,L3_liquidity_tier_relative_return,4,wrong_lag_future_24h,validation_2025H1,0.0003377923094642415,1.3445925845837279
a7ff24r_1c3b5e472e010cc0,L3_liquidity_tier_relative_return,4,wrong_lag_future_24h,test_2025H2,-0.00021732410936412758,4.686688985748929
a7ff24r_1c3b5e472e010cc0,L3_liquidity_tier_relative_return,4,wrong_lag_future_24h,recent_oos_2026JanApr,0.004579957539496058,6.775946552731656
a7ff24r_1c3b5e472e010cc0,L3_liquidity_tier_relative_return,4,wrong_lag_stale_168h,validation_2025H1,0.0006808895457392474,2.7103015920452482
a7ff24r_1c3b5e472e010cc0,L3_liquidity_tier_relative_return,4,wrong_lag_stale_168h,test_2025H2,-0.000609157762908102,13.136752228540852
a7ff24r_1c3b5e472e010cc0,L3_liquidity_tier_relative_return,4,wrong_lag_stale_168h,recent_oos_2026JanApr,6.013095983640661e-05,0.08896243393138029
a7ff24r_1c3b5e472e010cc0,L3_liquidity_tier_relative_return,4,time_shuffle,validation_2025H1,0.00033788651645353285,1.3449675783762685
a7ff24r_1c3b5e472e010cc0,L3_liquidity_tier_relative_return,4,time_shuffle,test_2025H2,-0.00032952410186745,7.106330647251728
a7ff24r_1c3b5e472e010cc0,L3_liquidity_tier_relative_return,4,time_shuffle,recent_oos_2026JanApr,-0.0004044156137818378,0.5983240151124679
a7ff24r_1c3b5e472e010cc0,L3_liquidity_tier_relative_return,4,symbol_shuffle,validation_2025H1,0.00024030142493466615,0.9565271469457756
a7ff24r_1c3b5e472e010cc0,L3_liquidity_tier_relative_return,4,symbol_shuffle,test_2025H2,-0.00023818867478611993,5.13664241816746
a7ff24r_1c3b5e472e010cc0,L3_liquidity_tier_relative_return,4,symbol_shuffle,recent_oos_2026JanApr,-0.0007113584397287458,1.0524391822127968
a7ff24r_1c3b5e472e010cc0,L3_liquidity_tier_relative_return,4,sign_flip,validation_2025H1,-0.00014471231936599978,0.5760317984327394
a7ff24r_1c3b5e472e010cc0,L3_liquidity_tier_relative_return,4,sign_flip,test_2025H2,-3.225666053455518e-05,0.6956289207243189
a7ff24r_1c3b5e472e010cc0,L3_liquidity_tier_relative_return,4,sign_flip,recent_oos_2026JanApr,-0.0008822493264359542,1.3052684944261097
a7ff24r_1c3b5e472e010cc0,L3_liquidity_tier_relative_return,4,same_family_placebo,validation_2025H1,5.140379769173943e-05,0.20461438362933387
a7ff24r_1c3b5e472e010cc0,L3_liquidity_tier_relative_return,4,same_family_placebo,test_2025H2,0.00016219343257418124,3.497771950983089
a7ff24r_1c3b5e472e010cc0,L3_liquidity_tier_relative_return,4,same_family_placebo,recent_oos_2026JanApr,0.00040707789722813965,0.6022628049778317
a7ff24r_1c3b5e472e010cc0,L5_vol_adjusted_return,4,one_bar_lag,validation_2025H1,-0.011482935207069027,0.49006800876536394
a7ff24r_1c3b5e472e010cc0,L5_vol_adjusted_return,4,one_bar_lag,test_2025H2,-0.01276547645793819,0.3410274151161495
a7ff24r_1c3b5e472e010cc0,L5_vol_adjusted_return,4,one_bar_lag,recent_oos_2026JanApr,0.05919379513761252,0.5686978578681998
a7ff24r_1c3b5e472e010cc0,L5_vol_adjusted_return,4,wrong_lag_future_24h,validation_2025H1,0.021633447474177066,0.9232709525238303
a7ff24r_1c3b5e472e010cc0,L5_vol_adjusted_return,4,wrong_lag_future_24h,test_2025H2,-0.027385906131373042,0.7316095728481801
a7ff24r_1c3b5e472e010cc0,L5_vol_adjusted_return,4,wrong_lag_future_24h,recent_oos_2026JanApr,0.4361257169602089,4.190029722201509
a7ff24r_1c3b5e472e010cc0,L5_vol_adjusted_return,4,wrong_lag_stale_168h,validation_2025H1,0.03711284657766996,1.583899803835568
a7ff24r_1c3b5e472e010cc0,L5_vol_adjusted_return,4,wrong_lag_stale_168h,test_2025H2,-0.0431512784706857,1.1527786686460981
a7ff24r_1c3b5e472e010cc0,L5_vol_adjusted_return,4,wrong_lag_stale_168h,recent_oos_2026JanApr,-0.018463921993061818,0.17739009402740102
a7ff24r_1c3b5e472e010cc0,L5_vol_adjusted_return,4,time_shuffle,validation_2025H1,0.023544717409989615,1.0048400143330571
a7ff24r_1c3b5e472e010cc0,L5_vol_adjusted_return,4,time_shuffle,test_2025H2,-0.006668681086226179,0.17815261972892993
a7ff24r_1c3b5e472e010cc0,L5_vol_adjusted_return,4,time_shuffle,recent_oos_2026JanApr,-0.000634101116865092,0.006092056540633484
a7ff24r_1c3b5e472e010cc0,L5_vol_adjusted_return,4,symbol_shuffle,validation_2025H1,-0.022473850596415473,0.9591376257435859
a7ff24r_1c3b5e472e010cc0,L5_vol_adjusted_return,4,symbol_shuffle,test_2025H2,-0.036017089359765504,0.9621900854887522
a7ff24r_1c3b5e472e010cc0,L5_vol_adjusted_return,4,symbol_shuffle,recent_oos_2026JanApr,0.029461520667141403,0.283048310283063
a7ff24r_1c3b5e472e010cc0,L5_vol_adjusted_return,4,sign_flip,validation_2025H1,-0.00955311974741003,0.4077074622199571
a7ff24r_1c3b5e472e010cc0,L5_vol_adjusted_return,4,sign_flip,test_2025H2,-0.03405611591851296,0.9098030315479714
a7ff24r_1c3b5e472e010cc0,L5_vol_adjusted_return,4,sign_flip,recent_oos_2026JanApr,-0.12024469473980239,1.1552376420461985
a7ff24r_1c3b5e472e010cc0,L5_vol_adjusted_return,4,same_family_placebo,validation_2025H1,0.00042263719845487863,0.018037284591612805
a7ff24r_1c3b5e472e010cc0,L5_vol_adjusted_return,4,same_family_placebo,test_2025H2,0.02174074761172531,0.5808001749992481
a7ff24r_1c3b5e472e010cc0,L5_vol_adjusted_return,4,same_family_placebo,recent_oos_2026JanApr,0.011283326307429203,0.10840331297807887
a7ff24r_1c3b5e472e010cc0,L7_ranked_future_return,4,one_bar_lag,validation_2025H1,0.001784929133043659,0.18977562752966864
a7ff24r_1c3b5e472e010cc0,L7_ranked_future_return,4,one_bar_lag,test_2025H2,0.02001417662424995,168.79686434901035
a7ff24r_1c3b5e472e010cc0,L7_ranked_future_return,4,one_bar_lag,recent_oos_2026JanApr,0.01625502728636458,2.090157971315736
a7ff24r_1c3b5e472e010cc0,L7_ranked_future_return,4,wrong_lag_future_24h,validation_2025H1,0.0017905060262776733,0.1903685689487749
a7ff24r_1c3b5e472e010cc0,L7_ranked_future_return,4,wrong_lag_future_24h,test_2025H2,0.021378656502172563,180.3047034764813
a7ff24r_1c3b5e472e010cc0,L7_ranked_future_return,4,wrong_lag_future_24h,recent_oos_2026JanApr,-0.032718016113180225,4.207056744959471
a7ff24r_1c3b5e472e010cc0,L7_ranked_future_return,4,wrong_lag_stale_168h,validation_2025H1,-0.011325457790192426,1.204135121896725
a7ff24r_1c3b5e472e010cc0,L7_ranked_future_return,4,wrong_lag_stale_168h,test_2025H2,0.01560746107490172,131.6312201772315
a7ff24r_1c3b5e472e010cc0,L7_ranked_future_return,4,wrong_lag_stale_168h,recent_oos_2026JanApr,-0.007114660924891371,0.9148409893992936
a7ff24r_1c3b5e472e010cc0,L7_ranked_future_return,4,time_shuffle,validation_2025H1,0.0003635363098020873,0.03865158007974743
a7ff24r_1c3b5e472e010cc0,L7_ranked_future_return,4,time_shuffle,test_2025H2,0.006742059797227395,56.86162235855446
a7ff24r_1c3b5e472e010cc0,L7_ranked_future_return,4,time_shuffle,recent_oos_2026JanApr,-0.007698214100972483,0.9898773643733119
a7ff24r_1c3b5e472e010cc0,L7_ranked_future_return,4,symbol_shuffle,validation_2025H1,0.01099981572004966,1.169512499033248
a7ff24r_1c3b5e472e010cc0,L7_ranked_future_return,4,symbol_shuffle,test_2025H2,0.003249712264638941,27.407634628493327
a7ff24r_1c3b5e472e010cc0,L7_ranked_future_return,4,symbol_shuffle,recent_oos_2026JanApr,0.008530383560935238,1.0968821450841828
a7ff24r_1c3b5e472e010cc0,L7_ranked_future_return,4,sign_flip,validation_2025H1,0.006681683866128702,0.7104039735668437
a7ff24r_1c3b5e472e010cc0,L7_ranked_future_return,4,sign_flip,test_2025H2,0.0005049108990275217,4.258350374914783
a7ff24r_1c3b5e472e010cc0,L7_ranked_future_return,4,sign_flip,recent_oos_2026JanApr,-0.0029044298313676796,0.3734670546663896
a7ff24r_1c3b5e472e010cc0,L7_ranked_future_return,4,same_family_placebo,validation_2025H1,-0.00116241852886406,0.12358961579114718
a7ff24r_1c3b5e472e010cc0,L7_ranked_future_return,4,same_family_placebo,test_2025H2,0.001572360593834057,13.261077027948094
a7ff24r_1c3b5e472e010cc0,L7_ranked_future_return,4,same_family_placebo,recent_oos_2026JanApr,-0.007104800331057316,0.9135730617335279
a7ff24r_1c3b5e472e010cc0,L0_raw_forward_return,8,one_bar_lag,validation_2025H1,-0.00013656522689248216,3.5661365295053074
a7ff24r_1c3b5e472e010cc0,L0_raw_forward_return,8,one_bar_lag,test_2025H2,-0.0003121857818827466,3.5462449522583253
a7ff24r_1c3b5e472e010cc0,L0_raw_forward_return,8,one_bar_lag,recent_oos_2026JanApr,5.329432844957053e-06,0.006506768805197244
a7ff24r_1c3b5e472e010cc0,L0_raw_forward_return,8,wrong_lag_future_24h,validation_2025H1,0.0007587492506627595,19.813267850779656
a7ff24r_1c3b5e472e010cc0,L0_raw_forward_return,8,wrong_lag_future_24h,test_2025H2,-0.000784798721760842,8.914847078552949
a7ff24r_1c3b5e472e010cc0,L0_raw_forward_return,8,wrong_lag_future_24h,recent_oos_2026JanApr,0.009551424223358848,11.661448973986932
a7ff24r_1c3b5e472e010cc0,L0_raw_forward_return,8,wrong_lag_stale_168h,validation_2025H1,0.000607912815255512,15.874466337934482
a7ff24r_1c3b5e472e010cc0,L0_raw_forward_return,8,wrong_lag_stale_168h,test_2025H2,-0.0015311285203563141,17.392710051771964
a7ff24r_1c3b5e472e010cc0,L0_raw_forward_return,8,wrong_lag_stale_168h,recent_oos_2026JanApr,0.0001423973036543243,0.17385458459034653
a7ff24r_1c3b5e472e010cc0,L0_raw_forward_return,8,time_shuffle,validation_2025H1,0.0003163474756677709,8.260801923492668
a7ff24r_1c3b5e472e010cc0,L0_raw_forward_return,8,time_shuffle,test_2025H2,-0.0005619976225059006,6.383959000225291
a7ff24r_1c3b5e472e010cc0,L0_raw_forward_return,8,time_shuffle,recent_oos_2026JanApr,0.0011904231062956027,1.4534019206864874
a7ff24r_1c3b5e472e010cc0,L0_raw_forward_return,8,symbol_shuffle,validation_2025H1,0.0001841189837709732,4.807910833099546
a7ff24r_1c3b5e472e010cc0,L0_raw_forward_return,8,symbol_shuffle,test_2025H2,-0.0008988308996591278,10.210184850914093
a7ff24r_1c3b5e472e010cc0,L0_raw_forward_return,8,symbol_shuffle,recent_oos_2026JanApr,-0.0008342768502165299,1.018578663398258
a7ff24r_1c3b5e472e010cc0,L0_raw_forward_return,8,sign_flip,validation_2025H1,9.181605421748734e-05,2.3975985131105597
a7ff24r_1c3b5e472e010cc0,L0_raw_forward_return,8,sign_flip,test_2025H2,-4.1143574801602734e-05,0.4673665583938952
a7ff24r_1c3b5e472e010cc0,L0_raw_forward_return,8,sign_flip,recent_oos_2026JanApr,-0.001073386980048159,1.3105111033139438
a7ff24r_1c3b5e472e010cc0,L0_raw_forward_return,8,same_family_placebo,validation_2025H1,4.0564956981142464e-06,0.10592753235943032
a7ff24r_1c3b5e472e010cc0,L0_raw_forward_return,8,same_family_placebo,test_2025H2,-0.0004171976858391668,4.739117773328567
a7ff24r_1c3b5e472e010cc0,L0_raw_forward_return,8,same_family_placebo,recent_oos_2026JanApr,-0.0007744663362039265,0.945555285841625
a7ff24r_1c3b5e472e010cc0,L1_cross_sectional_relative_return,8,one_bar_lag,validation_2025H1,-0.00013656522689248202,3.566136529505297
a7ff24r_1c3b5e472e010cc0,L1_cross_sectional_relative_return,8,one_bar_lag,test_2025H2,-0.0003121857818827468,3.5462449522583306
a7ff24r_1c3b5e472e010cc0,L1_cross_sectional_relative_return,8,one_bar_lag,recent_oos_2026JanApr,5.329432844957053e-06,0.006506768805197244
a7ff24r_1c3b5e472e010cc0,L1_cross_sectional_relative_return,8,wrong_lag_future_24h,validation_2025H1,0.0007587492506627598,19.813267850779624
a7ff24r_1c3b5e472e010cc0,L1_cross_sectional_relative_return,8,wrong_lag_future_24h,test_2025H2,-0.0007847987217608422,8.91484707855296
a7ff24r_1c3b5e472e010cc0,L1_cross_sectional_relative_return,8,wrong_lag_future_24h,recent_oos_2026JanApr,0.009551424223358848,11.661448973986932
a7ff24r_1c3b5e472e010cc0,L1_cross_sectional_relative_return,8,wrong_lag_stale_168h,validation_2025H1,0.000607912815255512,15.87446633793445
a7ff24r_1c3b5e472e010cc0,L1_cross_sectional_relative_return,8,wrong_lag_stale_168h,test_2025H2,-0.0015311285203563143,17.392710051771985
a7ff24r_1c3b5e472e010cc0,L1_cross_sectional_relative_return,8,wrong_lag_stale_168h,recent_oos_2026JanApr,0.00014239730365432464,0.17385458459034692
a7ff24r_1c3b5e472e010cc0,L1_cross_sectional_relative_return,8,time_shuffle,validation_2025H1,7.777078407908293e-05,2.0308334730848996
a7ff24r_1c3b5e472e010cc0,L1_cross_sectional_relative_return,8,time_shuffle,test_2025H2,-0.0008825692554932401,10.025462237376374
a7ff24r_1c3b5e472e010cc0,L1_cross_sectional_relative_return,8,time_shuffle,recent_oos_2026JanApr,0.0004313243259013507,0.5266090689843855
a7ff24r_1c3b5e472e010cc0,L1_cross_sectional_relative_return,8,symbol_shuffle,validation_2025H1,0.00019083506302818864,4.983288241530637
a7ff24r_1c3b5e472e010cc0,L1_cross_sectional_relative_return,8,symbol_shuffle,test_2025H2,-0.0005810053488372051,6.59987547518383
a7ff24r_1c3b5e472e010cc0,L1_cross_sectional_relative_return,8,symbol_shuffle,recent_oos_2026JanApr,-0.00022148812946694903,0.2704175272422719
a7ff24r_1c3b5e472e010cc0,L1_cross_sectional_relative_return,8,sign_flip,validation_2025H1,9.181605421748719e-05,2.3975985131105513
a7ff24r_1c3b5e472e010cc0,L1_cross_sectional_relative_return,8,sign_flip,test_2025H2,-4.1143574801602815e-05,0.4673665583938965
a7ff24r_1c3b5e472e010cc0,L1_cross_sectional_relative_return,8,sign_flip,recent_oos_2026JanApr,-0.001073386980048159,1.3105111033139438
a7ff24r_1c3b5e472e010cc0,L1_cross_sectional_relative_return,8,same_family_placebo,validation_2025H1,-0.000318684619326036,8.321831905751624
a7ff24r_1c3b5e472e010cc0,L1_cross_sectional_relative_return,8,same_family_placebo,test_2025H2,0.0007199822799808114,8.178570819911203
a7ff24r_1c3b5e472e010cc0,L1_cross_sectional_relative_return,8,same_family_placebo,recent_oos_2026JanApr,0.0007112627511627135,0.8683892669636611
a7ff24r_1c3b5e472e010cc0,L3_liquidity_tier_relative_return,8,one_bar_lag,validation_2025H1,0.0001215829928534463,1.7951039816794285
a7ff24r_1c3b5e472e010cc0,L3_liquidity_tier_relative_return,8,one_bar_lag,test_2025H2,0.00022169226549234765,1.438411129974104
a7ff24r_1c3b5e472e010cc0,L3_liquidity_tier_relative_return,8,one_bar_lag,recent_oos_2026JanApr,0.00021235553268156355,0.36961310978899165
a7ff24r_1c3b5e472e010cc0,L3_liquidity_tier_relative_return,8,wrong_lag_future_24h,validation_2025H1,-0.0009073955140669303,13.397180494010415
a7ff24r_1c3b5e472e010cc0,L3_liquidity_tier_relative_return,8,wrong_lag_future_24h,test_2025H2,0.0005055937349679877,3.2804556983889634
a7ff24r_1c3b5e472e010cc0,L3_liquidity_tier_relative_return,8,wrong_lag_future_24h,recent_oos_2026JanApr,-0.008979105263170752,15.628483880473802
a7ff24r_1c3b5e472e010cc0,L3_liquidity_tier_relative_return,8,wrong_lag_stale_168h,validation_2025H1,-0.0007219839411074866,10.659683702249962
a7ff24r_1c3b5e472e010cc0,L3_liquidity_tier_relative_return,8,wrong_lag_stale_168h,test_2025H2,0.001284986997734717,8.337411299887801
a7ff24r_1c3b5e472e010cc0,L3_liquidity_tier_relative_return,8,wrong_lag_stale_168h,recent_oos_2026JanApr,8.028802596630353e-05,0.1397444492332794
a7ff24r_1c3b5e472e010cc0,L3_liquidity_tier_relative_return,8,time_shuffle,validation_2025H1,3.8862552168347986e-05,0.5737835572094864
a7ff24r_1c3b5e472e010cc0,L3_liquidity_tier_relative_return,8,time_shuffle,test_2025H2,0.0007055520369715833,4.577849842897912
a7ff24r_1c3b5e472e010cc0,L3_liquidity_tier_relative_return,8,time_shuffle,recent_oos_2026JanApr,-0.0005992140296754476,1.0429554537185066
a7ff24r_1c3b5e472e010cc0,L3_liquidity_tier_relative_return,8,symbol_shuffle,validation_2025H1,0.00041203125587880576,6.083407972165693
a7ff24r_1c3b5e472e010cc0,L3_liquidity_tier_relative_return,8,symbol_shuffle,test_2025H2,0.00018604765777448552,1.207137385032815
a7ff24r_1c3b5e472e010cc0,L3_liquidity_tier_relative_return,8,symbol_shuffle,recent_oos_2026JanApr,-0.000882183565909754,1.5354749983820635
a7ff24r_1c3b5e472e010cc0,L3_liquidity_tier_relative_return,8,sign_flip,validation_2025H1,-5.825946559658126e-05,0.8601679906744811
a7ff24r_1c3b5e472e010cc0,L3_liquidity_tier_relative_return,8,sign_flip,test_2025H2,0.00014174558513763128,0.9196912072410509
a7ff24r_1c3b5e472e010cc0,L3_liquidity_tier_relative_return,8,sign_flip,recent_oos_2026JanApr,0.0008536228489763544,1.4857639535590086
a7ff24r_1c3b5e472e010cc0,L3_liquidity_tier_relative_return,8,same_family_placebo,validation_2025H1,6.644350855206281e-05,0.9810007465627072
a7ff24r_1c3b5e472e010cc0,L3_liquidity_tier_relative_return,8,same_family_placebo,test_2025H2,-0.00015148740030957215,0.982899255290675
a7ff24r_1c3b5e472e010cc0,L3_liquidity_tier_relative_return,8,same_family_placebo,recent_oos_2026JanApr,-0.0002718954014412591,0.47324457995040037
a7ff24r_1c3b5e472e010cc0,L5_vol_adjusted_return,8,one_bar_lag,validation_2025H1,-0.033652984533367944,6.977393306834376
a7ff24r_1c3b5e472e010cc0,L5_vol_adjusted_return,8,one_bar_lag,test_2025H2,0.03522341857636261,0.44229241994786933
a7ff24r_1c3b5e472e010cc0,L5_vol_adjusted_return,8,one_bar_lag,recent_oos_2026JanApr,0.09455036489405279,0.5900300829962651
a7ff24r_1c3b5e472e010cc0,L5_vol_adjusted_return,8,wrong_lag_future_24h,validation_2025H1,0.056872529496431186,11.791584376645067
a7ff24r_1c3b5e472e010cc0,L5_vol_adjusted_return,8,wrong_lag_future_24h,test_2025H2,-0.0416927434447467,0.5235262543431114
a7ff24r_1c3b5e472e010cc0,L5_vol_adjusted_return,8,wrong_lag_future_24h,recent_oos_2026JanApr,0.8996725073214359,5.614297150086559
a7ff24r_1c3b5e472e010cc0,L5_vol_adjusted_return,8,wrong_lag_stale_168h,validation_2025H1,0.0363493468830048,7.536439729373874
a7ff24r_1c3b5e472e010cc0,L5_vol_adjusted_return,8,wrong_lag_stale_168h,test_2025H2,-0.12152823081115703,1.5260022300481808
a7ff24r_1c3b5e472e010cc0,L5_vol_adjusted_return,8,wrong_lag_stale_168h,recent_oos_2026JanApr,-0.10291352572250696,0.6422193736801588
a7ff24r_1c3b5e472e010cc0,L5_vol_adjusted_return,8,time_shuffle,validation_2025H1,0.04655379378777577,9.652164100349006
a7ff24r_1c3b5e472e010cc0,L5_vol_adjusted_return,8,time_shuffle,test_2025H2,-0.0038016717543351898,0.047736723692138855
a7ff24r_1c3b5e472e010cc0,L5_vol_adjusted_return,8,time_shuffle,recent_oos_2026JanApr,0.053389250076889216,0.33316913889516603
a7ff24r_1c3b5e472e010cc0,L5_vol_adjusted_return,8,symbol_shuffle,validation_2025H1,0.023200965766019307,4.810338978624777
a7ff24r_1c3b5e472e010cc0,L5_vol_adjusted_return,8,symbol_shuffle,test_2025H2,-0.11172941276497587,1.4029607104728294
a7ff24r_1c3b5e472e010cc0,L5_vol_adjusted_return,8,symbol_shuffle,recent_oos_2026JanApr,-0.028795300658400618,0.1796935808382819
a7ff24r_1c3b5e472e010cc0,L5_vol_adjusted_return,8,sign_flip,validation_2025H1,0.01972328568580927,4.089299164432098
a7ff24r_1c3b5e472e010cc0,L5_vol_adjusted_return,8,sign_flip,test_2025H2,-0.07223355298466823,0.907020222405702
a7ff24r_1c3b5e472e010cc0,L5_vol_adjusted_return,8,sign_flip,recent_oos_2026JanApr,-0.17774504106830866,1.1091963680015935
a7ff24r_1c3b5e472e010cc0,L5_vol_adjusted_return,8,same_family_placebo,validation_2025H1,-0.008533396663147843,1.7692595645706846
a7ff24r_1c3b5e472e010cc0,L5_vol_adjusted_return,8,same_family_placebo,test_2025H2,0.04208401785911216,0.5284393977740421
a7ff24r_1c3b5e472e010cc0,L5_vol_adjusted_return,8,same_family_placebo,recent_oos_2026JanApr,0.003699411573678024,0.023085729180426295
a7ff24r_1c3b5e472e010cc0,L7_ranked_future_return,8,one_bar_lag,validation_2025H1,0.012074669033499791,3.66586057988896
a7ff24r_1c3b5e472e010cc0,L7_ranked_future_return,8,one_bar_lag,test_2025H2,0.022465895495214317,2.4284697633962695
a7ff24r_1c3b5e472e010cc0,L7_ranked_future_return,8,one_bar_lag,recent_oos_2026JanApr,0.02407228594465252,1.576764590010328
a7ff24r_1c3b5e472e010cc0,L7_ranked_future_return,8,wrong_lag_future_24h,validation_2025H1,-0.00014581382646691637,0.044268969771745874
a7ff24r_1c3b5e472e010cc0,L7_ranked_future_return,8,wrong_lag_future_24h,test_2025H2,0.03303300886912193,3.5707307215842694
a7ff24r_1c3b5e472e010cc0,L7_ranked_future_return,8,wrong_lag_future_24h,recent_oos_2026JanApr,-0.04379746670828132,2.8687883982665543
a7ff24r_1c3b5e472e010cc0,L7_ranked_future_return,8,wrong_lag_stale_168h,validation_2025H1,-0.005114944210362049,1.552893275755708
a7ff24r_1c3b5e472e010cc0,L7_ranked_future_return,8,wrong_lag_stale_168h,test_2025H2,0.01970900632022472,2.1304615222414536
a7ff24r_1c3b5e472e010cc0,L7_ranked_future_return,8,wrong_lag_stale_168h,recent_oos_2026JanApr,-0.0030789963066999576,0.2016780774513665
a7ff24r_1c3b5e472e010cc0,L7_ranked_future_return,8,time_shuffle,validation_2025H1,-0.006671185757386603,2.025367057371995
a7ff24r_1c3b5e472e010cc0,L7_ranked_future_return,8,time_shuffle,test_2025H2,0.01112858601227632,1.2029538126323371
a7ff24r_1c3b5e472e010cc0,L7_ranked_future_return,8,time_shuffle,recent_oos_2026JanApr,0.006199465310380803,0.40607266800007846
a7ff24r_1c3b5e472e010cc0,L7_ranked_future_return,8,symbol_shuffle,validation_2025H1,-0.0059230161516853905,1.798223318938927
a7ff24r_1c3b5e472e010cc0,L7_ranked_future_return,8,symbol_shuffle,test_2025H2,-0.0019466227111943402,0.21042181006686053
a7ff24r_1c3b5e472e010cc0,L7_ranked_future_return,8,symbol_shuffle,recent_oos_2026JanApr,0.0007845011444028298,0.05138579809832084
a7ff24r_1c3b5e472e010cc0,L7_ranked_future_return,8,sign_flip,validation_2025H1,-0.005219712338743236,1.5847008019740907
a7ff24r_1c3b5e472e010cc0,L7_ranked_future_return,8,sign_flip,test_2025H2,-0.009971666276529338,1.0778956061817446
a7ff24r_1c3b5e472e010cc0,L7_ranked_future_return,8,sign_flip,recent_oos_2026JanApr,-0.010747633166874737,0.7039833044070825
a7ff24r_1c3b5e472e010cc0,L7_ranked_future_return,8,same_family_placebo,validation_2025H1,-1.219179151061068e-05,0.003701418877235956
a7ff24r_1c3b5e472e010cc0,L7_ranked_future_return,8,same_family_placebo,test_2025H2,0.0053145644766957965,0.5744822920602007
a7ff24r_1c3b5e472e010cc0,L7_ranked_future_return,8,same_family_placebo,recent_oos_2026JanApr,-0.0011726877861007088,0.07681250465836863
a7ff24r_1c3b5e472e010cc0,L0_raw_forward_return,24,one_bar_lag,validation_2025H1,0.0002358637773763079,0.9527944928673805
a7ff24r_1c3b5e472e010cc0,L0_raw_forward_return,24,one_bar_lag,test_2025H2,-0.0022017498256647924,1.3017364264248525
a7ff24r_1c3b5e472e010cc0,L0_raw_forward_return,24,one_bar_lag,recent_oos_2026JanApr,-0.005261837009177188,1.1798343587430598
a7ff24r_1c3b5e472e010cc0,L0_raw_forward_return,24,wrong_lag_future_24h,validation_2025H1,0.0035171775011678535,14.207977972824589
a7ff24r_1c3b5e472e010cc0,L0_raw_forward_return,24,wrong_lag_future_24h,test_2025H2,-0.0012834001185018419,0.7587822487631569
a7ff24r_1c3b5e472e010cc0,L0_raw_forward_return,24,wrong_lag_future_24h,recent_oos_2026JanApr,0.030869915932934977,6.921800771415731
a7ff24r_1c3b5e472e010cc0,L0_raw_forward_return,24,wrong_lag_stale_168h,validation_2025H1,-7.804487525197356e-05,0.3152698060031643
a7ff24r_1c3b5e472e010cc0,L0_raw_forward_return,24,wrong_lag_stale_168h,test_2025H2,-0.0016103525572581134,0.9520857268769669
a7ff24r_1c3b5e472e010cc0,L0_raw_forward_return,24,wrong_lag_stale_168h,recent_oos_2026JanApr,-8.771974993142745e-05,0.01966894351325244
a7ff24r_1c3b5e472e010cc0,L0_raw_forward_return,24,time_shuffle,validation_2025H1,0.0005371365470273629,2.1698149229118533
a7ff24r_1c3b5e472e010cc0,L0_raw_forward_return,24,time_shuffle,test_2025H2,-0.0017004268160410066,1.0053401622238654
a7ff24r_1c3b5e472e010cc0,L0_raw_forward_return,24,time_shuffle,recent_oos_2026JanApr,0.0010254291069265896,0.229926637920772
a7ff24r_1c3b5e472e010cc0,L0_raw_forward_return,24,symbol_shuffle,validation_2025H1,-0.000777222577182578,3.1396656133861196
a7ff24r_1c3b5e472e010cc0,L0_raw_forward_return,24,symbol_shuffle,test_2025H2,0.0019291425186097285,1.1405633187599002
a7ff24r_1c3b5e472e010cc0,L0_raw_forward_return,24,symbol_shuffle,recent_oos_2026JanApr,0.0038077510477840075,0.8537922227313477
a7ff24r_1c3b5e472e010cc0,L0_raw_forward_return,24,sign_flip,validation_2025H1,-0.000216237351440079,0.8735116510731796
a7ff24r_1c3b5e472e010cc0,L0_raw_forward_return,24,sign_flip,test_2025H2,0.0018567525898527954,1.0977643567385238
a7ff24r_1c3b5e472e010cc0,L0_raw_forward_return,24,sign_flip,recent_oos_2026JanApr,0.003950534771019122,0.8858078747266935
a7ff24r_1c3b5e472e010cc0,L0_raw_forward_return,24,same_family_placebo,validation_2025H1,-0.0004556326757129426,1.8405721684729017
a7ff24r_1c3b5e472e010cc0,L0_raw_forward_return,24,same_family_placebo,test_2025H2,0.00014702827057291724,0.08692724908527108
a7ff24r_1c3b5e472e010cc0,L0_raw_forward_return,24,same_family_placebo,recent_oos_2026JanApr,0.0004118393899596127,0.09234460545065702
a7ff24r_1c3b5e472e010cc0,L1_cross_sectional_relative_return,24,one_bar_lag,validation_2025H1,0.0002358637773763079,0.9527944928673805
a7ff24r_1c3b5e472e010cc0,L1_cross_sectional_relative_return,24,one_bar_lag,test_2025H2,-0.0022017498256647924,1.3017364264248525
a7ff24r_1c3b5e472e010cc0,L1_cross_sectional_relative_return,24,one_bar_lag,recent_oos_2026JanApr,-0.005261837009177189,1.17983435874306
a7ff24r_1c3b5e472e010cc0,L1_cross_sectional_relative_return,24,wrong_lag_future_24h,validation_2025H1,0.0035171775011678535,14.207977972824589
a7ff24r_1c3b5e472e010cc0,L1_cross_sectional_relative_return,24,wrong_lag_future_24h,test_2025H2,-0.0012834001185018419,0.7587822487631569
a7ff24r_1c3b5e472e010cc0,L1_cross_sectional_relative_return,24,wrong_lag_future_24h,recent_oos_2026JanApr,0.030869915932934974,6.92180077141573
a7ff24r_1c3b5e472e010cc0,L1_cross_sectional_relative_return,24,wrong_lag_stale_168h,validation_2025H1,-7.804487525197348e-05,0.31526980600316395
a7ff24r_1c3b5e472e010cc0,L1_cross_sectional_relative_return,24,wrong_lag_stale_168h,test_2025H2,-0.0016103525572581134,0.9520857268769669
a7ff24r_1c3b5e472e010cc0,L1_cross_sectional_relative_return,24,wrong_lag_stale_168h,recent_oos_2026JanApr,-8.771974993142682e-05,0.019668943513252296
a7ff24r_1c3b5e472e010cc0,L1_cross_sectional_relative_return,24,time_shuffle,validation_2025H1,0.001158340410353049,4.679227883683454
a7ff24r_1c3b5e472e010cc0,L1_cross_sectional_relative_return,24,time_shuffle,test_2025H2,-0.002068286006729847,1.2228288626806691
a7ff24r_1c3b5e472e010cc0,L1_cross_sectional_relative_return,24,time_shuffle,recent_oos_2026JanApr,0.0006667864123222553,0.14951005092493966
a7ff24r_1c3b5e472e010cc0,L1_cross_sectional_relative_return,24,symbol_shuffle,validation_2025H1,0.00032250838715187593,1.3028037564733523
a7ff24r_1c3b5e472e010cc0,L1_cross_sectional_relative_return,24,symbol_shuffle,test_2025H2,-0.0006314049746767844,0.3733043808074161
a7ff24r_1c3b5e472e010cc0,L1_cross_sectional_relative_return,24,symbol_shuffle,recent_oos_2026JanApr,0.0019095951162503362,0.4281785858267025
a7ff24r_1c3b5e472e010cc0,L1_cross_sectional_relative_return,24,sign_flip,validation_2025H1,-0.00021623735144007893,0.8735116510731793
a7ff24r_1c3b5e472e010cc0,L1_cross_sectional_relative_return,24,sign_flip,test_2025H2,0.0018567525898527954,1.0977643567385238
a7ff24r_1c3b5e472e010cc0,L1_cross_sectional_relative_return,24,sign_flip,recent_oos_2026JanApr,0.003950534771019122,0.8858078747266935
a7ff24r_1c3b5e472e010cc0,L1_cross_sectional_relative_return,24,same_family_placebo,validation_2025H1,7.673740018969095e-05,0.30998813429943006
a7ff24r_1c3b5e472e010cc0,L1_cross_sectional_relative_return,24,same_family_placebo,test_2025H2,-0.0008568915601436855,0.5066183924861952
a7ff24r_1c3b5e472e010cc0,L1_cross_sectional_relative_return,24,same_family_placebo,recent_oos_2026JanApr,0.001006855034602795,0.22576187024150518
a7ff24r_1c3b5e472e010cc0,L3_liquidity_tier_relative_return,24,one_bar_lag,validation_2025H1,-0.0002762252275889243,0.8806889638012347
a7ff24r_1c3b5e472e010cc0,L3_liquidity_tier_relative_return,24,one_bar_lag,test_2025H2,0.0015243013253325125,1.4062314002942162
a7ff24r_1c3b5e472e010cc0,L3_liquidity_tier_relative_return,24,one_bar_lag,recent_oos_2026JanApr,0.004921443320458325,1.1899666185189488
a7ff24r_1c3b5e472e010cc0,L3_liquidity_tier_relative_return,24,wrong_lag_future_24h,validation_2025H1,-0.0037444499219859437,11.938430644383482
a7ff24r_1c3b5e472e010cc0,L3_liquidity_tier_relative_return,24,wrong_lag_future_24h,test_2025H2,0.00036631828655347737,0.3379438622092019
a7ff24r_1c3b5e472e010cc0,L3_liquidity_tier_relative_return,24,wrong_lag_future_24h,recent_oos_2026JanApr,-0.029791112183358604,7.20325862118198
a7ff24r_1c3b5e472e010cc0,L3_liquidity_tier_relative_return,24,wrong_lag_stale_168h,validation_2025H1,-0.0002527463566332441,0.8058312735255547
a7ff24r_1c3b5e472e010cc0,L3_liquidity_tier_relative_return,24,wrong_lag_stale_168h,test_2025H2,0.0011772257114538096,1.0860397043339995
a7ff24r_1c3b5e472e010cc0,L3_liquidity_tier_relative_return,24,wrong_lag_stale_168h,recent_oos_2026JanApr,0.00018982609024829054,0.045898468398574324
a7ff24r_1c3b5e472e010cc0,L3_liquidity_tier_relative_return,24,time_shuffle,validation_2025H1,-0.000828981251439523,2.643041136081221
a7ff24r_1c3b5e472e010cc0,L3_liquidity_tier_relative_return,24,time_shuffle,test_2025H2,0.0019655285767779334,1.813281899651824
a7ff24r_1c3b5e472e010cc0,L3_liquidity_tier_relative_return,24,time_shuffle,recent_oos_2026JanApr,-0.002483539433559766,0.600500468922673
a7ff24r_1c3b5e472e010cc0,L3_liquidity_tier_relative_return,24,symbol_shuffle,validation_2025H1,0.0014532873335077595,4.633516377284461
a7ff24r_1c3b5e472e010cc0,L3_liquidity_tier_relative_return,24,symbol_shuffle,test_2025H2,-0.0007425381637845401,0.6850223538333875
a7ff24r_1c3b5e472e010cc0,L3_liquidity_tier_relative_return,24,symbol_shuffle,recent_oos_2026JanApr,-0.0030281503358255382,0.732183138330598
a7ff24r_1c3b5e472e010cc0,L3_liquidity_tier_relative_return,24,sign_flip,validation_2025H1,0.0002165670464540036,0.6904807696236571
a7ff24r_1c3b5e472e010cc0,L3_liquidity_tier_relative_return,24,sign_flip,test_2025H2,-0.0012090083235882594,1.1153604865337303
a7ff24r_1c3b5e472e010cc0,L3_liquidity_tier_relative_return,24,sign_flip,recent_oos_2026JanApr,-0.003631045818017741,0.8779585646739809
a7ff24r_1c3b5e472e010cc0,L3_liquidity_tier_relative_return,24,same_family_placebo,validation_2025H1,-0.00020109719876899363,0.6411582502911737
a7ff24r_1c3b5e472e010cc0,L3_liquidity_tier_relative_return,24,same_family_placebo,test_2025H2,-0.00034389540572766033,0.31725782160929583
a7ff24r_1c3b5e472e010cc0,L3_liquidity_tier_relative_return,24,same_family_placebo,recent_oos_2026JanApr,0.00030749343047009554,0.07434951371932388
a7ff24r_1c3b5e472e010cc0,L5_vol_adjusted_return,24,one_bar_lag,validation_2025H1,0.003982244686018026,0.3485453446798281
a7ff24r_1c3b5e472e010cc0,L5_vol_adjusted_return,24,one_bar_lag,test_2025H2,-0.08087637765352967,2.766551730175721
a7ff24r_1c3b5e472e010cc0,L5_vol_adjusted_return,24,one_bar_lag,recent_oos_2026JanApr,-0.3823898736094089,1.2375542170598182
a7ff24r_1c3b5e472e010cc0,L5_vol_adjusted_return,24,wrong_lag_future_24h,validation_2025H1,0.25173951507420084,22.033461770729815
a7ff24r_1c3b5e472e010cc0,L5_vol_adjusted_return,24,wrong_lag_future_24h,test_2025H2,0.028284303672543767,0.9675258899120144
a7ff24r_1c3b5e472e010cc0,L5_vol_adjusted_return,24,wrong_lag_future_24h,recent_oos_2026JanApr,2.9733765824107206,9.622939785868732
a7ff24r_1c3b5e472e010cc0,L5_vol_adjusted_return,24,wrong_lag_stale_168h,validation_2025H1,-0.05677087859811934,4.9688622897113
a7ff24r_1c3b5e472e010cc0,L5_vol_adjusted_return,24,wrong_lag_stale_168h,test_2025H2,-0.07428415302399513,2.5410504035377337
a7ff24r_1c3b5e472e010cc0,L5_vol_adjusted_return,24,wrong_lag_stale_168h,recent_oos_2026JanApr,-0.4504103593740502,1.4576935168009866
a7ff24r_1c3b5e472e010cc0,L5_vol_adjusted_return,24,time_shuffle,validation_2025H1,0.03267365600271226,2.8597566426293506
a7ff24r_1c3b5e472e010cc0,L5_vol_adjusted_return,24,time_shuffle,test_2025H2,-0.17551150469419366,6.003751293827566
a7ff24r_1c3b5e472e010cc0,L5_vol_adjusted_return,24,time_shuffle,recent_oos_2026JanApr,0.10994885849556685,0.3558349289110305
a7ff24r_1c3b5e472e010cc0,L5_vol_adjusted_return,24,symbol_shuffle,validation_2025H1,0.1740865775276182,15.236900530381083
a7ff24r_1c3b5e472e010cc0,L5_vol_adjusted_return,24,symbol_shuffle,test_2025H2,0.20486351391767085,7.00780036547637
a7ff24r_1c3b5e472e010cc0,L5_vol_adjusted_return,24,symbol_shuffle,recent_oos_2026JanApr,0.2692280234531725,0.8713208658749249
a7ff24r_1c3b5e472e010cc0,L5_vol_adjusted_return,24,sign_flip,validation_2025H1,-0.008132073016986706,0.7117584217310777
a7ff24r_1c3b5e472e010cc0,L5_vol_adjusted_return,24,sign_flip,test_2025H2,0.04253330760524382,1.4549439423397317
a7ff24r_1c3b5e472e010cc0,L5_vol_adjusted_return,24,sign_flip,recent_oos_2026JanApr,0.27113878984111334,0.8775048084016763
a7ff24r_1c3b5e472e010cc0,L5_vol_adjusted_return,24,same_family_placebo,validation_2025H1,0.008936454636099971,0.7821617974132224
a7ff24r_1c3b5e472e010cc0,L5_vol_adjusted_return,24,same_family_placebo,test_2025H2,-0.025795852535765825,0.8824030271225445
a7ff24r_1c3b5e472e010cc0,L5_vol_adjusted_return,24,same_family_placebo,recent_oos_2026JanApr,0.013145116845247298,0.042542430927960555
a7ff24r_1c3b5e472e010cc0,L7_ranked_future_return,24,one_bar_lag,validation_2025H1,0.013861200909961685,1.3799791397635839
a7ff24r_1c3b5e472e010cc0,L7_ranked_future_return,24,one_bar_lag,test_2025H2,0.03232908285440613,1.2788172803367923
a7ff24r_1c3b5e472e010cc0,L7_ranked_future_return,24,one_bar_lag,recent_oos_2026JanApr,0.030277179118773943,1.2591504002489669
a7ff24r_1c3b5e472e010cc0,L7_ranked_future_return,24,wrong_lag_future_24h,validation_2025H1,-0.02953708692528735,2.9406228270587063
a7ff24r_1c3b5e472e010cc0,L7_ranked_future_return,24,wrong_lag_future_24h,test_2025H2,0.042364353847381866,1.675774967521255
a7ff24r_1c3b5e472e010cc0,L7_ranked_future_return,24,wrong_lag_future_24h,recent_oos_2026JanApr,-0.08474533711153683,3.524341707152613
a7ff24r_1c3b5e472e010cc0,L7_ranked_future_return,24,wrong_lag_stale_168h,validation_2025H1,0.001096460594934015,0.10916029270553962
a7ff24r_1c3b5e472e010cc0,L7_ranked_future_return,24,wrong_lag_stale_168h,test_2025H2,0.022543169965942956,0.8917232646483251
a7ff24r_1c3b5e472e010cc0,L7_ranked_future_return,24,wrong_lag_stale_168h,recent_oos_2026JanApr,-0.004113701974244357,0.17107833814554183
a7ff24r_1c3b5e472e010cc0,L7_ranked_future_return,24,time_shuffle,validation_2025H1,-0.00660521582733813,0.6575952628182544
a7ff24r_1c3b5e472e010cc0,L7_ranked_future_return,24,time_shuffle,test_2025H2,0.016920182125372496,0.6692989524576952
a7ff24r_1c3b5e472e010cc0,L7_ranked_future_return,24,time_shuffle,recent_oos_2026JanApr,0.003478125665176669,0.1446463458911806
a7ff24r_1c3b5e472e010cc0,L7_ranked_future_return,24,symbol_shuffle,validation_2025H1,0.00928586632609621,0.924472699579484
a7ff24r_1c3b5e472e010cc0,L7_ranked_future_return,24,symbol_shuffle,test_2025H2,-0.0029940433429118786,0.11843312667532771
a7ff24r_1c3b5e472e010cc0,L7_ranked_future_return,24,symbol_shuffle,recent_oos_2026JanApr,-0.00744207974137931,0.309497052162036
a7ff24r_1c3b5e472e010cc0,L7_ranked_future_return,24,sign_flip,validation_2025H1,-0.011602260935504469,1.155085924307142
a7ff24r_1c3b5e472e010cc0,L7_ranked_future_return,24,sign_flip,test_2025H2,-0.025446333546189873,1.0065615287210776
a7ff24r_1c3b5e472e010cc0,L7_ranked_future_return,24,sign_flip,recent_oos_2026JanApr,-0.017325939894636006,0.7205415031380207
a7ff24r_1c3b5e472e010cc0,L7_ranked_future_return,24,same_family_placebo,validation_2025H1,-0.0020721916240953615,0.20630111585709102
a7ff24r_1c3b5e472e010cc0,L7_ranked_future_return,24,same_family_placebo,test_2025H2,-0.008764617257343548,0.346695390484961
a7ff24r_1c3b5e472e010cc0,L7_ranked_future_return,24,same_family_placebo,recent_oos_2026JanApr,0.004251975574712645,0.17682878334687674
a7ff24r_3c18085739c75d99,L0_raw_forward_return,1,one_bar_lag,validation_2025H1,0.00013236694727823006,0.9341302713213588
a7ff24r_3c18085739c75d99,L0_raw_forward_return,1,one_bar_lag,test_2025H2,-0.0002455228315433821,1.043374685856331
a7ff24r_3c18085739c75d99,L0_raw_forward_return,1,one_bar_lag,recent_oos_2026JanApr,-0.0005294317217132518,1.134548945640562
a7ff24r_3c18085739c75d99,L0_raw_forward_return,1,wrong_lag_future_24h,validation_2025H1,0.00021334873739411745,1.5056289961052365
a7ff24r_3c18085739c75d99,L0_raw_forward_return,1,wrong_lag_future_24h,test_2025H2,-0.0001868750812710948,0.7941450006499833
a7ff24r_3c18085739c75d99,L0_raw_forward_return,1,wrong_lag_future_24h,recent_oos_2026JanApr,0.0007563193703647043,1.6207592197876628
a7ff24r_3c18085739c75d99,L0_raw_forward_return,1,wrong_lag_stale_168h,validation_2025H1,0.00014538154856915707,1.0259759570081242
a7ff24r_3c18085739c75d99,L0_raw_forward_return,1,wrong_lag_stale_168h,test_2025H2,-0.0001342673394586659,0.5705829565740319
a7ff24r_3c18085739c75d99,L0_raw_forward_return,1,wrong_lag_stale_168h,recent_oos_2026JanApr,9.22530633298043e-05,0.19769426621102607
a7ff24r_3c18085739c75d99,L0_raw_forward_return,1,time_shuffle,validation_2025H1,-5.2248705280173515e-05,0.36872571471311205
a7ff24r_3c18085739c75d99,L0_raw_forward_return,1,time_shuffle,test_2025H2,-0.00023394302513725607,0.9941650999480892
a7ff24r_3c18085739c75d99,L0_raw_forward_return,1,time_shuffle,recent_oos_2026JanApr,0.0003055173652764809,0.6547103062272699
a7ff24r_3c18085739c75d99,L0_raw_forward_return,1,symbol_shuffle,validation_2025H1,9.266846779285034e-05,0.6539730857456048
a7ff24r_3c18085739c75d99,L0_raw_forward_return,1,symbol_shuffle,test_2025H2,-0.00021199050328987295,0.9008755861285954
a7ff24r_3c18085739c75d99,L0_raw_forward_return,1,symbol_shuffle,recent_oos_2026JanApr,-0.0003344685191783492,0.7167513585241562
a7ff24r_3c18085739c75d99,L0_raw_forward_return,1,sign_flip,validation_2025H1,-0.0001518957634274148,1.071947594324797
a7ff24r_3c18085739c75d99,L0_raw_forward_return,1,sign_flip,test_2025H2,0.00020868118370154167,0.8868122900018429
a7ff24r_3c18085739c75d99,L0_raw_forward_return,1,sign_flip,recent_oos_2026JanApr,0.0004070842187033017,0.8723636158826381
a7ff24r_3c18085739c75d99,L0_raw_forward_return,1,same_family_placebo,validation_2025H1,9.416054717874386e-05,0.6645028784940016
a7ff24r_3c18085739c75d99,L0_raw_forward_return,1,same_family_placebo,test_2025H2,5.173152856195955e-06,0.02198384851743017
a7ff24r_3c18085739c75d99,L0_raw_forward_return,1,same_family_placebo,recent_oos_2026JanApr,9.002365123603106e-05,0.1929167339313137
a7ff24r_3c18085739c75d99,L1_cross_sectional_relative_return,1,one_bar_lag,validation_2025H1,0.00013236694727823006,0.9341302713213585
a7ff24r_3c18085739c75d99,L1_cross_sectional_relative_return,1,one_bar_lag,test_2025H2,-0.00024552283154338214,1.0433746858563313
a7ff24r_3c18085739c75d99,L1_cross_sectional_relative_return,1,one_bar_lag,recent_oos_2026JanApr,-0.0005294317217132518,1.134548945640562
a7ff24r_3c18085739c75d99,L1_cross_sectional_relative_return,1,wrong_lag_future_24h,validation_2025H1,0.0002133487373941175,1.5056289961052363
a7ff24r_3c18085739c75d99,L1_cross_sectional_relative_return,1,wrong_lag_future_24h,test_2025H2,-0.0001868750812710949,0.7941450006499835
a7ff24r_3c18085739c75d99,L1_cross_sectional_relative_return,1,wrong_lag_future_24h,recent_oos_2026JanApr,0.0007563193703647041,1.6207592197876624
a7ff24r_3c18085739c75d99,L1_cross_sectional_relative_return,1,wrong_lag_stale_168h,validation_2025H1,0.00014538154856915704,1.0259759570081235
a7ff24r_3c18085739c75d99,L1_cross_sectional_relative_return,1,wrong_lag_stale_168h,test_2025H2,-0.00013426733945866594,0.5705829565740319
a7ff24r_3c18085739c75d99,L1_cross_sectional_relative_return,1,wrong_lag_stale_168h,recent_oos_2026JanApr,9.225306332980422e-05,0.1976942662110259
a7ff24r_3c18085739c75d99,L1_cross_sectional_relative_return,1,time_shuffle,validation_2025H1,4.7259926374298346e-05,0.3335192716491048
a7ff24r_3c18085739c75d99,L1_cross_sectional_relative_return,1,time_shuffle,test_2025H2,-0.00018662704182652597,0.7930909313565894
a7ff24r_3c18085739c75d99,L1_cross_sectional_relative_return,1,time_shuffle,recent_oos_2026JanApr,0.0002292471254923054,0.49126652947194294
a7ff24r_3c18085739c75d99,L1_cross_sectional_relative_return,1,symbol_shuffle,validation_2025H1,-1.6965418614625058e-05,0.11972710272035247
a7ff24r_3c18085739c75d99,L1_cross_sectional_relative_return,1,symbol_shuffle,test_2025H2,-4.1855822980654116e-05,0.177870652106673
a7ff24r_3c18085739c75d99,L1_cross_sectional_relative_return,1,symbol_shuffle,recent_oos_2026JanApr,0.0001680336650687768,0.3600887701231375
a7ff24r_3c18085739c75d99,L1_cross_sectional_relative_return,1,sign_flip,validation_2025H1,-0.00015189576342741483,1.0719475943247967
a7ff24r_3c18085739c75d99,L1_cross_sectional_relative_return,1,sign_flip,test_2025H2,0.0002086811837015416,0.8868122900018426
a7ff24r_3c18085739c75d99,L1_cross_sectional_relative_return,1,sign_flip,recent_oos_2026JanApr,0.0004070842187033016,0.8723636158826378
a7ff24r_3c18085739c75d99,L1_cross_sectional_relative_return,1,same_family_placebo,validation_2025H1,-1.7001644483762844e-05,0.1199827532559458
a7ff24r_3c18085739c75d99,L1_cross_sectional_relative_return,1,same_family_placebo,test_2025H2,8.791927569395303e-05,0.3736220622793115
a7ff24r_3c18085739c75d99,L1_cross_sectional_relative_return,1,same_family_placebo,recent_oos_2026JanApr,0.00019333252051600616,0.4143031071120211
a7ff24r_3c18085739c75d99,L3_liquidity_tier_relative_return,1,one_bar_lag,validation_2025H1,-0.0001174589565704497,0.9037595806117681
a7ff24r_3c18085739c75d99,L3_liquidity_tier_relative_return,1,one_bar_lag,test_2025H2,0.00016473092742716136,1.0992537928347537
a7ff24r_3c18085739c75d99,L3_liquidity_tier_relative_return,1,one_bar_lag,recent_oos_2026JanApr,0.0005428210363331276,1.1106320573153956
a7ff24r_3c18085739c75d99,L3_liquidity_tier_relative_return,1,wrong_lag_future_24h,validation_2025H1,-0.0001975614238904711,1.5200886744913837
a7ff24r_3c18085739c75d99,L3_liquidity_tier_relative_return,1,wrong_lag_future_24h,test_2025H2,0.00011801914661483775,0.7875448561463662
a7ff24r_3c18085739c75d99,L3_liquidity_tier_relative_return,1,wrong_lag_future_24h,recent_oos_2026JanApr,-0.0006966563824443188,1.4253849049453562
a7ff24r_3c18085739c75d99,L3_liquidity_tier_relative_return,1,wrong_lag_stale_168h,validation_2025H1,-0.00014078992421556895,1.08327407784445
a7ff24r_3c18085739c75d99,L3_liquidity_tier_relative_return,1,wrong_lag_stale_168h,test_2025H2,7.003416396824743e-05,0.46733981027422683
a7ff24r_3c18085739c75d99,L3_liquidity_tier_relative_return,1,wrong_lag_stale_168h,recent_oos_2026JanApr,-6.567042978227218e-05,0.13436414518230053
a7ff24r_3c18085739c75d99,L3_liquidity_tier_relative_return,1,time_shuffle,validation_2025H1,1.201520422498307e-05,0.09244808781203928
a7ff24r_3c18085739c75d99,L3_liquidity_tier_relative_return,1,time_shuffle,test_2025H2,-2.3800758051048066e-05,0.15882308178909113
a7ff24r_3c18085739c75d99,L3_liquidity_tier_relative_return,1,time_shuffle,recent_oos_2026JanApr,-0.00023169222087010463,0.474050913109819
a7ff24r_3c18085739c75d99,L3_liquidity_tier_relative_return,1,symbol_shuffle,validation_2025H1,2.6852768954660115e-05,0.20661214706238742
a7ff24r_3c18085739c75d99,L3_liquidity_tier_relative_return,1,symbol_shuffle,test_2025H2,0.00031715912814977255,2.1164111681757976
a7ff24r_3c18085739c75d99,L3_liquidity_tier_relative_return,1,symbol_shuffle,recent_oos_2026JanApr,-0.00016272434777879442,0.3329400761063299
a7ff24r_3c18085739c75d99,L3_liquidity_tier_relative_return,1,sign_flip,validation_2025H1,0.00014346669753535632,1.1038698638408362
a7ff24r_3c18085739c75d99,L3_liquidity_tier_relative_return,1,sign_flip,test_2025H2,-0.00013279702365370986,0.886158016642343
a7ff24r_3c18085739c75d99,L3_liquidity_tier_relative_return,1,sign_flip,recent_oos_2026JanApr,-0.000415517372733057,0.8501640202565586
a7ff24r_3c18085739c75d99,L3_liquidity_tier_relative_return,1,same_family_placebo,validation_2025H1,6.213702369555467e-05,0.4780983257064445
a7ff24r_3c18085739c75d99,L3_liquidity_tier_relative_return,1,same_family_placebo,test_2025H2,3.3589839447769224e-05,0.2241458783141813
a7ff24r_3c18085739c75d99,L3_liquidity_tier_relative_return,1,same_family_placebo,recent_oos_2026JanApr,-5.799771648478062e-05,0.1186654880109624
a7ff24r_3c18085739c75d99,L5_vol_adjusted_return,1,one_bar_lag,validation_2025H1,0.012890013340907475,0.9092340832209146
a7ff24r_3c18085739c75d99,L5_vol_adjusted_return,1,one_bar_lag,test_2025H2,-0.022237794725982953,1.0816057043758183
a7ff24r_3c18085739c75d99,L5_vol_adjusted_return,1,one_bar_lag,recent_oos_2026JanApr,-0.029353394558709684,1.095507073229552
a7ff24r_3c18085739c75d99,L5_vol_adjusted_return,1,wrong_lag_future_24h,validation_2025H1,0.025392493173524235,1.7911323782770603
a7ff24r_3c18085739c75d99,L5_vol_adjusted_return,1,wrong_lag_future_24h,test_2025H2,-0.009857732771763291,0.479462110768285
a7ff24r_3c18085739c75d99,L5_vol_adjusted_return,1,wrong_lag_future_24h,recent_oos_2026JanApr,0.06786081075029539,2.532654205405419
a7ff24r_3c18085739c75d99,L5_vol_adjusted_return,1,wrong_lag_stale_168h,validation_2025H1,0.011035815417863774,0.778442911475698
a7ff24r_3c18085739c75d99,L5_vol_adjusted_return,1,wrong_lag_stale_168h,test_2025H2,-0.013128901815137109,0.6385657962230629
a7ff24r_3c18085739c75d99,L5_vol_adjusted_return,1,wrong_lag_stale_168h,recent_oos_2026JanApr,-0.0059922682837657585,0.2236392890241265
a7ff24r_3c18085739c75d99,L5_vol_adjusted_return,1,time_shuffle,validation_2025H1,0.008456817121856603,0.5965258653655428
a7ff24r_3c18085739c75d99,L5_vol_adjusted_return,1,time_shuffle,test_2025H2,-0.0030562113680390433,0.14864853687973498
a7ff24r_3c18085739c75d99,L5_vol_adjusted_return,1,time_shuffle,recent_oos_2026JanApr,-0.017191144788734916,0.64159600605322
a7ff24r_3c18085739c75d99,L5_vol_adjusted_return,1,symbol_shuffle,validation_2025H1,0.0020048896079716784,0.14142064220198333
a7ff24r_3c18085739c75d99,L5_vol_adjusted_return,1,symbol_shuffle,test_2025H2,0.01691550415763904,0.8227392155894875
a7ff24r_3c18085739c75d99,L5_vol_adjusted_return,1,symbol_shuffle,recent_oos_2026JanApr,-0.010148232321085075,0.3787453020566135
a7ff24r_3c18085739c75d99,L5_vol_adjusted_return,1,sign_flip,validation_2025H1,-0.015331562804870982,1.0814557815073098
a7ff24r_3c18085739c75d99,L5_vol_adjusted_return,1,sign_flip,test_2025H2,0.019135222925669815,0.9307022807762954
a7ff24r_3c18085739c75d99,L5_vol_adjusted_return,1,sign_flip,recent_oos_2026JanApr,0.022940574512806886,0.8561722424458924
a7ff24r_3c18085739c75d99,L5_vol_adjusted_return,1,same_family_placebo,validation_2025H1,-0.0026355688141232515,0.18590740995356342
a7ff24r_3c18085739c75d99,L5_vol_adjusted_return,1,same_family_placebo,test_2025H2,0.0005668787176528676,0.02757194507179212
a7ff24r_3c18085739c75d99,L5_vol_adjusted_return,1,same_family_placebo,recent_oos_2026JanApr,0.0023121709535386436,0.08629324383765063
a7ff24r_3c18085739c75d99,L7_ranked_future_return,1,one_bar_lag,validation_2025H1,-0.0018903247823623345,0.6653069318149625
a7ff24r_3c18085739c75d99,L7_ranked_future_return,1,one_bar_lag,test_2025H2,0.021054995363931385,1.0846916477656745
a7ff24r_3c18085739c75d99,L7_ranked_future_return,1,one_bar_lag,recent_oos_2026JanApr,0.017154983129861433,1.0909951781820417
a7ff24r_3c18085739c75d99,L7_ranked_future_return,1,wrong_lag_future_24h,validation_2025H1,-0.0037816958996548713,1.3309821251522618
a7ff24r_3c18085739c75d99,L7_ranked_future_return,1,wrong_lag_future_24h,test_2025H2,0.021303781615412354,1.0975083862353785
a7ff24r_3c18085739c75d99,L7_ranked_future_return,1,wrong_lag_future_24h,recent_oos_2026JanApr,0.0077028762942358215,0.4898752060277844
a7ff24r_3c18085739c75d99,L7_ranked_future_return,1,wrong_lag_stale_168h,validation_2025H1,-0.007316215293875238,2.574969547604883
a7ff24r_3c18085739c75d99,L7_ranked_future_return,1,wrong_lag_stale_168h,test_2025H2,0.01540406235512286,0.7935721423566049
a7ff24r_3c18085739c75d99,L7_ranked_future_return,1,wrong_lag_stale_168h,recent_oos_2026JanApr,0.004252144181733888,0.2704210644854167
a7ff24r_3c18085739c75d99,L7_ranked_future_return,1,time_shuffle,validation_2025H1,-0.0003357780115318697,0.11817833671101775
a7ff24r_3c18085739c75d99,L7_ranked_future_return,1,time_shuffle,test_2025H2,0.008428463816470102,0.4342097515196639
a7ff24r_3c18085739c75d99,L7_ranked_future_return,1,time_shuffle,recent_oos_2026JanApr,0.0008453438599213718,0.05376082669965653
a7ff24r_3c18085739c75d99,L7_ranked_future_return,1,symbol_shuffle,validation_2025H1,-0.007383744140524389,2.59873657970029
a7ff24r_3c18085739c75d99,L7_ranked_future_return,1,symbol_shuffle,test_2025H2,-0.0027040514088497404,0.13930480285608848
a7ff24r_3c18085739c75d99,L7_ranked_future_return,1,symbol_shuffle,recent_oos_2026JanApr,-0.0020896113429145413,0.1328917599123678
a7ff24r_3c18085739c75d99,L7_ranked_future_return,1,sign_flip,validation_2025H1,0.004714704708185236,1.6593580918387574
a7ff24r_3c18085739c75d99,L7_ranked_future_return,1,sign_flip,test_2025H2,-0.01861301061144594,0.95888775091326
a7ff24r_3c18085739c75d99,L7_ranked_future_return,1,sign_flip,recent_oos_2026JanApr,-0.01395762504507289,0.8876547127895907
a7ff24r_3c18085739c75d99,L7_ranked_future_return,1,same_family_placebo,validation_2025H1,-0.00029562986143305905,0.10404804396475972
a7ff24r_3c18085739c75d99,L7_ranked_future_return,1,same_family_placebo,test_2025H2,0.0007449904703034042,0.038379725420763
a7ff24r_3c18085739c75d99,L7_ranked_future_return,1,same_family_placebo,recent_oos_2026JanApr,0.005260086668727144,0.33452257859768036
a7ff24r_3c18085739c75d99,L0_raw_forward_return,4,one_bar_lag,validation_2025H1,0.0005756324314117767,0.997508191839356
a7ff24r_3c18085739c75d99,L0_raw_forward_return,4,one_bar_lag,test_2025H2,-0.0010319645211393075,1.0401536846695414
a7ff24r_3c18085739c75d99,L0_raw_forward_return,4,one_bar_lag,recent_oos_2026JanApr,-0.0019912663516687286,0.9777934836046299
a7ff24r_3c18085739c75d99,L0_raw_forward_return,4,wrong_lag_future_24h,validation_2025H1,0.0008448380204572481,1.464012102508874
a7ff24r_3c18085739c75d99,L0_raw_forward_return,4,wrong_lag_future_24h,test_2025H2,-0.0006210983501086481,0.6260270815264519
a7ff24r_3c18085739c75d99,L0_raw_forward_return,4,wrong_lag_future_24h,recent_oos_2026JanApr,0.002870955173843924,1.4097567903726616
a7ff24r_3c18085739c75d99,L0_raw_forward_return,4,wrong_lag_stale_168h,validation_2025H1,0.0006045536476863793,1.0476255038211
a7ff24r_3c18085739c75d99,L0_raw_forward_return,4,wrong_lag_stale_168h,test_2025H2,-0.0006127541731665786,0.6176166892948991
a7ff24r_3c18085739c75d99,L0_raw_forward_return,4,wrong_lag_stale_168h,recent_oos_2026JanApr,0.0006014417590588243,0.29533258184300376
a7ff24r_3c18085739c75d99,L0_raw_forward_return,4,time_shuffle,validation_2025H1,0.00019473686024743157,0.33745772953319164
a7ff24r_3c18085739c75d99,L0_raw_forward_return,4,time_shuffle,test_2025H2,-0.0008273504803808826,0.8339159273917707
a7ff24r_3c18085739c75d99,L0_raw_forward_return,4,time_shuffle,recent_oos_2026JanApr,0.00010264732800713635,0.05040404984029096
a7ff24r_3c18085739c75d99,L0_raw_forward_return,4,symbol_shuffle,validation_2025H1,-0.0003130446298032167,0.5424721846789933
a7ff24r_3c18085739c75d99,L0_raw_forward_return,4,symbol_shuffle,test_2025H2,-0.0002987133631714992,0.30108380569114795
a7ff24r_3c18085739c75d99,L0_raw_forward_return,4,symbol_shuffle,recent_oos_2026JanApr,0.00015231970122530521,0.07479522322962705
a7ff24r_3c18085739c75d99,L0_raw_forward_return,4,sign_flip,validation_2025H1,-0.0005608085009889024,0.9718199379725477
a7ff24r_3c18085739c75d99,L0_raw_forward_return,4,sign_flip,test_2025H2,0.0009553263722104356,0.9629073730360641
a7ff24r_3c18085739c75d99,L0_raw_forward_return,4,sign_flip,recent_oos_2026JanApr,0.0016849490018545853,0.8273790961409396
a7ff24r_3c18085739c75d99,L0_raw_forward_return,4,same_family_placebo,validation_2025H1,-2.0869527929906486e-05,0.036164614663641514
a7ff24r_3c18085739c75d99,L0_raw_forward_return,4,same_family_placebo,test_2025H2,0.00034175998647619367,0.34447202585353026
a7ff24r_3c18085739c75d99,L0_raw_forward_return,4,same_family_placebo,recent_oos_2026JanApr,-0.00020407270661872783,0.10020807238877483
a7ff24r_3c18085739c75d99,L1_cross_sectional_relative_return,4,one_bar_lag,validation_2025H1,0.0005756324314117767,0.9975081918393561
a7ff24r_3c18085739c75d99,L1_cross_sectional_relative_return,4,one_bar_lag,test_2025H2,-0.0010319645211393075,1.0401536846695414
a7ff24r_3c18085739c75d99,L1_cross_sectional_relative_return,4,one_bar_lag,recent_oos_2026JanApr,-0.0019912663516687286,0.9777934836046299
a7ff24r_3c18085739c75d99,L1_cross_sectional_relative_return,4,wrong_lag_future_24h,validation_2025H1,0.0008448380204572481,1.4640121025088741
a7ff24r_3c18085739c75d99,L1_cross_sectional_relative_return,4,wrong_lag_future_24h,test_2025H2,-0.0006210983501086483,0.6260270815264521
a7ff24r_3c18085739c75d99,L1_cross_sectional_relative_return,4,wrong_lag_future_24h,recent_oos_2026JanApr,0.002870955173843924,1.4097567903726616
a7ff24r_3c18085739c75d99,L1_cross_sectional_relative_return,4,wrong_lag_stale_168h,validation_2025H1,0.0006045536476863793,1.0476255038211
a7ff24r_3c18085739c75d99,L1_cross_sectional_relative_return,4,wrong_lag_stale_168h,test_2025H2,-0.0006127541731665787,0.6176166892948992
a7ff24r_3c18085739c75d99,L1_cross_sectional_relative_return,4,wrong_lag_stale_168h,recent_oos_2026JanApr,0.0006014417590588242,0.2953325818430037
a7ff24r_3c18085739c75d99,L1_cross_sectional_relative_return,4,time_shuffle,validation_2025H1,0.0003096809172960732,0.5366432379453304
a7ff24r_3c18085739c75d99,L1_cross_sectional_relative_return,4,time_shuffle,test_2025H2,-0.0007245730205050015,0.730322876079455
a7ff24r_3c18085739c75d99,L1_cross_sectional_relative_return,4,time_shuffle,recent_oos_2026JanApr,0.00044091999123997195,0.2165098073716552
a7ff24r_3c18085739c75d99,L1_cross_sectional_relative_return,4,symbol_shuffle,validation_2025H1,0.00020515888879652758,0.3555179677789936
a7ff24r_3c18085739c75d99,L1_cross_sectional_relative_return,4,symbol_shuffle,test_2025H2,6.64735014984621e-05,0.0670010025540189
a7ff24r_3c18085739c75d99,L1_cross_sectional_relative_return,4,symbol_shuffle,recent_oos_2026JanApr,-0.0008710570495787322,0.4277247522473339
a7ff24r_3c18085739c75d99,L1_cross_sectional_relative_return,4,sign_flip,validation_2025H1,-0.0005608085009889024,0.971819937972548
a7ff24r_3c18085739c75d99,L1_cross_sectional_relative_return,4,sign_flip,test_2025H2,0.0009553263722104356,0.9629073730360641
a7ff24r_3c18085739c75d99,L1_cross_sectional_relative_return,4,sign_flip,recent_oos_2026JanApr,0.0016849490018545849,0.8273790961409394
a7ff24r_3c18085739c75d99,L1_cross_sectional_relative_return,4,same_family_placebo,validation_2025H1,8.394802917585095e-06,0.014547277432980196
a7ff24r_3c18085739c75d99,L1_cross_sectional_relative_return,4,same_family_placebo,test_2025H2,6.209649943070614e-05,0.06258926674787293
a7ff24r_3c18085739c75d99,L1_cross_sectional_relative_return,4,same_family_placebo,recent_oos_2026JanApr,-0.00039901018995720897,0.1959303753137042
a7ff24r_3c18085739c75d99,L3_liquidity_tier_relative_return,4,one_bar_lag,validation_2025H1,-0.0005197433467739978,0.9902149878114126
a7ff24r_3c18085739c75d99,L3_liquidity_tier_relative_return,4,one_bar_lag,test_2025H2,0.0006733406750413428,1.0358701942852913
a7ff24r_3c18085739c75d99,L3_liquidity_tier_relative_return,4,one_bar_lag,recent_oos_2026JanApr,0.002019180346135943,0.9713999028472299
a7ff24r_3c18085739c75d99,L3_liquidity_tier_relative_return,4,wrong_lag_future_24h,validation_2025H1,-0.000804774362003694,1.5332560580307812
a7ff24r_3c18085739c75d99,L3_liquidity_tier_relative_return,4,wrong_lag_future_24h,test_2025H2,0.00038446834011222116,0.5914677501758482
a7ff24r_3c18085739c75d99,L3_liquidity_tier_relative_return,4,wrong_lag_future_24h,recent_oos_2026JanApr,-0.002625255242266,1.2629742024612005
a7ff24r_3c18085739c75d99,L3_liquidity_tier_relative_return,4,wrong_lag_stale_168h,validation_2025H1,-0.0005806675242356576,1.106287726437253
a7ff24r_3c18085739c75d99,L3_liquidity_tier_relative_return,4,wrong_lag_stale_168h,test_2025H2,0.00034956144410576667,0.5377668310298567
a7ff24r_3c18085739c75d99,L3_liquidity_tier_relative_return,4,wrong_lag_stale_168h,recent_oos_2026JanApr,-0.00042677472343463966,0.20531545172545532
a7ff24r_3c18085739c75d99,L3_liquidity_tier_relative_return,4,time_shuffle,validation_2025H1,-0.0003284115123621148,0.6256895903127092
a7ff24r_3c18085739c75d99,L3_liquidity_tier_relative_return,4,time_shuffle,test_2025H2,0.0005045016484050464,0.7761275085876815
a7ff24r_3c18085739c75d99,L3_liquidity_tier_relative_return,4,time_shuffle,recent_oos_2026JanApr,-0.0002992162412865432,0.14394881976356783
a7ff24r_3c18085739c75d99,L3_liquidity_tier_relative_return,4,symbol_shuffle,validation_2025H1,-2.9938201125982656e-05,0.057038258684918394
a7ff24r_3c18085739c75d99,L3_liquidity_tier_relative_return,4,symbol_shuffle,test_2025H2,0.00027309157455369563,0.4201252543866351
a7ff24r_3c18085739c75d99,L3_liquidity_tier_relative_return,4,symbol_shuffle,recent_oos_2026JanApr,-0.0003140651072989966,0.15109240504533425
a7ff24r_3c18085739c75d99,L3_liquidity_tier_relative_return,4,sign_flip,validation_2025H1,0.0005294269715546076,1.0086642290640793
a7ff24r_3c18085739c75d99,L3_liquidity_tier_relative_return,4,sign_flip,test_2025H2,-0.00064845916876992,0.9975923778829078
a7ff24r_3c18085739c75d99,L3_liquidity_tier_relative_return,4,sign_flip,recent_oos_2026JanApr,-0.0017164051404035656,0.8257389142209173
a7ff24r_3c18085739c75d99,L3_liquidity_tier_relative_return,4,same_family_placebo,validation_2025H1,3.7935559607832644e-06,0.0072274825503487175
a7ff24r_3c18085739c75d99,L3_liquidity_tier_relative_return,4,same_family_placebo,test_2025H2,-0.00026702650574551124,0.4107947264123643
a7ff24r_3c18085739c75d99,L3_liquidity_tier_relative_return,4,same_family_placebo,recent_oos_2026JanApr,-0.00018508597606497644,0.08904231834069078
a7ff24r_3c18085739c75d99,L5_vol_adjusted_return,4,one_bar_lag,validation_2025H1,0.05952082972668684,0.9944749194550715
a7ff24r_3c18085739c75d99,L5_vol_adjusted_return,4,one_bar_lag,test_2025H2,-0.08997903816141346,1.035446127229472
a7ff24r_3c18085739c75d99,L5_vol_adjusted_return,4,one_bar_lag,recent_oos_2026JanApr,-0.11300611584518797,0.9810995044866228
a7ff24r_3c18085739c75d99,L5_vol_adjusted_return,4,wrong_lag_future_24h,validation_2025H1,0.09714894229401935,1.6231659909081058
a7ff24r_3c18085739c75d99,L5_vol_adjusted_return,4,wrong_lag_future_24h,test_2025H2,-0.032431162839879804,0.3732060561023271
a7ff24r_3c18085739c75d99,L5_vol_adjusted_return,4,wrong_lag_future_24h,recent_oos_2026JanApr,0.28013070277245133,2.432046191712769
a7ff24r_3c18085739c75d99,L5_vol_adjusted_return,4,wrong_lag_stale_168h,validation_2025H1,0.04802137305004085,0.80234182412026
a7ff24r_3c18085739c75d99,L5_vol_adjusted_return,4,wrong_lag_stale_168h,test_2025H2,-0.05695808872980392,0.6554530210010598
a7ff24r_3c18085739c75d99,L5_vol_adjusted_return,4,wrong_lag_stale_168h,recent_oos_2026JanApr,-0.004788480499807885,0.0415727574606788
a7ff24r_3c18085739c75d99,L5_vol_adjusted_return,4,time_shuffle,validation_2025H1,0.005674457362138033,0.09480891906372917
a7ff24r_3c18085739c75d99,L5_vol_adjusted_return,4,time_shuffle,test_2025H2,-0.04319962339310151,0.49712559340672097
a7ff24r_3c18085739c75d99,L5_vol_adjusted_return,4,time_shuffle,recent_oos_2026JanApr,-0.03923994126629176,0.3406743665553776
a7ff24r_3c18085739c75d99,L5_vol_adjusted_return,4,symbol_shuffle,validation_2025H1,0.019547068626078183,0.32659271698267556
a7ff24r_3c18085739c75d99,L5_vol_adjusted_return,4,symbol_shuffle,test_2025H2,-0.034977335146636424,0.4025064832702703
a7ff24r_3c18085739c75d99,L5_vol_adjusted_return,4,symbol_shuffle,recent_oos_2026JanApr,0.041375488001822364,0.35921481304685227
a7ff24r_3c18085739c75d99,L5_vol_adjusted_return,4,sign_flip,validation_2025H1,-0.05740604208389946,0.9591410156707529
a7ff24r_3c18085739c75d99,L5_vol_adjusted_return,4,sign_flip,test_2025H2,0.08852235035930948,1.0186830924816987
a7ff24r_3c18085739c75d99,L5_vol_adjusted_return,4,sign_flip,recent_oos_2026JanApr,0.09053704483574634,0.7860269257260405
a7ff24r_3c18085739c75d99,L5_vol_adjusted_return,4,same_family_placebo,validation_2025H1,-0.004885343652906194,0.08162439532585908
a7ff24r_3c18085739c75d99,L5_vol_adjusted_return,4,same_family_placebo,test_2025H2,-0.026730255055474005,0.3076020775793964
a7ff24r_3c18085739c75d99,L5_vol_adjusted_return,4,same_family_placebo,recent_oos_2026JanApr,0.034463974176061306,0.29921024834704396
a7ff24r_3c18085739c75d99,L7_ranked_future_return,4,one_bar_lag,validation_2025H1,-0.006201343627146701,0.9679926321234376
a7ff24r_3c18085739c75d99,L7_ranked_future_return,4,one_bar_lag,test_2025H2,0.033554388449203394,1.0631839356277804
a7ff24r_3c18085739c75d99,L7_ranked_future_return,4,one_bar_lag,recent_oos_2026JanApr,0.033921331859093726,1.0135260450626673
a7ff24r_3c18085739c75d99,L7_ranked_future_return,4,wrong_lag_future_24h,validation_2025H1,-0.007382351800124149,1.1523409409182097
a7ff24r_3c18085739c75d99,L7_ranked_future_return,4,wrong_lag_future_24h,test_2025H2,0.03176202345851438,1.0063921491296588
a7ff24r_3c18085739c75d99,L7_ranked_future_return,4,wrong_lag_future_24h,recent_oos_2026JanApr,0.011892926882888476,0.3553454563017701
a7ff24r_3c18085739c75d99,L7_ranked_future_return,4,wrong_lag_stale_168h,validation_2025H1,-0.013597031476308708,2.122415250495187
a7ff24r_3c18085739c75d99,L7_ranked_future_return,4,wrong_lag_stale_168h,test_2025H2,0.02854755069315125,0.9045403209903733
a7ff24r_3c18085739c75d99,L7_ranked_future_return,4,wrong_lag_stale_168h,recent_oos_2026JanApr,-0.0033980252948479224,0.10152865319133526
a7ff24r_3c18085739c75d99,L7_ranked_future_return,4,time_shuffle,validation_2025H1,0.004602688571130904,0.7184521440337319
a7ff24r_3c18085739c75d99,L7_ranked_future_return,4,time_shuffle,test_2025H2,0.014263459134239726,0.4519432872681971
a7ff24r_3c18085739c75d99,L7_ranked_future_return,4,time_shuffle,recent_oos_2026JanApr,0.0037827959306273836,0.11302510805807599
a7ff24r_3c18085739c75d99,L7_ranked_future_return,4,symbol_shuffle,validation_2025H1,0.0014170158286778425,0.22118769160894788
a7ff24r_3c18085739c75d99,L7_ranked_future_return,4,symbol_shuffle,test_2025H2,-0.009670413692323609,0.30641084411709724
a7ff24r_3c18085739c75d99,L7_ranked_future_return,4,symbol_shuffle,recent_oos_2026JanApr,-0.008824746534243737,0.26367214856673654
a7ff24r_3c18085739c75d99,L7_ranked_future_return,4,sign_flip,validation_2025H1,0.006901849912062901,1.0773374714557866
a7ff24r_3c18085739c75d99,L7_ranked_future_return,4,sign_flip,test_2025H2,-0.029866122232567766,0.9463197764796571
a7ff24r_3c18085739c75d99,L7_ranked_future_return,4,sign_flip,recent_oos_2026JanApr,-0.02567351088868198,0.7670916950421406
a7ff24r_3c18085739c75d99,L7_ranked_future_return,4,same_family_placebo,validation_2025H1,-0.007496799348230914,1.1702055183376865
a7ff24r_3c18085739c75d99,L7_ranked_future_return,4,same_family_placebo,test_2025H2,0.0018759375646596322,0.05943981622571254
a7ff24r_3c18085739c75d99,L7_ranked_future_return,4,same_family_placebo,recent_oos_2026JanApr,0.004964889819987586,0.14834456277620806
a7ff24r_3c18085739c75d99,L0_raw_forward_return,8,one_bar_lag,validation_2025H1,0.000996549239982759,0.9974502753740719
a7ff24r_3c18085739c75d99,L0_raw_forward_return,8,one_bar_lag,test_2025H2,-0.001968108798348823,1.009411954878614
a7ff24r_3c18085739c75d99,L0_raw_forward_return,8,one_bar_lag,recent_oos_2026JanApr,-0.0037254742886054237,0.9644997948805798
a7ff24r_3c18085739c75d99,L0_raw_forward_return,8,wrong_lag_future_24h,validation_2025H1,0.0015703948609029513,1.5718147419196022
a7ff24r_3c18085739c75d99,L0_raw_forward_return,8,wrong_lag_future_24h,test_2025H2,-0.0010333773983701763,0.5300029656344938
a7ff24r_3c18085739c75d99,L0_raw_forward_return,8,wrong_lag_future_24h,recent_oos_2026JanApr,0.0051158098833479155,1.3244481644199326
a7ff24r_3c18085739c75d99,L0_raw_forward_return,8,wrong_lag_stale_168h,validation_2025H1,0.0009915163236477811,0.9924128085005383
a7ff24r_3c18085739c75d99,L0_raw_forward_return,8,wrong_lag_stale_168h,test_2025H2,-0.0011483907545730256,0.5889915016439202
a7ff24r_3c18085739c75d99,L0_raw_forward_return,8,wrong_lag_stale_168h,recent_oos_2026JanApr,0.0011963457065595482,0.30972571522292874
a7ff24r_3c18085739c75d99,L0_raw_forward_return,8,time_shuffle,validation_2025H1,0.0005821924276440539,0.5827188200798865
a7ff24r_3c18085739c75d99,L0_raw_forward_return,8,time_shuffle,test_2025H2,-0.0013071492050421303,0.6704162064041271
a7ff24r_3c18085739c75d99,L0_raw_forward_return,8,time_shuffle,recent_oos_2026JanApr,0.001094505980857704,0.28336010726515864
a7ff24r_3c18085739c75d99,L0_raw_forward_return,8,symbol_shuffle,validation_2025H1,-0.0006378999328544762,0.6384766935327825
a7ff24r_3c18085739c75d99,L0_raw_forward_return,8,symbol_shuffle,test_2025H2,-0.0005746828329435006,0.29474575913859863
a7ff24r_3c18085739c75d99,L0_raw_forward_return,8,symbol_shuffle,recent_oos_2026JanApr,-0.0012769734357095136,0.33059968245568583
a7ff24r_3c18085739c75d99,L0_raw_forward_return,8,sign_flip,validation_2025H1,-0.001034484638504141,1.0354199733914347
a7ff24r_3c18085739c75d99,L0_raw_forward_return,8,sign_flip,test_2025H2,0.0019885816898806688,1.0199121779762985
a7ff24r_3c18085739c75d99,L0_raw_forward_return,8,sign_flip,recent_oos_2026JanApr,0.0034784596037321773,0.900549383621153
a7ff24r_3c18085739c75d99,L0_raw_forward_return,8,same_family_placebo,validation_2025H1,-0.00017606636104875082,0.17622555240243382
a7ff24r_3c18085739c75d99,L0_raw_forward_return,8,same_family_placebo,test_2025H2,-0.00023337363828901533,0.11969365750515672
a7ff24r_3c18085739c75d99,L0_raw_forward_return,8,same_family_placebo,recent_oos_2026JanApr,-0.0008410897032606364,0.2177523674642575
a7ff24r_3c18085739c75d99,L1_cross_sectional_relative_return,8,one_bar_lag,validation_2025H1,0.000996549239982759,0.9974502753740717
a7ff24r_3c18085739c75d99,L1_cross_sectional_relative_return,8,one_bar_lag,test_2025H2,-0.0019681087983488233,1.0094119548786142
a7ff24r_3c18085739c75d99,L1_cross_sectional_relative_return,8,one_bar_lag,recent_oos_2026JanApr,-0.0037254742886054233,0.9644997948805797
a7ff24r_3c18085739c75d99,L1_cross_sectional_relative_return,8,wrong_lag_future_24h,validation_2025H1,0.0015703948609029513,1.571814741919602
a7ff24r_3c18085739c75d99,L1_cross_sectional_relative_return,8,wrong_lag_future_24h,test_2025H2,-0.0010333773983701763,0.5300029656344937
a7ff24r_3c18085739c75d99,L1_cross_sectional_relative_return,8,wrong_lag_future_24h,recent_oos_2026JanApr,0.005115809883347914,1.3244481644199322
a7ff24r_3c18085739c75d99,L1_cross_sectional_relative_return,8,wrong_lag_stale_168h,validation_2025H1,0.0009915163236477813,0.9924128085005383
a7ff24r_3c18085739c75d99,L1_cross_sectional_relative_return,8,wrong_lag_stale_168h,test_2025H2,-0.0011483907545730258,0.5889915016439202
a7ff24r_3c18085739c75d99,L1_cross_sectional_relative_return,8,wrong_lag_stale_168h,recent_oos_2026JanApr,0.0011963457065595482,0.30972571522292874
a7ff24r_3c18085739c75d99,L1_cross_sectional_relative_return,8,time_shuffle,validation_2025H1,0.00010326478008662508,0.1033581474966848
a7ff24r_3c18085739c75d99,L1_cross_sectional_relative_return,8,time_shuffle,test_2025H2,-0.0013264615113248019,0.6803211836362603
a7ff24r_3c18085739c75d99,L1_cross_sectional_relative_return,8,time_shuffle,recent_oos_2026JanApr,0.0016180181625571983,0.418893828008044
a7ff24r_3c18085739c75d99,L1_cross_sectional_relative_return,8,symbol_shuffle,validation_2025H1,-0.0011129979516037263,1.1140042747281822
a7ff24r_3c18085739c75d99,L1_cross_sectional_relative_return,8,symbol_shuffle,test_2025H2,-0.0010589603604391413,0.5431240632970237
a7ff24r_3c18085739c75d99,L1_cross_sectional_relative_return,8,symbol_shuffle,recent_oos_2026JanApr,0.00040192936486997964,0.10405676162073103
a7ff24r_3c18085739c75d99,L1_cross_sectional_relative_return,8,sign_flip,validation_2025H1,-0.0010344846385041408,1.0354199733914342
a7ff24r_3c18085739c75d99,L1_cross_sectional_relative_return,8,sign_flip,test_2025H2,0.0019885816898806683,1.0199121779762983
a7ff24r_3c18085739c75d99,L1_cross_sectional_relative_return,8,sign_flip,recent_oos_2026JanApr,0.0034784596037321764,0.9005493836211528
a7ff24r_3c18085739c75d99,L1_cross_sectional_relative_return,8,same_family_placebo,validation_2025H1,-4.2403500960131465e-05,0.042441840315125406
a7ff24r_3c18085739c75d99,L1_cross_sectional_relative_return,8,same_family_placebo,test_2025H2,0.0004955355566927557,0.2541523697331912
a7ff24r_3c18085739c75d99,L1_cross_sectional_relative_return,8,same_family_placebo,recent_oos_2026JanApr,0.0009816048669818028,0.25413078161710584
a7ff24r_3c18085739c75d99,L3_liquidity_tier_relative_return,8,one_bar_lag,validation_2025H1,-0.0009318072990643715,0.9965946448229168
a7ff24r_3c18085739c75d99,L3_liquidity_tier_relative_return,8,one_bar_lag,test_2025H2,0.0012306159571665496,1.0036128126837014
a7ff24r_3c18085739c75d99,L3_liquidity_tier_relative_return,8,one_bar_lag,recent_oos_2026JanApr,0.003791799613918842,0.9619725747104036
a7ff24r_3c18085739c75d99,L3_liquidity_tier_relative_return,8,wrong_lag_future_24h,validation_2025H1,-0.0015363928752925495,1.6432162673527868
a7ff24r_3c18085739c75d99,L3_liquidity_tier_relative_return,8,wrong_lag_future_24h,test_2025H2,0.0005776801876616257,0.47111955163138514
a7ff24r_3c18085739c75d99,L3_liquidity_tier_relative_return,8,wrong_lag_future_24h,recent_oos_2026JanApr,-0.004562656806215754,1.1575376238986186
a7ff24r_3c18085739c75d99,L3_liquidity_tier_relative_return,8,wrong_lag_stale_168h,validation_2025H1,-0.0009758502401225891,1.0436998341093113
a7ff24r_3c18085739c75d99,L3_liquidity_tier_relative_return,8,wrong_lag_stale_168h,test_2025H2,0.000630715565328523,0.5143718629979389
a7ff24r_3c18085739c75d99,L3_liquidity_tier_relative_return,8,wrong_lag_stale_168h,recent_oos_2026JanApr,-0.0008054946284744284,0.20435250291829657
a7ff24r_3c18085739c75d99,L3_liquidity_tier_relative_return,8,time_shuffle,validation_2025H1,-0.000381562127772975,0.4080916446861992
a7ff24r_3c18085739c75d99,L3_liquidity_tier_relative_return,8,time_shuffle,test_2025H2,0.0007660530966879246,0.6247446236616422
a7ff24r_3c18085739c75d99,L3_liquidity_tier_relative_return,8,time_shuffle,recent_oos_2026JanApr,0.000208267808449525,0.05283715921802688
a7ff24r_3c18085739c75d99,L3_liquidity_tier_relative_return,8,symbol_shuffle,validation_2025H1,0.00030438156769356495,0.32554482096330434
a7ff24r_3c18085739c75d99,L3_liquidity_tier_relative_return,8,symbol_shuffle,test_2025H2,0.0003983580046388349,0.3248756812898536
a7ff24r_3c18085739c75d99,L3_liquidity_tier_relative_return,8,symbol_shuffle,recent_oos_2026JanApr,0.0014138141781278044,0.35868205168417616
a7ff24r_3c18085739c75d99,L3_liquidity_tier_relative_return,8,sign_flip,validation_2025H1,0.0009767932077753973,1.0447083650727127
a7ff24r_3c18085739c75d99,L3_liquidity_tier_relative_return,8,sign_flip,test_2025H2,-0.0013206770318149059,1.0770609488912517
a7ff24r_3c18085739c75d99,L3_liquidity_tier_relative_return,8,sign_flip,recent_oos_2026JanApr,-0.003550653700132899,0.900794300754674
a7ff24r_3c18085739c75d99,L3_liquidity_tier_relative_return,8,same_family_placebo,validation_2025H1,-3.7264317713668756e-05,0.03985525710488828
a7ff24r_3c18085739c75d99,L3_liquidity_tier_relative_return,8,same_family_placebo,test_2025H2,5.961728226573159e-05,0.048620097919932444
a7ff24r_3c18085739c75d99,L3_liquidity_tier_relative_return,8,same_family_placebo,recent_oos_2026JanApr,0.0007275635285030104,0.18458152646312478
a7ff24r_3c18085739c75d99,L5_vol_adjusted_return,8,one_bar_lag,validation_2025H1,0.11650339336227007,1.000486726701417
a7ff24r_3c18085739c75d99,L5_vol_adjusted_return,8,one_bar_lag,test_2025H2,-0.15910480362712529,0.9903603808520387
a7ff24r_3c18085739c75d99,L5_vol_adjusted_return,8,one_bar_lag,recent_oos_2026JanApr,-0.2514650360130867,0.9791025634611403
a7ff24r_3c18085739c75d99,L5_vol_adjusted_return,8,wrong_lag_future_24h,validation_2025H1,0.1831599474049433,1.5729078008239468
a7ff24r_3c18085739c75d99,L5_vol_adjusted_return,8,wrong_lag_future_24h,test_2025H2,-0.048890470720302406,0.3043225854831407
a7ff24r_3c18085739c75d99,L5_vol_adjusted_return,8,wrong_lag_future_24h,recent_oos_2026JanApr,0.556465617761656,2.166650765715478
a7ff24r_3c18085739c75d99,L5_vol_adjusted_return,8,wrong_lag_stale_168h,validation_2025H1,0.08713255905993722,0.7482611989843235
a7ff24r_3c18085739c75d99,L5_vol_adjusted_return,8,wrong_lag_stale_168h,test_2025H2,-0.10704834680459996,0.6663308655308904
a7ff24r_3c18085739c75d99,L5_vol_adjusted_return,8,wrong_lag_stale_168h,recent_oos_2026JanApr,-0.039736453191875284,0.15471758539423336
a7ff24r_3c18085739c75d99,L5_vol_adjusted_return,8,time_shuffle,validation_2025H1,0.055188515501571375,0.4739379311809745
a7ff24r_3c18085739c75d99,L5_vol_adjusted_return,8,time_shuffle,test_2025H2,-0.08668590788613112,0.539583260790859
a7ff24r_3c18085739c75d99,L5_vol_adjusted_return,8,time_shuffle,recent_oos_2026JanApr,0.10214856568702571,0.3977249644870735
a7ff24r_3c18085739c75d99,L5_vol_adjusted_return,8,symbol_shuffle,validation_2025H1,0.11987646601559664,1.0294533887054926
a7ff24r_3c18085739c75d99,L5_vol_adjusted_return,8,symbol_shuffle,test_2025H2,0.09267168758288838,0.5768422179375574
a7ff24r_3c18085739c75d99,L5_vol_adjusted_return,8,symbol_shuffle,recent_oos_2026JanApr,-0.12711906732111153,0.4949499407639809
a7ff24r_3c18085739c75d99,L5_vol_adjusted_return,8,sign_flip,validation_2025H1,-0.11739281114941683,1.0081247075777804
a7ff24r_3c18085739c75d99,L5_vol_adjusted_return,8,sign_flip,test_2025H2,0.169704863943336,1.0563412911231054
a7ff24r_3c18085739c75d99,L5_vol_adjusted_return,8,sign_flip,recent_oos_2026JanApr,0.23816850259560252,0.9273312708766399
a7ff24r_3c18085739c75d99,L5_vol_adjusted_return,8,same_family_placebo,validation_2025H1,0.008551388351709318,0.07343606305226315
a7ff24r_3c18085739c75d99,L5_vol_adjusted_return,8,same_family_placebo,test_2025H2,0.00889873298117494,0.055390864282079524
a7ff24r_3c18085739c75d99,L5_vol_adjusted_return,8,same_family_placebo,recent_oos_2026JanApr,0.051907627095912325,0.2021071857884362
a7ff24r_3c18085739c75d99,L7_ranked_future_return,8,one_bar_lag,validation_2025H1,-0.003205628381190178,0.8564045773348097
a7ff24r_3c18085739c75d99,L7_ranked_future_return,8,one_bar_lag,test_2025H2,0.043901584607781936,0.9992285692086269
a7ff24r_3c18085739c75d99,L7_ranked_future_return,8,one_bar_lag,recent_oos_2026JanApr,0.045045987437578025,0.9741854059479385
a7ff24r_3c18085739c75d99,L7_ranked_future_return,8,wrong_lag_future_24h,validation_2025H1,-0.010355707709113609,2.7665950100970624
a7ff24r_3c18085739c75d99,L7_ranked_future_return,8,wrong_lag_future_24h,test_2025H2,0.04010229725863504,0.912754322417372
a7ff24r_3c18085739c75d99,L7_ranked_future_return,8,wrong_lag_future_24h,recent_oos_2026JanApr,0.019856364440282978,0.42942294204811715
a7ff24r_3c18085739c75d99,L7_ranked_future_return,8,wrong_lag_stale_168h,validation_2025H1,-0.014462797154598426,3.863830803639287
a7ff24r_3c18085739c75d99,L7_ranked_future_return,8,wrong_lag_stale_168h,test_2025H2,0.03782259480337079,0.8608668144163213
a7ff24r_3c18085739c75d99,L7_ranked_future_return,8,wrong_lag_stale_168h,recent_oos_2026JanApr,-0.0022667791562630034,0.049022416826770096
a7ff24r_3c18085739c75d99,L7_ranked_future_return,8,time_shuffle,validation_2025H1,0.012110213997590234,3.235322834329833
a7ff24r_3c18085739c75d99,L7_ranked_future_return,8,time_shuffle,test_2025H2,0.027106286138459133,0.6169566715341531
a7ff24r_3c18085739c75d99,L7_ranked_future_return,8,time_shuffle,recent_oos_2026JanApr,0.006891157865786579,0.1490313744866945
a7ff24r_3c18085739c75d99,L7_ranked_future_return,8,symbol_shuffle,validation_2025H1,0.0015569730545151891,0.41595552949862113
a7ff24r_3c18085739c75d99,L7_ranked_future_return,8,symbol_shuffle,test_2025H2,0.0015003218632958816,0.03414829970733733
a7ff24r_3c18085739c75d99,L7_ranked_future_return,8,symbol_shuffle,recent_oos_2026JanApr,0.011588216552226386,0.2506121430191088
a7ff24r_3c18085739c75d99,L7_ranked_future_return,8,sign_flip,validation_2025H1,0.005787605987307531,1.5461967732829565
a7ff24r_3c18085739c75d99,L7_ranked_future_return,8,sign_flip,test_2025H2,-0.04242914130774032,0.965714803701388
a7ff24r_3c18085739c75d99,L7_ranked_future_return,8,sign_flip,recent_oos_2026JanApr,-0.03695210088951311,0.7991432634385828
a7ff24r_3c18085739c75d99,L7_ranked_future_return,8,same_family_placebo,validation_2025H1,0.0063083580420307955,1.6853190888758607
a7ff24r_3c18085739c75d99,L7_ranked_future_return,8,same_family_placebo,test_2025H2,0.009900547492717437,0.22534288896206492
a7ff24r_3c18085739c75d99,L7_ranked_future_return,8,same_family_placebo,recent_oos_2026JanApr,0.006391831174573449,0.13823270399347515
a7ff24r_3c18085739c75d99,L0_raw_forward_return,24,one_bar_lag,validation_2025H1,0.002115271459180799,0.9932071579952678
a7ff24r_3c18085739c75d99,L0_raw_forward_return,24,one_bar_lag,test_2025H2,-0.0058907884636456255,1.0051557378395635
a7ff24r_3c18085739c75d99,L0_raw_forward_return,24,one_bar_lag,recent_oos_2026JanApr,-0.009352116077846638,0.968196808845992
a7ff24r_3c18085739c75d99,L0_raw_forward_return,24,wrong_lag_future_24h,validation_2025H1,0.003245822031754492,1.5240472618894059
a7ff24r_3c18085739c75d99,L0_raw_forward_return,24,wrong_lag_future_24h,test_2025H2,-0.003232864293303448,0.551629398021122
a7ff24r_3c18085739c75d99,L0_raw_forward_return,24,wrong_lag_future_24h,recent_oos_2026JanApr,0.007301641254126538,0.7559172387016955
a7ff24r_3c18085739c75d99,L0_raw_forward_return,24,wrong_lag_stale_168h,validation_2025H1,0.0020844591559685327,0.978739511314782
a7ff24r_3c18085739c75d99,L0_raw_forward_return,24,wrong_lag_stale_168h,test_2025H2,-0.002527466983492509,0.4312661974430013
a7ff24r_3c18085739c75d99,L0_raw_forward_return,24,wrong_lag_stale_168h,recent_oos_2026JanApr,0.0022908783329903958,0.2371678316429147
a7ff24r_3c18085739c75d99,L0_raw_forward_return,24,time_shuffle,validation_2025H1,0.0016121469379593051,0.756969452583379
a7ff24r_3c18085739c75d99,L0_raw_forward_return,24,time_shuffle,test_2025H2,-0.0027341723454469835,0.4665367018742809
a7ff24r_3c18085739c75d99,L0_raw_forward_return,24,time_shuffle,recent_oos_2026JanApr,0.0002664605233226407,0.02758586679388352
a7ff24r_3c18085739c75d99,L0_raw_forward_return,24,symbol_shuffle,validation_2025H1,-0.0007979825098487288,0.3746856874075773
a7ff24r_3c18085739c75d99,L0_raw_forward_return,24,symbol_shuffle,test_2025H2,0.0027993650132878693,0.47766064301556266
a7ff24r_3c18085739c75d99,L0_raw_forward_return,24,symbol_shuffle,recent_oos_2026JanApr,-0.005802341361862551,0.6006991726394346
a7ff24r_3c18085739c75d99,L0_raw_forward_return,24,sign_flip,validation_2025H1,-0.002170406493791968,1.0190953298393381
a7ff24r_3c18085739c75d99,L0_raw_forward_return,24,sign_flip,test_2025H2,0.005992749209981669,1.0225534817657904
a7ff24r_3c18085739c75d99,L0_raw_forward_return,24,sign_flip,recent_oos_2026JanApr,0.009581850431106998,0.991980524302205
a7ff24r_3c18085739c75d99,L0_raw_forward_return,24,same_family_placebo,validation_2025H1,0.0001995054118644185,0.09367601603213327
a7ff24r_3c18085739c75d99,L0_raw_forward_return,24,same_family_placebo,test_2025H2,0.0006044524638043386,0.10313880153628646
a7ff24r_3c18085739c75d99,L0_raw_forward_return,24,same_family_placebo,recent_oos_2026JanApr,-0.00017167153390828475,0.017772644171239665
a7ff24r_3c18085739c75d99,L1_cross_sectional_relative_return,24,one_bar_lag,validation_2025H1,0.0021152714591807986,0.9932071579952676
a7ff24r_3c18085739c75d99,L1_cross_sectional_relative_return,24,one_bar_lag,test_2025H2,-0.0058907884636456255,1.0051557378395635
a7ff24r_3c18085739c75d99,L1_cross_sectional_relative_return,24,one_bar_lag,recent_oos_2026JanApr,-0.00935211607784664,0.9681968088459922
a7ff24r_3c18085739c75d99,L1_cross_sectional_relative_return,24,wrong_lag_future_24h,validation_2025H1,0.003245822031754492,1.5240472618894059
a7ff24r_3c18085739c75d99,L1_cross_sectional_relative_return,24,wrong_lag_future_24h,test_2025H2,-0.003232864293303448,0.551629398021122
a7ff24r_3c18085739c75d99,L1_cross_sectional_relative_return,24,wrong_lag_future_24h,recent_oos_2026JanApr,0.007301641254126535,0.7559172387016952
a7ff24r_3c18085739c75d99,L1_cross_sectional_relative_return,24,wrong_lag_stale_168h,validation_2025H1,0.0020844591559685322,0.9787395113147818
a7ff24r_3c18085739c75d99,L1_cross_sectional_relative_return,24,wrong_lag_stale_168h,test_2025H2,-0.002527466983492509,0.4312661974430013
a7ff24r_3c18085739c75d99,L1_cross_sectional_relative_return,24,wrong_lag_stale_168h,recent_oos_2026JanApr,0.0022908783329903953,0.23716783164291466
a7ff24r_3c18085739c75d99,L1_cross_sectional_relative_return,24,time_shuffle,validation_2025H1,0.0007229847791778647,0.3394711608689593
a7ff24r_3c18085739c75d99,L1_cross_sectional_relative_return,24,time_shuffle,test_2025H2,-0.0028250794611423447,0.4820483450975189
a7ff24r_3c18085739c75d99,L1_cross_sectional_relative_return,24,time_shuffle,recent_oos_2026JanApr,0.0020613442833994256,0.2134048530308437
a7ff24r_3c18085739c75d99,L1_cross_sectional_relative_return,24,symbol_shuffle,validation_2025H1,0.003986581576786081,1.8718644081405185
a7ff24r_3c18085739c75d99,L1_cross_sectional_relative_return,24,symbol_shuffle,test_2025H2,0.0011293500795784824,0.19270301752023125
a7ff24r_3c18085739c75d99,L1_cross_sectional_relative_return,24,symbol_shuffle,recent_oos_2026JanApr,0.003743014909731754,0.3875032196884032
a7ff24r_3c18085739c75d99,L1_cross_sectional_relative_return,24,sign_flip,validation_2025H1,-0.002170406493791968,1.0190953298393381
a7ff24r_3c18085739c75d99,L1_cross_sectional_relative_return,24,sign_flip,test_2025H2,0.0059927492099816695,1.0225534817657904
a7ff24r_3c18085739c75d99,L1_cross_sectional_relative_return,24,sign_flip,recent_oos_2026JanApr,0.009581850431107,0.9919805243022052
a7ff24r_3c18085739c75d99,L1_cross_sectional_relative_return,24,same_family_placebo,validation_2025H1,-0.0005677875459789273,0.26659966144734754
a7ff24r_3c18085739c75d99,L1_cross_sectional_relative_return,24,same_family_placebo,test_2025H2,3.6474142273085935e-05,0.006223647923334157
a7ff24r_3c18085739c75d99,L1_cross_sectional_relative_return,24,same_family_placebo,recent_oos_2026JanApr,-0.0008158619313531925,0.0844637632616906
a7ff24r_3c18085739c75d99,L3_liquidity_tier_relative_return,24,one_bar_lag,validation_2025H1,-0.0020214792547185645,0.9941936417407603
a7ff24r_3c18085739c75d99,L3_liquidity_tier_relative_return,24,one_bar_lag,test_2025H2,0.003825374027266883,1.003825413887511
a7ff24r_3c18085739c75d99,L3_liquidity_tier_relative_return,24,one_bar_lag,recent_oos_2026JanApr,0.009508366882797048,0.96800569633485
a7ff24r_3c18085739c75d99,L3_liquidity_tier_relative_return,24,wrong_lag_future_24h,validation_2025H1,-0.003158285492066836,1.5532919013072377
a7ff24r_3c18085739c75d99,L3_liquidity_tier_relative_return,24,wrong_lag_future_24h,test_2025H2,0.0017697377363292432,0.4644010501928125
a7ff24r_3c18085739c75d99,L3_liquidity_tier_relative_return,24,wrong_lag_future_24h,recent_oos_2026JanApr,-0.006116175271358437,0.6226613439968254
a7ff24r_3c18085739c75d99,L3_liquidity_tier_relative_return,24,wrong_lag_stale_168h,validation_2025H1,-0.002082825516182202,1.024364647923164
a7ff24r_3c18085739c75d99,L3_liquidity_tier_relative_return,24,wrong_lag_stale_168h,test_2025H2,0.0010652086920748885,0.2795239233018531
a7ff24r_3c18085739c75d99,L3_liquidity_tier_relative_return,24,wrong_lag_stale_168h,recent_oos_2026JanApr,-0.0011952489172012198,0.12168312126051332
a7ff24r_3c18085739c75d99,L3_liquidity_tier_relative_return,24,time_shuffle,validation_2025H1,-0.0018353007479444477,0.9026282758179793
a7ff24r_3c18085739c75d99,L3_liquidity_tier_relative_return,24,time_shuffle,test_2025H2,0.0020953932211492093,0.5498570734480606
a7ff24r_3c18085739c75d99,L3_liquidity_tier_relative_return,24,time_shuffle,recent_oos_2026JanApr,-0.0004619305350525599,0.04702714932580998
a7ff24r_3c18085739c75d99,L3_liquidity_tier_relative_return,24,symbol_shuffle,validation_2025H1,-0.0020693626714186958,1.0177434201107203
a7ff24r_3c18085739c75d99,L3_liquidity_tier_relative_return,24,symbol_shuffle,test_2025H2,-0.0011414061259326022,0.2995190714976061
a7ff24r_3c18085739c75d99,L3_liquidity_tier_relative_return,24,symbol_shuffle,recent_oos_2026JanApr,0.003887923282043757,0.3958126490407505
a7ff24r_3c18085739c75d99,L3_liquidity_tier_relative_return,24,sign_flip,validation_2025H1,0.002037935092602113,1.0022868682011121
a7ff24r_3c18085739c75d99,L3_liquidity_tier_relative_return,24,sign_flip,test_2025H2,-0.004104377355191302,1.0770393347050329
a7ff24r_3c18085739c75d99,L3_liquidity_tier_relative_return,24,sign_flip,recent_oos_2026JanApr,-0.0097267382796772,0.9902371435120758
a7ff24r_3c18085739c75d99,L3_liquidity_tier_relative_return,24,same_family_placebo,validation_2025H1,-0.0010303575350381912,0.5067452004088305
a7ff24r_3c18085739c75d99,L3_liquidity_tier_relative_return,24,same_family_placebo,test_2025H2,0.0001225314639118146,0.03215377021927446
a7ff24r_3c18085739c75d99,L3_liquidity_tier_relative_return,24,same_family_placebo,recent_oos_2026JanApr,7.157214762333209e-06,0.000728645070728736
a7ff24r_3c18085739c75d99,L5_vol_adjusted_return,24,one_bar_lag,validation_2025H1,0.2991628329936495,0.9946487440126786
a7ff24r_3c18085739c75d99,L5_vol_adjusted_return,24,one_bar_lag,test_2025H2,-0.49058827327386,1.001762102967479
a7ff24r_3c18085739c75d99,L5_vol_adjusted_return,24,one_bar_lag,recent_oos_2026JanApr,-0.7913201603111027,0.9815198171503632
a7ff24r_3c18085739c75d99,L5_vol_adjusted_return,24,wrong_lag_future_24h,validation_2025H1,0.4177413337701269,1.3888954346326106
a7ff24r_3c18085739c75d99,L5_vol_adjusted_return,24,wrong_lag_future_24h,test_2025H2,-0.19766321457573025,0.40362056799951285
a7ff24r_3c18085739c75d99,L5_vol_adjusted_return,24,wrong_lag_future_24h,recent_oos_2026JanApr,0.9554373236779472,1.1850837553112867
a7ff24r_3c18085739c75d99,L5_vol_adjusted_return,24,wrong_lag_stale_168h,validation_2025H1,0.2209200355425971,0.7345091423316781
a7ff24r_3c18085739c75d99,L5_vol_adjusted_return,24,wrong_lag_stale_168h,test_2025H2,-0.23839108883100651,0.48678529733780485
a7ff24r_3c18085739c75d99,L5_vol_adjusted_return,24,wrong_lag_stale_168h,recent_oos_2026JanApr,-0.35431105089015646,0.43947233411485226
a7ff24r_3c18085739c75d99,L5_vol_adjusted_return,24,time_shuffle,validation_2025H1,0.1664905622198765,0.5535434564008161
a7ff24r_3c18085739c75d99,L5_vol_adjusted_return,24,time_shuffle,test_2025H2,-0.3120067790455444,0.6371056630256965
a7ff24r_3c18085739c75d99,L5_vol_adjusted_return,24,time_shuffle,recent_oos_2026JanApr,0.15500902027750166,0.192266585473591
a7ff24r_3c18085739c75d99,L5_vol_adjusted_return,24,symbol_shuffle,validation_2025H1,0.12366888066933984,0.41117105223369727
a7ff24r_3c18085739c75d99,L5_vol_adjusted_return,24,symbol_shuffle,test_2025H2,-0.5390027920454504,1.1006226603451172
a7ff24r_3c18085739c75d99,L5_vol_adjusted_return,24,symbol_shuffle,recent_oos_2026JanApr,0.2656083395821298,0.32944926968342503
a7ff24r_3c18085739c75d99,L5_vol_adjusted_return,24,sign_flip,validation_2025H1,-0.28905775295044905,0.9610516388090042
a7ff24r_3c18085739c75d99,L5_vol_adjusted_return,24,sign_flip,test_2025H2,0.5255803851763055,1.0732146294878167
a7ff24r_3c18085739c75d99,L5_vol_adjusted_return,24,sign_flip,recent_oos_2026JanApr,0.8574859036480006,1.0635889865698784
a7ff24r_3c18085739c75d99,L5_vol_adjusted_return,24,same_family_placebo,validation_2025H1,-0.08620567032158713,0.28661435263904533
a7ff24r_3c18085739c75d99,L5_vol_adjusted_return,24,same_family_placebo,test_2025H2,0.1002199728637169,0.20464527230812254
a7ff24r_3c18085739c75d99,L5_vol_adjusted_return,24,same_family_placebo,recent_oos_2026JanApr,-0.016787917887077904,0.020823018193270745
a7ff24r_3c18085739c75d99,L7_ranked_future_return,24,one_bar_lag,validation_2025H1,-0.004240085541719884,1.0299523347875268
a7ff24r_3c18085739c75d99,L7_ranked_future_return,24,one_bar_lag,test_2025H2,0.06894148773414219,1.0110389246163263
a7ff24r_3c18085739c75d99,L7_ranked_future_return,24,one_bar_lag,recent_oos_2026JanApr,0.045792092379736055,0.9852940124088481
a7ff24r_3c18085739c75d99,L7_ranked_future_return,24,wrong_lag_future_24h,validation_2025H1,-0.017124723951681565,4.159739053158829
a7ff24r_3c18085739c75d99,L7_ranked_future_return,24,wrong_lag_future_24h,test_2025H2,0.04585977410600255,0.6725415742996569
a7ff24r_3c18085739c75d99,L7_ranked_future_return,24,wrong_lag_future_24h,recent_oos_2026JanApr,0.016542029187952324,0.35592962594551286
a7ff24r_3c18085739c75d99,L7_ranked_future_return,24,wrong_lag_stale_168h,validation_2025H1,-0.022210664777564924,5.395156729681693
a7ff24r_3c18085739c75d99,L7_ranked_future_return,24,wrong_lag_stale_168h,test_2025H2,0.04272878751596424,0.6266251106575068
a7ff24r_3c18085739c75d99,L7_ranked_future_return,24,wrong_lag_stale_168h,recent_oos_2026JanApr,-0.00485495822690507,0.1044626052855682
a7ff24r_3c18085739c75d99,L7_ranked_future_return,24,time_shuffle,validation_2025H1,0.005846833628128854,1.4202449189180468
a7ff24r_3c18085739c75d99,L7_ranked_future_return,24,time_shuffle,test_2025H2,0.04891077898550724,0.7172850922270476
a7ff24r_3c18085739c75d99,L7_ranked_future_return,24,time_shuffle,recent_oos_2026JanApr,0.01082302280446385,0.23287556892948677
a7ff24r_3c18085739c75d99,L7_ranked_future_return,24,symbol_shuffle,validation_2025H1,0.015136011999787148,3.6766642430117957
a7ff24r_3c18085739c75d99,L7_ranked_future_return,24,symbol_shuffle,test_2025H2,-0.005798677628778206,0.08503861733597697
a7ff24r_3c18085739c75d99,L7_ranked_future_return,24,symbol_shuffle,recent_oos_2026JanApr,-0.035112098898467434,0.7554959603260365
a7ff24r_3c18085739c75d99,L7_ranked_future_return,24,sign_flip,validation_2025H1,0.004442216102596851,1.0790515430602683
a7ff24r_3c18085739c75d99,L7_ranked_future_return,24,sign_flip,test_2025H2,-0.06791470439548744,0.9959809681281994
a7ff24r_3c18085739c75d99,L7_ranked_future_return,24,sign_flip,recent_oos_2026JanApr,-0.040023181406981696,0.8611661740816811
a7ff24r_3c18085739c75d99,L7_ranked_future_return,24,same_family_placebo,validation_2025H1,0.0006008208280119195,0.14594441751494575
a7ff24r_3c18085739c75d99,L7_ranked_future_return,24,same_family_placebo,test_2025H2,0.013391170444870159,0.19638384680855217
a7ff24r_3c18085739c75d99,L7_ranked_future_return,24,same_family_placebo,recent_oos_2026JanApr,-0.000774598233290761,0.016666785936639
a7ff24r_49df8a5d77c3bce5,L0_raw_forward_return,1,one_bar_lag,validation_2025H1,-0.00010171189443796594,0.6660170843815612
a7ff24r_49df8a5d77c3bce5,L0_raw_forward_return,1,one_bar_lag,test_2025H2,0.00020249561427002609,2.963539481326672
a7ff24r_49df8a5d77c3bce5,L0_raw_forward_return,1,one_bar_lag,recent_oos_2026JanApr,0.00010277456095022512,4.236918999424524
a7ff24r_49df8a5d77c3bce5,L0_raw_forward_return,1,wrong_lag_future_24h,validation_2025H1,-0.0001860908002955135,1.2185364644706331
a7ff24r_49df8a5d77c3bce5,L0_raw_forward_return,1,wrong_lag_future_24h,test_2025H2,0.0002687979316244463,3.9338791891351477
a7ff24r_49df8a5d77c3bce5,L0_raw_forward_return,1,wrong_lag_future_24h,recent_oos_2026JanApr,-0.0016807611516489877,69.28999541399297
a7ff24r_49df8a5d77c3bce5,L0_raw_forward_return,1,wrong_lag_stale_168h,validation_2025H1,-5.822227969917099e-05,0.3812438376608915
a7ff24r_49df8a5d77c3bce5,L0_raw_forward_return,1,wrong_lag_stale_168h,test_2025H2,9.33929157750725e-05,1.3668127785057549
a7ff24r_49df8a5d77c3bce5,L0_raw_forward_return,1,wrong_lag_stale_168h,recent_oos_2026JanApr,-9.02022921445743e-06,0.371862260315646
a7ff24r_49df8a5d77c3bce5,L0_raw_forward_return,1,time_shuffle,validation_2025H1,-2.946690692086081e-05,0.1929515081949843
a7ff24r_49df8a5d77c3bce5,L0_raw_forward_return,1,time_shuffle,test_2025H2,0.00017156603073622252,2.5108825570083555
a7ff24r_49df8a5d77c3bce5,L0_raw_forward_return,1,time_shuffle,recent_oos_2026JanApr,-6.520786965050414e-06,0.2688218361429192
a7ff24r_49df8a5d77c3bce5,L0_raw_forward_return,1,symbol_shuffle,validation_2025H1,5.804921838790446e-05,0.3801106192641062
a7ff24r_49df8a5d77c3bce5,L0_raw_forward_return,1,symbol_shuffle,test_2025H2,-0.00012178712039306011,1.7823642299760305
a7ff24r_49df8a5d77c3bce5,L0_raw_forward_return,1,symbol_shuffle,recent_oos_2026JanApr,2.474086602954663e-05,1.0199512834072904
a7ff24r_49df8a5d77c3bce5,L0_raw_forward_return,1,sign_flip,validation_2025H1,0.00015672837359025524,1.0262691005338564
a7ff24r_49df8a5d77c3bce5,L0_raw_forward_return,1,sign_flip,test_2025H2,-9.789175936162244e-05,1.432653713565589
a7ff24r_49df8a5d77c3bce5,L0_raw_forward_return,1,sign_flip,recent_oos_2026JanApr,4.215031990087398e-05,1.7376624095366024
a7ff24r_49df8a5d77c3bce5,L0_raw_forward_return,1,same_family_placebo,validation_2025H1,4.9617772152950326e-05,0.3249008793457437
a7ff24r_49df8a5d77c3bce5,L0_raw_forward_return,1,same_family_placebo,test_2025H2,2.5596329548603592e-05,0.374604326458065
a7ff24r_49df8a5d77c3bce5,L0_raw_forward_return,1,same_family_placebo,recent_oos_2026JanApr,-0.00011975330735322947,4.936874052077487
a7ff24r_49df8a5d77c3bce5,L1_cross_sectional_relative_return,1,one_bar_lag,validation_2025H1,-0.00010171189443796594,0.6660170843815612
a7ff24r_49df8a5d77c3bce5,L1_cross_sectional_relative_return,1,one_bar_lag,test_2025H2,0.00020249561427002617,2.9635394813266758
a7ff24r_49df8a5d77c3bce5,L1_cross_sectional_relative_return,1,one_bar_lag,recent_oos_2026JanApr,0.00010277456095022518,4.236918999424541
a7ff24r_49df8a5d77c3bce5,L1_cross_sectional_relative_return,1,wrong_lag_future_24h,validation_2025H1,-0.0001860908002955136,1.2185364644706336
a7ff24r_49df8a5d77c3bce5,L1_cross_sectional_relative_return,1,wrong_lag_future_24h,test_2025H2,0.0002687979316244463,3.9338791891351508
a7ff24r_49df8a5d77c3bce5,L1_cross_sectional_relative_return,1,wrong_lag_future_24h,recent_oos_2026JanApr,-0.0016807611516489872,69.28999541399318
a7ff24r_49df8a5d77c3bce5,L1_cross_sectional_relative_return,1,wrong_lag_stale_168h,validation_2025H1,-5.8222279699170975e-05,0.3812438376608914
a7ff24r_49df8a5d77c3bce5,L1_cross_sectional_relative_return,1,wrong_lag_stale_168h,test_2025H2,9.33929157750725e-05,1.366812778505756
a7ff24r_49df8a5d77c3bce5,L1_cross_sectional_relative_return,1,wrong_lag_stale_168h,recent_oos_2026JanApr,-9.02022921445747e-06,0.3718622603156488
a7ff24r_49df8a5d77c3bce5,L1_cross_sectional_relative_return,1,time_shuffle,validation_2025H1,-9.822254516140079e-05,0.6431685646051035
a7ff24r_49df8a5d77c3bce5,L1_cross_sectional_relative_return,1,time_shuffle,test_2025H2,-1.2817060147636726e-06,0.018757869852632458
a7ff24r_49df8a5d77c3bce5,L1_cross_sectional_relative_return,1,time_shuffle,recent_oos_2026JanApr,0.00010489143535837837,4.3241879239168926
a7ff24r_49df8a5d77c3bce5,L1_cross_sectional_relative_return,1,symbol_shuffle,validation_2025H1,8.385627826858827e-05,0.549097175587431
a7ff24r_49df8a5d77c3bce5,L1_cross_sectional_relative_return,1,symbol_shuffle,test_2025H2,5.2467572022404024e-05,0.7678671053606179
a7ff24r_49df8a5d77c3bce5,L1_cross_sectional_relative_return,1,symbol_shuffle,recent_oos_2026JanApr,6.731153393827264e-05,2.7749426938598103
a7ff24r_49df8a5d77c3bce5,L1_cross_sectional_relative_return,1,sign_flip,validation_2025H1,0.00015672837359025524,1.0262691005338564
a7ff24r_49df8a5d77c3bce5,L1_cross_sectional_relative_return,1,sign_flip,test_2025H2,-9.789175936162244e-05,1.4326537135655901
a7ff24r_49df8a5d77c3bce5,L1_cross_sectional_relative_return,1,sign_flip,recent_oos_2026JanApr,4.2150319900874096e-05,1.7376624095366129
a7ff24r_49df8a5d77c3bce5,L1_cross_sectional_relative_return,1,same_family_placebo,validation_2025H1,-2.9091377885429128e-05,0.1904925160125963
a7ff24r_49df8a5d77c3bce5,L1_cross_sectional_relative_return,1,same_family_placebo,test_2025H2,-7.881446186309521e-05,1.1534559416152832
a7ff24r_49df8a5d77c3bce5,L1_cross_sectional_relative_return,1,same_family_placebo,recent_oos_2026JanApr,5.477076436943967e-05,2.257944865191615
a7ff24r_49df8a5d77c3bce5,L3_liquidity_tier_relative_return,1,one_bar_lag,validation_2025H1,-8.306554678865532e-05,0.6191540431972581
a7ff24r_49df8a5d77c3bce5,L3_liquidity_tier_relative_return,1,one_bar_lag,test_2025H2,0.0001497001285382968,4.267349120652788
a7ff24r_49df8a5d77c3bce5,L3_liquidity_tier_relative_return,1,one_bar_lag,recent_oos_2026JanApr,0.00011267037708922046,3.0633250335719295
a7ff24r_49df8a5d77c3bce5,L3_liquidity_tier_relative_return,1,wrong_lag_future_24h,validation_2025H1,-0.00021447051581568172,1.5986205129274687
a7ff24r_49df8a5d77c3bce5,L3_liquidity_tier_relative_return,1,wrong_lag_future_24h,test_2025H2,0.00019218119370382794,5.478313585737713
a7ff24r_49df8a5d77c3bce5,L3_liquidity_tier_relative_return,1,wrong_lag_future_24h,recent_oos_2026JanApr,-0.0015996121965957955,43.49086434634552
a7ff24r_49df8a5d77c3bce5,L3_liquidity_tier_relative_return,1,wrong_lag_stale_168h,validation_2025H1,-6.398239848524994e-05,0.4769120561668419
a7ff24r_49df8a5d77c3bce5,L3_liquidity_tier_relative_return,1,wrong_lag_stale_168h,test_2025H2,5.2664365341714186e-05,1.501249433284275
a7ff24r_49df8a5d77c3bce5,L3_liquidity_tier_relative_return,1,wrong_lag_stale_168h,recent_oos_2026JanApr,3.3983273211445725e-06,0.0923950147685232
a7ff24r_49df8a5d77c3bce5,L3_liquidity_tier_relative_return,1,time_shuffle,validation_2025H1,0.00011020767893178942,0.8214660908163909
a7ff24r_49df8a5d77c3bce5,L3_liquidity_tier_relative_return,1,time_shuffle,test_2025H2,0.00014831214463033096,4.22778327680902
a7ff24r_49df8a5d77c3bce5,L3_liquidity_tier_relative_return,1,time_shuffle,recent_oos_2026JanApr,-0.0002576386882330205,7.004778573305705
a7ff24r_49df8a5d77c3bce5,L3_liquidity_tier_relative_return,1,symbol_shuffle,validation_2025H1,2.3648323209713884e-05,0.17626989162406423
a7ff24r_49df8a5d77c3bce5,L3_liquidity_tier_relative_return,1,symbol_shuffle,test_2025H2,1.8010733222362978e-05,0.5134136311653233
a7ff24r_49df8a5d77c3bce5,L3_liquidity_tier_relative_return,1,symbol_shuffle,recent_oos_2026JanApr,5.46383293786848e-06,0.14855276648780033
a7ff24r_49df8a5d77c3bce5,L3_liquidity_tier_relative_return,1,sign_flip,validation_2025H1,0.0001370694356681999,1.0216882759907764
a7ff24r_49df8a5d77c3bce5,L3_liquidity_tier_relative_return,1,sign_flip,test_2025H2,-7.537434808951952e-05,2.148619785301674
a7ff24r_49df8a5d77c3bce5,L3_liquidity_tier_relative_return,1,sign_flip,recent_oos_2026JanApr,2.1702969520039172e-05,0.5900685836964792
a7ff24r_49df8a5d77c3bce5,L3_liquidity_tier_relative_return,1,same_family_placebo,validation_2025H1,-2.3503365938541122e-05,0.17518940899309077
a7ff24r_49df8a5d77c3bce5,L3_liquidity_tier_relative_return,1,same_family_placebo,test_2025H2,-0.00014229969455547596,4.056392485161586
a7ff24r_49df8a5d77c3bce5,L3_liquidity_tier_relative_return,1,same_family_placebo,recent_oos_2026JanApr,-0.00012861314712202588,3.4967831244000083
a7ff24r_49df8a5d77c3bce5,L5_vol_adjusted_return,1,one_bar_lag,validation_2025H1,-0.00553251085403698,0.5434453741606424
a7ff24r_49df8a5d77c3bce5,L5_vol_adjusted_return,1,one_bar_lag,test_2025H2,0.021590748782896005,3.078833814880035
a7ff24r_49df8a5d77c3bce5,L5_vol_adjusted_return,1,one_bar_lag,recent_oos_2026JanApr,0.008689059103263586,28.99893249922204
a7ff24r_49df8a5d77c3bce5,L5_vol_adjusted_return,1,wrong_lag_future_24h,validation_2025H1,-0.013495084390875113,1.3255900222549386
a7ff24r_49df8a5d77c3bce5,L5_vol_adjusted_return,1,wrong_lag_future_24h,test_2025H2,0.01827481516795733,2.605982750554826
a7ff24r_49df8a5d77c3bce5,L5_vol_adjusted_return,1,wrong_lag_future_24h,recent_oos_2026JanApr,-0.14460320401976545,482.59984225051545
a7ff24r_49df8a5d77c3bce5,L5_vol_adjusted_return,1,wrong_lag_stale_168h,validation_2025H1,0.0007948447968577811,0.0780757127142058
a7ff24r_49df8a5d77c3bce5,L5_vol_adjusted_return,1,wrong_lag_stale_168h,test_2025H2,0.007105475282504426,1.0132384842483704
a7ff24r_49df8a5d77c3bce5,L5_vol_adjusted_return,1,wrong_lag_stale_168h,recent_oos_2026JanApr,0.0177923301620233,59.380259155861125
a7ff24r_49df8a5d77c3bce5,L5_vol_adjusted_return,1,time_shuffle,validation_2025H1,0.015605581620532147,1.53289914227213
a7ff24r_49df8a5d77c3bce5,L5_vol_adjusted_return,1,time_shuffle,test_2025H2,0.015088375716672552,2.151597512213525
a7ff24r_49df8a5d77c3bce5,L5_vol_adjusted_return,1,time_shuffle,recent_oos_2026JanApr,-0.004861070407502805,16.223373664036103
a7ff24r_49df8a5d77c3bce5,L5_vol_adjusted_return,1,symbol_shuffle,validation_2025H1,-0.021765271254569923,2.137950795345799
a7ff24r_49df8a5d77c3bce5,L5_vol_adjusted_return,1,symbol_shuffle,test_2025H2,0.021293938882293917,3.036508818755361
a7ff24r_49df8a5d77c3bce5,L5_vol_adjusted_return,1,symbol_shuffle,recent_oos_2026JanApr,-0.004206903931820119,14.040153450416994
a7ff24r_49df8a5d77c3bce5,L5_vol_adjusted_return,1,sign_flip,validation_2025H1,0.011255989790798898,1.105649088595207
a7ff24r_49df8a5d77c3bce5,L5_vol_adjusted_return,1,sign_flip,test_2025H2,-0.00787586400099399,1.1230956671065564
a7ff24r_49df8a5d77c3bce5,L5_vol_adjusted_return,1,sign_flip,recent_oos_2026JanApr,0.007185090650472568,23.97957664893613
a7ff24r_49df8a5d77c3bce5,L5_vol_adjusted_return,1,same_family_placebo,validation_2025H1,0.0007158821796166327,0.07031940274872106
a7ff24r_49df8a5d77c3bce5,L5_vol_adjusted_return,1,same_family_placebo,test_2025H2,0.0242643558288992,3.46008931758206
a7ff24r_49df8a5d77c3bce5,L5_vol_adjusted_return,1,same_family_placebo,recent_oos_2026JanApr,0.003891321054072746,12.986924733596664
a7ff24r_49df8a5d77c3bce5,L7_ranked_future_return,1,one_bar_lag,validation_2025H1,-0.0027010733786637835,0.3592309915541808
a7ff24r_49df8a5d77c3bce5,L7_ranked_future_return,1,one_bar_lag,test_2025H2,0.014368271261525782,2.098188784805068
a7ff24r_49df8a5d77c3bce5,L7_ranked_future_return,1,one_bar_lag,recent_oos_2026JanApr,0.01411811672590532,1.3324420406551
a7ff24r_49df8a5d77c3bce5,L7_ranked_future_return,1,wrong_lag_future_24h,validation_2025H1,-0.0012575336114974507,0.16724649161305521
a7ff24r_49df8a5d77c3bce5,L7_ranked_future_return,1,wrong_lag_future_24h,test_2025H2,0.02548960426003194,3.722229404920017
a7ff24r_49df8a5d77c3bce5,L7_ranked_future_return,1,wrong_lag_future_24h,recent_oos_2026JanApr,-0.006814779400401795,0.6431664185226826
a7ff24r_49df8a5d77c3bce5,L7_ranked_future_return,1,wrong_lag_stale_168h,validation_2025H1,-0.004091652500901458,0.5441719564542544
a7ff24r_49df8a5d77c3bce5,L7_ranked_future_return,1,wrong_lag_stale_168h,test_2025H2,0.007888319038788442,1.1519258118733913
a7ff24r_49df8a5d77c3bce5,L7_ranked_future_return,1,wrong_lag_stale_168h,recent_oos_2026JanApr,0.0018237617833410584,0.1721233022393727
a7ff24r_49df8a5d77c3bce5,L7_ranked_future_return,1,time_shuffle,validation_2025H1,0.003337677663658055,0.4438965879546992
a7ff24r_49df8a5d77c3bce5,L7_ranked_future_return,1,time_shuffle,test_2025H2,0.014160136043865094,2.067794941908463
a7ff24r_49df8a5d77c3bce5,L7_ranked_future_return,1,time_shuffle,recent_oos_2026JanApr,-0.0016279292811069504,0.1536409887715559
a7ff24r_49df8a5d77c3bce5,L7_ranked_future_return,1,symbol_shuffle,validation_2025H1,7.976291660227761e-05,0.010608120403772356
a7ff24r_49df8a5d77c3bce5,L7_ranked_future_return,1,symbol_shuffle,test_2025H2,-0.003284606320506877,0.4796488052561676
a7ff24r_49df8a5d77c3bce5,L7_ranked_future_return,1,symbol_shuffle,recent_oos_2026JanApr,-0.0006653080410034504,0.062790556348941
a7ff24r_49df8a5d77c3bce5,L7_ranked_future_return,1,sign_flip,validation_2025H1,0.006989275871838462,0.9295432406683869
a7ff24r_49df8a5d77c3bce5,L7_ranked_future_return,1,sign_flip,test_2025H2,-0.007937255318600936,1.159071943207061
a7ff24r_49df8a5d77c3bce5,L7_ranked_future_return,1,sign_flip,recent_oos_2026JanApr,-0.009128306418379436,0.861512868038042
a7ff24r_49df8a5d77c3bce5,L7_ranked_future_return,1,same_family_placebo,validation_2025H1,-0.0007402417194663375,0.0984489236664919
a7ff24r_49df8a5d77c3bce5,L7_ranked_future_return,1,same_family_placebo,test_2025H2,0.00968278344408386,1.4139702166171058
a7ff24r_49df8a5d77c3bce5,L7_ranked_future_return,1,same_family_placebo,recent_oos_2026JanApr,-0.0031555046875804864,0.2978107623590896
a7ff24r_49df8a5d77c3bce5,L0_raw_forward_return,4,one_bar_lag,validation_2025H1,0.0006181847492610927,1.0269145745624626
a7ff24r_49df8a5d77c3bce5,L0_raw_forward_return,4,one_bar_lag,test_2025H2,-0.0007612867626094933,1.1237415993842716
a7ff24r_49df8a5d77c3bce5,L0_raw_forward_return,4,one_bar_lag,recent_oos_2026JanApr,-0.0008946446220619481,1.4824321561046288
a7ff24r_49df8a5d77c3bce5,L0_raw_forward_return,4,wrong_lag_future_24h,validation_2025H1,0.0007623579884958977,1.2664119106081484
a7ff24r_49df8a5d77c3bce5,L0_raw_forward_return,4,wrong_lag_future_24h,test_2025H2,-0.0005504889718088483,0.8125812611051492
a7ff24r_49df8a5d77c3bce5,L0_raw_forward_return,4,wrong_lag_future_24h,recent_oos_2026JanApr,0.006328478307967172,10.486331121422133
a7ff24r_49df8a5d77c3bce5,L0_raw_forward_return,4,wrong_lag_stale_168h,validation_2025H1,0.0002711097036063162,0.45036133012244445
a7ff24r_49df8a5d77c3bce5,L0_raw_forward_return,4,wrong_lag_stale_168h,test_2025H2,-0.00038070519993198916,0.5619620506720046
a7ff24r_49df8a5d77c3bce5,L0_raw_forward_return,4,wrong_lag_stale_168h,recent_oos_2026JanApr,0.00014363417356490007,0.23800279167539384
a7ff24r_49df8a5d77c3bce5,L0_raw_forward_return,4,time_shuffle,validation_2025H1,-4.8974449288870054e-05,0.08135525151020771
a7ff24r_49df8a5d77c3bce5,L0_raw_forward_return,4,time_shuffle,test_2025H2,-0.000800374730265637,1.1814396672451035
a7ff24r_49df8a5d77c3bce5,L0_raw_forward_return,4,time_shuffle,recent_oos_2026JanApr,0.00030599181472115396,0.5070304950830395
a7ff24r_49df8a5d77c3bce5,L0_raw_forward_return,4,symbol_shuffle,validation_2025H1,7.901793008701807e-05,0.1312628047765779
a7ff24r_49df8a5d77c3bce5,L0_raw_forward_return,4,symbol_shuffle,test_2025H2,0.00017518639253343512,0.25859406284838543
a7ff24r_49df8a5d77c3bce5,L0_raw_forward_return,4,symbol_shuffle,recent_oos_2026JanApr,0.000187334339102409,0.31041425989680876
a7ff24r_49df8a5d77c3bce5,L0_raw_forward_return,4,sign_flip,validation_2025H1,-0.0005930161485492929,0.9851050622391907
a7ff24r_49df8a5d77c3bce5,L0_raw_forward_return,4,sign_flip,test_2025H2,0.0007398009851314079,1.0920262680096955
a7ff24r_49df8a5d77c3bce5,L0_raw_forward_return,4,sign_flip,recent_oos_2026JanApr,0.0004966299279436431,0.8229191309178887
a7ff24r_49df8a5d77c3bce5,L0_raw_forward_return,4,same_family_placebo,validation_2025H1,3.6180447263703696e-05,0.06010214366125306
a7ff24r_49df8a5d77c3bce5,L0_raw_forward_return,4,same_family_placebo,test_2025H2,0.00031250280609652757,0.4612879408690321
a7ff24r_49df8a5d77c3bce5,L0_raw_forward_return,4,same_family_placebo,recent_oos_2026JanApr,-0.00045973059643071866,0.7617766904173785
a7ff24r_49df8a5d77c3bce5,L1_cross_sectional_relative_return,4,one_bar_lag,validation_2025H1,0.0006181847492610927,1.0269145745624626
a7ff24r_49df8a5d77c3bce5,L1_cross_sectional_relative_return,4,one_bar_lag,test_2025H2,-0.0007612867626094933,1.1237415993842712
a7ff24r_49df8a5d77c3bce5,L1_cross_sectional_relative_return,4,one_bar_lag,recent_oos_2026JanApr,-0.0008946446220619482,1.4824321561046294
a7ff24r_49df8a5d77c3bce5,L1_cross_sectional_relative_return,4,wrong_lag_future_24h,validation_2025H1,0.0007623579884958977,1.2664119106081484
a7ff24r_49df8a5d77c3bce5,L1_cross_sectional_relative_return,4,wrong_lag_future_24h,test_2025H2,-0.0005504889718088481,0.8125812611051487
a7ff24r_49df8a5d77c3bce5,L1_cross_sectional_relative_return,4,wrong_lag_future_24h,recent_oos_2026JanApr,0.006328478307967171,10.486331121422134
a7ff24r_49df8a5d77c3bce5,L1_cross_sectional_relative_return,4,wrong_lag_stale_168h,validation_2025H1,0.0002711097036063162,0.45036133012244445
a7ff24r_49df8a5d77c3bce5,L1_cross_sectional_relative_return,4,wrong_lag_stale_168h,test_2025H2,-0.00038070519993198916,0.5619620506720044
a7ff24r_49df8a5d77c3bce5,L1_cross_sectional_relative_return,4,wrong_lag_stale_168h,recent_oos_2026JanApr,0.00014363417356490007,0.23800279167539393
a7ff24r_49df8a5d77c3bce5,L1_cross_sectional_relative_return,4,time_shuffle,validation_2025H1,0.0001506189592179419,0.25020482082615575
a7ff24r_49df8a5d77c3bce5,L1_cross_sectional_relative_return,4,time_shuffle,test_2025H2,-0.0005995307786705293,0.8849722722013305
a7ff24r_49df8a5d77c3bce5,L1_cross_sectional_relative_return,4,time_shuffle,recent_oos_2026JanApr,0.0003963967628617651,0.6568321022125055
a7ff24r_49df8a5d77c3bce5,L1_cross_sectional_relative_return,4,symbol_shuffle,validation_2025H1,3.470199006494833e-05,0.05764616387999282
a7ff24r_49df8a5d77c3bce5,L1_cross_sectional_relative_return,4,symbol_shuffle,test_2025H2,-4.467838748670084e-05,0.06595013216848666
a7ff24r_49df8a5d77c3bce5,L1_cross_sectional_relative_return,4,symbol_shuffle,recent_oos_2026JanApr,-0.000834652930749732,1.3830255200983004
a7ff24r_49df8a5d77c3bce5,L1_cross_sectional_relative_return,4,sign_flip,validation_2025H1,-0.0005930161485492929,0.9851050622391907
a7ff24r_49df8a5d77c3bce5,L1_cross_sectional_relative_return,4,sign_flip,test_2025H2,0.0007398009851314079,1.0920262680096953
a7ff24r_49df8a5d77c3bce5,L1_cross_sectional_relative_return,4,sign_flip,recent_oos_2026JanApr,0.0004966299279436431,0.8229191309178889
a7ff24r_49df8a5d77c3bce5,L1_cross_sectional_relative_return,4,same_family_placebo,validation_2025H1,-0.0001520053382074825,0.2525078423612683
a7ff24r_49df8a5d77c3bce5,L1_cross_sectional_relative_return,4,same_family_placebo,test_2025H2,-0.0001242122809832411,0.18335076104150724
a7ff24r_49df8a5d77c3bce5,L1_cross_sectional_relative_return,4,same_family_placebo,recent_oos_2026JanApr,-0.00022770285736267698,0.3773051661712943
a7ff24r_49df8a5d77c3bce5,L3_liquidity_tier_relative_return,4,one_bar_lag,validation_2025H1,-0.0005571648388852715,1.0291204727381391
a7ff24r_49df8a5d77c3bce5,L3_liquidity_tier_relative_return,4,one_bar_lag,test_2025H2,0.0005100984741277667,1.0677568829049853
a7ff24r_49df8a5d77c3bce5,L3_liquidity_tier_relative_return,4,one_bar_lag,recent_oos_2026JanApr,0.0009144780616105319,1.437786176069808
a7ff24r_49df8a5d77c3bce5,L3_liquidity_tier_relative_return,4,wrong_lag_future_24h,validation_2025H1,-0.0008812226378090909,1.627676756171583
a7ff24r_49df8a5d77c3bce5,L3_liquidity_tier_relative_return,4,wrong_lag_future_24h,test_2025H2,0.00025499166072281786,0.5337579205382313
a7ff24r_49df8a5d77c3bce5,L3_liquidity_tier_relative_return,4,wrong_lag_future_24h,recent_oos_2026JanApr,-0.006084358725448383,9.566119990120768
a7ff24r_49df8a5d77c3bce5,L3_liquidity_tier_relative_return,4,wrong_lag_stale_168h,validation_2025H1,-0.0003208749931988221,0.5926774298092703
a7ff24r_49df8a5d77c3bce5,L3_liquidity_tier_relative_return,4,wrong_lag_stale_168h,test_2025H2,0.0002418956866509912,0.5063449460582573
a7ff24r_49df8a5d77c3bce5,L3_liquidity_tier_relative_return,4,wrong_lag_stale_168h,recent_oos_2026JanApr,-6.949448280783253e-05,0.10926255192853038
a7ff24r_49df8a5d77c3bce5,L3_liquidity_tier_relative_return,4,time_shuffle,validation_2025H1,-9.285287515305567e-05,0.17150542910028213
a7ff24r_49df8a5d77c3bce5,L3_liquidity_tier_relative_return,4,time_shuffle,test_2025H2,0.0006412703745324587,1.342330728161687
a7ff24r_49df8a5d77c3bce5,L3_liquidity_tier_relative_return,4,time_shuffle,recent_oos_2026JanApr,7.4085070275199855e-06,0.011648009325368363
a7ff24r_49df8a5d77c3bce5,L3_liquidity_tier_relative_return,4,symbol_shuffle,validation_2025H1,-0.000739195634544364,1.3653434455595792
a7ff24r_49df8a5d77c3bce5,L3_liquidity_tier_relative_return,4,symbol_shuffle,test_2025H2,0.0006580568078017339,1.3774687075358505
a7ff24r_49df8a5d77c3bce5,L3_liquidity_tier_relative_return,4,symbol_shuffle,recent_oos_2026JanApr,0.0001663036881157038,0.26147061787472187
a7ff24r_49df8a5d77c3bce5,L3_liquidity_tier_relative_return,4,sign_flip,validation_2025H1,0.0005211887428925668,0.9626702333630935
a7ff24r_49df8a5d77c3bce5,L3_liquidity_tier_relative_return,4,sign_flip,test_2025H2,-0.0005558117542378216,1.1634456017570414
a7ff24r_49df8a5d77c3bce5,L3_liquidity_tier_relative_return,4,sign_flip,recent_oos_2026JanApr,-0.0005210401995873931,0.8192043391659422
a7ff24r_49df8a5d77c3bce5,L3_liquidity_tier_relative_return,4,same_family_placebo,validation_2025H1,0.00023844786545656216,0.44042904881258516
a7ff24r_49df8a5d77c3bce5,L3_liquidity_tier_relative_return,4,same_family_placebo,test_2025H2,-0.0001965577084588044,0.41144182298093146
a7ff24r_49df8a5d77c3bce5,L3_liquidity_tier_relative_return,4,same_family_placebo,recent_oos_2026JanApr,-0.00023313267421647442,0.3665423483077384
a7ff24r_49df8a5d77c3bce5,L5_vol_adjusted_return,4,one_bar_lag,validation_2025H1,0.0373178128267549,0.9451974556680667
a7ff24r_49df8a5d77c3bce5,L5_vol_adjusted_return,4,one_bar_lag,test_2025H2,-0.07636077472851067,1.0825107874279023
a7ff24r_49df8a5d77c3bce5,L5_vol_adjusted_return,4,one_bar_lag,recent_oos_2026JanApr,-0.04971887576690452,1.6195878200915845
a7ff24r_49df8a5d77c3bce5,L5_vol_adjusted_return,4,wrong_lag_future_24h,validation_2025H1,0.049951562461011796,1.2651890925114146
a7ff24r_49df8a5d77c3bce5,L5_vol_adjusted_return,4,wrong_lag_future_24h,test_2025H2,-0.032142465918653496,0.4556602027046346
a7ff24r_49df8a5d77c3bce5,L5_vol_adjusted_return,4,wrong_lag_future_24h,recent_oos_2026JanApr,0.5663557738788636,18.448987413012446
a7ff24r_49df8a5d77c3bce5,L5_vol_adjusted_return,4,wrong_lag_stale_168h,validation_2025H1,0.0033443668319887714,0.08470718889908058
a7ff24r_49df8a5d77c3bce5,L5_vol_adjusted_return,4,wrong_lag_stale_168h,test_2025H2,-0.02804230677949955,0.3975352489690871
a7ff24r_49df8a5d77c3bce5,L5_vol_adjusted_return,4,wrong_lag_stale_168h,recent_oos_2026JanApr,-0.0476771615498548,1.5530791666468764
a7ff24r_49df8a5d77c3bce5,L5_vol_adjusted_return,4,time_shuffle,validation_2025H1,0.0725520261649749,1.8376208394917484
a7ff24r_49df8a5d77c3bce5,L5_vol_adjusted_return,4,time_shuffle,test_2025H2,-0.06500251103921172,0.9214930003005274
a7ff24r_49df8a5d77c3bce5,L5_vol_adjusted_return,4,time_shuffle,recent_oos_2026JanApr,0.02772859631814428,0.9032564830236274
a7ff24r_49df8a5d77c3bce5,L5_vol_adjusted_return,4,symbol_shuffle,validation_2025H1,0.023805559368864807,0.6029547940192821
a7ff24r_49df8a5d77c3bce5,L5_vol_adjusted_return,4,symbol_shuffle,test_2025H2,-0.02276049373244931,0.3226588530585235
a7ff24r_49df8a5d77c3bce5,L5_vol_adjusted_return,4,symbol_shuffle,recent_oos_2026JanApr,-0.027207702754578435,0.8862884229437792
a7ff24r_49df8a5d77c3bce5,L5_vol_adjusted_return,4,sign_flip,validation_2025H1,-0.039125258227147214,0.9909770087635508
a7ff24r_49df8a5d77c3bce5,L5_vol_adjusted_return,4,sign_flip,test_2025H2,0.07101342567796129,1.0067053355850886
a7ff24r_49df8a5d77c3bce5,L5_vol_adjusted_return,4,sign_flip,recent_oos_2026JanApr,0.017951805855750697,0.5847784300057753
a7ff24r_49df8a5d77c3bce5,L5_vol_adjusted_return,4,same_family_placebo,validation_2025H1,0.0018990101680221145,0.0480987347097527
a7ff24r_49df8a5d77c3bce5,L5_vol_adjusted_return,4,same_family_placebo,test_2025H2,-0.017750684333333613,0.25163845368748883
a7ff24r_49df8a5d77c3bce5,L5_vol_adjusted_return,4,same_family_placebo,recent_oos_2026JanApr,-0.018012042009150516,0.5867406171805798
a7ff24r_49df8a5d77c3bce5,L7_ranked_future_return,4,one_bar_lag,validation_2025H1,-0.008339718471963586,0.8649616068135335
a7ff24r_49df8a5d77c3bce5,L7_ranked_future_return,4,one_bar_lag,test_2025H2,0.028998147501551833,1.242369782468679
a7ff24r_49df8a5d77c3bce5,L7_ranked_future_return,4,one_bar_lag,recent_oos_2026JanApr,0.029684832790192427,1.1213853242101985
a7ff24r_49df8a5d77c3bce5,L7_ranked_future_return,4,wrong_lag_future_24h,validation_2025H1,-0.00976724149079247,1.0130184756731384
a7ff24r_49df8a5d77c3bce5,L7_ranked_future_return,4,wrong_lag_future_24h,test_2025H2,0.03970351942375336,1.7010208251092498
a7ff24r_49df8a5d77c3bce5,L7_ranked_future_return,4,wrong_lag_future_24h,recent_oos_2026JanApr,-0.029859898743016765,1.1279986809925533
a7ff24r_49df8a5d77c3bce5,L7_ranked_future_return,4,wrong_lag_stale_168h,validation_2025H1,-0.006691706109042003,0.6940364819099354
a7ff24r_49df8a5d77c3bce5,L7_ranked_future_return,4,wrong_lag_stale_168h,test_2025H2,0.015659916201117317,0.6709189503646296
a7ff24r_49df8a5d77c3bce5,L7_ranked_future_return,4,wrong_lag_stale_168h,recent_oos_2026JanApr,-0.00331372530002069,0.125180523878004
a7ff24r_49df8a5d77c3bce5,L7_ranked_future_return,4,time_shuffle,validation_2025H1,0.0018262584767866443,0.18941208529384387
a7ff24r_49df8a5d77c3bce5,L7_ranked_future_return,4,time_shuffle,test_2025H2,0.021415450738660007,0.9175037431006215
a7ff24r_49df8a5d77c3bce5,L7_ranked_future_return,4,time_shuffle,recent_oos_2026JanApr,0.011277244590095709,0.42601340119525083
a7ff24r_49df8a5d77c3bce5,L7_ranked_future_return,4,symbol_shuffle,validation_2025H1,-0.004425466842540864,0.4589913824900244
a7ff24r_49df8a5d77c3bce5,L7_ranked_future_return,4,symbol_shuffle,test_2025H2,-0.006387725015518313,0.27366977623569005
a7ff24r_49df8a5d77c3bce5,L7_ranked_future_return,4,symbol_shuffle,recent_oos_2026JanApr,0.0013284321332505675,0.05018334814163447
a7ff24r_49df8a5d77c3bce5,L7_ranked_future_return,4,sign_flip,validation_2025H1,0.011413960661080073,1.1838094759078563
a7ff24r_49df8a5d77c3bce5,L7_ranked_future_return,4,sign_flip,test_2025H2,-0.024793816599420652,1.0622433220446972
a7ff24r_49df8a5d77c3bce5,L7_ranked_future_return,4,sign_flip,recent_oos_2026JanApr,-0.022860008664390644,0.863568220469652
a7ff24r_49df8a5d77c3bce5,L7_ranked_future_return,4,same_family_placebo,validation_2025H1,-0.0031469034502379497,0.3263839989270029
a7ff24r_49df8a5d77c3bce5,L7_ranked_future_return,4,same_family_placebo,test_2025H2,0.006806557779846885,0.29161385939761614
a7ff24r_49df8a5d77c3bce5,L7_ranked_future_return,4,same_family_placebo,recent_oos_2026JanApr,-0.0020823634388578535,0.07866413856906015
a7ff24r_49df8a5d77c3bce5,L0_raw_forward_return,8,one_bar_lag,validation_2025H1,0.0010940109193837968,1.028765088459784
a7ff24r_49df8a5d77c3bce5,L0_raw_forward_return,8,one_bar_lag,test_2025H2,-0.0013724196193387547,1.0947843931712344
a7ff24r_49df8a5d77c3bce5,L0_raw_forward_return,8,one_bar_lag,recent_oos_2026JanApr,-0.0030368169185537126,1.2376856308209132
a7ff24r_49df8a5d77c3bce5,L0_raw_forward_return,8,wrong_lag_future_24h,validation_2025H1,0.001431754808915451,1.3463662350612189
a7ff24r_49df8a5d77c3bce5,L0_raw_forward_return,8,wrong_lag_future_24h,test_2025H2,-0.0004010783592403046,0.319941745183278
a7ff24r_49df8a5d77c3bce5,L0_raw_forward_return,8,wrong_lag_future_24h,recent_oos_2026JanApr,0.01194043428312188,4.866445470482837
a7ff24r_49df8a5d77c3bce5,L0_raw_forward_return,8,wrong_lag_stale_168h,validation_2025H1,0.00038723470129719667,0.3641403707004068
a7ff24r_49df8a5d77c3bce5,L0_raw_forward_return,8,wrong_lag_stale_168h,test_2025H2,-0.0006005824525996032,0.4790869254953833
a7ff24r_49df8a5d77c3bce5,L0_raw_forward_return,8,wrong_lag_stale_168h,recent_oos_2026JanApr,-0.00010971004662220804,0.04471344565798449
a7ff24r_49df8a5d77c3bce5,L0_raw_forward_return,8,time_shuffle,validation_2025H1,0.0004213412049180973,0.396212793007099
a7ff24r_49df8a5d77c3bce5,L0_raw_forward_return,8,time_shuffle,test_2025H2,-0.0010359984165250024,0.826419909610554
a7ff24r_49df8a5d77c3bce5,L0_raw_forward_return,8,time_shuffle,recent_oos_2026JanApr,0.0008247298520317774,0.3361270417496637
a7ff24r_49df8a5d77c3bce5,L0_raw_forward_return,8,symbol_shuffle,validation_2025H1,-0.0009572249034622118,0.9001368679582081
a7ff24r_49df8a5d77c3bce5,L0_raw_forward_return,8,symbol_shuffle,test_2025H2,0.00013002024796931205,0.1037176503944468
a7ff24r_49df8a5d77c3bce5,L0_raw_forward_return,8,symbol_shuffle,recent_oos_2026JanApr,-0.00033107883723591087,0.13493454841226876
a7ff24r_49df8a5d77c3bce5,L0_raw_forward_return,8,sign_flip,validation_2025H1,-0.0010917893958562691,1.0266760546048024
a7ff24r_49df8a5d77c3bce5,L0_raw_forward_return,8,sign_flip,test_2025H2,0.0013347360430105589,1.064724059828825
a7ff24r_49df8a5d77c3bce5,L0_raw_forward_return,8,sign_flip,recent_oos_2026JanApr,0.0022295737557364967,0.9086854671649744
a7ff24r_49df8a5d77c3bce5,L0_raw_forward_return,8,same_family_placebo,validation_2025H1,0.0002490669166981986,0.23421278896718017
a7ff24r_49df8a5d77c3bce5,L0_raw_forward_return,8,same_family_placebo,test_2025H2,0.0003849966054852723,0.3071132685441033
a7ff24r_49df8a5d77c3bce5,L0_raw_forward_return,8,same_family_placebo,recent_oos_2026JanApr,0.00016522139528356153,0.06733766056072814
a7ff24r_49df8a5d77c3bce5,L1_cross_sectional_relative_return,8,one_bar_lag,validation_2025H1,0.001094010919383797,1.0287650884597843
a7ff24r_49df8a5d77c3bce5,L1_cross_sectional_relative_return,8,one_bar_lag,test_2025H2,-0.0013724196193387543,1.0947843931712342
a7ff24r_49df8a5d77c3bce5,L1_cross_sectional_relative_return,8,one_bar_lag,recent_oos_2026JanApr,-0.003036816918553712,1.237685630820913
a7ff24r_49df8a5d77c3bce5,L1_cross_sectional_relative_return,8,wrong_lag_future_24h,validation_2025H1,0.0014317548089154513,1.346366235061219
a7ff24r_49df8a5d77c3bce5,L1_cross_sectional_relative_return,8,wrong_lag_future_24h,test_2025H2,-0.00040107835924030474,0.3199417451832781
a7ff24r_49df8a5d77c3bce5,L1_cross_sectional_relative_return,8,wrong_lag_future_24h,recent_oos_2026JanApr,0.01194043428312188,4.866445470482837
a7ff24r_49df8a5d77c3bce5,L1_cross_sectional_relative_return,8,wrong_lag_stale_168h,validation_2025H1,0.00038723470129719683,0.3641403707004069
a7ff24r_49df8a5d77c3bce5,L1_cross_sectional_relative_return,8,wrong_lag_stale_168h,test_2025H2,-0.0006005824525996031,0.47908692549538323
a7ff24r_49df8a5d77c3bce5,L1_cross_sectional_relative_return,8,wrong_lag_stale_168h,recent_oos_2026JanApr,-0.00010971004662220804,0.04471344565798449
a7ff24r_49df8a5d77c3bce5,L1_cross_sectional_relative_return,8,time_shuffle,validation_2025H1,0.00022325268949451388,0.20993809914262354
a7ff24r_49df8a5d77c3bce5,L1_cross_sectional_relative_return,8,time_shuffle,test_2025H2,-0.00044940118791483396,0.35848905092075456
a7ff24r_49df8a5d77c3bce5,L1_cross_sectional_relative_return,8,time_shuffle,recent_oos_2026JanApr,-0.00022703828734436018,0.09253176382662268
a7ff24r_49df8a5d77c3bce5,L1_cross_sectional_relative_return,8,symbol_shuffle,validation_2025H1,-0.0006380870211169927,0.6000320829468546
a7ff24r_49df8a5d77c3bce5,L1_cross_sectional_relative_return,8,symbol_shuffle,test_2025H2,-0.0004802193886909086,0.3830728478585454
a7ff24r_49df8a5d77c3bce5,L1_cross_sectional_relative_return,8,symbol_shuffle,recent_oos_2026JanApr,-5.670465571633559e-05,0.02311055933334961
a7ff24r_49df8a5d77c3bce5,L1_cross_sectional_relative_return,8,sign_flip,validation_2025H1,-0.0010917893958562693,1.0266760546048024
a7ff24r_49df8a5d77c3bce5,L1_cross_sectional_relative_return,8,sign_flip,test_2025H2,0.0013347360430105584,1.0647240598288246
a7ff24r_49df8a5d77c3bce5,L1_cross_sectional_relative_return,8,sign_flip,recent_oos_2026JanApr,0.0022295737557364967,0.9086854671649744
a7ff24r_49df8a5d77c3bce5,L1_cross_sectional_relative_return,8,same_family_placebo,validation_2025H1,0.0001644690417859992,0.15466025550930657
a7ff24r_49df8a5d77c3bce5,L1_cross_sectional_relative_return,8,same_family_placebo,test_2025H2,4.233360830360245e-05,0.03376968168069339
a7ff24r_49df8a5d77c3bce5,L1_cross_sectional_relative_return,8,same_family_placebo,recent_oos_2026JanApr,0.00028469905782995824,0.11603199746141005
a7ff24r_49df8a5d77c3bce5,L3_liquidity_tier_relative_return,8,one_bar_lag,validation_2025H1,-0.0010357988216420698,1.032878857921955
a7ff24r_49df8a5d77c3bce5,L3_liquidity_tier_relative_return,8,one_bar_lag,test_2025H2,0.0008047528740340519,1.0933352504338165
a7ff24r_49df8a5d77c3bce5,L3_liquidity_tier_relative_return,8,one_bar_lag,recent_oos_2026JanApr,0.002981255732840175,1.2208847997060754
a7ff24r_49df8a5d77c3bce5,L3_liquidity_tier_relative_return,8,wrong_lag_future_24h,validation_2025H1,-0.0016828598289097582,1.6781157709481311
a7ff24r_49df8a5d77c3bce5,L3_liquidity_tier_relative_return,8,wrong_lag_future_24h,test_2025H2,-7.211789773392213e-05,0.09797919625241591
a7ff24r_49df8a5d77c3bce5,L3_liquidity_tier_relative_return,8,wrong_lag_future_24h,recent_oos_2026JanApr,-0.011438506209184237,4.684300715401011
a7ff24r_49df8a5d77c3bce5,L3_liquidity_tier_relative_return,8,wrong_lag_stale_168h,validation_2025H1,-0.00055827529675208,0.5567014934436654
a7ff24r_49df8a5d77c3bce5,L3_liquidity_tier_relative_return,8,wrong_lag_stale_168h,test_2025H2,0.00035566425745404897,0.4832045743988557
a7ff24r_49df8a5d77c3bce5,L3_liquidity_tier_relative_return,8,wrong_lag_stale_168h,recent_oos_2026JanApr,0.00022944560860261722,0.09396263890296139
a7ff24r_49df8a5d77c3bce5,L3_liquidity_tier_relative_return,8,time_shuffle,validation_2025H1,-0.0003036884906762921,0.3028323790873782
a7ff24r_49df8a5d77c3bce5,L3_liquidity_tier_relative_return,8,time_shuffle,test_2025H2,0.0007987339650601373,1.0851579756918877
a7ff24r_49df8a5d77c3bce5,L3_liquidity_tier_relative_return,8,time_shuffle,recent_oos_2026JanApr,0.0003632862026292602,0.1487730817075741
a7ff24r_49df8a5d77c3bce5,L3_liquidity_tier_relative_return,8,symbol_shuffle,validation_2025H1,-0.00034298810590542236,0.34202120692393195
a7ff24r_49df8a5d77c3bce5,L3_liquidity_tier_relative_return,8,symbol_shuffle,test_2025H2,-0.0006312742174309679,0.8576475796196961
a7ff24r_49df8a5d77c3bce5,L3_liquidity_tier_relative_return,8,symbol_shuffle,recent_oos_2026JanApr,-0.0014108070056422512,0.5777541354583979
a7ff24r_49df8a5d77c3bce5,L3_liquidity_tier_relative_return,8,sign_flip,validation_2025H1,0.001033930144821365,1.0310154489857148
a7ff24r_49df8a5d77c3bce5,L3_liquidity_tier_relative_return,8,sign_flip,test_2025H2,-0.0008580322042392598,1.165720415758982
a7ff24r_49df8a5d77c3bce5,L3_liquidity_tier_relative_return,8,sign_flip,recent_oos_2026JanApr,-0.002192352479958122,0.8978128876682592
a7ff24r_49df8a5d77c3bce5,L3_liquidity_tier_relative_return,8,same_family_placebo,validation_2025H1,0.00019695323051062332,0.19639801044700256
a7ff24r_49df8a5d77c3bce5,L3_liquidity_tier_relative_return,8,same_family_placebo,test_2025H2,0.0002188908062774538,0.2973845042632224
a7ff24r_49df8a5d77c3bce5,L3_liquidity_tier_relative_return,8,same_family_placebo,recent_oos_2026JanApr,-0.0003234626568763448,0.13246453053413462
a7ff24r_49df8a5d77c3bce5,L5_vol_adjusted_return,8,one_bar_lag,validation_2025H1,0.08596830888772564,1.084767534861623
a7ff24r_49df8a5d77c3bce5,L5_vol_adjusted_return,8,one_bar_lag,test_2025H2,-0.12260231032331417,1.0792819822027366
a7ff24r_49df8a5d77c3bce5,L5_vol_adjusted_return,8,one_bar_lag,recent_oos_2026JanApr,-0.21683942109399396,1.2808605720772968
a7ff24r_49df8a5d77c3bce5,L5_vol_adjusted_return,8,wrong_lag_future_24h,validation_2025H1,0.09772452543442843,1.2331101300302831
a7ff24r_49df8a5d77c3bce5,L5_vol_adjusted_return,8,wrong_lag_future_24h,test_2025H2,0.010769154044010583,0.09480207911755907
a7ff24r_49df8a5d77c3bce5,L5_vol_adjusted_return,8,wrong_lag_future_24h,recent_oos_2026JanApr,1.1309075156120942,6.68021912300495
a7ff24r_49df8a5d77c3bce5,L5_vol_adjusted_return,8,wrong_lag_stale_168h,validation_2025H1,-0.0006576207678115863,0.00829800735180723
a7ff24r_49df8a5d77c3bce5,L5_vol_adjusted_return,8,wrong_lag_stale_168h,test_2025H2,-0.03466607387339061,0.3051693628496391
a7ff24r_49df8a5d77c3bce5,L5_vol_adjusted_return,8,wrong_lag_stale_168h,recent_oos_2026JanApr,-0.14503817411271622,0.8567338804438721
a7ff24r_49df8a5d77c3bce5,L5_vol_adjusted_return,8,time_shuffle,validation_2025H1,0.02787645721761536,0.35175143221813027
a7ff24r_49df8a5d77c3bce5,L5_vol_adjusted_return,8,time_shuffle,test_2025H2,-0.12655053041390146,1.1140386094987835
a7ff24r_49df8a5d77c3bce5,L5_vol_adjusted_return,8,time_shuffle,recent_oos_2026JanApr,-0.010918959030660357,0.06449779306705393
a7ff24r_49df8a5d77c3bce5,L5_vol_adjusted_return,8,symbol_shuffle,validation_2025H1,0.11576366236550346,1.460732033414583
a7ff24r_49df8a5d77c3bce5,L5_vol_adjusted_return,8,symbol_shuffle,test_2025H2,0.03898944682183868,0.34322850311622677
a7ff24r_49df8a5d77c3bce5,L5_vol_adjusted_return,8,symbol_shuffle,recent_oos_2026JanApr,-0.21549309108459241,1.2729078621071876
a7ff24r_49df8a5d77c3bce5,L5_vol_adjusted_return,8,sign_flip,validation_2025H1,-0.08352224493628255,1.053902547553496
a7ff24r_49df8a5d77c3bce5,L5_vol_adjusted_return,8,sign_flip,test_2025H2,0.1083699272206699,0.9539927066092927
a7ff24r_49df8a5d77c3bce5,L5_vol_adjusted_return,8,sign_flip,recent_oos_2026JanApr,0.1498950995290414,0.8854235173922865
a7ff24r_49df8a5d77c3bce5,L5_vol_adjusted_return,8,same_family_placebo,validation_2025H1,-0.03022826482622415,0.3814270717074586
a7ff24r_49df8a5d77c3bce5,L5_vol_adjusted_return,8,same_family_placebo,test_2025H2,0.016718829193635237,0.14717774130545314
a7ff24r_49df8a5d77c3bce5,L5_vol_adjusted_return,8,same_family_placebo,recent_oos_2026JanApr,-0.07435295181803023,0.439199495741117
a7ff24r_49df8a5d77c3bce5,L7_ranked_future_return,8,one_bar_lag,validation_2025H1,-0.00892211558468581,1.02376333656644
a7ff24r_49df8a5d77c3bce5,L7_ranked_future_return,8,one_bar_lag,test_2025H2,0.036998836090303786,1.0811998394387003
a7ff24r_49df8a5d77c3bce5,L7_ranked_future_return,8,one_bar_lag,recent_oos_2026JanApr,0.043420496514773206,1.0746647569311731
a7ff24r_49df8a5d77c3bce5,L7_ranked_future_return,8,wrong_lag_future_24h,validation_2025H1,-0.01622800600811486,1.862073789450123
a7ff24r_49df8a5d77c3bce5,L7_ranked_future_return,8,wrong_lag_future_24h,test_2025H2,0.04186116638056596,1.2232894639960288
a7ff24r_49df8a5d77c3bce5,L7_ranked_future_return,8,wrong_lag_future_24h,recent_oos_2026JanApr,-0.04159871774864753,1.0295754191292734
a7ff24r_49df8a5d77c3bce5,L7_ranked_future_return,8,wrong_lag_stale_168h,validation_2025H1,-0.006249187213899293,0.7170596135193612
a7ff24r_49df8a5d77c3bce5,L7_ranked_future_return,8,wrong_lag_stale_168h,test_2025H2,0.022256440517062007,0.6503896461713493
a7ff24r_49df8a5d77c3bce5,L7_ranked_future_return,8,wrong_lag_stale_168h,recent_oos_2026JanApr,-0.002970245526425303,0.0735140876520312
a7ff24r_49df8a5d77c3bce5,L7_ranked_future_return,8,time_shuffle,validation_2025H1,-0.0009005973927184984,0.10333856168093954
a7ff24r_49df8a5d77c3bce5,L7_ranked_future_return,8,time_shuffle,test_2025H2,0.017410021438341753,0.508764987574637
a7ff24r_49df8a5d77c3bce5,L7_ranked_future_return,8,time_shuffle,recent_oos_2026JanApr,0.006225396918811467,0.15407964448951775
a7ff24r_49df8a5d77c3bce5,L7_ranked_future_return,8,symbol_shuffle,validation_2025H1,-0.0030714373959633795,0.3524304260240244
a7ff24r_49df8a5d77c3bce5,L7_ranked_future_return,8,symbol_shuffle,test_2025H2,-0.0006744499063670396,0.019709137030518475
a7ff24r_49df8a5d77c3bce5,L7_ranked_future_return,8,symbol_shuffle,recent_oos_2026JanApr,0.0008961779546400332,0.022180558517165487
a7ff24r_49df8a5d77c3bce5,L7_ranked_future_return,8,sign_flip,validation_2025H1,0.01166226136600083,1.3381798851003501
a7ff24r_49df8a5d77c3bce5,L7_ranked_future_return,8,sign_flip,test_2025H2,-0.03443465849979193,1.0062680661151528
a7ff24r_49df8a5d77c3bce5,L7_ranked_future_return,8,sign_flip,recent_oos_2026JanApr,-0.03443929138056596,0.8523783851201563
a7ff24r_49df8a5d77c3bce5,L7_ranked_future_return,8,same_family_placebo,validation_2025H1,0.004729683598626717,0.5427049914198313
a7ff24r_49df8a5d77c3bce5,L7_ranked_future_return,8,same_family_placebo,test_2025H2,0.0036099081876820654,0.10549067390617618
a7ff24r_49df8a5d77c3bce5,L7_ranked_future_return,8,same_family_placebo,recent_oos_2026JanApr,0.0026276561849771112,0.06503494252688581
a7ff24r_49df8a5d77c3bce5,L0_raw_forward_return,24,one_bar_lag,validation_2025H1,0.0016786850437067091,0.9941687375812458
a7ff24r_49df8a5d77c3bce5,L0_raw_forward_return,24,one_bar_lag,test_2025H2,-0.0052076491000309505,1.0614418816626832
a7ff24r_49df8a5d77c3bce5,L0_raw_forward_return,24,one_bar_lag,recent_oos_2026JanApr,-0.010281405199640811,1.0109894207822643
a7ff24r_49df8a5d77c3bce5,L0_raw_forward_return,24,wrong_lag_future_24h,validation_2025H1,0.0033975819254744915,2.012152158226996
a7ff24r_49df8a5d77c3bce5,L0_raw_forward_return,24,wrong_lag_future_24h,test_2025H2,0.0008764824956472863,0.17864783351449906
a7ff24r_49df8a5d77c3bce5,L0_raw_forward_return,24,wrong_lag_future_24h,recent_oos_2026JanApr,0.02738431651662389,2.692750043022036
a7ff24r_49df8a5d77c3bce5,L0_raw_forward_return,24,wrong_lag_stale_168h,validation_2025H1,0.00011920689392405537,0.07059797648627014
a7ff24r_49df8a5d77c3bce5,L0_raw_forward_return,24,wrong_lag_stale_168h,test_2025H2,-0.0013739288383472301,0.28003914692279114
a7ff24r_49df8a5d77c3bce5,L0_raw_forward_return,24,wrong_lag_stale_168h,recent_oos_2026JanApr,-0.0005135041487097347,0.05049380427993259
a7ff24r_49df8a5d77c3bce5,L0_raw_forward_return,24,time_shuffle,validation_2025H1,-0.00016859062720331572,0.09984453703397284
a7ff24r_49df8a5d77c3bce5,L0_raw_forward_return,24,time_shuffle,test_2025H2,-0.0031360220013758396,0.6391953509417833
a7ff24r_49df8a5d77c3bce5,L0_raw_forward_return,24,time_shuffle,recent_oos_2026JanApr,0.0021473734170103635,0.2111551645822094
a7ff24r_49df8a5d77c3bce5,L0_raw_forward_return,24,symbol_shuffle,validation_2025H1,-0.001788136454623618,1.0589892180076865
a7ff24r_49df8a5d77c3bce5,L0_raw_forward_return,24,symbol_shuffle,test_2025H2,0.0027499311620319553,0.5605009191292669
a7ff24r_49df8a5d77c3bce5,L0_raw_forward_return,24,symbol_shuffle,recent_oos_2026JanApr,0.0015796769217986464,0.15533252752727977
a7ff24r_49df8a5d77c3bce5,L0_raw_forward_return,24,sign_flip,validation_2025H1,-0.0016137853028431058,0.9557331217487196
a7ff24r_49df8a5d77c3bce5,L0_raw_forward_return,24,sign_flip,test_2025H2,0.00493829996657776,1.0065421667346808
a7ff24r_49df8a5d77c3bce5,L0_raw_forward_return,24,sign_flip,recent_oos_2026JanApr,0.009884461857248542,0.9719572542625987
a7ff24r_49df8a5d77c3bce5,L0_raw_forward_return,24,same_family_placebo,validation_2025H1,-9.032472215771091e-05,0.05349306907603405
a7ff24r_49df8a5d77c3bce5,L0_raw_forward_return,24,same_family_placebo,test_2025H2,-0.0002535451460563126,0.0516784890354561
a7ff24r_49df8a5d77c3bce5,L0_raw_forward_return,24,same_family_placebo,recent_oos_2026JanApr,-4.304785805811889e-05,0.004232974796637252
a7ff24r_49df8a5d77c3bce5,L1_cross_sectional_relative_return,24,one_bar_lag,validation_2025H1,0.0016786850437067098,0.9941687375812465
a7ff24r_49df8a5d77c3bce5,L1_cross_sectional_relative_return,24,one_bar_lag,test_2025H2,-0.0052076491000309505,1.0614418816626832
a7ff24r_49df8a5d77c3bce5,L1_cross_sectional_relative_return,24,one_bar_lag,recent_oos_2026JanApr,-0.010281405199640808,1.010989420782264
a7ff24r_49df8a5d77c3bce5,L1_cross_sectional_relative_return,24,wrong_lag_future_24h,validation_2025H1,0.003397581925474491,2.0121521582269963
a7ff24r_49df8a5d77c3bce5,L1_cross_sectional_relative_return,24,wrong_lag_future_24h,test_2025H2,0.0008764824956472856,0.17864783351449892
a7ff24r_49df8a5d77c3bce5,L1_cross_sectional_relative_return,24,wrong_lag_future_24h,recent_oos_2026JanApr,0.02738431651662388,2.6927500430220355
a7ff24r_49df8a5d77c3bce5,L1_cross_sectional_relative_return,24,wrong_lag_stale_168h,validation_2025H1,0.00011920689392405537,0.07059797648627016
a7ff24r_49df8a5d77c3bce5,L1_cross_sectional_relative_return,24,wrong_lag_stale_168h,test_2025H2,-0.00137392883834723,0.28003914692279114
a7ff24r_49df8a5d77c3bce5,L1_cross_sectional_relative_return,24,wrong_lag_stale_168h,recent_oos_2026JanApr,-0.0005135041487097347,0.05049380427993259
a7ff24r_49df8a5d77c3bce5,L1_cross_sectional_relative_return,24,time_shuffle,validation_2025H1,0.0016246633674600578,0.9621754450470097
a7ff24r_49df8a5d77c3bce5,L1_cross_sectional_relative_return,24,time_shuffle,test_2025H2,-0.0030832668550976085,0.6284426061509287
a7ff24r_49df8a5d77c3bce5,L1_cross_sectional_relative_return,24,time_shuffle,recent_oos_2026JanApr,0.0009238314012386726,0.0908420352182387
a7ff24r_49df8a5d77c3bce5,L1_cross_sectional_relative_return,24,symbol_shuffle,validation_2025H1,-0.0006909424643940008,0.4091973060360885
a7ff24r_49df8a5d77c3bce5,L1_cross_sectional_relative_return,24,symbol_shuffle,test_2025H2,-0.0019224755982628872,0.39184593225734504
a7ff24r_49df8a5d77c3bce5,L1_cross_sectional_relative_return,24,symbol_shuffle,recent_oos_2026JanApr,0.00033275983979127403,0.03272088505002528
a7ff24r_49df8a5d77c3bce5,L1_cross_sectional_relative_return,24,sign_flip,validation_2025H1,-0.0016137853028431058,0.9557331217487199
a7ff24r_49df8a5d77c3bce5,L1_cross_sectional_relative_return,24,sign_flip,test_2025H2,0.00493829996657776,1.0065421667346808
a7ff24r_49df8a5d77c3bce5,L1_cross_sectional_relative_return,24,sign_flip,recent_oos_2026JanApr,0.009884461857248544,0.9719572542625988
a7ff24r_49df8a5d77c3bce5,L1_cross_sectional_relative_return,24,same_family_placebo,validation_2025H1,0.0003411043815490584,0.2020124702125526
a7ff24r_49df8a5d77c3bce5,L1_cross_sectional_relative_return,24,same_family_placebo,test_2025H2,6.984872175661376e-05,0.014236819192105834
a7ff24r_49df8a5d77c3bce5,L1_cross_sectional_relative_return,24,same_family_placebo,recent_oos_2026JanApr,-0.0005679671123857418,0.05584924733773714
a7ff24r_49df8a5d77c3bce5,L3_liquidity_tier_relative_return,24,one_bar_lag,validation_2025H1,0.0013948902508062774,0.976912005238525
a7ff24r_49df8a5d77c3bce5,L3_liquidity_tier_relative_return,24,one_bar_lag,test_2025H2,-0.0037552766923334984,1.0751383646266566
a7ff24r_49df8a5d77c3bce5,L3_liquidity_tier_relative_return,24,one_bar_lag,recent_oos_2026JanApr,-0.009866657154754462,1.0128529855886033
a7ff24r_49df8a5d77c3bce5,L3_liquidity_tier_relative_return,24,wrong_lag_future_24h,validation_2025H1,0.0038501318000344047,2.6964415121764183
a7ff24r_49df8a5d77c3bce5,L3_liquidity_tier_relative_return,24,wrong_lag_future_24h,test_2025H2,0.0017531753413754265,0.5019353362904642
a7ff24r_49df8a5d77c3bce5,L3_liquidity_tier_relative_return,24,wrong_lag_future_24h,recent_oos_2026JanApr,0.026161305606180768,2.6855657467886815
a7ff24r_49df8a5d77c3bce5,L3_liquidity_tier_relative_return,24,wrong_lag_stale_168h,validation_2025H1,0.0006208655621975401,0.43482347159524176
a7ff24r_49df8a5d77c3bce5,L3_liquidity_tier_relative_return,24,wrong_lag_stale_168h,test_2025H2,-0.0010595471770852233,0.3033491038201856
a7ff24r_49df8a5d77c3bce5,L3_liquidity_tier_relative_return,24,wrong_lag_stale_168h,recent_oos_2026JanApr,-0.001050479032987066,0.1078359983701751
a7ff24r_49df8a5d77c3bce5,L3_liquidity_tier_relative_return,24,time_shuffle,validation_2025H1,0.0013496472470052635,0.94522604747897
a7ff24r_49df8a5d77c3bce5,L3_liquidity_tier_relative_return,24,time_shuffle,test_2025H2,-0.002348324056307214,0.6723268329777056
a7ff24r_49df8a5d77c3bce5,L3_liquidity_tier_relative_return,24,time_shuffle,recent_oos_2026JanApr,0.0019039587182743557,0.19544920250040063
a7ff24r_49df8a5d77c3bce5,L3_liquidity_tier_relative_return,24,symbol_shuffle,validation_2025H1,-0.0005991690807912264,0.4196283312284561
a7ff24r_49df8a5d77c3bce5,L3_liquidity_tier_relative_return,24,symbol_shuffle,test_2025H2,0.001565161032930812,0.44810670722559875
a7ff24r_49df8a5d77c3bce5,L3_liquidity_tier_relative_return,24,symbol_shuffle,recent_oos_2026JanApr,-0.001773079521672047,0.18201391403836983
a7ff24r_49df8a5d77c3bce5,L3_liquidity_tier_relative_return,24,sign_flip,validation_2025H1,-0.0013745162766557661,0.9626430834143533
a7ff24r_49df8a5d77c3bce5,L3_liquidity_tier_relative_return,24,sign_flip,test_2025H2,0.003692417058050332,1.0571416070129753
a7ff24r_49df8a5d77c3bce5,L3_liquidity_tier_relative_return,24,sign_flip,recent_oos_2026JanApr,0.009434294580195235,0.9684691869392231
a7ff24r_49df8a5d77c3bce5,L3_liquidity_tier_relative_return,24,same_family_placebo,validation_2025H1,-0.00033855361789556426,0.23710617630880973
a7ff24r_49df8a5d77c3bce5,L3_liquidity_tier_relative_return,24,same_family_placebo,test_2025H2,-0.00028566699384344185,0.0817866617433727
a7ff24r_49df8a5d77c3bce5,L3_liquidity_tier_relative_return,24,same_family_placebo,recent_oos_2026JanApr,-0.0013018014066684925,0.13363527491702318
a7ff24r_49df8a5d77c3bce5,L5_vol_adjusted_return,24,one_bar_lag,validation_2025H1,0.18780496684383066,1.0018229065412063
a7ff24r_49df8a5d77c3bce5,L5_vol_adjusted_return,24,one_bar_lag,test_2025H2,-0.41446153792617746,1.0702736734494394
a7ff24r_49df8a5d77c3bce5,L5_vol_adjusted_return,24,one_bar_lag,recent_oos_2026JanApr,-0.8349815776399967,1.009018022448499
a7ff24r_49df8a5d77c3bce5,L5_vol_adjusted_return,24,wrong_lag_future_24h,validation_2025H1,0.2748652770247233,1.4662356132739727
a7ff24r_49df8a5d77c3bce5,L5_vol_adjusted_return,24,wrong_lag_future_24h,test_2025H2,0.2678533040428602,0.6916838196807139
a7ff24r_49df8a5d77c3bce5,L5_vol_adjusted_return,24,wrong_lag_future_24h,recent_oos_2026JanApr,2.6872398637919153,3.247345241881668
a7ff24r_49df8a5d77c3bce5,L5_vol_adjusted_return,24,wrong_lag_stale_168h,validation_2025H1,0.008295347146250303,0.04425052717447753
a7ff24r_49df8a5d77c3bce5,L5_vol_adjusted_return,24,wrong_lag_stale_168h,test_2025H2,-0.0717260893805179,0.1852199495942688
a7ff24r_49df8a5d77c3bce5,L5_vol_adjusted_return,24,wrong_lag_stale_168h,recent_oos_2026JanApr,-0.4950668329757695,0.598254344965232
a7ff24r_49df8a5d77c3bce5,L5_vol_adjusted_return,24,time_shuffle,validation_2025H1,0.12165917523068015,0.648976172383961
a7ff24r_49df8a5d77c3bce5,L5_vol_adjusted_return,24,time_shuffle,test_2025H2,-0.36287228523586823,0.9370535458022672
a7ff24r_49df8a5d77c3bce5,L5_vol_adjusted_return,24,time_shuffle,recent_oos_2026JanApr,0.08718495860869745,0.10535704844081126
a7ff24r_49df8a5d77c3bce5,L5_vol_adjusted_return,24,symbol_shuffle,validation_2025H1,0.15221476835571568,0.8119712924281951
a7ff24r_49df8a5d77c3bce5,L5_vol_adjusted_return,24,symbol_shuffle,test_2025H2,-0.6897652472866711,1.781196848144589
a7ff24r_49df8a5d77c3bce5,L5_vol_adjusted_return,24,symbol_shuffle,recent_oos_2026JanApr,0.025696877403908285,0.03105291555590728
a7ff24r_49df8a5d77c3bce5,L5_vol_adjusted_return,24,sign_flip,validation_2025H1,-0.17753232090730298,0.9470247178513477
a7ff24r_49df8a5d77c3bce5,L5_vol_adjusted_return,24,sign_flip,test_2025H2,0.38322456492251933,0.989609711212198
a7ff24r_49df8a5d77c3bce5,L5_vol_adjusted_return,24,sign_flip,recent_oos_2026JanApr,0.8470654158628751,1.0236205129390057
a7ff24r_49df8a5d77c3bce5,L5_vol_adjusted_return,24,same_family_placebo,validation_2025H1,-0.021558097975800536,0.11499906917571524
a7ff24r_49df8a5d77c3bce5,L5_vol_adjusted_return,24,same_family_placebo,test_2025H2,-0.03761384394947112,0.09713110446336491
a7ff24r_49df8a5d77c3bce5,L5_vol_adjusted_return,24,same_family_placebo,recent_oos_2026JanApr,0.03226774319371262,0.03899335661778355
a7ff24r_49df8a5d77c3bce5,L7_ranked_future_return,24,one_bar_lag,validation_2025H1,-0.0066945043103448275,1.1500521361539224
a7ff24r_49df8a5d77c3bce5,L7_ranked_future_return,24,one_bar_lag,test_2025H2,-0.048757366831630476,1.0731162331067168
a7ff24r_49df8a5d77c3bce5,L7_ranked_future_return,24,one_bar_lag,recent_oos_2026JanApr,-0.0563918489250745,1.0185288640595902
a7ff24r_49df8a5d77c3bce5,L7_ranked_future_return,24,wrong_lag_future_24h,validation_2025H1,0.02066878525436356,3.550700624205458
a7ff24r_49df8a5d77c3bce5,L7_ranked_future_return,24,wrong_lag_future_24h,test_2025H2,-0.031489629895700304,0.6930651758182435
a7ff24r_49df8a5d77c3bce5,L7_ranked_future_return,24,wrong_lag_future_24h,recent_oos_2026JanApr,0.06960433628671776,1.2571679581906652
a7ff24r_49df8a5d77c3bce5,L7_ranked_future_return,24,wrong_lag_stale_168h,validation_2025H1,0.00019157088122605137,0.032910054421573964
a7ff24r_49df8a5d77c3bce5,L7_ranked_future_return,24,wrong_lag_stale_168h,test_2025H2,-0.030036135722647937,0.6610747650724227
a7ff24r_49df8a5d77c3bce5,L7_ranked_future_return,24,wrong_lag_stale_168h,recent_oos_2026JanApr,0.004460425313963387,0.08056256382531383
a7ff24r_49df8a5d77c3bce5,L7_ranked_future_return,24,time_shuffle,validation_2025H1,0.00221585898669232,0.38066348797826166
a7ff24r_49df8a5d77c3bce5,L7_ranked_future_return,24,time_shuffle,test_2025H2,-0.02667672888781379,0.587136522662427
a7ff24r_49df8a5d77c3bce5,L7_ranked_future_return,24,time_shuffle,recent_oos_2026JanApr,0.0008071745878826801,0.014578890952595734
a7ff24r_49df8a5d77c3bce5,L7_ranked_future_return,24,symbol_shuffle,validation_2025H1,-0.0023114889314601963,0.39709180248253784
a7ff24r_49df8a5d77c3bce5,L7_ranked_future_return,24,symbol_shuffle,test_2025H2,-0.03361628285972755,0.7398713502731291
a7ff24r_49df8a5d77c3bce5,L7_ranked_future_return,24,symbol_shuffle,recent_oos_2026JanApr,-0.029896365474670072,0.5399771730642158
a7ff24r_49df8a5d77c3bce5,L7_ranked_future_return,24,sign_flip,validation_2025H1,0.0015160207801191976,0.2604379436929533
a7ff24r_49df8a5d77c3bce5,L7_ranked_future_return,24,sign_flip,test_2025H2,0.04447279760004257,0.9788158003092717
a7ff24r_49df8a5d77c3bce5,L7_ranked_future_return,24,sign_flip,recent_oos_2026JanApr,0.048203856694338014,0.8706403556196312
a7ff24r_49df8a5d77c3bce5,L7_ranked_future_return,24,same_family_placebo,validation_2025H1,-0.004455769077266924,0.765458726735134
a7ff24r_49df8a5d77c3bce5,L7_ranked_future_return,24,same_family_placebo,test_2025H2,0.000786737707535123,0.01731555783290179
a7ff24r_49df8a5d77c3bce5,L7_ranked_future_return,24,same_family_placebo,recent_oos_2026JanApr,-0.008009059706257983,0.144656694899982
a7ff24r_57e00327a34e91e3,L0_raw_forward_return,1,one_bar_lag,validation_2025H1,-0.00039164744046874884,0.6552465689769168
a7ff24r_57e00327a34e91e3,L0_raw_forward_return,1,one_bar_lag,test_2025H2,0.00024439029774511614,0.2130942803932644
a7ff24r_57e00327a34e91e3,L0_raw_forward_return,1,one_bar_lag,recent_oos_2026JanApr,0.0004787305924585473,0.3597344220379773
a7ff24r_57e00327a34e91e3,L0_raw_forward_return,1,wrong_lag_future_24h,validation_2025H1,-0.00046967232422401073,0.7857862638470475
a7ff24r_57e00327a34e91e3,L0_raw_forward_return,1,wrong_lag_future_24h,test_2025H2,-0.0008103206549305164,0.7065529951205594
a7ff24r_57e00327a34e91e3,L0_raw_forward_return,1,wrong_lag_future_24h,recent_oos_2026JanApr,6.429235849587414e-05,0.048311461162729774
a7ff24r_57e00327a34e91e3,L0_raw_forward_return,1,wrong_lag_stale_168h,validation_2025H1,3.0600203135904865e-05,0.05119573382325801
a7ff24r_57e00327a34e91e3,L0_raw_forward_return,1,wrong_lag_stale_168h,test_2025H2,-0.0001147046334263877,0.1000158416405781
a7ff24r_57e00327a34e91e3,L0_raw_forward_return,1,wrong_lag_stale_168h,recent_oos_2026JanApr,9.558244921745464e-05,0.07182389775767808
a7ff24r_57e00327a34e91e3,L0_raw_forward_return,1,time_shuffle,validation_2025H1,5.5712603579937364e-05,0.09321008788116407
a7ff24r_57e00327a34e91e3,L0_raw_forward_return,1,time_shuffle,test_2025H2,0.00011697688203666392,0.10199711171123532
a7ff24r_57e00327a34e91e3,L0_raw_forward_return,1,time_shuffle,recent_oos_2026JanApr,1.2212278464238556e-06,0.000917672069490753
a7ff24r_57e00327a34e91e3,L0_raw_forward_return,1,symbol_shuffle,validation_2025H1,-0.00018349593488709435,0.3069982574431617
a7ff24r_57e00327a34e91e3,L0_raw_forward_return,1,symbol_shuffle,test_2025H2,-6.752921311251636e-05,0.05888158902585828
a7ff24r_57e00327a34e91e3,L0_raw_forward_return,1,symbol_shuffle,recent_oos_2026JanApr,-0.00010125454743278311,0.07608610494764477
a7ff24r_57e00327a34e91e3,L0_raw_forward_return,1,sign_flip,validation_2025H1,-0.0005869403249770081,0.9819817376441381
a7ff24r_57e00327a34e91e3,L0_raw_forward_return,1,sign_flip,test_2025H2,-0.0010941921961808829,0.9540726485806262
a7ff24r_57e00327a34e91e3,L0_raw_forward_return,1,sign_flip,recent_oos_2026JanApr,-0.0012917490624283043,0.9706641056806532
a7ff24r_57e00327a34e91e3,L0_raw_forward_return,1,same_family_placebo,validation_2025H1,-8.707579775253272e-05,0.14568234545331527
a7ff24r_57e00327a34e91e3,L0_raw_forward_return,1,same_family_placebo,test_2025H2,1.0992913331573419e-06,0.0009585188026818765
a7ff24r_57e00327a34e91e3,L0_raw_forward_return,1,same_family_placebo,recent_oos_2026JanApr,0.0001989290537588565,0.14948204545064747
a7ff24r_57e00327a34e91e3,L1_cross_sectional_relative_return,1,one_bar_lag,validation_2025H1,-0.0003916474404687488,0.6552465689769167
a7ff24r_57e00327a34e91e3,L1_cross_sectional_relative_return,1,one_bar_lag,test_2025H2,0.00024439029774511614,0.21309428039326442
a7ff24r_57e00327a34e91e3,L1_cross_sectional_relative_return,1,one_bar_lag,recent_oos_2026JanApr,0.0004787305924585472,0.35973442203797723
a7ff24r_57e00327a34e91e3,L1_cross_sectional_relative_return,1,wrong_lag_future_24h,validation_2025H1,-0.00046967232422401057,0.7857862638470471
a7ff24r_57e00327a34e91e3,L1_cross_sectional_relative_return,1,wrong_lag_future_24h,test_2025H2,-0.0008103206549305164,0.7065529951205595
a7ff24r_57e00327a34e91e3,L1_cross_sectional_relative_return,1,wrong_lag_future_24h,recent_oos_2026JanApr,6.429235849587422e-05,0.04831146116272984
a7ff24r_57e00327a34e91e3,L1_cross_sectional_relative_return,1,wrong_lag_stale_168h,validation_2025H1,3.060020313590485e-05,0.05119573382325798
a7ff24r_57e00327a34e91e3,L1_cross_sectional_relative_return,1,wrong_lag_stale_168h,test_2025H2,-0.00011470463342638778,0.10001584164057818
a7ff24r_57e00327a34e91e3,L1_cross_sectional_relative_return,1,wrong_lag_stale_168h,recent_oos_2026JanApr,9.55824492174546e-05,0.07182389775767806
a7ff24r_57e00327a34e91e3,L1_cross_sectional_relative_return,1,time_shuffle,validation_2025H1,5.1773320360793524e-05,0.08661946185668909
a7ff24r_57e00327a34e91e3,L1_cross_sectional_relative_return,1,time_shuffle,test_2025H2,5.829147033489883e-05,0.05082680875095753
a7ff24r_57e00327a34e91e3,L1_cross_sectional_relative_return,1,time_shuffle,recent_oos_2026JanApr,-5.228572034996056e-05,0.0392892655853428
a7ff24r_57e00327a34e91e3,L1_cross_sectional_relative_return,1,symbol_shuffle,validation_2025H1,-6.810257351535251e-05,0.11393915298163095
a7ff24r_57e00327a34e91e3,L1_cross_sectional_relative_return,1,symbol_shuffle,test_2025H2,-8.204052925884437e-06,0.0071534621901107615
a7ff24r_57e00327a34e91e3,L1_cross_sectional_relative_return,1,symbol_shuffle,recent_oos_2026JanApr,-3.2946361190885265e-05,0.024757014462750887
a7ff24r_57e00327a34e91e3,L1_cross_sectional_relative_return,1,sign_flip,validation_2025H1,-0.0005869403249770082,0.9819817376441381
a7ff24r_57e00327a34e91e3,L1_cross_sectional_relative_return,1,sign_flip,test_2025H2,-0.0010941921961808829,0.9540726485806265
a7ff24r_57e00327a34e91e3,L1_cross_sectional_relative_return,1,sign_flip,recent_oos_2026JanApr,-0.0012917490624283043,0.9706641056806532
a7ff24r_57e00327a34e91e3,L1_cross_sectional_relative_return,1,same_family_placebo,validation_2025H1,-0.0001708453313919911,0.2858331388208296
a7ff24r_57e00327a34e91e3,L1_cross_sectional_relative_return,1,same_family_placebo,test_2025H2,-2.538288825482417e-05,0.022132418336040478
a7ff24r_57e00327a34e91e3,L1_cross_sectional_relative_return,1,same_family_placebo,recent_oos_2026JanApr,-2.5038983735849023e-05,0.018815142555181283
a7ff24r_57e00327a34e91e3,L3_liquidity_tier_relative_return,1,one_bar_lag,validation_2025H1,-0.0003788957982320497,0.6577006513527041
a7ff24r_57e00327a34e91e3,L3_liquidity_tier_relative_return,1,one_bar_lag,test_2025H2,0.00021391365174713096,0.1975311957702275
a7ff24r_57e00327a34e91e3,L3_liquidity_tier_relative_return,1,one_bar_lag,recent_oos_2026JanApr,0.00044298664328106137,0.33517121964888424
a7ff24r_57e00327a34e91e3,L3_liquidity_tier_relative_return,1,wrong_lag_future_24h,validation_2025H1,-0.0004615858089129203,0.8012368798855501
a7ff24r_57e00327a34e91e3,L3_liquidity_tier_relative_return,1,wrong_lag_future_24h,test_2025H2,-0.0008033207290057942,0.7417988655305805
a7ff24r_57e00327a34e91e3,L3_liquidity_tier_relative_return,1,wrong_lag_future_24h,recent_oos_2026JanApr,1.5098631179371262e-05,0.011423880841950637
a7ff24r_57e00327a34e91e3,L3_liquidity_tier_relative_return,1,wrong_lag_stale_168h,validation_2025H1,3.182724155035481e-05,0.05524684516455944
a7ff24r_57e00327a34e91e3,L3_liquidity_tier_relative_return,1,wrong_lag_stale_168h,test_2025H2,-0.00012456144820853585,0.1150219801800628
a7ff24r_57e00327a34e91e3,L3_liquidity_tier_relative_return,1,wrong_lag_stale_168h,recent_oos_2026JanApr,7.470163975683665e-05,0.056520529652143
a7ff24r_57e00327a34e91e3,L3_liquidity_tier_relative_return,1,time_shuffle,validation_2025H1,-0.00011528935029236986,0.20012330866462436
a7ff24r_57e00327a34e91e3,L3_liquidity_tier_relative_return,1,time_shuffle,test_2025H2,7.816291484731493e-05,0.07217685224189375
a7ff24r_57e00327a34e91e3,L3_liquidity_tier_relative_return,1,time_shuffle,recent_oos_2026JanApr,0.00018058485823257945,0.1366335714675986
a7ff24r_57e00327a34e91e3,L3_liquidity_tier_relative_return,1,symbol_shuffle,validation_2025H1,-3.384917028911428e-05,0.058756580175282416
a7ff24r_57e00327a34e91e3,L3_liquidity_tier_relative_return,1,symbol_shuffle,test_2025H2,-1.2928173530254386e-05,0.011938076675793103
a7ff24r_57e00327a34e91e3,L3_liquidity_tier_relative_return,1,symbol_shuffle,recent_oos_2026JanApr,3.145523325982159e-05,0.02379956383774175
a7ff24r_57e00327a34e91e3,L3_liquidity_tier_relative_return,1,sign_flip,validation_2025H1,-0.0005698217989383002,0.989116717750365
a7ff24r_57e00327a34e91e3,L3_liquidity_tier_relative_return,1,sign_flip,test_2025H2,-0.00103950720951358,0.9598971380738156
a7ff24r_57e00327a34e91e3,L3_liquidity_tier_relative_return,1,sign_flip,recent_oos_2026JanApr,-0.0012816032205577046,0.9696827682177395
a7ff24r_57e00327a34e91e3,L3_liquidity_tier_relative_return,1,same_family_placebo,validation_2025H1,8.963633251037653e-05,0.1555938982486068
a7ff24r_57e00327a34e91e3,L3_liquidity_tier_relative_return,1,same_family_placebo,test_2025H2,-2.9028972104263403e-05,0.02680580470158158
a7ff24r_57e00327a34e91e3,L3_liquidity_tier_relative_return,1,same_family_placebo,recent_oos_2026JanApr,9.153342140396625e-05,0.06925574158031113
a7ff24r_57e00327a34e91e3,L5_vol_adjusted_return,1,one_bar_lag,validation_2025H1,-0.03645592566789001,0.4771897342735945
a7ff24r_57e00327a34e91e3,L5_vol_adjusted_return,1,one_bar_lag,test_2025H2,0.03124208704574974,0.24495932008763546
a7ff24r_57e00327a34e91e3,L5_vol_adjusted_return,1,one_bar_lag,recent_oos_2026JanApr,0.04946574964928336,0.3045179649886885
a7ff24r_57e00327a34e91e3,L5_vol_adjusted_return,1,wrong_lag_future_24h,validation_2025H1,-0.06349082713512051,0.8310629993440081
a7ff24r_57e00327a34e91e3,L5_vol_adjusted_return,1,wrong_lag_future_24h,test_2025H2,-0.08602066405716857,0.6744608114712218
a7ff24r_57e00327a34e91e3,L5_vol_adjusted_return,1,wrong_lag_future_24h,recent_oos_2026JanApr,-0.03685899913797936,0.22690907321931006
a7ff24r_57e00327a34e91e3,L5_vol_adjusted_return,1,wrong_lag_stale_168h,validation_2025H1,-0.006144682771463278,0.08043080748029746
a7ff24r_57e00327a34e91e3,L5_vol_adjusted_return,1,wrong_lag_stale_168h,test_2025H2,-0.016673809473248168,0.13073406478435956
a7ff24r_57e00327a34e91e3,L5_vol_adjusted_return,1,wrong_lag_stale_168h,recent_oos_2026JanApr,-0.011967233025059252,0.07367193407912431
a7ff24r_57e00327a34e91e3,L5_vol_adjusted_return,1,time_shuffle,validation_2025H1,0.015993499364868574,0.20934686397906127
a7ff24r_57e00327a34e91e3,L5_vol_adjusted_return,1,time_shuffle,test_2025H2,0.005085581389664342,0.039874434689278745
a7ff24r_57e00327a34e91e3,L5_vol_adjusted_return,1,time_shuffle,recent_oos_2026JanApr,-0.022808833486996163,0.1404143191293281
a7ff24r_57e00327a34e91e3,L5_vol_adjusted_return,1,symbol_shuffle,validation_2025H1,0.007704417071859484,0.1008469451234307
a7ff24r_57e00327a34e91e3,L5_vol_adjusted_return,1,symbol_shuffle,test_2025H2,0.006390305303338574,0.05010436210506573
a7ff24r_57e00327a34e91e3,L5_vol_adjusted_return,1,symbol_shuffle,recent_oos_2026JanApr,0.017400515388893412,0.10711996833261267
a7ff24r_57e00327a34e91e3,L5_vol_adjusted_return,1,sign_flip,validation_2025H1,-0.07440906521150871,0.9739772452712896
a7ff24r_57e00327a34e91e3,L5_vol_adjusted_return,1,sign_flip,test_2025H2,-0.12067525431791949,0.9461764896126411
a7ff24r_57e00327a34e91e3,L5_vol_adjusted_return,1,sign_flip,recent_oos_2026JanApr,-0.16088407446233483,0.9904245119444705
a7ff24r_57e00327a34e91e3,L5_vol_adjusted_return,1,same_family_placebo,validation_2025H1,0.009912696513452758,0.12975221252866584
a7ff24r_57e00327a34e91e3,L5_vol_adjusted_return,1,same_family_placebo,test_2025H2,0.013679285256284325,0.10725494781310028
a7ff24r_57e00327a34e91e3,L5_vol_adjusted_return,1,same_family_placebo,recent_oos_2026JanApr,-0.03905720333072995,0.24044152086545043
a7ff24r_57e00327a34e91e3,L7_ranked_future_return,1,one_bar_lag,validation_2025H1,-0.015570268634420232,0.27716210078699993
a7ff24r_57e00327a34e91e3,L7_ranked_future_return,1,one_bar_lag,test_2025H2,0.016059228996033587,0.2100406869943733
a7ff24r_57e00327a34e91e3,L7_ranked_future_return,1,one_bar_lag,recent_oos_2026JanApr,0.005521992350486788,0.1290667880698771
a7ff24r_57e00327a34e91e3,L7_ranked_future_return,1,wrong_lag_future_24h,validation_2025H1,-0.053409281151805495,0.9507240313653798
a7ff24r_57e00327a34e91e3,L7_ranked_future_return,1,wrong_lag_future_24h,test_2025H2,-0.059677954205944475,0.7805355103243906
a7ff24r_57e00327a34e91e3,L7_ranked_future_return,1,wrong_lag_future_24h,recent_oos_2026JanApr,-0.03008414142584866,0.7031635067969494
a7ff24r_57e00327a34e91e3,L7_ranked_future_return,1,wrong_lag_stale_168h,validation_2025H1,-0.0010169570648534483,0.01810257505010981
a7ff24r_57e00327a34e91e3,L7_ranked_future_return,1,wrong_lag_stale_168h,test_2025H2,-0.002791058182661105,0.03650460294651741
a7ff24r_57e00327a34e91e3,L7_ranked_future_return,1,wrong_lag_stale_168h,recent_oos_2026JanApr,0.002435304306392622,0.056920923617564796
a7ff24r_57e00327a34e91e3,L7_ranked_future_return,1,time_shuffle,validation_2025H1,0.002418027751913925,0.04304265181399581
a7ff24r_57e00327a34e91e3,L7_ranked_future_return,1,time_shuffle,test_2025H2,-0.005282575993360307,0.06909147948630835
a7ff24r_57e00327a34e91e3,L7_ranked_future_return,1,time_shuffle,recent_oos_2026JanApr,-0.005530359186433623,0.12926234803690065
a7ff24r_57e00327a34e91e3,L7_ranked_future_return,1,symbol_shuffle,validation_2025H1,0.0012826456498222843,0.022832025009778403
a7ff24r_57e00327a34e91e3,L7_ranked_future_return,1,symbol_shuffle,test_2025H2,-0.007886548318137333,0.10314916283745733
a7ff24r_57e00327a34e91e3,L7_ranked_future_return,1,symbol_shuffle,recent_oos_2026JanApr,0.00013449428218204127,0.0031435655671398235
a7ff24r_57e00327a34e91e3,L7_ranked_future_return,1,sign_flip,validation_2025H1,-0.055005263869571934,0.9791336839707321
a7ff24r_57e00327a34e91e3,L7_ranked_future_return,1,sign_flip,test_2025H2,-0.07202164786483284,0.9419802407533147
a7ff24r_57e00327a34e91e3,L7_ranked_future_return,1,sign_flip,recent_oos_2026JanApr,-0.04391821846185546,1.0265105481580699
a7ff24r_57e00327a34e91e3,L7_ranked_future_return,1,same_family_placebo,validation_2025H1,-0.009564950033482717,0.17026306401305505
a7ff24r_57e00327a34e91e3,L7_ranked_future_return,1,same_family_placebo,test_2025H2,0.001777481584505229,0.023247906435703503
a7ff24r_57e00327a34e91e3,L7_ranked_future_return,1,same_family_placebo,recent_oos_2026JanApr,0.0053296276979343735,0.1245706051222623
a7ff24r_57e00327a34e91e3,L0_raw_forward_return,4,one_bar_lag,validation_2025H1,-0.0003891845378835887,5.297736947166985
a7ff24r_57e00327a34e91e3,L0_raw_forward_return,4,one_bar_lag,test_2025H2,-4.932680522162462e-05,0.03963485244368803
a7ff24r_57e00327a34e91e3,L0_raw_forward_return,4,one_bar_lag,recent_oos_2026JanApr,0.0009141121736900116,0.463390758625144
a7ff24r_57e00327a34e91e3,L0_raw_forward_return,4,wrong_lag_future_24h,validation_2025H1,-0.0001748472382826844,2.3800911500686506
a7ff24r_57e00327a34e91e3,L0_raw_forward_return,4,wrong_lag_future_24h,test_2025H2,-0.0007664987109985364,0.6158935931935361
a7ff24r_57e00327a34e91e3,L0_raw_forward_return,4,wrong_lag_future_24h,recent_oos_2026JanApr,0.001981449256999448,1.004455799633155
a7ff24r_57e00327a34e91e3,L0_raw_forward_return,4,wrong_lag_stale_168h,validation_2025H1,0.00019008684771426308,2.5875388621106383
a7ff24r_57e00327a34e91e3,L0_raw_forward_return,4,wrong_lag_stale_168h,test_2025H2,-0.00030684352544700915,0.24655352804121222
a7ff24r_57e00327a34e91e3,L0_raw_forward_return,4,wrong_lag_stale_168h,recent_oos_2026JanApr,0.001133224349937181,0.5744652640278188
a7ff24r_57e00327a34e91e3,L0_raw_forward_return,4,time_shuffle,validation_2025H1,0.0003023433639995454,4.1156198519640395
a7ff24r_57e00327a34e91e3,L0_raw_forward_return,4,time_shuffle,test_2025H2,-0.0005027628470398418,0.4039777392243672
a7ff24r_57e00327a34e91e3,L0_raw_forward_return,4,time_shuffle,recent_oos_2026JanApr,-0.00017484689439306095,0.08863511215367186
a7ff24r_57e00327a34e91e3,L0_raw_forward_return,4,symbol_shuffle,validation_2025H1,-0.00015695217821854124,2.1364963726678567
a7ff24r_57e00327a34e91e3,L0_raw_forward_return,4,symbol_shuffle,test_2025H2,7.235665846823625e-05,0.05813969643526851
a7ff24r_57e00327a34e91e3,L0_raw_forward_return,4,symbol_shuffle,recent_oos_2026JanApr,-0.00011108907722221614,0.056314370654499936
a7ff24r_57e00327a34e91e3,L0_raw_forward_return,4,sign_flip,validation_2025H1,-9.692864677219023e-05,1.319431845973097
a7ff24r_57e00327a34e91e3,L0_raw_forward_return,4,sign_flip,test_2025H2,-0.0014213178926826898,1.1420509538159913
a7ff24r_57e00327a34e91e3,L0_raw_forward_return,4,sign_flip,recent_oos_2026JanApr,-0.002094069350958171,1.0615462883915565
a7ff24r_57e00327a34e91e3,L0_raw_forward_return,4,same_family_placebo,validation_2025H1,0.0001912834251711497,2.6038271572160094
a7ff24r_57e00327a34e91e3,L0_raw_forward_return,4,same_family_placebo,test_2025H2,-0.00010985170615226626,0.08826754833340995
a7ff24r_57e00327a34e91e3,L0_raw_forward_return,4,same_family_placebo,recent_oos_2026JanApr,0.00020428387166975936,0.10355759500040637
a7ff24r_57e00327a34e91e3,L1_cross_sectional_relative_return,4,one_bar_lag,validation_2025H1,-0.00038918453788358874,5.297736947166986
a7ff24r_57e00327a34e91e3,L1_cross_sectional_relative_return,4,one_bar_lag,test_2025H2,-4.932680522162437e-05,0.03963485244368783
a7ff24r_57e00327a34e91e3,L1_cross_sectional_relative_return,4,one_bar_lag,recent_oos_2026JanApr,0.0009141121736900116,0.463390758625144
a7ff24r_57e00327a34e91e3,L1_cross_sectional_relative_return,4,wrong_lag_future_24h,validation_2025H1,-0.00017484723828268425,2.3800911500686484
a7ff24r_57e00327a34e91e3,L1_cross_sectional_relative_return,4,wrong_lag_future_24h,test_2025H2,-0.0007664987109985364,0.6158935931935361
a7ff24r_57e00327a34e91e3,L1_cross_sectional_relative_return,4,wrong_lag_future_24h,recent_oos_2026JanApr,0.001981449256999448,1.004455799633155
a7ff24r_57e00327a34e91e3,L1_cross_sectional_relative_return,4,wrong_lag_stale_168h,validation_2025H1,0.00019008684771426308,2.5875388621106383
a7ff24r_57e00327a34e91e3,L1_cross_sectional_relative_return,4,wrong_lag_stale_168h,test_2025H2,-0.0003068435254470091,0.2465535280412122
a7ff24r_57e00327a34e91e3,L1_cross_sectional_relative_return,4,wrong_lag_stale_168h,recent_oos_2026JanApr,0.001133224349937181,0.5744652640278188
a7ff24r_57e00327a34e91e3,L1_cross_sectional_relative_return,4,time_shuffle,validation_2025H1,2.2638004038799384e-05,0.3081576443366719
a7ff24r_57e00327a34e91e3,L1_cross_sectional_relative_return,4,time_shuffle,test_2025H2,0.00027711915883823763,0.2226695388141081
a7ff24r_57e00327a34e91e3,L1_cross_sectional_relative_return,4,time_shuffle,recent_oos_2026JanApr,-0.0004541271431075588,0.23021061026613526
a7ff24r_57e00327a34e91e3,L1_cross_sectional_relative_return,4,symbol_shuffle,validation_2025H1,-0.00022182998820173433,3.0196392972771817
a7ff24r_57e00327a34e91e3,L1_cross_sectional_relative_return,4,symbol_shuffle,test_2025H2,-0.0005701943871535659,0.45816002673416956
a7ff24r_57e00327a34e91e3,L1_cross_sectional_relative_return,4,symbol_shuffle,recent_oos_2026JanApr,7.110288796050411e-05,0.036044177225485564
a7ff24r_57e00327a34e91e3,L1_cross_sectional_relative_return,4,sign_flip,validation_2025H1,-9.692864677219016e-05,1.319431845973096
a7ff24r_57e00327a34e91e3,L1_cross_sectional_relative_return,4,sign_flip,test_2025H2,-0.0014213178926826896,1.1420509538159913
a7ff24r_57e00327a34e91e3,L1_cross_sectional_relative_return,4,sign_flip,recent_oos_2026JanApr,-0.002094069350958171,1.0615462883915565
a7ff24r_57e00327a34e91e3,L1_cross_sectional_relative_return,4,same_family_placebo,validation_2025H1,8.675749672412706e-05,1.1809780479424028
a7ff24r_57e00327a34e91e3,L1_cross_sectional_relative_return,4,same_family_placebo,test_2025H2,-0.00028537359271386205,0.22930210435725676
a7ff24r_57e00327a34e91e3,L1_cross_sectional_relative_return,4,same_family_placebo,recent_oos_2026JanApr,-0.0002002279708983254,0.10150153777955544
a7ff24r_57e00327a34e91e3,L3_liquidity_tier_relative_return,4,one_bar_lag,validation_2025H1,-0.0003945288806952534,8.210156902996655
a7ff24r_57e00327a34e91e3,L3_liquidity_tier_relative_return,4,one_bar_lag,test_2025H2,-0.00015567656403532693,0.1432374873786451
a7ff24r_57e00327a34e91e3,L3_liquidity_tier_relative_return,4,one_bar_lag,recent_oos_2026JanApr,0.0007654195158580682,0.4099066745033064
a7ff24r_57e00327a34e91e3,L3_liquidity_tier_relative_return,4,wrong_lag_future_24h,validation_2025H1,-0.00015508694169251373,3.2273635396668454
a7ff24r_57e00327a34e91e3,L3_liquidity_tier_relative_return,4,wrong_lag_future_24h,test_2025H2,-0.0006941624112321244,0.6386965195032702
a7ff24r_57e00327a34e91e3,L3_liquidity_tier_relative_return,4,wrong_lag_future_24h,recent_oos_2026JanApr,0.001930650496540407,1.0339251982330986
a7ff24r_57e00327a34e91e3,L3_liquidity_tier_relative_return,4,wrong_lag_stale_168h,validation_2025H1,0.0002226640767432111,4.633645586353764
a7ff24r_57e00327a34e91e3,L3_liquidity_tier_relative_return,4,wrong_lag_stale_168h,test_2025H2,-0.0003112477617427122,0.28637802755035385
a7ff24r_57e00327a34e91e3,L3_liquidity_tier_relative_return,4,wrong_lag_stale_168h,recent_oos_2026JanApr,0.0010925859211581839,0.5851147668334724
a7ff24r_57e00327a34e91e3,L3_liquidity_tier_relative_return,4,time_shuffle,validation_2025H1,0.0001042808873570317,2.170088145831528
a7ff24r_57e00327a34e91e3,L3_liquidity_tier_relative_return,4,time_shuffle,test_2025H2,5.029657211832015e-05,0.04627770826411705
a7ff24r_57e00327a34e91e3,L3_liquidity_tier_relative_return,4,time_shuffle,recent_oos_2026JanApr,0.0008358144556269657,0.44760542017767196
a7ff24r_57e00327a34e91e3,L3_liquidity_tier_relative_return,4,symbol_shuffle,validation_2025H1,-6.888926690865629e-05,1.4335875468882708
a7ff24r_57e00327a34e91e3,L3_liquidity_tier_relative_return,4,symbol_shuffle,test_2025H2,0.0003217388663120102,0.2960308578761302
a7ff24r_57e00327a34e91e3,L3_liquidity_tier_relative_return,4,symbol_shuffle,recent_oos_2026JanApr,-0.0007150928563319246,0.3829551358792939
a7ff24r_57e00327a34e91e3,L3_liquidity_tier_relative_return,4,sign_flip,validation_2025H1,-8.328966565519939e-05,1.733260242500533
a7ff24r_57e00327a34e91e3,L3_liquidity_tier_relative_return,4,sign_flip,test_2025H2,-0.001276213789008614,1.1742400510207298
a7ff24r_57e00327a34e91e3,L3_liquidity_tier_relative_return,4,sign_flip,recent_oos_2026JanApr,-0.0020171886837287573,1.0802691701243237
a7ff24r_57e00327a34e91e3,L3_liquidity_tier_relative_return,4,same_family_placebo,validation_2025H1,-0.0001796017843911646,3.7375180932536924
a7ff24r_57e00327a34e91e3,L3_liquidity_tier_relative_return,4,same_family_placebo,test_2025H2,-0.0001857135226979361,0.17087439286913395
a7ff24r_57e00327a34e91e3,L3_liquidity_tier_relative_return,4,same_family_placebo,recent_oos_2026JanApr,5.558473309337493e-05,0.029767405486018653
a7ff24r_57e00327a34e91e3,L5_vol_adjusted_return,4,one_bar_lag,validation_2025H1,-0.052191730186886845,2.2938785189328916
a7ff24r_57e00327a34e91e3,L5_vol_adjusted_return,4,one_bar_lag,test_2025H2,0.0004146497335787654,0.0029943751827177035
a7ff24r_57e00327a34e91e3,L5_vol_adjusted_return,4,one_bar_lag,recent_oos_2026JanApr,0.10791798613250757,0.4132160547532269
a7ff24r_57e00327a34e91e3,L5_vol_adjusted_return,4,wrong_lag_future_24h,validation_2025H1,-0.027476519480300308,1.2076203947486248
a7ff24r_57e00327a34e91e3,L5_vol_adjusted_return,4,wrong_lag_future_24h,test_2025H2,-0.07710719386232309,0.5568262777298625
a7ff24r_57e00327a34e91e3,L5_vol_adjusted_return,4,wrong_lag_future_24h,recent_oos_2026JanApr,0.13023371437820033,0.4986625823905014
a7ff24r_57e00327a34e91e3,L5_vol_adjusted_return,4,wrong_lag_stale_168h,validation_2025H1,-0.0054892749286607175,0.2412590998283358
a7ff24r_57e00327a34e91e3,L5_vol_adjusted_return,4,wrong_lag_stale_168h,test_2025H2,-0.020632200407300422,0.14899454614684532
a7ff24r_57e00327a34e91e3,L5_vol_adjusted_return,4,wrong_lag_stale_168h,recent_oos_2026JanApr,0.04821669826523615,0.18462088243496294
a7ff24r_57e00327a34e91e3,L5_vol_adjusted_return,4,time_shuffle,validation_2025H1,-0.014956692626405766,0.6573615361503046
a7ff24r_57e00327a34e91e3,L5_vol_adjusted_return,4,time_shuffle,test_2025H2,-0.0063135631072426,0.04559312391131237
a7ff24r_57e00327a34e91e3,L5_vol_adjusted_return,4,time_shuffle,recent_oos_2026JanApr,-0.004158652750625418,0.0159234076198579
a7ff24r_57e00327a34e91e3,L5_vol_adjusted_return,4,symbol_shuffle,validation_2025H1,0.0024645468645037574,0.1083192891123772
a7ff24r_57e00327a34e91e3,L5_vol_adjusted_return,4,symbol_shuffle,test_2025H2,0.017295732573244925,0.12490038746017663
a7ff24r_57e00327a34e91e3,L5_vol_adjusted_return,4,symbol_shuffle,recent_oos_2026JanApr,0.025728111519404965,0.09851248266666059
a7ff24r_57e00327a34e91e3,L5_vol_adjusted_return,4,sign_flip,validation_2025H1,-0.02397478407135627,1.0537156361824567
a7ff24r_57e00327a34e91e3,L5_vol_adjusted_return,4,sign_flip,test_2025H2,-0.14876582484781678,1.0743059934372612
a7ff24r_57e00327a34e91e3,L5_vol_adjusted_return,4,sign_flip,recent_oos_2026JanApr,-0.2653034392406245,1.015842163148472
a7ff24r_57e00327a34e91e3,L5_vol_adjusted_return,4,same_family_placebo,validation_2025H1,-0.04096844234912799,1.8006038413039018
a7ff24r_57e00327a34e91e3,L5_vol_adjusted_return,4,same_family_placebo,test_2025H2,-0.021206267221322923,0.15314014490629627
a7ff24r_57e00327a34e91e3,L5_vol_adjusted_return,4,same_family_placebo,recent_oos_2026JanApr,0.0011378569837921096,0.004356834208698711
a7ff24r_57e00327a34e91e3,L7_ranked_future_return,4,one_bar_lag,validation_2025H1,-0.008946953238154354,0.41174041934320005
a7ff24r_57e00327a34e91e3,L7_ranked_future_return,4,one_bar_lag,test_2025H2,-0.004458685728326093,0.0998069536489741
a7ff24r_57e00327a34e91e3,L7_ranked_future_return,4,one_bar_lag,recent_oos_2026JanApr,0.005715588144009933,0.18341732655162668
a7ff24r_57e00327a34e91e3,L7_ranked_future_return,4,wrong_lag_future_24h,validation_2025H1,-0.02462505496068694,1.1332495192468632
a7ff24r_57e00327a34e91e3,L7_ranked_future_return,4,wrong_lag_future_24h,test_2025H2,-0.03964589152700186,0.8874668229853614
a7ff24r_57e00327a34e91e3,L7_ranked_future_return,4,wrong_lag_future_24h,recent_oos_2026JanApr,0.0070613975532795355,0.2266053166021263
a7ff24r_57e00327a34e91e3,L7_ranked_future_return,4,wrong_lag_stale_168h,validation_2025H1,-0.0021841215342437398,0.10051367124296533
a7ff24r_57e00327a34e91e3,L7_ranked_future_return,4,wrong_lag_stale_168h,test_2025H2,-0.002646357076350094,0.05923827202709526
a7ff24r_57e00327a34e91e3,L7_ranked_future_return,4,wrong_lag_stale_168h,recent_oos_2026JanApr,0.0058082938909579974,0.18639232052123347
a7ff24r_57e00327a34e91e3,L7_ranked_future_return,4,time_shuffle,validation_2025H1,-0.000740642793710496,0.034084516410056345
a7ff24r_57e00327a34e91e3,L7_ranked_future_return,4,time_shuffle,test_2025H2,-0.004387078710215138,0.09820404221430243
a7ff24r_57e00327a34e91e3,L7_ranked_future_return,4,time_shuffle,recent_oos_2026JanApr,-0.0010544274084477736,0.03383733247171398
a7ff24r_57e00327a34e91e3,L7_ranked_future_return,4,symbol_shuffle,validation_2025H1,-0.006737856921166978,0.3100774040446497
a7ff24r_57e00327a34e91e3,L7_ranked_future_return,4,symbol_shuffle,test_2025H2,0.003017988309538589,0.06755717663831581
a7ff24r_57e00327a34e91e3,L7_ranked_future_return,4,symbol_shuffle,recent_oos_2026JanApr,0.002984607774674116,0.0957782060293557
a7ff24r_57e00327a34e91e3,L7_ranked_future_return,4,sign_flip,validation_2025H1,-0.02098407109973102,0.9656907780947671
a7ff24r_57e00327a34e91e3,L7_ranked_future_return,4,sign_flip,test_2025H2,-0.046512744413407824,1.0411802061452788
a7ff24r_57e00327a34e91e3,L7_ranked_future_return,4,sign_flip,recent_oos_2026JanApr,-0.03131029510655907,1.0047698464778612
a7ff24r_57e00327a34e91e3,L7_ranked_future_return,4,same_family_placebo,validation_2025H1,0.0033842042985723153,0.15574169887185743
a7ff24r_57e00327a34e91e3,L7_ranked_future_return,4,same_family_placebo,test_2025H2,-0.006479460867990895,0.1450416759390429
a7ff24r_57e00327a34e91e3,L7_ranked_future_return,4,same_family_placebo,recent_oos_2026JanApr,-0.005712678460583489,0.18332395272171748
a7ff24r_57e00327a34e91e3,L0_raw_forward_return,8,one_bar_lag,validation_2025H1,-0.0005089782684841003,2.061385761446775
a7ff24r_57e00327a34e91e3,L0_raw_forward_return,8,one_bar_lag,test_2025H2,0.00033363196912049135,0.2862868612112044
a7ff24r_57e00327a34e91e3,L0_raw_forward_return,8,one_bar_lag,recent_oos_2026JanApr,0.0009551027101846509,0.4287391586577362
a7ff24r_57e00327a34e91e3,L0_raw_forward_return,8,wrong_lag_future_24h,validation_2025H1,9.496278561957974e-05,0.3846037174171402
a7ff24r_57e00327a34e91e3,L0_raw_forward_return,8,wrong_lag_future_24h,test_2025H2,-0.00033062275159553313,0.28370467628991797
a7ff24r_57e00327a34e91e3,L0_raw_forward_return,8,wrong_lag_future_24h,recent_oos_2026JanApr,0.005192321629992184,2.3307981260914135
a7ff24r_57e00327a34e91e3,L0_raw_forward_return,8,wrong_lag_stale_168h,validation_2025H1,0.00015199384265096404,0.6155821622825659
a7ff24r_57e00327a34e91e3,L0_raw_forward_return,8,wrong_lag_stale_168h,test_2025H2,-0.0011215813969823588,0.9624198142084941
a7ff24r_57e00327a34e91e3,L0_raw_forward_return,8,wrong_lag_stale_168h,recent_oos_2026JanApr,0.0016293525434565473,0.7314053569205641
a7ff24r_57e00327a34e91e3,L0_raw_forward_return,8,time_shuffle,validation_2025H1,3.189674242812095e-05,0.1291832967126331
a7ff24r_57e00327a34e91e3,L0_raw_forward_return,8,time_shuffle,test_2025H2,0.00010145826398988722,0.08706050567687817
a7ff24r_57e00327a34e91e3,L0_raw_forward_return,8,time_shuffle,recent_oos_2026JanApr,-0.000598671657987117,0.26873966560937257
a7ff24r_57e00327a34e91e3,L0_raw_forward_return,8,symbol_shuffle,validation_2025H1,0.0006749698959289744,2.7336596059732634
a7ff24r_57e00327a34e91e3,L0_raw_forward_return,8,symbol_shuffle,test_2025H2,-0.00018943177806559199,0.16254985785390955
a7ff24r_57e00327a34e91e3,L0_raw_forward_return,8,symbol_shuffle,recent_oos_2026JanApr,-0.0006102567341010807,0.273940128065527
a7ff24r_57e00327a34e91e3,L0_raw_forward_return,8,sign_flip,validation_2025H1,-0.00030835532313441485,1.2488534617965885
a7ff24r_57e00327a34e91e3,L0_raw_forward_return,8,sign_flip,test_2025H2,-0.0014426468935031223,1.2379234881653218
a7ff24r_57e00327a34e91e3,L0_raw_forward_return,8,sign_flip,recent_oos_2026JanApr,-0.002164248020011052,0.9715163252408933
a7ff24r_57e00327a34e91e3,L0_raw_forward_return,8,same_family_placebo,validation_2025H1,0.0005638893825009202,2.2837783380818792
a7ff24r_57e00327a34e91e3,L0_raw_forward_return,8,same_family_placebo,test_2025H2,-0.00019570026170925075,0.16792879234759028
a7ff24r_57e00327a34e91e3,L0_raw_forward_return,8,same_family_placebo,recent_oos_2026JanApr,0.00020317913201765633,0.09120574069067176
a7ff24r_57e00327a34e91e3,L1_cross_sectional_relative_return,8,one_bar_lag,validation_2025H1,-0.0005089782684841003,2.061385761446775
a7ff24r_57e00327a34e91e3,L1_cross_sectional_relative_return,8,one_bar_lag,test_2025H2,0.0003336319691204915,0.28628686121120456
a7ff24r_57e00327a34e91e3,L1_cross_sectional_relative_return,8,one_bar_lag,recent_oos_2026JanApr,0.0009551027101846509,0.4287391586577364
a7ff24r_57e00327a34e91e3,L1_cross_sectional_relative_return,8,wrong_lag_future_24h,validation_2025H1,9.496278561957962e-05,0.3846037174171397
a7ff24r_57e00327a34e91e3,L1_cross_sectional_relative_return,8,wrong_lag_future_24h,test_2025H2,-0.0003306227515955328,0.2837046762899177
a7ff24r_57e00327a34e91e3,L1_cross_sectional_relative_return,8,wrong_lag_future_24h,recent_oos_2026JanApr,0.005192321629992184,2.3307981260914143
a7ff24r_57e00327a34e91e3,L1_cross_sectional_relative_return,8,wrong_lag_stale_168h,validation_2025H1,0.0001519938426509642,0.6155821622825665
a7ff24r_57e00327a34e91e3,L1_cross_sectional_relative_return,8,wrong_lag_stale_168h,test_2025H2,-0.0011215813969823588,0.9624198142084941
a7ff24r_57e00327a34e91e3,L1_cross_sectional_relative_return,8,wrong_lag_stale_168h,recent_oos_2026JanApr,0.0016293525434565475,0.7314053569205644
a7ff24r_57e00327a34e91e3,L1_cross_sectional_relative_return,8,time_shuffle,validation_2025H1,0.00021703372344180323,0.8789967174613981
a7ff24r_57e00327a34e91e3,L1_cross_sectional_relative_return,8,time_shuffle,test_2025H2,-0.00018139236650186984,0.1556513046108543
a7ff24r_57e00327a34e91e3,L1_cross_sectional_relative_return,8,time_shuffle,recent_oos_2026JanApr,0.0011507547381178094,0.5165660331407174
a7ff24r_57e00327a34e91e3,L1_cross_sectional_relative_return,8,symbol_shuffle,validation_2025H1,0.00034769820770856646,1.408193982005721
a7ff24r_57e00327a34e91e3,L1_cross_sectional_relative_return,8,symbol_shuffle,test_2025H2,-0.0005504954136711104,0.472375607489067
a7ff24r_57e00327a34e91e3,L1_cross_sectional_relative_return,8,symbol_shuffle,recent_oos_2026JanApr,-5.273873147385304e-05,0.02367406051690985
a7ff24r_57e00327a34e91e3,L1_cross_sectional_relative_return,8,sign_flip,validation_2025H1,-0.00030835532313441485,1.2488534617965885
a7ff24r_57e00327a34e91e3,L1_cross_sectional_relative_return,8,sign_flip,test_2025H2,-0.0014426468935031223,1.2379234881653218
a7ff24r_57e00327a34e91e3,L1_cross_sectional_relative_return,8,sign_flip,recent_oos_2026JanApr,-0.002164248020011052,0.9715163252408936
a7ff24r_57e00327a34e91e3,L1_cross_sectional_relative_return,8,same_family_placebo,validation_2025H1,0.00021888227176485725,0.8864834245144103
a7ff24r_57e00327a34e91e3,L1_cross_sectional_relative_return,8,same_family_placebo,test_2025H2,1.6361828265753195e-05,0.014039950878291144
a7ff24r_57e00327a34e91e3,L1_cross_sectional_relative_return,8,same_family_placebo,recent_oos_2026JanApr,0.00010228005592364027,0.04591282660656456
a7ff24r_57e00327a34e91e3,L3_liquidity_tier_relative_return,8,one_bar_lag,validation_2025H1,-0.0005029371822305073,2.15803322049109
a7ff24r_57e00327a34e91e3,L3_liquidity_tier_relative_return,8,one_bar_lag,test_2025H2,0.00024584297873386465,0.23842146605061626
a7ff24r_57e00327a34e91e3,L3_liquidity_tier_relative_return,8,one_bar_lag,recent_oos_2026JanApr,0.000758535078831108,0.36876151452523964
a7ff24r_57e00327a34e91e3,L3_liquidity_tier_relative_return,8,wrong_lag_future_24h,validation_2025H1,0.00015637871724768468,0.670999239510624
a7ff24r_57e00327a34e91e3,L3_liquidity_tier_relative_return,8,wrong_lag_future_24h,test_2025H2,-0.0003021092107333928,0.29298913193052734
a7ff24r_57e00327a34e91e3,L3_liquidity_tier_relative_return,8,wrong_lag_future_24h,recent_oos_2026JanApr,0.005081333887944466,2.470288365851617
a7ff24r_57e00327a34e91e3,L3_liquidity_tier_relative_return,8,wrong_lag_stale_168h,validation_2025H1,0.00018102167245598555,0.7767387192498918
a7ff24r_57e00327a34e91e3,L3_liquidity_tier_relative_return,8,wrong_lag_stale_168h,test_2025H2,-0.001101343546422651,1.0680961657551813
a7ff24r_57e00327a34e91e3,L3_liquidity_tier_relative_return,8,wrong_lag_stale_168h,recent_oos_2026JanApr,0.0015360648730722718,0.7467573020828905
a7ff24r_57e00327a34e91e3,L3_liquidity_tier_relative_return,8,time_shuffle,validation_2025H1,0.00039496794678680057,1.6947523076637827
a7ff24r_57e00327a34e91e3,L3_liquidity_tier_relative_return,8,time_shuffle,test_2025H2,6.22375097806254e-05,0.06035868260976392
a7ff24r_57e00327a34e91e3,L3_liquidity_tier_relative_return,8,time_shuffle,recent_oos_2026JanApr,-0.00048090574899118527,0.23379213076758684
a7ff24r_57e00327a34e91e3,L3_liquidity_tier_relative_return,8,symbol_shuffle,validation_2025H1,3.0120541985857503e-05,0.12924303972993129
a7ff24r_57e00327a34e91e3,L3_liquidity_tier_relative_return,8,symbol_shuffle,test_2025H2,-0.000550956911568344,0.5343246134722724
a7ff24r_57e00327a34e91e3,L3_liquidity_tier_relative_return,8,symbol_shuffle,recent_oos_2026JanApr,0.00041883573680501256,0.2036168200414899
a7ff24r_57e00327a34e91e3,L3_liquidity_tier_relative_return,8,sign_flip,validation_2025H1,-0.0002931175885265001,1.2577266424109999
a7ff24r_57e00327a34e91e3,L3_liquidity_tier_relative_return,8,sign_flip,test_2025H2,-0.0013245355296143937,1.284550424963153
a7ff24r_57e00327a34e91e3,L3_liquidity_tier_relative_return,8,sign_flip,recent_oos_2026JanApr,-0.002038422814195297,0.9909784071737401
a7ff24r_57e00327a34e91e3,L3_liquidity_tier_relative_return,8,same_family_placebo,validation_2025H1,1.6758832517220666e-05,0.07190981018427223
a7ff24r_57e00327a34e91e3,L3_liquidity_tier_relative_return,8,same_family_placebo,test_2025H2,2.967475445012191e-05,0.028778932378415438
a7ff24r_57e00327a34e91e3,L3_liquidity_tier_relative_return,8,same_family_placebo,recent_oos_2026JanApr,-0.00026179381800043103,0.1272709562330985
a7ff24r_57e00327a34e91e3,L5_vol_adjusted_return,8,one_bar_lag,validation_2025H1,-0.06001548213773403,2.275204508266438
a7ff24r_57e00327a34e91e3,L5_vol_adjusted_return,8,one_bar_lag,test_2025H2,0.040989479426463984,0.2791613266154865
a7ff24r_57e00327a34e91e3,L5_vol_adjusted_return,8,one_bar_lag,recent_oos_2026JanApr,0.18603440320432138,0.5321215830119148
a7ff24r_57e00327a34e91e3,L5_vol_adjusted_return,8,wrong_lag_future_24h,validation_2025H1,-0.008015321493059713,0.30386318574200627
a7ff24r_57e00327a34e91e3,L5_vol_adjusted_return,8,wrong_lag_future_24h,test_2025H2,-0.05515098894501404,0.37560914296720815
a7ff24r_57e00327a34e91e3,L5_vol_adjusted_return,8,wrong_lag_future_24h,recent_oos_2026JanApr,0.38687067951388765,1.1065815508206125
a7ff24r_57e00327a34e91e3,L5_vol_adjusted_return,8,wrong_lag_stale_168h,validation_2025H1,-0.009626909257356835,0.3649589499713242
a7ff24r_57e00327a34e91e3,L5_vol_adjusted_return,8,wrong_lag_stale_168h,test_2025H2,-0.0963974307664169,0.6565205275015839
a7ff24r_57e00327a34e91e3,L5_vol_adjusted_return,8,wrong_lag_stale_168h,recent_oos_2026JanApr,0.09051571906190144,0.2589057017684024
a7ff24r_57e00327a34e91e3,L5_vol_adjusted_return,8,time_shuffle,validation_2025H1,0.043098756170695224,1.633886471414159
a7ff24r_57e00327a34e91e3,L5_vol_adjusted_return,8,time_shuffle,test_2025H2,0.0037654263754908915,0.025644663873831006
a7ff24r_57e00327a34e91e3,L5_vol_adjusted_return,8,time_shuffle,recent_oos_2026JanApr,0.026824346148874894,0.0767267413453734
a7ff24r_57e00327a34e91e3,L5_vol_adjusted_return,8,symbol_shuffle,validation_2025H1,0.014656421819643259,0.5556292445102395
a7ff24r_57e00327a34e91e3,L5_vol_adjusted_return,8,symbol_shuffle,test_2025H2,-0.10718549230772208,0.7299932725478623
a7ff24r_57e00327a34e91e3,L5_vol_adjusted_return,8,symbol_shuffle,recent_oos_2026JanApr,-0.07195068415613917,0.20580339599823932
a7ff24r_57e00327a34e91e3,L5_vol_adjusted_return,8,sign_flip,validation_2025H1,-0.03463681388148615,1.3130917604608325
a7ff24r_57e00327a34e91e3,L5_vol_adjusted_return,8,sign_flip,test_2025H2,-0.16456796383679953,1.120800062501636
a7ff24r_57e00327a34e91e3,L5_vol_adjusted_return,8,sign_flip,recent_oos_2026JanApr,-0.3297301303916497,0.943140171541422
a7ff24r_57e00327a34e91e3,L5_vol_adjusted_return,8,same_family_placebo,validation_2025H1,0.012751157466093697,0.4834001147552391
a7ff24r_57e00327a34e91e3,L5_vol_adjusted_return,8,same_family_placebo,test_2025H2,-1.5310898154755278e-05,0.00010427579711579686
a7ff24r_57e00327a34e91e3,L5_vol_adjusted_return,8,same_family_placebo,recent_oos_2026JanApr,-0.03757012159051669,0.10746330909954761
a7ff24r_57e00327a34e91e3,L7_ranked_future_return,8,one_bar_lag,validation_2025H1,-0.008331382646691636,0.5917868957514246
a7ff24r_57e00327a34e91e3,L7_ranked_future_return,8,one_bar_lag,test_2025H2,-0.0005452169163545578,0.020594565220728462
a7ff24r_57e00327a34e91e3,L7_ranked_future_return,8,one_bar_lag,recent_oos_2026JanApr,0.005900664533915937,0.24791943420904342
a7ff24r_57e00327a34e91e3,L7_ranked_future_return,8,wrong_lag_future_24h,validation_2025H1,-0.012313709425717852,0.8746557666660892
a7ff24r_57e00327a34e91e3,L7_ranked_future_return,8,wrong_lag_future_24h,test_2025H2,-0.023128072331460678,0.8736203514093525
a7ff24r_57e00327a34e91e3,L7_ranked_future_return,8,wrong_lag_future_24h,recent_oos_2026JanApr,0.0208400794579692,0.8756065826813598
a7ff24r_57e00327a34e91e3,L7_ranked_future_return,8,wrong_lag_stale_168h,validation_2025H1,-0.001889565126924678,0.13421780371916336
a7ff24r_57e00327a34e91e3,L7_ranked_future_return,8,wrong_lag_stale_168h,test_2025H2,-0.006459373699542238,0.24399094919823036
a7ff24r_57e00327a34e91e3,L7_ranked_future_return,8,wrong_lag_stale_168h,recent_oos_2026JanApr,0.006064603490428631,0.2548074132001953
a7ff24r_57e00327a34e91e3,L7_ranked_future_return,8,time_shuffle,validation_2025H1,0.0005078638035198312,0.03607410156210489
a7ff24r_57e00327a34e91e3,L7_ranked_future_return,8,time_shuffle,test_2025H2,0.0023518354347255056,0.08883625360108437
a7ff24r_57e00327a34e91e3,L7_ranked_future_return,8,time_shuffle,recent_oos_2026JanApr,-0.0010351276417660607,0.04349141656939333
a7ff24r_57e00327a34e91e3,L7_ranked_future_return,8,symbol_shuffle,validation_2025H1,-0.006117434586974614,0.43452783021863495
a7ff24r_57e00327a34e91e3,L7_ranked_future_return,8,symbol_shuffle,test_2025H2,-0.0024338879785684555,0.09193563737846042
a7ff24r_57e00327a34e91e3,L7_ranked_future_return,8,symbol_shuffle,recent_oos_2026JanApr,-0.0038994225967540594,0.1638362320671792
a7ff24r_57e00327a34e91e3,L7_ranked_future_return,8,sign_flip,validation_2025H1,-0.013199077325218475,0.9375443822851895
a7ff24r_57e00327a34e91e3,L7_ranked_future_return,8,sign_flip,test_2025H2,-0.02964239037141074,1.1196867219088966
a7ff24r_57e00327a34e91e3,L7_ranked_future_return,8,sign_flip,recent_oos_2026JanApr,-0.023120107027673743,0.9714031055667299
a7ff24r_57e00327a34e91e3,L7_ranked_future_return,8,same_family_placebo,validation_2025H1,0.002986907641489805,0.21216319979677967
a7ff24r_57e00327a34e91e3,L7_ranked_future_return,8,same_family_placebo,test_2025H2,0.0013009454327923466,0.04914081856335422
a7ff24r_57e00327a34e91e3,L7_ranked_future_return,8,same_family_placebo,recent_oos_2026JanApr,0.00032934092800665754,0.013837427303989664
a7ff24r_57e00327a34e91e3,L0_raw_forward_return,24,one_bar_lag,validation_2025H1,-0.0007292431639172684,1.9099793748260685
a7ff24r_57e00327a34e91e3,L0_raw_forward_return,24,one_bar_lag,test_2025H2,-0.0002106813447368491,0.23019147407632012
a7ff24r_57e00327a34e91e3,L0_raw_forward_return,24,one_bar_lag,recent_oos_2026JanApr,-0.00024914373918604176,0.1524683567520005
a7ff24r_57e00327a34e91e3,L0_raw_forward_return,24,wrong_lag_future_24h,validation_2025H1,0.002418468694256281,6.334273056299879
a7ff24r_57e00327a34e91e3,L0_raw_forward_return,24,wrong_lag_future_24h,test_2025H2,0.0003154187079076056,0.3446280325160691
a7ff24r_57e00327a34e91e3,L0_raw_forward_return,24,wrong_lag_future_24h,recent_oos_2026JanApr,0.025120201221223253,15.372795696140384
a7ff24r_57e00327a34e91e3,L0_raw_forward_return,24,wrong_lag_stale_168h,validation_2025H1,-0.0010740827328187886,2.8131574871690423
a7ff24r_57e00327a34e91e3,L0_raw_forward_return,24,wrong_lag_stale_168h,test_2025H2,-0.0010251481681862423,1.1200819335768957
a7ff24r_57e00327a34e91e3,L0_raw_forward_return,24,wrong_lag_stale_168h,recent_oos_2026JanApr,-0.001024821670822203,0.627159553053922
a7ff24r_57e00327a34e91e3,L0_raw_forward_return,24,time_shuffle,validation_2025H1,-0.0005741718177484811,1.5038280559465145
a7ff24r_57e00327a34e91e3,L0_raw_forward_return,24,time_shuffle,test_2025H2,-0.00037590104867436835,0.4107113356869184
a7ff24r_57e00327a34e91e3,L0_raw_forward_return,24,time_shuffle,recent_oos_2026JanApr,-0.0012917541045268945,0.7905140473861109
a7ff24r_57e00327a34e91e3,L0_raw_forward_return,24,symbol_shuffle,validation_2025H1,0.0006410676449708175,1.6790366236487495
a7ff24r_57e00327a34e91e3,L0_raw_forward_return,24,symbol_shuffle,test_2025H2,0.0008079695868462549,0.8827915468134219
a7ff24r_57e00327a34e91e3,L0_raw_forward_return,24,symbol_shuffle,recent_oos_2026JanApr,0.00026743957093433465,0.1636648468231007
a7ff24r_57e00327a34e91e3,L0_raw_forward_return,24,sign_flip,validation_2025H1,0.00042865814745919205,1.12270948979522
a7ff24r_57e00327a34e91e3,L0_raw_forward_return,24,sign_flip,test_2025H2,-0.001134697763073483,1.2397763600722995
a7ff24r_57e00327a34e91e3,L0_raw_forward_return,24,sign_flip,recent_oos_2026JanApr,-0.0020051873112329386,1.2271133736792559
a7ff24r_57e00327a34e91e3,L0_raw_forward_return,24,same_family_placebo,validation_2025H1,-0.0005762221288588855,1.5091980780826335
a7ff24r_57e00327a34e91e3,L0_raw_forward_return,24,same_family_placebo,test_2025H2,0.0004913464270388496,0.5368475242242154
a7ff24r_57e00327a34e91e3,L0_raw_forward_return,24,same_family_placebo,recent_oos_2026JanApr,-6.891559155459475e-05,0.042174236580253516
a7ff24r_57e00327a34e91e3,L1_cross_sectional_relative_return,24,one_bar_lag,validation_2025H1,-0.0007292431639172684,1.909979374826067
a7ff24r_57e00327a34e91e3,L1_cross_sectional_relative_return,24,one_bar_lag,test_2025H2,-0.00021068134473684925,0.2301914740763204
a7ff24r_57e00327a34e91e3,L1_cross_sectional_relative_return,24,one_bar_lag,recent_oos_2026JanApr,-0.00024914373918604176,0.15246835675200043
a7ff24r_57e00327a34e91e3,L1_cross_sectional_relative_return,24,wrong_lag_future_24h,validation_2025H1,0.0024184686942562805,6.334273056299874
a7ff24r_57e00327a34e91e3,L1_cross_sectional_relative_return,24,wrong_lag_future_24h,test_2025H2,0.0003154187079076058,0.3446280325160694
a7ff24r_57e00327a34e91e3,L1_cross_sectional_relative_return,24,wrong_lag_future_24h,recent_oos_2026JanApr,0.025120201221223253,15.37279569614038
a7ff24r_57e00327a34e91e3,L1_cross_sectional_relative_return,24,wrong_lag_stale_168h,validation_2025H1,-0.0010740827328187886,2.8131574871690406
a7ff24r_57e00327a34e91e3,L1_cross_sectional_relative_return,24,wrong_lag_stale_168h,test_2025H2,-0.0010251481681862423,1.1200819335768961
a7ff24r_57e00327a34e91e3,L1_cross_sectional_relative_return,24,wrong_lag_stale_168h,recent_oos_2026JanApr,-0.001024821670822203,0.6271595530539218
a7ff24r_57e00327a34e91e3,L1_cross_sectional_relative_return,24,time_shuffle,validation_2025H1,-0.0004440516268662056,1.1630269444234824
a7ff24r_57e00327a34e91e3,L1_cross_sectional_relative_return,24,time_shuffle,test_2025H2,-9.809505787930104e-05,0.10717914298981975
a7ff24r_57e00327a34e91e3,L1_cross_sectional_relative_return,24,time_shuffle,recent_oos_2026JanApr,-0.0008674091720681256,0.5308279129506206
a7ff24r_57e00327a34e91e3,L1_cross_sectional_relative_return,24,symbol_shuffle,validation_2025H1,-0.0007413007796401742,1.9415597837758332
a7ff24r_57e00327a34e91e3,L1_cross_sectional_relative_return,24,symbol_shuffle,test_2025H2,0.002378331821479885,2.598577052528748
a7ff24r_57e00327a34e91e3,L1_cross_sectional_relative_return,24,symbol_shuffle,recent_oos_2026JanApr,0.0007777416568355783,0.47595413307476897
a7ff24r_57e00327a34e91e3,L1_cross_sectional_relative_return,24,sign_flip,validation_2025H1,0.0004286581474591919,1.1227094897952186
a7ff24r_57e00327a34e91e3,L1_cross_sectional_relative_return,24,sign_flip,test_2025H2,-0.0011346977630734827,1.2397763600722997
a7ff24r_57e00327a34e91e3,L1_cross_sectional_relative_return,24,sign_flip,recent_oos_2026JanApr,-0.0020051873112329386,1.2271133736792554
a7ff24r_57e00327a34e91e3,L1_cross_sectional_relative_return,24,same_family_placebo,validation_2025H1,-8.90615238423199e-06,0.023326330920355295
a7ff24r_57e00327a34e91e3,L1_cross_sectional_relative_return,24,same_family_placebo,test_2025H2,-7.04916763532292e-05,0.07701955249112578
a7ff24r_57e00327a34e91e3,L1_cross_sectional_relative_return,24,same_family_placebo,recent_oos_2026JanApr,-1.8404219604792567e-05,0.01126282012790343
a7ff24r_57e00327a34e91e3,L3_liquidity_tier_relative_return,24,one_bar_lag,validation_2025H1,-0.0006871720532028191,2.025492756515429
a7ff24r_57e00327a34e91e3,L3_liquidity_tier_relative_return,24,one_bar_lag,test_2025H2,-0.00020314377107404384,0.23517290927357995
a7ff24r_57e00327a34e91e3,L3_liquidity_tier_relative_return,24,one_bar_lag,recent_oos_2026JanApr,3.654110200919524e-05,0.019859072108363005
a7ff24r_57e00327a34e91e3,L3_liquidity_tier_relative_return,24,wrong_lag_future_24h,validation_2025H1,0.0024310241018211114,7.165631498258502
a7ff24r_57e00327a34e91e3,L3_liquidity_tier_relative_return,24,wrong_lag_future_24h,test_2025H2,0.0004385613131764582,0.5077081092334189
a7ff24r_57e00327a34e91e3,L3_liquidity_tier_relative_return,24,wrong_lag_future_24h,recent_oos_2026JanApr,0.024363391155971845,13.240825130258681
a7ff24r_57e00327a34e91e3,L3_liquidity_tier_relative_return,24,wrong_lag_stale_168h,validation_2025H1,-0.000980928076979195,2.891361348767694
a7ff24r_57e00327a34e91e3,L3_liquidity_tier_relative_return,24,wrong_lag_stale_168h,test_2025H2,-0.0010156078310800034,1.1757360171730737
a7ff24r_57e00327a34e91e3,L3_liquidity_tier_relative_return,24,wrong_lag_stale_168h,recent_oos_2026JanApr,-0.0008289211930598538,0.45049560193842847
a7ff24r_57e00327a34e91e3,L3_liquidity_tier_relative_return,24,time_shuffle,validation_2025H1,0.00016839918626906247,0.4963696215544512
a7ff24r_57e00327a34e91e3,L3_liquidity_tier_relative_return,24,time_shuffle,test_2025H2,-0.0006953306295439256,0.804961560929537
a7ff24r_57e00327a34e91e3,L3_liquidity_tier_relative_return,24,time_shuffle,recent_oos_2026JanApr,-0.00046289764894048586,0.25157199109067774
a7ff24r_57e00327a34e91e3,L3_liquidity_tier_relative_return,24,symbol_shuffle,validation_2025H1,4.804352423463089e-05,0.14161200223606404
a7ff24r_57e00327a34e91e3,L3_liquidity_tier_relative_return,24,symbol_shuffle,test_2025H2,-7.841828060873195e-05,0.09078228238790341
a7ff24r_57e00327a34e91e3,L3_liquidity_tier_relative_return,24,symbol_shuffle,recent_oos_2026JanApr,-0.0005177378958140418,0.2813761392203187
a7ff24r_57e00327a34e91e3,L3_liquidity_tier_relative_return,24,sign_flip,validation_2025H1,0.0004019224631089633,1.1846975352296023
a7ff24r_57e00327a34e91e3,L3_liquidity_tier_relative_return,24,sign_flip,test_2025H2,-0.001062662609963055,1.2302097979178388
a7ff24r_57e00327a34e91e3,L3_liquidity_tier_relative_return,24,sign_flip,recent_oos_2026JanApr,-0.002220771923350764,1.2069277426540894
a7ff24r_57e00327a34e91e3,L3_liquidity_tier_relative_return,24,same_family_placebo,validation_2025H1,0.0006320925209201231,1.8631415765585653
a7ff24r_57e00327a34e91e3,L3_liquidity_tier_relative_return,24,same_family_placebo,test_2025H2,0.00035599068193425975,0.4121187861293107
a7ff24r_57e00327a34e91e3,L3_liquidity_tier_relative_return,24,same_family_placebo,recent_oos_2026JanApr,-0.00031888852926043954,0.17330704190364304
a7ff24r_57e00327a34e91e3,L5_vol_adjusted_return,24,one_bar_lag,validation_2025H1,-0.09481867280766539,2.104772647172614
a7ff24r_57e00327a34e91e3,L5_vol_adjusted_return,24,one_bar_lag,test_2025H2,-0.004604915738416622,0.03669482135193853
a7ff24r_57e00327a34e91e3,L5_vol_adjusted_return,24,one_bar_lag,recent_oos_2026JanApr,0.10526760495398539,0.32673038295726925
a7ff24r_57e00327a34e91e3,L5_vol_adjusted_return,24,wrong_lag_future_24h,validation_2025H1,0.16755874883490157,3.719447455856563
a7ff24r_57e00327a34e91e3,L5_vol_adjusted_return,24,wrong_lag_future_24h,test_2025H2,0.02017699046075456,0.1607827596497425
a7ff24r_57e00327a34e91e3,L5_vol_adjusted_return,24,wrong_lag_future_24h,recent_oos_2026JanApr,2.3179755337743555,7.194549872838183
a7ff24r_57e00327a34e91e3,L5_vol_adjusted_return,24,wrong_lag_stale_168h,validation_2025H1,-0.1547615626438324,3.4353771703509426
a7ff24r_57e00327a34e91e3,L5_vol_adjusted_return,24,wrong_lag_stale_168h,test_2025H2,-0.0829682061203396,0.6611420652234371
a7ff24r_57e00327a34e91e3,L5_vol_adjusted_return,24,wrong_lag_stale_168h,recent_oos_2026JanApr,-0.17313625345801678,0.5373816039687809
a7ff24r_57e00327a34e91e3,L5_vol_adjusted_return,24,time_shuffle,validation_2025H1,0.012518815797930656,0.2778910554878248
a7ff24r_57e00327a34e91e3,L5_vol_adjusted_return,24,time_shuffle,test_2025H2,0.06779169643692597,0.5402062342085756
a7ff24r_57e00327a34e91e3,L5_vol_adjusted_return,24,time_shuffle,recent_oos_2026JanApr,0.0721170167828358,0.22383733838621617
a7ff24r_57e00327a34e91e3,L5_vol_adjusted_return,24,symbol_shuffle,validation_2025H1,-0.04851437956342407,1.0769159288568955
a7ff24r_57e00327a34e91e3,L5_vol_adjusted_return,24,symbol_shuffle,test_2025H2,0.014941006849841664,0.11905919854280447
a7ff24r_57e00327a34e91e3,L5_vol_adjusted_return,24,symbol_shuffle,recent_oos_2026JanApr,0.011575273667062902,0.03592742135368086
a7ff24r_57e00327a34e91e3,L5_vol_adjusted_return,24,sign_flip,validation_2025H1,0.05397756084908053,1.198186921121464
a7ff24r_57e00327a34e91e3,L5_vol_adjusted_return,24,sign_flip,test_2025H2,-0.12212691614797366,0.9731829255694451
a7ff24r_57e00327a34e91e3,L5_vol_adjusted_return,24,sign_flip,recent_oos_2026JanApr,-0.33787110364833806,1.0486868693694666
a7ff24r_57e00327a34e91e3,L5_vol_adjusted_return,24,same_family_placebo,validation_2025H1,-0.03760708817021978,0.8347972838751686
a7ff24r_57e00327a34e91e3,L5_vol_adjusted_return,24,same_family_placebo,test_2025H2,-0.04177721829637719,0.33290675639889467
a7ff24r_57e00327a34e91e3,L5_vol_adjusted_return,24,same_family_placebo,recent_oos_2026JanApr,-0.07720572584007003,0.23963171178109902
a7ff24r_57e00327a34e91e3,L7_ranked_future_return,24,one_bar_lag,validation_2025H1,-0.01137975933908046,636.5720930232604
a7ff24r_57e00327a34e91e3,L7_ranked_future_return,24,one_bar_lag,test_2025H2,-0.010066118561089825,1.1247955998216146
a7ff24r_57e00327a34e91e3,L7_ranked_future_return,24,one_bar_lag,recent_oos_2026JanApr,-0.0035573648361004687,0.27752083806311423
a7ff24r_57e00327a34e91e3,L7_ranked_future_return,24,wrong_lag_future_24h,validation_2025H1,0.011893774611536824,665.3255813953537
a7ff24r_57e00327a34e91e3,L7_ranked_future_return,24,wrong_lag_future_24h,test_2025H2,-0.020729316331417624,2.316309276051732
a7ff24r_57e00327a34e91e3,L7_ranked_future_return,24,wrong_lag_future_24h,recent_oos_2026JanApr,0.056565127447850146,4.412817435864171
a7ff24r_57e00327a34e91e3,L7_ranked_future_return,24,wrong_lag_stale_168h,validation_2025H1,-0.00875746660813112,489.88372093023617
a7ff24r_57e00327a34e91e3,L7_ranked_future_return,24,wrong_lag_stale_168h,test_2025H2,-0.0033980550234142194,0.37970120410286917
a7ff24r_57e00327a34e91e3,L7_ranked_future_return,24,wrong_lag_stale_168h,recent_oos_2026JanApr,-0.0031075391123882496,0.24242856679531663
a7ff24r_57e00327a34e91e3,L7_ranked_future_return,24,time_shuffle,validation_2025H1,-0.0026410998552822014,147.74042338370526
a7ff24r_57e00327a34e91e3,L7_ranked_future_return,24,time_shuffle,test_2025H2,0.0010981194631230651,0.12270468827714372
a7ff24r_57e00327a34e91e3,L7_ranked_future_return,24,time_shuffle,recent_oos_2026JanApr,-0.004342545557168198,0.33877517147598385
a7ff24r_57e00327a34e91e3,L7_ranked_future_return,24,symbol_shuffle,validation_2025H1,0.0022888729246487854,128.03720930232643
a7ff24r_57e00327a34e91e3,L7_ranked_future_return,24,symbol_shuffle,test_2025H2,-0.0035992709663686677,0.40218522372528626
a7ff24r_57e00327a34e91e3,L7_ranked_future_return,24,symbol_shuffle,recent_oos_2026JanApr,-0.011155012771392083,0.8702364349884864
a7ff24r_57e00327a34e91e3,L7_ranked_future_return,24,sign_flip,validation_2025H1,0.0015202612813963396,85.04186046511694
a7ff24r_57e00327a34e91e3,L7_ranked_future_return,24,sign_flip,test_2025H2,-0.010630770407620265,1.187890218522373
a7ff24r_57e00327a34e91e3,L7_ranked_future_return,24,sign_flip,recent_oos_2026JanApr,-0.013347351931673053,1.041267473161872
a7ff24r_57e00327a34e91e3,L7_ranked_future_return,24,same_family_placebo,validation_2025H1,0.002343833147083867,131.11162790697776
a7ff24r_57e00327a34e91e3,L7_ranked_future_return,24,same_family_placebo,test_2025H2,-0.0025816338069391234,0.2884736881224916
a7ff24r_57e00327a34e91e3,L7_ranked_future_return,24,same_family_placebo,recent_oos_2026JanApr,0.007004393491911452,0.5464340155028703
a7ff24r_8a9039b769e90dec,L0_raw_forward_return,1,one_bar_lag,validation_2025H1,0.0001192230427753028,1.0489243048238073
a7ff24r_8a9039b769e90dec,L0_raw_forward_return,1,one_bar_lag,test_2025H2,0.0001886107202673957,75.5434922453604
a7ff24r_8a9039b769e90dec,L0_raw_forward_return,1,one_bar_lag,recent_oos_2026JanApr,-0.00026349631487328115,0.5958514202288259
a7ff24r_8a9039b769e90dec,L0_raw_forward_return,1,wrong_lag_future_24h,validation_2025H1,-3.025136135710782e-05,0.2661514707461509
a7ff24r_8a9039b769e90dec,L0_raw_forward_return,1,wrong_lag_future_24h,test_2025H2,-5.4181179540058874e-05,21.700969651280538
a7ff24r_8a9039b769e90dec,L0_raw_forward_return,1,wrong_lag_future_24h,recent_oos_2026JanApr,-0.0009153604098543537,2.069929518730673
a7ff24r_8a9039b769e90dec,L0_raw_forward_return,1,wrong_lag_stale_168h,validation_2025H1,-3.0317310766409464e-05,0.2667316936350739
a7ff24r_8a9039b769e90dec,L0_raw_forward_return,1,wrong_lag_stale_168h,test_2025H2,8.886833953805624e-05,35.59407815861953
a7ff24r_8a9039b769e90dec,L0_raw_forward_return,1,wrong_lag_stale_168h,recent_oos_2026JanApr,-0.00018147162513685856,0.4103667469544364
a7ff24r_8a9039b769e90dec,L0_raw_forward_return,1,time_shuffle,validation_2025H1,0.00012074504293603504,1.062314861912227
a7ff24r_8a9039b769e90dec,L0_raw_forward_return,1,time_shuffle,test_2025H2,-2.161164896248645e-05,8.656026727921203
a7ff24r_8a9039b769e90dec,L0_raw_forward_return,1,time_shuffle,recent_oos_2026JanApr,0.00032312219621057536,0.730685055736435
a7ff24r_8a9039b769e90dec,L0_raw_forward_return,1,symbol_shuffle,validation_2025H1,3.677735993803432e-05,0.32356720486460183
a7ff24r_8a9039b769e90dec,L0_raw_forward_return,1,symbol_shuffle,test_2025H2,-0.00011950783656305205,47.86599251549202
a7ff24r_8a9039b769e90dec,L0_raw_forward_return,1,symbol_shuffle,recent_oos_2026JanApr,0.0002621551243668247,0.5928185494713968
a7ff24r_8a9039b769e90dec,L0_raw_forward_return,1,sign_flip,validation_2025H1,-0.00010281645481495958,0.9045791474596591
a7ff24r_8a9039b769e90dec,L0_raw_forward_return,1,sign_flip,test_2025H2,-1.5283294925730255e-06,0.6121356570128331
a7ff24r_8a9039b769e90dec,L0_raw_forward_return,1,sign_flip,recent_oos_2026JanApr,0.00040768695727522305,0.9219136617452663
a7ff24r_8a9039b769e90dec,L0_raw_forward_return,1,same_family_placebo,validation_2025H1,5.866469941909535e-05,0.5161320129351641
a7ff24r_8a9039b769e90dec,L0_raw_forward_return,1,same_family_placebo,test_2025H2,9.989743014595365e-06,4.001151540518681
a7ff24r_8a9039b769e90dec,L0_raw_forward_return,1,same_family_placebo,recent_oos_2026JanApr,-3.6758289205894255e-05,0.08312252427153374
a7ff24r_8a9039b769e90dec,L1_cross_sectional_relative_return,1,one_bar_lag,validation_2025H1,0.00011922304277530273,1.048924304823807
a7ff24r_8a9039b769e90dec,L1_cross_sectional_relative_return,1,one_bar_lag,test_2025H2,0.00018861072026739577,75.54349224535954
a7ff24r_8a9039b769e90dec,L1_cross_sectional_relative_return,1,one_bar_lag,recent_oos_2026JanApr,-0.0002634963148732812,0.5958514202288261
a7ff24r_8a9039b769e90dec,L1_cross_sectional_relative_return,1,wrong_lag_future_24h,validation_2025H1,-3.025136135710778e-05,0.2661514707461507
a7ff24r_8a9039b769e90dec,L1_cross_sectional_relative_return,1,wrong_lag_future_24h,test_2025H2,-5.4181179540058895e-05,21.700969651280293
a7ff24r_8a9039b769e90dec,L1_cross_sectional_relative_return,1,wrong_lag_future_24h,recent_oos_2026JanApr,-0.0009153604098543537,2.0699295187306737
a7ff24r_8a9039b769e90dec,L1_cross_sectional_relative_return,1,wrong_lag_stale_168h,validation_2025H1,-3.0317310766409454e-05,0.26673169363507393
a7ff24r_8a9039b769e90dec,L1_cross_sectional_relative_return,1,wrong_lag_stale_168h,test_2025H2,8.886833953805624e-05,35.59407815861911
a7ff24r_8a9039b769e90dec,L1_cross_sectional_relative_return,1,wrong_lag_stale_168h,recent_oos_2026JanApr,-0.0001814716251368586,0.41036674695443653
a7ff24r_8a9039b769e90dec,L1_cross_sectional_relative_return,1,time_shuffle,validation_2025H1,0.00010256538663122796,0.9023702496329163
a7ff24r_8a9039b769e90dec,L1_cross_sectional_relative_return,1,time_shuffle,test_2025H2,-8.274468256018104e-05,33.14139448949617
a7ff24r_8a9039b769e90dec,L1_cross_sectional_relative_return,1,time_shuffle,recent_oos_2026JanApr,6.968443748318852e-05,0.1575793234989756
a7ff24r_8a9039b769e90dec,L1_cross_sectional_relative_return,1,symbol_shuffle,validation_2025H1,-1.1757582726294069e-05,0.10344321030985441
a7ff24r_8a9039b769e90dec,L1_cross_sectional_relative_return,1,symbol_shuffle,test_2025H2,2.08407445450158e-05,8.347259486056245
a7ff24r_8a9039b769e90dec,L1_cross_sectional_relative_return,1,symbol_shuffle,recent_oos_2026JanApr,0.00016867498390836877,0.3814293523126127
a7ff24r_8a9039b769e90dec,L1_cross_sectional_relative_return,1,sign_flip,validation_2025H1,-0.00010281645481495958,0.9045791474596594
a7ff24r_8a9039b769e90dec,L1_cross_sectional_relative_return,1,sign_flip,test_2025H2,-1.528329492573064e-06,0.6121356570128414
a7ff24r_8a9039b769e90dec,L1_cross_sectional_relative_return,1,sign_flip,recent_oos_2026JanApr,0.00040768695727522305,0.9219136617452665
a7ff24r_8a9039b769e90dec,L1_cross_sectional_relative_return,1,same_family_placebo,validation_2025H1,2.6727736102647556e-05,0.23515061651145291
a7ff24r_8a9039b769e90dec,L1_cross_sectional_relative_return,1,same_family_placebo,test_2025H2,5.759784232691082e-05,23.06943183825268
a7ff24r_8a9039b769e90dec,L1_cross_sectional_relative_return,1,same_family_placebo,recent_oos_2026JanApr,-6.740323271334616e-05,0.1524207727898432
a7ff24r_8a9039b769e90dec,L3_liquidity_tier_relative_return,1,one_bar_lag,validation_2025H1,-0.0001272166320200427,1.0353831657353052
a7ff24r_8a9039b769e90dec,L3_liquidity_tier_relative_return,1,one_bar_lag,test_2025H2,-0.00011060691734567827,2.254309812192075
a7ff24r_8a9039b769e90dec,L3_liquidity_tier_relative_return,1,one_bar_lag,recent_oos_2026JanApr,0.00020659359200851795,0.4973292663207998
a7ff24r_8a9039b769e90dec,L3_liquidity_tier_relative_return,1,wrong_lag_future_24h,validation_2025H1,6.980240166055229e-05,0.5681036391204227
a7ff24r_8a9039b769e90dec,L3_liquidity_tier_relative_return,1,wrong_lag_future_24h,test_2025H2,0.00011846070609549014,2.414380027206312
a7ff24r_8a9039b769e90dec,L3_liquidity_tier_relative_return,1,wrong_lag_future_24h,recent_oos_2026JanApr,0.0008722636861102192,2.099785645982601
a7ff24r_8a9039b769e90dec,L3_liquidity_tier_relative_return,1,wrong_lag_stale_168h,validation_2025H1,7.61108151379305e-05,0.6194461798972142
a7ff24r_8a9039b769e90dec,L3_liquidity_tier_relative_return,1,wrong_lag_stale_168h,test_2025H2,-2.750312324252855e-05,0.5605486716331722
a7ff24r_8a9039b769e90dec,L3_liquidity_tier_relative_return,1,wrong_lag_stale_168h,recent_oos_2026JanApr,0.00014329220680192543,0.3449449103694933
a7ff24r_8a9039b769e90dec,L3_liquidity_tier_relative_return,1,time_shuffle,validation_2025H1,1.0180595794904204e-05,0.08285722814559944
a7ff24r_8a9039b769e90dec,L3_liquidity_tier_relative_return,1,time_shuffle,test_2025H2,0.00017080928572151788,3.481310735856818
a7ff24r_8a9039b769e90dec,L3_liquidity_tier_relative_return,1,time_shuffle,recent_oos_2026JanApr,0.00015301756628010427,0.36835660405740456
a7ff24r_8a9039b769e90dec,L3_liquidity_tier_relative_return,1,symbol_shuffle,validation_2025H1,2.835387028942026e-05,0.23076479478314604
a7ff24r_8a9039b769e90dec,L3_liquidity_tier_relative_return,1,symbol_shuffle,test_2025H2,0.00011251357939655406,2.293170012557215
a7ff24r_8a9039b769e90dec,L3_liquidity_tier_relative_return,1,symbol_shuffle,recent_oos_2026JanApr,0.00011884067200155005,0.2860831434363408
a7ff24r_8a9039b769e90dec,L3_liquidity_tier_relative_return,1,sign_flip,validation_2025H1,0.00010827064079849434,0.8811866581130193
a7ff24r_8a9039b769e90dec,L3_liquidity_tier_relative_return,1,sign_flip,test_2025H2,-5.020902611509468e-05,1.023323883786809
a7ff24r_8a9039b769e90dec,L3_liquidity_tier_relative_return,1,sign_flip,recent_oos_2026JanApr,-0.00038256821691629744,0.9209500100506225
a7ff24r_8a9039b769e90dec,L3_liquidity_tier_relative_return,1,same_family_placebo,validation_2025H1,0.0002196136611985017,1.787378616772385
a7ff24r_8a9039b769e90dec,L3_liquidity_tier_relative_return,1,same_family_placebo,test_2025H2,2.487878023628769e-05,0.5070612195686962
a7ff24r_8a9039b769e90dec,L3_liquidity_tier_relative_return,1,same_family_placebo,recent_oos_2026JanApr,4.7235060542951163e-05,0.11370816382085996
a7ff24r_8a9039b769e90dec,L5_vol_adjusted_return,1,one_bar_lag,validation_2025H1,0.018402469713287545,1.2563774859151815
a7ff24r_8a9039b769e90dec,L5_vol_adjusted_return,1,one_bar_lag,test_2025H2,0.02057270722704056,10.246013729575534
a7ff24r_8a9039b769e90dec,L5_vol_adjusted_return,1,one_bar_lag,recent_oos_2026JanApr,-0.013723214216942416,0.4219083094759875
a7ff24r_8a9039b769e90dec,L5_vol_adjusted_return,1,wrong_lag_future_24h,validation_2025H1,-0.003594148797368771,0.24538052231015195
a7ff24r_8a9039b769e90dec,L5_vol_adjusted_return,1,wrong_lag_future_24h,test_2025H2,-0.008371826611261244,4.169497453784934
a7ff24r_8a9039b769e90dec,L5_vol_adjusted_return,1,wrong_lag_future_24h,recent_oos_2026JanApr,-0.07578051179969493,2.3298060584933427
a7ff24r_8a9039b769e90dec,L5_vol_adjusted_return,1,wrong_lag_stale_168h,validation_2025H1,0.0036256119107229974,0.2475285789498814
a7ff24r_8a9039b769e90dec,L5_vol_adjusted_return,1,wrong_lag_stale_168h,test_2025H2,0.004689123022425304,2.335366869183301
a7ff24r_8a9039b769e90dec,L5_vol_adjusted_return,1,wrong_lag_stale_168h,recent_oos_2026JanApr,-0.0024621265525295887,0.07569594375428663
a7ff24r_8a9039b769e90dec,L5_vol_adjusted_return,1,time_shuffle,validation_2025H1,-0.0028906559395769165,0.19735150219479053
a7ff24r_8a9039b769e90dec,L5_vol_adjusted_return,1,time_shuffle,test_2025H2,0.0032549650226187756,1.621100030393893
a7ff24r_8a9039b769e90dec,L5_vol_adjusted_return,1,time_shuffle,recent_oos_2026JanApr,-0.00107757354765981,0.033129063398857864
a7ff24r_8a9039b769e90dec,L5_vol_adjusted_return,1,symbol_shuffle,validation_2025H1,-0.003178293753430618,0.21698917469495044
a7ff24r_8a9039b769e90dec,L5_vol_adjusted_return,1,symbol_shuffle,test_2025H2,0.009780448252893512,4.871046186319813
a7ff24r_8a9039b769e90dec,L5_vol_adjusted_return,1,symbol_shuffle,recent_oos_2026JanApr,-0.025144572427256345,0.7730480540180558
a7ff24r_8a9039b769e90dec,L5_vol_adjusted_return,1,sign_flip,validation_2025H1,-0.013744832903528553,0.9383902746048572
a7ff24r_8a9039b769e90dec,L5_vol_adjusted_return,1,sign_flip,test_2025H2,0.002382775570525869,1.1867155324125633
a7ff24r_8a9039b769e90dec,L5_vol_adjusted_return,1,sign_flip,recent_oos_2026JanApr,0.02997098540210102,0.9214319316475187
a7ff24r_8a9039b769e90dec,L5_vol_adjusted_return,1,same_family_placebo,validation_2025H1,-0.0046189435812884596,0.3153455386508851
a7ff24r_8a9039b769e90dec,L5_vol_adjusted_return,1,same_family_placebo,test_2025H2,0.009461393429828255,4.712144391746217
a7ff24r_8a9039b769e90dec,L5_vol_adjusted_return,1,same_family_placebo,recent_oos_2026JanApr,0.009872064067338855,0.3035080408893871
a7ff24r_8a9039b769e90dec,L7_ranked_future_return,1,one_bar_lag,validation_2025H1,-0.004448533199402461,1.9761870709382139
a7ff24r_8a9039b769e90dec,L7_ranked_future_return,1,one_bar_lag,test_2025H2,-0.01659551589141297,2.5292623986457476
a7ff24r_8a9039b769e90dec,L7_ranked_future_return,1,one_bar_lag,recent_oos_2026JanApr,-0.017165607453768092,1.6436691251840034
a7ff24r_8a9039b769e90dec,L7_ranked_future_return,1,wrong_lag_future_24h,validation_2025H1,-0.004792455442229433,2.128968821510296
a7ff24r_8a9039b769e90dec,L7_ranked_future_return,1,wrong_lag_future_24h,test_2025H2,-0.007093265466440016,1.0810588682670725
a7ff24r_8a9039b769e90dec,L7_ranked_future_return,1,wrong_lag_future_24h,recent_oos_2026JanApr,-0.0019593024004533033,0.18761030573474208
a7ff24r_8a9039b769e90dec,L7_ranked_future_return,1,wrong_lag_stale_168h,validation_2025H1,-0.002460577319322103,1.0930706521739122
a7ff24r_8a9039b769e90dec,L7_ranked_future_return,1,wrong_lag_stale_168h,test_2025H2,-0.013443794107041671,2.0489199102071853
a7ff24r_8a9039b769e90dec,L7_ranked_future_return,1,wrong_lag_stale_168h,recent_oos_2026JanApr,-0.012268679493123161,1.1747705255369816
a7ff24r_8a9039b769e90dec,L7_ranked_future_return,1,time_shuffle,validation_2025H1,-0.004853887403791519,2.1562589512541126
a7ff24r_8a9039b769e90dec,L7_ranked_future_return,1,time_shuffle,test_2025H2,-0.004774305555555556,0.7276345972203482
a7ff24r_8a9039b769e90dec,L7_ranked_future_return,1,time_shuffle,recent_oos_2026JanApr,-0.002223760358784767,0.2129331136918357
a7ff24r_8a9039b769e90dec,L7_ranked_future_return,1,symbol_shuffle,validation_2025H1,0.00018383299850615852,0.0816647597254017
a7ff24r_8a9039b769e90dec,L7_ranked_future_return,1,symbol_shuffle,test_2025H2,-0.007546730927728842,1.1501698948737136
a7ff24r_8a9039b769e90dec,L7_ranked_future_return,1,symbol_shuffle,recent_oos_2026JanApr,0.003840049193839181,0.367698627392045
a7ff24r_8a9039b769e90dec,L7_ranked_future_return,1,sign_flip,validation_2025H1,0.0009058041003451302,0.40238844393592693
a7ff24r_8a9039b769e90dec,L7_ranked_future_return,1,sign_flip,test_2025H2,0.007272671663318394,1.1084015161737464
a7ff24r_8a9039b769e90dec,L7_ranked_future_return,1,sign_flip,recent_oos_2026JanApr,0.01202174444959563,1.1511256001788013
a7ff24r_8a9039b769e90dec,L7_ranked_future_return,1,same_family_placebo,validation_2025H1,0.0012440117447071548,0.5526315789473681
a7ff24r_8a9039b769e90dec,L7_ranked_future_return,1,same_family_placebo,test_2025H2,0.0014849907278627731,0.2263220519866048
a7ff24r_8a9039b769e90dec,L7_ranked_future_return,1,same_family_placebo,recent_oos_2026JanApr,0.0009025846082522021,0.08642574738156343
a7ff24r_8a9039b769e90dec,L0_raw_forward_return,4,one_bar_lag,validation_2025H1,-8.864046841087853e-05,0.31029235892316326
a7ff24r_8a9039b769e90dec,L0_raw_forward_return,4,one_bar_lag,test_2025H2,-0.0007044567959686781,1.3100999097218424
a7ff24r_8a9039b769e90dec,L0_raw_forward_return,4,one_bar_lag,recent_oos_2026JanApr,0.0006769679307475315,0.6995463283858604
a7ff24r_8a9039b769e90dec,L0_raw_forward_return,4,wrong_lag_future_24h,validation_2025H1,0.0003342697302665991,1.170135322844291
a7ff24r_8a9039b769e90dec,L0_raw_forward_return,4,wrong_lag_future_24h,test_2025H2,0.0001711185592333405,0.31823443295066006
a7ff24r_8a9039b769e90dec,L0_raw_forward_return,4,wrong_lag_future_24h,recent_oos_2026JanApr,0.0034795401693492574,3.5955906319691846
a7ff24r_8a9039b769e90dec,L0_raw_forward_return,4,wrong_lag_stale_168h,validation_2025H1,-8.72723881295058e-05,0.30550329513194224
a7ff24r_8a9039b769e90dec,L0_raw_forward_return,4,wrong_lag_stale_168h,test_2025H2,-0.0005244366051892911,0.9753108395647707
a7ff24r_8a9039b769e90dec,L0_raw_forward_return,4,wrong_lag_stale_168h,recent_oos_2026JanApr,0.0006521928974015815,0.6739449921546763
a7ff24r_8a9039b769e90dec,L0_raw_forward_return,4,time_shuffle,validation_2025H1,5.237990044902969e-05,0.1833596230014416
a7ff24r_8a9039b769e90dec,L0_raw_forward_return,4,time_shuffle,test_2025H2,-1.610537045003517e-05,0.02995165139064972
a7ff24r_8a9039b769e90dec,L0_raw_forward_return,4,time_shuffle,recent_oos_2026JanApr,-2.655034251259593e-05,0.027435855937170222
a7ff24r_8a9039b769e90dec,L0_raw_forward_return,4,symbol_shuffle,validation_2025H1,1.639152564965058e-06,0.005737971889547695
a7ff24r_8a9039b769e90dec,L0_raw_forward_return,4,symbol_shuffle,test_2025H2,0.00012725642812827075,0.23666268244757535
a7ff24r_8a9039b769e90dec,L0_raw_forward_return,4,symbol_shuffle,recent_oos_2026JanApr,-0.00025606867963542896,0.2646091439749233
a7ff24r_8a9039b769e90dec,L0_raw_forward_return,4,sign_flip,validation_2025H1,0.000280847328881256,0.9831263500536669
a7ff24r_8a9039b769e90dec,L0_raw_forward_return,4,sign_flip,test_2025H2,0.0005289721935988412,0.9837458124401708
a7ff24r_8a9039b769e90dec,L0_raw_forward_return,4,sign_flip,recent_oos_2026JanApr,-0.0010535490155697991,1.088687236340077
a7ff24r_8a9039b769e90dec,L0_raw_forward_return,4,same_family_placebo,validation_2025H1,-0.0004654800304635661,1.6294464511927131
a7ff24r_8a9039b769e90dec,L0_raw_forward_return,4,same_family_placebo,test_2025H2,0.00034635095908247353,0.6441195014693238
a7ff24r_8a9039b769e90dec,L0_raw_forward_return,4,same_family_placebo,recent_oos_2026JanApr,-6.21078550709415e-05,0.06417929122701901
a7ff24r_8a9039b769e90dec,L1_cross_sectional_relative_return,4,one_bar_lag,validation_2025H1,-8.864046841087853e-05,0.3102923589231631
a7ff24r_8a9039b769e90dec,L1_cross_sectional_relative_return,4,one_bar_lag,test_2025H2,-0.0007044567959686781,1.3100999097218422
a7ff24r_8a9039b769e90dec,L1_cross_sectional_relative_return,4,one_bar_lag,recent_oos_2026JanApr,0.0006769679307475316,0.6995463283858603
a7ff24r_8a9039b769e90dec,L1_cross_sectional_relative_return,4,wrong_lag_future_24h,validation_2025H1,0.00033426973026659914,1.1701353228442906
a7ff24r_8a9039b769e90dec,L1_cross_sectional_relative_return,4,wrong_lag_future_24h,test_2025H2,0.0001711185592333405,0.31823443295066
a7ff24r_8a9039b769e90dec,L1_cross_sectional_relative_return,4,wrong_lag_future_24h,recent_oos_2026JanApr,0.0034795401693492574,3.5955906319691833
a7ff24r_8a9039b769e90dec,L1_cross_sectional_relative_return,4,wrong_lag_stale_168h,validation_2025H1,-8.72723881295057e-05,0.3055032951319417
a7ff24r_8a9039b769e90dec,L1_cross_sectional_relative_return,4,wrong_lag_stale_168h,test_2025H2,-0.0005244366051892911,0.9753108395647706
a7ff24r_8a9039b769e90dec,L1_cross_sectional_relative_return,4,wrong_lag_stale_168h,recent_oos_2026JanApr,0.0006521928974015814,0.6739449921546758
a7ff24r_8a9039b769e90dec,L1_cross_sectional_relative_return,4,time_shuffle,validation_2025H1,-3.0833430215064936e-05,0.10793464843594013
a7ff24r_8a9039b769e90dec,L1_cross_sectional_relative_return,4,time_shuffle,test_2025H2,-0.00016056964657457914,0.29861629653549043
a7ff24r_8a9039b769e90dec,L1_cross_sectional_relative_return,4,time_shuffle,recent_oos_2026JanApr,-3.810048021486412e-05,0.03937121661673852
a7ff24r_8a9039b769e90dec,L1_cross_sectional_relative_return,4,symbol_shuffle,validation_2025H1,-0.0001899530720119579,0.6649444419233039
a7ff24r_8a9039b769e90dec,L1_cross_sectional_relative_return,4,symbol_shuffle,test_2025H2,-0.0003524756070361358,0.6555096971166489
a7ff24r_8a9039b769e90dec,L1_cross_sectional_relative_return,4,symbol_shuffle,recent_oos_2026JanApr,9.564222100170517e-05,0.09883210341519685
a7ff24r_8a9039b769e90dec,L1_cross_sectional_relative_return,4,sign_flip,validation_2025H1,0.0002808473288812561,0.9831263500536664
a7ff24r_8a9039b769e90dec,L1_cross_sectional_relative_return,4,sign_flip,test_2025H2,0.0005289721935988411,0.9837458124401703
a7ff24r_8a9039b769e90dec,L1_cross_sectional_relative_return,4,sign_flip,recent_oos_2026JanApr,-0.0010535490155697991,1.0886872363400766
a7ff24r_8a9039b769e90dec,L1_cross_sectional_relative_return,4,same_family_placebo,validation_2025H1,-4.723183820053038e-05,0.16533845944479575
a7ff24r_8a9039b769e90dec,L1_cross_sectional_relative_return,4,same_family_placebo,test_2025H2,-2.9050530620196564e-06,0.005402616279761652
a7ff24r_8a9039b769e90dec,L1_cross_sectional_relative_return,4,same_family_placebo,recent_oos_2026JanApr,-7.898472602674608e-05,0.08161904365183223
a7ff24r_8a9039b769e90dec,L3_liquidity_tier_relative_return,4,one_bar_lag,validation_2025H1,-0.00011370220146662236,0.36762521112933394
a7ff24r_8a9039b769e90dec,L3_liquidity_tier_relative_return,4,one_bar_lag,test_2025H2,-0.00047630010154259923,1.5385803879729716
a7ff24r_8a9039b769e90dec,L3_liquidity_tier_relative_return,4,one_bar_lag,recent_oos_2026JanApr,0.0005053056803172471,0.6634470438742153
a7ff24r_8a9039b769e90dec,L3_liquidity_tier_relative_return,4,wrong_lag_future_24h,validation_2025H1,0.0004905111852749063,1.5859347991685284
a7ff24r_8a9039b769e90dec,L3_liquidity_tier_relative_return,4,wrong_lag_future_24h,test_2025H2,0.0004499385942720092,1.4534254657871968
a7ff24r_8a9039b769e90dec,L3_liquidity_tier_relative_return,4,wrong_lag_future_24h,recent_oos_2026JanApr,0.0031899299926891893,4.18825615118086
a7ff24r_8a9039b769e90dec,L3_liquidity_tier_relative_return,4,wrong_lag_stale_168h,validation_2025H1,8.108202303893376e-05,0.26215671687967906
a7ff24r_8a9039b769e90dec,L3_liquidity_tier_relative_return,4,wrong_lag_stale_168h,test_2025H2,-0.00018599635266109112,0.6008193983415827
a7ff24r_8a9039b769e90dec,L3_liquidity_tier_relative_return,4,wrong_lag_stale_168h,recent_oos_2026JanApr,0.00044184061182032827,0.5801198347735376
a7ff24r_8a9039b769e90dec,L3_liquidity_tier_relative_return,4,time_shuffle,validation_2025H1,0.00020643761289334994,0.667459996781432
a7ff24r_8a9039b769e90dec,L3_liquidity_tier_relative_return,4,time_shuffle,test_2025H2,0.0002999597232062925,0.9689524436637688
a7ff24r_8a9039b769e90dec,L3_liquidity_tier_relative_return,4,time_shuffle,recent_oos_2026JanApr,0.0004347376503851061,0.5707939179067569
a7ff24r_8a9039b769e90dec,L3_liquidity_tier_relative_return,4,symbol_shuffle,validation_2025H1,0.00044461516380183493,1.4375424693244374
a7ff24r_8a9039b769e90dec,L3_liquidity_tier_relative_return,4,symbol_shuffle,test_2025H2,-0.0003194974563918364,1.0320646979071955
a7ff24r_8a9039b769e90dec,L3_liquidity_tier_relative_return,4,symbol_shuffle,recent_oos_2026JanApr,9.774378858786485e-05,0.12833385833892
a7ff24r_8a9039b769e90dec,L3_liquidity_tier_relative_return,4,sign_flip,validation_2025H1,0.00029816754699996844,0.9640438443925513
a7ff24r_8a9039b769e90dec,L3_liquidity_tier_relative_return,4,sign_flip,test_2025H2,0.00029914477014774586,0.9663199210400332
a7ff24r_8a9039b769e90dec,L3_liquidity_tier_relative_return,4,sign_flip,recent_oos_2026JanApr,-0.000848554903976364,1.114120154466967
a7ff24r_8a9039b769e90dec,L3_liquidity_tier_relative_return,4,same_family_placebo,validation_2025H1,-9.263867540238762e-06,0.029952201597030575
a7ff24r_8a9039b769e90dec,L3_liquidity_tier_relative_return,4,same_family_placebo,test_2025H2,5.814056282450931e-05,0.18781001603355718
a7ff24r_8a9039b769e90dec,L3_liquidity_tier_relative_return,4,same_family_placebo,recent_oos_2026JanApr,-0.0001130692933794135,0.14845566034092694
a7ff24r_8a9039b769e90dec,L5_vol_adjusted_return,4,one_bar_lag,validation_2025H1,-0.03856388267811048,0.7378307594856833
a7ff24r_8a9039b769e90dec,L5_vol_adjusted_return,4,one_bar_lag,test_2025H2,-0.0836010685494499,1.4051293589660623
a7ff24r_8a9039b769e90dec,L5_vol_adjusted_return,4,one_bar_lag,recent_oos_2026JanApr,0.05523914035751618,0.7739750493604912
a7ff24r_8a9039b769e90dec,L5_vol_adjusted_return,4,wrong_lag_future_24h,validation_2025H1,0.019179317523522938,0.3669519102346613
a7ff24r_8a9039b769e90dec,L5_vol_adjusted_return,4,wrong_lag_future_24h,test_2025H2,0.028452328988377677,0.47821401671299213
a7ff24r_8a9039b769e90dec,L5_vol_adjusted_return,4,wrong_lag_future_24h,recent_oos_2026JanApr,0.27910266314501986,3.9106057061389166
a7ff24r_8a9039b769e90dec,L5_vol_adjusted_return,4,wrong_lag_stale_168h,validation_2025H1,-0.023541379586988206,0.45040988546175426
a7ff24r_8a9039b769e90dec,L5_vol_adjusted_return,4,wrong_lag_stale_168h,test_2025H2,-0.04754032952798056,0.799036590246145
a7ff24r_8a9039b769e90dec,L5_vol_adjusted_return,4,wrong_lag_stale_168h,recent_oos_2026JanApr,0.05253647984538549,0.736107121117173
a7ff24r_8a9039b769e90dec,L5_vol_adjusted_return,4,time_shuffle,validation_2025H1,0.00040792967470991507,0.007804791447485851
a7ff24r_8a9039b769e90dec,L5_vol_adjusted_return,4,time_shuffle,test_2025H2,-0.017081606239098757,0.2870999957453709
a7ff24r_8a9039b769e90dec,L5_vol_adjusted_return,4,time_shuffle,recent_oos_2026JanApr,-0.02655017413294267,0.3720038400684107
a7ff24r_8a9039b769e90dec,L5_vol_adjusted_return,4,symbol_shuffle,validation_2025H1,-0.009120160648912875,0.174493193913755
a7ff24r_8a9039b769e90dec,L5_vol_adjusted_return,4,symbol_shuffle,test_2025H2,0.014081631955177728,0.23667777010136187
a7ff24r_8a9039b769e90dec,L5_vol_adjusted_return,4,symbol_shuffle,recent_oos_2026JanApr,-0.04928042752637575,0.6904854253772428
a7ff24r_8a9039b769e90dec,L5_vol_adjusted_return,4,sign_flip,validation_2025H1,0.05099540601620043,0.9756792246588568
a7ff24r_8a9039b769e90dec,L5_vol_adjusted_return,4,sign_flip,test_2025H2,0.04997279258953919,0.8399203411562761
a7ff24r_8a9039b769e90dec,L5_vol_adjusted_return,4,sign_flip,recent_oos_2026JanApr,-0.08223083528669703,1.1521651927973182
a7ff24r_8a9039b769e90dec,L5_vol_adjusted_return,4,same_family_placebo,validation_2025H1,-0.028533106158333665,0.5459150356568939
a7ff24r_8a9039b769e90dec,L5_vol_adjusted_return,4,same_family_placebo,test_2025H2,0.00465299917215879,0.07820552843984098
a7ff24r_8a9039b769e90dec,L5_vol_adjusted_return,4,same_family_placebo,recent_oos_2026JanApr,0.04968480043732322,0.6961512366423167
a7ff24r_8a9039b769e90dec,L7_ranked_future_return,4,one_bar_lag,validation_2025H1,-0.004417707686737016,0.9230899142065802
a7ff24r_8a9039b769e90dec,L7_ranked_future_return,4,one_bar_lag,test_2025H2,-0.03411264354438237,1.1635019352277614
a7ff24r_8a9039b769e90dec,L7_ranked_future_return,4,one_bar_lag,recent_oos_2026JanApr,-0.02869594454789986,1.026343708354653
a7ff24r_8a9039b769e90dec,L7_ranked_future_return,4,wrong_lag_future_24h,validation_2025H1,-0.003713887595696253,0.7760251300412079
a7ff24r_8a9039b769e90dec,L7_ranked_future_return,4,wrong_lag_future_24h,test_2025H2,-0.01106455617628802,0.3773859538853419
a7ff24r_8a9039b769e90dec,L7_ranked_future_return,4,wrong_lag_future_24h,recent_oos_2026JanApr,0.0012750879370991106,0.04560499758619594
a7ff24r_8a9039b769e90dec,L7_ranked_future_return,4,wrong_lag_stale_168h,validation_2025H1,-0.0063142555090006216,1.3193778288184836
a7ff24r_8a9039b769e90dec,L7_ranked_future_return,4,wrong_lag_stale_168h,test_2025H2,-0.02144420520380716,0.731411337898486
a7ff24r_8a9039b769e90dec,L7_ranked_future_return,4,wrong_lag_stale_168h,recent_oos_2026JanApr,-0.017002088506103866,0.6080993966935219
a7ff24r_8a9039b769e90dec,L7_ranked_future_return,4,time_shuffle,validation_2025H1,-0.00010903230395199694,0.02278254407890299
a7ff24r_8a9039b769e90dec,L7_ranked_future_return,4,time_shuffle,test_2025H2,-0.01640171114742193,0.5594237408262895
a7ff24r_8a9039b769e90dec,L7_ranked_future_return,4,time_shuffle,recent_oos_2026JanApr,-0.0067768600495753855,0.2423822524005656
a7ff24r_8a9039b769e90dec,L7_ranked_future_return,4,symbol_shuffle,validation_2025H1,-0.0036421154045106568,0.7610281699655481
a7ff24r_8a9039b769e90dec,L7_ranked_future_return,4,symbol_shuffle,test_2025H2,0.0028734740326919078,0.09800743215675889
a7ff24r_8a9039b769e90dec,L7_ranked_future_return,4,symbol_shuffle,recent_oos_2026JanApr,0.006552122129112353,0.23434424025878292
a7ff24r_8a9039b769e90dec,L7_ranked_future_return,4,sign_flip,validation_2025H1,0.004866607179805502,1.0168884685536719
a7ff24r_8a9039b769e90dec,L7_ranked_future_return,4,sign_flip,test_2025H2,0.028632173986136968,0.9765760252296357
a7ff24r_8a9039b769e90dec,L7_ranked_future_return,4,sign_flip,recent_oos_2026JanApr,0.028716231507345338,1.0270692949668572
a7ff24r_8a9039b769e90dec,L7_ranked_future_return,4,same_family_placebo,validation_2025H1,0.003032375077591558,0.6336215631966496
a7ff24r_8a9039b769e90dec,L7_ranked_future_return,4,same_family_placebo,test_2025H2,-0.0007675098282640182,0.026177952738540254
a7ff24r_8a9039b769e90dec,L7_ranked_future_return,4,same_family_placebo,recent_oos_2026JanApr,0.0059899066314918255,0.21423595151578217
a7ff24r_8a9039b769e90dec,L0_raw_forward_return,8,one_bar_lag,validation_2025H1,-0.00018721288100413837,0.4872774638165614
a7ff24r_8a9039b769e90dec,L0_raw_forward_return,8,one_bar_lag,test_2025H2,-0.0010630260718535313,1.2121701853447981
a7ff24r_8a9039b769e90dec,L0_raw_forward_return,8,one_bar_lag,recent_oos_2026JanApr,0.001364527599764309,0.8112863569005118
a7ff24r_8a9039b769e90dec,L0_raw_forward_return,8,wrong_lag_future_24h,validation_2025H1,0.0004826189981921918,1.2561601539777725
a7ff24r_8a9039b769e90dec,L0_raw_forward_return,8,wrong_lag_future_24h,test_2025H2,0.00044721747091926417,0.5099627365379708
a7ff24r_8a9039b769e90dec,L0_raw_forward_return,8,wrong_lag_future_24h,recent_oos_2026JanApr,0.007103527960395494,4.223436243521647
a7ff24r_8a9039b769e90dec,L0_raw_forward_return,8,wrong_lag_stale_168h,validation_2025H1,-0.0006151526980392813,1.601118710169681
a7ff24r_8a9039b769e90dec,L0_raw_forward_return,8,wrong_lag_stale_168h,test_2025H2,-0.0005365136830241336,0.6117873378753707
a7ff24r_8a9039b769e90dec,L0_raw_forward_return,8,wrong_lag_stale_168h,recent_oos_2026JanApr,0.0019036077955269393,1.1317990443485493
a7ff24r_8a9039b769e90dec,L0_raw_forward_return,8,time_shuffle,validation_2025H1,0.00025123679560225335,0.6539188325175108
a7ff24r_8a9039b769e90dec,L0_raw_forward_return,8,time_shuffle,test_2025H2,-0.0004225641477123731,0.4818505160079931
a7ff24r_8a9039b769e90dec,L0_raw_forward_return,8,time_shuffle,recent_oos_2026JanApr,0.0016447363206626207,0.9778857810445228
a7ff24r_8a9039b769e90dec,L0_raw_forward_return,8,symbol_shuffle,validation_2025H1,-0.000930670237159955,2.4223473853961788
a7ff24r_8a9039b769e90dec,L0_raw_forward_return,8,symbol_shuffle,test_2025H2,-0.00023408696022240123,0.266929703299587
a7ff24r_8a9039b769e90dec,L0_raw_forward_return,8,symbol_shuffle,recent_oos_2026JanApr,0.00023040126617327662,0.13698616568200533
a7ff24r_8a9039b769e90dec,L0_raw_forward_return,8,sign_flip,validation_2025H1,0.00041004691754879753,1.0672696288700345
a7ff24r_8a9039b769e90dec,L0_raw_forward_return,8,sign_flip,test_2025H2,0.0009016728155564717,1.028178831068266
a7ff24r_8a9039b769e90dec,L0_raw_forward_return,8,sign_flip,recent_oos_2026JanApr,-0.0015160653556546924,0.9013838484649354
a7ff24r_8a9039b769e90dec,L0_raw_forward_return,8,same_family_placebo,validation_2025H1,-0.00011063803212972135,0.28796853832207264
a7ff24r_8a9039b769e90dec,L0_raw_forward_return,8,same_family_placebo,test_2025H2,-0.0006907534367108294,0.7876671547155534
a7ff24r_8a9039b769e90dec,L0_raw_forward_return,8,same_family_placebo,recent_oos_2026JanApr,0.00045918674469245797,0.273011657149988
a7ff24r_8a9039b769e90dec,L1_cross_sectional_relative_return,8,one_bar_lag,validation_2025H1,-0.00018721288100413815,0.4872774638165609
a7ff24r_8a9039b769e90dec,L1_cross_sectional_relative_return,8,one_bar_lag,test_2025H2,-0.0010630260718535313,1.212170185344798
a7ff24r_8a9039b769e90dec,L1_cross_sectional_relative_return,8,one_bar_lag,recent_oos_2026JanApr,0.0013645275997643089,0.8112863569005117
a7ff24r_8a9039b769e90dec,L1_cross_sectional_relative_return,8,wrong_lag_future_24h,validation_2025H1,0.00048261899819219197,1.256160153977773
a7ff24r_8a9039b769e90dec,L1_cross_sectional_relative_return,8,wrong_lag_future_24h,test_2025H2,0.0004472174709192644,0.5099627365379709
a7ff24r_8a9039b769e90dec,L1_cross_sectional_relative_return,8,wrong_lag_future_24h,recent_oos_2026JanApr,0.007103527960395494,4.223436243521648
a7ff24r_8a9039b769e90dec,L1_cross_sectional_relative_return,8,wrong_lag_stale_168h,validation_2025H1,-0.0006151526980392812,1.6011187101696809
a7ff24r_8a9039b769e90dec,L1_cross_sectional_relative_return,8,wrong_lag_stale_168h,test_2025H2,-0.0005365136830241336,0.6117873378753705
a7ff24r_8a9039b769e90dec,L1_cross_sectional_relative_return,8,wrong_lag_stale_168h,recent_oos_2026JanApr,0.0019036077955269395,1.1317990443485495
a7ff24r_8a9039b769e90dec,L1_cross_sectional_relative_return,8,time_shuffle,validation_2025H1,7.844577866160175e-05,0.2041785793173904
a7ff24r_8a9039b769e90dec,L1_cross_sectional_relative_return,8,time_shuffle,test_2025H2,6.863298099114292e-05,0.07826228866027539
a7ff24r_8a9039b769e90dec,L1_cross_sectional_relative_return,8,time_shuffle,recent_oos_2026JanApr,0.0009934359358578545,0.5906520478994933
a7ff24r_8a9039b769e90dec,L1_cross_sectional_relative_return,8,symbol_shuffle,validation_2025H1,-0.0014919326148407374,3.883200433888602
a7ff24r_8a9039b769e90dec,L1_cross_sectional_relative_return,8,symbol_shuffle,test_2025H2,0.00035964348503030296,0.41010199227484095
a7ff24r_8a9039b769e90dec,L1_cross_sectional_relative_return,8,symbol_shuffle,recent_oos_2026JanApr,-0.0003787757973041159,0.22520294696129353
a7ff24r_8a9039b769e90dec,L1_cross_sectional_relative_return,8,sign_flip,validation_2025H1,0.0004100469175487973,1.0672696288700343
a7ff24r_8a9039b769e90dec,L1_cross_sectional_relative_return,8,sign_flip,test_2025H2,0.0009016728155564717,1.0281788310682658
a7ff24r_8a9039b769e90dec,L1_cross_sectional_relative_return,8,sign_flip,recent_oos_2026JanApr,-0.001516065355654692,0.9013838484649352
a7ff24r_8a9039b769e90dec,L1_cross_sectional_relative_return,8,same_family_placebo,validation_2025H1,-0.0002475454887861698,0.6443111035307953
a7ff24r_8a9039b769e90dec,L1_cross_sectional_relative_return,8,same_family_placebo,test_2025H2,-3.292973493072506e-05,0.037549824930194126
a7ff24r_8a9039b769e90dec,L1_cross_sectional_relative_return,8,same_family_placebo,recent_oos_2026JanApr,-0.00034674099746470616,0.20615650476383202
a7ff24r_8a9039b769e90dec,L3_liquidity_tier_relative_return,8,one_bar_lag,validation_2025H1,-0.00015971326861789948,0.4592935939252453
a7ff24r_8a9039b769e90dec,L3_liquidity_tier_relative_return,8,one_bar_lag,test_2025H2,-0.0005162394882306584,1.3791125648439022
a7ff24r_8a9039b769e90dec,L3_liquidity_tier_relative_return,8,one_bar_lag,recent_oos_2026JanApr,0.0010443286036701663,0.7725193282627185
a7ff24r_8a9039b769e90dec,L3_liquidity_tier_relative_return,8,wrong_lag_future_24h,validation_2025H1,0.0009039241002324777,2.5994493270604164
a7ff24r_8a9039b769e90dec,L3_liquidity_tier_relative_return,8,wrong_lag_future_24h,test_2025H2,0.0010120455226331117,2.703637998017155
a7ff24r_8a9039b769e90dec,L3_liquidity_tier_relative_return,8,wrong_lag_future_24h,recent_oos_2026JanApr,0.006372429800836703,4.713866087592571
a7ff24r_8a9039b769e90dec,L3_liquidity_tier_relative_return,8,wrong_lag_stale_168h,validation_2025H1,-0.00037976576154654057,1.0921070176565166
a7ff24r_8a9039b769e90dec,L3_liquidity_tier_relative_return,8,wrong_lag_stale_168h,test_2025H2,8.19195732722155e-05,0.21884477143268186
a7ff24r_8a9039b769e90dec,L3_liquidity_tier_relative_return,8,wrong_lag_stale_168h,recent_oos_2026JanApr,0.0013141000163700187,0.9720768523896699
a7ff24r_8a9039b769e90dec,L3_liquidity_tier_relative_return,8,time_shuffle,validation_2025H1,-2.3173416437395808e-05,0.0666406855933887
a7ff24r_8a9039b769e90dec,L3_liquidity_tier_relative_return,8,time_shuffle,test_2025H2,6.602646834117994e-06,0.0176386995139946
a7ff24r_8a9039b769e90dec,L3_liquidity_tier_relative_return,8,time_shuffle,recent_oos_2026JanApr,0.0005630138449437838,0.41647722351953353
a7ff24r_8a9039b769e90dec,L3_liquidity_tier_relative_return,8,symbol_shuffle,validation_2025H1,0.00020392755061432617,0.5864423064692649
a7ff24r_8a9039b769e90dec,L3_liquidity_tier_relative_return,8,symbol_shuffle,test_2025H2,-0.0008114104927392984,2.1676497658446494
a7ff24r_8a9039b769e90dec,L3_liquidity_tier_relative_return,8,symbol_shuffle,recent_oos_2026JanApr,-0.00038896299462783926,0.28772689963000936
a7ff24r_8a9039b769e90dec,L3_liquidity_tier_relative_return,8,sign_flip,validation_2025H1,0.0003709874003149604,1.0668627463839004
a7ff24r_8a9039b769e90dec,L3_liquidity_tier_relative_return,8,sign_flip,test_2025H2,0.00040937144510631596,1.093618982091842
a7ff24r_8a9039b769e90dec,L3_liquidity_tier_relative_return,8,sign_flip,recent_oos_2026JanApr,-0.001142908816413105,0.8454418925404114
a7ff24r_8a9039b769e90dec,L3_liquidity_tier_relative_return,8,same_family_placebo,validation_2025H1,-1.2057286757411404e-05,0.03467360361303201
a7ff24r_8a9039b769e90dec,L3_liquidity_tier_relative_return,8,same_family_placebo,test_2025H2,0.00015142724976557485,0.4045316710025706
a7ff24r_8a9039b769e90dec,L3_liquidity_tier_relative_return,8,same_family_placebo,recent_oos_2026JanApr,-0.0002874872979415404,0.2126624641988702
a7ff24r_8a9039b769e90dec,L5_vol_adjusted_return,8,one_bar_lag,validation_2025H1,-0.04103399794829395,0.6479423970927819
a7ff24r_8a9039b769e90dec,L5_vol_adjusted_return,8,one_bar_lag,test_2025H2,-0.12164169206151568,1.1837065035988832
a7ff24r_8a9039b769e90dec,L5_vol_adjusted_return,8,one_bar_lag,recent_oos_2026JanApr,0.13009230555851922,0.8257367716291942
a7ff24r_8a9039b769e90dec,L5_vol_adjusted_return,8,wrong_lag_future_24h,validation_2025H1,0.027278007360676565,0.4307300862924123
a7ff24r_8a9039b769e90dec,L5_vol_adjusted_return,8,wrong_lag_future_24h,test_2025H2,0.07795659936225574,0.7586028449595119
a7ff24r_8a9039b769e90dec,L5_vol_adjusted_return,8,wrong_lag_future_24h,recent_oos_2026JanApr,0.632177019474821,4.012626334187683
a7ff24r_8a9039b769e90dec,L5_vol_adjusted_return,8,wrong_lag_stale_168h,validation_2025H1,-0.07374163986256722,1.1644084731473499
a7ff24r_8a9039b769e90dec,L5_vol_adjusted_return,8,wrong_lag_stale_168h,test_2025H2,-0.04766288945127203,0.46381196502309086
a7ff24r_8a9039b769e90dec,L5_vol_adjusted_return,8,wrong_lag_stale_168h,recent_oos_2026JanApr,0.14044530742859446,0.8914505300576003
a7ff24r_8a9039b769e90dec,L5_vol_adjusted_return,8,time_shuffle,validation_2025H1,0.007273846536671459,0.11485679672243308
a7ff24r_8a9039b769e90dec,L5_vol_adjusted_return,8,time_shuffle,test_2025H2,-0.01622917861449784,0.15792763113105973
a7ff24r_8a9039b769e90dec,L5_vol_adjusted_return,8,time_shuffle,recent_oos_2026JanApr,0.15002471600548678,0.9522540485934595
a7ff24r_8a9039b769e90dec,L5_vol_adjusted_return,8,symbol_shuffle,validation_2025H1,0.09282687024209794,1.4657715023302096
a7ff24r_8a9039b769e90dec,L5_vol_adjusted_return,8,symbol_shuffle,test_2025H2,-0.024658037686331277,0.2399496347069558
a7ff24r_8a9039b769e90dec,L5_vol_adjusted_return,8,symbol_shuffle,recent_oos_2026JanApr,-0.06790339447804163,0.43100419735231543
a7ff24r_8a9039b769e90dec,L5_vol_adjusted_return,8,sign_flip,validation_2025H1,0.06817229245216912,1.076466364365189
a7ff24r_8a9039b769e90dec,L5_vol_adjusted_return,8,sign_flip,test_2025H2,0.09266826918205398,0.9017634583098093
a7ff24r_8a9039b769e90dec,L5_vol_adjusted_return,8,sign_flip,recent_oos_2026JanApr,-0.15830753463993835,1.0048277030447261
a7ff24r_8a9039b769e90dec,L5_vol_adjusted_return,8,same_family_placebo,validation_2025H1,-0.027727270965428274,0.43782412907508655
a7ff24r_8a9039b769e90dec,L5_vol_adjusted_return,8,same_family_placebo,test_2025H2,-0.020860903793258747,0.2029993752351237
a7ff24r_8a9039b769e90dec,L5_vol_adjusted_return,8,same_family_placebo,recent_oos_2026JanApr,0.007153229980097067,0.04540380005664149
a7ff24r_8a9039b769e90dec,L7_ranked_future_return,8,one_bar_lag,validation_2025H1,0.010382936043487308,0.8975205682528756
a7ff24r_8a9039b769e90dec,L7_ranked_future_return,8,one_bar_lag,test_2025H2,0.04877049846545984,1.1220711269686328
a7ff24r_8a9039b769e90dec,L7_ranked_future_return,8,one_bar_lag,recent_oos_2026JanApr,0.03861571148044111,0.997834643188682
a7ff24r_8a9039b769e90dec,L7_ranked_future_return,8,wrong_lag_future_24h,validation_2025H1,0.008093642712234702,0.6996297363188622
a7ff24r_8a9039b769e90dec,L7_ranked_future_return,8,wrong_lag_future_24h,test_2025H2,0.019828648434248853,0.45620107636668267
a7ff24r_8a9039b769e90dec,L7_ranked_future_return,8,wrong_lag_future_24h,recent_oos_2026JanApr,-0.007011255461922595,0.18117168696207367
a7ff24r_8a9039b769e90dec,L7_ranked_future_return,8,wrong_lag_stale_168h,validation_2025H1,0.017461571473158553,1.5094111613070946
a7ff24r_8a9039b769e90dec,L7_ranked_future_return,8,wrong_lag_stale_168h,test_2025H2,0.020654357833957554,0.4751983125203362
a7ff24r_8a9039b769e90dec,L7_ranked_future_return,8,wrong_lag_stale_168h,recent_oos_2026JanApr,0.014722238477944235,0.38042441833601465
a7ff24r_8a9039b769e90dec,L7_ranked_future_return,8,time_shuffle,validation_2025H1,0.009569121463321676,0.8271729015251309
a7ff24r_8a9039b769e90dec,L7_ranked_future_return,8,time_shuffle,test_2025H2,0.018706353386392007,0.43038024392159496
a7ff24r_8a9039b769e90dec,L7_ranked_future_return,8,time_shuffle,recent_oos_2026JanApr,0.010316856533499792,0.2665888174337477
a7ff24r_8a9039b769e90dec,L7_ranked_future_return,8,symbol_shuffle,validation_2025H1,-0.015391242717436537,1.3304480401318057
a7ff24r_8a9039b769e90dec,L7_ranked_future_return,8,symbol_shuffle,test_2025H2,0.009356062083853518,0.21525650663285728
a7ff24r_8a9039b769e90dec,L7_ranked_future_return,8,symbol_shuffle,recent_oos_2026JanApr,-0.0013133810601331673,0.03393792503790951
a7ff24r_8a9039b769e90dec,L7_ranked_future_return,8,sign_flip,validation_2025H1,-0.013593766255722013,1.1750707857037472
a7ff24r_8a9039b769e90dec,L7_ranked_future_return,8,sign_flip,test_2025H2,-0.042969075114440286,0.9885967963318262
a7ff24r_8a9039b769e90dec,L7_ranked_future_return,8,sign_flip,recent_oos_2026JanApr,-0.039221399682688306,1.0134856994039494
a7ff24r_8a9039b769e90dec,L7_ranked_future_return,8,same_family_placebo,validation_2025H1,-0.0056199282147315855,0.4857971910546544
a7ff24r_8a9039b769e90dec,L7_ranked_future_return,8,same_family_placebo,test_2025H2,-0.013260361397211819,0.30508338288808856
a7ff24r_8a9039b769e90dec,L7_ranked_future_return,8,same_family_placebo,recent_oos_2026JanApr,-0.0012486832865168534,0.03226612676263404
a7ff24r_8a9039b769e90dec,L0_raw_forward_return,24,one_bar_lag,validation_2025H1,0.0006058872569190049,1.6463737043258506
a7ff24r_8a9039b769e90dec,L0_raw_forward_return,24,one_bar_lag,test_2025H2,-0.001966449841089117,1.0525063544337487
a7ff24r_8a9039b769e90dec,L0_raw_forward_return,24,one_bar_lag,recent_oos_2026JanApr,-0.0028284795264687636,1.194665777625244
a7ff24r_8a9039b769e90dec,L0_raw_forward_return,24,wrong_lag_future_24h,validation_2025H1,0.0021821124079593377,5.929440580440648
a7ff24r_8a9039b769e90dec,L0_raw_forward_return,24,wrong_lag_future_24h,test_2025H2,0.002163813562380535,1.1581416808242044
a7ff24r_8a9039b769e90dec,L0_raw_forward_return,24,wrong_lag_future_24h,recent_oos_2026JanApr,0.025108247976963687,10.604978510010808
a7ff24r_8a9039b769e90dec,L0_raw_forward_return,24,wrong_lag_stale_168h,validation_2025H1,-0.0020496024543088464,5.569372101098509
a7ff24r_8a9039b769e90dec,L0_raw_forward_return,24,wrong_lag_stale_168h,test_2025H2,-8.113087195652851e-05,0.04342381711994416
a7ff24r_8a9039b769e90dec,L0_raw_forward_return,24,wrong_lag_stale_168h,recent_oos_2026JanApr,0.005920808792412972,2.500773851804842
a7ff24r_8a9039b769e90dec,L0_raw_forward_return,24,time_shuffle,validation_2025H1,-0.00014784776489495875,0.40174581918785945
a7ff24r_8a9039b769e90dec,L0_raw_forward_return,24,time_shuffle,test_2025H2,-5.478079635100208e-05,0.029320420513974276
a7ff24r_8a9039b769e90dec,L0_raw_forward_return,24,time_shuffle,recent_oos_2026JanApr,0.002721752644181189,1.1495875111472875
a7ff24r_8a9039b769e90dec,L0_raw_forward_return,24,symbol_shuffle,validation_2025H1,0.0006660298253709381,1.8097987344434867
a7ff24r_8a9039b769e90dec,L0_raw_forward_return,24,symbol_shuffle,test_2025H2,0.0004811139835964501,0.25750747075335634
a7ff24r_8a9039b769e90dec,L0_raw_forward_return,24,symbol_shuffle,recent_oos_2026JanApr,0.0030879395827300734,1.3042540023146725
a7ff24r_8a9039b769e90dec,L0_raw_forward_return,24,sign_flip,validation_2025H1,-0.0002448420715739868,0.6653078501797346
a7ff24r_8a9039b769e90dec,L0_raw_forward_return,24,sign_flip,test_2025H2,0.0016602781705320725,0.8886335608971441
a7ff24r_8a9039b769e90dec,L0_raw_forward_return,24,sign_flip,recent_oos_2026JanApr,0.00295909250863058,1.2498328235388152
a7ff24r_8a9039b769e90dec,L0_raw_forward_return,24,same_family_placebo,validation_2025H1,0.0003840123681579523,1.043474438274358
a7ff24r_8a9039b769e90dec,L0_raw_forward_return,24,same_family_placebo,test_2025H2,-0.00035871985810542566,0.19199825097416395
a7ff24r_8a9039b769e90dec,L0_raw_forward_return,24,same_family_placebo,recent_oos_2026JanApr,0.001558836822745926,0.6584063938272924
a7ff24r_8a9039b769e90dec,L1_cross_sectional_relative_return,24,one_bar_lag,validation_2025H1,0.0006058872569190048,1.646373704325849
a7ff24r_8a9039b769e90dec,L1_cross_sectional_relative_return,24,one_bar_lag,test_2025H2,-0.0019664498410891166,1.0525063544337483
a7ff24r_8a9039b769e90dec,L1_cross_sectional_relative_return,24,one_bar_lag,recent_oos_2026JanApr,-0.0028284795264687645,1.1946657776252438
a7ff24r_8a9039b769e90dec,L1_cross_sectional_relative_return,24,wrong_lag_future_24h,validation_2025H1,0.0021821124079593386,5.929440580440646
a7ff24r_8a9039b769e90dec,L1_cross_sectional_relative_return,24,wrong_lag_future_24h,test_2025H2,0.002163813562380535,1.1581416808242044
a7ff24r_8a9039b769e90dec,L1_cross_sectional_relative_return,24,wrong_lag_future_24h,recent_oos_2026JanApr,0.025108247976963687,10.604978510010802
a7ff24r_8a9039b769e90dec,L1_cross_sectional_relative_return,24,wrong_lag_stale_168h,validation_2025H1,-0.002049602454308846,5.569372101098503
a7ff24r_8a9039b769e90dec,L1_cross_sectional_relative_return,24,wrong_lag_stale_168h,test_2025H2,-8.113087195652843e-05,0.043423817119944114
a7ff24r_8a9039b769e90dec,L1_cross_sectional_relative_return,24,wrong_lag_stale_168h,recent_oos_2026JanApr,0.005920808792412971,2.50077385180484
a7ff24r_8a9039b769e90dec,L1_cross_sectional_relative_return,24,time_shuffle,validation_2025H1,-1.853584393778865e-05,0.050367334348381
a7ff24r_8a9039b769e90dec,L1_cross_sectional_relative_return,24,time_shuffle,test_2025H2,-0.0003806094909330118,0.20371427706639111
a7ff24r_8a9039b769e90dec,L1_cross_sectional_relative_return,24,time_shuffle,recent_oos_2026JanApr,0.0024837869968132404,1.049077886629747
a7ff24r_8a9039b769e90dec,L1_cross_sectional_relative_return,24,symbol_shuffle,validation_2025H1,-0.0009084669157757672,2.4685715441332867
a7ff24r_8a9039b769e90dec,L1_cross_sectional_relative_return,24,symbol_shuffle,test_2025H2,-0.000583402256955371,0.3122554004715605
a7ff24r_8a9039b769e90dec,L1_cross_sectional_relative_return,24,symbol_shuffle,recent_oos_2026JanApr,-0.0025070228023048547,1.0588920010246439
a7ff24r_8a9039b769e90dec,L1_cross_sectional_relative_return,24,sign_flip,validation_2025H1,-0.00024484207157398697,0.6653078501797346
a7ff24r_8a9039b769e90dec,L1_cross_sectional_relative_return,24,sign_flip,test_2025H2,0.0016602781705320725,0.8886335608971441
a7ff24r_8a9039b769e90dec,L1_cross_sectional_relative_return,24,sign_flip,recent_oos_2026JanApr,0.002959092508630581,1.249832823538815
a7ff24r_8a9039b769e90dec,L1_cross_sectional_relative_return,24,same_family_placebo,validation_2025H1,-0.00029701501307439907,0.8070770621621742
a7ff24r_8a9039b769e90dec,L1_cross_sectional_relative_return,24,same_family_placebo,test_2025H2,0.0007723299966751068,0.41337552183387066
a7ff24r_8a9039b769e90dec,L1_cross_sectional_relative_return,24,same_family_placebo,recent_oos_2026JanApr,-0.00012497857901779224,0.05278724130458633
a7ff24r_8a9039b769e90dec,L3_liquidity_tier_relative_return,24,one_bar_lag,validation_2025H1,0.0008414220949890948,1.3521316917503978
a7ff24r_8a9039b769e90dec,L3_liquidity_tier_relative_return,24,one_bar_lag,test_2025H2,-0.0003789725478784074,1.2290614082462865
a7ff24r_8a9039b769e90dec,L3_liquidity_tier_relative_return,24,one_bar_lag,recent_oos_2026JanApr,-0.0035636702941068675,1.1425427767833531
a7ff24r_8a9039b769e90dec,L3_liquidity_tier_relative_return,24,wrong_lag_future_24h,validation_2025H1,0.0031637260312695013,5.0839813410778625
a7ff24r_8a9039b769e90dec,L3_liquidity_tier_relative_return,24,wrong_lag_future_24h,test_2025H2,0.003744007633161387,12.142344662850354
a7ff24r_8a9039b769e90dec,L3_liquidity_tier_relative_return,24,wrong_lag_future_24h,recent_oos_2026JanApr,0.02298927474164616,7.370555531748117
a7ff24r_8a9039b769e90dec,L3_liquidity_tier_relative_return,24,wrong_lag_stale_168h,validation_2025H1,-0.0013496914966098217,2.168900314741339
a7ff24r_8a9039b769e90dec,L3_liquidity_tier_relative_return,24,wrong_lag_stale_168h,test_2025H2,0.0016798249331391394,5.447909115025503
a7ff24r_8a9039b769e90dec,L3_liquidity_tier_relative_return,24,wrong_lag_stale_168h,recent_oos_2026JanApr,0.004277896430011543,1.3715297046473653
a7ff24r_8a9039b769e90dec,L3_liquidity_tier_relative_return,24,time_shuffle,validation_2025H1,0.0005326382874107019,0.8559284489159998
a7ff24r_8a9039b769e90dec,L3_liquidity_tier_relative_return,24,time_shuffle,test_2025H2,0.0010053991800495535,3.260651303106622
a7ff24r_8a9039b769e90dec,L3_liquidity_tier_relative_return,24,time_shuffle,recent_oos_2026JanApr,0.0008921330844525713,0.28602539725864207
a7ff24r_8a9039b769e90dec,L3_liquidity_tier_relative_return,24,symbol_shuffle,validation_2025H1,-0.0006385463674698439,1.0261185025326216
a7ff24r_8a9039b769e90dec,L3_liquidity_tier_relative_return,24,symbol_shuffle,test_2025H2,0.002654605367853371,8.60925950973852
a7ff24r_8a9039b769e90dec,L3_liquidity_tier_relative_return,24,symbol_shuffle,recent_oos_2026JanApr,-0.0005050435470714323,0.16192122420015442
a7ff24r_8a9039b769e90dec,L3_liquidity_tier_relative_return,24,sign_flip,validation_2025H1,-0.0005189474863740486,0.8339278785989724
a7ff24r_8a9039b769e90dec,L3_liquidity_tier_relative_return,24,sign_flip,test_2025H2,0.00019457990074168914,0.6310500540496514
a7ff24r_8a9039b769e90dec,L3_liquidity_tier_relative_return,24,sign_flip,recent_oos_2026JanApr,0.0037303803623655206,1.1959914318457938
a7ff24r_8a9039b769e90dec,L3_liquidity_tier_relative_return,24,same_family_placebo,validation_2025H1,-0.0003434982356551759,0.5519879419089052
a7ff24r_8a9039b769e90dec,L3_liquidity_tier_relative_return,24,same_family_placebo,test_2025H2,0.00017223791500337932,0.5585918440598452
a7ff24r_8a9039b769e90dec,L3_liquidity_tier_relative_return,24,same_family_placebo,recent_oos_2026JanApr,0.0009501295437022589,0.3046195516349093
a7ff24r_8a9039b769e90dec,L5_vol_adjusted_return,24,one_bar_lag,validation_2025H1,0.0316104094785878,3.381418025688361
a7ff24r_8a9039b769e90dec,L5_vol_adjusted_return,24,one_bar_lag,test_2025H2,-0.1593114892063797,1.0645286027908027
a7ff24r_8a9039b769e90dec,L5_vol_adjusted_return,24,one_bar_lag,recent_oos_2026JanApr,-0.24936391619658732,1.1574913582945268
a7ff24r_8a9039b769e90dec,L5_vol_adjusted_return,24,wrong_lag_future_24h,validation_2025H1,0.13698304654589086,14.653304099642954
a7ff24r_8a9039b769e90dec,L5_vol_adjusted_return,24,wrong_lag_future_24h,test_2025H2,0.370347034303226,2.4746803443900203
a7ff24r_8a9039b769e90dec,L5_vol_adjusted_return,24,wrong_lag_future_24h,recent_oos_2026JanApr,2.4250415270873598,11.256498750589467
a7ff24r_8a9039b769e90dec,L5_vol_adjusted_return,24,wrong_lag_stale_168h,validation_2025H1,-0.21727490122331874,23.242257207198026
a7ff24r_8a9039b769e90dec,L5_vol_adjusted_return,24,wrong_lag_stale_168h,test_2025H2,-0.010842591940103142,0.07245082765924332
a7ff24r_8a9039b769e90dec,L5_vol_adjusted_return,24,wrong_lag_stale_168h,recent_oos_2026JanApr,0.4442721194236898,2.062211513227561
a7ff24r_8a9039b769e90dec,L5_vol_adjusted_return,24,time_shuffle,validation_2025H1,-0.007719251626366053,0.8257411727582745
a7ff24r_8a9039b769e90dec,L5_vol_adjusted_return,24,time_shuffle,test_2025H2,-0.10339926238427055,0.690919863117564
a7ff24r_8a9039b769e90dec,L5_vol_adjusted_return,24,time_shuffle,recent_oos_2026JanApr,0.2997462230547798,1.3913547242890132
a7ff24r_8a9039b769e90dec,L5_vol_adjusted_return,24,symbol_shuffle,validation_2025H1,0.06460150386271381,6.91053020986414
a7ff24r_8a9039b769e90dec,L5_vol_adjusted_return,24,symbol_shuffle,test_2025H2,-0.13500278844898533,0.9020964556692224
a7ff24r_8a9039b769e90dec,L5_vol_adjusted_return,24,symbol_shuffle,recent_oos_2026JanApr,0.07301481947766648,0.3389184123424128
a7ff24r_8a9039b769e90dec,L5_vol_adjusted_return,24,sign_flip,validation_2025H1,0.011846199256591701,1.2672076180876095
a7ff24r_8a9039b769e90dec,L5_vol_adjusted_return,24,sign_flip,test_2025H2,0.0942569167598326,0.6298301798668735
a7ff24r_8a9039b769e90dec,L5_vol_adjusted_return,24,sign_flip,recent_oos_2026JanApr,0.23668239968069726,1.0986266035172558
a7ff24r_8a9039b769e90dec,L5_vol_adjusted_return,24,same_family_placebo,validation_2025H1,0.0463890828723536,4.962317274819923
a7ff24r_8a9039b769e90dec,L5_vol_adjusted_return,24,same_family_placebo,test_2025H2,-0.07828737540000973,0.5231207790843629
a7ff24r_8a9039b769e90dec,L5_vol_adjusted_return,24,same_family_placebo,recent_oos_2026JanApr,0.03527134881734916,0.1637216886635993
a7ff24r_8a9039b769e90dec,L7_ranked_future_return,24,one_bar_lag,validation_2025H1,-0.007851745423584508,1.1585326953748016
a7ff24r_8a9039b769e90dec,L7_ranked_future_return,24,one_bar_lag,test_2025H2,-0.055954495263942104,1.014946127580507
a7ff24r_8a9039b769e90dec,L7_ranked_future_return,24,one_bar_lag,recent_oos_2026JanApr,-0.06641714226798637,1.0297241447766177
a7ff24r_8a9039b769e90dec,L7_ranked_future_return,24,wrong_lag_future_24h,validation_2025H1,0.006012947663899533,0.8872162924794508
a7ff24r_8a9039b769e90dec,L7_ranked_future_return,24,wrong_lag_future_24h,test_2025H2,-0.010284961685823752,0.18655662938429793
a7ff24r_8a9039b769e90dec,L7_ranked_future_return,24,wrong_lag_future_24h,recent_oos_2026JanApr,0.022868191916773094,0.3545459584676687
a7ff24r_8a9039b769e90dec,L7_ranked_future_return,24,wrong_lag_stale_168h,validation_2025H1,-0.02814819803639847,4.153294074346707
a7ff24r_8a9039b769e90dec,L7_ranked_future_return,24,wrong_lag_stale_168h,test_2025H2,-0.02969190679544487,0.538574884472919
a7ff24r_8a9039b769e90dec,L7_ranked_future_return,24,wrong_lag_stale_168h,recent_oos_2026JanApr,-0.02299482492550021,0.35650926285203804
a7ff24r_8a9039b769e90dec,L7_ranked_future_return,24,time_shuffle,validation_2025H1,-0.009225619504396482,1.3612491559935713
a7ff24r_8a9039b769e90dec,L7_ranked_future_return,24,time_shuffle,test_2025H2,-0.021352586872073226,0.3873098176904237
a7ff24r_8a9039b769e90dec,L7_ranked_future_return,24,time_shuffle,recent_oos_2026JanApr,-0.02284366161009713,0.3541656432628817
a7ff24r_8a9039b769e90dec,L7_ranked_future_return,24,symbol_shuffle,validation_2025H1,-0.011471221131332482,1.6925898662740773
a7ff24r_8a9039b769e90dec,L7_ranked_future_return,24,symbol_shuffle,test_2025H2,-0.000610881625159641,0.011080645745104402
a7ff24r_8a9039b769e90dec,L7_ranked_future_return,24,symbol_shuffle,recent_oos_2026JanApr,0.015702493082162622,0.2434497436618012
a7ff24r_8a9039b769e90dec,L7_ranked_future_return,24,sign_flip,validation_2025H1,0.011161165655598127,1.6468408784198263
a7ff24r_8a9039b769e90dec,L7_ranked_future_return,24,sign_flip,test_2025H2,0.052421991405917405,0.9508708268481316
a7ff24r_8a9039b769e90dec,L7_ranked_future_return,24,sign_flip,recent_oos_2026JanApr,0.06689806500106427,1.0371803184858708
a7ff24r_8a9039b769e90dec,L7_ranked_future_return,24,same_family_placebo,validation_2025H1,0.002932431353767559,0.4326831063673168
a7ff24r_8a9039b769e90dec,L7_ranked_future_return,24,same_family_placebo,test_2025H2,0.0017908218922945947,0.03248331945801815
a7ff24r_8a9039b769e90dec,L7_ranked_future_return,24,same_family_placebo,recent_oos_2026JanApr,0.0007925580034057049,0.012287733021542215
a7ff24r_960517509172d6c7,L0_raw_forward_return,1,one_bar_lag,validation_2025H1,2.081014702723306e-05,0.11472144840448316
a7ff24r_960517509172d6c7,L0_raw_forward_return,1,one_bar_lag,test_2025H2,0.00016950885102124053,3.542170234647923
a7ff24r_960517509172d6c7,L0_raw_forward_return,1,one_bar_lag,recent_oos_2026JanApr,-0.0003847082405992792,12.033101086342334
a7ff24r_960517509172d6c7,L0_raw_forward_return,1,wrong_lag_future_24h,validation_2025H1,-0.00011030510110933062,0.608086091323878
a7ff24r_960517509172d6c7,L0_raw_forward_return,1,wrong_lag_future_24h,test_2025H2,1.6802898600295874e-06,0.03511245986223883
a7ff24r_960517509172d6c7,L0_raw_forward_return,1,wrong_lag_future_24h,recent_oos_2026JanApr,-0.00020993061322572271,6.566317077398444
a7ff24r_960517509172d6c7,L0_raw_forward_return,1,wrong_lag_stale_168h,validation_2025H1,-0.00012332894897112626,0.6798835028726558
a7ff24r_960517509172d6c7,L0_raw_forward_return,1,wrong_lag_stale_168h,test_2025H2,-3.543455780141206e-06,0.07404642009304004
a7ff24r_960517509172d6c7,L0_raw_forward_return,1,wrong_lag_stale_168h,recent_oos_2026JanApr,0.00026372852848018124,8.24903578257346
a7ff24r_960517509172d6c7,L0_raw_forward_return,1,time_shuffle,validation_2025H1,2.5589019894019116e-05,0.14106625107700302
a7ff24r_960517509172d6c7,L0_raw_forward_return,1,time_shuffle,test_2025H2,6.554448569192434e-05,1.3696613767628494
a7ff24r_960517509172d6c7,L0_raw_forward_return,1,time_shuffle,recent_oos_2026JanApr,7.991819484916609e-05,2.4997221680512673
a7ff24r_960517509172d6c7,L0_raw_forward_return,1,symbol_shuffle,validation_2025H1,0.0001787234204801862,0.9852602018841471
a7ff24r_960517509172d6c7,L0_raw_forward_return,1,symbol_shuffle,test_2025H2,1.829843886876815e-05,0.38237640755026575
a7ff24r_960517509172d6c7,L0_raw_forward_return,1,symbol_shuffle,recent_oos_2026JanApr,0.00011773164738037855,3.682470673835522
a7ff24r_960517509172d6c7,L0_raw_forward_return,1,sign_flip,validation_2025H1,0.00014468868475075333,0.7976347048689297
a7ff24r_960517509172d6c7,L0_raw_forward_return,1,sign_flip,test_2025H2,3.8076577322591086e-05,0.7956736065213003
a7ff24r_960517509172d6c7,L0_raw_forward_return,1,sign_flip,recent_oos_2026JanApr,0.00013702475412640276,4.2859303329862115
a7ff24r_960517509172d6c7,L0_raw_forward_return,1,same_family_placebo,validation_2025H1,2.9444604339770313e-05,0.16232118173575988
a7ff24r_960517509172d6c7,L0_raw_forward_return,1,same_family_placebo,test_2025H2,5.120161603094221e-05,1.069943186907386
a7ff24r_960517509172d6c7,L0_raw_forward_return,1,same_family_placebo,recent_oos_2026JanApr,0.0002479484351512322,7.75545795361048
a7ff24r_960517509172d6c7,L1_cross_sectional_relative_return,1,one_bar_lag,validation_2025H1,2.081014702723299e-05,0.11472144840448283
a7ff24r_960517509172d6c7,L1_cross_sectional_relative_return,1,one_bar_lag,test_2025H2,0.0001695088510212405,3.5421702346479242
a7ff24r_960517509172d6c7,L1_cross_sectional_relative_return,1,one_bar_lag,recent_oos_2026JanApr,-0.0003847082405992792,12.033101086342354
a7ff24r_960517509172d6c7,L1_cross_sectional_relative_return,1,wrong_lag_future_24h,validation_2025H1,-0.00011030510110933063,0.6080860913238784
a7ff24r_960517509172d6c7,L1_cross_sectional_relative_return,1,wrong_lag_future_24h,test_2025H2,1.6802898600296213e-06,0.035112459862239556
a7ff24r_960517509172d6c7,L1_cross_sectional_relative_return,1,wrong_lag_future_24h,recent_oos_2026JanApr,-0.00020993061322572282,6.566317077398458
a7ff24r_960517509172d6c7,L1_cross_sectional_relative_return,1,wrong_lag_stale_168h,validation_2025H1,-0.00012332894897112626,0.6798835028726561
a7ff24r_960517509172d6c7,L1_cross_sectional_relative_return,1,wrong_lag_stale_168h,test_2025H2,-3.543455780141293e-06,0.0740464200930419
a7ff24r_960517509172d6c7,L1_cross_sectional_relative_return,1,wrong_lag_stale_168h,recent_oos_2026JanApr,0.0002637285284801812,8.249035782573472
a7ff24r_960517509172d6c7,L1_cross_sectional_relative_return,1,time_shuffle,validation_2025H1,2.0836428724784767e-05,0.11486633322464881
a7ff24r_960517509172d6c7,L1_cross_sectional_relative_return,1,time_shuffle,test_2025H2,-5.8069769093758856e-05,1.2134647033329014
a7ff24r_960517509172d6c7,L1_cross_sectional_relative_return,1,time_shuffle,recent_oos_2026JanApr,-0.0003814031437722357,11.929722577584624
a7ff24r_960517509172d6c7,L1_cross_sectional_relative_return,1,symbol_shuffle,validation_2025H1,-0.00015255564900218003,0.8410034293805301
a7ff24r_960517509172d6c7,L1_cross_sectional_relative_return,1,symbol_shuffle,test_2025H2,6.16761643465133e-05,1.2888263487084672
a7ff24r_960517509172d6c7,L1_cross_sectional_relative_return,1,symbol_shuffle,recent_oos_2026JanApr,-7.878803943679535e-06,0.24643725891102286
a7ff24r_960517509172d6c7,L1_cross_sectional_relative_return,1,sign_flip,validation_2025H1,0.00014468868475075335,0.7976347048689302
a7ff24r_960517509172d6c7,L1_cross_sectional_relative_return,1,sign_flip,test_2025H2,3.807657732259108e-05,0.7956736065213006
a7ff24r_960517509172d6c7,L1_cross_sectional_relative_return,1,sign_flip,recent_oos_2026JanApr,0.0001370247541264029,4.285930332986223
a7ff24r_960517509172d6c7,L1_cross_sectional_relative_return,1,same_family_placebo,validation_2025H1,1.3696068843975272e-05,0.07550320779435993
a7ff24r_960517509172d6c7,L1_cross_sectional_relative_return,1,same_family_placebo,test_2025H2,0.0001048883704670378,2.191817486760679
a7ff24r_960517509172d6c7,L1_cross_sectional_relative_return,1,same_family_placebo,recent_oos_2026JanApr,-7.509566318328841e-05,2.348880556399811
a7ff24r_960517509172d6c7,L3_liquidity_tier_relative_return,1,one_bar_lag,validation_2025H1,4.249722841962862e-06,0.022499491123434606
a7ff24r_960517509172d6c7,L3_liquidity_tier_relative_return,1,one_bar_lag,test_2025H2,0.00017327030684433838,6.464981095539397
a7ff24r_960517509172d6c7,L3_liquidity_tier_relative_return,1,one_bar_lag,recent_oos_2026JanApr,-0.00032978107377339843,103.27394280390044
a7ff24r_960517509172d6c7,L3_liquidity_tier_relative_return,1,wrong_lag_future_24h,validation_2025H1,-0.00010808109691711777,0.57221841779559
a7ff24r_960517509172d6c7,L3_liquidity_tier_relative_return,1,wrong_lag_future_24h,test_2025H2,-5.76428927008456e-05,2.150744800942501
a7ff24r_960517509172d6c7,L3_liquidity_tier_relative_return,1,wrong_lag_future_24h,recent_oos_2026JanApr,-0.00022511510225537888,70.4968418248007
a7ff24r_960517509172d6c7,L3_liquidity_tier_relative_return,1,wrong_lag_stale_168h,validation_2025H1,-0.00014077012420113706,0.745285346289872
a7ff24r_960517509172d6c7,L3_liquidity_tier_relative_return,1,wrong_lag_stale_168h,test_2025H2,-7.980257253825445e-06,0.29775564678760436
a7ff24r_960517509172d6c7,L3_liquidity_tier_relative_return,1,wrong_lag_stale_168h,recent_oos_2026JanApr,0.0002807732154770048,87.92668622324801
a7ff24r_960517509172d6c7,L3_liquidity_tier_relative_return,1,time_shuffle,validation_2025H1,-3.3506166853778767e-05,0.17739314579835425
a7ff24r_960517509172d6c7,L3_liquidity_tier_relative_return,1,time_shuffle,test_2025H2,-1.2278937269813107e-05,0.45814599609367357
a7ff24r_960517509172d6c7,L3_liquidity_tier_relative_return,1,time_shuffle,recent_oos_2026JanApr,0.00031508915276185444,98.67303410752028
a7ff24r_960517509172d6c7,L3_liquidity_tier_relative_return,1,symbol_shuffle,validation_2025H1,-0.00013407517756109315,0.7098400012400378
a7ff24r_960517509172d6c7,L3_liquidity_tier_relative_return,1,symbol_shuffle,test_2025H2,3.652836968601852e-05,1.3629295392380179
a7ff24r_960517509172d6c7,L3_liquidity_tier_relative_return,1,symbol_shuffle,recent_oos_2026JanApr,-0.00011840211711011865,37.078699909544255
a7ff24r_960517509172d6c7,L3_liquidity_tier_relative_return,1,sign_flip,validation_2025H1,0.00015713836319904226,0.8319444207130701
a7ff24r_960517509172d6c7,L3_liquidity_tier_relative_return,1,sign_flip,test_2025H2,2.9672983692698393e-05,1.1071445657095986
a7ff24r_960517509172d6c7,L3_liquidity_tier_relative_return,1,sign_flip,recent_oos_2026JanApr,0.00011058280002088501,34.630009641788156
a7ff24r_960517509172d6c7,L3_liquidity_tier_relative_return,1,same_family_placebo,validation_2025H1,-1.276009209929868e-05,0.06755630651663275
a7ff24r_960517509172d6c7,L3_liquidity_tier_relative_return,1,same_family_placebo,test_2025H2,-3.557396714364775e-06,0.1327319315499539
a7ff24r_960517509172d6c7,L3_liquidity_tier_relative_return,1,same_family_placebo,recent_oos_2026JanApr,0.0002428124967775393,76.03894188756992
a7ff24r_960517509172d6c7,L5_vol_adjusted_return,1,one_bar_lag,validation_2025H1,0.0007539978351266601,0.03214998853836672
a7ff24r_960517509172d6c7,L5_vol_adjusted_return,1,one_bar_lag,test_2025H2,0.009518299270076917,1.7588374477658761
a7ff24r_960517509172d6c7,L5_vol_adjusted_return,1,one_bar_lag,recent_oos_2026JanApr,-0.03958446506007886,1.7248577452738587
a7ff24r_960517509172d6c7,L5_vol_adjusted_return,1,wrong_lag_future_24h,validation_2025H1,-0.013781089594316596,0.5876169026785811
a7ff24r_960517509172d6c7,L5_vol_adjusted_return,1,wrong_lag_future_24h,test_2025H2,0.006421609546360877,1.1866161196021188
a7ff24r_960517509172d6c7,L5_vol_adjusted_return,1,wrong_lag_future_24h,recent_oos_2026JanApr,-0.012720228470868298,0.5542726058399469
a7ff24r_960517509172d6c7,L5_vol_adjusted_return,1,wrong_lag_stale_168h,validation_2025H1,-0.006579324940373178,0.2805382344203349
a7ff24r_960517509172d6c7,L5_vol_adjusted_return,1,wrong_lag_stale_168h,test_2025H2,-0.002739306021121047,0.5061822363565278
a7ff24r_960517509172d6c7,L5_vol_adjusted_return,1,wrong_lag_stale_168h,recent_oos_2026JanApr,0.01351489976025102,0.5888996982197023
a7ff24r_960517509172d6c7,L5_vol_adjusted_return,1,time_shuffle,validation_2025H1,-0.023125727304661513,0.9860663163062885
a7ff24r_960517509172d6c7,L5_vol_adjusted_return,1,time_shuffle,test_2025H2,0.0007335492143733839,0.1355487772983965
a7ff24r_960517509172d6c7,L5_vol_adjusted_return,1,time_shuffle,recent_oos_2026JanApr,-0.025521382083624096,1.112071452531202
a7ff24r_960517509172d6c7,L5_vol_adjusted_return,1,symbol_shuffle,validation_2025H1,-0.0015391353282633213,0.06562775230561327
a7ff24r_960517509172d6c7,L5_vol_adjusted_return,1,symbol_shuffle,test_2025H2,-0.0038549996070696623,0.7123455018222041
a7ff24r_960517509172d6c7,L5_vol_adjusted_return,1,symbol_shuffle,recent_oos_2026JanApr,0.010989639861689677,0.47886375133366565
a7ff24r_960517509172d6c7,L5_vol_adjusted_return,1,sign_flip,validation_2025H1,0.02003333487858302,0.8542086684154898
a7ff24r_960517509172d6c7,L5_vol_adjusted_return,1,sign_flip,test_2025H2,0.005191035820643603,0.9592247454064611
a7ff24r_960517509172d6c7,L5_vol_adjusted_return,1,sign_flip,recent_oos_2026JanApr,0.03665163638855759,1.5970623527642747
a7ff24r_960517509172d6c7,L5_vol_adjusted_return,1,same_family_placebo,validation_2025H1,-0.006556532339153295,0.2795663723885882
a7ff24r_960517509172d6c7,L5_vol_adjusted_return,1,same_family_placebo,test_2025H2,-0.009469487097953597,1.749817698144514
a7ff24r_960517509172d6c7,L5_vol_adjusted_return,1,same_family_placebo,recent_oos_2026JanApr,0.005975238574875198,0.2603656894210935
a7ff24r_960517509172d6c7,L7_ranked_future_return,1,one_bar_lag,validation_2025H1,0.007306717792201102,0.9613983436765298
a7ff24r_960517509172d6c7,L7_ranked_future_return,1,one_bar_lag,test_2025H2,0.004422052876938134,1.6910646680414907
a7ff24r_960517509172d6c7,L7_ranked_future_return,1,one_bar_lag,recent_oos_2026JanApr,-0.00021232550352856246,0.038834665606736284
a7ff24r_960517509172d6c7,L7_ranked_future_return,1,wrong_lag_future_24h,validation_2025H1,-0.0022018911296553855,0.28971893334462967
a7ff24r_960517509172d6c7,L7_ranked_future_return,1,wrong_lag_future_24h,test_2025H2,0.006979697882861999,2.6691495583120433
a7ff24r_960517509172d6c7,L7_ranked_future_return,1,wrong_lag_future_24h,recent_oos_2026JanApr,-0.0009577988976459052,0.1751829115694324
a7ff24r_960517509172d6c7,L7_ranked_future_return,1,wrong_lag_stale_168h,validation_2025H1,-0.002603683742852728,0.34258572850697905
a7ff24r_960517509172d6c7,L7_ranked_future_return,1,wrong_lag_stale_168h,test_2025H2,0.0013508988821923436,0.5166056203638147
a7ff24r_960517509172d6c7,L7_ranked_future_return,1,wrong_lag_stale_168h,recent_oos_2026JanApr,-0.0008298240869520425,0.15177611918326486
a7ff24r_960517509172d6c7,L7_ranked_future_return,1,time_shuffle,validation_2025H1,0.008847871145203778,1.1641791712746299
a7ff24r_960517509172d6c7,L7_ranked_future_return,1,time_shuffle,test_2025H2,-0.001694280021665121,0.6479201316991717
a7ff24r_960517509172d6c7,L7_ranked_future_return,1,time_shuffle,recent_oos_2026JanApr,0.008181161663055814,1.4963472224460481
a7ff24r_960517509172d6c7,L7_ranked_future_return,1,symbol_shuffle,validation_2025H1,0.00665002189254623,0.8749920572723613
a7ff24r_960517509172d6c7,L7_ranked_future_return,1,symbol_shuffle,test_2025H2,0.001964936511615928,0.7514235587429593
a7ff24r_960517509172d6c7,L7_ranked_future_return,1,symbol_shuffle,recent_oos_2026JanApr,-0.0005499697367743262,0.10059032224822971
a7ff24r_960517509172d6c7,L7_ranked_future_return,1,sign_flip,validation_2025H1,0.005087038968732293,0.6693389532544003
a7ff24r_960517509172d6c7,L7_ranked_future_return,1,sign_flip,test_2025H2,0.0023306708133724826,0.8912862815106651
a7ff24r_960517509172d6c7,L7_ranked_future_return,1,sign_flip,recent_oos_2026JanApr,-0.004163044738062122,0.7614273726979638
a7ff24r_960517509172d6c7,L7_ranked_future_return,1,same_family_placebo,validation_2025H1,0.004175600757224542,0.5494143562154494
a7ff24r_960517509172d6c7,L7_ranked_future_return,1,same_family_placebo,test_2025H2,-0.007549467496007832,2.8870386900181604
a7ff24r_960517509172d6c7,L7_ranked_future_return,1,same_family_placebo,recent_oos_2026JanApr,0.003328471900273016,0.608782699583389
a7ff24r_960517509172d6c7,L0_raw_forward_return,4,one_bar_lag,validation_2025H1,-0.00022501312251809458,0.601377084513518
a7ff24r_960517509172d6c7,L0_raw_forward_return,4,one_bar_lag,test_2025H2,-0.000235268394704277,2.9050186926880186
a7ff24r_960517509172d6c7,L0_raw_forward_return,4,one_bar_lag,recent_oos_2026JanApr,-0.0005131863339171419,0.862376509140011
a7ff24r_960517509172d6c7,L0_raw_forward_return,4,wrong_lag_future_24h,validation_2025H1,-8.870887151786444e-06,0.02370860949214533
a7ff24r_960517509172d6c7,L0_raw_forward_return,4,wrong_lag_future_24h,test_2025H2,0.0005348314834044917,6.603927649019935
a7ff24r_960517509172d6c7,L0_raw_forward_return,4,wrong_lag_future_24h,recent_oos_2026JanApr,-0.0007526039838156251,1.2647024159310036
a7ff24r_960517509172d6c7,L0_raw_forward_return,4,wrong_lag_stale_168h,validation_2025H1,7.887182147605831e-07,0.002107952883758074
a7ff24r_960517509172d6c7,L0_raw_forward_return,4,wrong_lag_stale_168h,test_2025H2,0.00043472135634367527,5.367799903070056
a7ff24r_960517509172d6c7,L0_raw_forward_return,4,wrong_lag_stale_168h,recent_oos_2026JanApr,0.0008231470113070958,1.3832454202388396
a7ff24r_960517509172d6c7,L0_raw_forward_return,4,time_shuffle,validation_2025H1,0.0002399333604469006,0.6412533774401754
a7ff24r_960517509172d6c7,L0_raw_forward_return,4,time_shuffle,test_2025H2,3.434416955366712e-06,0.042407079226964246
a7ff24r_960517509172d6c7,L0_raw_forward_return,4,time_shuffle,recent_oos_2026JanApr,-0.0003669254864777488,0.616594595822326
a7ff24r_960517509172d6c7,L0_raw_forward_return,4,symbol_shuffle,validation_2025H1,-1.9582630957243223e-05,0.05233714985322278
a7ff24r_960517509172d6c7,L0_raw_forward_return,4,symbol_shuffle,test_2025H2,0.000267638340821889,3.304712407056943
a7ff24r_960517509172d6c7,L0_raw_forward_return,4,symbol_shuffle,recent_oos_2026JanApr,0.00044382035731388187,0.745811462873862
a7ff24r_960517509172d6c7,L0_raw_forward_return,4,sign_flip,validation_2025H1,0.00035149583958858513,0.9394187364046563
a7ff24r_960517509172d6c7,L0_raw_forward_return,4,sign_flip,test_2025H2,6.911570267441612e-05,0.8534185328200228
a7ff24r_960517509172d6c7,L0_raw_forward_return,4,sign_flip,recent_oos_2026JanApr,0.0008632688192881875,1.4506675287798403
a7ff24r_960517509172d6c7,L0_raw_forward_return,4,same_family_placebo,validation_2025H1,0.00014350933018657337,0.38354750879539995
a7ff24r_960517509172d6c7,L0_raw_forward_return,4,same_family_placebo,test_2025H2,-0.00032058961441799573,3.9585377531756976
a7ff24r_960517509172d6c7,L0_raw_forward_return,4,same_family_placebo,recent_oos_2026JanApr,0.0001736918783412304,0.29187799013772303
a7ff24r_960517509172d6c7,L1_cross_sectional_relative_return,4,one_bar_lag,validation_2025H1,-0.0002250131225180945,0.601377084513518
a7ff24r_960517509172d6c7,L1_cross_sectional_relative_return,4,one_bar_lag,test_2025H2,-0.00023526839470427709,2.905018692688015
a7ff24r_960517509172d6c7,L1_cross_sectional_relative_return,4,one_bar_lag,recent_oos_2026JanApr,-0.0005131863339171418,0.8623765091400108
a7ff24r_960517509172d6c7,L1_cross_sectional_relative_return,4,wrong_lag_future_24h,validation_2025H1,-8.870887151786598e-06,0.02370860949214575
a7ff24r_960517509172d6c7,L1_cross_sectional_relative_return,4,wrong_lag_future_24h,test_2025H2,0.0005348314834044918,6.603927649019926
a7ff24r_960517509172d6c7,L1_cross_sectional_relative_return,4,wrong_lag_future_24h,recent_oos_2026JanApr,-0.0007526039838156249,1.2647024159310034
a7ff24r_960517509172d6c7,L1_cross_sectional_relative_return,4,wrong_lag_stale_168h,validation_2025H1,7.88718214760617e-07,0.002107952883758165
a7ff24r_960517509172d6c7,L1_cross_sectional_relative_return,4,wrong_lag_stale_168h,test_2025H2,0.00043472135634367527,5.367799903070048
a7ff24r_960517509172d6c7,L1_cross_sectional_relative_return,4,wrong_lag_stale_168h,recent_oos_2026JanApr,0.0008231470113070959,1.3832454202388398
a7ff24r_960517509172d6c7,L1_cross_sectional_relative_return,4,time_shuffle,validation_2025H1,-0.00029213035162237497,0.7807566829461038
a7ff24r_960517509172d6c7,L1_cross_sectional_relative_return,4,time_shuffle,test_2025H2,2.494720641982621e-05,0.3080401048812192
a7ff24r_960517509172d6c7,L1_cross_sectional_relative_return,4,time_shuffle,recent_oos_2026JanApr,-0.00017489253133762028,0.29389560999874287
a7ff24r_960517509172d6c7,L1_cross_sectional_relative_return,4,symbol_shuffle,validation_2025H1,6.0415420747739265e-05,0.16146813653506478
a7ff24r_960517509172d6c7,L1_cross_sectional_relative_return,4,symbol_shuffle,test_2025H2,0.0001403640802893322,1.733170651905921
a7ff24r_960517509172d6c7,L1_cross_sectional_relative_return,4,symbol_shuffle,recent_oos_2026JanApr,-9.695583937222102e-05,0.1629280297866535
a7ff24r_960517509172d6c7,L1_cross_sectional_relative_return,4,sign_flip,validation_2025H1,0.0003514958395885853,0.939418736404657
a7ff24r_960517509172d6c7,L1_cross_sectional_relative_return,4,sign_flip,test_2025H2,6.911570267441619e-05,0.8534185328200223
a7ff24r_960517509172d6c7,L1_cross_sectional_relative_return,4,sign_flip,recent_oos_2026JanApr,0.0008632688192881875,1.4506675287798403
a7ff24r_960517509172d6c7,L1_cross_sectional_relative_return,4,same_family_placebo,validation_2025H1,0.00012348524176217164,0.3300305059559802
a7ff24r_960517509172d6c7,L1_cross_sectional_relative_return,4,same_family_placebo,test_2025H2,-0.0001717719738979808,2.120985250402103
a7ff24r_960517509172d6c7,L1_cross_sectional_relative_return,4,same_family_placebo,recent_oos_2026JanApr,-0.00016737748061242344,0.28126705233443894
a7ff24r_960517509172d6c7,L3_liquidity_tier_relative_return,4,one_bar_lag,validation_2025H1,-0.000306275637276125,0.7352724678913275
a7ff24r_960517509172d6c7,L3_liquidity_tier_relative_return,4,one_bar_lag,test_2025H2,-0.00025892074765716626,3.7612317826088
a7ff24r_960517509172d6c7,L3_liquidity_tier_relative_return,4,one_bar_lag,recent_oos_2026JanApr,-0.0005240478319726132,0.9332337359656829
a7ff24r_960517509172d6c7,L3_liquidity_tier_relative_return,4,wrong_lag_future_24h,validation_2025H1,-4.228219119307328e-05,0.10150637949160643
a7ff24r_960517509172d6c7,L3_liquidity_tier_relative_return,4,wrong_lag_future_24h,test_2025H2,0.00045104996281551283,6.552211327353895
a7ff24r_960517509172d6c7,L3_liquidity_tier_relative_return,4,wrong_lag_future_24h,recent_oos_2026JanApr,-0.0007293444535443414,1.2988296251984228
a7ff24r_960517509172d6c7,L3_liquidity_tier_relative_return,4,wrong_lag_stale_168h,validation_2025H1,-0.0001102685004798025,0.2647203453710048
a7ff24r_960517509172d6c7,L3_liquidity_tier_relative_return,4,wrong_lag_stale_168h,test_2025H2,0.0003450588948648495,5.0125240792059
a7ff24r_960517509172d6c7,L3_liquidity_tier_relative_return,4,wrong_lag_stale_168h,recent_oos_2026JanApr,0.0007881235787226136,1.403504540807615
a7ff24r_960517509172d6c7,L3_liquidity_tier_relative_return,4,time_shuffle,validation_2025H1,0.00023869265463724416,0.5730267637462519
a7ff24r_960517509172d6c7,L3_liquidity_tier_relative_return,4,time_shuffle,test_2025H2,-0.0003115384870911245,4.525587345763897
a7ff24r_960517509172d6c7,L3_liquidity_tier_relative_return,4,time_shuffle,recent_oos_2026JanApr,0.00013417140715791113,0.23893483747547273
a7ff24r_960517509172d6c7,L3_liquidity_tier_relative_return,4,symbol_shuffle,validation_2025H1,4.675367869333744e-05,0.11224102909907863
a7ff24r_960517509172d6c7,L3_liquidity_tier_relative_return,4,symbol_shuffle,test_2025H2,-9.382579652577294e-05,1.3629675146334537
a7ff24r_960517509172d6c7,L3_liquidity_tier_relative_return,4,symbol_shuffle,recent_oos_2026JanApr,0.00011945590252262256,0.21272920407800763
a7ff24r_960517509172d6c7,L3_liquidity_tier_relative_return,4,sign_flip,validation_2025H1,0.0003961424795000694,0.9510147824000988
a7ff24r_960517509172d6c7,L3_liquidity_tier_relative_return,4,sign_flip,test_2025H2,4.929304571352428e-05,0.7160591488975044
a7ff24r_960517509172d6c7,L3_liquidity_tier_relative_return,4,sign_flip,recent_oos_2026JanApr,0.0007923304226830596,1.4109961636448922
a7ff24r_960517509172d6c7,L3_liquidity_tier_relative_return,4,same_family_placebo,validation_2025H1,9.777489896224949e-05,0.23472709712455633
a7ff24r_960517509172d6c7,L3_liquidity_tier_relative_return,4,same_family_placebo,test_2025H2,6.849452599475189e-05,0.9949909014139797
a7ff24r_960517509172d6c7,L3_liquidity_tier_relative_return,4,same_family_placebo,recent_oos_2026JanApr,0.00011451111278684584,0.20392343422811954
a7ff24r_960517509172d6c7,L5_vol_adjusted_return,4,one_bar_lag,validation_2025H1,-0.02418574515340113,0.5195666874353798
a7ff24r_960517509172d6c7,L5_vol_adjusted_return,4,one_bar_lag,test_2025H2,-0.014290877898204385,3.6619312734348015
a7ff24r_960517509172d6c7,L5_vol_adjusted_return,4,one_bar_lag,recent_oos_2026JanApr,-0.042787210087477726,0.64531814819729
a7ff24r_960517509172d6c7,L5_vol_adjusted_return,4,wrong_lag_future_24h,validation_2025H1,-0.0038858971067535597,0.08347820894766822
a7ff24r_960517509172d6c7,L5_vol_adjusted_return,4,wrong_lag_future_24h,test_2025H2,0.056759403286665684,14.544175343003586
a7ff24r_960517509172d6c7,L5_vol_adjusted_return,4,wrong_lag_future_24h,recent_oos_2026JanApr,-0.06803966471875757,1.026176522154764
a7ff24r_960517509172d6c7,L5_vol_adjusted_return,4,wrong_lag_stale_168h,validation_2025H1,0.023396558494151842,0.5026131019364155
a7ff24r_960517509172d6c7,L5_vol_adjusted_return,4,wrong_lag_stale_168h,test_2025H2,0.04160452025918646,10.660849175158754
a7ff24r_960517509172d6c7,L5_vol_adjusted_return,4,wrong_lag_stale_168h,recent_oos_2026JanApr,0.023189379040917793,0.34974299819818583
a7ff24r_960517509172d6c7,L5_vol_adjusted_return,4,time_shuffle,validation_2025H1,0.009837039066053793,0.21132273449938568
a7ff24r_960517509172d6c7,L5_vol_adjusted_return,4,time_shuffle,test_2025H2,0.005401151396909161,1.3840049123492169
a7ff24r_960517509172d6c7,L5_vol_adjusted_return,4,time_shuffle,recent_oos_2026JanApr,-0.004190778657549805,0.06320546530763971
a7ff24r_960517509172d6c7,L5_vol_adjusted_return,4,symbol_shuffle,validation_2025H1,-0.014429473365365843,0.3099790240213415
a7ff24r_960517509172d6c7,L5_vol_adjusted_return,4,symbol_shuffle,test_2025H2,-0.00801273674398441,2.0532042522232605
a7ff24r_960517509172d6c7,L5_vol_adjusted_return,4,symbol_shuffle,recent_oos_2026JanApr,-0.03342405094716615,0.5041026656886342
a7ff24r_960517509172d6c7,L5_vol_adjusted_return,4,sign_flip,validation_2025H1,0.04342284064516051,0.9328247415965085
a7ff24r_960517509172d6c7,L5_vol_adjusted_return,4,sign_flip,test_2025H2,-0.007247412422572588,1.8570955815830648
a7ff24r_960517509172d6c7,L5_vol_adjusted_return,4,sign_flip,recent_oos_2026JanApr,0.08420212716338404,1.2699393268281882
a7ff24r_960517509172d6c7,L5_vol_adjusted_return,4,same_family_placebo,validation_2025H1,-0.007659590248581659,0.16454601284047132
a7ff24r_960517509172d6c7,L5_vol_adjusted_return,4,same_family_placebo,test_2025H2,0.027454595297336643,7.035036044317844
a7ff24r_960517509172d6c7,L5_vol_adjusted_return,4,same_family_placebo,recent_oos_2026JanApr,-0.02728641947157057,0.4115347004006169
a7ff24r_960517509172d6c7,L7_ranked_future_return,4,one_bar_lag,validation_2025H1,-0.002029504189944134,0.285772815732869
a7ff24r_960517509172d6c7,L7_ranked_future_return,4,one_bar_lag,test_2025H2,0.004076224006828058,1.282466624284806
a7ff24r_960517509172d6c7,L7_ranked_future_return,4,one_bar_lag,recent_oos_2026JanApr,0.009111188702669148,0.6532267878148703
a7ff24r_960517509172d6c7,L7_ranked_future_return,4,wrong_lag_future_24h,validation_2025H1,0.005156039856196979,0.7260177313439631
a7ff24r_960517509172d6c7,L7_ranked_future_return,4,wrong_lag_future_24h,test_2025H2,0.017634702177736397,5.548251748251746
a7ff24r_960517509172d6c7,L7_ranked_future_return,4,wrong_lag_future_24h,recent_oos_2026JanApr,-0.0075037502586385255,0.5379814684970243
a7ff24r_960517509172d6c7,L7_ranked_future_return,4,wrong_lag_stale_168h,validation_2025H1,0.0029842036519759987,0.42020326174786904
a7ff24r_960517509172d6c7,L7_ranked_future_return,4,wrong_lag_stale_168h,test_2025H2,0.008894821410097248,2.798499682136045
a7ff24r_960517509172d6c7,L7_ranked_future_return,4,wrong_lag_stale_168h,recent_oos_2026JanApr,-0.0020885061038692326,0.14973547119736227
a7ff24r_960517509172d6c7,L7_ranked_future_return,4,time_shuffle,validation_2025H1,0.003920070996275607,0.5519819727542766
a7ff24r_960517509172d6c7,L7_ranked_future_return,4,time_shuffle,test_2025H2,-0.0006874740636995518,0.21629393779126327
a7ff24r_960517509172d6c7,L7_ranked_future_return,4,time_shuffle,recent_oos_2026JanApr,0.0077246827246827245,0.5538212244089825
a7ff24r_960517509172d6c7,L7_ranked_future_return,4,symbol_shuffle,validation_2025H1,0.006600859326505276,0.9294615726040494
a7ff24r_960517509172d6c7,L7_ranked_future_return,4,symbol_shuffle,test_2025H2,0.006857073117111523,2.157380801017163
a7ff24r_960517509172d6c7,L7_ranked_future_return,4,symbol_shuffle,recent_oos_2026JanApr,0.00268337471549762,0.192384583736549
a7ff24r_960517509172d6c7,L7_ranked_future_return,4,sign_flip,validation_2025H1,0.0028399318487481906,0.3998884677979221
a7ff24r_960517509172d6c7,L7_ranked_future_return,4,sign_flip,test_2025H2,-0.0042413485412787074,1.3344183089637627
a7ff24r_960517509172d6c7,L7_ranked_future_return,4,sign_flip,recent_oos_2026JanApr,-0.014232393182288434,1.0203916069327987
a7ff24r_960517509172d6c7,L7_ranked_future_return,4,same_family_placebo,validation_2025H1,0.0015319483240223476,0.21571238348868196
a7ff24r_960517509172d6c7,L7_ranked_future_return,4,same_family_placebo,test_2025H2,0.010274253827850195,3.2324984106802273
a7ff24r_960517509172d6c7,L7_ranked_future_return,4,same_family_placebo,recent_oos_2026JanApr,-0.0008885849886199074,0.06370711185541042
a7ff24r_960517509172d6c7,L0_raw_forward_return,8,one_bar_lag,validation_2025H1,0.00011492771330964843,0.4626247827924462
a7ff24r_960517509172d6c7,L0_raw_forward_return,8,one_bar_lag,test_2025H2,0.00013220440621772588,0.45377528180556415
a7ff24r_960517509172d6c7,L0_raw_forward_return,8,one_bar_lag,recent_oos_2026JanApr,0.00044860886702846354,1.2445975231908244
a7ff24r_960517509172d6c7,L0_raw_forward_return,8,wrong_lag_future_24h,validation_2025H1,-1.4307550848592316e-05,0.05759296355082197
a7ff24r_960517509172d6c7,L0_raw_forward_return,8,wrong_lag_future_24h,test_2025H2,-0.00014287849896996876,0.490412785692468
a7ff24r_960517509172d6c7,L0_raw_forward_return,8,wrong_lag_future_24h,recent_oos_2026JanApr,0.00044564419306872147,1.236372483209327
a7ff24r_960517509172d6c7,L0_raw_forward_return,8,wrong_lag_stale_168h,validation_2025H1,0.00022465653935356607,0.9043222015679037
a7ff24r_960517509172d6c7,L0_raw_forward_return,8,wrong_lag_stale_168h,test_2025H2,-0.00029111383961847323,0.9992122682569152
a7ff24r_960517509172d6c7,L0_raw_forward_return,8,wrong_lag_stale_168h,recent_oos_2026JanApr,-0.00045936288595604924,1.2744329239270547
a7ff24r_960517509172d6c7,L0_raw_forward_return,8,time_shuffle,validation_2025H1,0.0001628978125131796,0.65572143533589
a7ff24r_960517509172d6c7,L0_raw_forward_return,8,time_shuffle,test_2025H2,0.0001278041832215986,0.43867206030788863
a7ff24r_960517509172d6c7,L0_raw_forward_return,8,time_shuffle,recent_oos_2026JanApr,0.00042522938744668504,1.1797346893959548
a7ff24r_960517509172d6c7,L0_raw_forward_return,8,symbol_shuffle,validation_2025H1,-8.10283888371571e-05,0.32616798600015884
a7ff24r_960517509172d6c7,L0_raw_forward_return,8,symbol_shuffle,test_2025H2,0.0007996151584605694,2.7445801864491535
a7ff24r_960517509172d6c7,L0_raw_forward_return,8,symbol_shuffle,recent_oos_2026JanApr,0.0006004595341006375,1.6658842565199516
a7ff24r_960517509172d6c7,L0_raw_forward_return,8,sign_flip,validation_2025H1,-0.00020926987549859925,0.8423854256692501
a7ff24r_960517509172d6c7,L0_raw_forward_return,8,sign_flip,test_2025H2,-0.00030975071388896294,1.063181035380597
a7ff24r_960517509172d6c7,L0_raw_forward_return,8,sign_flip,recent_oos_2026JanApr,-0.0008347807134086,2.3159729659331325
a7ff24r_960517509172d6c7,L0_raw_forward_return,8,same_family_placebo,validation_2025H1,7.657360227118899e-05,0.3082358910500482
a7ff24r_960517509172d6c7,L0_raw_forward_return,8,same_family_placebo,test_2025H2,-0.00015555472691856814,0.5339223711455737
a7ff24r_960517509172d6c7,L0_raw_forward_return,8,same_family_placebo,recent_oos_2026JanApr,0.0008901753679260958,2.469657065552395
a7ff24r_960517509172d6c7,L1_cross_sectional_relative_return,8,one_bar_lag,validation_2025H1,0.00011492771330964864,0.46262478279244706
a7ff24r_960517509172d6c7,L1_cross_sectional_relative_return,8,one_bar_lag,test_2025H2,0.00013220440621772596,0.4537752818055642
a7ff24r_960517509172d6c7,L1_cross_sectional_relative_return,8,one_bar_lag,recent_oos_2026JanApr,0.00044860886702846354,1.2445975231908233
a7ff24r_960517509172d6c7,L1_cross_sectional_relative_return,8,wrong_lag_future_24h,validation_2025H1,-1.430755084859255e-05,0.05759296355082291
a7ff24r_960517509172d6c7,L1_cross_sectional_relative_return,8,wrong_lag_future_24h,test_2025H2,-0.00014287849896996865,0.4904127856924673
a7ff24r_960517509172d6c7,L1_cross_sectional_relative_return,8,wrong_lag_future_24h,recent_oos_2026JanApr,0.0004456441930687217,1.2363724832093266
a7ff24r_960517509172d6c7,L1_cross_sectional_relative_return,8,wrong_lag_stale_168h,validation_2025H1,0.00022465653935356604,0.9043222015679035
a7ff24r_960517509172d6c7,L1_cross_sectional_relative_return,8,wrong_lag_stale_168h,test_2025H2,-0.0002911138396184733,0.9992122682569149
a7ff24r_960517509172d6c7,L1_cross_sectional_relative_return,8,wrong_lag_stale_168h,recent_oos_2026JanApr,-0.00045936288595604924,1.2744329239270535
a7ff24r_960517509172d6c7,L1_cross_sectional_relative_return,8,time_shuffle,validation_2025H1,-0.0002728917113814783,1.0984858661859118
a7ff24r_960517509172d6c7,L1_cross_sectional_relative_return,8,time_shuffle,test_2025H2,4.230588154819716e-05,0.1452097087441251
a7ff24r_960517509172d6c7,L1_cross_sectional_relative_return,8,time_shuffle,recent_oos_2026JanApr,-0.00033032472524252316,0.9164360428467602
a7ff24r_960517509172d6c7,L1_cross_sectional_relative_return,8,symbol_shuffle,validation_2025H1,2.6079841132624163e-05,0.10498060469309675
a7ff24r_960517509172d6c7,L1_cross_sectional_relative_return,8,symbol_shuffle,test_2025H2,0.0016034648034405983,5.503694724427444
a7ff24r_960517509172d6c7,L1_cross_sectional_relative_return,8,symbol_shuffle,recent_oos_2026JanApr,1.4121375079559343e-05,0.03917762162055758
a7ff24r_960517509172d6c7,L1_cross_sectional_relative_return,8,sign_flip,validation_2025H1,-0.00020926987549859934,0.8423854256692505
a7ff24r_960517509172d6c7,L1_cross_sectional_relative_return,8,sign_flip,test_2025H2,-0.0003097507138889628,1.063181035380596
a7ff24r_960517509172d6c7,L1_cross_sectional_relative_return,8,sign_flip,recent_oos_2026JanApr,-0.0008347807134086003,2.3159729659331316
a7ff24r_960517509172d6c7,L1_cross_sectional_relative_return,8,same_family_placebo,validation_2025H1,0.00021814204985956518,0.8780990722601285
a7ff24r_960517509172d6c7,L1_cross_sectional_relative_return,8,same_family_placebo,test_2025H2,0.00019035275835646,0.6533623124740273
a7ff24r_960517509172d6c7,L1_cross_sectional_relative_return,8,same_family_placebo,recent_oos_2026JanApr,-0.0004114294093943062,1.1414487352688174
a7ff24r_960517509172d6c7,L3_liquidity_tier_relative_return,8,one_bar_lag,validation_2025H1,0.0002807577088176692,0.6501049243695626
a7ff24r_960517509172d6c7,L3_liquidity_tier_relative_return,8,one_bar_lag,test_2025H2,0.00023318782765026748,0.6492582400084652
a7ff24r_960517509172d6c7,L3_liquidity_tier_relative_return,8,one_bar_lag,recent_oos_2026JanApr,0.0004457544449489113,1.245163781682971
a7ff24r_960517509172d6c7,L3_liquidity_tier_relative_return,8,wrong_lag_future_24h,validation_2025H1,0.000169468808076451,0.39241133260953404
a7ff24r_960517509172d6c7,L3_liquidity_tier_relative_return,8,wrong_lag_future_24h,test_2025H2,-0.00013315814475562773,0.3707484373347913
a7ff24r_960517509172d6c7,L3_liquidity_tier_relative_return,8,wrong_lag_future_24h,recent_oos_2026JanApr,0.0003163698785918803,0.8837428743603385
a7ff24r_960517509172d6c7,L3_liquidity_tier_relative_return,8,wrong_lag_stale_168h,validation_2025H1,0.00037550075176130606,0.8694859665742316
a7ff24r_960517509172d6c7,L3_liquidity_tier_relative_return,8,wrong_lag_stale_168h,test_2025H2,-0.0002705464683147412,0.7532748412664986
a7ff24r_960517509172d6c7,L3_liquidity_tier_relative_return,8,wrong_lag_stale_168h,recent_oos_2026JanApr,-0.00046216434208329663,1.291002942244167
a7ff24r_960517509172d6c7,L3_liquidity_tier_relative_return,8,time_shuffle,validation_2025H1,-4.220435656343035e-05,0.09772575843875887
a7ff24r_960517509172d6c7,L3_liquidity_tier_relative_return,8,time_shuffle,test_2025H2,0.00045643520197572585,1.2708395583886223
a7ff24r_960517509172d6c7,L3_liquidity_tier_relative_return,8,time_shuffle,recent_oos_2026JanApr,0.0009029599642441208,2.52231482271678
a7ff24r_960517509172d6c7,L3_liquidity_tier_relative_return,8,symbol_shuffle,validation_2025H1,0.00033604536127600324,0.7781255414039394
a7ff24r_960517509172d6c7,L3_liquidity_tier_relative_return,8,symbol_shuffle,test_2025H2,0.00032997190216050876,0.9187313875160227
a7ff24r_960517509172d6c7,L3_liquidity_tier_relative_return,8,symbol_shuffle,recent_oos_2026JanApr,-4.178846654042222e-05,0.11673127574570365
a7ff24r_960517509172d6c7,L3_liquidity_tier_relative_return,8,sign_flip,validation_2025H1,-0.0003974655330692143,0.9203462352062323
a7ff24r_960517509172d6c7,L3_liquidity_tier_relative_return,8,sign_flip,test_2025H2,-0.00034649003794556897,0.9647223634434351
a7ff24r_960517509172d6c7,L3_liquidity_tier_relative_return,8,sign_flip,recent_oos_2026JanApr,-0.0007705733232423904,2.1525079651028007
a7ff24r_960517509172d6c7,L3_liquidity_tier_relative_return,8,same_family_placebo,validation_2025H1,0.00010090274394625373,0.23364405913591896
a7ff24r_960517509172d6c7,L3_liquidity_tier_relative_return,8,same_family_placebo,test_2025H2,-3.3748355529289564e-05,0.09396458698088209
a7ff24r_960517509172d6c7,L3_liquidity_tier_relative_return,8,same_family_placebo,recent_oos_2026JanApr,-0.000405296288965278,1.1321485754963583
a7ff24r_960517509172d6c7,L5_vol_adjusted_return,8,one_bar_lag,validation_2025H1,0.018680940272358542,0.4716691154514501
a7ff24r_960517509172d6c7,L5_vol_adjusted_return,8,one_bar_lag,test_2025H2,-0.018076585311113703,3.4008495594305606
a7ff24r_960517509172d6c7,L5_vol_adjusted_return,8,one_bar_lag,recent_oos_2026JanApr,0.07927858708418471,1.2296238059135425
a7ff24r_960517509172d6c7,L5_vol_adjusted_return,8,wrong_lag_future_24h,validation_2025H1,0.019244997294341357,0.48591081168001066
a7ff24r_960517509172d6c7,L5_vol_adjusted_return,8,wrong_lag_future_24h,test_2025H2,-0.039397681874134456,7.412107250248175
a7ff24r_960517509172d6c7,L5_vol_adjusted_return,8,wrong_lag_future_24h,recent_oos_2026JanApr,0.050044077533105705,0.776191798352137
a7ff24r_960517509172d6c7,L5_vol_adjusted_return,8,wrong_lag_stale_168h,validation_2025H1,-0.005395453805879281,0.13622809596173185
a7ff24r_960517509172d6c7,L5_vol_adjusted_return,8,wrong_lag_stale_168h,test_2025H2,-0.04548401581193496,8.55716345055777
a7ff24r_960517509172d6c7,L5_vol_adjusted_return,8,wrong_lag_stale_168h,recent_oos_2026JanApr,0.05764809937372488,0.8941314163473864
a7ff24r_960517509172d6c7,L5_vol_adjusted_return,8,time_shuffle,validation_2025H1,0.032354420646979784,0.8169064696430498
a7ff24r_960517509172d6c7,L5_vol_adjusted_return,8,time_shuffle,test_2025H2,-0.040388557086593765,7.598526171285828
a7ff24r_960517509172d6c7,L5_vol_adjusted_return,8,time_shuffle,recent_oos_2026JanApr,-0.01796737346238183,0.2786768905911957
a7ff24r_960517509172d6c7,L5_vol_adjusted_return,8,symbol_shuffle,validation_2025H1,-0.013084987515001647,0.3303786852756145
a7ff24r_960517509172d6c7,L5_vol_adjusted_return,8,symbol_shuffle,test_2025H2,-0.06497929463258875,12.224919790989723
a7ff24r_960517509172d6c7,L5_vol_adjusted_return,8,symbol_shuffle,recent_oos_2026JanApr,0.0008924812533258071,0.013842529689077808
a7ff24r_960517509172d6c7,L5_vol_adjusted_return,8,sign_flip,validation_2025H1,-0.035075779452090686,0.8856171920006357
a7ff24r_960517509172d6c7,L5_vol_adjusted_return,8,sign_flip,test_2025H2,-0.008993725159994276,1.6920400463687824
a7ff24r_960517509172d6c7,L5_vol_adjusted_return,8,sign_flip,recent_oos_2026JanApr,-0.1096955411486754,1.7013957205840253
a7ff24r_960517509172d6c7,L5_vol_adjusted_return,8,same_family_placebo,validation_2025H1,0.020586309986299945,0.5197771889466853
a7ff24r_960517509172d6c7,L5_vol_adjusted_return,8,same_family_placebo,test_2025H2,-0.007718962934566046,1.4522118665376647
a7ff24r_960517509172d6c7,L5_vol_adjusted_return,8,same_family_placebo,recent_oos_2026JanApr,0.0030624782540812096,0.0474995368208576
a7ff24r_960517509172d6c7,L7_ranked_future_return,8,one_bar_lag,validation_2025H1,0.007588577429255096,1.841809358478655
a7ff24r_960517509172d6c7,L7_ranked_future_return,8,one_bar_lag,test_2025H2,0.007115779754473574,1.814804834062312
a7ff24r_960517509172d6c7,L7_ranked_future_return,8,one_bar_lag,recent_oos_2026JanApr,0.0172519539377861,1.0326144595311184
a7ff24r_960517509172d6c7,L7_ranked_future_return,8,wrong_lag_future_24h,validation_2025H1,0.0008131112151477308,0.19734869407401537
a7ff24r_960517509172d6c7,L7_ranked_future_return,8,wrong_lag_future_24h,test_2025H2,0.011445410034332084,2.919031529197156
a7ff24r_960517509172d6c7,L7_ranked_future_return,8,wrong_lag_future_24h,recent_oos_2026JanApr,-0.00967304866312942,0.578979630557569
a7ff24r_960517509172d6c7,L7_ranked_future_return,8,wrong_lag_stale_168h,validation_2025H1,-0.0060174618965876,1.4604868618322422
a7ff24r_960517509172d6c7,L7_ranked_future_return,8,wrong_lag_stale_168h,test_2025H2,0.001856809847066168,0.47355983499512877
a7ff24r_960517509172d6c7,L7_ranked_future_return,8,wrong_lag_stale_168h,recent_oos_2026JanApr,0.0031591370162297127,0.18908991841520192
a7ff24r_960517509172d6c7,L7_ranked_future_return,8,time_shuffle,validation_2025H1,-0.0005275984611371943,0.12805243041933465
a7ff24r_960517509172d6c7,L7_ranked_future_return,8,time_shuffle,test_2025H2,0.006585892670839856,1.679662702902184
a7ff24r_960517509172d6c7,L7_ranked_future_return,8,time_shuffle,recent_oos_2026JanApr,0.005739844157537819,0.3435579583566501
a7ff24r_960517509172d6c7,L7_ranked_future_return,8,symbol_shuffle,validation_2025H1,0.001661416068456097,0.40323916988874003
a7ff24r_960517509172d6c7,L7_ranked_future_return,8,symbol_shuffle,test_2025H2,-0.006205459321681231,1.5826371758462716
a7ff24r_960517509172d6c7,L7_ranked_future_return,8,symbol_shuffle,recent_oos_2026JanApr,0.009045577793383271,0.5414224068731666
a7ff24r_960517509172d6c7,L7_ranked_future_return,8,sign_flip,validation_2025H1,-0.005689665262172284,1.3809279570740944
a7ff24r_960517509172d6c7,L7_ranked_future_return,8,sign_flip,test_2025H2,-0.005448918019142737,1.3896892684645838
a7ff24r_960517509172d6c7,L7_ranked_future_return,8,sign_flip,recent_oos_2026JanApr,-0.015594845635663754,0.9334283615417922
a7ff24r_960517509172d6c7,L7_ranked_future_return,8,same_family_placebo,validation_2025H1,0.0050151340771951705,1.217213761540282
a7ff24r_960517509172d6c7,L7_ranked_future_return,8,same_family_placebo,test_2025H2,-0.005212478542446942,1.3293878650940074
a7ff24r_960517509172d6c7,L7_ranked_future_return,8,same_family_placebo,recent_oos_2026JanApr,-0.001064831070536829,0.0637353869804868
a7ff24r_960517509172d6c7,L0_raw_forward_return,24,one_bar_lag,validation_2025H1,0.00044378921706719505,1.6594678582618976
a7ff24r_960517509172d6c7,L0_raw_forward_return,24,one_bar_lag,test_2025H2,-0.00036546319623572733,3.7896272893676763
a7ff24r_960517509172d6c7,L0_raw_forward_return,24,one_bar_lag,recent_oos_2026JanApr,0.0010838676980014829,0.7538894886519376
a7ff24r_960517509172d6c7,L0_raw_forward_return,24,wrong_lag_future_24h,validation_2025H1,0.002015266331359098,7.535716448517115
a7ff24r_960517509172d6c7,L0_raw_forward_return,24,wrong_lag_future_24h,test_2025H2,0.00014898832482375193,1.5449167723720305
a7ff24r_960517509172d6c7,L0_raw_forward_return,24,wrong_lag_future_24h,recent_oos_2026JanApr,0.007373341353424194,5.128563710163771
a7ff24r_960517509172d6c7,L0_raw_forward_return,24,wrong_lag_stale_168h,validation_2025H1,-0.0006857407093314388,2.5642008018075293
a7ff24r_960517509172d6c7,L0_raw_forward_return,24,wrong_lag_stale_168h,test_2025H2,-0.0006269550257017196,6.5011358163489446
a7ff24r_960517509172d6c7,L0_raw_forward_return,24,wrong_lag_stale_168h,recent_oos_2026JanApr,0.002021216770768551,1.4058672295327865
a7ff24r_960517509172d6c7,L0_raw_forward_return,24,time_shuffle,validation_2025H1,-5.8292163996772505e-05,0.21797278712729218
a7ff24r_960517509172d6c7,L0_raw_forward_return,24,time_shuffle,test_2025H2,8.022147695028676e-05,0.8318470953449925
a7ff24r_960517509172d6c7,L0_raw_forward_return,24,time_shuffle,recent_oos_2026JanApr,0.000869635142042575,0.6048789845449707
a7ff24r_960517509172d6c7,L0_raw_forward_return,24,symbol_shuffle,validation_2025H1,0.00031228326494995277,1.1677256249762946
a7ff24r_960517509172d6c7,L0_raw_forward_return,24,symbol_shuffle,test_2025H2,-0.0011547023992375801,11.973549644179684
a7ff24r_960517509172d6c7,L0_raw_forward_return,24,symbol_shuffle,recent_oos_2026JanApr,-0.00013221684074260227,0.09196407148437662
a7ff24r_960517509172d6c7,L0_raw_forward_return,24,sign_flip,validation_2025H1,-0.000524340053902858,1.9606728437463503
a7ff24r_960517509172d6c7,L0_raw_forward_return,24,sign_flip,test_2025H2,-0.00014422139464162782,1.4954866549463737
a7ff24r_960517509172d6c7,L0_raw_forward_return,24,sign_flip,recent_oos_2026JanApr,-0.0018442949199970625,1.2828083692536147
a7ff24r_960517509172d6c7,L0_raw_forward_return,24,same_family_placebo,validation_2025H1,0.0002977065336407289,1.1132186289613053
a7ff24r_960517509172d6c7,L0_raw_forward_return,24,same_family_placebo,test_2025H2,-0.00029343283909973354,3.0427170399170187
a7ff24r_960517509172d6c7,L0_raw_forward_return,24,same_family_placebo,recent_oos_2026JanApr,-0.0012001005026514471,0.8347357855050636
a7ff24r_960517509172d6c7,L1_cross_sectional_relative_return,24,one_bar_lag,validation_2025H1,0.0004437892170671949,1.6594678582618987
a7ff24r_960517509172d6c7,L1_cross_sectional_relative_return,24,one_bar_lag,test_2025H2,-0.00036546319623572733,3.7896272893676706
a7ff24r_960517509172d6c7,L1_cross_sectional_relative_return,24,one_bar_lag,recent_oos_2026JanApr,0.0010838676980014829,0.7538894886519373
a7ff24r_960517509172d6c7,L1_cross_sectional_relative_return,24,wrong_lag_future_24h,validation_2025H1,0.002015266331359098,7.535716448517123
a7ff24r_960517509172d6c7,L1_cross_sectional_relative_return,24,wrong_lag_future_24h,test_2025H2,0.0001489883248237519,1.5449167723720278
a7ff24r_960517509172d6c7,L1_cross_sectional_relative_return,24,wrong_lag_future_24h,recent_oos_2026JanApr,0.007373341353424194,5.128563710163769
a7ff24r_960517509172d6c7,L1_cross_sectional_relative_return,24,wrong_lag_stale_168h,validation_2025H1,-0.0006857407093314389,2.564200801807532
a7ff24r_960517509172d6c7,L1_cross_sectional_relative_return,24,wrong_lag_stale_168h,test_2025H2,-0.0006269550257017196,6.501135816348934
a7ff24r_960517509172d6c7,L1_cross_sectional_relative_return,24,wrong_lag_stale_168h,recent_oos_2026JanApr,0.0020212167707685516,1.405867229532786
a7ff24r_960517509172d6c7,L1_cross_sectional_relative_return,24,time_shuffle,validation_2025H1,-0.000600143597412441,2.2441262021398347
a7ff24r_960517509172d6c7,L1_cross_sectional_relative_return,24,time_shuffle,test_2025H2,7.260719778253436e-06,0.07528917301531256
a7ff24r_960517509172d6c7,L1_cross_sectional_relative_return,24,time_shuffle,recent_oos_2026JanApr,0.0011080564056515896,0.7707140627905654
a7ff24r_960517509172d6c7,L1_cross_sectional_relative_return,24,symbol_shuffle,validation_2025H1,0.0010208303912882877,3.817206813349262
a7ff24r_960517509172d6c7,L1_cross_sectional_relative_return,24,symbol_shuffle,test_2025H2,0.0007681797881261908,7.965549248756612
a7ff24r_960517509172d6c7,L1_cross_sectional_relative_return,24,symbol_shuffle,recent_oos_2026JanApr,-0.0030264482905379402,2.1050609390723403
a7ff24r_960517509172d6c7,L1_cross_sectional_relative_return,24,sign_flip,validation_2025H1,-0.000524340053902858,1.9606728437463523
a7ff24r_960517509172d6c7,L1_cross_sectional_relative_return,24,sign_flip,test_2025H2,-0.0001442213946416281,1.4954866549463741
a7ff24r_960517509172d6c7,L1_cross_sectional_relative_return,24,sign_flip,recent_oos_2026JanApr,-0.0018442949199970631,1.2828083692536145
a7ff24r_960517509172d6c7,L1_cross_sectional_relative_return,24,same_family_placebo,validation_2025H1,7.644538533924516e-05,0.28585340743805143
a7ff24r_960517509172d6c7,L1_cross_sectional_relative_return,24,same_family_placebo,test_2025H2,-0.0005203220981561562,5.395418315013492
a7ff24r_960517509172d6c7,L1_cross_sectional_relative_return,24,same_family_placebo,recent_oos_2026JanApr,0.0005229670356076305,0.36375228432678747
a7ff24r_960517509172d6c7,L3_liquidity_tier_relative_return,24,one_bar_lag,validation_2025H1,0.0005479879436489264,1.4546517943750088
a7ff24r_960517509172d6c7,L3_liquidity_tier_relative_return,24,one_bar_lag,test_2025H2,7.664382485540003e-05,0.3494970684894409
a7ff24r_960517509172d6c7,L3_liquidity_tier_relative_return,24,one_bar_lag,recent_oos_2026JanApr,0.001342817140907665,0.8177999295015212
a7ff24r_960517509172d6c7,L3_liquidity_tier_relative_return,24,wrong_lag_future_24h,validation_2025H1,0.0024941941418623647,6.620919357861191
a7ff24r_960517509172d6c7,L3_liquidity_tier_relative_return,24,wrong_lag_future_24h,test_2025H2,0.0005567267458017585,2.538682874640902
a7ff24r_960517509172d6c7,L3_liquidity_tier_relative_return,24,wrong_lag_future_24h,recent_oos_2026JanApr,0.006892225234657186,4.197489843778237
a7ff24r_960517509172d6c7,L3_liquidity_tier_relative_return,24,wrong_lag_stale_168h,validation_2025H1,-0.00046407798693141747,1.2319100889785624
a7ff24r_960517509172d6c7,L3_liquidity_tier_relative_return,24,wrong_lag_stale_168h,test_2025H2,-0.0006537578452120164,2.9811462415223544
a7ff24r_960517509172d6c7,L3_liquidity_tier_relative_return,24,wrong_lag_stale_168h,recent_oos_2026JanApr,0.0019886708703292324,1.2111365337931783
a7ff24r_960517509172d6c7,L3_liquidity_tier_relative_return,24,time_shuffle,validation_2025H1,0.0005873682223719127,1.5591880232670807
a7ff24r_960517509172d6c7,L3_liquidity_tier_relative_return,24,time_shuffle,test_2025H2,0.0007883864927923405,3.5950550300358786
a7ff24r_960517509172d6c7,L3_liquidity_tier_relative_return,24,time_shuffle,recent_oos_2026JanApr,0.0006777785281353016,0.412779384207167
a7ff24r_960517509172d6c7,L3_liquidity_tier_relative_return,24,symbol_shuffle,validation_2025H1,0.0013984044543647416,3.712110042528418
a7ff24r_960517509172d6c7,L3_liquidity_tier_relative_return,24,symbol_shuffle,test_2025H2,0.00035417913059526495,1.6150625062974342
a7ff24r_960517509172d6c7,L3_liquidity_tier_relative_return,24,symbol_shuffle,recent_oos_2026JanApr,0.00034397181670684846,0.20948505860092656
a7ff24r_960517509172d6c7,L3_liquidity_tier_relative_return,24,sign_flip,validation_2025H1,-0.0006531413050445949,1.7337848074486857
a7ff24r_960517509172d6c7,L3_liquidity_tier_relative_return,24,sign_flip,test_2025H2,-0.00042225090192796633,1.9254708734757129
a7ff24r_960517509172d6c7,L3_liquidity_tier_relative_return,24,sign_flip,recent_oos_2026JanApr,-0.001973009787237596,1.201598650891564
a7ff24r_960517509172d6c7,L3_liquidity_tier_relative_return,24,same_family_placebo,validation_2025H1,-0.0012855030959118498,3.412409719621146
a7ff24r_960517509172d6c7,L3_liquidity_tier_relative_return,24,same_family_placebo,test_2025H2,-0.0008416233253591938,3.8378158389188073
a7ff24r_960517509172d6c7,L3_liquidity_tier_relative_return,24,same_family_placebo,recent_oos_2026JanApr,0.0004895967733688843,0.2981732914688625
a7ff24r_960517509172d6c7,L5_vol_adjusted_return,24,one_bar_lag,validation_2025H1,0.05181418265680072,1.311118899211467
a7ff24r_960517509172d6c7,L5_vol_adjusted_return,24,one_bar_lag,test_2025H2,-0.07570544158545281,1.8241000299529098
a7ff24r_960517509172d6c7,L5_vol_adjusted_return,24,one_bar_lag,recent_oos_2026JanApr,0.07627258925455381,0.6488400842816534
a7ff24r_960517509172d6c7,L5_vol_adjusted_return,24,wrong_lag_future_24h,validation_2025H1,0.17354048205778488,4.391311300060934
a7ff24r_960517509172d6c7,L5_vol_adjusted_return,24,wrong_lag_future_24h,test_2025H2,0.025700550424390633,0.6192470952833796
a7ff24r_960517509172d6c7,L5_vol_adjusted_return,24,wrong_lag_future_24h,recent_oos_2026JanApr,0.7842014846051536,6.671090654427032
a7ff24r_960517509172d6c7,L5_vol_adjusted_return,24,wrong_lag_stale_168h,validation_2025H1,-0.10074266634138392,2.5492173575724038
a7ff24r_960517509172d6c7,L5_vol_adjusted_return,24,wrong_lag_stale_168h,test_2025H2,-0.07667297550244928,1.8474124710405377
a7ff24r_960517509172d6c7,L5_vol_adjusted_return,24,wrong_lag_stale_168h,recent_oos_2026JanApr,0.28344605335121803,2.4112353198331475
a7ff24r_960517509172d6c7,L5_vol_adjusted_return,24,time_shuffle,validation_2025H1,-0.03852560607948587,0.9748614692807542
a7ff24r_960517509172d6c7,L5_vol_adjusted_return,24,time_shuffle,test_2025H2,0.01568219251088493,0.37785775011355677
a7ff24r_960517509172d6c7,L5_vol_adjusted_return,24,time_shuffle,recent_oos_2026JanApr,0.09578327430420637,0.8148147110215415
a7ff24r_960517509172d6c7,L5_vol_adjusted_return,24,symbol_shuffle,validation_2025H1,-0.0207870550865749,0.5260007856050013
a7ff24r_960517509172d6c7,L5_vol_adjusted_return,24,symbol_shuffle,test_2025H2,0.03838402667358606,0.9248516716723783
a7ff24r_960517509172d6c7,L5_vol_adjusted_return,24,symbol_shuffle,recent_oos_2026JanApr,0.11460536504167645,0.9749315637443284
a7ff24r_960517509172d6c7,L5_vol_adjusted_return,24,sign_flip,validation_2025H1,-0.06924349287034381,1.752154477685394
a7ff24r_960517509172d6c7,L5_vol_adjusted_return,24,sign_flip,test_2025H2,0.00288387409489669,0.06948608597631244
a7ff24r_960517509172d6c7,L5_vol_adjusted_return,24,sign_flip,recent_oos_2026JanApr,-0.16648987926861294,1.4163057574479752
a7ff24r_960517509172d6c7,L5_vol_adjusted_return,24,same_family_placebo,validation_2025H1,-0.07778244148089772,1.9682261462640214
a7ff24r_960517509172d6c7,L5_vol_adjusted_return,24,same_family_placebo,test_2025H2,-0.022112986708271203,0.5328058178139816
a7ff24r_960517509172d6c7,L5_vol_adjusted_return,24,same_family_placebo,recent_oos_2026JanApr,0.1323847294492971,1.1261780916708215
a7ff24r_960517509172d6c7,L7_ranked_future_return,24,one_bar_lag,validation_2025H1,0.00437087590464027,1.5308095515433895
a7ff24r_960517509172d6c7,L7_ranked_future_return,24,one_bar_lag,test_2025H2,0.0168806872605364,1.2631009189152196
a7ff24r_960517509172d6c7,L7_ranked_future_return,24,one_bar_lag,recent_oos_2026JanApr,0.013375372498935719,1.034455262176379
a7ff24r_960517509172d6c7,L7_ranked_future_return,24,wrong_lag_future_24h,validation_2025H1,-0.009340660254363559,3.2713744903902175
a7ff24r_960517509172d6c7,L7_ranked_future_return,24,wrong_lag_future_24h,test_2025H2,0.0031573442156236685,0.23624893456850793
a7ff24r_960517509172d6c7,L7_ranked_future_return,24,wrong_lag_future_24h,recent_oos_2026JanApr,-0.02776056633141763,2.1470104047432255
a7ff24r_960517509172d6c7,L7_ranked_future_return,24,wrong_lag_stale_168h,validation_2025H1,0.012604515884418901,4.414472917880026
a7ff24r_960517509172d6c7,L7_ranked_future_return,24,wrong_lag_stale_168h,test_2025H2,0.009836549462537248,0.7360218499001447
a7ff24r_960517509172d6c7,L7_ranked_future_return,24,wrong_lag_stale_168h,recent_oos_2026JanApr,-0.00040816903469561585,0.03156791377824655
a7ff24r_960517509172d6c7,L7_ranked_future_return,24,time_shuffle,validation_2025H1,0.0037187749800159857,1.3024245903219187
a7ff24r_960517509172d6c7,L7_ranked_future_return,24,time_shuffle,test_2025H2,-0.0007063515853983491,0.05285290360657548
a7ff24r_960517509172d6c7,L7_ranked_future_return,24,time_shuffle,recent_oos_2026JanApr,0.0035062293795231994,0.2711728164829651
a7ff24r_960517509172d6c7,L7_ranked_future_return,24,symbol_shuffle,validation_2025H1,-0.007278778868667519,2.5492428654630186
a7ff24r_960517509172d6c7,L7_ranked_future_return,24,symbol_shuffle,test_2025H2,0.002416753139633888,0.18083405399015767
a7ff24r_960517509172d6c7,L7_ranked_future_return,24,symbol_shuffle,recent_oos_2026JanApr,0.013178064468922945,1.019195400820547
a7ff24r_960517509172d6c7,L7_ranked_future_return,24,sign_flip,validation_2025H1,-0.0012566850255427838,0.44012813046010496
a7ff24r_960517509172d6c7,L7_ranked_future_return,24,sign_flip,test_2025H2,-0.013733653283312048,1.0276234500693697
a7ff24r_960517509172d6c7,L7_ranked_future_return,24,sign_flip,recent_oos_2026JanApr,-0.013981182151979566,1.0813087597906188
a7ff24r_960517509172d6c7,L7_ranked_future_return,24,same_family_placebo,validation_2025H1,-0.0008811927948062985,0.30861968549796104
a7ff24r_960517509172d6c7,L7_ranked_future_return,24,same_family_placebo,test_2025H2,0.01139647190293742,0.8527433694387586
a7ff24r_960517509172d6c7,L7_ranked_future_return,24,same_family_placebo,recent_oos_2026JanApr,0.0023453297945934455,0.18138849947911986
a7ff24r_983a5ca49e1bfb63,L0_raw_forward_return,1,one_bar_lag,validation_2025H1,0.00018971677382201063,2.6144679754897564
a7ff24r_983a5ca49e1bfb63,L0_raw_forward_return,1,one_bar_lag,test_2025H2,-0.00019904919965774688,0.7458946699101479
a7ff24r_983a5ca49e1bfb63,L0_raw_forward_return,1,one_bar_lag,recent_oos_2026JanApr,-0.0007045475175482292,8.172777914726412
a7ff24r_983a5ca49e1bfb63,L0_raw_forward_return,1,wrong_lag_future_24h,validation_2025H1,-5.848430625163762e-06,0.08059664028816733
a7ff24r_983a5ca49e1bfb63,L0_raw_forward_return,1,wrong_lag_future_24h,test_2025H2,0.00013137223899097598,0.49228960983525044
a7ff24r_983a5ca49e1bfb63,L0_raw_forward_return,1,wrong_lag_future_24h,recent_oos_2026JanApr,-0.0002463799263522834,2.8580164865686606
a7ff24r_983a5ca49e1bfb63,L0_raw_forward_return,1,wrong_lag_stale_168h,validation_2025H1,5.4078860857524335e-06,0.07452553984267696
a7ff24r_983a5ca49e1bfb63,L0_raw_forward_return,1,wrong_lag_stale_168h,test_2025H2,-9.103186783779062e-05,0.341122622592421
a7ff24r_983a5ca49e1bfb63,L0_raw_forward_return,1,wrong_lag_stale_168h,recent_oos_2026JanApr,0.00022848789728299845,2.6504682710331693
a7ff24r_983a5ca49e1bfb63,L0_raw_forward_return,1,time_shuffle,validation_2025H1,-2.659795425739604e-05,0.3665437600406607
a7ff24r_983a5ca49e1bfb63,L0_raw_forward_return,1,time_shuffle,test_2025H2,0.00010823907497144299,0.40560298276015727
a7ff24r_983a5ca49e1bfb63,L0_raw_forward_return,1,time_shuffle,recent_oos_2026JanApr,0.00028651711967178265,3.323609450776717
a7ff24r_983a5ca49e1bfb63,L0_raw_forward_return,1,symbol_shuffle,validation_2025H1,-6.480616108926052e-05,0.8930872551167353
a7ff24r_983a5ca49e1bfb63,L0_raw_forward_return,1,symbol_shuffle,test_2025H2,0.00014680831371156184,0.5501330268307313
a7ff24r_983a5ca49e1bfb63,L0_raw_forward_return,1,symbol_shuffle,recent_oos_2026JanApr,-7.320626554569301e-05,0.8491954557635367
a7ff24r_983a5ca49e1bfb63,L0_raw_forward_return,1,sign_flip,validation_2025H1,-9.317783571460357e-06,0.12840744789906047
a7ff24r_983a5ca49e1bfb63,L0_raw_forward_return,1,sign_flip,test_2025H2,0.00018010953290582834,0.6749222846686046
a7ff24r_983a5ca49e1bfb63,L0_raw_forward_return,1,sign_flip,recent_oos_2026JanApr,3.6436328135016834e-05,0.42266278775896116
a7ff24r_983a5ca49e1bfb63,L0_raw_forward_return,1,same_family_placebo,validation_2025H1,2.4648640935628554e-05,0.3396804671895076
a7ff24r_983a5ca49e1bfb63,L0_raw_forward_return,1,same_family_placebo,test_2025H2,-0.00018989201479702934,0.7115800613071723
a7ff24r_983a5ca49e1bfb63,L0_raw_forward_return,1,same_family_placebo,recent_oos_2026JanApr,0.0001460506658795868,1.694193261350983
a7ff24r_983a5ca49e1bfb63,L1_cross_sectional_relative_return,1,one_bar_lag,validation_2025H1,0.00018971677382201063,2.614467975489757
a7ff24r_983a5ca49e1bfb63,L1_cross_sectional_relative_return,1,one_bar_lag,test_2025H2,-0.00019904919965774688,0.7458946699101479
a7ff24r_983a5ca49e1bfb63,L1_cross_sectional_relative_return,1,one_bar_lag,recent_oos_2026JanApr,-0.0007045475175482291,8.17277791472641
a7ff24r_983a5ca49e1bfb63,L1_cross_sectional_relative_return,1,wrong_lag_future_24h,validation_2025H1,-5.848430625163801e-06,0.08059664028816788
a7ff24r_983a5ca49e1bfb63,L1_cross_sectional_relative_return,1,wrong_lag_future_24h,test_2025H2,0.000131372238990976,0.49228960983525055
a7ff24r_983a5ca49e1bfb63,L1_cross_sectional_relative_return,1,wrong_lag_future_24h,recent_oos_2026JanApr,-0.0002463799263522833,2.8580164865686593
a7ff24r_983a5ca49e1bfb63,L1_cross_sectional_relative_return,1,wrong_lag_stale_168h,validation_2025H1,5.407886085752376e-06,0.07452553984267618
a7ff24r_983a5ca49e1bfb63,L1_cross_sectional_relative_return,1,wrong_lag_stale_168h,test_2025H2,-9.103186783779065e-05,0.34112262259242104
a7ff24r_983a5ca49e1bfb63,L1_cross_sectional_relative_return,1,wrong_lag_stale_168h,recent_oos_2026JanApr,0.00022848789728299837,2.6504682710331684
a7ff24r_983a5ca49e1bfb63,L1_cross_sectional_relative_return,1,time_shuffle,validation_2025H1,-2.9261911760355105e-05,0.40325549321659193
a7ff24r_983a5ca49e1bfb63,L1_cross_sectional_relative_return,1,time_shuffle,test_2025H2,4.1151064969917914e-05,0.1542048904239006
a7ff24r_983a5ca49e1bfb63,L1_cross_sectional_relative_return,1,time_shuffle,recent_oos_2026JanApr,0.0001460993512252486,1.6947580132064437
a7ff24r_983a5ca49e1bfb63,L1_cross_sectional_relative_return,1,symbol_shuffle,validation_2025H1,-3.285392107321225e-05,0.45275661600574835
a7ff24r_983a5ca49e1bfb63,L1_cross_sectional_relative_return,1,symbol_shuffle,test_2025H2,-4.398775400314348e-05,0.16483478109270827
a7ff24r_983a5ca49e1bfb63,L1_cross_sectional_relative_return,1,symbol_shuffle,recent_oos_2026JanApr,-3.183669446713141e-05,0.36930686282781877
a7ff24r_983a5ca49e1bfb63,L1_cross_sectional_relative_return,1,sign_flip,validation_2025H1,-9.317783571460357e-06,0.1284074478990605
a7ff24r_983a5ca49e1bfb63,L1_cross_sectional_relative_return,1,sign_flip,test_2025H2,0.00018010953290582843,0.6749222846686048
a7ff24r_983a5ca49e1bfb63,L1_cross_sectional_relative_return,1,sign_flip,recent_oos_2026JanApr,3.6436328135016834e-05,0.42266278775896116
a7ff24r_983a5ca49e1bfb63,L1_cross_sectional_relative_return,1,same_family_placebo,validation_2025H1,3.9615107633116307e-05,0.5459318549741546
a7ff24r_983a5ca49e1bfb63,L1_cross_sectional_relative_return,1,same_family_placebo,test_2025H2,-3.526803927995979e-05,0.1321594990702587
a7ff24r_983a5ca49e1bfb63,L1_cross_sectional_relative_return,1,same_family_placebo,recent_oos_2026JanApr,0.0001649101766548116,1.9129643013550388
a7ff24r_983a5ca49e1bfb63,L3_liquidity_tier_relative_return,1,one_bar_lag,validation_2025H1,0.00018422976736231,2.640752309435601
a7ff24r_983a5ca49e1bfb63,L3_liquidity_tier_relative_return,1,one_bar_lag,test_2025H2,-0.0001835116878956893,0.7849362627010434
a7ff24r_983a5ca49e1bfb63,L3_liquidity_tier_relative_return,1,one_bar_lag,recent_oos_2026JanApr,-0.0006498911384325136,10.432181498154423
a7ff24r_983a5ca49e1bfb63,L3_liquidity_tier_relative_return,1,wrong_lag_future_24h,validation_2025H1,-3.2491357752251916e-06,0.046573162008188576
a7ff24r_983a5ca49e1bfb63,L3_liquidity_tier_relative_return,1,wrong_lag_future_24h,test_2025H2,9.664860945467837e-05,0.41339600311305297
a7ff24r_983a5ca49e1bfb63,L3_liquidity_tier_relative_return,1,wrong_lag_future_24h,recent_oos_2026JanApr,-0.00024091063427606258,3.86714530015763
a7ff24r_983a5ca49e1bfb63,L3_liquidity_tier_relative_return,1,wrong_lag_stale_168h,validation_2025H1,-2.916032676807487e-05,0.41798457089320695
a7ff24r_983a5ca49e1bfb63,L3_liquidity_tier_relative_return,1,wrong_lag_stale_168h,test_2025H2,-0.00011420583335302093,0.488493681458227
a7ff24r_983a5ca49e1bfb63,L3_liquidity_tier_relative_return,1,wrong_lag_stale_168h,recent_oos_2026JanApr,0.00022142569332891853,3.554369162092877
a7ff24r_983a5ca49e1bfb63,L3_liquidity_tier_relative_return,1,time_shuffle,validation_2025H1,-2.7497971308204523e-05,0.3941563422491231
a7ff24r_983a5ca49e1bfb63,L3_liquidity_tier_relative_return,1,time_shuffle,test_2025H2,7.908794481839841e-05,0.33828360766724896
a7ff24r_983a5ca49e1bfb63,L3_liquidity_tier_relative_return,1,time_shuffle,recent_oos_2026JanApr,0.0001492858604596098,2.396366251706518
a7ff24r_983a5ca49e1bfb63,L3_liquidity_tier_relative_return,1,symbol_shuffle,validation_2025H1,0.00014155488650093053,2.0290499130039152
a7ff24r_983a5ca49e1bfb63,L3_liquidity_tier_relative_return,1,symbol_shuffle,test_2025H2,-0.00010322619879511632,0.4415303876510029
a7ff24r_983a5ca49e1bfb63,L3_liquidity_tier_relative_return,1,symbol_shuffle,recent_oos_2026JanApr,-7.69659369683016e-06,0.12354724909242827
a7ff24r_983a5ca49e1bfb63,L3_liquidity_tier_relative_return,1,sign_flip,validation_2025H1,-2.4147352476594086e-05,0.34612852055507126
a7ff24r_983a5ca49e1bfb63,L3_liquidity_tier_relative_return,1,sign_flip,test_2025H2,0.00015081443270171526,0.6450799865867461
a7ff24r_983a5ca49e1bfb63,L3_liquidity_tier_relative_return,1,sign_flip,recent_oos_2026JanApr,1.6915218939775553e-05,0.2715264505473514
a7ff24r_983a5ca49e1bfb63,L3_liquidity_tier_relative_return,1,same_family_placebo,validation_2025H1,7.106132496577754e-05,1.0185941213608762
a7ff24r_983a5ca49e1bfb63,L3_liquidity_tier_relative_return,1,same_family_placebo,test_2025H2,1.1757498834843147e-05,0.05029045996993655
a7ff24r_983a5ca49e1bfb63,L3_liquidity_tier_relative_return,1,same_family_placebo,recent_oos_2026JanApr,-0.00025939776587829955,4.163904404643912
a7ff24r_983a5ca49e1bfb63,L5_vol_adjusted_return,1,one_bar_lag,validation_2025H1,0.01265862089553616,2.265115813501266
a7ff24r_983a5ca49e1bfb63,L5_vol_adjusted_return,1,one_bar_lag,test_2025H2,-0.02269682719469837,0.696807447602385
a7ff24r_983a5ca49e1bfb63,L5_vol_adjusted_return,1,one_bar_lag,recent_oos_2026JanApr,-0.03581317973278226,2.1519513361404514
a7ff24r_983a5ca49e1bfb63,L5_vol_adjusted_return,1,wrong_lag_future_24h,validation_2025H1,-0.0006512505538002619,0.11653385784581151
a7ff24r_983a5ca49e1bfb63,L5_vol_adjusted_return,1,wrong_lag_future_24h,test_2025H2,0.010246215675499425,0.31456552632590035
a7ff24r_983a5ca49e1bfb63,L5_vol_adjusted_return,1,wrong_lag_future_24h,recent_oos_2026JanApr,-0.015236126408900418,0.9155121893079355
a7ff24r_983a5ca49e1bfb63,L5_vol_adjusted_return,1,wrong_lag_stale_168h,validation_2025H1,-0.0029783465614352522,0.5329411434363338
a7ff24r_983a5ca49e1bfb63,L5_vol_adjusted_return,1,wrong_lag_stale_168h,test_2025H2,-0.017103783635634865,0.5250973502707922
a7ff24r_983a5ca49e1bfb63,L5_vol_adjusted_return,1,wrong_lag_stale_168h,recent_oos_2026JanApr,0.023027255671943556,1.3836675207459164
a7ff24r_983a5ca49e1bfb63,L5_vol_adjusted_return,1,time_shuffle,validation_2025H1,-0.003946128999287293,0.7061147712823563
a7ff24r_983a5ca49e1bfb63,L5_vol_adjusted_return,1,time_shuffle,test_2025H2,0.020305073242621447,0.623379036118117
a7ff24r_983a5ca49e1bfb63,L5_vol_adjusted_return,1,time_shuffle,recent_oos_2026JanApr,0.0070787557794305365,0.4253500546842969
a7ff24r_983a5ca49e1bfb63,L5_vol_adjusted_return,1,symbol_shuffle,validation_2025H1,6.427579186989786e-05,0.011501419766916494
a7ff24r_983a5ca49e1bfb63,L5_vol_adjusted_return,1,symbol_shuffle,test_2025H2,0.004807739919655547,0.14760076170178543
a7ff24r_983a5ca49e1bfb63,L5_vol_adjusted_return,1,symbol_shuffle,recent_oos_2026JanApr,0.010839427946267704,0.651322268115085
a7ff24r_983a5ca49e1bfb63,L5_vol_adjusted_return,1,sign_flip,validation_2025H1,0.011766544311528886,2.1054888846308693
a7ff24r_983a5ca49e1bfb63,L5_vol_adjusted_return,1,sign_flip,test_2025H2,0.0247019990270299,0.7583675350324687
a7ff24r_983a5ca49e1bfb63,L5_vol_adjusted_return,1,sign_flip,recent_oos_2026JanApr,0.01078461322930384,0.6480285476386937
a7ff24r_983a5ca49e1bfb63,L5_vol_adjusted_return,1,same_family_placebo,validation_2025H1,0.0032524315263838433,0.5819855214512344
a7ff24r_983a5ca49e1bfb63,L5_vol_adjusted_return,1,same_family_placebo,test_2025H2,0.020589494038138697,0.6321109406644805
a7ff24r_983a5ca49e1bfb63,L5_vol_adjusted_return,1,same_family_placebo,recent_oos_2026JanApr,0.02632254932568995,1.581675953229881
a7ff24r_983a5ca49e1bfb63,L7_ranked_future_return,1,one_bar_lag,validation_2025H1,0.007702151908514913,1.9623098060123858
a7ff24r_983a5ca49e1bfb63,L7_ranked_future_return,1,one_bar_lag,test_2025H2,-0.001888715036315871,0.1450649719958952
a7ff24r_983a5ca49e1bfb63,L7_ranked_future_return,1,one_bar_lag,recent_oos_2026JanApr,-0.010577238834801422,5.507984408399348
a7ff24r_983a5ca49e1bfb63,L7_ranked_future_return,1,wrong_lag_future_24h,validation_2025H1,-0.00610069605419049,1.5543001271377597
a7ff24r_983a5ca49e1bfb63,L7_ranked_future_return,1,wrong_lag_future_24h,test_2025H2,0.002043733580590326,0.15697135297535883
a7ff24r_983a5ca49e1bfb63,L7_ranked_future_return,1,wrong_lag_future_24h,recent_oos_2026JanApr,-0.004091169577087518,2.1304329603084793
a7ff24r_983a5ca49e1bfb63,L7_ranked_future_return,1,wrong_lag_stale_168h,validation_2025H1,-0.004044969865554011,1.0305540745601447
a7ff24r_983a5ca49e1bfb63,L7_ranked_future_return,1,wrong_lag_stale_168h,test_2025H2,-0.008857064209550302,0.6802771973640286
a7ff24r_983a5ca49e1bfb63,L7_ranked_future_return,1,wrong_lag_stale_168h,recent_oos_2026JanApr,0.0036202383711945625,1.8852005532503473
a7ff24r_983a5ca49e1bfb63,L7_ranked_future_return,1,time_shuffle,validation_2025H1,-0.0030385586635586635,0.7741464375758761
a7ff24r_983a5ca49e1bfb63,L7_ranked_future_return,1,time_shuffle,test_2025H2,-0.0037353352135167162,0.28689679900100146
a7ff24r_983a5ca49e1bfb63,L7_ranked_future_return,1,time_shuffle,recent_oos_2026JanApr,0.0027200690564866538,1.4164469751409645
a7ff24r_983a5ca49e1bfb63,L7_ranked_future_return,1,symbol_shuffle,validation_2025H1,-0.005332042317004069,1.3584669646885124
a7ff24r_983a5ca49e1bfb63,L7_ranked_future_return,1,symbol_shuffle,test_2025H2,0.0014086887652603943,0.10819599164204212
a7ff24r_983a5ca49e1bfb63,L7_ranked_future_return,1,symbol_shuffle,recent_oos_2026JanApr,0.0038092225570494007,1.9836120541514741
a7ff24r_983a5ca49e1bfb63,L7_ranked_future_return,1,sign_flip,validation_2025H1,0.005431685597280173,1.3838535044908338
a7ff24r_983a5ca49e1bfb63,L7_ranked_future_return,1,sign_flip,test_2025H2,0.009746126951012209,0.7485627032306721
a7ff24r_983a5ca49e1bfb63,L7_ranked_future_return,1,sign_flip,recent_oos_2026JanApr,0.0006875225364446512,0.35802003436858254
a7ff24r_983a5ca49e1bfb63,L7_ranked_future_return,1,same_family_placebo,validation_2025H1,0.0009140942924844179,0.23288766763728835
a7ff24r_983a5ca49e1bfb63,L7_ranked_future_return,1,same_family_placebo,test_2025H2,0.006162912738886313,0.473349736031948
a7ff24r_983a5ca49e1bfb63,L7_ranked_future_return,1,same_family_placebo,recent_oos_2026JanApr,0.0002528106165971255,0.13164843455299882
a7ff24r_983a5ca49e1bfb63,L0_raw_forward_return,4,one_bar_lag,validation_2025H1,0.0004055526844560163,0.915236272198466
a7ff24r_983a5ca49e1bfb63,L0_raw_forward_return,4,one_bar_lag,test_2025H2,-0.0004183638609517272,0.6561910135557937
a7ff24r_983a5ca49e1bfb63,L0_raw_forward_return,4,one_bar_lag,recent_oos_2026JanApr,-0.0004627635175041894,0.8651838035133776
a7ff24r_983a5ca49e1bfb63,L0_raw_forward_return,4,wrong_lag_future_24h,validation_2025H1,0.0003783361161806678,0.8538149293123323
a7ff24r_983a5ca49e1bfb63,L0_raw_forward_return,4,wrong_lag_future_24h,test_2025H2,0.0007648165198435172,1.199591490045647
a7ff24r_983a5ca49e1bfb63,L0_raw_forward_return,4,wrong_lag_future_24h,recent_oos_2026JanApr,-0.0001527344121053447,0.28555263021892274
a7ff24r_983a5ca49e1bfb63,L0_raw_forward_return,4,wrong_lag_stale_168h,validation_2025H1,0.0002196369234772727,0.4956684711632827
a7ff24r_983a5ca49e1bfb63,L0_raw_forward_return,4,wrong_lag_stale_168h,test_2025H2,-0.00014840383106283565,0.23276690319081172
a7ff24r_983a5ca49e1bfb63,L0_raw_forward_return,4,wrong_lag_stale_168h,recent_oos_2026JanApr,0.0006112516041691373,1.1427974933091396
a7ff24r_983a5ca49e1bfb63,L0_raw_forward_return,4,time_shuffle,validation_2025H1,0.00012134057806539271,0.27383692080337185
a7ff24r_983a5ca49e1bfb63,L0_raw_forward_return,4,time_shuffle,test_2025H2,-3.906345115549847e-05,0.06126983709444122
a7ff24r_983a5ca49e1bfb63,L0_raw_forward_return,4,time_shuffle,recent_oos_2026JanApr,0.00027894661878971334,0.5215192803514282
a7ff24r_983a5ca49e1bfb63,L0_raw_forward_return,4,symbol_shuffle,validation_2025H1,0.00017740485250850035,0.4003606981361454
a7ff24r_983a5ca49e1bfb63,L0_raw_forward_return,4,symbol_shuffle,test_2025H2,0.00015552414279677626,0.24393489595887446
a7ff24r_983a5ca49e1bfb63,L0_raw_forward_return,4,symbol_shuffle,recent_oos_2026JanApr,-0.00042916451789035224,0.802367031705343
a7ff24r_983a5ca49e1bfb63,L0_raw_forward_return,4,sign_flip,validation_2025H1,-0.00037558731064777864,0.8476115268313585
a7ff24r_983a5ca49e1bfb63,L0_raw_forward_return,4,sign_flip,test_2025H2,0.0006321404245700291,0.9914930629155353
a7ff24r_983a5ca49e1bfb63,L0_raw_forward_return,4,sign_flip,recent_oos_2026JanApr,0.000653809261661265,1.2223633937851324
a7ff24r_983a5ca49e1bfb63,L0_raw_forward_return,4,same_family_placebo,validation_2025H1,-0.00023022453870886353,0.519562208937527
a7ff24r_983a5ca49e1bfb63,L0_raw_forward_return,4,same_family_placebo,test_2025H2,0.00031119898399217826,0.4881061577804946
a7ff24r_983a5ca49e1bfb63,L0_raw_forward_return,4,same_family_placebo,recent_oos_2026JanApr,0.00035806484728877403,0.6694389137513065
a7ff24r_983a5ca49e1bfb63,L1_cross_sectional_relative_return,4,one_bar_lag,validation_2025H1,0.0004055526844560163,0.9152362721984663
a7ff24r_983a5ca49e1bfb63,L1_cross_sectional_relative_return,4,one_bar_lag,test_2025H2,-0.0004183638609517272,0.6561910135557937
a7ff24r_983a5ca49e1bfb63,L1_cross_sectional_relative_return,4,one_bar_lag,recent_oos_2026JanApr,-0.0004627635175041894,0.8651838035133782
a7ff24r_983a5ca49e1bfb63,L1_cross_sectional_relative_return,4,wrong_lag_future_24h,validation_2025H1,0.0003783361161806679,0.8538149293123327
a7ff24r_983a5ca49e1bfb63,L1_cross_sectional_relative_return,4,wrong_lag_future_24h,test_2025H2,0.0007648165198435175,1.1995914900456475
a7ff24r_983a5ca49e1bfb63,L1_cross_sectional_relative_return,4,wrong_lag_future_24h,recent_oos_2026JanApr,-0.0001527344121053447,0.28555263021892296
a7ff24r_983a5ca49e1bfb63,L1_cross_sectional_relative_return,4,wrong_lag_stale_168h,validation_2025H1,0.0002196369234772727,0.4956684711632829
a7ff24r_983a5ca49e1bfb63,L1_cross_sectional_relative_return,4,wrong_lag_stale_168h,test_2025H2,-0.00014840383106283573,0.23276690319081186
a7ff24r_983a5ca49e1bfb63,L1_cross_sectional_relative_return,4,wrong_lag_stale_168h,recent_oos_2026JanApr,0.0006112516041691373,1.1427974933091403
a7ff24r_983a5ca49e1bfb63,L1_cross_sectional_relative_return,4,time_shuffle,validation_2025H1,-0.0005259954474879588,1.1870470372991806
a7ff24r_983a5ca49e1bfb63,L1_cross_sectional_relative_return,4,time_shuffle,test_2025H2,8.988598313836512e-06,0.014098343543786267
a7ff24r_983a5ca49e1bfb63,L1_cross_sectional_relative_return,4,time_shuffle,recent_oos_2026JanApr,-9.914535988126925e-07,0.001853624071867391
a7ff24r_983a5ca49e1bfb63,L1_cross_sectional_relative_return,4,symbol_shuffle,validation_2025H1,0.0003856450598067223,0.8703094824848546
a7ff24r_983a5ca49e1bfb63,L1_cross_sectional_relative_return,4,symbol_shuffle,test_2025H2,-3.65727747052284e-05,0.05736328670401243
a7ff24r_983a5ca49e1bfb63,L1_cross_sectional_relative_return,4,symbol_shuffle,recent_oos_2026JanApr,-0.00029111599715161274,0.5442711798838851
a7ff24r_983a5ca49e1bfb63,L1_cross_sectional_relative_return,4,sign_flip,validation_2025H1,-0.0003755873106477785,0.8476115268313584
a7ff24r_983a5ca49e1bfb63,L1_cross_sectional_relative_return,4,sign_flip,test_2025H2,0.0006321404245700289,0.991493062915535
a7ff24r_983a5ca49e1bfb63,L1_cross_sectional_relative_return,4,sign_flip,recent_oos_2026JanApr,0.0006538092616612648,1.2223633937851326
a7ff24r_983a5ca49e1bfb63,L1_cross_sectional_relative_return,4,same_family_placebo,validation_2025H1,-0.00026266641208236237,0.5927758267670399
a7ff24r_983a5ca49e1bfb63,L1_cross_sectional_relative_return,4,same_family_placebo,test_2025H2,-0.0001826978885239694,0.2865560910837845
a7ff24r_983a5ca49e1bfb63,L1_cross_sectional_relative_return,4,same_family_placebo,recent_oos_2026JanApr,-0.00022624382025816,0.42298599938915865
a7ff24r_983a5ca49e1bfb63,L3_liquidity_tier_relative_return,4,one_bar_lag,validation_2025H1,0.00040494439427578337,0.8913612339581081
a7ff24r_983a5ca49e1bfb63,L3_liquidity_tier_relative_return,4,one_bar_lag,test_2025H2,-0.00036515073387977847,0.6551460014308397
a7ff24r_983a5ca49e1bfb63,L3_liquidity_tier_relative_return,4,one_bar_lag,recent_oos_2026JanApr,-0.0005856937645076279,1.0128472097971388
a7ff24r_983a5ca49e1bfb63,L3_liquidity_tier_relative_return,4,wrong_lag_future_24h,validation_2025H1,0.0003093899037950721,0.6810272479859045
a7ff24r_983a5ca49e1bfb63,L3_liquidity_tier_relative_return,4,wrong_lag_future_24h,test_2025H2,0.0007318280588240933,1.3130309814230106
a7ff24r_983a5ca49e1bfb63,L3_liquidity_tier_relative_return,4,wrong_lag_future_24h,recent_oos_2026JanApr,-0.00025357200892543567,0.43850509820382055
a7ff24r_983a5ca49e1bfb63,L3_liquidity_tier_relative_return,4,wrong_lag_stale_168h,validation_2025H1,0.00010255708117311634,0.22574804767726522
a7ff24r_983a5ca49e1bfb63,L3_liquidity_tier_relative_return,4,wrong_lag_stale_168h,test_2025H2,-0.00023928626831607407,0.4293225436490476
a7ff24r_983a5ca49e1bfb63,L3_liquidity_tier_relative_return,4,wrong_lag_stale_168h,recent_oos_2026JanApr,0.0006068251320921632,1.0493899356962049
a7ff24r_983a5ca49e1bfb63,L3_liquidity_tier_relative_return,4,time_shuffle,validation_2025H1,0.00020417711525907227,0.44943347278290074
a7ff24r_983a5ca49e1bfb63,L3_liquidity_tier_relative_return,4,time_shuffle,test_2025H2,0.0001664807746340418,0.29869641136339875
a7ff24r_983a5ca49e1bfb63,L3_liquidity_tier_relative_return,4,time_shuffle,recent_oos_2026JanApr,-0.000383269854125607,0.6627931282089341
a7ff24r_983a5ca49e1bfb63,L3_liquidity_tier_relative_return,4,symbol_shuffle,validation_2025H1,-2.503482245604755e-05,0.05510650487273381
a7ff24r_983a5ca49e1bfb63,L3_liquidity_tier_relative_return,4,symbol_shuffle,test_2025H2,-0.0003696762982995637,0.6632656768381364
a7ff24r_983a5ca49e1bfb63,L3_liquidity_tier_relative_return,4,symbol_shuffle,recent_oos_2026JanApr,3.3087411121492105e-05,0.0572184545314169
a7ff24r_983a5ca49e1bfb63,L3_liquidity_tier_relative_return,4,sign_flip,validation_2025H1,-0.0004011366789648428,0.8829797132700857
a7ff24r_983a5ca49e1bfb63,L3_liquidity_tier_relative_return,4,sign_flip,test_2025H2,0.0005657803785491921,1.0151116191281389
a7ff24r_983a5ca49e1bfb63,L3_liquidity_tier_relative_return,4,sign_flip,recent_oos_2026JanApr,0.0006744496512944193,1.1663338229944724
a7ff24r_983a5ca49e1bfb63,L3_liquidity_tier_relative_return,4,same_family_placebo,validation_2025H1,-0.00014149112581238966,0.3114494391848798
a7ff24r_983a5ca49e1bfb63,L3_liquidity_tier_relative_return,4,same_family_placebo,test_2025H2,0.00026419442003791074,0.4740122415998304
a7ff24r_983a5ca49e1bfb63,L3_liquidity_tier_relative_return,4,same_family_placebo,recent_oos_2026JanApr,0.00018245117235284533,0.3155149875927859
a7ff24r_983a5ca49e1bfb63,L5_vol_adjusted_return,4,one_bar_lag,validation_2025H1,0.028731071179604464,1.249516792123651
a7ff24r_983a5ca49e1bfb63,L5_vol_adjusted_return,4,one_bar_lag,test_2025H2,-0.03987416505326003,0.5308163814842571
a7ff24r_983a5ca49e1bfb63,L5_vol_adjusted_return,4,one_bar_lag,recent_oos_2026JanApr,0.000614092975691794,0.02192701143672303
a7ff24r_983a5ca49e1bfb63,L5_vol_adjusted_return,4,wrong_lag_future_24h,validation_2025H1,0.03141189956014345,1.3661062522709992
a7ff24r_983a5ca49e1bfb63,L5_vol_adjusted_return,4,wrong_lag_future_24h,test_2025H2,0.07615124308423231,1.0137473034358975
a7ff24r_983a5ca49e1bfb63,L5_vol_adjusted_return,4,wrong_lag_future_24h,recent_oos_2026JanApr,-0.025142025462846544,0.897729662589242
a7ff24r_983a5ca49e1bfb63,L5_vol_adjusted_return,4,wrong_lag_stale_168h,validation_2025H1,0.02340081891324815,1.0177036560441541
a7ff24r_983a5ca49e1bfb63,L5_vol_adjusted_return,4,wrong_lag_stale_168h,test_2025H2,-0.0357922241493687,0.47647640728938623
a7ff24r_983a5ca49e1bfb63,L5_vol_adjusted_return,4,wrong_lag_stale_168h,recent_oos_2026JanApr,0.04329244893362528,1.5458148203404605
a7ff24r_983a5ca49e1bfb63,L5_vol_adjusted_return,4,time_shuffle,validation_2025H1,0.01147287533523667,0.49895634923267196
a7ff24r_983a5ca49e1bfb63,L5_vol_adjusted_return,4,time_shuffle,test_2025H2,0.0038012202992045736,0.05060294056949312
a7ff24r_983a5ca49e1bfb63,L5_vol_adjusted_return,4,time_shuffle,recent_oos_2026JanApr,0.04214412966132279,1.5048125441160483
a7ff24r_983a5ca49e1bfb63,L5_vol_adjusted_return,4,symbol_shuffle,validation_2025H1,0.0028144290742635604,0.12239976597286598
a7ff24r_983a5ca49e1bfb63,L5_vol_adjusted_return,4,symbol_shuffle,test_2025H2,0.01673359485124779,0.2227624391958706
a7ff24r_983a5ca49e1bfb63,L5_vol_adjusted_return,4,symbol_shuffle,recent_oos_2026JanApr,0.031792397758190025,1.1351901044941324
a7ff24r_983a5ca49e1bfb63,L5_vol_adjusted_return,4,sign_flip,validation_2025H1,-0.016441180657397123,0.7150283811325371
a7ff24r_983a5ca49e1bfb63,L5_vol_adjusted_return,4,sign_flip,test_2025H2,0.0730230934080521,0.9721044730560454
a7ff24r_983a5ca49e1bfb63,L5_vol_adjusted_return,4,sign_flip,recent_oos_2026JanApr,0.03534083651039615,1.2618918584337266
a7ff24r_983a5ca49e1bfb63,L5_vol_adjusted_return,4,same_family_placebo,validation_2025H1,-0.029952701693766435,1.3026456097606218
a7ff24r_983a5ca49e1bfb63,L5_vol_adjusted_return,4,same_family_placebo,test_2025H2,0.001363543888137959,0.018151889368206102
a7ff24r_983a5ca49e1bfb63,L5_vol_adjusted_return,4,same_family_placebo,recent_oos_2026JanApr,0.021545480667047597,0.7693102179907585
a7ff24r_983a5ca49e1bfb63,L7_ranked_future_return,4,one_bar_lag,validation_2025H1,0.011183368249534451,1.597224947765759
a7ff24r_983a5ca49e1bfb63,L7_ranked_future_return,4,one_bar_lag,test_2025H2,-0.0037505011121456646,0.48193884757592115
a7ff24r_983a5ca49e1bfb63,L7_ranked_future_return,4,one_bar_lag,recent_oos_2026JanApr,0.0032853558866128693,0.722348592550469
a7ff24r_983a5ca49e1bfb63,L7_ranked_future_return,4,wrong_lag_future_24h,validation_2025H1,0.014392425770742808,2.0555472185988513
a7ff24r_983a5ca49e1bfb63,L7_ranked_future_return,4,wrong_lag_future_24h,test_2025H2,0.01643728662321539,2.112188941049395
a7ff24r_983a5ca49e1bfb63,L7_ranked_future_return,4,wrong_lag_future_24h,recent_oos_2026JanApr,-0.012190603662321541,2.6803383565538814
a7ff24r_983a5ca49e1bfb63,L7_ranked_future_return,4,wrong_lag_stale_168h,validation_2025H1,0.007705649958617837,1.1005321543593942
a7ff24r_983a5ca49e1bfb63,L7_ranked_future_return,4,wrong_lag_stale_168h,test_2025H2,0.00466414170804883,0.5993415313032279
a7ff24r_983a5ca49e1bfb63,L7_ranked_future_return,4,wrong_lag_stale_168h,recent_oos_2026JanApr,0.001821704298572315,0.4005366789877736
a7ff24r_983a5ca49e1bfb63,L7_ranked_future_return,4,time_shuffle,validation_2025H1,0.002200210378681627,0.3142372520291224
a7ff24r_983a5ca49e1bfb63,L7_ranked_future_return,4,time_shuffle,test_2025H2,-0.003799210049210049,0.4881979389062601
a7ff24r_983a5ca49e1bfb63,L7_ranked_future_return,4,time_shuffle,recent_oos_2026JanApr,0.0032887090281024374,0.7230858451097677
a7ff24r_983a5ca49e1bfb63,L7_ranked_future_return,4,symbol_shuffle,validation_2025H1,0.009319877663976827,1.3310785071973583
a7ff24r_983a5ca49e1bfb63,L7_ranked_future_return,4,symbol_shuffle,test_2025H2,0.008443254707221187,1.0849570022018196
a7ff24r_983a5ca49e1bfb63,L7_ranked_future_return,4,symbol_shuffle,recent_oos_2026JanApr,-0.00482498254189944,1.0608650838783051
a7ff24r_983a5ca49e1bfb63,L7_ranked_future_return,4,sign_flip,validation_2025H1,-0.006424661830126218,0.9175795634256425
a7ff24r_983a5ca49e1bfb63,L7_ranked_future_return,4,sign_flip,test_2025H2,0.007190312693978895,0.923954135681941
a7ff24r_983a5ca49e1bfb63,L7_ranked_future_return,4,sign_flip,recent_oos_2026JanApr,-0.005668386612869854,1.2463036678987776
a7ff24r_983a5ca49e1bfb63,L7_ranked_future_return,4,same_family_placebo,validation_2025H1,-0.003425909761018001,0.48929342368029155
a7ff24r_983a5ca49e1bfb63,L7_ranked_future_return,4,same_family_placebo,test_2025H2,0.0022394055193461614,0.2877632836192929
a7ff24r_983a5ca49e1bfb63,L7_ranked_future_return,4,same_family_placebo,recent_oos_2026JanApr,-0.004201259569625489,0.9237276087574632
a7ff24r_983a5ca49e1bfb63,L0_raw_forward_return,8,one_bar_lag,validation_2025H1,-0.0006648979960493444,1.274428438125649
a7ff24r_983a5ca49e1bfb63,L0_raw_forward_return,8,one_bar_lag,test_2025H2,0.0008301804043761637,0.8177650492873569
a7ff24r_983a5ca49e1bfb63,L0_raw_forward_return,8,one_bar_lag,recent_oos_2026JanApr,0.00024199468130104213,1.0518392302111204
a7ff24r_983a5ca49e1bfb63,L0_raw_forward_return,8,wrong_lag_future_24h,validation_2025H1,-0.0007753374262146008,1.486110758315029
a7ff24r_983a5ca49e1bfb63,L0_raw_forward_return,8,wrong_lag_future_24h,test_2025H2,-0.0010701037449137188,1.0541003342033093
a7ff24r_983a5ca49e1bfb63,L0_raw_forward_return,8,wrong_lag_future_24h,recent_oos_2026JanApr,-0.000750625467400355,3.2626225897298338
a7ff24r_983a5ca49e1bfb63,L0_raw_forward_return,8,wrong_lag_stale_168h,validation_2025H1,-0.00016897509041510596,0.3238792443944773
a7ff24r_983a5ca49e1bfb63,L0_raw_forward_return,8,wrong_lag_stale_168h,test_2025H2,8.836659925627847e-05,0.08704507600425544
a7ff24r_983a5ca49e1bfb63,L0_raw_forward_return,8,wrong_lag_stale_168h,recent_oos_2026JanApr,-0.0004217535979132433,1.8331683051164889
a7ff24r_983a5ca49e1bfb63,L0_raw_forward_return,8,time_shuffle,validation_2025H1,0.000354971059833689,0.680382879857682
a7ff24r_983a5ca49e1bfb63,L0_raw_forward_return,8,time_shuffle,test_2025H2,0.0003010086026682654,0.29650701642603133
a7ff24r_983a5ca49e1bfb63,L0_raw_forward_return,8,time_shuffle,recent_oos_2026JanApr,0.00017222710453045951,0.7485917627480873
a7ff24r_983a5ca49e1bfb63,L0_raw_forward_return,8,symbol_shuffle,validation_2025H1,-5.1093530663723345e-05,0.0979323879286613
a7ff24r_983a5ca49e1bfb63,L0_raw_forward_return,8,symbol_shuffle,test_2025H2,0.0004852163602829184,0.4779599454409689
a7ff24r_983a5ca49e1bfb63,L0_raw_forward_return,8,symbol_shuffle,recent_oos_2026JanApr,0.00034122234779150184,1.483136115646104
a7ff24r_983a5ca49e1bfb63,L0_raw_forward_return,8,sign_flip,validation_2025H1,0.00043662455220349814,0.8368903943436148
a7ff24r_983a5ca49e1bfb63,L0_raw_forward_return,8,sign_flip,test_2025H2,-0.0008984305269292579,0.8849944906705698
a7ff24r_983a5ca49e1bfb63,L0_raw_forward_return,8,sign_flip,recent_oos_2026JanApr,-0.0005341010992261876,2.3214910594093587
a7ff24r_983a5ca49e1bfb63,L0_raw_forward_return,8,same_family_placebo,validation_2025H1,9.95872335876991e-05,0.19088161389045097
a7ff24r_983a5ca49e1bfb63,L0_raw_forward_return,8,same_family_placebo,test_2025H2,-2.3532333814968187e-06,0.0023180407560335968
a7ff24r_983a5ca49e1bfb63,L0_raw_forward_return,8,same_family_placebo,recent_oos_2026JanApr,3.533934721008873e-05,0.15360383776113665
a7ff24r_983a5ca49e1bfb63,L1_cross_sectional_relative_return,8,one_bar_lag,validation_2025H1,-0.0006648979960493441,1.2744284381256492
a7ff24r_983a5ca49e1bfb63,L1_cross_sectional_relative_return,8,one_bar_lag,test_2025H2,0.0008301804043761634,0.8177650492873567
a7ff24r_983a5ca49e1bfb63,L1_cross_sectional_relative_return,8,one_bar_lag,recent_oos_2026JanApr,0.00024199468130104177,1.0518392302111175
a7ff24r_983a5ca49e1bfb63,L1_cross_sectional_relative_return,8,wrong_lag_future_24h,validation_2025H1,-0.0007753374262146008,1.4861107583150297
a7ff24r_983a5ca49e1bfb63,L1_cross_sectional_relative_return,8,wrong_lag_future_24h,test_2025H2,-0.0010701037449137186,1.054100334203309
a7ff24r_983a5ca49e1bfb63,L1_cross_sectional_relative_return,8,wrong_lag_future_24h,recent_oos_2026JanApr,-0.0007506254674003547,3.2626225897298284
a7ff24r_983a5ca49e1bfb63,L1_cross_sectional_relative_return,8,wrong_lag_stale_168h,validation_2025H1,-0.00016897509041510599,0.3238792443944775
a7ff24r_983a5ca49e1bfb63,L1_cross_sectional_relative_return,8,wrong_lag_stale_168h,test_2025H2,8.83665992562784e-05,0.08704507600425537
a7ff24r_983a5ca49e1bfb63,L1_cross_sectional_relative_return,8,wrong_lag_stale_168h,recent_oos_2026JanApr,-0.0004217535979132433,1.8331683051164862
a7ff24r_983a5ca49e1bfb63,L1_cross_sectional_relative_return,8,time_shuffle,validation_2025H1,-0.0003267852986244673,0.6263584492703097
a7ff24r_983a5ca49e1bfb63,L1_cross_sectional_relative_return,8,time_shuffle,test_2025H2,-0.00043382514695823935,0.4273372881536369
a7ff24r_983a5ca49e1bfb63,L1_cross_sectional_relative_return,8,time_shuffle,recent_oos_2026JanApr,0.0001245121987952243,0.5411970818058577
a7ff24r_983a5ca49e1bfb63,L1_cross_sectional_relative_return,8,symbol_shuffle,validation_2025H1,-0.0002486071686455566,0.47651225831079724
a7ff24r_983a5ca49e1bfb63,L1_cross_sectional_relative_return,8,symbol_shuffle,test_2025H2,0.00015649149886943088,0.15415116715767052
a7ff24r_983a5ca49e1bfb63,L1_cross_sectional_relative_return,8,symbol_shuffle,recent_oos_2026JanApr,-0.0009600536584654782,4.172910312129858
a7ff24r_983a5ca49e1bfb63,L1_cross_sectional_relative_return,8,sign_flip,validation_2025H1,0.0004366245522034978,0.8368903943436146
a7ff24r_983a5ca49e1bfb63,L1_cross_sectional_relative_return,8,sign_flip,test_2025H2,-0.0008984305269292577,0.8849944906705696
a7ff24r_983a5ca49e1bfb63,L1_cross_sectional_relative_return,8,sign_flip,recent_oos_2026JanApr,-0.0005341010992261876,2.3214910594093556
a7ff24r_983a5ca49e1bfb63,L1_cross_sectional_relative_return,8,same_family_placebo,validation_2025H1,0.00045303831188098345,0.8683511029543161
a7ff24r_983a5ca49e1bfb63,L1_cross_sectional_relative_return,8,same_family_placebo,test_2025H2,-0.00012268464375284096,0.12084989385016184
a7ff24r_983a5ca49e1bfb63,L1_cross_sectional_relative_return,8,same_family_placebo,recent_oos_2026JanApr,0.000755085125262738,3.2820066648993924
a7ff24r_983a5ca49e1bfb63,L3_liquidity_tier_relative_return,8,one_bar_lag,validation_2025H1,-0.0005388084417213653,1.394753031077994
a7ff24r_983a5ca49e1bfb63,L3_liquidity_tier_relative_return,8,one_bar_lag,test_2025H2,0.0007262270168081149,0.79953798051442
a7ff24r_983a5ca49e1bfb63,L3_liquidity_tier_relative_return,8,one_bar_lag,recent_oos_2026JanApr,0.0004582020912163813,1.0834867240355273
a7ff24r_983a5ca49e1bfb63,L3_liquidity_tier_relative_return,8,wrong_lag_future_24h,validation_2025H1,-0.0006364005963558354,1.6473789050360896
a7ff24r_983a5ca49e1bfb63,L3_liquidity_tier_relative_return,8,wrong_lag_future_24h,test_2025H2,-0.001161325452583804,1.2785586126496113
a7ff24r_983a5ca49e1bfb63,L3_liquidity_tier_relative_return,8,wrong_lag_future_24h,recent_oos_2026JanApr,-0.000600315884194275,1.4195358406711962
a7ff24r_983a5ca49e1bfb63,L3_liquidity_tier_relative_return,8,wrong_lag_stale_168h,validation_2025H1,-1.1901460842185928e-05,0.03080797793528085
a7ff24r_983a5ca49e1bfb63,L3_liquidity_tier_relative_return,8,wrong_lag_stale_168h,test_2025H2,8.18360792884052e-05,0.090097245149388
a7ff24r_983a5ca49e1bfb63,L3_liquidity_tier_relative_return,8,wrong_lag_stale_168h,recent_oos_2026JanApr,-0.00045365183378169604,1.0727269662432015
a7ff24r_983a5ca49e1bfb63,L3_liquidity_tier_relative_return,8,time_shuffle,validation_2025H1,0.00029636190204098285,0.7671588437759805
a7ff24r_983a5ca49e1bfb63,L3_liquidity_tier_relative_return,8,time_shuffle,test_2025H2,-0.0001387619059081585,0.15276960434460843
a7ff24r_983a5ca49e1bfb63,L3_liquidity_tier_relative_return,8,time_shuffle,recent_oos_2026JanApr,-0.00025617992856230353,0.605775392305111
a7ff24r_983a5ca49e1bfb63,L3_liquidity_tier_relative_return,8,symbol_shuffle,validation_2025H1,0.00010326820064463409,0.2673188181738959
a7ff24r_983a5ca49e1bfb63,L3_liquidity_tier_relative_return,8,symbol_shuffle,test_2025H2,9.863715186165033e-05,0.10859434774236126
a7ff24r_983a5ca49e1bfb63,L3_liquidity_tier_relative_return,8,symbol_shuffle,recent_oos_2026JanApr,-0.0007433799203150364,1.757831947989884
a7ff24r_983a5ca49e1bfb63,L3_liquidity_tier_relative_return,8,sign_flip,validation_2025H1,0.00029682216248051556,0.7683502683963385
a7ff24r_983a5ca49e1bfb63,L3_liquidity_tier_relative_return,8,sign_flip,test_2025H2,-0.0008280164595060046,0.9116028356750793
a7ff24r_983a5ca49e1bfb63,L3_liquidity_tier_relative_return,8,sign_flip,recent_oos_2026JanApr,-0.0006568373488854034,1.5531892171830908
a7ff24r_983a5ca49e1bfb63,L3_liquidity_tier_relative_return,8,same_family_placebo,validation_2025H1,-0.00010396956844391914,0.26913437039655247
a7ff24r_983a5ca49e1bfb63,L3_liquidity_tier_relative_return,8,same_family_placebo,test_2025H2,-8.763452099233294e-05,0.09648102634010337
a7ff24r_983a5ca49e1bfb63,L3_liquidity_tier_relative_return,8,same_family_placebo,recent_oos_2026JanApr,-0.00018372127433620262,0.434436170157418
a7ff24r_983a5ca49e1bfb63,L5_vol_adjusted_return,8,one_bar_lag,validation_2025H1,-0.054288638836999054,1.4763583595792296
a7ff24r_983a5ca49e1bfb63,L5_vol_adjusted_return,8,one_bar_lag,test_2025H2,0.04123181583839075,0.514647916387725
a7ff24r_983a5ca49e1bfb63,L5_vol_adjusted_return,8,one_bar_lag,recent_oos_2026JanApr,-0.005978181018748671,0.5214869064402975
a7ff24r_983a5ca49e1bfb63,L5_vol_adjusted_return,8,wrong_lag_future_24h,validation_2025H1,-0.044174430276046596,1.2013064024962072
a7ff24r_983a5ca49e1bfb63,L5_vol_adjusted_return,8,wrong_lag_future_24h,test_2025H2,-0.11622730121759338,1.4507277252462987
a7ff24r_983a5ca49e1bfb63,L5_vol_adjusted_return,8,wrong_lag_future_24h,recent_oos_2026JanApr,-0.09833440726820805,8.57787773272745
a7ff24r_983a5ca49e1bfb63,L5_vol_adjusted_return,8,wrong_lag_stale_168h,validation_2025H1,-0.016457245877462126,0.44754838300132804
a7ff24r_983a5ca49e1bfb63,L5_vol_adjusted_return,8,wrong_lag_stale_168h,test_2025H2,0.01971150187744859,0.24603532887960186
a7ff24r_983a5ca49e1bfb63,L5_vol_adjusted_return,8,wrong_lag_stale_168h,recent_oos_2026JanApr,-0.015814644507318527,1.3795383603658153
a7ff24r_983a5ca49e1bfb63,L5_vol_adjusted_return,8,time_shuffle,validation_2025H1,-0.013208191258473665,0.3591916098305112
a7ff24r_983a5ca49e1bfb63,L5_vol_adjusted_return,8,time_shuffle,test_2025H2,-9.934344714253879e-05,0.0012399865744228918
a7ff24r_983a5ca49e1bfb63,L5_vol_adjusted_return,8,time_shuffle,recent_oos_2026JanApr,0.07854193797384561,6.8513469450578395
a7ff24r_983a5ca49e1bfb63,L5_vol_adjusted_return,8,symbol_shuffle,validation_2025H1,-0.00788387411595828,0.2143988817239006
a7ff24r_983a5ca49e1bfb63,L5_vol_adjusted_return,8,symbol_shuffle,test_2025H2,-0.019382503418406707,0.2419288308271192
a7ff24r_983a5ca49e1bfb63,L5_vol_adjusted_return,8,symbol_shuffle,recent_oos_2026JanApr,-0.07648944097139594,6.672304137734233
a7ff24r_983a5ca49e1bfb63,L5_vol_adjusted_return,8,sign_flip,validation_2025H1,0.03159585296635691,0.8592368984415626
a7ff24r_983a5ca49e1bfb63,L5_vol_adjusted_return,8,sign_flip,test_2025H2,-0.06112947357135554,0.7630068083027337
a7ff24r_983a5ca49e1bfb63,L5_vol_adjusted_return,8,sign_flip,recent_oos_2026JanApr,-0.014074129820522701,1.2277103014989987
a7ff24r_983a5ca49e1bfb63,L5_vol_adjusted_return,8,same_family_placebo,validation_2025H1,-0.005000851071619996,0.13599619446647832
a7ff24r_983a5ca49e1bfb63,L5_vol_adjusted_return,8,same_family_placebo,test_2025H2,-0.045459499806577056,0.5674170875030806
a7ff24r_983a5ca49e1bfb63,L5_vol_adjusted_return,8,same_family_placebo,recent_oos_2026JanApr,0.04400496103202509,3.8386276569156133
a7ff24r_983a5ca49e1bfb63,L7_ranked_future_return,8,one_bar_lag,validation_2025H1,-0.01758552135351644,1.3308790059666609
a7ff24r_983a5ca49e1bfb63,L7_ranked_future_return,8,one_bar_lag,test_2025H2,0.006777498179359137,0.56974773839132
a7ff24r_983a5ca49e1bfb63,L7_ranked_future_return,8,one_bar_lag,recent_oos_2026JanApr,-0.0031595434092800655,0.9064897511834527
a7ff24r_983a5ca49e1bfb63,L7_ranked_future_return,8,wrong_lag_future_24h,validation_2025H1,-0.01132918162193092,0.857396813680261
a7ff24r_983a5ca49e1bfb63,L7_ranked_future_return,8,wrong_lag_future_24h,test_2025H2,-0.011201980597170208,0.9416901254475392
a7ff24r_983a5ca49e1bfb63,L7_ranked_future_return,8,wrong_lag_future_24h,recent_oos_2026JanApr,0.010756898928422805,3.086211319170768
a7ff24r_983a5ca49e1bfb63,L7_ranked_future_return,8,wrong_lag_stale_168h,validation_2025H1,-0.002180948944028298,0.16505505320784894
a7ff24r_983a5ca49e1bfb63,L7_ranked_future_return,8,wrong_lag_stale_168h,test_2025H2,-0.0004433748179359139,0.03727213096832385
a7ff24r_983a5ca49e1bfb63,L7_ranked_future_return,8,wrong_lag_stale_168h,recent_oos_2026JanApr,0.0023080686901789443,0.6621971410582288
a7ff24r_983a5ca49e1bfb63,L7_ranked_future_return,8,time_shuffle,validation_2025H1,0.00042840375586854245,0.03242176068033949
a7ff24r_983a5ca49e1bfb63,L7_ranked_future_return,8,time_shuffle,test_2025H2,-0.003162248956703182,0.26583322394670295
a7ff24r_983a5ca49e1bfb63,L7_ranked_future_return,8,time_shuffle,recent_oos_2026JanApr,0.0008784216162565951,0.2520238177503147
a7ff24r_983a5ca49e1bfb63,L7_ranked_future_return,8,symbol_shuffle,validation_2025H1,0.01316339601539742,0.9962108630128561
a7ff24r_983a5ca49e1bfb63,L7_ranked_future_return,8,symbol_shuffle,test_2025H2,-0.00727776802434457,0.6118027275957255
a7ff24r_983a5ca49e1bfb63,L7_ranked_future_return,8,symbol_shuffle,recent_oos_2026JanApr,-0.0008460290522263837,0.24273021943427472
a7ff24r_983a5ca49e1bfb63,L7_ranked_future_return,8,sign_flip,validation_2025H1,0.012950283499791927,0.9800824260318632
a7ff24r_983a5ca49e1bfb63,L7_ranked_future_return,8,sign_flip,test_2025H2,-0.01046348314606742,0.8796086255431963
a7ff24r_983a5ca49e1bfb63,L7_ranked_future_return,8,sign_flip,recent_oos_2026JanApr,0.0048461558468580945,1.3903877993610527
a7ff24r_983a5ca49e1bfb63,L7_ranked_future_return,8,same_family_placebo,validation_2025H1,0.0053181407355389065,0.4024789321523034
a7ff24r_983a5ca49e1bfb63,L7_ranked_future_return,8,same_family_placebo,test_2025H2,-6.583567415730586e-06,0.0005534450244609245
a7ff24r_983a5ca49e1bfb63,L7_ranked_future_return,8,same_family_placebo,recent_oos_2026JanApr,0.0033327481273408253,0.9561831028612744
a7ff24r_983a5ca49e1bfb63,L0_raw_forward_return,24,one_bar_lag,validation_2025H1,-0.0007791010723723085,0.7280539669757974
a7ff24r_983a5ca49e1bfb63,L0_raw_forward_return,24,one_bar_lag,test_2025H2,0.0007952846625683665,0.6404533484101993
a7ff24r_983a5ca49e1bfb63,L0_raw_forward_return,24,one_bar_lag,recent_oos_2026JanApr,0.0019681509364448493,0.8199911461072645
a7ff24r_983a5ca49e1bfb63,L0_raw_forward_return,24,wrong_lag_future_24h,validation_2025H1,0.0004725934077899669,0.4416288431748865
a7ff24r_983a5ca49e1bfb63,L0_raw_forward_return,24,wrong_lag_future_24h,test_2025H2,-0.00047893931783820595,0.3856962220347195
a7ff24r_983a5ca49e1bfb63,L0_raw_forward_return,24,wrong_lag_future_24h,recent_oos_2026JanApr,-0.000222032769329117,0.09250556023128173
a7ff24r_983a5ca49e1bfb63,L0_raw_forward_return,24,wrong_lag_stale_168h,validation_2025H1,-0.0006731899575055114,0.6290822031572605
a7ff24r_983a5ca49e1bfb63,L0_raw_forward_return,24,wrong_lag_stale_168h,test_2025H2,0.0002484388089088444,0.20007108715872268
a7ff24r_983a5ca49e1bfb63,L0_raw_forward_return,24,wrong_lag_stale_168h,recent_oos_2026JanApr,-0.00034435757450857835,0.14346977000761107
a7ff24r_983a5ca49e1bfb63,L0_raw_forward_return,24,time_shuffle,validation_2025H1,-2.3391551171569394e-05,0.021858924635185455
a7ff24r_983a5ca49e1bfb63,L0_raw_forward_return,24,time_shuffle,test_2025H2,0.0005393639497869819,0.4343569842491809
a7ff24r_983a5ca49e1bfb63,L0_raw_forward_return,24,time_shuffle,recent_oos_2026JanApr,-0.00017450684394909567,0.07270482376308858
a7ff24r_983a5ca49e1bfb63,L0_raw_forward_return,24,symbol_shuffle,validation_2025H1,0.0007465288835425729,0.6976159248121981
a7ff24r_983a5ca49e1bfb63,L0_raw_forward_return,24,symbol_shuffle,test_2025H2,-0.0012355013179404942,0.9949656937740596
a7ff24r_983a5ca49e1bfb63,L0_raw_forward_return,24,symbol_shuffle,recent_oos_2026JanApr,0.0011188668380561516,0.4661537303314357
a7ff24r_983a5ca49e1bfb63,L0_raw_forward_return,24,sign_flip,validation_2025H1,0.0008965225142174601,0.8377818951932134
a7ff24r_983a5ca49e1bfb63,L0_raw_forward_return,24,sign_flip,test_2025H2,-0.0012121204476059069,0.9761367669767396
a7ff24r_983a5ca49e1bfb63,L0_raw_forward_return,24,sign_flip,recent_oos_2026JanApr,-0.0024121035933544663,1.0049552366227295
a7ff24r_983a5ca49e1bfb63,L0_raw_forward_return,24,same_family_placebo,validation_2025H1,-0.00046780144163902657,0.43715084912568997
a7ff24r_983a5ca49e1bfb63,L0_raw_forward_return,24,same_family_placebo,test_2025H2,4.5660502375009695e-05,0.03677101170507348
a7ff24r_983a5ca49e1bfb63,L0_raw_forward_return,24,same_family_placebo,recent_oos_2026JanApr,0.0011554248227531303,0.481384891324198
a7ff24r_983a5ca49e1bfb63,L1_cross_sectional_relative_return,24,one_bar_lag,validation_2025H1,-0.0007791010723723079,0.7280539669757969
a7ff24r_983a5ca49e1bfb63,L1_cross_sectional_relative_return,24,one_bar_lag,test_2025H2,0.0007952846625683668,0.6404533484101994
a7ff24r_983a5ca49e1bfb63,L1_cross_sectional_relative_return,24,one_bar_lag,recent_oos_2026JanApr,0.0019681509364448493,0.8199911461072644
a7ff24r_983a5ca49e1bfb63,L1_cross_sectional_relative_return,24,wrong_lag_future_24h,validation_2025H1,0.00047259340778996656,0.44162884317488615
a7ff24r_983a5ca49e1bfb63,L1_cross_sectional_relative_return,24,wrong_lag_future_24h,test_2025H2,-0.00047893931783820584,0.3856962220347194
a7ff24r_983a5ca49e1bfb63,L1_cross_sectional_relative_return,24,wrong_lag_future_24h,recent_oos_2026JanApr,-0.00022203276932911692,0.09250556023128167
a7ff24r_983a5ca49e1bfb63,L1_cross_sectional_relative_return,24,wrong_lag_stale_168h,validation_2025H1,-0.0006731899575055113,0.6290822031572604
a7ff24r_983a5ca49e1bfb63,L1_cross_sectional_relative_return,24,wrong_lag_stale_168h,test_2025H2,0.0002484388089088446,0.20007108715872288
a7ff24r_983a5ca49e1bfb63,L1_cross_sectional_relative_return,24,wrong_lag_stale_168h,recent_oos_2026JanApr,-0.0003443575745085785,0.14346977000761113
a7ff24r_983a5ca49e1bfb63,L1_cross_sectional_relative_return,24,time_shuffle,validation_2025H1,-4.1356543956913274e-05,0.03864684179750571
a7ff24r_983a5ca49e1bfb63,L1_cross_sectional_relative_return,24,time_shuffle,test_2025H2,0.0008247450211137806,0.6641781681682485
a7ff24r_983a5ca49e1bfb63,L1_cross_sectional_relative_return,24,time_shuffle,recent_oos_2026JanApr,0.001372500668740994,0.5718252475223468
a7ff24r_983a5ca49e1bfb63,L1_cross_sectional_relative_return,24,symbol_shuffle,validation_2025H1,-0.00010840378353829929,0.10130111154888666
a7ff24r_983a5ca49e1bfb63,L1_cross_sectional_relative_return,24,symbol_shuffle,test_2025H2,0.0008325648625409754,0.6704755907916267
a7ff24r_983a5ca49e1bfb63,L1_cross_sectional_relative_return,24,symbol_shuffle,recent_oos_2026JanApr,-0.0004419434353890155,0.18412698812308562
a7ff24r_983a5ca49e1bfb63,L1_cross_sectional_relative_return,24,sign_flip,validation_2025H1,0.0008965225142174601,0.8377818951932134
a7ff24r_983a5ca49e1bfb63,L1_cross_sectional_relative_return,24,sign_flip,test_2025H2,-0.0012121204476059075,0.9761367669767401
a7ff24r_983a5ca49e1bfb63,L1_cross_sectional_relative_return,24,sign_flip,recent_oos_2026JanApr,-0.0024121035933544663,1.0049552366227292
a7ff24r_983a5ca49e1bfb63,L1_cross_sectional_relative_return,24,same_family_placebo,validation_2025H1,-0.0003891931855935951,0.36369304669107
a7ff24r_983a5ca49e1bfb63,L1_cross_sectional_relative_return,24,same_family_placebo,test_2025H2,0.0004499151404953346,0.36232266481803493
a7ff24r_983a5ca49e1bfb63,L1_cross_sectional_relative_return,24,same_family_placebo,recent_oos_2026JanApr,0.0005722758419301453,0.23842740656946002
a7ff24r_983a5ca49e1bfb63,L3_liquidity_tier_relative_return,24,one_bar_lag,validation_2025H1,0.0007264383758159508,0.7027315536433276
a7ff24r_983a5ca49e1bfb63,L3_liquidity_tier_relative_return,24,one_bar_lag,test_2025H2,-0.0008128378382056224,0.6811911875163965
a7ff24r_983a5ca49e1bfb63,L3_liquidity_tier_relative_return,24,one_bar_lag,recent_oos_2026JanApr,-0.0021710213672047757,0.8491189513897335
a7ff24r_983a5ca49e1bfb63,L3_liquidity_tier_relative_return,24,wrong_lag_future_24h,validation_2025H1,-0.0005166953715825269,0.499833369657359
a7ff24r_983a5ca49e1bfb63,L3_liquidity_tier_relative_return,24,wrong_lag_future_24h,test_2025H2,0.00029754210975507615,0.24935239669406467
a7ff24r_983a5ca49e1bfb63,L3_liquidity_tier_relative_return,24,wrong_lag_future_24h,recent_oos_2026JanApr,0.00013267127160154833,0.05188972007534529
a7ff24r_983a5ca49e1bfb63,L3_liquidity_tier_relative_return,24,wrong_lag_stale_168h,validation_2025H1,0.000676365505446903,0.6542927773324008
a7ff24r_983a5ca49e1bfb63,L3_liquidity_tier_relative_return,24,wrong_lag_stale_168h,test_2025H2,-0.00025303210175862576,0.2120511986218898
a7ff24r_983a5ca49e1bfb63,L3_liquidity_tier_relative_return,24,wrong_lag_stale_168h,recent_oos_2026JanApr,0.00021591469196293283,0.08444746772126542
a7ff24r_983a5ca49e1bfb63,L3_liquidity_tier_relative_return,24,time_shuffle,validation_2025H1,0.00011243008185120566,0.10876100262021623
a7ff24r_983a5ca49e1bfb63,L3_liquidity_tier_relative_return,24,time_shuffle,test_2025H2,-0.0004981607928531236,0.4174790174714847
a7ff24r_983a5ca49e1bfb63,L3_liquidity_tier_relative_return,24,time_shuffle,recent_oos_2026JanApr,-0.0010904357940725593,0.4264857601161458
a7ff24r_983a5ca49e1bfb63,L3_liquidity_tier_relative_return,24,symbol_shuffle,validation_2025H1,0.00038858469230868556,0.37590349524332095
a7ff24r_983a5ca49e1bfb63,L3_liquidity_tier_relative_return,24,symbol_shuffle,test_2025H2,0.00017164987495490544,0.14384958064414602
a7ff24r_983a5ca49e1bfb63,L3_liquidity_tier_relative_return,24,symbol_shuffle,recent_oos_2026JanApr,0.000148590371517923,0.05811591832113413
a7ff24r_983a5ca49e1bfb63,L3_liquidity_tier_relative_return,24,sign_flip,validation_2025H1,-0.0008323394839703184,0.8051766511814068
a7ff24r_983a5ca49e1bfb63,L3_liquidity_tier_relative_return,24,sign_flip,test_2025H2,0.0011979405179598946,1.0039229052187388
a7ff24r_983a5ca49e1bfb63,L3_liquidity_tier_relative_return,24,sign_flip,recent_oos_2026JanApr,0.002504577418250995,0.9795777154408343
a7ff24r_983a5ca49e1bfb63,L3_liquidity_tier_relative_return,24,same_family_placebo,validation_2025H1,-0.00046645043290545317,0.45122814037057435
a7ff24r_983a5ca49e1bfb63,L3_liquidity_tier_relative_return,24,same_family_placebo,test_2025H2,9.087239940135106e-05,0.07615476882488766
a7ff24r_983a5ca49e1bfb63,L3_liquidity_tier_relative_return,24,same_family_placebo,recent_oos_2026JanApr,0.0013151207584238393,0.5143634126371969
a7ff24r_983a5ca49e1bfb63,L5_vol_adjusted_return,24,one_bar_lag,validation_2025H1,0.059058160878380374,0.7250322643353859
a7ff24r_983a5ca49e1bfb63,L5_vol_adjusted_return,24,one_bar_lag,test_2025H2,0.00099861793452461,0.017392519845483817
a7ff24r_983a5ca49e1bfb63,L5_vol_adjusted_return,24,one_bar_lag,recent_oos_2026JanApr,-0.06407646605020755,0.6392720769704223
a7ff24r_983a5ca49e1bfb63,L5_vol_adjusted_return,24,wrong_lag_future_24h,validation_2025H1,-0.054733712286856126,0.671942823220355
a7ff24r_983a5ca49e1bfb63,L5_vol_adjusted_return,24,wrong_lag_future_24h,test_2025H2,0.08286150276196193,1.4431648795693832
a7ff24r_983a5ca49e1bfb63,L5_vol_adjusted_return,24,wrong_lag_future_24h,recent_oos_2026JanApr,-0.04250389014328554,0.42404882488260753
a7ff24r_983a5ca49e1bfb63,L5_vol_adjusted_return,24,wrong_lag_stale_168h,validation_2025H1,0.09436499701476628,1.1584794792460904
a7ff24r_983a5ca49e1bfb63,L5_vol_adjusted_return,24,wrong_lag_stale_168h,test_2025H2,-0.04389171530355085,0.7644440411865254
a7ff24r_983a5ca49e1bfb63,L5_vol_adjusted_return,24,wrong_lag_stale_168h,recent_oos_2026JanApr,0.01063704854487411,0.10612270830898696
a7ff24r_983a5ca49e1bfb63,L5_vol_adjusted_return,24,time_shuffle,validation_2025H1,0.052634394142339766,0.6461703750905615
a7ff24r_983a5ca49e1bfb63,L5_vol_adjusted_return,24,time_shuffle,test_2025H2,0.05730112149376727,0.9979901805221043
a7ff24r_983a5ca49e1bfb63,L5_vol_adjusted_return,24,time_shuffle,recent_oos_2026JanApr,0.04648080601204895,0.46372534614033356
a7ff24r_983a5ca49e1bfb63,L5_vol_adjusted_return,24,symbol_shuffle,validation_2025H1,0.028865555092215684,0.35437030985277973
a7ff24r_983a5ca49e1bfb63,L5_vol_adjusted_return,24,symbol_shuffle,test_2025H2,-0.05485562630925451,0.9553979917998767
a7ff24r_983a5ca49e1bfb63,L5_vol_adjusted_return,24,symbol_shuffle,recent_oos_2026JanApr,-0.010068672417634964,0.10045218666885981
a7ff24r_983a5ca49e1bfb63,L5_vol_adjusted_return,24,sign_flip,validation_2025H1,-0.06952128196393406,0.8534836122921318
a7ff24r_983a5ca49e1bfb63,L5_vol_adjusted_return,24,sign_flip,test_2025H2,0.05798790917380616,1.0099516804529027
a7ff24r_983a5ca49e1bfb63,L5_vol_adjusted_return,24,sign_flip,recent_oos_2026JanApr,0.10473230712511666,1.0448834592300464
a7ff24r_983a5ca49e1bfb63,L5_vol_adjusted_return,24,same_family_placebo,validation_2025H1,-0.02544037588648087,0.31232082171510417
a7ff24r_983a5ca49e1bfb63,L5_vol_adjusted_return,24,same_family_placebo,test_2025H2,0.045940528861746564,0.8001273883793423
a7ff24r_983a5ca49e1bfb63,L5_vol_adjusted_return,24,same_family_placebo,recent_oos_2026JanApr,0.13741760676678527,1.3709750912491692
a7ff24r_983a5ca49e1bfb63,L7_ranked_future_return,24,one_bar_lag,validation_2025H1,-0.00825567395700298,0.9636624803462934
a7ff24r_983a5ca49e1bfb63,L7_ranked_future_return,24,one_bar_lag,test_2025H2,-0.00148899797786292,0.32172179005802765
a7ff24r_983a5ca49e1bfb63,L7_ranked_future_return,24,one_bar_lag,recent_oos_2026JanApr,0.00517199805768412,0.8719598525309447
a7ff24r_983a5ca49e1bfb63,L7_ranked_future_return,24,wrong_lag_future_24h,validation_2025H1,-0.0002564256066411225,0.029931867150649136
a7ff24r_983a5ca49e1bfb63,L7_ranked_future_return,24,wrong_lag_future_24h,test_2025H2,-0.00022349936143039624,0.04829060596805784
a7ff24r_983a5ca49e1bfb63,L7_ranked_future_return,24,wrong_lag_future_24h,recent_oos_2026JanApr,0.007229223206683694,1.2187924919747117
a7ff24r_983a5ca49e1bfb63,L7_ranked_future_return,24,wrong_lag_stale_168h,validation_2025H1,-0.004904098153469561,0.57244210648912
a7ff24r_983a5ca49e1bfb63,L7_ranked_future_return,24,wrong_lag_stale_168h,test_2025H2,0.003457588335461899,0.7470671720891795
a7ff24r_983a5ca49e1bfb63,L7_ranked_future_return,24,wrong_lag_stale_168h,recent_oos_2026JanApr,0.0009627600840783318,0.16231408665909708
a7ff24r_983a5ca49e1bfb63,L7_ranked_future_return,24,time_shuffle,validation_2025H1,0.0034087729816147084,0.3978968456734894
a7ff24r_983a5ca49e1bfb63,L7_ranked_future_return,24,time_shuffle,test_2025H2,0.009381003842459172,2.0269156799453025
a7ff24r_983a5ca49e1bfb63,L7_ranked_future_return,24,time_shuffle,recent_oos_2026JanApr,-0.0042487540751429635,0.7163078824628932
a7ff24r_983a5ca49e1bfb63,L7_ranked_future_return,24,symbol_shuffle,validation_2025H1,0.0044406363080034044,0.5183434594405729
a7ff24r_983a5ca49e1bfb63,L7_ranked_future_return,24,symbol_shuffle,test_2025H2,0.004562197344614729,0.9857355873740185
a7ff24r_983a5ca49e1bfb63,L7_ranked_future_return,24,symbol_shuffle,recent_oos_2026JanApr,-0.0038542830725840777,0.6498030475069039
a7ff24r_983a5ca49e1bfb63,L7_ranked_future_return,24,sign_flip,validation_2025H1,0.00814708386547467,0.9509870528175166
a7ff24r_983a5ca49e1bfb63,L7_ranked_future_return,24,sign_flip,test_2025H2,-0.00396777884206045,0.8573019779745968
a7ff24r_983a5ca49e1bfb63,L7_ranked_future_return,24,sign_flip,recent_oos_2026JanApr,-0.002320884551936995,0.3912836256080296
a7ff24r_983a5ca49e1bfb63,L7_ranked_future_return,24,same_family_placebo,validation_2025H1,0.006710634844614731,0.7833142457829455
a7ff24r_983a5ca49e1bfb63,L7_ranked_future_return,24,same_family_placebo,test_2025H2,0.0008223246594295442,0.1776763738928911
a7ff24r_983a5ca49e1bfb63,L7_ranked_future_return,24,same_family_placebo,recent_oos_2026JanApr,0.0026459896498509995,0.4460938923700183
a7ff24r_9e64895261bc01a7,L0_raw_forward_return,1,one_bar_lag,validation_2025H1,1.907539546468535e-06,0.11287751922275163
a7ff24r_9e64895261bc01a7,L0_raw_forward_return,1,one_bar_lag,test_2025H2,-8.076141306779218e-05,2.679221114029233
a7ff24r_9e64895261bc01a7,L0_raw_forward_return,1,one_bar_lag,recent_oos_2026JanApr,8.493941526352925e-05,0.2877636421236585
a7ff24r_9e64895261bc01a7,L0_raw_forward_return,1,wrong_lag_future_24h,validation_2025H1,-2.7824506196883123e-05,1.646498621177631
a7ff24r_9e64895261bc01a7,L0_raw_forward_return,1,wrong_lag_future_24h,test_2025H2,4.686697049719295e-05,1.5547892506692762
a7ff24r_9e64895261bc01a7,L0_raw_forward_return,1,wrong_lag_future_24h,recent_oos_2026JanApr,-8.393139695576433e-05,0.28434860778807003
a7ff24r_9e64895261bc01a7,L0_raw_forward_return,1,wrong_lag_stale_168h,validation_2025H1,-1.4294709362119847e-06,0.08458809327405713
a7ff24r_9e64895261bc01a7,L0_raw_forward_return,1,wrong_lag_stale_168h,test_2025H2,5.550208229541859e-05,1.8412549398269058
a7ff24r_9e64895261bc01a7,L0_raw_forward_return,1,wrong_lag_stale_168h,recent_oos_2026JanApr,-4.066327909318085e-05,0.1377618771713963
a7ff24r_9e64895261bc01a7,L0_raw_forward_return,1,time_shuffle,validation_2025H1,0.00017121537947166243,10.131568345894882
a7ff24r_9e64895261bc01a7,L0_raw_forward_return,1,time_shuffle,test_2025H2,-3.535207427650645e-05,1.1727880955579608
a7ff24r_9e64895261bc01a7,L0_raw_forward_return,1,time_shuffle,recent_oos_2026JanApr,-0.0001992630665526397,0.6750772370402358
a7ff24r_9e64895261bc01a7,L0_raw_forward_return,1,symbol_shuffle,validation_2025H1,-3.0319148925334723e-05,1.7941176223438215
a7ff24r_9e64895261bc01a7,L0_raw_forward_return,1,symbol_shuffle,test_2025H2,-1.071783087395107e-07,0.0035555889481502733
a7ff24r_9e64895261bc01a7,L0_raw_forward_return,1,symbol_shuffle,recent_oos_2026JanApr,-0.0004379251062634399,1.4836330479174709
a7ff24r_9e64895261bc01a7,L0_raw_forward_return,1,sign_flip,validation_2025H1,-2.591558619353339e-05,1.5335394142391872
a7ff24r_9e64895261bc01a7,L0_raw_forward_return,1,sign_flip,test_2025H2,-3.239975154983375e-05,1.0748462061795498
a7ff24r_9e64895261bc01a7,L0_raw_forward_return,1,sign_flip,recent_oos_2026JanApr,0.00040393382575615105,1.3684750303013047
a7ff24r_9e64895261bc01a7,L0_raw_forward_return,1,same_family_placebo,validation_2025H1,-6.955311912204566e-05,4.115764496330218
a7ff24r_9e64895261bc01a7,L0_raw_forward_return,1,same_family_placebo,test_2025H2,2.3982864003760273e-05,0.7956200018420848
a7ff24r_9e64895261bc01a7,L0_raw_forward_return,1,same_family_placebo,recent_oos_2026JanApr,0.0003195881525525527,1.0827229087081045
a7ff24r_9e64895261bc01a7,L1_cross_sectional_relative_return,1,one_bar_lag,validation_2025H1,1.9075395464685206e-06,0.11287751922275112
a7ff24r_9e64895261bc01a7,L1_cross_sectional_relative_return,1,one_bar_lag,test_2025H2,-8.076141306779216e-05,2.6792211140292386
a7ff24r_9e64895261bc01a7,L1_cross_sectional_relative_return,1,one_bar_lag,recent_oos_2026JanApr,8.493941526352915e-05,0.2877636421236582
a7ff24r_9e64895261bc01a7,L1_cross_sectional_relative_return,1,wrong_lag_future_24h,validation_2025H1,-2.7824506196883106e-05,1.646498621177635
a7ff24r_9e64895261bc01a7,L1_cross_sectional_relative_return,1,wrong_lag_future_24h,test_2025H2,4.686697049719295e-05,1.5547892506692798
a7ff24r_9e64895261bc01a7,L1_cross_sectional_relative_return,1,wrong_lag_future_24h,recent_oos_2026JanApr,-8.39313969557644e-05,0.28434860778807025
a7ff24r_9e64895261bc01a7,L1_cross_sectional_relative_return,1,wrong_lag_stale_168h,validation_2025H1,-1.4294709362119171e-06,0.08458809327405338
a7ff24r_9e64895261bc01a7,L1_cross_sectional_relative_return,1,wrong_lag_stale_168h,test_2025H2,5.5502082295418626e-05,1.841254939826911
a7ff24r_9e64895261bc01a7,L1_cross_sectional_relative_return,1,wrong_lag_stale_168h,recent_oos_2026JanApr,-4.066327909318081e-05,0.13776187717139615
a7ff24r_9e64895261bc01a7,L1_cross_sectional_relative_return,1,time_shuffle,validation_2025H1,-0.00010216908195408576,6.045794716861178
a7ff24r_9e64895261bc01a7,L1_cross_sectional_relative_return,1,time_shuffle,test_2025H2,8.151760785238813e-05,2.704307513043922
a7ff24r_9e64895261bc01a7,L1_cross_sectional_relative_return,1,time_shuffle,recent_oos_2026JanApr,-0.000499461850167759,1.6921114968848616
a7ff24r_9e64895261bc01a7,L1_cross_sectional_relative_return,1,symbol_shuffle,validation_2025H1,-5.5807727357757265e-05,3.3023891060427126
a7ff24r_9e64895261bc01a7,L1_cross_sectional_relative_return,1,symbol_shuffle,test_2025H2,9.283096840650548e-05,3.079622819151472
a7ff24r_9e64895261bc01a7,L1_cross_sectional_relative_return,1,symbol_shuffle,recent_oos_2026JanApr,0.00018999360057566156,0.6436734973064413
a7ff24r_9e64895261bc01a7,L1_cross_sectional_relative_return,1,sign_flip,validation_2025H1,-2.59155861935334e-05,1.5335394142391923
a7ff24r_9e64895261bc01a7,L1_cross_sectional_relative_return,1,sign_flip,test_2025H2,-3.239975154983369e-05,1.0748462061795503
a7ff24r_9e64895261bc01a7,L1_cross_sectional_relative_return,1,sign_flip,recent_oos_2026JanApr,0.0004039338257561511,1.3684750303013047
a7ff24r_9e64895261bc01a7,L1_cross_sectional_relative_return,1,same_family_placebo,validation_2025H1,-4.378206763642489e-05,2.590777837550796
a7ff24r_9e64895261bc01a7,L1_cross_sectional_relative_return,1,same_family_placebo,test_2025H2,0.00010600274149958299,3.5165900692236387
a7ff24r_9e64895261bc01a7,L1_cross_sectional_relative_return,1,same_family_placebo,recent_oos_2026JanApr,-0.00019055219139586715,0.6455659300289941
a7ff24r_9e64895261bc01a7,L3_liquidity_tier_relative_return,1,one_bar_lag,validation_2025H1,1.37922837412391e-06,0.037061029010197435
a7ff24r_9e64895261bc01a7,L3_liquidity_tier_relative_return,1,one_bar_lag,test_2025H2,8.03938450693857e-05,418.5911266855591
a7ff24r_9e64895261bc01a7,L3_liquidity_tier_relative_return,1,one_bar_lag,recent_oos_2026JanApr,-6.63632032973922e-05,0.25631982986907376
a7ff24r_9e64895261bc01a7,L3_liquidity_tier_relative_return,1,wrong_lag_future_24h,validation_2025H1,2.6356490121813828e-05,0.7082211063356275
a7ff24r_9e64895261bc01a7,L3_liquidity_tier_relative_return,1,wrong_lag_future_24h,test_2025H2,-8.739742613239725e-05,455.0570636670461
a7ff24r_9e64895261bc01a7,L3_liquidity_tier_relative_return,1,wrong_lag_future_24h,recent_oos_2026JanApr,3.024612155934453e-05,0.11682197885398282
a7ff24r_9e64895261bc01a7,L3_liquidity_tier_relative_return,1,wrong_lag_stale_168h,validation_2025H1,4.9898077209304436e-05,1.3408033953635616
a7ff24r_9e64895261bc01a7,L3_liquidity_tier_relative_return,1,wrong_lag_stale_168h,test_2025H2,-7.276332489826848e-05,378.86087080753595
a7ff24r_9e64895261bc01a7,L3_liquidity_tier_relative_return,1,wrong_lag_stale_168h,recent_oos_2026JanApr,2.1135075154166514e-05,0.08163166632432477
a7ff24r_9e64895261bc01a7,L3_liquidity_tier_relative_return,1,time_shuffle,validation_2025H1,-0.00015507543873837217,4.167007757147238
a7ff24r_9e64895261bc01a7,L3_liquidity_tier_relative_return,1,time_shuffle,test_2025H2,-0.00015508513706181105,807.4904515247349
a7ff24r_9e64895261bc01a7,L3_liquidity_tier_relative_return,1,time_shuffle,recent_oos_2026JanApr,-0.00014305638676758166,0.5525379562169486
a7ff24r_9e64895261bc01a7,L3_liquidity_tier_relative_return,1,symbol_shuffle,validation_2025H1,6.674086556665675e-05,1.7933833158723391
a7ff24r_9e64895261bc01a7,L3_liquidity_tier_relative_return,1,symbol_shuffle,test_2025H2,5.2926329589410154e-05,275.5744785566795
a7ff24r_9e64895261bc01a7,L3_liquidity_tier_relative_return,1,symbol_shuffle,recent_oos_2026JanApr,-2.694752211563461e-05,0.1040815382753531
a7ff24r_9e64895261bc01a7,L3_liquidity_tier_relative_return,1,sign_flip,validation_2025H1,4.7857788383977126e-05,1.2859791147996789
a7ff24r_9e64895261bc01a7,L3_liquidity_tier_relative_return,1,sign_flip,test_2025H2,-6.268848353916275e-06,32.64036311762364
a7ff24r_9e64895261bc01a7,L3_liquidity_tier_relative_return,1,sign_flip,recent_oos_2026JanApr,-0.000361802839565676,1.397419619243516
a7ff24r_9e64895261bc01a7,L3_liquidity_tier_relative_return,1,same_family_placebo,validation_2025H1,9.334184475862709e-06,0.25081740496110444
a7ff24r_9e64895261bc01a7,L3_liquidity_tier_relative_return,1,same_family_placebo,test_2025H2,0.0002642355468753441,1375.8099911935249
a7ff24r_9e64895261bc01a7,L3_liquidity_tier_relative_return,1,same_family_placebo,recent_oos_2026JanApr,0.0001476161861939586,0.5701496288779029
a7ff24r_9e64895261bc01a7,L5_vol_adjusted_return,1,one_bar_lag,validation_2025H1,-0.006593097744028889,0.9008715195686559
a7ff24r_9e64895261bc01a7,L5_vol_adjusted_return,1,one_bar_lag,test_2025H2,0.0035226252994265995,0.3966271073868211
a7ff24r_9e64895261bc01a7,L5_vol_adjusted_return,1,one_bar_lag,recent_oos_2026JanApr,0.0025742279132327027,1.3727756367345092
a7ff24r_9e64895261bc01a7,L5_vol_adjusted_return,1,wrong_lag_future_24h,validation_2025H1,0.003224837594707015,0.4406372326175403
a7ff24r_9e64895261bc01a7,L5_vol_adjusted_return,1,wrong_lag_future_24h,test_2025H2,-0.0008982924752383273,0.10114250473904236
a7ff24r_9e64895261bc01a7,L5_vol_adjusted_return,1,wrong_lag_future_24h,recent_oos_2026JanApr,0.004293690150648673,2.2897246977232193
a7ff24r_9e64895261bc01a7,L5_vol_adjusted_return,1,wrong_lag_stale_168h,validation_2025H1,-0.0013722954141406605,0.18750849798239816
a7ff24r_9e64895261bc01a7,L5_vol_adjusted_return,1,wrong_lag_stale_168h,test_2025H2,-0.014555349865992046,1.6388476842232682
a7ff24r_9e64895261bc01a7,L5_vol_adjusted_return,1,wrong_lag_stale_168h,recent_oos_2026JanApr,0.023508500291933247,12.536534271514899
a7ff24r_9e64895261bc01a7,L5_vol_adjusted_return,1,time_shuffle,validation_2025H1,-0.004745700538189935,0.6484457869791019
a7ff24r_9e64895261bc01a7,L5_vol_adjusted_return,1,time_shuffle,test_2025H2,0.01523704706432615,1.7156028213458476
a7ff24r_9e64895261bc01a7,L5_vol_adjusted_return,1,time_shuffle,recent_oos_2026JanApr,-0.0024510409692780895,1.3070829159946789
a7ff24r_9e64895261bc01a7,L5_vol_adjusted_return,1,symbol_shuffle,validation_2025H1,-0.007697649394575603,1.0517958896451152
a7ff24r_9e64895261bc01a7,L5_vol_adjusted_return,1,symbol_shuffle,test_2025H2,-0.011506810221913147,1.2955998624972727
a7ff24r_9e64895261bc01a7,L5_vol_adjusted_return,1,symbol_shuffle,recent_oos_2026JanApr,0.001929082758534728,1.028734790166843
a7ff24r_9e64895261bc01a7,L5_vol_adjusted_return,1,sign_flip,validation_2025H1,0.00912246982607066,1.2464813314612793
a7ff24r_9e64895261bc01a7,L5_vol_adjusted_return,1,sign_flip,test_2025H2,0.009273707912598905,1.0441655389016549
a7ff24r_9e64895261bc01a7,L5_vol_adjusted_return,1,sign_flip,recent_oos_2026JanApr,-0.0084064753765097,4.482977023269453
a7ff24r_9e64895261bc01a7,L5_vol_adjusted_return,1,same_family_placebo,validation_2025H1,0.006116433924557197,0.8357408517031955
a7ff24r_9e64895261bc01a7,L5_vol_adjusted_return,1,same_family_placebo,test_2025H2,0.00201131658533633,0.22646254184654288
a7ff24r_9e64895261bc01a7,L5_vol_adjusted_return,1,same_family_placebo,recent_oos_2026JanApr,-0.022488129649830452,11.99239443420002
a7ff24r_9e64895261bc01a7,L7_ranked_future_return,1,one_bar_lag,validation_2025H1,-0.0011953169268016273,0.11769973925517324
a7ff24r_9e64895261bc01a7,L7_ranked_future_return,1,one_bar_lag,test_2025H2,0.00435452403028898,0.562583838530889
a7ff24r_9e64895261bc01a7,L7_ranked_future_return,1,one_bar_lag,recent_oos_2026JanApr,-0.0022976710194199776,0.5298550401841234
a7ff24r_9e64895261bc01a7,L7_ranked_future_return,1,wrong_lag_future_24h,validation_2025H1,-0.0015336050584659768,0.15101008900195761
a7ff24r_9e64895261bc01a7,L7_ranked_future_return,1,wrong_lag_future_24h,test_2025H2,-0.002258956627002524,0.2918464754021651
a7ff24r_9e64895261bc01a7,L7_ranked_future_return,1,wrong_lag_future_24h,recent_oos_2026JanApr,0.0032068555864626807,0.7395177905228579
a7ff24r_9e64895261bc01a7,L7_ranked_future_return,1,wrong_lag_stale_168h,validation_2025H1,-0.0015088954566527598,0.1485769989776268
a7ff24r_9e64895261bc01a7,L7_ranked_future_return,1,wrong_lag_stale_168h,test_2025H2,-0.0038377150620718067,0.495814572566473
a7ff24r_9e64895261bc01a7,L7_ranked_future_return,1,wrong_lag_stale_168h,recent_oos_2026JanApr,0.003548041261010664,0.8181970042875442
a7ff24r_9e64895261bc01a7,L7_ranked_future_return,1,time_shuffle,validation_2025H1,0.0025163912166356298,0.24778247795295805
a7ff24r_9e64895261bc01a7,L7_ranked_future_return,1,time_shuffle,test_2025H2,0.006536772670999692,0.8445200061534095
a7ff24r_9e64895261bc01a7,L7_ranked_future_return,1,time_shuffle,recent_oos_2026JanApr,0.001978892246500336,0.4563429759644943
a7ff24r_9e64895261bc01a7,L7_ranked_future_return,1,symbol_shuffle,validation_2025H1,-0.0034488809045484987,0.3396023046989547
a7ff24r_9e64895261bc01a7,L7_ranked_future_return,1,symbol_shuffle,test_2025H2,-0.0024701553082985645,0.3191323426955196
a7ff24r_9e64895261bc01a7,L7_ranked_future_return,1,symbol_shuffle,recent_oos_2026JanApr,0.0014432983052593627,0.3328321918443864
a7ff24r_9e64895261bc01a7,L7_ranked_future_return,1,sign_flip,validation_2025H1,0.012116075567918404,1.193038350888038
a7ff24r_9e64895261bc01a7,L7_ranked_future_return,1,sign_flip,test_2025H2,0.007996413485808478,1.0330986721016568
a7ff24r_9e64895261bc01a7,L7_ranked_future_return,1,sign_flip,recent_oos_2026JanApr,-0.008682728712718283,2.0022829778940925
a7ff24r_9e64895261bc01a7,L7_ranked_future_return,1,same_family_placebo,validation_2025H1,-0.0044471649152629696,0.4379007267568576
a7ff24r_9e64895261bc01a7,L7_ranked_future_return,1,same_family_placebo,test_2025H2,-0.00800800365734302,1.034596067258
a7ff24r_9e64895261bc01a7,L7_ranked_future_return,1,same_family_placebo,recent_oos_2026JanApr,-0.001178495080616081,0.27176717337639417
a7ff24r_9e64895261bc01a7,L0_raw_forward_return,4,one_bar_lag,validation_2025H1,0.00029060531679484674,1.7168888698350258
a7ff24r_9e64895261bc01a7,L0_raw_forward_return,4,one_bar_lag,test_2025H2,-0.00021929152864406387,1.9737033761143181
a7ff24r_9e64895261bc01a7,L0_raw_forward_return,4,one_bar_lag,recent_oos_2026JanApr,-0.0002755592028354066,15.843007127762828
a7ff24r_9e64895261bc01a7,L0_raw_forward_return,4,wrong_lag_future_24h,validation_2025H1,0.00013539967741034532,0.7999378734325935
a7ff24r_9e64895261bc01a7,L0_raw_forward_return,4,wrong_lag_future_24h,test_2025H2,0.0002686885496359694,2.418294499649965
a7ff24r_9e64895261bc01a7,L0_raw_forward_return,4,wrong_lag_future_24h,recent_oos_2026JanApr,-0.0005829809285027794,33.51791887399295
a7ff24r_9e64895261bc01a7,L0_raw_forward_return,4,wrong_lag_stale_168h,validation_2025H1,0.0001407425965232964,0.8315037045695729
a7ff24r_9e64895261bc01a7,L0_raw_forward_return,4,wrong_lag_stale_168h,test_2025H2,-0.0001491789483961193,1.3426646980627654
a7ff24r_9e64895261bc01a7,L0_raw_forward_return,4,wrong_lag_stale_168h,recent_oos_2026JanApr,-4.46096840248367e-05,2.564790196446035
a7ff24r_9e64895261bc01a7,L0_raw_forward_return,4,time_shuffle,validation_2025H1,-6.148356696929632e-05,0.36324336034726384
a7ff24r_9e64895261bc01a7,L0_raw_forward_return,4,time_shuffle,test_2025H2,0.0001395482170166902,1.2559846190120063
a7ff24r_9e64895261bc01a7,L0_raw_forward_return,4,time_shuffle,recent_oos_2026JanApr,-0.00025744001898632976,14.80126235598094
a7ff24r_9e64895261bc01a7,L0_raw_forward_return,4,symbol_shuffle,validation_2025H1,-0.00030848644451005703,1.822530120631603
a7ff24r_9e64895261bc01a7,L0_raw_forward_return,4,symbol_shuffle,test_2025H2,0.0003178683771064634,2.860930802636315
a7ff24r_9e64895261bc01a7,L0_raw_forward_return,4,symbol_shuffle,recent_oos_2026JanApr,6.666513162875798e-05,3.8328466068270677
a7ff24r_9e64895261bc01a7,L0_raw_forward_return,4,sign_flip,validation_2025H1,-0.0001397932752612963,0.8258951385371203
a7ff24r_9e64895261bc01a7,L0_raw_forward_return,4,sign_flip,test_2025H2,9.808906694765577e-05,0.8828372157901514
a7ff24r_9e64895261bc01a7,L0_raw_forward_return,4,sign_flip,recent_oos_2026JanApr,-0.00012180022436808274,7.002784893303885
a7ff24r_9e64895261bc01a7,L0_raw_forward_return,4,same_family_placebo,validation_2025H1,9.968699260273137e-05,0.5889482338266394
a7ff24r_9e64895261bc01a7,L0_raw_forward_return,4,same_family_placebo,test_2025H2,-2.3329725469628666e-05,0.20997599956523783
a7ff24r_9e64895261bc01a7,L0_raw_forward_return,4,same_family_placebo,recent_oos_2026JanApr,-0.00013912759833393368,7.999005329499441
a7ff24r_9e64895261bc01a7,L1_cross_sectional_relative_return,4,one_bar_lag,validation_2025H1,0.0002906053167948465,1.7168888698350238
a7ff24r_9e64895261bc01a7,L1_cross_sectional_relative_return,4,one_bar_lag,test_2025H2,-0.000219291528644064,1.9737033761143181
a7ff24r_9e64895261bc01a7,L1_cross_sectional_relative_return,4,one_bar_lag,recent_oos_2026JanApr,-0.00027555920283540633,15.84300712776267
a7ff24r_9e64895261bc01a7,L1_cross_sectional_relative_return,4,wrong_lag_future_24h,validation_2025H1,0.00013539967741034534,0.7999378734325933
a7ff24r_9e64895261bc01a7,L1_cross_sectional_relative_return,4,wrong_lag_future_24h,test_2025H2,0.00026868854963596933,2.4182944996499627
a7ff24r_9e64895261bc01a7,L1_cross_sectional_relative_return,4,wrong_lag_future_24h,recent_oos_2026JanApr,-0.0005829809285027795,33.51791887399265
a7ff24r_9e64895261bc01a7,L1_cross_sectional_relative_return,4,wrong_lag_stale_168h,validation_2025H1,0.00014074259652329646,0.8315037045695728
a7ff24r_9e64895261bc01a7,L1_cross_sectional_relative_return,4,wrong_lag_stale_168h,test_2025H2,-0.0001491789483961193,1.3426646980627646
a7ff24r_9e64895261bc01a7,L1_cross_sectional_relative_return,4,wrong_lag_stale_168h,recent_oos_2026JanApr,-4.460968402483677e-05,2.5647901964460162
a7ff24r_9e64895261bc01a7,L1_cross_sectional_relative_return,4,time_shuffle,validation_2025H1,0.00011818604529402296,0.6982401697707836
a7ff24r_9e64895261bc01a7,L1_cross_sectional_relative_return,4,time_shuffle,test_2025H2,0.0006081035357278524,5.473152606096373
a7ff24r_9e64895261bc01a7,L1_cross_sectional_relative_return,4,time_shuffle,recent_oos_2026JanApr,-0.00016402191415466606,9.430279694247103
a7ff24r_9e64895261bc01a7,L1_cross_sectional_relative_return,4,symbol_shuffle,validation_2025H1,-3.3823717872770597e-06,0.019982967067734534
a7ff24r_9e64895261bc01a7,L1_cross_sectional_relative_return,4,symbol_shuffle,test_2025H2,0.00019820951903506834,1.783957635374435
a7ff24r_9e64895261bc01a7,L1_cross_sectional_relative_return,4,symbol_shuffle,recent_oos_2026JanApr,-0.0004548404264861873,26.15060591215131
a7ff24r_9e64895261bc01a7,L1_cross_sectional_relative_return,4,sign_flip,validation_2025H1,-0.00013979327526129624,0.8258951385371195
a7ff24r_9e64895261bc01a7,L1_cross_sectional_relative_return,4,sign_flip,test_2025H2,9.808906694765601e-05,0.8828372157901531
a7ff24r_9e64895261bc01a7,L1_cross_sectional_relative_return,4,sign_flip,recent_oos_2026JanApr,-0.00012180022436808297,7.0027848933038355
a7ff24r_9e64895261bc01a7,L1_cross_sectional_relative_return,4,same_family_placebo,validation_2025H1,0.00015393944036054294,0.9094703245578594
a7ff24r_9e64895261bc01a7,L1_cross_sectional_relative_return,4,same_family_placebo,test_2025H2,-0.00032774174650128667,2.9497947119203616
a7ff24r_9e64895261bc01a7,L1_cross_sectional_relative_return,4,same_family_placebo,recent_oos_2026JanApr,0.0004211694059342857,24.214723484296215
a7ff24r_9e64895261bc01a7,L3_liquidity_tier_relative_return,4,one_bar_lag,validation_2025H1,0.00032556332167911847,1.6211890720821567
a7ff24r_9e64895261bc01a7,L3_liquidity_tier_relative_return,4,one_bar_lag,test_2025H2,-0.00023820366119952553,2.720549280684552
a7ff24r_9e64895261bc01a7,L3_liquidity_tier_relative_return,4,one_bar_lag,recent_oos_2026JanApr,-0.0003011699274089349,3.0591892770992732
a7ff24r_9e64895261bc01a7,L3_liquidity_tier_relative_return,4,wrong_lag_future_24h,validation_2025H1,7.376066627956288e-05,0.3673017755967809
a7ff24r_9e64895261bc01a7,L3_liquidity_tier_relative_return,4,wrong_lag_future_24h,test_2025H2,0.00015042188037816385,1.7179842509609862
a7ff24r_9e64895261bc01a7,L3_liquidity_tier_relative_return,4,wrong_lag_future_24h,recent_oos_2026JanApr,-0.0006489199587947917,6.591524581221631
a7ff24r_9e64895261bc01a7,L3_liquidity_tier_relative_return,4,wrong_lag_stale_168h,validation_2025H1,0.00011222216849221105,0.5588263206880907
a7ff24r_9e64895261bc01a7,L3_liquidity_tier_relative_return,4,wrong_lag_stale_168h,test_2025H2,-0.00023783359671633486,2.7163227349695056
a7ff24r_9e64895261bc01a7,L3_liquidity_tier_relative_return,4,wrong_lag_stale_168h,recent_oos_2026JanApr,-0.00011080137982517828,1.125485522293661
a7ff24r_9e64895261bc01a7,L3_liquidity_tier_relative_return,4,time_shuffle,validation_2025H1,-0.0003062369836100988,1.5249508105996756
a7ff24r_9e64895261bc01a7,L3_liquidity_tier_relative_return,4,time_shuffle,test_2025H2,-7.50864055521663e-05,0.8575698021829629
a7ff24r_9e64895261bc01a7,L3_liquidity_tier_relative_return,4,time_shuffle,recent_oos_2026JanApr,-0.0003580785011896567,3.637248647710364
a7ff24r_9e64895261bc01a7,L3_liquidity_tier_relative_return,4,symbol_shuffle,validation_2025H1,-0.0002879246013102819,1.4337616867292824
a7ff24r_9e64895261bc01a7,L3_liquidity_tier_relative_return,4,symbol_shuffle,test_2025H2,0.00015939547928474102,1.8204726758974576
a7ff24r_9e64895261bc01a7,L3_liquidity_tier_relative_return,4,symbol_shuffle,recent_oos_2026JanApr,0.0003125750017539482,3.175038430568736
a7ff24r_9e64895261bc01a7,L3_liquidity_tier_relative_return,4,sign_flip,validation_2025H1,-0.00016718980849834487,0.8325455370804138
a7ff24r_9e64895261bc01a7,L3_liquidity_tier_relative_return,4,sign_flip,test_2025H2,6.612923393259215e-05,0.7552689950337859
a7ff24r_9e64895261bc01a7,L3_liquidity_tier_relative_return,4,sign_flip,recent_oos_2026JanApr,-4.0534661696038635e-05,0.4117383281863792
a7ff24r_9e64895261bc01a7,L3_liquidity_tier_relative_return,4,same_family_placebo,validation_2025H1,-6.922389653082167e-05,0.34471028248484686
a7ff24r_9e64895261bc01a7,L3_liquidity_tier_relative_return,4,same_family_placebo,test_2025H2,-0.000146094597290808,1.6685618918278773
a7ff24r_9e64895261bc01a7,L3_liquidity_tier_relative_return,4,same_family_placebo,recent_oos_2026JanApr,0.0002518243498555412,2.557952440399308
a7ff24r_9e64895261bc01a7,L5_vol_adjusted_return,4,one_bar_lag,validation_2025H1,0.011204899023025098,14.464617290480227
a7ff24r_9e64895261bc01a7,L5_vol_adjusted_return,4,one_bar_lag,test_2025H2,-0.026665615250614703,1.472612962954282
a7ff24r_9e64895261bc01a7,L5_vol_adjusted_return,4,one_bar_lag,recent_oos_2026JanApr,-0.019821837177708086,2.980875156746489
a7ff24r_9e64895261bc01a7,L5_vol_adjusted_return,4,wrong_lag_future_24h,validation_2025H1,0.002380585170429127,3.073142680437419
a7ff24r_9e64895261bc01a7,L5_vol_adjusted_return,4,wrong_lag_future_24h,test_2025H2,0.022917793514150964,1.2656388946611792
a7ff24r_9e64895261bc01a7,L5_vol_adjusted_return,4,wrong_lag_future_24h,recent_oos_2026JanApr,-0.0692837929730652,10.419131959717609
a7ff24r_9e64895261bc01a7,L5_vol_adjusted_return,4,wrong_lag_stale_168h,validation_2025H1,0.018417391638356723,23.775361204977447
a7ff24r_9e64895261bc01a7,L5_vol_adjusted_return,4,wrong_lag_stale_168h,test_2025H2,-0.035267869588362165,1.947673865518853
a7ff24r_9e64895261bc01a7,L5_vol_adjusted_return,4,wrong_lag_stale_168h,recent_oos_2026JanApr,-0.009405960256601637,1.4145002303712073
a7ff24r_9e64895261bc01a7,L5_vol_adjusted_return,4,time_shuffle,validation_2025H1,-0.019638471986132854,25.351677053537387
a7ff24r_9e64895261bc01a7,L5_vol_adjusted_return,4,time_shuffle,test_2025H2,0.03675234507594955,2.0296542670833233
a7ff24r_9e64895261bc01a7,L5_vol_adjusted_return,4,time_shuffle,recent_oos_2026JanApr,-0.0016517247929754616,0.24839198087551256
a7ff24r_9e64895261bc01a7,L5_vol_adjusted_return,4,symbol_shuffle,validation_2025H1,0.011750354181851781,15.16875573075829
a7ff24r_9e64895261bc01a7,L5_vol_adjusted_return,4,symbol_shuffle,test_2025H2,0.019319788915809995,1.0669385023211269
a7ff24r_9e64895261bc01a7,L5_vol_adjusted_return,4,symbol_shuffle,recent_oos_2026JanApr,-5.147609719921735e-05,0.007741150223955001
a7ff24r_9e64895261bc01a7,L5_vol_adjusted_return,4,sign_flip,validation_2025H1,0.0020633143047322513,2.6635716847243613
a7ff24r_9e64895261bc01a7,L5_vol_adjusted_return,4,sign_flip,test_2025H2,0.016522766446167396,0.9124724790263843
a7ff24r_9e64895261bc01a7,L5_vol_adjusted_return,4,sign_flip,recent_oos_2026JanApr,-0.014052123941587488,2.113206095957044
a7ff24r_9e64895261bc01a7,L5_vol_adjusted_return,4,same_family_placebo,validation_2025H1,-0.02692842480942902,34.762415823958406
a7ff24r_9e64895261bc01a7,L5_vol_adjusted_return,4,same_family_placebo,test_2025H2,0.060566228551972794,3.3447798764302217
a7ff24r_9e64895261bc01a7,L5_vol_adjusted_return,4,same_family_placebo,recent_oos_2026JanApr,0.03497592112479898,5.259797738752941
a7ff24r_9e64895261bc01a7,L7_ranked_future_return,4,one_bar_lag,validation_2025H1,0.001279129164080282,0.17471269443493823
a7ff24r_9e64895261bc01a7,L7_ranked_future_return,4,one_bar_lag,test_2025H2,0.004715950237947443,22.432910419069664
a7ff24r_9e64895261bc01a7,L7_ranked_future_return,4,one_bar_lag,recent_oos_2026JanApr,0.0015415664442375349,0.7581286270768747
a7ff24r_9e64895261bc01a7,L7_ranked_future_return,4,wrong_lag_future_24h,validation_2025H1,0.009375404122698114,1.2805603700473596
a7ff24r_9e64895261bc01a7,L7_ranked_future_return,4,wrong_lag_future_24h,test_2025H2,0.0027574908183322982,13.116878123798585
a7ff24r_9e64895261bc01a7,L7_ranked_future_return,4,wrong_lag_future_24h,recent_oos_2026JanApr,-0.0024141481740120015,1.1872565386755707
a7ff24r_9e64895261bc01a7,L7_ranked_future_return,4,wrong_lag_stale_168h,validation_2025H1,0.006751435443823711,0.9221597871565305
a7ff24r_9e64895261bc01a7,L7_ranked_future_return,4,wrong_lag_stale_168h,test_2025H2,-0.002795397527415684,13.297193387158835
a7ff24r_9e64895261bc01a7,L7_ranked_future_return,4,wrong_lag_stale_168h,recent_oos_2026JanApr,0.0011601554417546031,0.5705540981000076
a7ff24r_9e64895261bc01a7,L7_ranked_future_return,4,time_shuffle,validation_2025H1,-0.002170260295260295,0.2964298168298919
a7ff24r_9e64895261bc01a7,L7_ranked_future_return,4,time_shuffle,test_2025H2,0.005076209572248305,24.14659800401805
a7ff24r_9e64895261bc01a7,L7_ranked_future_return,4,time_shuffle,recent_oos_2026JanApr,-0.0005723096348096343,0.28145677361036264
a7ff24r_9e64895261bc01a7,L7_ranked_future_return,4,symbol_shuffle,validation_2025H1,0.004535226567349473,0.6194539814313945
a7ff24r_9e64895261bc01a7,L7_ranked_future_return,4,symbol_shuffle,test_2025H2,-0.0064447063159528235,30.656286043829407
a7ff24r_9e64895261bc01a7,L7_ranked_future_return,4,symbol_shuffle,recent_oos_2026JanApr,-0.00603767393440927,2.9692741871372923
a7ff24r_9e64895261bc01a7,L7_ranked_future_return,4,sign_flip,validation_2025H1,0.006960932650527623,0.9507744278727797
a7ff24r_9e64895261bc01a7,L7_ranked_future_return,4,sign_flip,test_2025H2,-8.672473101593292e-05,0.4125336409073486
a7ff24r_9e64895261bc01a7,L7_ranked_future_return,4,sign_flip,recent_oos_2026JanApr,-0.00816594571177323,4.015939263852454
a7ff24r_9e64895261bc01a7,L7_ranked_future_return,4,same_family_placebo,validation_2025H1,0.006649434874818953,0.9082278131658258
a7ff24r_9e64895261bc01a7,L7_ranked_future_return,4,same_family_placebo,test_2025H2,0.0008727433788537123,4.151480199923114
a7ff24r_9e64895261bc01a7,L7_ranked_future_return,4,same_family_placebo,recent_oos_2026JanApr,-0.009367240844196153,4.606725494872406
a7ff24r_9e64895261bc01a7,L0_raw_forward_return,8,one_bar_lag,validation_2025H1,-0.00029116517316914067,1.1900861290910612
a7ff24r_9e64895261bc01a7,L0_raw_forward_return,8,one_bar_lag,test_2025H2,0.0007644152720981201,0.9696413240449389
a7ff24r_9e64895261bc01a7,L0_raw_forward_return,8,one_bar_lag,recent_oos_2026JanApr,0.0001537068391681269,0.2899018825122198
a7ff24r_9e64895261bc01a7,L0_raw_forward_return,8,wrong_lag_future_24h,validation_2025H1,-0.00030572938051752545,1.2496147497631844
a7ff24r_9e64895261bc01a7,L0_raw_forward_return,8,wrong_lag_future_24h,test_2025H2,-0.0007862001885833923,0.9972749363444539
a7ff24r_9e64895261bc01a7,L0_raw_forward_return,8,wrong_lag_future_24h,recent_oos_2026JanApr,-8.406950149326758e-05,0.1585609780063448
a7ff24r_9e64895261bc01a7,L0_raw_forward_return,8,wrong_lag_stale_168h,validation_2025H1,0.00013580697657947005,0.5550869882612443
a7ff24r_9e64895261bc01a7,L0_raw_forward_return,8,wrong_lag_stale_168h,test_2025H2,0.00033773769458212815,0.4284116726967539
a7ff24r_9e64895261bc01a7,L0_raw_forward_return,8,wrong_lag_stale_168h,recent_oos_2026JanApr,-0.00011620177509173958,0.21916470036515032
a7ff24r_9e64895261bc01a7,L0_raw_forward_return,8,time_shuffle,validation_2025H1,0.00011885775442791079,0.48581004156495755
a7ff24r_9e64895261bc01a7,L0_raw_forward_return,8,time_shuffle,test_2025H2,-7.677191897916677e-05,0.09738322595793819
a7ff24r_9e64895261bc01a7,L0_raw_forward_return,8,time_shuffle,recent_oos_2026JanApr,0.0024968356854051118,4.709207276918148
a7ff24r_9e64895261bc01a7,L0_raw_forward_return,8,symbol_shuffle,validation_2025H1,0.00013408160872007264,0.5480348524075664
a7ff24r_9e64895261bc01a7,L0_raw_forward_return,8,symbol_shuffle,test_2025H2,-0.0009942343933336552,1.2611610321664488
a7ff24r_9e64895261bc01a7,L0_raw_forward_return,8,symbol_shuffle,recent_oos_2026JanApr,4.9630400361060965e-05,0.09360641707535845
a7ff24r_9e64895261bc01a7,L0_raw_forward_return,8,sign_flip,validation_2025H1,0.00015174552628920742,0.6202329901711909
a7ff24r_9e64895261bc01a7,L0_raw_forward_return,8,sign_flip,test_2025H2,-0.0009192624208849129,1.166060992587271
a7ff24r_9e64895261bc01a7,L0_raw_forward_return,8,sign_flip,recent_oos_2026JanApr,0.0006891573271149633,1.299799069182513
a7ff24r_9e64895261bc01a7,L0_raw_forward_return,8,same_family_placebo,validation_2025H1,0.00018426110947730332,0.7531346834275487
a7ff24r_9e64895261bc01a7,L0_raw_forward_return,8,same_family_placebo,test_2025H2,-0.0006501725431792787,0.824727329028427
a7ff24r_9e64895261bc01a7,L0_raw_forward_return,8,same_family_placebo,recent_oos_2026JanApr,-0.0005687614213336185,1.072723944082853
a7ff24r_9e64895261bc01a7,L1_cross_sectional_relative_return,8,one_bar_lag,validation_2025H1,-0.0002911651731691406,1.1900861290910605
a7ff24r_9e64895261bc01a7,L1_cross_sectional_relative_return,8,one_bar_lag,test_2025H2,0.0007644152720981205,0.9696413240449392
a7ff24r_9e64895261bc01a7,L1_cross_sectional_relative_return,8,one_bar_lag,recent_oos_2026JanApr,0.0001537068391681268,0.28990188251221966
a7ff24r_9e64895261bc01a7,L1_cross_sectional_relative_return,8,wrong_lag_future_24h,validation_2025H1,-0.0003057293805175255,1.249614749763184
a7ff24r_9e64895261bc01a7,L1_cross_sectional_relative_return,8,wrong_lag_future_24h,test_2025H2,-0.0007862001885833925,0.9972749363444541
a7ff24r_9e64895261bc01a7,L1_cross_sectional_relative_return,8,wrong_lag_future_24h,recent_oos_2026JanApr,-8.406950149326816e-05,0.15856097800634592
a7ff24r_9e64895261bc01a7,L1_cross_sectional_relative_return,8,wrong_lag_stale_168h,validation_2025H1,0.0001358069765794701,0.5550869882612441
a7ff24r_9e64895261bc01a7,L1_cross_sectional_relative_return,8,wrong_lag_stale_168h,test_2025H2,0.00033773769458212815,0.4284116726967539
a7ff24r_9e64895261bc01a7,L1_cross_sectional_relative_return,8,wrong_lag_stale_168h,recent_oos_2026JanApr,-0.00011620177509173947,0.21916470036515012
a7ff24r_9e64895261bc01a7,L1_cross_sectional_relative_return,8,time_shuffle,validation_2025H1,-9.923179447492923e-05,0.40559240270410385
a7ff24r_9e64895261bc01a7,L1_cross_sectional_relative_return,8,time_shuffle,test_2025H2,-0.00014802092362440825,0.18776077559986643
a7ff24r_9e64895261bc01a7,L1_cross_sectional_relative_return,8,time_shuffle,recent_oos_2026JanApr,0.00028767991180775484,0.5425844968602501
a7ff24r_9e64895261bc01a7,L1_cross_sectional_relative_return,8,symbol_shuffle,validation_2025H1,0.00028704589540004706,1.1732493100391348
a7ff24r_9e64895261bc01a7,L1_cross_sectional_relative_return,8,symbol_shuffle,test_2025H2,-0.0002108500938365587,0.26745797948479155
a7ff24r_9e64895261bc01a7,L1_cross_sectional_relative_return,8,symbol_shuffle,recent_oos_2026JanApr,0.0007537160968701328,1.4215614382871502
a7ff24r_9e64895261bc01a7,L1_cross_sectional_relative_return,8,sign_flip,validation_2025H1,0.00015174552628920742,0.6202329901711907
a7ff24r_9e64895261bc01a7,L1_cross_sectional_relative_return,8,sign_flip,test_2025H2,-0.000919262420884913,1.1660609925872711
a7ff24r_9e64895261bc01a7,L1_cross_sectional_relative_return,8,sign_flip,recent_oos_2026JanApr,0.0006891573271149633,1.299799069182513
a7ff24r_9e64895261bc01a7,L1_cross_sectional_relative_return,8,same_family_placebo,validation_2025H1,0.00011515126891518925,0.47066043782507444
a7ff24r_9e64895261bc01a7,L1_cross_sectional_relative_return,8,same_family_placebo,test_2025H2,0.0004230348813473377,0.5366089839374297
a7ff24r_9e64895261bc01a7,L1_cross_sectional_relative_return,8,same_family_placebo,recent_oos_2026JanApr,-0.0007030406351349499,1.3259839621402603
a7ff24r_9e64895261bc01a7,L3_liquidity_tier_relative_return,8,one_bar_lag,validation_2025H1,-0.00016762628942183422,1.633898193965663
a7ff24r_9e64895261bc01a7,L3_liquidity_tier_relative_return,8,one_bar_lag,test_2025H2,0.0007769653763296051,1.01044562257987
a7ff24r_9e64895261bc01a7,L3_liquidity_tier_relative_return,8,one_bar_lag,recent_oos_2026JanApr,0.0002215988151518861,0.5462570241455919
a7ff24r_9e64895261bc01a7,L3_liquidity_tier_relative_return,8,wrong_lag_future_24h,validation_2025H1,-0.00015062760660623453,1.4682074944459147
a7ff24r_9e64895261bc01a7,L3_liquidity_tier_relative_return,8,wrong_lag_future_24h,test_2025H2,-0.0006894000343266694,0.8965666529215869
a7ff24r_9e64895261bc01a7,L3_liquidity_tier_relative_return,8,wrong_lag_future_24h,recent_oos_2026JanApr,2.2023774101976898e-05,0.05429018784759625
a7ff24r_9e64895261bc01a7,L3_liquidity_tier_relative_return,8,wrong_lag_stale_168h,validation_2025H1,0.00010537752855267788,1.0271429033037975
a7ff24r_9e64895261bc01a7,L3_liquidity_tier_relative_return,8,wrong_lag_stale_168h,test_2025H2,0.0003971881542296,0.5165442940041926
a7ff24r_9e64895261bc01a7,L3_liquidity_tier_relative_return,8,wrong_lag_stale_168h,recent_oos_2026JanApr,-0.00020605221721944135,0.5079335416109741
a7ff24r_9e64895261bc01a7,L3_liquidity_tier_relative_return,8,time_shuffle,validation_2025H1,0.00047726335734353574,4.65201335840116
a7ff24r_9e64895261bc01a7,L3_liquidity_tier_relative_return,8,time_shuffle,test_2025H2,4.715944961613036e-05,0.061330994764533554
a7ff24r_9e64895261bc01a7,L3_liquidity_tier_relative_return,8,time_shuffle,recent_oos_2026JanApr,0.00032219526549552514,0.7942345125029268
a7ff24r_9e64895261bc01a7,L3_liquidity_tier_relative_return,8,symbol_shuffle,validation_2025H1,-0.00014676656585520568,1.4305728994686417
a7ff24r_9e64895261bc01a7,L3_liquidity_tier_relative_return,8,symbol_shuffle,test_2025H2,0.0005384851387544631,0.7003014134930232
a7ff24r_9e64895261bc01a7,L3_liquidity_tier_relative_return,8,symbol_shuffle,recent_oos_2026JanApr,0.00028123167233453316,0.6932563078897973
a7ff24r_9e64895261bc01a7,L3_liquidity_tier_relative_return,8,sign_flip,validation_2025H1,1.3628373706172672e-05,0.13283939686315224
a7ff24r_9e64895261bc01a7,L3_liquidity_tier_relative_return,8,sign_flip,test_2025H2,-0.0008733467570579929,1.1357898750036604
a7ff24r_9e64895261bc01a7,L3_liquidity_tier_relative_return,8,sign_flip,recent_oos_2026JanApr,0.0005640443035174555,1.3904097930962955
a7ff24r_9e64895261bc01a7,L3_liquidity_tier_relative_return,8,same_family_placebo,validation_2025H1,-0.00020445247100510716,1.992852817295312
a7ff24r_9e64895261bc01a7,L3_liquidity_tier_relative_return,8,same_family_placebo,test_2025H2,-0.00013416460195112302,0.1744814362090351
a7ff24r_9e64895261bc01a7,L3_liquidity_tier_relative_return,8,same_family_placebo,recent_oos_2026JanApr,0.0002473769119956929,0.6098018876882203
a7ff24r_9e64895261bc01a7,L5_vol_adjusted_return,8,one_bar_lag,validation_2025H1,-0.018700987321888785,2.569638796072624
a7ff24r_9e64895261bc01a7,L5_vol_adjusted_return,8,one_bar_lag,test_2025H2,0.058602046512051066,0.8454999724425223
a7ff24r_9e64895261bc01a7,L5_vol_adjusted_return,8,one_bar_lag,recent_oos_2026JanApr,-0.013082920324741142,0.3658506013914102
a7ff24r_9e64895261bc01a7,L5_vol_adjusted_return,8,wrong_lag_future_24h,validation_2025H1,-0.0033410306799459112,0.45907961469014086
a7ff24r_9e64895261bc01a7,L5_vol_adjusted_return,8,wrong_lag_future_24h,test_2025H2,-0.06606076895759364,0.953113101974881
a7ff24r_9e64895261bc01a7,L5_vol_adjusted_return,8,wrong_lag_future_24h,recent_oos_2026JanApr,-0.02806291744375168,0.784751031784426
a7ff24r_9e64895261bc01a7,L5_vol_adjusted_return,8,wrong_lag_stale_168h,validation_2025H1,0.003943481364819701,0.5418603056732444
a7ff24r_9e64895261bc01a7,L5_vol_adjusted_return,8,wrong_lag_stale_168h,test_2025H2,0.06651340234238476,0.9596436164730182
a7ff24r_9e64895261bc01a7,L5_vol_adjusted_return,8,wrong_lag_stale_168h,recent_oos_2026JanApr,0.009943369717355894,0.27805625201831746
a7ff24r_9e64895261bc01a7,L5_vol_adjusted_return,8,time_shuffle,validation_2025H1,-0.026518508445958905,3.643817673570465
a7ff24r_9e64895261bc01a7,L5_vol_adjusted_return,8,time_shuffle,test_2025H2,0.006732176195482754,0.09713064861290033
a7ff24r_9e64895261bc01a7,L5_vol_adjusted_return,8,time_shuffle,recent_oos_2026JanApr,0.0033740077287785016,0.09435070504392942
a7ff24r_9e64895261bc01a7,L5_vol_adjusted_return,8,symbol_shuffle,validation_2025H1,0.05305230650844416,7.2897362411272715
a7ff24r_9e64895261bc01a7,L5_vol_adjusted_return,8,symbol_shuffle,test_2025H2,-0.0025031994919997016,0.03611571997009781
a7ff24r_9e64895261bc01a7,L5_vol_adjusted_return,8,symbol_shuffle,recent_oos_2026JanApr,0.04025145978952176,1.1255912598527629
a7ff24r_9e64895261bc01a7,L5_vol_adjusted_return,8,sign_flip,validation_2025H1,0.0002390964945779789,0.03285343270370654
a7ff24r_9e64895261bc01a7,L5_vol_adjusted_return,8,sign_flip,test_2025H2,-0.08165317255368207,1.1780775459741941
a7ff24r_9e64895261bc01a7,L5_vol_adjusted_return,8,sign_flip,recent_oos_2026JanApr,0.059663705873655805,1.668435038455306
a7ff24r_9e64895261bc01a7,L5_vol_adjusted_return,8,same_family_placebo,validation_2025H1,-0.0015440486757661242,0.21216245495387373
a7ff24r_9e64895261bc01a7,L5_vol_adjusted_return,8,same_family_placebo,test_2025H2,0.013979778933536637,0.20169778030920996
a7ff24r_9e64895261bc01a7,L5_vol_adjusted_return,8,same_family_placebo,recent_oos_2026JanApr,-0.06612808727046372,1.8492049096264365
a7ff24r_9e64895261bc01a7,L7_ranked_future_return,8,one_bar_lag,validation_2025H1,-0.011976078079483981,1.676653656649333
a7ff24r_9e64895261bc01a7,L7_ranked_future_return,8,one_bar_lag,test_2025H2,0.009824958385351646,1.1240991305156462
a7ff24r_9e64895261bc01a7,L7_ranked_future_return,8,one_bar_lag,recent_oos_2026JanApr,-0.0032116429983354146,1.4405395552314988
a7ff24r_9e64895261bc01a7,L7_ranked_future_return,8,wrong_lag_future_24h,validation_2025H1,-0.002405846858094048,0.33681910765694506
a7ff24r_9e64895261bc01a7,L7_ranked_future_return,8,wrong_lag_future_24h,test_2025H2,-0.003210342540574282,0.36730366857302266
a7ff24r_9e64895261bc01a7,L7_ranked_future_return,8,wrong_lag_future_24h,recent_oos_2026JanApr,0.005950325764669162,2.6689391177542836
a7ff24r_9e64895261bc01a7,L7_ranked_future_return,8,wrong_lag_stale_168h,validation_2025H1,-0.00012817636808156629,0.017944720701858416
a7ff24r_9e64895261bc01a7,L7_ranked_future_return,8,wrong_lag_stale_168h,test_2025H2,0.0036061693716188097,0.4125912493606732
a7ff24r_9e64895261bc01a7,L7_ranked_future_return,8,wrong_lag_stale_168h,recent_oos_2026JanApr,0.00400337793903454,1.795661684287277
a7ff24r_9e64895261bc01a7,L7_ranked_future_return,8,time_shuffle,validation_2025H1,0.011413567224045426,1.597902008871446
a7ff24r_9e64895261bc01a7,L7_ranked_future_return,8,time_shuffle,test_2025H2,0.007953870213655121,0.9100230495362055
a7ff24r_9e64895261bc01a7,L7_ranked_future_return,8,time_shuffle,recent_oos_2026JanApr,0.0023986860980699004,1.0758985997648303
a7ff24r_9e64895261bc01a7,L7_ranked_future_return,8,symbol_shuffle,validation_2025H1,-0.0049070335258010805,0.6869858103571874
a7ff24r_9e64895261bc01a7,L7_ranked_future_return,8,symbol_shuffle,test_2025H2,0.00042378667290886594,0.04848653926628562
a7ff24r_9e64895261bc01a7,L7_ranked_future_return,8,symbol_shuffle,recent_oos_2026JanApr,-0.008266278480024971,3.70772876412687
a7ff24r_9e64895261bc01a7,L7_ranked_future_return,8,sign_flip,validation_2025H1,0.006800337468789012,0.9520487932545144
a7ff24r_9e64895261bc01a7,L7_ranked_future_return,8,sign_flip,test_2025H2,-0.010603282355389097,1.2131492072348535
a7ff24r_9e64895261bc01a7,L7_ranked_future_return,8,sign_flip,recent_oos_2026JanApr,0.0076582331980857244,3.434998177178272
a7ff24r_9e64895261bc01a7,L7_ranked_future_return,8,same_family_placebo,validation_2025H1,0.0026040853880565967,0.3645725469669213
a7ff24r_9e64895261bc01a7,L7_ranked_future_return,8,same_family_placebo,test_2025H2,0.001713027985851019,0.1959920026038033
a7ff24r_9e64895261bc01a7,L7_ranked_future_return,8,same_family_placebo,recent_oos_2026JanApr,-0.0005777283603828558,0.25913233685745585
a7ff24r_9e64895261bc01a7,L0_raw_forward_return,24,one_bar_lag,validation_2025H1,-0.00033827256777453727,0.6017415164906942
a7ff24r_9e64895261bc01a7,L0_raw_forward_return,24,one_bar_lag,test_2025H2,0.0011052496480297152,0.8967997069927086
a7ff24r_9e64895261bc01a7,L0_raw_forward_return,24,one_bar_lag,recent_oos_2026JanApr,0.0012036605657107468,1.0052862139852206
a7ff24r_9e64895261bc01a7,L0_raw_forward_return,24,wrong_lag_future_24h,validation_2025H1,0.0005421094729269655,0.9643400246409158
a7ff24r_9e64895261bc01a7,L0_raw_forward_return,24,wrong_lag_future_24h,test_2025H2,-0.0006685476157179076,0.542459621638689
a7ff24r_9e64895261bc01a7,L0_raw_forward_return,24,wrong_lag_future_24h,recent_oos_2026JanApr,-0.0003887427988456008,0.32467440373005074
a7ff24r_9e64895261bc01a7,L0_raw_forward_return,24,wrong_lag_stale_168h,validation_2025H1,-0.0001009905789522935,0.17964869137875336
a7ff24r_9e64895261bc01a7,L0_raw_forward_return,24,wrong_lag_stale_168h,test_2025H2,0.00024684313715161933,0.2002885533285251
a7ff24r_9e64895261bc01a7,L0_raw_forward_return,24,wrong_lag_stale_168h,recent_oos_2026JanApr,0.001188405892784349,0.9925456517132434
a7ff24r_9e64895261bc01a7,L0_raw_forward_return,24,time_shuffle,validation_2025H1,-0.00012338402896852892,0.21948363472304888
a7ff24r_9e64895261bc01a7,L0_raw_forward_return,24,time_shuffle,test_2025H2,-2.935528949191155e-05,0.023818885680680746
a7ff24r_9e64895261bc01a7,L0_raw_forward_return,24,time_shuffle,recent_oos_2026JanApr,0.00016547207740419216,0.13820075439266716
a7ff24r_9e64895261bc01a7,L0_raw_forward_return,24,symbol_shuffle,validation_2025H1,-0.00013540400642615813,0.24086556205792692
a7ff24r_9e64895261bc01a7,L0_raw_forward_return,24,symbol_shuffle,test_2025H2,6.437957726205818e-05,0.05223759729564372
a7ff24r_9e64895261bc01a7,L0_raw_forward_return,24,symbol_shuffle,recent_oos_2026JanApr,0.00047503793070201615,0.3967473027354822
a7ff24r_9e64895261bc01a7,L0_raw_forward_return,24,sign_flip,validation_2025H1,0.0003539585401458061,0.6296447569586282
a7ff24r_9e64895261bc01a7,L0_raw_forward_return,24,sign_flip,test_2025H2,-0.0010492097647317102,0.8513289384553498
a7ff24r_9e64895261bc01a7,L0_raw_forward_return,24,sign_flip,recent_oos_2026JanApr,-0.0006112354090333443,0.5104981817178695
a7ff24r_9e64895261bc01a7,L0_raw_forward_return,24,same_family_placebo,validation_2025H1,0.0008615149887863606,1.5325195869187183
a7ff24r_9e64895261bc01a7,L0_raw_forward_return,24,same_family_placebo,test_2025H2,-0.00012133656401675818,0.09845250369607467
a7ff24r_9e64895261bc01a7,L0_raw_forward_return,24,same_family_placebo,recent_oos_2026JanApr,-0.00010931584228229157,0.09129958424091057
a7ff24r_9e64895261bc01a7,L1_cross_sectional_relative_return,24,one_bar_lag,validation_2025H1,-0.00033827256777453727,0.6017415164906944
a7ff24r_9e64895261bc01a7,L1_cross_sectional_relative_return,24,one_bar_lag,test_2025H2,0.001105249648029715,0.8967997069927084
a7ff24r_9e64895261bc01a7,L1_cross_sectional_relative_return,24,one_bar_lag,recent_oos_2026JanApr,0.0012036605657107472,1.0052862139852212
a7ff24r_9e64895261bc01a7,L1_cross_sectional_relative_return,24,wrong_lag_future_24h,validation_2025H1,0.0005421094729269657,0.9643400246409166
a7ff24r_9e64895261bc01a7,L1_cross_sectional_relative_return,24,wrong_lag_future_24h,test_2025H2,-0.000668547615717908,0.5424596216386893
a7ff24r_9e64895261bc01a7,L1_cross_sectional_relative_return,24,wrong_lag_future_24h,recent_oos_2026JanApr,-0.00038874279884560113,0.3246744037300511
a7ff24r_9e64895261bc01a7,L1_cross_sectional_relative_return,24,wrong_lag_stale_168h,validation_2025H1,-0.0001009905789522935,0.17964869137875342
a7ff24r_9e64895261bc01a7,L1_cross_sectional_relative_return,24,wrong_lag_stale_168h,test_2025H2,0.00024684313715161944,0.2002885533285252
a7ff24r_9e64895261bc01a7,L1_cross_sectional_relative_return,24,wrong_lag_stale_168h,recent_oos_2026JanApr,0.001188405892784349,0.9925456517132436
a7ff24r_9e64895261bc01a7,L1_cross_sectional_relative_return,24,time_shuffle,validation_2025H1,0.00031555781628215103,0.5613350209251187
a7ff24r_9e64895261bc01a7,L1_cross_sectional_relative_return,24,time_shuffle,test_2025H2,-0.00011865280384291781,0.09627490034480535
a7ff24r_9e64895261bc01a7,L1_cross_sectional_relative_return,24,time_shuffle,recent_oos_2026JanApr,-0.0003846055409334401,0.3212190040423984
a7ff24r_9e64895261bc01a7,L1_cross_sectional_relative_return,24,symbol_shuffle,validation_2025H1,0.0002045525112402106,0.36387147537693215
a7ff24r_9e64895261bc01a7,L1_cross_sectional_relative_return,24,symbol_shuffle,test_2025H2,0.000668126210271853,0.5421176932053974
a7ff24r_9e64895261bc01a7,L1_cross_sectional_relative_return,24,symbol_shuffle,recent_oos_2026JanApr,-0.0002504842316077501,0.20920212228375412
a7ff24r_9e64895261bc01a7,L1_cross_sectional_relative_return,24,sign_flip,validation_2025H1,0.000353958540145806,0.6296447569586283
a7ff24r_9e64895261bc01a7,L1_cross_sectional_relative_return,24,sign_flip,test_2025H2,-0.0010492097647317106,0.8513289384553502
a7ff24r_9e64895261bc01a7,L1_cross_sectional_relative_return,24,sign_flip,recent_oos_2026JanApr,-0.0006112354090333443,0.5104981817178696
a7ff24r_9e64895261bc01a7,L1_cross_sectional_relative_return,24,same_family_placebo,validation_2025H1,0.00019969711186882953,0.3552343712803027
a7ff24r_9e64895261bc01a7,L1_cross_sectional_relative_return,24,same_family_placebo,test_2025H2,-0.0010146246557676515,0.8232665765803023
a7ff24r_9e64895261bc01a7,L1_cross_sectional_relative_return,24,same_family_placebo,recent_oos_2026JanApr,7.038603937154246e-05,0.058785771548020116
a7ff24r_9e64895261bc01a7,L3_liquidity_tier_relative_return,24,one_bar_lag,validation_2025H1,-0.00029287334632492124,0.5673271449279182
a7ff24r_9e64895261bc01a7,L3_liquidity_tier_relative_return,24,one_bar_lag,test_2025H2,0.000994338807393334,0.9527024724451965
a7ff24r_9e64895261bc01a7,L3_liquidity_tier_relative_return,24,one_bar_lag,recent_oos_2026JanApr,0.001251369472778333,1.008619197011012
a7ff24r_9e64895261bc01a7,L3_liquidity_tier_relative_return,24,wrong_lag_future_24h,validation_2025H1,0.0006286604702758515,1.2177828887677533
a7ff24r_9e64895261bc01a7,L3_liquidity_tier_relative_return,24,wrong_lag_future_24h,test_2025H2,-0.00043281033740081383,0.41468710209807236
a7ff24r_9e64895261bc01a7,L3_liquidity_tier_relative_return,24,wrong_lag_future_24h,recent_oos_2026JanApr,-0.00047622131624443486,0.3838402422615865
a7ff24r_9e64895261bc01a7,L3_liquidity_tier_relative_return,24,wrong_lag_stale_168h,validation_2025H1,-0.00024386910663969444,0.4724006665069715
a7ff24r_9e64895261bc01a7,L3_liquidity_tier_relative_return,24,wrong_lag_stale_168h,test_2025H2,0.00028179741369671043,0.26999760118114213
a7ff24r_9e64895261bc01a7,L3_liquidity_tier_relative_return,24,wrong_lag_stale_168h,recent_oos_2026JanApr,0.0010732854266977,0.8650812639978916
a7ff24r_9e64895261bc01a7,L3_liquidity_tier_relative_return,24,time_shuffle,validation_2025H1,0.0005163489791285029,1.000223461067109
a7ff24r_9e64895261bc01a7,L3_liquidity_tier_relative_return,24,time_shuffle,test_2025H2,0.00021102967814327746,0.2021931504951159
a7ff24r_9e64895261bc01a7,L3_liquidity_tier_relative_return,24,time_shuffle,recent_oos_2026JanApr,-0.0003217582900508561,0.2593411420067606
a7ff24r_9e64895261bc01a7,L3_liquidity_tier_relative_return,24,symbol_shuffle,validation_2025H1,0.0005399077922945071,1.04585941387427
a7ff24r_9e64895261bc01a7,L3_liquidity_tier_relative_return,24,symbol_shuffle,test_2025H2,-8.614148376537146e-05,0.08253444797001022
a7ff24r_9e64895261bc01a7,L3_liquidity_tier_relative_return,24,symbol_shuffle,recent_oos_2026JanApr,-0.0005524376416932306,0.445271538649709
a7ff24r_9e64895261bc01a7,L3_liquidity_tier_relative_return,24,sign_flip,validation_2025H1,0.0002875977932496052,0.557107831693404
a7ff24r_9e64895261bc01a7,L3_liquidity_tier_relative_return,24,sign_flip,test_2025H2,-0.0008507438578742949,0.8151203300001455
a7ff24r_9e64895261bc01a7,L3_liquidity_tier_relative_return,24,sign_flip,recent_oos_2026JanApr,-0.0006619643210273973,0.5335513902558369
a7ff24r_9e64895261bc01a7,L3_liquidity_tier_relative_return,24,same_family_placebo,validation_2025H1,-0.0003229421686604264,0.6255736850825877
a7ff24r_9e64895261bc01a7,L3_liquidity_tier_relative_return,24,same_family_placebo,test_2025H2,0.0001835209496063322,0.17583630562885252
a7ff24r_9e64895261bc01a7,L3_liquidity_tier_relative_return,24,same_family_placebo,recent_oos_2026JanApr,-0.00047811576555944286,0.38536719172651074
a7ff24r_9e64895261bc01a7,L5_vol_adjusted_return,24,one_bar_lag,validation_2025H1,-0.030479174866005612,0.6080423014453792
a7ff24r_9e64895261bc01a7,L5_vol_adjusted_return,24,one_bar_lag,test_2025H2,0.0404498552971586,0.6269241363831487
a7ff24r_9e64895261bc01a7,L5_vol_adjusted_return,24,one_bar_lag,recent_oos_2026JanApr,-0.020805760841934237,1.349917024904434
a7ff24r_9e64895261bc01a7,L5_vol_adjusted_return,24,wrong_lag_future_24h,validation_2025H1,0.07246799845957541,1.445695585862003
a7ff24r_9e64895261bc01a7,L5_vol_adjusted_return,24,wrong_lag_future_24h,test_2025H2,-0.07084035643287294,1.0979403746068033
a7ff24r_9e64895261bc01a7,L5_vol_adjusted_return,24,wrong_lag_future_24h,recent_oos_2026JanApr,-0.03350919575681147,2.1741398541794412
a7ff24r_9e64895261bc01a7,L5_vol_adjusted_return,24,wrong_lag_stale_168h,validation_2025H1,-0.03315288955245545,0.6613813973528113
a7ff24r_9e64895261bc01a7,L5_vol_adjusted_return,24,wrong_lag_stale_168h,test_2025H2,0.01851586027406873,0.28697357818550706
a7ff24r_9e64895261bc01a7,L5_vol_adjusted_return,24,wrong_lag_stale_168h,recent_oos_2026JanApr,0.11566305478365023,7.504437256156998
a7ff24r_9e64895261bc01a7,L5_vol_adjusted_return,24,time_shuffle,validation_2025H1,0.03171976153715884,0.6327913039359878
a7ff24r_9e64895261bc01a7,L5_vol_adjusted_return,24,time_shuffle,test_2025H2,0.08498208575195168,1.3171201806950212
a7ff24r_9e64895261bc01a7,L5_vol_adjusted_return,24,time_shuffle,recent_oos_2026JanApr,-0.09704220788649717,6.296281571028545
a7ff24r_9e64895261bc01a7,L5_vol_adjusted_return,24,symbol_shuffle,validation_2025H1,-0.013240490004464322,0.2641402875888977
a7ff24r_9e64895261bc01a7,L5_vol_adjusted_return,24,symbol_shuffle,test_2025H2,-0.030982931909286665,0.4801982031122835
a7ff24r_9e64895261bc01a7,L5_vol_adjusted_return,24,symbol_shuffle,recent_oos_2026JanApr,0.10283696505821868,6.672256351317651
a7ff24r_9e64895261bc01a7,L5_vol_adjusted_return,24,sign_flip,validation_2025H1,0.029565386485710884,0.5898127400405475
a7ff24r_9e64895261bc01a7,L5_vol_adjusted_return,24,sign_flip,test_2025H2,-0.04551188465777336,0.7053795069137937
a7ff24r_9e64895261bc01a7,L5_vol_adjusted_return,24,sign_flip,recent_oos_2026JanApr,0.033601223321458415,2.1801107762342125
a7ff24r_9e64895261bc01a7,L5_vol_adjusted_return,24,same_family_placebo,validation_2025H1,0.04287932821431038,0.8554183479862012
a7ff24r_9e64895261bc01a7,L5_vol_adjusted_return,24,same_family_placebo,test_2025H2,0.06755581247262961,1.0470338912446073
a7ff24r_9e64895261bc01a7,L5_vol_adjusted_return,24,same_family_placebo,recent_oos_2026JanApr,0.11692121001395268,7.586068741698959
a7ff24r_9e64895261bc01a7,L7_ranked_future_return,24,one_bar_lag,validation_2025H1,-0.003904420764154959,1.4111672075970678
a7ff24r_9e64895261bc01a7,L7_ranked_future_return,24,one_bar_lag,test_2025H2,0.0011720412941677314,0.28727480231515456
a7ff24r_9e64895261bc01a7,L7_ranked_future_return,24,one_bar_lag,recent_oos_2026JanApr,0.00296111709770115,0.7351526536341683
a7ff24r_9e64895261bc01a7,L7_ranked_future_return,24,wrong_lag_future_24h,validation_2025H1,0.0017204794593444022,0.6218295468205319
a7ff24r_9e64895261bc01a7,L7_ranked_future_return,24,wrong_lag_future_24h,test_2025H2,-4.489942528735632e-05,0.011005135730007337
a7ff24r_9e64895261bc01a7,L7_ranked_future_return,24,wrong_lag_future_24h,recent_oos_2026JanApr,0.0025148666985951467,0.6243626530148835
a7ff24r_9e64895261bc01a7,L7_ranked_future_return,24,wrong_lag_stale_168h,validation_2025H1,-0.0012497838175819496,0.45170693592979955
a7ff24r_9e64895261bc01a7,L7_ranked_future_return,24,wrong_lag_stale_168h,test_2025H2,-0.00013619492337165037,0.03338224504768962
a7ff24r_9e64895261bc01a7,L7_ranked_future_return,24,wrong_lag_stale_168h,recent_oos_2026JanApr,0.008173441491060026,2.0292095865243693
a7ff24r_9e64895261bc01a7,L7_ranked_future_return,24,time_shuffle,validation_2025H1,0.0007200345215157357,0.2602406775492
a7ff24r_9e64895261bc01a7,L7_ranked_future_return,24,time_shuffle,test_2025H2,-0.0014653813264924394,0.35917431662112553
a7ff24r_9e64895261bc01a7,L7_ranked_future_return,24,time_shuffle,recent_oos_2026JanApr,0.008959650843206319,2.2244007500183973
a7ff24r_9e64895261bc01a7,L7_ranked_future_return,24,symbol_shuffle,validation_2025H1,-0.003661548132183907,1.3233862243058068
a7ff24r_9e64895261bc01a7,L7_ranked_future_return,24,symbol_shuffle,test_2025H2,-0.003801983556832697,0.9318904377598439
a7ff24r_9e64895261bc01a7,L7_ranked_future_return,24,symbol_shuffle,recent_oos_2026JanApr,-0.004453440958918688,1.1056499391036887
a7ff24r_9e64895261bc01a7,L7_ranked_future_return,24,sign_flip,validation_2025H1,0.0012774717965091536,0.4617141483351371
a7ff24r_9e64895261bc01a7,L7_ranked_future_return,24,sign_flip,test_2025H2,-0.0029074040815240537,0.7126232982799382
a7ff24r_9e64895261bc01a7,L7_ranked_future_return,24,sign_flip,recent_oos_2026JanApr,0.001989709716900809,0.49398261874780686
a7ff24r_9e64895261bc01a7,L7_ranked_future_return,24,same_family_placebo,validation_2025H1,0.0024680548903788834,0.8920242817646354
a7ff24r_9e64895261bc01a7,L7_ranked_future_return,24,same_family_placebo,test_2025H2,-0.0018792903895274592,0.46062606994375166
a7ff24r_9e64895261bc01a7,L7_ranked_future_return,24,same_family_placebo,recent_oos_2026JanApr,-0.004931370396977437,1.2243048531263547
a7ff24r_a00c6554f3b344dc,L0_raw_forward_return,1,one_bar_lag,validation_2025H1,-0.00012933483079381335,2.468254258786601
a7ff24r_a00c6554f3b344dc,L0_raw_forward_return,1,one_bar_lag,test_2025H2,1.6377522850337996e-05,0.3664071915861078
a7ff24r_a00c6554f3b344dc,L0_raw_forward_return,1,one_bar_lag,recent_oos_2026JanApr,0.0001789858575080674,0.8558424823213574
a7ff24r_a00c6554f3b344dc,L0_raw_forward_return,1,wrong_lag_future_24h,validation_2025H1,4.162816954199186e-05,0.7944411117011102
a7ff24r_a00c6554f3b344dc,L0_raw_forward_return,1,wrong_lag_future_24h,test_2025H2,7.93806990652237e-06,0.1775949835419117
a7ff24r_a00c6554f3b344dc,L0_raw_forward_return,1,wrong_lag_future_24h,recent_oos_2026JanApr,0.0010436828594135841,4.990495570950425
a7ff24r_a00c6554f3b344dc,L0_raw_forward_return,1,wrong_lag_stale_168h,validation_2025H1,-9.117782050610315e-05,1.740057511111187
a7ff24r_a00c6554f3b344dc,L0_raw_forward_return,1,wrong_lag_stale_168h,test_2025H2,-0.00013066218466231547,2.9232481960870156
a7ff24r_a00c6554f3b344dc,L0_raw_forward_return,1,wrong_lag_stale_168h,recent_oos_2026JanApr,0.00023832187313208537,1.139564803233944
a7ff24r_a00c6554f3b344dc,L0_raw_forward_return,1,time_shuffle,validation_2025H1,8.368025347959324e-05,1.5969722986426036
a7ff24r_a00c6554f3b344dc,L0_raw_forward_return,1,time_shuffle,test_2025H2,-3.3880410716261925e-05,0.7579916849313513
a7ff24r_a00c6554f3b344dc,L0_raw_forward_return,1,time_shuffle,recent_oos_2026JanApr,6.801667957502426e-05,0.3252299634015574
a7ff24r_a00c6554f3b344dc,L0_raw_forward_return,1,symbol_shuffle,validation_2025H1,0.00015658933694885578,2.988385227957258
a7ff24r_a00c6554f3b344dc,L0_raw_forward_return,1,symbol_shuffle,test_2025H2,-9.017122460947447e-05,2.0173615676167906
a7ff24r_a00c6554f3b344dc,L0_raw_forward_return,1,symbol_shuffle,recent_oos_2026JanApr,0.00023066792834522455,1.1029665423593813
a7ff24r_a00c6554f3b344dc,L0_raw_forward_return,1,sign_flip,validation_2025H1,3.913325096486243e-05,0.7468275387329529
a7ff24r_a00c6554f3b344dc,L0_raw_forward_return,1,sign_flip,test_2025H2,9.95999964644925e-05,2.2283073771310784
a7ff24r_a00c6554f3b344dc,L0_raw_forward_return,1,sign_flip,recent_oos_2026JanApr,-0.00022057496399405095,1.054705815034039
a7ff24r_a00c6554f3b344dc,L0_raw_forward_return,1,same_family_placebo,validation_2025H1,4.5893568592230234e-05,0.8758429220762223
a7ff24r_a00c6554f3b344dc,L0_raw_forward_return,1,same_family_placebo,test_2025H2,8.682516181937555e-05,1.9425015609482232
a7ff24r_a00c6554f3b344dc,L0_raw_forward_return,1,same_family_placebo,recent_oos_2026JanApr,-0.00016674333284581863,0.7973033729040273
a7ff24r_a00c6554f3b344dc,L1_cross_sectional_relative_return,1,one_bar_lag,validation_2025H1,-0.0001293348307938133,2.4682542587865983
a7ff24r_a00c6554f3b344dc,L1_cross_sectional_relative_return,1,one_bar_lag,test_2025H2,1.637752285033797e-05,0.3664071915861066
a7ff24r_a00c6554f3b344dc,L1_cross_sectional_relative_return,1,one_bar_lag,recent_oos_2026JanApr,0.00017898585750806745,0.8558424823213576
a7ff24r_a00c6554f3b344dc,L1_cross_sectional_relative_return,1,wrong_lag_future_24h,validation_2025H1,4.1628169541991864e-05,0.79444111170111
a7ff24r_a00c6554f3b344dc,L1_cross_sectional_relative_return,1,wrong_lag_future_24h,test_2025H2,7.938069906522383e-06,0.1775949835419117
a7ff24r_a00c6554f3b344dc,L1_cross_sectional_relative_return,1,wrong_lag_future_24h,recent_oos_2026JanApr,0.0010436828594135841,4.990495570950424
a7ff24r_a00c6554f3b344dc,L1_cross_sectional_relative_return,1,wrong_lag_stale_168h,validation_2025H1,-9.117782050610315e-05,1.740057511111186
a7ff24r_a00c6554f3b344dc,L1_cross_sectional_relative_return,1,wrong_lag_stale_168h,test_2025H2,-0.00013066218466231553,2.923248196087012
a7ff24r_a00c6554f3b344dc,L1_cross_sectional_relative_return,1,wrong_lag_stale_168h,recent_oos_2026JanApr,0.0002383218731320854,1.139564803233944
a7ff24r_a00c6554f3b344dc,L1_cross_sectional_relative_return,1,time_shuffle,validation_2025H1,-0.00011782920061207192,2.2486782905667115
a7ff24r_a00c6554f3b344dc,L1_cross_sectional_relative_return,1,time_shuffle,test_2025H2,-0.0001051420556281069,2.3522974550140736
a7ff24r_a00c6554f3b344dc,L1_cross_sectional_relative_return,1,time_shuffle,recent_oos_2026JanApr,-6.744647293654101e-05,0.32250345153235216
a7ff24r_a00c6554f3b344dc,L1_cross_sectional_relative_return,1,symbol_shuffle,validation_2025H1,2.6823047172403167e-05,0.5118969113777578
a7ff24r_a00c6554f3b344dc,L1_cross_sectional_relative_return,1,symbol_shuffle,test_2025H2,5.845677614066715e-05,1.3078280134677125
a7ff24r_a00c6554f3b344dc,L1_cross_sectional_relative_return,1,symbol_shuffle,recent_oos_2026JanApr,0.0003409710724997056,1.630394340372789
a7ff24r_a00c6554f3b344dc,L1_cross_sectional_relative_return,1,sign_flip,validation_2025H1,3.913325096486247e-05,0.7468275387329533
a7ff24r_a00c6554f3b344dc,L1_cross_sectional_relative_return,1,sign_flip,test_2025H2,9.959999646449252e-05,2.2283073771310753
a7ff24r_a00c6554f3b344dc,L1_cross_sectional_relative_return,1,sign_flip,recent_oos_2026JanApr,-0.00022057496399405097,1.054705815034039
a7ff24r_a00c6554f3b344dc,L1_cross_sectional_relative_return,1,same_family_placebo,validation_2025H1,-2.812643101456967e-05,0.5367709743004504
a7ff24r_a00c6554f3b344dc,L1_cross_sectional_relative_return,1,same_family_placebo,test_2025H2,-0.00031488299788696734,7.04474028143986
a7ff24r_a00c6554f3b344dc,L1_cross_sectional_relative_return,1,same_family_placebo,recent_oos_2026JanApr,0.00012619771752564,0.6034296191561676
a7ff24r_a00c6554f3b344dc,L3_liquidity_tier_relative_return,1,one_bar_lag,validation_2025H1,-0.00011274736466213043,2.053214548778873
a7ff24r_a00c6554f3b344dc,L3_liquidity_tier_relative_return,1,one_bar_lag,test_2025H2,6.090477173158718e-05,12.979251063931681
a7ff24r_a00c6554f3b344dc,L3_liquidity_tier_relative_return,1,one_bar_lag,recent_oos_2026JanApr,0.00012074383722682092,0.6694067424012784
a7ff24r_a00c6554f3b344dc,L3_liquidity_tier_relative_return,1,wrong_lag_future_24h,validation_2025H1,8.341643605442293e-05,1.519076216348589
a7ff24r_a00c6554f3b344dc,L3_liquidity_tier_relative_return,1,wrong_lag_future_24h,test_2025H2,7.470774958602297e-05,15.920766316499272
a7ff24r_a00c6554f3b344dc,L3_liquidity_tier_relative_return,1,wrong_lag_future_24h,recent_oos_2026JanApr,0.0009579997676431332,5.311173790795517
a7ff24r_a00c6554f3b344dc,L3_liquidity_tier_relative_return,1,wrong_lag_stale_168h,validation_2025H1,-5.2712066277707775e-05,0.959926484329951
a7ff24r_a00c6554f3b344dc,L3_liquidity_tier_relative_return,1,wrong_lag_stale_168h,test_2025H2,-3.7248568281017336e-05,7.937941572492404
a7ff24r_a00c6554f3b344dc,L3_liquidity_tier_relative_return,1,wrong_lag_stale_168h,recent_oos_2026JanApr,0.00018902240641481828,1.0479447748649748
a7ff24r_a00c6554f3b344dc,L3_liquidity_tier_relative_return,1,time_shuffle,validation_2025H1,4.2623866664397015e-05,0.7762127604739094
a7ff24r_a00c6554f3b344dc,L3_liquidity_tier_relative_return,1,time_shuffle,test_2025H2,8.15746336199269e-05,17.38414938762765
a7ff24r_a00c6554f3b344dc,L3_liquidity_tier_relative_return,1,time_shuffle,recent_oos_2026JanApr,-4.14450132083176e-05,0.22977215167048823
a7ff24r_a00c6554f3b344dc,L3_liquidity_tier_relative_return,1,symbol_shuffle,validation_2025H1,-6.451408232445705e-05,1.1748500980633938
a7ff24r_a00c6554f3b344dc,L3_liquidity_tier_relative_return,1,symbol_shuffle,test_2025H2,-6.391988054351893e-05,13.621792742399851
a7ff24r_a00c6554f3b344dc,L3_liquidity_tier_relative_return,1,symbol_shuffle,recent_oos_2026JanApr,-0.00013838037279694638,0.7671841204803268
a7ff24r_a00c6554f3b344dc,L3_liquidity_tier_relative_return,1,sign_flip,validation_2025H1,3.6754940948342186e-05,0.6693351966211585
a7ff24r_a00c6554f3b344dc,L3_liquidity_tier_relative_return,1,sign_flip,test_2025H2,5.983547230323835e-05,12.751375556833109
a7ff24r_a00c6554f3b344dc,L3_liquidity_tier_relative_return,1,sign_flip,recent_oos_2026JanApr,-0.00019781123987373174,1.0966702792912308
a7ff24r_a00c6554f3b344dc,L3_liquidity_tier_relative_return,1,same_family_placebo,validation_2025H1,-9.237316744650498e-05,1.6821850505003832
a7ff24r_a00c6554f3b344dc,L3_liquidity_tier_relative_return,1,same_family_placebo,test_2025H2,4.409317794085529e-06,0.9396577812049554
a7ff24r_a00c6554f3b344dc,L3_liquidity_tier_relative_return,1,same_family_placebo,recent_oos_2026JanApr,-0.0003685899059693218,2.0434713183200826
a7ff24r_a00c6554f3b344dc,L5_vol_adjusted_return,1,one_bar_lag,validation_2025H1,-0.017678784769074495,2.228122047442886
a7ff24r_a00c6554f3b344dc,L5_vol_adjusted_return,1,one_bar_lag,test_2025H2,0.0012604662588061664,0.4056210453546134
a7ff24r_a00c6554f3b344dc,L5_vol_adjusted_return,1,one_bar_lag,recent_oos_2026JanApr,0.008476122678503211,0.8986417197683986
a7ff24r_a00c6554f3b344dc,L5_vol_adjusted_return,1,wrong_lag_future_24h,validation_2025H1,0.003919180926485997,0.4939487382354867
a7ff24r_a00c6554f3b344dc,L5_vol_adjusted_return,1,wrong_lag_future_24h,test_2025H2,0.007445076406593998,2.3958433267764456
a7ff24r_a00c6554f3b344dc,L5_vol_adjusted_return,1,wrong_lag_future_24h,recent_oos_2026JanApr,0.08064569688523744,8.550087167174937
a7ff24r_a00c6554f3b344dc,L5_vol_adjusted_return,1,wrong_lag_stale_168h,validation_2025H1,-0.013861857355738902,1.7470606942881577
a7ff24r_a00c6554f3b344dc,L5_vol_adjusted_return,1,wrong_lag_stale_168h,test_2025H2,-0.006192221525662013,1.9926716409571195
a7ff24r_a00c6554f3b344dc,L5_vol_adjusted_return,1,wrong_lag_stale_168h,recent_oos_2026JanApr,0.0163205328265078,1.7303090390545737
a7ff24r_a00c6554f3b344dc,L5_vol_adjusted_return,1,time_shuffle,validation_2025H1,-0.013648826057734837,1.7202115789174817
a7ff24r_a00c6554f3b344dc,L5_vol_adjusted_return,1,time_shuffle,test_2025H2,-0.011600128278232561,3.732948919172833
a7ff24r_a00c6554f3b344dc,L5_vol_adjusted_return,1,time_shuffle,recent_oos_2026JanApr,0.006601450057564174,0.699888222210376
a7ff24r_a00c6554f3b344dc,L5_vol_adjusted_return,1,symbol_shuffle,validation_2025H1,0.005860920456487077,0.7386732888027306
a7ff24r_a00c6554f3b344dc,L5_vol_adjusted_return,1,symbol_shuffle,test_2025H2,-0.007096275717045289,2.2835984338039363
a7ff24r_a00c6554f3b344dc,L5_vol_adjusted_return,1,symbol_shuffle,recent_oos_2026JanApr,0.016636613079182575,1.7638199865269208
a7ff24r_a00c6554f3b344dc,L5_vol_adjusted_return,1,sign_flip,validation_2025H1,0.005381991655305791,0.6783121364381116
a7ff24r_a00c6554f3b344dc,L5_vol_adjusted_return,1,sign_flip,test_2025H2,0.0034249542488950084,1.1021584378183291
a7ff24r_a00c6554f3b344dc,L5_vol_adjusted_return,1,sign_flip,recent_oos_2026JanApr,-0.00793085260682511,0.8408319813376688
a7ff24r_a00c6554f3b344dc,L5_vol_adjusted_return,1,same_family_placebo,validation_2025H1,-0.00130206446125392,0.1641039568730256
a7ff24r_a00c6554f3b344dc,L5_vol_adjusted_return,1,same_family_placebo,test_2025H2,-0.011097791350168733,3.571295698820499
a7ff24r_a00c6554f3b344dc,L5_vol_adjusted_return,1,same_family_placebo,recent_oos_2026JanApr,0.024772130691843936,2.6263506288912346
a7ff24r_a00c6554f3b344dc,L7_ranked_future_return,1,one_bar_lag,validation_2025H1,-0.010627623886055733,1.7002227630342126
a7ff24r_a00c6554f3b344dc,L7_ranked_future_return,1,one_bar_lag,test_2025H2,-0.010261326173182919,0.6953709208524009
a7ff24r_a00c6554f3b344dc,L7_ranked_future_return,1,one_bar_lag,recent_oos_2026JanApr,-0.018385553495080618,0.9153559793388929
a7ff24r_a00c6554f3b344dc,L7_ranked_future_return,1,wrong_lag_future_24h,validation_2025H1,-0.008372530649564723,1.3394496594172107
a7ff24r_a00c6554f3b344dc,L7_ranked_future_return,1,wrong_lag_future_24h,test_2025H2,-0.01071978184721578,0.7264387125629291
a7ff24r_a00c6554f3b344dc,L7_ranked_future_return,1,wrong_lag_future_24h,recent_oos_2026JanApr,-0.0021007185906351403,0.1045878397602093
a7ff24r_a00c6554f3b344dc,L7_ranked_future_return,1,wrong_lag_stale_168h,validation_2025H1,-0.009953220779889764,1.5923307709146164
a7ff24r_a00c6554f3b344dc,L7_ranked_future_return,1,wrong_lag_stale_168h,test_2025H2,-0.009592959614691185,0.6500782694541866
a7ff24r_a00c6554f3b344dc,L7_ranked_future_return,1,wrong_lag_stale_168h,recent_oos_2026JanApr,-0.007033543888116209,0.3501769177442686
a7ff24r_a00c6554f3b344dc,L7_ranked_future_return,1,time_shuffle,validation_2025H1,0.0028480604559991745,0.45563686386577135
a7ff24r_a00c6554f3b344dc,L7_ranked_future_return,1,time_shuffle,test_2025H2,-0.01171491618885273,0.7938751697846459
a7ff24r_a00c6554f3b344dc,L7_ranked_future_return,1,time_shuffle,recent_oos_2026JanApr,-0.006597463684129192,0.32846592480094255
a7ff24r_a00c6554f3b344dc,L7_ranked_future_return,1,symbol_shuffle,validation_2025H1,-0.002192957039097511,0.3508324641712055
a7ff24r_a00c6554f3b344dc,L7_ranked_future_return,1,symbol_shuffle,test_2025H2,0.0002896738010611441,0.019630088196311762
a7ff24r_a00c6554f3b344dc,L7_ranked_future_return,1,symbol_shuffle,recent_oos_2026JanApr,0.005775446865502497,0.28754042259898777
a7ff24r_a00c6554f3b344dc,L7_ranked_future_return,1,sign_flip,validation_2025H1,0.0060593255807963745,0.9693797401527153
a7ff24r_a00c6554f3b344dc,L7_ranked_future_return,1,sign_flip,test_2025H2,0.014373744398083761,0.9740538122951226
a7ff24r_a00c6554f3b344dc,L7_ranked_future_return,1,sign_flip,recent_oos_2026JanApr,0.01978393988564364,0.9849770187256313
a7ff24r_a00c6554f3b344dc,L7_ranked_future_return,1,same_family_placebo,validation_2025H1,-0.0005488429145418029,0.08780468961254702
a7ff24r_a00c6554f3b344dc,L7_ranked_future_return,1,same_family_placebo,test_2025H2,-0.0007949730850461042,0.053872292613218076
a7ff24r_a00c6554f3b344dc,L7_ranked_future_return,1,same_family_placebo,recent_oos_2026JanApr,0.0036281261268222317,0.18063241581881057
a7ff24r_a00c6554f3b344dc,L0_raw_forward_return,4,one_bar_lag,validation_2025H1,-0.0002642325799045539,0.8279038569025057
a7ff24r_a00c6554f3b344dc,L0_raw_forward_return,4,one_bar_lag,test_2025H2,3.98325669004738e-05,0.9600205169989774
a7ff24r_a00c6554f3b344dc,L0_raw_forward_return,4,one_bar_lag,recent_oos_2026JanApr,-6.4231099996685e-05,0.28967313508610165
a7ff24r_a00c6554f3b344dc,L0_raw_forward_return,4,wrong_lag_future_24h,validation_2025H1,6.357084904547881e-05,0.19918267130544648
a7ff24r_a00c6554f3b344dc,L0_raw_forward_return,4,wrong_lag_future_24h,test_2025H2,0.00010392591377651643,2.504759728957756
a7ff24r_a00c6554f3b344dc,L0_raw_forward_return,4,wrong_lag_future_24h,recent_oos_2026JanApr,0.003462114259856045,15.613643417761153
a7ff24r_a00c6554f3b344dc,L0_raw_forward_return,4,wrong_lag_stale_168h,validation_2025H1,-0.00032123037588196275,1.0064915811781587
a7ff24r_a00c6554f3b344dc,L0_raw_forward_return,4,wrong_lag_stale_168h,test_2025H2,-0.0003368721313020204,8.119089047491594
a7ff24r_a00c6554f3b344dc,L0_raw_forward_return,4,wrong_lag_stale_168h,recent_oos_2026JanApr,0.0009104023308470719,4.105785162947177
a7ff24r_a00c6554f3b344dc,L0_raw_forward_return,4,time_shuffle,validation_2025H1,-0.00020010489773965125,0.6269764942823525
a7ff24r_a00c6554f3b344dc,L0_raw_forward_return,4,time_shuffle,test_2025H2,0.0002016630002986334,4.860360073956372
a7ff24r_a00c6554f3b344dc,L0_raw_forward_return,4,time_shuffle,recent_oos_2026JanApr,0.00040993109821229397,1.8487310102827508
a7ff24r_a00c6554f3b344dc,L0_raw_forward_return,4,symbol_shuffle,validation_2025H1,9.885257315883897e-05,0.309728749620892
a7ff24r_a00c6554f3b344dc,L0_raw_forward_return,4,symbol_shuffle,test_2025H2,-0.00022431124448432971,5.40621440331953
a7ff24r_a00c6554f3b344dc,L0_raw_forward_return,4,symbol_shuffle,recent_oos_2026JanApr,-0.00011900825843649495,0.5367103369585092
a7ff24r_a00c6554f3b344dc,L0_raw_forward_return,4,sign_flip,validation_2025H1,0.0002984469716792579,0.9351057277773343
a7ff24r_a00c6554f3b344dc,L0_raw_forward_return,4,sign_flip,test_2025H2,-6.0722660006653184e-05,1.4635009488290573
a7ff24r_a00c6554f3b344dc,L0_raw_forward_return,4,sign_flip,recent_oos_2026JanApr,-0.0002226006134391835,1.0038971397087335
a7ff24r_a00c6554f3b344dc,L0_raw_forward_return,4,same_family_placebo,validation_2025H1,-0.0005049805059328842,1.582224677492195
a7ff24r_a00c6554f3b344dc,L0_raw_forward_return,4,same_family_placebo,test_2025H2,-0.00030340290576636787,7.31243394834682
a7ff24r_a00c6554f3b344dc,L0_raw_forward_return,4,same_family_placebo,recent_oos_2026JanApr,0.000377782866284233,1.70374705188009
a7ff24r_a00c6554f3b344dc,L1_cross_sectional_relative_return,4,one_bar_lag,validation_2025H1,-0.00026423257990455394,0.8279038569025056
a7ff24r_a00c6554f3b344dc,L1_cross_sectional_relative_return,4,one_bar_lag,test_2025H2,3.983256690047365e-05,0.9600205169989746
a7ff24r_a00c6554f3b344dc,L1_cross_sectional_relative_return,4,one_bar_lag,recent_oos_2026JanApr,-6.4231099996685e-05,0.28967313508610154
a7ff24r_a00c6554f3b344dc,L1_cross_sectional_relative_return,4,wrong_lag_future_24h,validation_2025H1,6.357084904547885e-05,0.19918267130544653
a7ff24r_a00c6554f3b344dc,L1_cross_sectional_relative_return,4,wrong_lag_future_24h,test_2025H2,0.00010392591377651656,2.5047597289577617
a7ff24r_a00c6554f3b344dc,L1_cross_sectional_relative_return,4,wrong_lag_future_24h,recent_oos_2026JanApr,0.0034621142598560443,15.613643417761145
a7ff24r_a00c6554f3b344dc,L1_cross_sectional_relative_return,4,wrong_lag_stale_168h,validation_2025H1,-0.0003212303758819628,1.0064915811781585
a7ff24r_a00c6554f3b344dc,L1_cross_sectional_relative_return,4,wrong_lag_stale_168h,test_2025H2,-0.0003368721313020204,8.119089047491602
a7ff24r_a00c6554f3b344dc,L1_cross_sectional_relative_return,4,wrong_lag_stale_168h,recent_oos_2026JanApr,0.0009104023308470721,4.105785162947176
a7ff24r_a00c6554f3b344dc,L1_cross_sectional_relative_return,4,time_shuffle,validation_2025H1,0.00018313494633175016,0.5738055786173559
a7ff24r_a00c6554f3b344dc,L1_cross_sectional_relative_return,4,time_shuffle,test_2025H2,-0.00014823334406713218,3.5726307060096336
a7ff24r_a00c6554f3b344dc,L1_cross_sectional_relative_return,4,time_shuffle,recent_oos_2026JanApr,0.0006908931935400597,3.1158301413602882
a7ff24r_a00c6554f3b344dc,L1_cross_sectional_relative_return,4,symbol_shuffle,validation_2025H1,0.00037170677955715415,1.164646223956706
a7ff24r_a00c6554f3b344dc,L1_cross_sectional_relative_return,4,symbol_shuffle,test_2025H2,-0.0002878752305342584,6.938195279737583
a7ff24r_a00c6554f3b344dc,L1_cross_sectional_relative_return,4,symbol_shuffle,recent_oos_2026JanApr,0.0005386150051193079,2.4290771471355614
a7ff24r_a00c6554f3b344dc,L1_cross_sectional_relative_return,4,sign_flip,validation_2025H1,0.0002984469716792579,0.935105727777334
a7ff24r_a00c6554f3b344dc,L1_cross_sectional_relative_return,4,sign_flip,test_2025H2,-6.0722660006653245e-05,1.4635009488290605
a7ff24r_a00c6554f3b344dc,L1_cross_sectional_relative_return,4,sign_flip,recent_oos_2026JanApr,-0.00022260061343918358,1.0038971397087335
a7ff24r_a00c6554f3b344dc,L1_cross_sectional_relative_return,4,same_family_placebo,validation_2025H1,-0.00025884086420638607,0.8110103223374364
a7ff24r_a00c6554f3b344dc,L1_cross_sectional_relative_return,4,same_family_placebo,test_2025H2,0.00015158840241445088,3.6534922999210298
a7ff24r_a00c6554f3b344dc,L1_cross_sectional_relative_return,4,same_family_placebo,recent_oos_2026JanApr,-0.00020304877857168978,0.9157211423640673
a7ff24r_a00c6554f3b344dc,L3_liquidity_tier_relative_return,4,one_bar_lag,validation_2025H1,-0.00016723646007890796,0.7234266958772833
a7ff24r_a00c6554f3b344dc,L3_liquidity_tier_relative_return,4,one_bar_lag,test_2025H2,0.00028173500841152617,1.1231377093699841
a7ff24r_a00c6554f3b344dc,L3_liquidity_tier_relative_return,4,one_bar_lag,recent_oos_2026JanApr,-0.00031285618976690616,29.6615111716991
a7ff24r_a00c6554f3b344dc,L3_liquidity_tier_relative_return,4,wrong_lag_future_24h,validation_2025H1,0.00025671210855636174,1.1104778969669273
a7ff24r_a00c6554f3b344dc,L3_liquidity_tier_relative_return,4,wrong_lag_future_24h,test_2025H2,0.0003288117992463211,1.310809519560678
a7ff24r_a00c6554f3b344dc,L3_liquidity_tier_relative_return,4,wrong_lag_future_24h,recent_oos_2026JanApr,0.003167064258416149,300.2654732594217
a7ff24r_a00c6554f3b344dc,L3_liquidity_tier_relative_return,4,wrong_lag_stale_168h,validation_2025H1,-0.00015915176427045571,0.688454149979565
a7ff24r_a00c6554f3b344dc,L3_liquidity_tier_relative_return,4,wrong_lag_stale_168h,test_2025H2,-7.455158893266393e-05,0.29720019991771546
a7ff24r_a00c6554f3b344dc,L3_liquidity_tier_relative_return,4,wrong_lag_stale_168h,recent_oos_2026JanApr,0.0007012913418449064,66.48857095091077
a7ff24r_a00c6554f3b344dc,L3_liquidity_tier_relative_return,4,time_shuffle,validation_2025H1,-0.00024535744818043225,1.061360231867513
a7ff24r_a00c6554f3b344dc,L3_liquidity_tier_relative_return,4,time_shuffle,test_2025H2,0.0002004544907030482,0.7991126086549123
a7ff24r_a00c6554f3b344dc,L3_liquidity_tier_relative_return,4,time_shuffle,recent_oos_2026JanApr,0.0002892093639047416,27.419584649457693
a7ff24r_a00c6554f3b344dc,L3_liquidity_tier_relative_return,4,symbol_shuffle,validation_2025H1,-0.000415739614466367,1.7983945336847706
a7ff24r_a00c6554f3b344dc,L3_liquidity_tier_relative_return,4,symbol_shuffle,test_2025H2,-0.00016287328440898026,0.6492949832541441
a7ff24r_a00c6554f3b344dc,L3_liquidity_tier_relative_return,4,symbol_shuffle,recent_oos_2026JanApr,-9.7340391212601e-05,9.2287229591375
a7ff24r_a00c6554f3b344dc,L3_liquidity_tier_relative_return,4,sign_flip,validation_2025H1,0.00020854935385514032,0.9021368301839249
a7ff24r_a00c6554f3b344dc,L3_liquidity_tier_relative_return,4,sign_flip,test_2025H2,-0.0002425619735946968,0.9669742533575207
a7ff24r_a00c6554f3b344dc,L3_liquidity_tier_relative_return,4,sign_flip,recent_oos_2026JanApr,-1.3335718416903663e-05,1.2643430871555779
a7ff24r_a00c6554f3b344dc,L3_liquidity_tier_relative_return,4,same_family_placebo,validation_2025H1,-0.00010185671725601346,0.44060887430083684
a7ff24r_a00c6554f3b344dc,L3_liquidity_tier_relative_return,4,same_family_placebo,test_2025H2,-0.0005878950687859763,2.3436459836106667
a7ff24r_a00c6554f3b344dc,L3_liquidity_tier_relative_return,4,same_family_placebo,recent_oos_2026JanApr,0.0004630451033810263,43.90073764297222
a7ff24r_a00c6554f3b344dc,L5_vol_adjusted_return,4,one_bar_lag,validation_2025H1,-0.04815134613252968,0.9634757011923513
a7ff24r_a00c6554f3b344dc,L5_vol_adjusted_return,4,one_bar_lag,test_2025H2,-0.006204395735660443,0.7348192939508853
a7ff24r_a00c6554f3b344dc,L5_vol_adjusted_return,4,one_bar_lag,recent_oos_2026JanApr,-0.01808244382728468,3.0051926774060544
a7ff24r_a00c6554f3b344dc,L5_vol_adjusted_return,4,wrong_lag_future_24h,validation_2025H1,-0.018396931173239914,0.368110085918247
a7ff24r_a00c6554f3b344dc,L5_vol_adjusted_return,4,wrong_lag_future_24h,test_2025H2,0.023032764956328024,2.72789177287126
a7ff24r_a00c6554f3b344dc,L5_vol_adjusted_return,4,wrong_lag_future_24h,recent_oos_2026JanApr,0.2999815115612282,49.85511087504234
a7ff24r_a00c6554f3b344dc,L5_vol_adjusted_return,4,wrong_lag_stale_168h,validation_2025H1,-0.051497681501621664,1.0304335969755087
a7ff24r_a00c6554f3b344dc,L5_vol_adjusted_return,4,wrong_lag_stale_168h,test_2025H2,-0.01992631707285602,2.359978774139058
a7ff24r_a00c6554f3b344dc,L5_vol_adjusted_return,4,wrong_lag_stale_168h,recent_oos_2026JanApr,0.07807267320659121,12.975205567730809
a7ff24r_a00c6554f3b344dc,L5_vol_adjusted_return,4,time_shuffle,validation_2025H1,0.011418126090319586,0.2284689406375977
a7ff24r_a00c6554f3b344dc,L5_vol_adjusted_return,4,time_shuffle,test_2025H2,-0.030689777514490424,3.634752134698749
a7ff24r_a00c6554f3b344dc,L5_vol_adjusted_return,4,time_shuffle,recent_oos_2026JanApr,-0.011301099592313443,1.8781743256523504
a7ff24r_a00c6554f3b344dc,L5_vol_adjusted_return,4,symbol_shuffle,validation_2025H1,0.03565799491831269,0.7134922368001035
a7ff24r_a00c6554f3b344dc,L5_vol_adjusted_return,4,symbol_shuffle,test_2025H2,-0.014331937976197652,1.6974069664975033
a7ff24r_a00c6554f3b344dc,L5_vol_adjusted_return,4,symbol_shuffle,recent_oos_2026JanApr,0.0530387107859368,8.81471259058735
a7ff24r_a00c6554f3b344dc,L5_vol_adjusted_return,4,sign_flip,validation_2025H1,0.043586426322712306,0.8721347591853456
a7ff24r_a00c6554f3b344dc,L5_vol_adjusted_return,4,sign_flip,test_2025H2,-0.005748733814279151,0.680852850542829
a7ff24r_a00c6554f3b344dc,L5_vol_adjusted_return,4,sign_flip,recent_oos_2026JanApr,0.0022260975432466176,0.36996393297580693
a7ff24r_a00c6554f3b344dc,L5_vol_adjusted_return,4,same_family_placebo,validation_2025H1,0.021023819934202444,0.4206723441769594
a7ff24r_a00c6554f3b344dc,L5_vol_adjusted_return,4,same_family_placebo,test_2025H2,-0.030901108412256923,3.6597811669692466
a7ff24r_a00c6554f3b344dc,L5_vol_adjusted_return,4,same_family_placebo,recent_oos_2026JanApr,0.011299367239764754,1.8778864191479125
a7ff24r_a00c6554f3b344dc,L7_ranked_future_return,4,one_bar_lag,validation_2025H1,-0.019886312202565693,1.0619399892961345
a7ff24r_a00c6554f3b344dc,L7_ranked_future_return,4,one_bar_lag,test_2025H2,-0.021276898406786673,0.9052544704264098
a7ff24r_a00c6554f3b344dc,L7_ranked_future_return,4,one_bar_lag,recent_oos_2026JanApr,-0.039365672848127455,1.0078467240134172
a7ff24r_a00c6554f3b344dc,L7_ranked_future_return,4,wrong_lag_future_24h,validation_2025H1,-0.00864111318021932,0.4614401878355745
a7ff24r_a00c6554f3b344dc,L7_ranked_future_return,4,wrong_lag_future_24h,test_2025H2,-0.023562373913718185,1.0024931224209077
a7ff24r_a00c6554f3b344dc,L7_ranked_future_return,4,wrong_lag_future_24h,recent_oos_2026JanApr,-0.008992214980343473,0.23022023387045046
a7ff24r_a00c6554f3b344dc,L7_ranked_future_return,4,wrong_lag_stale_168h,validation_2025H1,-0.01562823298158494,0.834556221190201
a7ff24r_a00c6554f3b344dc,L7_ranked_future_return,4,wrong_lag_stale_168h,test_2025H2,-0.0172503006672874,0.7339374140302614
a7ff24r_a00c6554f3b344dc,L7_ranked_future_return,4,wrong_lag_stale_168h,recent_oos_2026JanApr,-0.006972409735154147,0.17850883273772447
a7ff24r_a00c6554f3b344dc,L7_ranked_future_return,4,time_shuffle,validation_2025H1,0.0034901094276094274,0.18637375952086863
a7ff24r_a00c6554f3b344dc,L7_ranked_future_return,4,time_shuffle,test_2025H2,-0.010768758765778399,0.4581714320990988
a7ff24r_a00c6554f3b344dc,L7_ranked_future_return,4,time_shuffle,recent_oos_2026JanApr,-0.010648878629681575,0.27263442143480554
a7ff24r_a00c6554f3b344dc,L7_ranked_future_return,4,symbol_shuffle,validation_2025H1,0.0007544162528450238,0.04028624208000277
a7ff24r_a00c6554f3b344dc,L7_ranked_future_return,4,symbol_shuffle,test_2025H2,0.008489243870266915,0.3611863823933975
a7ff24r_a00c6554f3b344dc,L7_ranked_future_return,4,symbol_shuffle,recent_oos_2026JanApr,0.006286936814607905,0.1609592371792352
a7ff24r_a00c6554f3b344dc,L7_ranked_future_return,4,sign_flip,validation_2025H1,0.019508619128905443,1.0417709718073995
a7ff24r_a00c6554f3b344dc,L7_ranked_future_return,4,sign_flip,test_2025H2,0.02193327449306849,0.933180880330124
a7ff24r_a00c6554f3b344dc,L7_ranked_future_return,4,sign_flip,recent_oos_2026JanApr,0.040731445918684044,1.0428134809698317
a7ff24r_a00c6554f3b344dc,L7_ranked_future_return,4,same_family_placebo,validation_2025H1,0.002518007707428099,0.1344629939747596
a7ff24r_a00c6554f3b344dc,L7_ranked_future_return,4,same_family_placebo,test_2025H2,0.006897242913304366,0.29345254470426413
a7ff24r_a00c6554f3b344dc,L7_ranked_future_return,4,same_family_placebo,recent_oos_2026JanApr,0.004003805219325469,0.10250610956029786
a7ff24r_a00c6554f3b344dc,L0_raw_forward_return,8,one_bar_lag,validation_2025H1,-0.0003610413321066103,0.8180547809148118
a7ff24r_a00c6554f3b344dc,L0_raw_forward_return,8,one_bar_lag,test_2025H2,-0.00031586327651600264,1.2656577774377666
a7ff24r_a00c6554f3b344dc,L0_raw_forward_return,8,one_bar_lag,recent_oos_2026JanApr,-0.0011911747963603797,2.0886064458670153
a7ff24r_a00c6554f3b344dc,L0_raw_forward_return,8,wrong_lag_future_24h,validation_2025H1,-3.0515979367984726e-05,0.06914372565218163
a7ff24r_a00c6554f3b344dc,L0_raw_forward_return,8,wrong_lag_future_24h,test_2025H2,0.00027438783345417055,1.0994665137274202
a7ff24r_a00c6554f3b344dc,L0_raw_forward_return,8,wrong_lag_future_24h,recent_oos_2026JanApr,0.007237186186334083,12.68968564890957
a7ff24r_a00c6554f3b344dc,L0_raw_forward_return,8,wrong_lag_stale_168h,validation_2025H1,-0.0008212576324949116,1.860822218623044
a7ff24r_a00c6554f3b344dc,L0_raw_forward_return,8,wrong_lag_stale_168h,test_2025H2,-0.0005026530132163871,2.0141204844926555
a7ff24r_a00c6554f3b344dc,L0_raw_forward_return,8,wrong_lag_stale_168h,recent_oos_2026JanApr,0.0019957570916279074,3.4993614192435922
a7ff24r_a00c6554f3b344dc,L0_raw_forward_return,8,time_shuffle,validation_2025H1,0.00012309997225600945,0.27892241657465744
a7ff24r_a00c6554f3b344dc,L0_raw_forward_return,8,time_shuffle,test_2025H2,-0.00037288622982077564,1.4941476010687835
a7ff24r_a00c6554f3b344dc,L0_raw_forward_return,8,time_shuffle,recent_oos_2026JanApr,0.0013032623277982587,2.285140775990341
a7ff24r_a00c6554f3b344dc,L0_raw_forward_return,8,symbol_shuffle,validation_2025H1,0.0007688963606982006,1.7421809858363477
a7ff24r_a00c6554f3b344dc,L0_raw_forward_return,8,symbol_shuffle,test_2025H2,-0.0005156436591309533,2.0661737406263354
a7ff24r_a00c6554f3b344dc,L0_raw_forward_return,8,symbol_shuffle,recent_oos_2026JanApr,0.0005261864124534083,0.9226155020537697
a7ff24r_a00c6554f3b344dc,L0_raw_forward_return,8,sign_flip,validation_2025H1,0.0004132818410365195,0.9364223867459245
a7ff24r_a00c6554f3b344dc,L0_raw_forward_return,8,sign_flip,test_2025H2,0.0002576497463385168,1.032397336293985
a7ff24r_a00c6554f3b344dc,L0_raw_forward_return,8,sign_flip,recent_oos_2026JanApr,0.0005894305989515119,1.0335078882821898
a7ff24r_a00c6554f3b344dc,L0_raw_forward_return,8,same_family_placebo,validation_2025H1,-0.0005417805954194292,1.2275774734812495
a7ff24r_a00c6554f3b344dc,L0_raw_forward_return,8,same_family_placebo,test_2025H2,-3.856409531594995e-05,0.15452555202000692
a7ff24r_a00c6554f3b344dc,L0_raw_forward_return,8,same_family_placebo,recent_oos_2026JanApr,0.001163191318657847,2.0395402029563456
a7ff24r_a00c6554f3b344dc,L1_cross_sectional_relative_return,8,one_bar_lag,validation_2025H1,-0.0003610413321066102,0.8180547809148115
a7ff24r_a00c6554f3b344dc,L1_cross_sectional_relative_return,8,one_bar_lag,test_2025H2,-0.0003158632765160024,1.2656577774377662
a7ff24r_a00c6554f3b344dc,L1_cross_sectional_relative_return,8,one_bar_lag,recent_oos_2026JanApr,-0.00119117479636038,2.0886064458670153
a7ff24r_a00c6554f3b344dc,L1_cross_sectional_relative_return,8,wrong_lag_future_24h,validation_2025H1,-3.0515979367984648e-05,0.06914372565218146
a7ff24r_a00c6554f3b344dc,L1_cross_sectional_relative_return,8,wrong_lag_future_24h,test_2025H2,0.0002743878334541703,1.0994665137274198
a7ff24r_a00c6554f3b344dc,L1_cross_sectional_relative_return,8,wrong_lag_future_24h,recent_oos_2026JanApr,0.007237186186334083,12.689685648909567
a7ff24r_a00c6554f3b344dc,L1_cross_sectional_relative_return,8,wrong_lag_stale_168h,validation_2025H1,-0.0008212576324949116,1.860822218623044
a7ff24r_a00c6554f3b344dc,L1_cross_sectional_relative_return,8,wrong_lag_stale_168h,test_2025H2,-0.000502653013216387,2.014120484492656
a7ff24r_a00c6554f3b344dc,L1_cross_sectional_relative_return,8,wrong_lag_stale_168h,recent_oos_2026JanApr,0.0019957570916279074,3.4993614192435913
a7ff24r_a00c6554f3b344dc,L1_cross_sectional_relative_return,8,time_shuffle,validation_2025H1,0.00045193673372193955,1.024007427446249
a7ff24r_a00c6554f3b344dc,L1_cross_sectional_relative_return,8,time_shuffle,test_2025H2,-0.00020812073840592677,0.8339356006022025
a7ff24r_a00c6554f3b344dc,L1_cross_sectional_relative_return,8,time_shuffle,recent_oos_2026JanApr,0.00038803875963886266,0.6803873429024199
a7ff24r_a00c6554f3b344dc,L1_cross_sectional_relative_return,8,symbol_shuffle,validation_2025H1,3.1243486267437746e-05,0.07079212555635193
a7ff24r_a00c6554f3b344dc,L1_cross_sectional_relative_return,8,symbol_shuffle,test_2025H2,-0.0011498737217598858,4.6075208079562175
a7ff24r_a00c6554f3b344dc,L1_cross_sectional_relative_return,8,symbol_shuffle,recent_oos_2026JanApr,0.00023032073283716173,0.4038444808355174
a7ff24r_a00c6554f3b344dc,L1_cross_sectional_relative_return,8,sign_flip,validation_2025H1,0.0004132818410365196,0.9364223867459247
a7ff24r_a00c6554f3b344dc,L1_cross_sectional_relative_return,8,sign_flip,test_2025H2,0.00025764974633851674,1.0323973362939851
a7ff24r_a00c6554f3b344dc,L1_cross_sectional_relative_return,8,sign_flip,recent_oos_2026JanApr,0.0005894305989515125,1.0335078882821906
a7ff24r_a00c6554f3b344dc,L1_cross_sectional_relative_return,8,same_family_placebo,validation_2025H1,-0.00036524497284264485,0.8275794754457578
a7ff24r_a00c6554f3b344dc,L1_cross_sectional_relative_return,8,same_family_placebo,test_2025H2,0.000248420526477901,0.9954160384833812
a7ff24r_a00c6554f3b344dc,L1_cross_sectional_relative_return,8,same_family_placebo,recent_oos_2026JanApr,0.0009024578045929311,1.5823699372711852
a7ff24r_a00c6554f3b344dc,L3_liquidity_tier_relative_return,8,one_bar_lag,validation_2025H1,-0.00024365678676110936,0.8138843697526326
a7ff24r_a00c6554f3b344dc,L3_liquidity_tier_relative_return,8,one_bar_lag,test_2025H2,0.00024984735695284796,0.8837337185225853
a7ff24r_a00c6554f3b344dc,L3_liquidity_tier_relative_return,8,one_bar_lag,recent_oos_2026JanApr,-0.0014887442334945093,1.6106676653760605
a7ff24r_a00c6554f3b344dc,L3_liquidity_tier_relative_return,8,wrong_lag_future_24h,validation_2025H1,0.0004596610463315292,1.5354012747453871
a7ff24r_a00c6554f3b344dc,L3_liquidity_tier_relative_return,8,wrong_lag_future_24h,test_2025H2,0.0008571614113907809,3.0318609358169066
a7ff24r_a00c6554f3b344dc,L3_liquidity_tier_relative_return,8,wrong_lag_future_24h,recent_oos_2026JanApr,0.006527413840018833,7.061988334939398
a7ff24r_a00c6554f3b344dc,L3_liquidity_tier_relative_return,8,wrong_lag_stale_168h,validation_2025H1,-0.0005504870679455407,1.8387865419529639
a7ff24r_a00c6554f3b344dc,L3_liquidity_tier_relative_return,8,wrong_lag_stale_168h,test_2025H2,2.098802081629977e-05,0.07423661353327196
a7ff24r_a00c6554f3b344dc,L3_liquidity_tier_relative_return,8,wrong_lag_stale_168h,recent_oos_2026JanApr,0.0015011387552280528,1.6240772591362724
a7ff24r_a00c6554f3b344dc,L3_liquidity_tier_relative_return,8,time_shuffle,validation_2025H1,0.0004054735053817738,1.3543991643564968
a7ff24r_a00c6554f3b344dc,L3_liquidity_tier_relative_return,8,time_shuffle,test_2025H2,0.0007303627110142756,2.583361946857388
a7ff24r_a00c6554f3b344dc,L3_liquidity_tier_relative_return,8,time_shuffle,recent_oos_2026JanApr,-0.00032789517054999067,0.3547487452550301
a7ff24r_a00c6554f3b344dc,L3_liquidity_tier_relative_return,8,symbol_shuffle,validation_2025H1,0.0006061087744458826,2.024579181433106
a7ff24r_a00c6554f3b344dc,L3_liquidity_tier_relative_return,8,symbol_shuffle,test_2025H2,6.200806586541084e-05,0.2193283903178319
a7ff24r_a00c6554f3b344dc,L3_liquidity_tier_relative_return,8,symbol_shuffle,recent_oos_2026JanApr,0.001254789360371996,1.3575526300210097
a7ff24r_a00c6554f3b344dc,L3_liquidity_tier_relative_return,8,sign_flip,validation_2025H1,0.0002621189942104185,0.8755534998181764
a7ff24r_a00c6554f3b344dc,L3_liquidity_tier_relative_return,8,sign_flip,test_2025H2,-0.00020083219301901764,0.7103624504990745
a7ff24r_a00c6554f3b344dc,L3_liquidity_tier_relative_return,8,sign_flip,recent_oos_2026JanApr,0.0009681209648126989,1.0474070018973747
a7ff24r_a00c6554f3b344dc,L3_liquidity_tier_relative_return,8,same_family_placebo,validation_2025H1,7.472739323488742e-05,0.24961117707697286
a7ff24r_a00c6554f3b344dc,L3_liquidity_tier_relative_return,8,same_family_placebo,test_2025H2,-0.0003323456599222512,1.1755380143299359
a7ff24r_a00c6554f3b344dc,L3_liquidity_tier_relative_return,8,same_family_placebo,recent_oos_2026JanApr,0.0003191245563721311,0.3452598455878198
a7ff24r_a00c6554f3b344dc,L5_vol_adjusted_return,8,one_bar_lag,validation_2025H1,-0.06682811281545371,0.9005501225179404
a7ff24r_a00c6554f3b344dc,L5_vol_adjusted_return,8,one_bar_lag,test_2025H2,-0.052119066648763764,1.576010608509286
a7ff24r_a00c6554f3b344dc,L5_vol_adjusted_return,8,one_bar_lag,recent_oos_2026JanApr,-0.1223989151089236,1.9248753188172512
a7ff24r_a00c6554f3b344dc,L5_vol_adjusted_return,8,wrong_lag_future_24h,validation_2025H1,-0.0860324953091303,1.1593410456631255
a7ff24r_a00c6554f3b344dc,L5_vol_adjusted_return,8,wrong_lag_future_24h,test_2025H2,0.06269307311848621,1.8957543691378864
a7ff24r_a00c6554f3b344dc,L5_vol_adjusted_return,8,wrong_lag_future_24h,recent_oos_2026JanApr,0.6680290694449035,10.50558876998741
a7ff24r_a00c6554f3b344dc,L5_vol_adjusted_return,8,wrong_lag_stale_168h,validation_2025H1,-0.10657243164785499,1.436129382293691
a7ff24r_a00c6554f3b344dc,L5_vol_adjusted_return,8,wrong_lag_stale_168h,test_2025H2,-0.02938076094185701,0.8884347688436636
a7ff24r_a00c6554f3b344dc,L5_vol_adjusted_return,8,wrong_lag_stale_168h,recent_oos_2026JanApr,0.16463189423446317,2.589041492892666
a7ff24r_a00c6554f3b344dc,L5_vol_adjusted_return,8,time_shuffle,validation_2025H1,0.03582882537674223,0.4828155655360331
a7ff24r_a00c6554f3b344dc,L5_vol_adjusted_return,8,time_shuffle,test_2025H2,-0.05730059732325539,1.732693140189058
a7ff24r_a00c6554f3b344dc,L5_vol_adjusted_return,8,time_shuffle,recent_oos_2026JanApr,0.005092829248256794,0.0800910801717181
a7ff24r_a00c6554f3b344dc,L5_vol_adjusted_return,8,symbol_shuffle,validation_2025H1,0.009392881232957579,0.12657487977395585
a7ff24r_a00c6554f3b344dc,L5_vol_adjusted_return,8,symbol_shuffle,test_2025H2,-0.1460871467123484,4.417479202708911
a7ff24r_a00c6554f3b344dc,L5_vol_adjusted_return,8,symbol_shuffle,recent_oos_2026JanApr,0.05812477680496981,0.9140844768442796
a7ff24r_a00c6554f3b344dc,L5_vol_adjusted_return,8,sign_flip,validation_2025H1,0.06513490071136535,0.8777330429455089
a7ff24r_a00c6554f3b344dc,L5_vol_adjusted_return,8,sign_flip,test_2025H2,0.02537850565597552,0.7674119418038166
a7ff24r_a00c6554f3b344dc,L5_vol_adjusted_return,8,sign_flip,recent_oos_2026JanApr,0.06907895789375473,1.0863526117120823
a7ff24r_a00c6554f3b344dc,L5_vol_adjusted_return,8,same_family_placebo,validation_2025H1,-0.0035760855282122757,0.04818996265029176
a7ff24r_a00c6554f3b344dc,L5_vol_adjusted_return,8,same_family_placebo,test_2025H2,0.007462423490133328,0.2256536684529821
a7ff24r_a00c6554f3b344dc,L5_vol_adjusted_return,8,same_family_placebo,recent_oos_2026JanApr,-0.01729216865505118,0.2719408797317569
a7ff24r_a00c6554f3b344dc,L7_ranked_future_return,8,one_bar_lag,validation_2025H1,-0.020643710336038283,0.9109843797636342
a7ff24r_a00c6554f3b344dc,L7_ranked_future_return,8,one_bar_lag,test_2025H2,-0.037951665236163126,1.0144608572663854
a7ff24r_a00c6554f3b344dc,L7_ranked_future_return,8,one_bar_lag,recent_oos_2026JanApr,-0.05713512406367041,1.005627879030643
a7ff24r_a00c6554f3b344dc,L7_ranked_future_return,8,wrong_lag_future_24h,validation_2025H1,-0.016971949126092383,0.7489535696992523
a7ff24r_a00c6554f3b344dc,L7_ranked_future_return,8,wrong_lag_future_24h,test_2025H2,-0.03313541991781107,0.8857209897518235
a7ff24r_a00c6554f3b344dc,L7_ranked_future_return,8,wrong_lag_future_24h,recent_oos_2026JanApr,-0.007836883583021223,0.13793596749735346
a7ff24r_a00c6554f3b344dc,L7_ranked_future_return,8,wrong_lag_stale_168h,validation_2025H1,-0.022613660008322933,0.9979161062391281
a7ff24r_a00c6554f3b344dc,L7_ranked_future_return,8,wrong_lag_stale_168h,test_2025H2,-0.026765615246566798,0.7154539549010707
a7ff24r_a00c6554f3b344dc,L7_ranked_future_return,8,wrong_lag_stale_168h,recent_oos_2026JanApr,-0.01194055932688306,0.21016422992189066
a7ff24r_a00c6554f3b344dc,L7_ranked_future_return,8,time_shuffle,validation_2025H1,-0.0036087243670223893,0.15924906306647513
a7ff24r_a00c6554f3b344dc,L7_ranked_future_return,8,time_shuffle,test_2025H2,-0.02604590505998957,0.6962158580134861
a7ff24r_a00c6554f3b344dc,L7_ranked_future_return,8,time_shuffle,recent_oos_2026JanApr,-0.01261190988523735,0.22198058368234647
a7ff24r_a00c6554f3b344dc,L7_ranked_future_return,8,symbol_shuffle,validation_2025H1,0.002546215017686226,0.11236168648338449
a7ff24r_a00c6554f3b344dc,L7_ranked_future_return,8,symbol_shuffle,test_2025H2,0.012655079588014984,0.3382745607536332
a7ff24r_a00c6554f3b344dc,L7_ranked_future_return,8,symbol_shuffle,recent_oos_2026JanApr,0.007117974276945485,0.12528253841091816
a7ff24r_a00c6554f3b344dc,L7_ranked_future_return,8,sign_flip,validation_2025H1,0.0241531581616729,1.0658524775380642
a7ff24r_a00c6554f3b344dc,L7_ranked_future_return,8,sign_flip,test_2025H2,0.035109839913649604,0.9384979045227114
a7ff24r_a00c6554f3b344dc,L7_ranked_future_return,8,sign_flip,recent_oos_2026JanApr,0.059393775358926336,1.0453821063775
a7ff24r_a00c6554f3b344dc,L7_ranked_future_return,8,same_family_placebo,validation_2025H1,0.0029187148876404488,0.12879969871415506
a7ff24r_a00c6554f3b344dc,L7_ranked_future_return,8,same_family_placebo,test_2025H2,-0.005955202481273408,0.1591845779823889
a7ff24r_a00c6554f3b344dc,L7_ranked_future_return,8,same_family_placebo,recent_oos_2026JanApr,0.0003090212754889735,0.005439043231953332
a7ff24r_a00c6554f3b344dc,L0_raw_forward_return,24,one_bar_lag,validation_2025H1,0.0003045291581616941,1.1151959687850692
a7ff24r_a00c6554f3b344dc,L0_raw_forward_return,24,one_bar_lag,test_2025H2,-0.0025329550507052377,1.0106369618020863
a7ff24r_a00c6554f3b344dc,L0_raw_forward_return,24,one_bar_lag,recent_oos_2026JanApr,-0.006039988584987746,1.0282119726498324
a7ff24r_a00c6554f3b344dc,L0_raw_forward_return,24,wrong_lag_future_24h,validation_2025H1,0.002806277709441857,10.27668288893137
a7ff24r_a00c6554f3b344dc,L0_raw_forward_return,24,wrong_lag_future_24h,test_2025H2,0.003979563252367582,1.5878267218173518
a7ff24r_a00c6554f3b344dc,L0_raw_forward_return,24,wrong_lag_future_24h,recent_oos_2026JanApr,0.025620018633287292,4.361400609883973
a7ff24r_a00c6554f3b344dc,L0_raw_forward_return,24,wrong_lag_stale_168h,validation_2025H1,-0.0020735918790543927,7.593562857449208
a7ff24r_a00c6554f3b344dc,L0_raw_forward_return,24,wrong_lag_stale_168h,test_2025H2,0.00034909429657946155,0.13928695622895992
a7ff24r_a00c6554f3b344dc,L0_raw_forward_return,24,wrong_lag_stale_168h,recent_oos_2026JanApr,0.005634544244881745,0.9591915235423204
a7ff24r_a00c6554f3b344dc,L0_raw_forward_return,24,time_shuffle,validation_2025H1,0.0005031282861197046,1.842472621831892
a7ff24r_a00c6554f3b344dc,L0_raw_forward_return,24,time_shuffle,test_2025H2,-0.0007762473311222478,0.3097189759107415
a7ff24r_a00c6554f3b344dc,L0_raw_forward_return,24,time_shuffle,recent_oos_2026JanApr,0.0019563968348040982,0.33304543882741316
a7ff24r_a00c6554f3b344dc,L0_raw_forward_return,24,symbol_shuffle,validation_2025H1,-0.001412901226339256,5.174091576046714
a7ff24r_a00c6554f3b344dc,L0_raw_forward_return,24,symbol_shuffle,test_2025H2,0.0017886709244366956,0.7136711518955392
a7ff24r_a00c6554f3b344dc,L0_raw_forward_return,24,symbol_shuffle,recent_oos_2026JanApr,-0.00034768659267999606,0.059188111416624944
a7ff24r_a00c6554f3b344dc,L0_raw_forward_return,24,sign_flip,validation_2025H1,-0.0004197648384678574,1.5371928866283318
a7ff24r_a00c6554f3b344dc,L0_raw_forward_return,24,sign_flip,test_2025H2,0.0023216746965116987,0.9263371100573127
a7ff24r_a00c6554f3b344dc,L0_raw_forward_return,24,sign_flip,recent_oos_2026JanApr,0.006828632656144827,1.1624660800397826
a7ff24r_a00c6554f3b344dc,L0_raw_forward_return,24,same_family_placebo,validation_2025H1,-0.0008389683882132908,3.072330315170645
a7ff24r_a00c6554f3b344dc,L0_raw_forward_return,24,same_family_placebo,test_2025H2,-0.0011298046778901664,0.4507866678387327
a7ff24r_a00c6554f3b344dc,L0_raw_forward_return,24,same_family_placebo,recent_oos_2026JanApr,-0.0009617686590385684,0.1637258144163921
a7ff24r_a00c6554f3b344dc,L1_cross_sectional_relative_return,24,one_bar_lag,validation_2025H1,0.00030452915816169397,1.1151959687850685
a7ff24r_a00c6554f3b344dc,L1_cross_sectional_relative_return,24,one_bar_lag,test_2025H2,-0.0025329550507052372,1.0106369618020863
a7ff24r_a00c6554f3b344dc,L1_cross_sectional_relative_return,24,one_bar_lag,recent_oos_2026JanApr,-0.006039988584987746,1.0282119726498329
a7ff24r_a00c6554f3b344dc,L1_cross_sectional_relative_return,24,wrong_lag_future_24h,validation_2025H1,0.002806277709441857,10.276682888931369
a7ff24r_a00c6554f3b344dc,L1_cross_sectional_relative_return,24,wrong_lag_future_24h,test_2025H2,0.003979563252367582,1.5878267218173523
a7ff24r_a00c6554f3b344dc,L1_cross_sectional_relative_return,24,wrong_lag_future_24h,recent_oos_2026JanApr,0.025620018633287292,4.361400609883974
a7ff24r_a00c6554f3b344dc,L1_cross_sectional_relative_return,24,wrong_lag_stale_168h,validation_2025H1,-0.0020735918790543927,7.593562857449206
a7ff24r_a00c6554f3b344dc,L1_cross_sectional_relative_return,24,wrong_lag_stale_168h,test_2025H2,0.00034909429657946155,0.13928695622895998
a7ff24r_a00c6554f3b344dc,L1_cross_sectional_relative_return,24,wrong_lag_stale_168h,recent_oos_2026JanApr,0.005634544244881744,0.9591915235423205
a7ff24r_a00c6554f3b344dc,L1_cross_sectional_relative_return,24,time_shuffle,validation_2025H1,0.00040603680925539547,1.486920384219966
a7ff24r_a00c6554f3b344dc,L1_cross_sectional_relative_return,24,time_shuffle,test_2025H2,9.396072417201667e-05,0.03748987996430948
a7ff24r_a00c6554f3b344dc,L1_cross_sectional_relative_return,24,time_shuffle,recent_oos_2026JanApr,0.0010084445665309448,0.17167164514813266
a7ff24r_a00c6554f3b344dc,L1_cross_sectional_relative_return,24,symbol_shuffle,validation_2025H1,-0.0017886232253470431,6.5499981106021865
a7ff24r_a00c6554f3b344dc,L1_cross_sectional_relative_return,24,symbol_shuffle,test_2025H2,-0.001683696712135222,0.6717869427942409
a7ff24r_a00c6554f3b344dc,L1_cross_sectional_relative_return,24,symbol_shuffle,recent_oos_2026JanApr,-0.0032162649936307605,0.5475179509254644
a7ff24r_a00c6554f3b344dc,L1_cross_sectional_relative_return,24,sign_flip,validation_2025H1,-0.0004197648384678576,1.5371928866283322
a7ff24r_a00c6554f3b344dc,L1_cross_sectional_relative_return,24,sign_flip,test_2025H2,0.0023216746965116987,0.926337110057313
a7ff24r_a00c6554f3b344dc,L1_cross_sectional_relative_return,24,sign_flip,recent_oos_2026JanApr,0.006828632656144829,1.162466080039783
a7ff24r_a00c6554f3b344dc,L1_cross_sectional_relative_return,24,same_family_placebo,validation_2025H1,0.00023556659517571583,0.8626527551785262
a7ff24r_a00c6554f3b344dc,L1_cross_sectional_relative_return,24,same_family_placebo,test_2025H2,0.00029145571503175866,0.11628943761064359
a7ff24r_a00c6554f3b344dc,L1_cross_sectional_relative_return,24,same_family_placebo,recent_oos_2026JanApr,0.0008901988828616986,0.1515421985519798
a7ff24r_a00c6554f3b344dc,L3_liquidity_tier_relative_return,24,one_bar_lag,validation_2025H1,0.0004565380382164622,1.048484751724722
a7ff24r_a00c6554f3b344dc,L3_liquidity_tier_relative_return,24,one_bar_lag,test_2025H2,-0.0006043781159370068,1.0171845337825083
a7ff24r_a00c6554f3b344dc,L3_liquidity_tier_relative_return,24,one_bar_lag,recent_oos_2026JanApr,-0.006386564701074948,1.0316414733706203
a7ff24r_a00c6554f3b344dc,L3_liquidity_tier_relative_return,24,wrong_lag_future_24h,validation_2025H1,0.00353958720613563,8.129012048002657
a7ff24r_a00c6554f3b344dc,L3_liquidity_tier_relative_return,24,wrong_lag_future_24h,test_2025H2,0.005516714503639976,9.28477805933845
a7ff24r_a00c6554f3b344dc,L3_liquidity_tier_relative_return,24,wrong_lag_future_24h,recent_oos_2026JanApr,0.023510917142824134,3.7977908839528762
a7ff24r_a00c6554f3b344dc,L3_liquidity_tier_relative_return,24,wrong_lag_stale_168h,validation_2025H1,-0.0014360189585155849,3.2979595458753943
a7ff24r_a00c6554f3b344dc,L3_liquidity_tier_relative_return,24,wrong_lag_stale_168h,test_2025H2,0.002013282206142902,3.3884078000625926
a7ff24r_a00c6554f3b344dc,L3_liquidity_tier_relative_return,24,wrong_lag_stale_168h,recent_oos_2026JanApr,0.004203901907545385,0.6790692274793235
a7ff24r_a00c6554f3b344dc,L3_liquidity_tier_relative_return,24,time_shuffle,validation_2025H1,0.0012834759802385265,2.947629511315737
a7ff24r_a00c6554f3b344dc,L3_liquidity_tier_relative_return,24,time_shuffle,test_2025H2,0.0020234949506755208,3.405596122260437
a7ff24r_a00c6554f3b344dc,L3_liquidity_tier_relative_return,24,time_shuffle,recent_oos_2026JanApr,6.182413945630966e-05,0.009986643728488787
a7ff24r_a00c6554f3b344dc,L3_liquidity_tier_relative_return,24,symbol_shuffle,validation_2025H1,-0.0017235382658801453,3.9582760679682623
a7ff24r_a00c6554f3b344dc,L3_liquidity_tier_relative_return,24,symbol_shuffle,test_2025H2,0.001824446507774585,3.0705922691205503
a7ff24r_a00c6554f3b344dc,L3_liquidity_tier_relative_return,24,symbol_shuffle,recent_oos_2026JanApr,0.0038949519698376345,0.6291635921569508
a7ff24r_a00c6554f3b344dc,L3_liquidity_tier_relative_return,24,sign_flip,validation_2025H1,-0.0006315025759889163,1.450308114929351
a7ff24r_a00c6554f3b344dc,L3_liquidity_tier_relative_return,24,sign_flip,test_2025H2,0.0005604214448426101,0.9432042806681727
a7ff24r_a00c6554f3b344dc,L3_liquidity_tier_relative_return,24,sign_flip,recent_oos_2026JanApr,0.0071603758018560166,1.1566375646160372
a7ff24r_a00c6554f3b344dc,L3_liquidity_tier_relative_return,24,same_family_placebo,validation_2025H1,0.0002361447975291361,0.5423298798402142
a7ff24r_a00c6554f3b344dc,L3_liquidity_tier_relative_return,24,same_family_placebo,test_2025H2,-9.000333106519528e-05,0.1514780134063714
a7ff24r_a00c6554f3b344dc,L3_liquidity_tier_relative_return,24,same_family_placebo,recent_oos_2026JanApr,0.0002101820933486864,0.03395136111622953
a7ff24r_a00c6554f3b344dc,L5_vol_adjusted_return,24,one_bar_lag,validation_2025H1,0.02921304473723033,0.9971710499208569
a7ff24r_a00c6554f3b344dc,L5_vol_adjusted_return,24,one_bar_lag,test_2025H2,-0.2592655589364712,1.0521471712488382
a7ff24r_a00c6554f3b344dc,L5_vol_adjusted_return,24,one_bar_lag,recent_oos_2026JanApr,-0.5598274941112971,1.016937990446565
a7ff24r_a00c6554f3b344dc,L5_vol_adjusted_return,24,wrong_lag_future_24h,validation_2025H1,0.14801718626618673,5.052484407668702
a7ff24r_a00c6554f3b344dc,L5_vol_adjusted_return,24,wrong_lag_future_24h,test_2025H2,0.5542909444224311,2.249414274750664
a7ff24r_a00c6554f3b344dc,L5_vol_adjusted_return,24,wrong_lag_future_24h,recent_oos_2026JanApr,2.502068619315717,4.5450583625328065
a7ff24r_a00c6554f3b344dc,L5_vol_adjusted_return,24,wrong_lag_stale_168h,validation_2025H1,-0.22763674570413858,7.7702538285943845
a7ff24r_a00c6554f3b344dc,L5_vol_adjusted_return,24,wrong_lag_stale_168h,test_2025H2,0.005683574175929581,0.023064986017878857
a7ff24r_a00c6554f3b344dc,L5_vol_adjusted_return,24,wrong_lag_stale_168h,recent_oos_2026JanApr,0.41846928223148555,0.7601579333141862
a7ff24r_a00c6554f3b344dc,L5_vol_adjusted_return,24,time_shuffle,validation_2025H1,-0.03444652621202524,1.175813032086848
a7ff24r_a00c6554f3b344dc,L5_vol_adjusted_return,24,time_shuffle,test_2025H2,-0.186465755504212,0.7567122219909168
a7ff24r_a00c6554f3b344dc,L5_vol_adjusted_return,24,time_shuffle,recent_oos_2026JanApr,0.3342174089681574,0.6071126977925201
a7ff24r_a00c6554f3b344dc,L5_vol_adjusted_return,24,symbol_shuffle,validation_2025H1,-0.047988447466333815,1.6380589895544337
a7ff24r_a00c6554f3b344dc,L5_vol_adjusted_return,24,symbol_shuffle,test_2025H2,-0.031017616225634828,0.12587517333407344
a7ff24r_a00c6554f3b344dc,L5_vol_adjusted_return,24,symbol_shuffle,recent_oos_2026JanApr,0.1518621988313536,0.27586076233985557
a7ff24r_a00c6554f3b344dc,L5_vol_adjusted_return,24,sign_flip,validation_2025H1,-0.055776631272623965,1.903904316289495
a7ff24r_a00c6554f3b344dc,L5_vol_adjusted_return,24,sign_flip,test_2025H2,0.22270812254565572,0.9037903920279978
a7ff24r_a00c6554f3b344dc,L5_vol_adjusted_return,24,sign_flip,recent_oos_2026JanApr,0.6221533871971507,1.1301542385483683
a7ff24r_a00c6554f3b344dc,L5_vol_adjusted_return,24,same_family_placebo,validation_2025H1,0.09322384642953399,3.182144198181673
a7ff24r_a00c6554f3b344dc,L5_vol_adjusted_return,24,same_family_placebo,test_2025H2,0.004887537187503026,0.019834521975457892
a7ff24r_a00c6554f3b344dc,L5_vol_adjusted_return,24,same_family_placebo,recent_oos_2026JanApr,0.05464850521102931,0.0992701174107828
a7ff24r_a00c6554f3b344dc,L7_ranked_future_return,24,one_bar_lag,validation_2025H1,-0.01355372299382716,0.9083761026686952
a7ff24r_a00c6554f3b344dc,L7_ranked_future_return,24,one_bar_lag,test_2025H2,-0.05395622139740315,0.9738734628579659
a7ff24r_a00c6554f3b344dc,L7_ranked_future_return,24,one_bar_lag,recent_oos_2026JanApr,-0.08329042943805876,0.9892124410456546
a7ff24r_a00c6554f3b344dc,L7_ranked_future_return,24,wrong_lag_future_24h,validation_2025H1,0.01722599709982972,1.1544934271751068
a7ff24r_a00c6554f3b344dc,L7_ranked_future_return,24,wrong_lag_future_24h,test_2025H2,-0.002737700883354618,0.049413657415050084
a7ff24r_a00c6554f3b344dc,L7_ranked_future_return,24,wrong_lag_future_24h,recent_oos_2026JanApr,0.027382247099829716,0.3252097471184459
a7ff24r_a00c6554f3b344dc,L7_ranked_future_return,24,wrong_lag_stale_168h,validation_2025H1,-0.03186670192103023,2.1357195000306497
a7ff24r_a00c6554f3b344dc,L7_ranked_future_return,24,wrong_lag_stale_168h,test_2025H2,-0.03105892800127714,0.5605927357751517
a7ff24r_a00c6554f3b344dc,L7_ranked_future_return,24,wrong_lag_stale_168h,recent_oos_2026JanApr,-0.022460604911664538,0.26675705674627315
a7ff24r_a00c6554f3b344dc,L7_ranked_future_return,24,time_shuffle,validation_2025H1,-0.019068078269467156,1.2779504665757737
a7ff24r_a00c6554f3b344dc,L7_ranked_future_return,24,time_shuffle,test_2025H2,-0.025845989874766852,0.4665027129112966
a7ff24r_a00c6554f3b344dc,L7_ranked_future_return,24,time_shuffle,recent_oos_2026JanApr,-0.016615579943184865,0.1973376593911124
a7ff24r_a00c6554f3b344dc,L7_ranked_future_return,24,symbol_shuffle,validation_2025H1,-0.008932823808003407,0.5986815342349724
a7ff24r_a00c6554f3b344dc,L7_ranked_future_return,24,symbol_shuffle,test_2025H2,0.01559523334397616,0.28148346024666304
a7ff24r_a00c6554f3b344dc,L7_ranked_future_return,24,symbol_shuffle,recent_oos_2026JanApr,0.0025013137239250738,0.029707262543351678
a7ff24r_a00c6554f3b344dc,L7_ranked_future_return,24,sign_flip,validation_2025H1,0.01607465942954449,1.0773303018651332
a7ff24r_a00c6554f3b344dc,L7_ranked_future_return,24,sign_flip,test_2025H2,0.053667617869306086,0.9686643635173949
a7ff24r_a00c6554f3b344dc,L7_ranked_future_return,24,sign_flip,recent_oos_2026JanApr,0.08909368015644954,1.0581356996705664
a7ff24r_a00c6554f3b344dc,L7_ranked_future_return,24,same_family_placebo,validation_2025H1,0.0014797686515538525,0.09917470507269394
a7ff24r_a00c6554f3b344dc,L7_ranked_future_return,24,same_family_placebo,test_2025H2,-0.00288171163260962,0.052012954464277644
a7ff24r_a00c6554f3b344dc,L7_ranked_future_return,24,same_family_placebo,recent_oos_2026JanApr,-0.0029057411398467426,0.03451051105616166
a7ff24r_a03780c9c21b21b0,L0_raw_forward_return,1,one_bar_lag,validation_2025H1,0.00010266477879052113,1.3638090251243296
a7ff24r_a03780c9c21b21b0,L0_raw_forward_return,1,one_bar_lag,test_2025H2,-0.00010642556043226123,0.8260006177098926
a7ff24r_a03780c9c21b21b0,L0_raw_forward_return,1,one_bar_lag,recent_oos_2026JanApr,-0.00016663801118878835,0.5979251404926426
a7ff24r_a03780c9c21b21b0,L0_raw_forward_return,1,wrong_lag_future_24h,validation_2025H1,7.581253135195995e-05,1.0071011275083013
a7ff24r_a03780c9c21b21b0,L0_raw_forward_return,1,wrong_lag_future_24h,test_2025H2,-0.00011104681862000038,0.8618675852143676
a7ff24r_a03780c9c21b21b0,L0_raw_forward_return,1,wrong_lag_future_24h,recent_oos_2026JanApr,0.00015469903083154208,0.5550860760047818
a7ff24r_a03780c9c21b21b0,L0_raw_forward_return,1,wrong_lag_stale_168h,validation_2025H1,-3.283464635753782e-05,0.43617867360865786
a7ff24r_a03780c9c21b21b0,L0_raw_forward_return,1,wrong_lag_stale_168h,test_2025H2,-5.986670186555843e-05,0.4646433856712422
a7ff24r_a03780c9c21b21b0,L0_raw_forward_return,1,wrong_lag_stale_168h,recent_oos_2026JanApr,0.00021879990134636058,0.7850907534180961
a7ff24r_a03780c9c21b21b0,L0_raw_forward_return,1,time_shuffle,validation_2025H1,-5.268333289861836e-06,0.06998505790127803
a7ff24r_a03780c9c21b21b0,L0_raw_forward_return,1,time_shuffle,test_2025H2,-7.168614906251608e-05,0.5563776518195558
a7ff24r_a03780c9c21b21b0,L0_raw_forward_return,1,time_shuffle,recent_oos_2026JanApr,-1.904423101511331e-05,0.0683338958743652
a7ff24r_a03780c9c21b21b0,L0_raw_forward_return,1,symbol_shuffle,validation_2025H1,0.00028836340356042686,3.8306478319474992
a7ff24r_a03780c9c21b21b0,L0_raw_forward_return,1,symbol_shuffle,test_2025H2,1.810910427000821e-05,0.14055017659709987
a7ff24r_a03780c9c21b21b0,L0_raw_forward_return,1,symbol_shuffle,recent_oos_2026JanApr,-0.00018087858234168584,0.6490226988861179
a7ff24r_a03780c9c21b21b0,L0_raw_forward_return,1,sign_flip,validation_2025H1,-5.010554286153113e-05,0.6656069624689951
a7ff24r_a03780c9c21b21b0,L0_raw_forward_return,1,sign_flip,test_2025H2,8.545347949962635e-05,0.6632300226135751
a7ff24r_a03780c9c21b21b0,L0_raw_forward_return,1,sign_flip,recent_oos_2026JanApr,-0.0003087831565255451,1.1079657692153273
a7ff24r_a03780c9c21b21b0,L0_raw_forward_return,1,same_family_placebo,validation_2025H1,-0.00010617827790104164,1.4104826930866532
a7ff24r_a03780c9c21b21b0,L0_raw_forward_return,1,same_family_placebo,test_2025H2,-8.717556763122557e-06,0.06765956638624855
a7ff24r_a03780c9c21b21b0,L0_raw_forward_return,1,same_family_placebo,recent_oos_2026JanApr,-0.0002449343935066125,0.8788656957925515
a7ff24r_a03780c9c21b21b0,L1_cross_sectional_relative_return,1,one_bar_lag,validation_2025H1,0.00010266477879052117,1.3638090251243298
a7ff24r_a03780c9c21b21b0,L1_cross_sectional_relative_return,1,one_bar_lag,test_2025H2,-0.00010642556043226118,0.8260006177098925
a7ff24r_a03780c9c21b21b0,L1_cross_sectional_relative_return,1,one_bar_lag,recent_oos_2026JanApr,-0.00016663801118878822,0.5979251404926422
a7ff24r_a03780c9c21b21b0,L1_cross_sectional_relative_return,1,wrong_lag_future_24h,validation_2025H1,7.581253135195992e-05,1.0071011275083008
a7ff24r_a03780c9c21b21b0,L1_cross_sectional_relative_return,1,wrong_lag_future_24h,test_2025H2,-0.00011104681862000042,0.861867585214368
a7ff24r_a03780c9c21b21b0,L1_cross_sectional_relative_return,1,wrong_lag_future_24h,recent_oos_2026JanApr,0.0001546990308315421,0.5550860760047819
a7ff24r_a03780c9c21b21b0,L1_cross_sectional_relative_return,1,wrong_lag_stale_168h,validation_2025H1,-3.283464635753778e-05,0.43617867360865725
a7ff24r_a03780c9c21b21b0,L1_cross_sectional_relative_return,1,wrong_lag_stale_168h,test_2025H2,-5.986670186555849e-05,0.46464338567124275
a7ff24r_a03780c9c21b21b0,L1_cross_sectional_relative_return,1,wrong_lag_stale_168h,recent_oos_2026JanApr,0.00021879990134636063,0.7850907534180964
a7ff24r_a03780c9c21b21b0,L1_cross_sectional_relative_return,1,time_shuffle,validation_2025H1,-4.1366796519547066e-05,0.5495205960454358
a7ff24r_a03780c9c21b21b0,L1_cross_sectional_relative_return,1,time_shuffle,test_2025H2,-5.798113657389342e-05,0.4500089492696699
a7ff24r_a03780c9c21b21b0,L1_cross_sectional_relative_return,1,time_shuffle,recent_oos_2026JanApr,0.0002976742238704748,1.0681050551374272
a7ff24r_a03780c9c21b21b0,L1_cross_sectional_relative_return,1,symbol_shuffle,validation_2025H1,6.416613773481682e-05,0.8523892885277775
a7ff24r_a03780c9c21b21b0,L1_cross_sectional_relative_return,1,symbol_shuffle,test_2025H2,-6.518260061226316e-05,0.5059016663946606
a7ff24r_a03780c9c21b21b0,L1_cross_sectional_relative_return,1,symbol_shuffle,recent_oos_2026JanApr,-0.0002293657534360946,0.8230028033166117
a7ff24r_a03780c9c21b21b0,L1_cross_sectional_relative_return,1,sign_flip,validation_2025H1,-5.0105542861531154e-05,0.6656069624689953
a7ff24r_a03780c9c21b21b0,L1_cross_sectional_relative_return,1,sign_flip,test_2025H2,8.545347949962635e-05,0.6632300226135752
a7ff24r_a03780c9c21b21b0,L1_cross_sectional_relative_return,1,sign_flip,recent_oos_2026JanApr,-0.0003087831565255451,1.1079657692153275
a7ff24r_a03780c9c21b21b0,L1_cross_sectional_relative_return,1,same_family_placebo,validation_2025H1,7.161837515102097e-05,0.9513855437705425
a7ff24r_a03780c9c21b21b0,L1_cross_sectional_relative_return,1,same_family_placebo,test_2025H2,-0.00010905450963932311,0.84640467910399
a7ff24r_a03780c9c21b21b0,L1_cross_sectional_relative_return,1,same_family_placebo,recent_oos_2026JanApr,-0.00020884075498247653,0.7493556654490867
a7ff24r_a03780c9c21b21b0,L3_liquidity_tier_relative_return,1,one_bar_lag,validation_2025H1,8.844951227337709e-05,1.4403311383015076
a7ff24r_a03780c9c21b21b0,L3_liquidity_tier_relative_return,1,one_bar_lag,test_2025H2,-9.818306607665995e-05,0.8784456850815943
a7ff24r_a03780c9c21b21b0,L3_liquidity_tier_relative_return,1,one_bar_lag,recent_oos_2026JanApr,-0.00012775919077234285,0.4896682970577241
a7ff24r_a03780c9c21b21b0,L3_liquidity_tier_relative_return,1,wrong_lag_future_24h,validation_2025H1,8.783921890269321e-05,1.430392988020044
a7ff24r_a03780c9c21b21b0,L3_liquidity_tier_relative_return,1,wrong_lag_future_24h,test_2025H2,-0.00012516814427032414,1.1198816724473306
a7ff24r_a03780c9c21b21b0,L3_liquidity_tier_relative_return,1,wrong_lag_future_24h,recent_oos_2026JanApr,0.0001445812046631084,0.5541427731809379
a7ff24r_a03780c9c21b21b0,L3_liquidity_tier_relative_return,1,wrong_lag_stale_168h,validation_2025H1,2.1900924095074818e-05,0.3566394219814009
a7ff24r_a03780c9c21b21b0,L3_liquidity_tier_relative_return,1,wrong_lag_stale_168h,test_2025H2,-6.943583234403219e-05,0.6212436599305177
a7ff24r_a03780c9c21b21b0,L3_liquidity_tier_relative_return,1,wrong_lag_stale_168h,recent_oos_2026JanApr,0.00019200697385564125,0.7359136148461898
a7ff24r_a03780c9c21b21b0,L3_liquidity_tier_relative_return,1,time_shuffle,validation_2025H1,3.839544261503712e-05,0.6252397570761092
a7ff24r_a03780c9c21b21b0,L3_liquidity_tier_relative_return,1,time_shuffle,test_2025H2,-0.00015105465976867485,1.3514887993175488
a7ff24r_a03780c9c21b21b0,L3_liquidity_tier_relative_return,1,time_shuffle,recent_oos_2026JanApr,0.00025068783130132805,0.9608223307014632
a7ff24r_a03780c9c21b21b0,L3_liquidity_tier_relative_return,1,symbol_shuffle,validation_2025H1,-0.00012526691392239476,2.039873732301712
a7ff24r_a03780c9c21b21b0,L3_liquidity_tier_relative_return,1,symbol_shuffle,test_2025H2,-9.395213429789577e-05,0.8405914611971204
a7ff24r_a03780c9c21b21b0,L3_liquidity_tier_relative_return,1,symbol_shuffle,recent_oos_2026JanApr,0.0004206087836400074,1.6120858747416928
a7ff24r_a03780c9c21b21b0,L3_liquidity_tier_relative_return,1,sign_flip,validation_2025H1,-2.4528723773075686e-05,0.3994310847521923
a7ff24r_a03780c9c21b21b0,L3_liquidity_tier_relative_return,1,sign_flip,test_2025H2,7.007355792527558e-05,0.6269494023512321
a7ff24r_a03780c9c21b21b0,L3_liquidity_tier_relative_return,1,sign_flip,recent_oos_2026JanApr,-0.00027996113344760644,1.0730194096322996
a7ff24r_a03780c9c21b21b0,L3_liquidity_tier_relative_return,1,same_family_placebo,validation_2025H1,-0.00017377656058623235,2.829815392827518
a7ff24r_a03780c9c21b21b0,L3_liquidity_tier_relative_return,1,same_family_placebo,test_2025H2,0.00017094017644308856,1.529404880127429
a7ff24r_a03780c9c21b21b0,L3_liquidity_tier_relative_return,1,same_family_placebo,recent_oos_2026JanApr,-7.644590085236638e-05,0.2929975828832922
a7ff24r_a03780c9c21b21b0,L5_vol_adjusted_return,1,one_bar_lag,validation_2025H1,-0.004456265898100629,20.162969605382433
a7ff24r_a03780c9c21b21b0,L5_vol_adjusted_return,1,one_bar_lag,test_2025H2,0.009896980691530837,0.5593051534835252
a7ff24r_a03780c9c21b21b0,L5_vol_adjusted_return,1,one_bar_lag,recent_oos_2026JanApr,-0.007228954997563659,2.7846233922044967
a7ff24r_a03780c9c21b21b0,L5_vol_adjusted_return,1,wrong_lag_future_24h,validation_2025H1,-0.007256999817789692,32.835263895434466
a7ff24r_a03780c9c21b21b0,L5_vol_adjusted_return,1,wrong_lag_future_24h,test_2025H2,0.008854740674076439,0.5004053504933227
a7ff24r_a03780c9c21b21b0,L5_vol_adjusted_return,1,wrong_lag_future_24h,recent_oos_2026JanApr,-0.013129393346744707,5.0574966715273755
a7ff24r_a03780c9c21b21b0,L5_vol_adjusted_return,1,wrong_lag_stale_168h,validation_2025H1,0.007610654376751791,34.4354211316077
a7ff24r_a03780c9c21b21b0,L5_vol_adjusted_return,1,wrong_lag_stale_168h,test_2025H2,0.012583943247216725,0.7111526766274676
a7ff24r_a03780c9c21b21b0,L5_vol_adjusted_return,1,wrong_lag_stale_168h,recent_oos_2026JanApr,-0.036171406729846395,13.933375618304426
a7ff24r_a03780c9c21b21b0,L5_vol_adjusted_return,1,time_shuffle,validation_2025H1,-0.0035100436076409293,15.881660608402234
a7ff24r_a03780c9c21b21b0,L5_vol_adjusted_return,1,time_shuffle,test_2025H2,-0.00010678410101182653,0.00603465843447875
a7ff24r_a03780c9c21b21b0,L5_vol_adjusted_return,1,time_shuffle,recent_oos_2026JanApr,-0.0025132389836075575,0.9681100610409809
a7ff24r_a03780c9c21b21b0,L5_vol_adjusted_return,1,symbol_shuffle,validation_2025H1,0.011186935160046367,50.61678067853604
a7ff24r_a03780c9c21b21b0,L5_vol_adjusted_return,1,symbol_shuffle,test_2025H2,0.00775088144987873,0.43802327942972763
a7ff24r_a03780c9c21b21b0,L5_vol_adjusted_return,1,symbol_shuffle,recent_oos_2026JanApr,-0.0027706279467145595,1.067257355194088
a7ff24r_a03780c9c21b21b0,L5_vol_adjusted_return,1,sign_flip,validation_2025H1,-0.002372704385537434,10.73561755561754
a7ff24r_a03780c9c21b21b0,L5_vol_adjusted_return,1,sign_flip,test_2025H2,-0.01388163462803604,0.7844887272418222
a7ff24r_a03780c9c21b21b0,L5_vol_adjusted_return,1,sign_flip,recent_oos_2026JanApr,0.0010778940330396342,0.41520924389920855
a7ff24r_a03780c9c21b21b0,L5_vol_adjusted_return,1,same_family_placebo,validation_2025H1,-0.013475962133827079,60.9737886205246
a7ff24r_a03780c9c21b21b0,L5_vol_adjusted_return,1,same_family_placebo,test_2025H2,0.00736018483306895,0.4159439566502782
a7ff24r_a03780c9c21b21b0,L5_vol_adjusted_return,1,same_family_placebo,recent_oos_2026JanApr,0.004533112810857776,1.7461738213712374
a7ff24r_a03780c9c21b21b0,L7_ranked_future_return,1,one_bar_lag,validation_2025H1,0.003971967882346883,0.6833811086646453
a7ff24r_a03780c9c21b21b0,L7_ranked_future_return,1,one_bar_lag,test_2025H2,-0.005455107402256221,0.5273535064308558
a7ff24r_a03780c9c21b21b0,L7_ranked_future_return,1,one_bar_lag,recent_oos_2026JanApr,-0.00460717367228146,1.4963402519997915
a7ff24r_a03780c9c21b21b0,L7_ranked_future_return,1,wrong_lag_future_24h,validation_2025H1,0.0028326701179621906,0.48736377106615164
a7ff24r_a03780c9c21b21b0,L7_ranked_future_return,1,wrong_lag_future_24h,test_2025H2,-0.005216945474681915,0.5043300316679765
a7ff24r_a03780c9c21b21b0,L7_ranked_future_return,1,wrong_lag_future_24h,recent_oos_2026JanApr,0.0019917387832895507,0.646886600094109
a7ff24r_a03780c9c21b21b0,L7_ranked_future_return,1,wrong_lag_stale_168h,validation_2025H1,-0.008409474321331064,1.4468585988672398
a7ff24r_a03780c9c21b21b0,L7_ranked_future_return,1,wrong_lag_stale_168h,test_2025H2,-0.003075741770978211,0.29733662203064093
a7ff24r_a03780c9c21b21b0,L7_ranked_future_return,1,wrong_lag_stale_168h,recent_oos_2026JanApr,0.0031068098696749582,1.0090448057719454
a7ff24r_a03780c9c21b21b0,L7_ranked_future_return,1,time_shuffle,validation_2025H1,-0.0035791653752776493,0.6157990383361668
a7ff24r_a03780c9c21b21b0,L7_ranked_future_return,1,time_shuffle,test_2025H2,-0.00921044123732671,0.8903873240462102
a7ff24r_a03780c9c21b21b0,L7_ranked_future_return,1,time_shuffle,recent_oos_2026JanApr,0.003165816392509828,1.028209230976832
a7ff24r_a03780c9c21b21b0,L7_ranked_future_return,1,symbol_shuffle,validation_2025H1,-0.0018343861072477208,0.31560799302064735
a7ff24r_a03780c9c21b21b0,L7_ranked_future_return,1,symbol_shuffle,test_2025H2,0.00421600538299078,0.40756763486122893
a7ff24r_a03780c9c21b21b0,L7_ranked_future_return,1,symbol_shuffle,recent_oos_2026JanApr,0.0008960651367640244,0.29102838918805907
a7ff24r_a03780c9c21b21b0,L7_ranked_future_return,1,sign_flip,validation_2025H1,0.006862910807191058,1.1807707753451597
a7ff24r_a03780c9c21b21b0,L7_ranked_future_return,1,sign_flip,test_2025H2,0.009048382527172515,0.8747208627383852
a7ff24r_a03780c9c21b21b0,L7_ranked_future_return,1,sign_flip,recent_oos_2026JanApr,-0.005843861072477207,1.8979975950227443
a7ff24r_a03780c9c21b21b0,L7_ranked_future_return,1,same_family_placebo,validation_2025H1,-0.0002053231082264459,0.03532604932629854
a7ff24r_a03780c9c21b21b0,L7_ranked_future_return,1,same_family_placebo,test_2025H2,-0.00423701256889713,0.40959843138475416
a7ff24r_a03780c9c21b21b0,L7_ranked_future_return,1,same_family_placebo,recent_oos_2026JanApr,-0.005524406969556482,1.794243739216815
a7ff24r_a03780c9c21b21b0,L0_raw_forward_return,4,one_bar_lag,validation_2025H1,0.0005563301488516161,1.3150471055103627
a7ff24r_a03780c9c21b21b0,L0_raw_forward_return,4,one_bar_lag,test_2025H2,-0.00018945772927498879,0.7302340797317011
a7ff24r_a03780c9c21b21b0,L0_raw_forward_return,4,one_bar_lag,recent_oos_2026JanApr,-0.000396545705889908,9.188488401205635
a7ff24r_a03780c9c21b21b0,L0_raw_forward_return,4,wrong_lag_future_24h,validation_2025H1,0.00026891726148204557,0.6356636739240599
a7ff24r_a03780c9c21b21b0,L0_raw_forward_return,4,wrong_lag_future_24h,test_2025H2,-8.882466566237399e-05,0.34236026281775217
a7ff24r_a03780c9c21b21b0,L0_raw_forward_return,4,wrong_lag_future_24h,recent_oos_2026JanApr,0.00020727597225188445,4.802858380753259
a7ff24r_a03780c9c21b21b0,L0_raw_forward_return,4,wrong_lag_stale_168h,validation_2025H1,0.00015779319414522232,0.37298982206562925
a7ff24r_a03780c9c21b21b0,L0_raw_forward_return,4,wrong_lag_stale_168h,test_2025H2,-0.00012657764676791462,0.48787300341815487
a7ff24r_a03780c9c21b21b0,L0_raw_forward_return,4,wrong_lag_stale_168h,recent_oos_2026JanApr,0.0003349219254418007,7.760583916361517
a7ff24r_a03780c9c21b21b0,L0_raw_forward_return,4,time_shuffle,validation_2025H1,-5.904617689157308e-05,0.1395727054753353
a7ff24r_a03780c9c21b21b0,L0_raw_forward_return,4,time_shuffle,test_2025H2,0.0002201303817891142,0.8484568424941149
a7ff24r_a03780c9c21b21b0,L0_raw_forward_return,4,time_shuffle,recent_oos_2026JanApr,-0.0010426210564102784,24.158908648826255
a7ff24r_a03780c9c21b21b0,L0_raw_forward_return,4,symbol_shuffle,validation_2025H1,0.00022166760993308447,0.5239754657007676
a7ff24r_a03780c9c21b21b0,L0_raw_forward_return,4,symbol_shuffle,test_2025H2,0.00015680257562565518,0.6043700879860424
a7ff24r_a03780c9c21b21b0,L0_raw_forward_return,4,symbol_shuffle,recent_oos_2026JanApr,-0.0001726856110158453,4.001353968298221
a7ff24r_a03780c9c21b21b0,L0_raw_forward_return,4,sign_flip,validation_2025H1,-0.00029025570097068146,0.6861032432042123
a7ff24r_a03780c9c21b21b0,L0_raw_forward_return,4,sign_flip,test_2025H2,0.00029398064583763424,1.133100703748993
a7ff24r_a03780c9c21b21b0,L0_raw_forward_return,4,sign_flip,recent_oos_2026JanApr,3.615572657719615e-05,0.8377759974633583
a7ff24r_a03780c9c21b21b0,L0_raw_forward_return,4,same_family_placebo,validation_2025H1,-6.284715656502444e-05,0.1485574195484335
a7ff24r_a03780c9c21b21b0,L0_raw_forward_return,4,same_family_placebo,test_2025H2,-4.388407536451719e-05,0.16914404870847
a7ff24r_a03780c9c21b21b0,L0_raw_forward_return,4,same_family_placebo,recent_oos_2026JanApr,-0.0002602495233225126,6.030325611777254
a7ff24r_a03780c9c21b21b0,L1_cross_sectional_relative_return,4,one_bar_lag,validation_2025H1,0.0005563301488516161,1.3150471055103627
a7ff24r_a03780c9c21b21b0,L1_cross_sectional_relative_return,4,one_bar_lag,test_2025H2,-0.0001894577292749887,0.7302340797317007
a7ff24r_a03780c9c21b21b0,L1_cross_sectional_relative_return,4,one_bar_lag,recent_oos_2026JanApr,-0.00039654570588990766,9.188488401205678
a7ff24r_a03780c9c21b21b0,L1_cross_sectional_relative_return,4,wrong_lag_future_24h,validation_2025H1,0.0002689172614820456,0.63566367392406
a7ff24r_a03780c9c21b21b0,L1_cross_sectional_relative_return,4,wrong_lag_future_24h,test_2025H2,-8.882466566237387e-05,0.3423602628177517
a7ff24r_a03780c9c21b21b0,L1_cross_sectional_relative_return,4,wrong_lag_future_24h,recent_oos_2026JanApr,0.00020727597225188453,4.802858380753286
a7ff24r_a03780c9c21b21b0,L1_cross_sectional_relative_return,4,wrong_lag_stale_168h,validation_2025H1,0.00015779319414522237,0.37298982206562936
a7ff24r_a03780c9c21b21b0,L1_cross_sectional_relative_return,4,wrong_lag_stale_168h,test_2025H2,-0.00012657764676791465,0.487873003418155
a7ff24r_a03780c9c21b21b0,L1_cross_sectional_relative_return,4,wrong_lag_stale_168h,recent_oos_2026JanApr,0.00033492192544180057,7.760583916361556
a7ff24r_a03780c9c21b21b0,L1_cross_sectional_relative_return,4,time_shuffle,validation_2025H1,3.53551277552718e-05,0.08357206330717844
a7ff24r_a03780c9c21b21b0,L1_cross_sectional_relative_return,4,time_shuffle,test_2025H2,0.0005891185522684287,2.270661880699528
a7ff24r_a03780c9c21b21b0,L1_cross_sectional_relative_return,4,time_shuffle,recent_oos_2026JanApr,-0.0002048345501297655,4.746287401624425
a7ff24r_a03780c9c21b21b0,L1_cross_sectional_relative_return,4,symbol_shuffle,validation_2025H1,0.00025704264944099813,0.6075945961905018
a7ff24r_a03780c9c21b21b0,L1_cross_sectional_relative_return,4,symbol_shuffle,test_2025H2,8.484508884074911e-05,0.32702162960821496
a7ff24r_a03780c9c21b21b0,L1_cross_sectional_relative_return,4,symbol_shuffle,recent_oos_2026JanApr,-0.00011621122144225856,2.692767679619233
a7ff24r_a03780c9c21b21b0,L1_cross_sectional_relative_return,4,sign_flip,validation_2025H1,-0.00029025570097068146,0.6861032432042123
a7ff24r_a03780c9c21b21b0,L1_cross_sectional_relative_return,4,sign_flip,test_2025H2,0.00029398064583763435,1.1331007037489933
a7ff24r_a03780c9c21b21b0,L1_cross_sectional_relative_return,4,sign_flip,recent_oos_2026JanApr,3.615572657719615e-05,0.8377759974633627
a7ff24r_a03780c9c21b21b0,L1_cross_sectional_relative_return,4,same_family_placebo,validation_2025H1,-0.00011872631447449262,0.2806439602812855
a7ff24r_a03780c9c21b21b0,L1_cross_sectional_relative_return,4,same_family_placebo,test_2025H2,-0.00026628211675055444,1.026341217212195
a7ff24r_a03780c9c21b21b0,L1_cross_sectional_relative_return,4,same_family_placebo,recent_oos_2026JanApr,0.0003054009542663003,7.076543975417853
a7ff24r_a03780c9c21b21b0,L3_liquidity_tier_relative_return,4,one_bar_lag,validation_2025H1,0.0005912792891416857,1.3322233945990902
a7ff24r_a03780c9c21b21b0,L3_liquidity_tier_relative_return,4,one_bar_lag,test_2025H2,-0.00015873604827055154,0.756535960706718
a7ff24r_a03780c9c21b21b0,L3_liquidity_tier_relative_return,4,one_bar_lag,recent_oos_2026JanApr,-0.0003880702442435874,5.715231143766085
a7ff24r_a03780c9c21b21b0,L3_liquidity_tier_relative_return,4,wrong_lag_future_24h,validation_2025H1,0.0002651355085872034,0.5973822079774551
a7ff24r_a03780c9c21b21b0,L3_liquidity_tier_relative_return,4,wrong_lag_future_24h,test_2025H2,-0.00014617659408788027,0.6966776056603302
a7ff24r_a03780c9c21b21b0,L3_liquidity_tier_relative_return,4,wrong_lag_future_24h,recent_oos_2026JanApr,0.0001901875518049362,2.8009512075600433
a7ff24r_a03780c9c21b21b0,L3_liquidity_tier_relative_return,4,wrong_lag_stale_168h,validation_2025H1,0.00014347210146148766,0.3232599104168637
a7ff24r_a03780c9c21b21b0,L3_liquidity_tier_relative_return,4,wrong_lag_stale_168h,test_2025H2,-0.00023463332932926198,1.1182623805487544
a7ff24r_a03780c9c21b21b0,L3_liquidity_tier_relative_return,4,wrong_lag_stale_168h,recent_oos_2026JanApr,0.0002530264277725611,3.7263988714731693
a7ff24r_a03780c9c21b21b0,L3_liquidity_tier_relative_return,4,time_shuffle,validation_2025H1,-0.00017881880387243918,0.4029002846673438
a7ff24r_a03780c9c21b21b0,L3_liquidity_tier_relative_return,4,time_shuffle,test_2025H2,-0.00031648578286405394,1.5083711507104087
a7ff24r_a03780c9c21b21b0,L3_liquidity_tier_relative_return,4,time_shuffle,recent_oos_2026JanApr,6.403256846399433e-05,0.9430275444438478
a7ff24r_a03780c9c21b21b0,L3_liquidity_tier_relative_return,4,symbol_shuffle,validation_2025H1,-0.00022226585698465934,0.5007917238660862
a7ff24r_a03780c9c21b21b0,L3_liquidity_tier_relative_return,4,symbol_shuffle,test_2025H2,1.3558734373856874e-05,0.06462092415208498
a7ff24r_a03780c9c21b21b0,L3_liquidity_tier_relative_return,4,symbol_shuffle,recent_oos_2026JanApr,-0.0003417707920932425,5.0333647167620486
a7ff24r_a03780c9c21b21b0,L3_liquidity_tier_relative_return,4,sign_flip,validation_2025H1,-0.00030469823619801384,0.6865217943711928
a7ff24r_a03780c9c21b21b0,L3_liquidity_tier_relative_return,4,sign_flip,test_2025H2,0.00023028530455189756,1.097539695702062
a7ff24r_a03780c9c21b21b0,L3_liquidity_tier_relative_return,4,sign_flip,recent_oos_2026JanApr,1.2641433661034145e-05,0.1861743239351419
a7ff24r_a03780c9c21b21b0,L3_liquidity_tier_relative_return,4,same_family_placebo,validation_2025H1,7.462704814180219e-05,0.16814372028606245
a7ff24r_a03780c9c21b21b0,L3_liquidity_tier_relative_return,4,same_family_placebo,test_2025H2,-7.674619614573361e-05,0.3657723489042547
a7ff24r_a03780c9c21b21b0,L3_liquidity_tier_relative_return,4,same_family_placebo,recent_oos_2026JanApr,-0.00022946721470308711,3.3794350156904964
a7ff24r_a03780c9c21b21b0,L5_vol_adjusted_return,4,one_bar_lag,validation_2025H1,0.03654827874051638,1.5385034297242495
a7ff24r_a03780c9c21b21b0,L5_vol_adjusted_return,4,one_bar_lag,test_2025H2,-0.025815776128570857,0.8735271872657979
a7ff24r_a03780c9c21b21b0,L5_vol_adjusted_return,4,one_bar_lag,recent_oos_2026JanApr,-0.009101021635911926,0.8061680325068189
a7ff24r_a03780c9c21b21b0,L5_vol_adjusted_return,4,wrong_lag_future_24h,validation_2025H1,0.012933241032807751,0.5444260679879007
a7ff24r_a03780c9c21b21b0,L5_vol_adjusted_return,4,wrong_lag_future_24h,test_2025H2,0.001112571144337532,0.037646016819563116
a7ff24r_a03780c9c21b21b0,L5_vol_adjusted_return,4,wrong_lag_future_24h,recent_oos_2026JanApr,-0.015358571739982715,1.3604615016933816
a7ff24r_a03780c9c21b21b0,L5_vol_adjusted_return,4,wrong_lag_stale_168h,validation_2025H1,0.01231300966794102,0.5183173669777985
a7ff24r_a03780c9c21b21b0,L5_vol_adjusted_return,4,wrong_lag_stale_168h,test_2025H2,-0.028937313251242623,0.9791504902078889
a7ff24r_a03780c9c21b21b0,L5_vol_adjusted_return,4,wrong_lag_stale_168h,recent_oos_2026JanApr,0.041577951319166764,3.6829728080608355
a7ff24r_a03780c9c21b21b0,L5_vol_adjusted_return,4,time_shuffle,validation_2025H1,0.014203183906290351,0.5978844395921675
a7ff24r_a03780c9c21b21b0,L5_vol_adjusted_return,4,time_shuffle,test_2025H2,0.019066783343755642,0.645161839858241
a7ff24r_a03780c9c21b21b0,L5_vol_adjusted_return,4,time_shuffle,recent_oos_2026JanApr,-0.03638377413935314,3.222872858290461
a7ff24r_a03780c9c21b21b0,L5_vol_adjusted_return,4,symbol_shuffle,validation_2025H1,-0.004626110966875776,0.1947366013965884
a7ff24r_a03780c9c21b21b0,L5_vol_adjusted_return,4,symbol_shuffle,test_2025H2,0.03662312400502361,1.2392149026110189
a7ff24r_a03780c9c21b21b0,L5_vol_adjusted_return,4,symbol_shuffle,recent_oos_2026JanApr,0.035414101403504844,3.1369792967863632
a7ff24r_a03780c9c21b21b0,L5_vol_adjusted_return,4,sign_flip,validation_2025H1,-0.010714863874382268,0.451043260800431
a7ff24r_a03780c9c21b21b0,L5_vol_adjusted_return,4,sign_flip,test_2025H2,0.03321690859047862,1.123958953865944
a7ff24r_a03780c9c21b21b0,L5_vol_adjusted_return,4,sign_flip,recent_oos_2026JanApr,-0.012631076103793212,1.1188600772970858
a7ff24r_a03780c9c21b21b0,L5_vol_adjusted_return,4,same_family_placebo,validation_2025H1,-0.015382077159376145,0.6475100683674188
a7ff24r_a03780c9c21b21b0,L5_vol_adjusted_return,4,same_family_placebo,test_2025H2,0.01890941070394088,0.6398368293404343
a7ff24r_a03780c9c21b21b0,L5_vol_adjusted_return,4,same_family_placebo,recent_oos_2026JanApr,-0.014307740666209611,1.2673789387536434
a7ff24r_a03780c9c21b21b0,L7_ranked_future_return,4,one_bar_lag,validation_2025H1,0.007209063987171528,3.217096483318301
a7ff24r_a03780c9c21b21b0,L7_ranked_future_return,4,one_bar_lag,test_2025H2,0.001511823013656114,0.35242581252943955
a7ff24r_a03780c9c21b21b0,L7_ranked_future_return,4,one_bar_lag,recent_oos_2026JanApr,-0.0017315849368921999,0.703648963773114
a7ff24r_a03780c9c21b21b0,L7_ranked_future_return,4,wrong_lag_future_24h,validation_2025H1,0.013843142199462031,6.177601442741202
a7ff24r_a03780c9c21b21b0,L7_ranked_future_return,4,wrong_lag_future_24h,test_2025H2,0.0004215807986757682,0.09827602449364052
a7ff24r_a03780c9c21b21b0,L7_ranked_future_return,4,wrong_lag_future_24h,recent_oos_2026JanApr,-0.008349579065797641,3.3929451177455903
a7ff24r_a03780c9c21b21b0,L7_ranked_future_return,4,wrong_lag_stale_168h,validation_2025H1,0.004054078082971239,1.8091614066726764
a7ff24r_a03780c9c21b21b0,L7_ranked_future_return,4,wrong_lag_stale_168h,test_2025H2,-0.00016884246327333082,0.03935939707960473
a7ff24r_a03780c9c21b21b0,L7_ranked_future_return,4,wrong_lag_stale_168h,recent_oos_2026JanApr,0.0007726825987999175,0.3139882418629094
a7ff24r_a03780c9c21b21b0,L7_ranked_future_return,4,time_shuffle,validation_2025H1,0.004311706811706812,1.9241300737134808
a7ff24r_a03780c9c21b21b0,L7_ranked_future_return,4,time_shuffle,test_2025H2,0.0018645670318205537,0.4346550788480296
a7ff24r_a03780c9c21b21b0,L7_ranked_future_return,4,time_shuffle,recent_oos_2026JanApr,-0.0003091815591815605,0.12563939492700998
a7ff24r_a03780c9c21b21b0,L7_ranked_future_return,4,symbol_shuffle,validation_2025H1,0.004837267871922201,2.158665464382324
a7ff24r_a03780c9c21b21b0,L7_ranked_future_return,4,symbol_shuffle,test_2025H2,-0.0007914338919925534,0.18449364107395255
a7ff24r_a03780c9c21b21b0,L7_ranked_future_return,4,symbol_shuffle,recent_oos_2026JanApr,-2.9824255121043307e-05,0.012119420632574832
a7ff24r_a03780c9c21b21b0,L7_ranked_future_return,4,sign_flip,validation_2025H1,0.0012176216894268566,0.5433724075743906
a7ff24r_a03780c9c21b21b0,L7_ranked_future_return,4,sign_flip,test_2025H2,0.0038903275656941867,0.906886481394254
a7ff24r_a03780c9c21b21b0,L7_ranked_future_return,4,sign_flip,recent_oos_2026JanApr,-0.007188534554107179,2.92114165599238
a7ff24r_a03780c9c21b21b0,L7_ranked_future_return,4,same_family_placebo,validation_2025H1,0.005779762828470929,2.579260595130746
a7ff24r_a03780c9c21b21b0,L7_ranked_future_return,4,same_family_placebo,test_2025H2,-0.0028556118094351336,0.6656806406029206
a7ff24r_a03780c9c21b21b0,L7_ranked_future_return,4,same_family_placebo,recent_oos_2026JanApr,0.0047609695065176936,1.9346733668341718
a7ff24r_a03780c9c21b21b0,L0_raw_forward_return,8,one_bar_lag,validation_2025H1,-0.0005658684176670292,1.0812652855056817
a7ff24r_a03780c9c21b21b0,L0_raw_forward_return,8,one_bar_lag,test_2025H2,0.0005352594787477475,0.8657009754333886
a7ff24r_a03780c9c21b21b0,L0_raw_forward_return,8,one_bar_lag,recent_oos_2026JanApr,-0.00036253502087781243,0.4825799906041565
a7ff24r_a03780c9c21b21b0,L0_raw_forward_return,8,wrong_lag_future_24h,validation_2025H1,-0.0003746701075431453,0.7159222323686294
a7ff24r_a03780c9c21b21b0,L0_raw_forward_return,8,wrong_lag_future_24h,test_2025H2,-0.0004588539947988452,0.7421267005083168
a7ff24r_a03780c9c21b21b0,L0_raw_forward_return,8,wrong_lag_future_24h,recent_oos_2026JanApr,-0.001085411517848083,1.4448200861160674
a7ff24r_a03780c9c21b21b0,L0_raw_forward_return,8,wrong_lag_stale_168h,validation_2025H1,-5.835738303688044e-05,0.11150969105306463
a7ff24r_a03780c9c21b21b0,L0_raw_forward_return,8,wrong_lag_stale_168h,test_2025H2,0.00021853693516673978,0.3534503272780501
a7ff24r_a03780c9c21b21b0,L0_raw_forward_return,8,wrong_lag_stale_168h,recent_oos_2026JanApr,-0.0004141613448619495,0.5513011609972063
a7ff24r_a03780c9c21b21b0,L0_raw_forward_return,8,time_shuffle,validation_2025H1,1.618487442832863e-05,0.030926169977413154
a7ff24r_a03780c9c21b21b0,L0_raw_forward_return,8,time_shuffle,test_2025H2,0.0003140714276506972,0.5079628704737061
a7ff24r_a03780c9c21b21b0,L0_raw_forward_return,8,time_shuffle,recent_oos_2026JanApr,0.0004995747019830595,0.664997148152243
a7ff24r_a03780c9c21b21b0,L0_raw_forward_return,8,symbol_shuffle,validation_2025H1,-0.00010943730764592225,0.20911356421798039
a7ff24r_a03780c9c21b21b0,L0_raw_forward_return,8,symbol_shuffle,test_2025H2,-0.00012581325209590468,0.20348384173725362
a7ff24r_a03780c9c21b21b0,L0_raw_forward_return,8,symbol_shuffle,recent_oos_2026JanApr,-0.00055050312560527,0.7327893248461858
a7ff24r_a03780c9c21b21b0,L0_raw_forward_return,8,sign_flip,validation_2025H1,0.00036756558888719143,0.7023468689924909
a7ff24r_a03780c9c21b21b0,L0_raw_forward_return,8,sign_flip,test_2025H2,-0.0006139246030162982,0.9929298756505242
a7ff24r_a03780c9c21b21b0,L0_raw_forward_return,8,sign_flip,recent_oos_2026JanApr,0.0008129896295955642,1.0821920786067576
a7ff24r_a03780c9c21b21b0,L0_raw_forward_return,8,same_family_placebo,validation_2025H1,-0.00025939684685901944,0.4956572887291453
a7ff24r_a03780c9c21b21b0,L0_raw_forward_return,8,same_family_placebo,test_2025H2,9.723990563664334e-05,0.15727079015515158
a7ff24r_a03780c9c21b21b0,L0_raw_forward_return,8,same_family_placebo,recent_oos_2026JanApr,0.0003574849128390751,0.4758576577272309
a7ff24r_a03780c9c21b21b0,L1_cross_sectional_relative_return,8,one_bar_lag,validation_2025H1,-0.0005658684176670292,1.0812652855056817
a7ff24r_a03780c9c21b21b0,L1_cross_sectional_relative_return,8,one_bar_lag,test_2025H2,0.0005352594787477473,0.8657009754333884
a7ff24r_a03780c9c21b21b0,L1_cross_sectional_relative_return,8,one_bar_lag,recent_oos_2026JanApr,-0.00036253502087781227,0.4825799906041563
a7ff24r_a03780c9c21b21b0,L1_cross_sectional_relative_return,8,wrong_lag_future_24h,validation_2025H1,-0.0003746701075431452,0.7159222323686292
a7ff24r_a03780c9c21b21b0,L1_cross_sectional_relative_return,8,wrong_lag_future_24h,test_2025H2,-0.0004588539947988451,0.7421267005083165
a7ff24r_a03780c9c21b21b0,L1_cross_sectional_relative_return,8,wrong_lag_future_24h,recent_oos_2026JanApr,-0.0010854115178480833,1.4448200861160676
a7ff24r_a03780c9c21b21b0,L1_cross_sectional_relative_return,8,wrong_lag_stale_168h,validation_2025H1,-5.835738303688066e-05,0.11150969105306503
a7ff24r_a03780c9c21b21b0,L1_cross_sectional_relative_return,8,wrong_lag_stale_168h,test_2025H2,0.00021853693516673975,0.35345032727805004
a7ff24r_a03780c9c21b21b0,L1_cross_sectional_relative_return,8,wrong_lag_stale_168h,recent_oos_2026JanApr,-0.0004141613448619495,0.5513011609972063
a7ff24r_a03780c9c21b21b0,L1_cross_sectional_relative_return,8,time_shuffle,validation_2025H1,4.889975462371811e-05,0.09343798928090111
a7ff24r_a03780c9c21b21b0,L1_cross_sectional_relative_return,8,time_shuffle,test_2025H2,0.00012954714862920566,0.20952285272050303
a7ff24r_a03780c9c21b21b0,L1_cross_sectional_relative_return,8,time_shuffle,recent_oos_2026JanApr,-0.0006200610652245447,0.8253797448465405
a7ff24r_a03780c9c21b21b0,L1_cross_sectional_relative_return,8,symbol_shuffle,validation_2025H1,0.00017731803434243565,0.338820526190591
a7ff24r_a03780c9c21b21b0,L1_cross_sectional_relative_return,8,symbol_shuffle,test_2025H2,-0.00018873406213712384,0.3052487030624144
a7ff24r_a03780c9c21b21b0,L1_cross_sectional_relative_return,8,symbol_shuffle,recent_oos_2026JanApr,8.089284551420891e-05,0.10767861414786575
a7ff24r_a03780c9c21b21b0,L1_cross_sectional_relative_return,8,sign_flip,validation_2025H1,0.00036756558888719143,0.7023468689924909
a7ff24r_a03780c9c21b21b0,L1_cross_sectional_relative_return,8,sign_flip,test_2025H2,-0.0006139246030162981,0.9929298756505239
a7ff24r_a03780c9c21b21b0,L1_cross_sectional_relative_return,8,sign_flip,recent_oos_2026JanApr,0.0008129896295955641,1.0821920786067574
a7ff24r_a03780c9c21b21b0,L1_cross_sectional_relative_return,8,same_family_placebo,validation_2025H1,-5.408984339189756e-05,0.10335524678903711
a7ff24r_a03780c9c21b21b0,L1_cross_sectional_relative_return,8,same_family_placebo,test_2025H2,0.00016738839366495554,0.2707253237457775
a7ff24r_a03780c9c21b21b0,L1_cross_sectional_relative_return,8,same_family_placebo,recent_oos_2026JanApr,-0.0001618911158558498,0.21549756208226717
a7ff24r_a03780c9c21b21b0,L3_liquidity_tier_relative_return,8,one_bar_lag,validation_2025H1,-0.000482230515192235,1.129910140404678
a7ff24r_a03780c9c21b21b0,L3_liquidity_tier_relative_return,8,one_bar_lag,test_2025H2,0.0005387724443256816,0.9285031982421873
a7ff24r_a03780c9c21b21b0,L3_liquidity_tier_relative_return,8,one_bar_lag,recent_oos_2026JanApr,-0.00023380738519634346,0.4006660549090455
a7ff24r_a03780c9c21b21b0,L3_liquidity_tier_relative_return,8,wrong_lag_future_24h,validation_2025H1,-0.00030855614321529035,0.7229752247514523
a7ff24r_a03780c9c21b21b0,L3_liquidity_tier_relative_return,8,wrong_lag_future_24h,test_2025H2,-0.00045697445739845957,0.787535163830636
a7ff24r_a03780c9c21b21b0,L3_liquidity_tier_relative_return,8,wrong_lag_future_24h,recent_oos_2026JanApr,-0.0010079762551929515,1.727327258165963
a7ff24r_a03780c9c21b21b0,L3_liquidity_tier_relative_return,8,wrong_lag_stale_168h,validation_2025H1,-4.5279802968183526e-05,0.10609471387118936
a7ff24r_a03780c9c21b21b0,L3_liquidity_tier_relative_return,8,wrong_lag_stale_168h,test_2025H2,0.00025063269071067267,0.43193236283671577
a7ff24r_a03780c9c21b21b0,L3_liquidity_tier_relative_return,8,wrong_lag_stale_168h,recent_oos_2026JanApr,-0.0003661856763307916,0.6275172624528091
a7ff24r_a03780c9c21b21b0,L3_liquidity_tier_relative_return,8,time_shuffle,validation_2025H1,0.0004093174351522265,0.9590681345384552
a7ff24r_a03780c9c21b21b0,L3_liquidity_tier_relative_return,8,time_shuffle,test_2025H2,0.00028711152941481927,0.49479882670598996
a7ff24r_a03780c9c21b21b0,L3_liquidity_tier_relative_return,8,time_shuffle,recent_oos_2026JanApr,-0.000856748175015693,1.4681739460273926
a7ff24r_a03780c9c21b21b0,L3_liquidity_tier_relative_return,8,symbol_shuffle,validation_2025H1,-0.000111957539088333,0.2623267394437538
a7ff24r_a03780c9c21b21b0,L3_liquidity_tier_relative_return,8,symbol_shuffle,test_2025H2,-0.00029085614834978144,0.5012521832091464
a7ff24r_a03780c9c21b21b0,L3_liquidity_tier_relative_return,8,symbol_shuffle,recent_oos_2026JanApr,-0.0011718510405613366,2.008152706418931
a7ff24r_a03780c9c21b21b0,L3_liquidity_tier_relative_return,8,sign_flip,validation_2025H1,0.00026267882055287935,0.6154804676637319
a7ff24r_a03780c9c21b21b0,L3_liquidity_tier_relative_return,8,sign_flip,test_2025H2,-0.000581110384268623,1.0014670497866138
a7ff24r_a03780c9c21b21b0,L3_liquidity_tier_relative_return,8,sign_flip,recent_oos_2026JanApr,0.0007246865383192063,1.2418653761095573
a7ff24r_a03780c9c21b21b0,L3_liquidity_tier_relative_return,8,same_family_placebo,validation_2025H1,0.00014881480278221707,0.34868667454385294
a7ff24r_a03780c9c21b21b0,L3_liquidity_tier_relative_return,8,same_family_placebo,test_2025H2,-2.6744431921122955e-05,0.04609049856848708
a7ff24r_a03780c9c21b21b0,L3_liquidity_tier_relative_return,8,same_family_placebo,recent_oos_2026JanApr,-0.0006071363311968562,1.04042444342943
a7ff24r_a03780c9c21b21b0,L5_vol_adjusted_return,8,one_bar_lag,validation_2025H1,-0.04229320193697261,1.3425744457336741
a7ff24r_a03780c9c21b21b0,L5_vol_adjusted_return,8,one_bar_lag,test_2025H2,0.019887105495277807,0.44585032356343246
a7ff24r_a03780c9c21b21b0,L5_vol_adjusted_return,8,one_bar_lag,recent_oos_2026JanApr,-0.10081747780636549,0.9808355873887754
a7ff24r_a03780c9c21b21b0,L5_vol_adjusted_return,8,wrong_lag_future_24h,validation_2025H1,-0.0018689075717524832,0.059327443474540206
a7ff24r_a03780c9c21b21b0,L5_vol_adjusted_return,8,wrong_lag_future_24h,test_2025H2,-0.06246484136175652,1.4004033789175905
a7ff24r_a03780c9c21b21b0,L5_vol_adjusted_return,8,wrong_lag_future_24h,recent_oos_2026JanApr,-0.11784397779519112,1.1464834242627537
a7ff24r_a03780c9c21b21b0,L5_vol_adjusted_return,8,wrong_lag_stale_168h,validation_2025H1,-0.004768633319757241,0.15137764328463818
a7ff24r_a03780c9c21b21b0,L5_vol_adjusted_return,8,wrong_lag_stale_168h,test_2025H2,0.036758712945005954,0.8240959984949936
a7ff24r_a03780c9c21b21b0,L5_vol_adjusted_return,8,wrong_lag_stale_168h,recent_oos_2026JanApr,-0.036369859775325065,0.353835997013268
a7ff24r_a03780c9c21b21b0,L5_vol_adjusted_return,8,time_shuffle,validation_2025H1,-0.025213318801765465,0.8003829448957953
a7ff24r_a03780c9c21b21b0,L5_vol_adjusted_return,8,time_shuffle,test_2025H2,-0.014624417065368506,0.3278657661905287
a7ff24r_a03780c9c21b21b0,L5_vol_adjusted_return,8,time_shuffle,recent_oos_2026JanApr,0.04402641662898493,0.4283252978997545
a7ff24r_a03780c9c21b21b0,L5_vol_adjusted_return,8,symbol_shuffle,validation_2025H1,-0.016647136524919417,0.5284541975872051
a7ff24r_a03780c9c21b21b0,L5_vol_adjusted_return,8,symbol_shuffle,test_2025H2,0.020810958074817365,0.4665622351893063
a7ff24r_a03780c9c21b21b0,L5_vol_adjusted_return,8,symbol_shuffle,recent_oos_2026JanApr,0.01397815433637671,0.13599101581834414
a7ff24r_a03780c9c21b21b0,L5_vol_adjusted_return,8,sign_flip,validation_2025H1,0.016416879964508607,0.5211448296554326
a7ff24r_a03780c9c21b21b0,L5_vol_adjusted_return,8,sign_flip,test_2025H2,-0.04443838381647251,0.9962670438850357
a7ff24r_a03780c9c21b21b0,L5_vol_adjusted_return,8,sign_flip,recent_oos_2026JanApr,0.09269538616706126,0.9018171800927397
a7ff24r_a03780c9c21b21b0,L5_vol_adjusted_return,8,same_family_placebo,validation_2025H1,-0.0018470773975021446,0.058634456593620314
a7ff24r_a03780c9c21b21b0,L5_vol_adjusted_return,8,same_family_placebo,test_2025H2,0.02514858970936927,0.5638078835428668
a7ff24r_a03780c9c21b21b0,L5_vol_adjusted_return,8,same_family_placebo,recent_oos_2026JanApr,0.025389877787154045,0.24701367495944335
a7ff24r_a03780c9c21b21b0,L7_ranked_future_return,8,one_bar_lag,validation_2025H1,-0.01365431882022472,1.4936915950172942
a7ff24r_a03780c9c21b21b0,L7_ranked_future_return,8,one_bar_lag,test_2025H2,0.007303614622347066,0.9129507147429059
a7ff24r_a03780c9c21b21b0,L7_ranked_future_return,8,one_bar_lag,recent_oos_2026JanApr,-0.0017411503849354955,0.631582050828468
a7ff24r_a03780c9c21b21b0,L7_ranked_future_return,8,wrong_lag_future_24h,validation_2025H1,-0.008753950140449438,0.9576238785798756
a7ff24r_a03780c9c21b21b0,L7_ranked_future_return,8,wrong_lag_future_24h,test_2025H2,-0.0045216916354556816,0.5652107653387791
a7ff24r_a03780c9c21b21b0,L7_ranked_future_return,8,wrong_lag_future_24h,recent_oos_2026JanApr,0.003041770703287558,1.1033669438056493
a7ff24r_a03780c9c21b21b0,L7_ranked_future_return,8,wrong_lag_stale_168h,validation_2025H1,-0.0017439951362879747,0.19078145978002847
a7ff24r_a03780c9c21b21b0,L7_ranked_future_return,8,wrong_lag_stale_168h,test_2025H2,-0.002455020417186851,0.306877178010099
a7ff24r_a03780c9c21b21b0,L7_ranked_future_return,8,wrong_lag_stale_168h,recent_oos_2026JanApr,-0.0005304242093216795,0.19240521257149532
a7ff24r_a03780c9c21b21b0,L7_ranked_future_return,8,time_shuffle,validation_2025H1,0.004977827195172701,0.544541162453654
a7ff24r_a03780c9c21b21b0,L7_ranked_future_return,8,time_shuffle,test_2025H2,-0.005089092696775539,0.6361358115334237
a7ff24r_a03780c9c21b21b0,L7_ranked_future_return,8,time_shuffle,recent_oos_2026JanApr,0.0008221499453039535,0.298225330239249
a7ff24r_a03780c9c21b21b0,L7_ranked_future_return,8,symbol_shuffle,validation_2025H1,-0.00013979920932168067,0.015293102988378963
a7ff24r_a03780c9c21b21b0,L7_ranked_future_return,8,symbol_shuffle,test_2025H2,-0.0007363842072409473,0.09204791368222114
a7ff24r_a03780c9c21b21b0,L7_ranked_future_return,8,symbol_shuffle,recent_oos_2026JanApr,0.0034122386079900122,1.2377498673270828
a7ff24r_a03780c9c21b21b0,L7_ranked_future_return,8,sign_flip,validation_2025H1,0.006246017348106533,0.6832727240395132
a7ff24r_a03780c9c21b21b0,L7_ranked_future_return,8,sign_flip,test_2025H2,-0.006792616000832292,0.8490759649283224
a7ff24r_a03780c9c21b21b0,L7_ranked_future_return,8,sign_flip,recent_oos_2026JanApr,0.006867148486267166,2.490978241641606
a7ff24r_a03780c9c21b21b0,L7_ranked_future_return,8,same_family_placebo,validation_2025H1,0.0009813579379941734,0.10735402644284199
a7ff24r_a03780c9c21b21b0,L7_ranked_future_return,8,same_family_placebo,test_2025H2,-0.011382337832917188,1.422790494478141
a7ff24r_a03780c9c21b21b0,L7_ranked_future_return,8,same_family_placebo,recent_oos_2026JanApr,-0.0022106156367041195,0.801875110560764
a7ff24r_a03780c9c21b21b0,L0_raw_forward_return,24,one_bar_lag,validation_2025H1,-0.0014698484352011296,0.9143708307739234
a7ff24r_a03780c9c21b21b0,L0_raw_forward_return,24,one_bar_lag,test_2025H2,0.0009750879188248524,0.7803160554347617
a7ff24r_a03780c9c21b21b0,L0_raw_forward_return,24,one_bar_lag,recent_oos_2026JanApr,0.0014860849534616238,1.002844270428056
a7ff24r_a03780c9c21b21b0,L0_raw_forward_return,24,wrong_lag_future_24h,validation_2025H1,0.0007131961437093421,0.4436687040722227
a7ff24r_a03780c9c21b21b0,L0_raw_forward_return,24,wrong_lag_future_24h,test_2025H2,-0.00044674418063643534,0.3575079232268434
a7ff24r_a03780c9c21b21b0,L0_raw_forward_return,24,wrong_lag_future_24h,recent_oos_2026JanApr,-0.0004401804782781527,0.29704390019377597
a7ff24r_a03780c9c21b21b0,L0_raw_forward_return,24,wrong_lag_stale_168h,validation_2025H1,2.6177057690922694e-05,0.016284357907140702
a7ff24r_a03780c9c21b21b0,L0_raw_forward_return,24,wrong_lag_stale_168h,test_2025H2,0.0003950633290304256,0.3161502184618083
a7ff24r_a03780c9c21b21b0,L0_raw_forward_return,24,wrong_lag_stale_168h,recent_oos_2026JanApr,-0.0007371797316347574,0.497465820122577
a7ff24r_a03780c9c21b21b0,L0_raw_forward_return,24,time_shuffle,validation_2025H1,0.00019988059063516409,0.12434273992994962
a7ff24r_a03780c9c21b21b0,L0_raw_forward_return,24,time_shuffle,test_2025H2,6.797733465513503e-05,0.054398997888303796
a7ff24r_a03780c9c21b21b0,L0_raw_forward_return,24,time_shuffle,recent_oos_2026JanApr,0.001071499325612498,0.7230723633632217
a7ff24r_a03780c9c21b21b0,L0_raw_forward_return,24,symbol_shuffle,validation_2025H1,0.00019046885667907044,0.11848784034278308
a7ff24r_a03780c9c21b21b0,L0_raw_forward_return,24,symbol_shuffle,test_2025H2,-0.00023383410504051075,0.18712620979986092
a7ff24r_a03780c9c21b21b0,L0_raw_forward_return,24,symbol_shuffle,recent_oos_2026JanApr,8.177471097200038e-05,0.05518345379458726
a7ff24r_a03780c9c21b21b0,L0_raw_forward_return,24,sign_flip,validation_2025H1,0.0013481635606558292,0.8386724817700808
a7ff24r_a03780c9c21b21b0,L0_raw_forward_return,24,sign_flip,test_2025H2,-0.0012882320500542915,1.0309102721675323
a7ff24r_a03780c9c21b21b0,L0_raw_forward_return,24,sign_flip,recent_oos_2026JanApr,-0.0010655526888563168,0.7190594362520482
a7ff24r_a03780c9c21b21b0,L0_raw_forward_return,24,same_family_placebo,validation_2025H1,-5.835919383692821e-05,0.036304385727135596
a7ff24r_a03780c9c21b21b0,L0_raw_forward_return,24,same_family_placebo,test_2025H2,-0.000440066384732592,0.35216400371139567
a7ff24r_a03780c9c21b21b0,L0_raw_forward_return,24,same_family_placebo,recent_oos_2026JanApr,0.00027115643243092965,0.1829825906114272
a7ff24r_a03780c9c21b21b0,L1_cross_sectional_relative_return,24,one_bar_lag,validation_2025H1,-0.0014698484352011296,0.9143708307739236
a7ff24r_a03780c9c21b21b0,L1_cross_sectional_relative_return,24,one_bar_lag,test_2025H2,0.0009750879188248525,0.7803160554347616
a7ff24r_a03780c9c21b21b0,L1_cross_sectional_relative_return,24,one_bar_lag,recent_oos_2026JanApr,0.0014860849534616232,1.0028442704280551
a7ff24r_a03780c9c21b21b0,L1_cross_sectional_relative_return,24,wrong_lag_future_24h,validation_2025H1,0.0007131961437093422,0.44366870407222286
a7ff24r_a03780c9c21b21b0,L1_cross_sectional_relative_return,24,wrong_lag_future_24h,test_2025H2,-0.00044674418063643523,0.35750792322684327
a7ff24r_a03780c9c21b21b0,L1_cross_sectional_relative_return,24,wrong_lag_future_24h,recent_oos_2026JanApr,-0.0004401804782781525,0.29704390019377575
a7ff24r_a03780c9c21b21b0,L1_cross_sectional_relative_return,24,wrong_lag_stale_168h,validation_2025H1,2.6177057690922952e-05,0.016284357907140865
a7ff24r_a03780c9c21b21b0,L1_cross_sectional_relative_return,24,wrong_lag_stale_168h,test_2025H2,0.0003950633290304254,0.3161502184618081
a7ff24r_a03780c9c21b21b0,L1_cross_sectional_relative_return,24,wrong_lag_stale_168h,recent_oos_2026JanApr,-0.0007371797316347569,0.4974658201225765
a7ff24r_a03780c9c21b21b0,L1_cross_sectional_relative_return,24,time_shuffle,validation_2025H1,0.0001296095887086496,0.08062819571432735
a7ff24r_a03780c9c21b21b0,L1_cross_sectional_relative_return,24,time_shuffle,test_2025H2,0.0001488527059281438,0.11911967535258043
a7ff24r_a03780c9c21b21b0,L1_cross_sectional_relative_return,24,time_shuffle,recent_oos_2026JanApr,0.001757995240489106,1.1863355794415684
a7ff24r_a03780c9c21b21b0,L1_cross_sectional_relative_return,24,symbol_shuffle,validation_2025H1,-0.0007544518845183659,0.46933328627969295
a7ff24r_a03780c9c21b21b0,L1_cross_sectional_relative_return,24,symbol_shuffle,test_2025H2,0.00016851222900012269,0.13485224797407627
a7ff24r_a03780c9c21b21b0,L1_cross_sectional_relative_return,24,symbol_shuffle,recent_oos_2026JanApr,-0.0006469378584412922,0.43656853072202256
a7ff24r_a03780c9c21b21b0,L1_cross_sectional_relative_return,24,sign_flip,validation_2025H1,0.001348163560655829,0.8386724817700808
a7ff24r_a03780c9c21b21b0,L1_cross_sectional_relative_return,24,sign_flip,test_2025H2,-0.0012882320500542915,1.030910272167532
a7ff24r_a03780c9c21b21b0,L1_cross_sectional_relative_return,24,sign_flip,recent_oos_2026JanApr,-0.001065552688856317,0.719059436252048
a7ff24r_a03780c9c21b21b0,L1_cross_sectional_relative_return,24,same_family_placebo,validation_2025H1,-8.268764424590526e-05,0.05143875256330165
a7ff24r_a03780c9c21b21b0,L1_cross_sectional_relative_return,24,same_family_placebo,test_2025H2,0.00013690072563656353,0.10955507924210893
a7ff24r_a03780c9c21b21b0,L1_cross_sectional_relative_return,24,same_family_placebo,recent_oos_2026JanApr,-9.807156760494623e-05,0.06618094708207932
a7ff24r_a03780c9c21b21b0,L3_liquidity_tier_relative_return,24,one_bar_lag,validation_2025H1,-0.001413178614044683,0.9104892917912992
a7ff24r_a03780c9c21b21b0,L3_liquidity_tier_relative_return,24,one_bar_lag,test_2025H2,0.000929530443790092,0.8197991972509817
a7ff24r_a03780c9c21b21b0,L3_liquidity_tier_relative_return,24,one_bar_lag,recent_oos_2026JanApr,0.001668175043377891,1.0076571517442061
a7ff24r_a03780c9c21b21b0,L3_liquidity_tier_relative_return,24,wrong_lag_future_24h,validation_2025H1,0.0007029508689427122,0.4529004560831059
a7ff24r_a03780c9c21b21b0,L3_liquidity_tier_relative_return,24,wrong_lag_future_24h,test_2025H2,-0.0003670570605016368,0.32372590435832943
a7ff24r_a03780c9c21b21b0,L3_liquidity_tier_relative_return,24,wrong_lag_future_24h,recent_oos_2026JanApr,-0.0003747919158101865,0.22639216183052277
a7ff24r_a03780c9c21b21b0,L3_liquidity_tier_relative_return,24,wrong_lag_stale_168h,validation_2025H1,1.4312686740292786e-06,0.0009221444397960481
a7ff24r_a03780c9c21b21b0,L3_liquidity_tier_relative_return,24,wrong_lag_stale_168h,test_2025H2,0.0004642318746225826,0.4094292131004738
a7ff24r_a03780c9c21b21b0,L3_liquidity_tier_relative_return,24,wrong_lag_stale_168h,recent_oos_2026JanApr,-0.0006100280127066752,0.368485964472578
a7ff24r_a03780c9c21b21b0,L3_liquidity_tier_relative_return,24,time_shuffle,validation_2025H1,0.0001051384874080952,0.06773911378846995
a7ff24r_a03780c9c21b21b0,L3_liquidity_tier_relative_return,24,time_shuffle,test_2025H2,1.2727218968714148e-05,0.011224768337061044
a7ff24r_a03780c9c21b21b0,L3_liquidity_tier_relative_return,24,time_shuffle,recent_oos_2026JanApr,0.0011973937338781524,0.7232828258555221
a7ff24r_a03780c9c21b21b0,L3_liquidity_tier_relative_return,24,symbol_shuffle,validation_2025H1,-0.0005056389372399058,0.32577540679872646
a7ff24r_a03780c9c21b21b0,L3_liquidity_tier_relative_return,24,symbol_shuffle,test_2025H2,-0.00033805901697058107,0.29815108540815327
a7ff24r_a03780c9c21b21b0,L3_liquidity_tier_relative_return,24,symbol_shuffle,recent_oos_2026JanApr,-0.00025940487585861857,0.15669289586479093
a7ff24r_a03780c9c21b21b0,L3_liquidity_tier_relative_return,24,sign_flip,validation_2025H1,0.0012845999560261484,0.8276480358344853
a7ff24r_a03780c9c21b21b0,L3_liquidity_tier_relative_return,24,sign_flip,test_2025H2,-0.001206928308896342,1.064450191365806
a7ff24r_a03780c9c21b21b0,L3_liquidity_tier_relative_return,24,sign_flip,recent_oos_2026JanApr,-0.0011433814313302141,0.6906568234700681
a7ff24r_a03780c9c21b21b0,L3_liquidity_tier_relative_return,24,same_family_placebo,validation_2025H1,0.000307959132165351,0.19841334234699073
a7ff24r_a03780c9c21b21b0,L3_liquidity_tier_relative_return,24,same_family_placebo,test_2025H2,0.0004037446689795795,0.3560825336438009
a7ff24r_a03780c9c21b21b0,L3_liquidity_tier_relative_return,24,same_family_placebo,recent_oos_2026JanApr,-0.0002495300688165561,0.15072804224974123
a7ff24r_a03780c9c21b21b0,L5_vol_adjusted_return,24,one_bar_lag,validation_2025H1,-0.11784643772932962,0.9148681652507769
a7ff24r_a03780c9c21b21b0,L5_vol_adjusted_return,24,one_bar_lag,test_2025H2,0.02192410528434979,0.41415546296142675
a7ff24r_a03780c9c21b21b0,L5_vol_adjusted_return,24,one_bar_lag,recent_oos_2026JanApr,-0.03332532533743753,12.170679983266803
a7ff24r_a03780c9c21b21b0,L5_vol_adjusted_return,24,wrong_lag_future_24h,validation_2025H1,0.09895428546226426,0.7682041759505148
a7ff24r_a03780c9c21b21b0,L5_vol_adjusted_return,24,wrong_lag_future_24h,test_2025H2,-0.087695239945313,1.6565995386361625
a7ff24r_a03780c9c21b21b0,L5_vol_adjusted_return,24,wrong_lag_future_24h,recent_oos_2026JanApr,-0.026401536550748117,9.642055979111543
a7ff24r_a03780c9c21b21b0,L5_vol_adjusted_return,24,wrong_lag_stale_168h,validation_2025H1,-0.0045361834877561446,0.035215403576441574
a7ff24r_a03780c9c21b21b0,L5_vol_adjusted_return,24,wrong_lag_stale_168h,test_2025H2,0.03988643517725469,0.7534713418161169
a7ff24r_a03780c9c21b21b0,L5_vol_adjusted_return,24,wrong_lag_stale_168h,recent_oos_2026JanApr,-0.1096721958845913,40.053178345839555
a7ff24r_a03780c9c21b21b0,L5_vol_adjusted_return,24,time_shuffle,validation_2025H1,-0.024583189780011852,0.19084478210285083
a7ff24r_a03780c9c21b21b0,L5_vol_adjusted_return,24,time_shuffle,test_2025H2,-0.07726472279875524,1.4595627336339807
a7ff24r_a03780c9c21b21b0,L5_vol_adjusted_return,24,time_shuffle,recent_oos_2026JanApr,-0.1281722767134638,46.80955840073534
a7ff24r_a03780c9c21b21b0,L5_vol_adjusted_return,24,symbol_shuffle,validation_2025H1,-0.009178152778935326,0.07125204592557731
a7ff24r_a03780c9c21b21b0,L5_vol_adjusted_return,24,symbol_shuffle,test_2025H2,0.016582894734884283,0.31325777527027093
a7ff24r_a03780c9c21b21b0,L5_vol_adjusted_return,24,symbol_shuffle,recent_oos_2026JanApr,0.009053461270571512,3.3063977245330163
a7ff24r_a03780c9c21b21b0,L5_vol_adjusted_return,24,sign_flip,validation_2025H1,0.10812117139118228,0.8393687548079135
a7ff24r_a03780c9c21b21b0,L5_vol_adjusted_return,24,sign_flip,test_2025H2,-0.06682826181833755,1.2624136471392549
a7ff24r_a03780c9c21b21b0,L5_vol_adjusted_return,24,sign_flip,recent_oos_2026JanApr,0.00900491475762222,3.288668142978246
a7ff24r_a03780c9c21b21b0,L5_vol_adjusted_return,24,same_family_placebo,validation_2025H1,-0.05168616208454623,0.40125119762847555
a7ff24r_a03780c9c21b21b0,L5_vol_adjusted_return,24,same_family_placebo,test_2025H2,-0.004952827064075707,0.09356096219599928
a7ff24r_a03780c9c21b21b0,L5_vol_adjusted_return,24,same_family_placebo,recent_oos_2026JanApr,0.027934832737746378,10.202028223120069
a7ff24r_a03780c9c21b21b0,L7_ranked_future_return,24,one_bar_lag,validation_2025H1,-0.011721577000851425,1.1244635877801707
a7ff24r_a03780c9c21b21b0,L7_ranked_future_return,24,one_bar_lag,test_2025H2,0.0017340324340144734,0.32132567061615014
a7ff24r_a03780c9c21b21b0,L7_ranked_future_return,24,one_bar_lag,recent_oos_2026JanApr,0.007352862920391658,0.9482205852392748
a7ff24r_a03780c9c21b21b0,L7_ranked_future_return,24,wrong_lag_future_24h,validation_2025H1,0.0019932850415070244,0.1912179947355827
a7ff24r_a03780c9c21b21b0,L7_ranked_future_return,24,wrong_lag_future_24h,test_2025H2,-0.005287323063005535,0.9797698103323423
a7ff24r_a03780c9c21b21b0,L7_ranked_future_return,24,wrong_lag_future_24h,recent_oos_2026JanApr,0.0026787496008939993,0.34544986650368337
a7ff24r_a03780c9c21b21b0,L7_ranked_future_return,24,wrong_lag_stale_168h,validation_2025H1,0.0029449865634312475,0.28251575337002477
a7ff24r_a03780c9c21b21b0,L7_ranked_future_return,24,wrong_lag_stale_168h,test_2025H2,0.003947241512345679,0.7314453877324623
a7ff24r_a03780c9c21b21b0,L7_ranked_future_return,24,wrong_lag_stale_168h,recent_oos_2026JanApr,0.00033566477756491974,0.04328711894575419
a7ff24r_a03780c9c21b21b0,L7_ranked_future_return,24,time_shuffle,validation_2025H1,0.004777057316682677,0.45826828667834857
a7ff24r_a03780c9c21b21b0,L7_ranked_future_return,24,time_shuffle,test_2025H2,-0.002223172830611592,0.4119660547744472
a7ff24r_a03780c9c21b21b0,L7_ranked_future_return,24,time_shuffle,recent_oos_2026JanApr,0.0020621531113245825,0.26593397037912303
a7ff24r_a03780c9c21b21b0,L7_ranked_future_return,24,symbol_shuffle,validation_2025H1,-0.001115002394636017,0.10696338837042371
a7ff24r_a03780c9c21b21b0,L7_ranked_future_return,24,symbol_shuffle,test_2025H2,-0.0027272243507875677,0.5053695514845228
a7ff24r_a03780c9c21b21b0,L7_ranked_future_return,24,symbol_shuffle,recent_oos_2026JanApr,-0.007133188324819072,0.919891487331253
a7ff24r_a03780c9c21b21b0,L7_ranked_future_return,24,sign_flip,validation_2025H1,0.007560231747552148,0.7252612267687644
a7ff24r_a03780c9c21b21b0,L7_ranked_future_return,24,sign_flip,test_2025H2,-0.005702393305661984,1.0566845908509623
a7ff24r_a03780c9c21b21b0,L7_ranked_future_return,24,sign_flip,recent_oos_2026JanApr,-0.0016503864676458084,0.21283280256484507
a7ff24r_a03780c9c21b21b0,L7_ranked_future_return,24,same_family_placebo,validation_2025H1,0.0010976246541081318,0.10529632288426266
a7ff24r_a03780c9c21b21b0,L7_ranked_future_return,24,same_family_placebo,test_2025H2,-0.0017204794593444017,0.31881423046700463
a7ff24r_a03780c9c21b21b0,L7_ranked_future_return,24,same_family_placebo,recent_oos_2026JanApr,-0.006651683562154107,0.8577969354821413
a7ff24r_aa4cd59292b51653,L0_raw_forward_return,1,one_bar_lag,validation_2025H1,1.3677717325244554e-05,0.39315050929194345
a7ff24r_aa4cd59292b51653,L0_raw_forward_return,1,one_bar_lag,test_2025H2,-2.392297362327703e-05,0.20329381646957775
a7ff24r_aa4cd59292b51653,L0_raw_forward_return,1,one_bar_lag,recent_oos_2026JanApr,0.0002132455931149048,1.0135315003566883
a7ff24r_aa4cd59292b51653,L0_raw_forward_return,1,wrong_lag_future_24h,validation_2025H1,6.332446503407374e-05,1.820190100934172
a7ff24r_aa4cd59292b51653,L0_raw_forward_return,1,wrong_lag_future_24h,test_2025H2,0.0001319616243674322,1.121389952086788
a7ff24r_aa4cd59292b51653,L0_raw_forward_return,1,wrong_lag_future_24h,recent_oos_2026JanApr,0.0009621609679708027,4.573039166753739
a7ff24r_aa4cd59292b51653,L0_raw_forward_return,1,wrong_lag_stale_168h,validation_2025H1,0.00010940890492610763,3.144835184843532
a7ff24r_aa4cd59292b51653,L0_raw_forward_return,1,wrong_lag_stale_168h,test_2025H2,-9.197941592999546e-05,0.7816271837902916
a7ff24r_aa4cd59292b51653,L0_raw_forward_return,1,wrong_lag_stale_168h,recent_oos_2026JanApr,0.00033227456228360647,1.579262345929
a7ff24r_aa4cd59292b51653,L0_raw_forward_return,1,time_shuffle,validation_2025H1,-1.4877067600690935e-05,0.4276244759925783
a7ff24r_aa4cd59292b51653,L0_raw_forward_return,1,time_shuffle,test_2025H2,-7.874009916344918e-05,0.6691214696050757
a7ff24r_aa4cd59292b51653,L0_raw_forward_return,1,time_shuffle,recent_oos_2026JanApr,-3.17098196138242e-05,0.1507130842883188
a7ff24r_aa4cd59292b51653,L0_raw_forward_return,1,symbol_shuffle,validation_2025H1,-1.7761441115065117e-05,0.5105325292297531
a7ff24r_aa4cd59292b51653,L0_raw_forward_return,1,symbol_shuffle,test_2025H2,5.879466484257136e-05,0.49962818135059006
a7ff24r_aa4cd59292b51653,L0_raw_forward_return,1,symbol_shuffle,recent_oos_2026JanApr,0.00031729499248918017,1.5080661930487769
a7ff24r_aa4cd59292b51653,L0_raw_forward_return,1,sign_flip,validation_2025H1,-3.348321189705484e-05,0.9624370424559716
a7ff24r_aa4cd59292b51653,L0_raw_forward_return,1,sign_flip,test_2025H2,6.57011358373637e-05,0.5583183286950507
a7ff24r_aa4cd59292b51653,L0_raw_forward_return,1,sign_flip,recent_oos_2026JanApr,-0.0001740459954232381,0.8272203720399335
a7ff24r_aa4cd59292b51653,L0_raw_forward_return,1,same_family_placebo,validation_2025H1,-2.52293390721089e-05,0.7251888066871857
a7ff24r_aa4cd59292b51653,L0_raw_forward_return,1,same_family_placebo,test_2025H2,-8.549340331407183e-06,0.07265100282424553
a7ff24r_aa4cd59292b51653,L0_raw_forward_return,1,same_family_placebo,recent_oos_2026JanApr,0.00025945333022776287,1.2331515001887463
a7ff24r_aa4cd59292b51653,L1_cross_sectional_relative_return,1,one_bar_lag,validation_2025H1,1.3677717325244495e-05,0.39315050929194123
a7ff24r_aa4cd59292b51653,L1_cross_sectional_relative_return,1,one_bar_lag,test_2025H2,-2.3922973623277082e-05,0.2032938164695782
a7ff24r_aa4cd59292b51653,L1_cross_sectional_relative_return,1,one_bar_lag,recent_oos_2026JanApr,0.00021324559311490483,1.0135315003566883
a7ff24r_aa4cd59292b51653,L1_cross_sectional_relative_return,1,wrong_lag_future_24h,validation_2025H1,6.332446503407373e-05,1.8201901009341692
a7ff24r_aa4cd59292b51653,L1_cross_sectional_relative_return,1,wrong_lag_future_24h,test_2025H2,0.0001319616243674322,1.121389952086788
a7ff24r_aa4cd59292b51653,L1_cross_sectional_relative_return,1,wrong_lag_future_24h,recent_oos_2026JanApr,0.0009621609679708028,4.5730391667537384
a7ff24r_aa4cd59292b51653,L1_cross_sectional_relative_return,1,wrong_lag_stale_168h,validation_2025H1,0.00010940890492610765,3.144835184843528
a7ff24r_aa4cd59292b51653,L1_cross_sectional_relative_return,1,wrong_lag_stale_168h,test_2025H2,-9.197941592999553e-05,0.7816271837902922
a7ff24r_aa4cd59292b51653,L1_cross_sectional_relative_return,1,wrong_lag_stale_168h,recent_oos_2026JanApr,0.0003322745622836066,1.579262345929
a7ff24r_aa4cd59292b51653,L1_cross_sectional_relative_return,1,time_shuffle,validation_2025H1,-5.94447432777963e-05,1.7086718886388854
a7ff24r_aa4cd59292b51653,L1_cross_sectional_relative_return,1,time_shuffle,test_2025H2,0.00014637494585689135,1.2438721810829403
a7ff24r_aa4cd59292b51653,L1_cross_sectional_relative_return,1,time_shuffle,recent_oos_2026JanApr,-9.006790351770165e-05,0.4280822691472403
a7ff24r_aa4cd59292b51653,L1_cross_sectional_relative_return,1,symbol_shuffle,validation_2025H1,-0.00016042427833236426,4.611214373669894
a7ff24r_aa4cd59292b51653,L1_cross_sectional_relative_return,1,symbol_shuffle,test_2025H2,-5.3197598959958934e-05,0.4520651608738705
a7ff24r_aa4cd59292b51653,L1_cross_sectional_relative_return,1,symbol_shuffle,recent_oos_2026JanApr,1.7204766787735914e-06,0.00817722553650376
a7ff24r_aa4cd59292b51653,L1_cross_sectional_relative_return,1,sign_flip,validation_2025H1,-3.348321189705484e-05,0.9624370424559703
a7ff24r_aa4cd59292b51653,L1_cross_sectional_relative_return,1,sign_flip,test_2025H2,6.570113583736375e-05,0.5583183286950512
a7ff24r_aa4cd59292b51653,L1_cross_sectional_relative_return,1,sign_flip,recent_oos_2026JanApr,-0.00017404599542323812,0.8272203720399334
a7ff24r_aa4cd59292b51653,L1_cross_sectional_relative_return,1,same_family_placebo,validation_2025H1,2.1737209983781298e-05,0.6248115071026096
a7ff24r_aa4cd59292b51653,L1_cross_sectional_relative_return,1,same_family_placebo,test_2025H2,-0.0002249727703337099,1.9117846218905252
a7ff24r_aa4cd59292b51653,L1_cross_sectional_relative_return,1,same_family_placebo,recent_oos_2026JanApr,-0.00011314600414878696,0.5377697971113137
a7ff24r_aa4cd59292b51653,L3_liquidity_tier_relative_return,1,one_bar_lag,validation_2025H1,-1.7025208261583377e-05,0.5714525604327075
a7ff24r_aa4cd59292b51653,L3_liquidity_tier_relative_return,1,one_bar_lag,test_2025H2,2.897274846042739e-07,0.00407036100975264
a7ff24r_aa4cd59292b51653,L3_liquidity_tier_relative_return,1,one_bar_lag,recent_oos_2026JanApr,0.00017314018277213755,0.9328877001372329
a7ff24r_aa4cd59292b51653,L3_liquidity_tier_relative_return,1,wrong_lag_future_24h,validation_2025H1,0.00011372822762101539,3.8172976135716765
a7ff24r_aa4cd59292b51653,L3_liquidity_tier_relative_return,1,wrong_lag_future_24h,test_2025H2,0.00018581532270130064,2.610506371430464
a7ff24r_aa4cd59292b51653,L3_liquidity_tier_relative_return,1,wrong_lag_future_24h,recent_oos_2026JanApr,0.0008474686172461367,4.566202002464646
a7ff24r_aa4cd59292b51653,L3_liquidity_tier_relative_return,1,wrong_lag_stale_168h,validation_2025H1,0.00012496869046510177,4.194584703045699
a7ff24r_aa4cd59292b51653,L3_liquidity_tier_relative_return,1,wrong_lag_stale_168h,test_2025H2,-3.1341909018119536e-05,0.44032027065990864
a7ff24r_aa4cd59292b51653,L3_liquidity_tier_relative_return,1,wrong_lag_stale_168h,recent_oos_2026JanApr,0.0002930274510618088,1.5788461148726296
a7ff24r_aa4cd59292b51653,L3_liquidity_tier_relative_return,1,time_shuffle,validation_2025H1,4.4981097279408834e-05,1.5097943482660399
a7ff24r_aa4cd59292b51653,L3_liquidity_tier_relative_return,1,time_shuffle,test_2025H2,-4.532013566199986e-05,0.6366993915239452
a7ff24r_aa4cd59292b51653,L3_liquidity_tier_relative_return,1,time_shuffle,recent_oos_2026JanApr,0.000262984812022943,1.4169749189994858
a7ff24r_aa4cd59292b51653,L3_liquidity_tier_relative_return,1,symbol_shuffle,validation_2025H1,5.607916631359423e-05,1.8823019774240735
a7ff24r_aa4cd59292b51653,L3_liquidity_tier_relative_return,1,symbol_shuffle,test_2025H2,-0.00012755125712624548,1.7919586209113987
a7ff24r_aa4cd59292b51653,L3_liquidity_tier_relative_return,1,symbol_shuffle,recent_oos_2026JanApr,2.493732060260559e-05,0.1343634925877718
a7ff24r_aa4cd59292b51653,L3_liquidity_tier_relative_return,1,sign_flip,validation_2025H1,-3.681557868471423e-05,1.2357180235300775
a7ff24r_aa4cd59292b51653,L3_liquidity_tier_relative_return,1,sign_flip,test_2025H2,2.0905162576672662e-05,0.29369515553849257
a7ff24r_aa4cd59292b51653,L3_liquidity_tier_relative_return,1,sign_flip,recent_oos_2026JanApr,-0.0001351355316119506,0.7281167968859396
a7ff24r_aa4cd59292b51653,L3_liquidity_tier_relative_return,1,same_family_placebo,validation_2025H1,-4.750915472994195e-05,1.5946488111795982
a7ff24r_aa4cd59292b51653,L3_liquidity_tier_relative_return,1,same_family_placebo,test_2025H2,-0.00010146754313899989,1.4255103616161608
a7ff24r_aa4cd59292b51653,L3_liquidity_tier_relative_return,1,same_family_placebo,recent_oos_2026JanApr,-5.871614856935807e-05,0.3163654555677138
a7ff24r_aa4cd59292b51653,L5_vol_adjusted_return,1,one_bar_lag,validation_2025H1,-0.003435875183806186,14.555927865035706
a7ff24r_aa4cd59292b51653,L5_vol_adjusted_return,1,one_bar_lag,test_2025H2,-0.007895149742039373,0.5743188660630222
a7ff24r_aa4cd59292b51653,L5_vol_adjusted_return,1,one_bar_lag,recent_oos_2026JanApr,0.02354201102194606,1.5053056755359244
a7ff24r_aa4cd59292b51653,L5_vol_adjusted_return,1,wrong_lag_future_24h,validation_2025H1,0.007274438995132062,30.81782765881697
a7ff24r_aa4cd59292b51653,L5_vol_adjusted_return,1,wrong_lag_future_24h,test_2025H2,0.019349515908934377,1.4075467089009368
a7ff24r_aa4cd59292b51653,L5_vol_adjusted_return,1,wrong_lag_future_24h,recent_oos_2026JanApr,0.07607261321530982,4.864178184230119
a7ff24r_aa4cd59292b51653,L5_vol_adjusted_return,1,wrong_lag_stale_168h,validation_2025H1,0.01091843376234455,46.25544460779883
a7ff24r_aa4cd59292b51653,L5_vol_adjusted_return,1,wrong_lag_stale_168h,test_2025H2,-0.006025982918927337,0.4383495931034147
a7ff24r_aa4cd59292b51653,L5_vol_adjusted_return,1,wrong_lag_stale_168h,recent_oos_2026JanApr,0.019627856682434722,1.2550297438537323
a7ff24r_aa4cd59292b51653,L5_vol_adjusted_return,1,time_shuffle,validation_2025H1,0.016716974188255986,70.82069556914497
a7ff24r_aa4cd59292b51653,L5_vol_adjusted_return,1,time_shuffle,test_2025H2,-0.0017040309934381998,0.12395675571251141
a7ff24r_aa4cd59292b51653,L5_vol_adjusted_return,1,time_shuffle,recent_oos_2026JanApr,0.022837843611731485,1.4602803292247997
a7ff24r_aa4cd59292b51653,L5_vol_adjusted_return,1,symbol_shuffle,validation_2025H1,-0.005794502353909276,24.548143854238678
a7ff24r_aa4cd59292b51653,L5_vol_adjusted_return,1,symbol_shuffle,test_2025H2,-0.012965226645851657,0.9431327471658827
a7ff24r_aa4cd59292b51653,L5_vol_adjusted_return,1,symbol_shuffle,recent_oos_2026JanApr,-0.006177377870334432,0.3949892793557858
a7ff24r_aa4cd59292b51653,L5_vol_adjusted_return,1,sign_flip,validation_2025H1,4.635818617708698e-05,0.1963943326951883
a7ff24r_aa4cd59292b51653,L5_vol_adjusted_return,1,sign_flip,test_2025H2,0.005516481380224696,0.40128679435661335
a7ff24r_aa4cd59292b51653,L5_vol_adjusted_return,1,sign_flip,recent_oos_2026JanApr,-0.011343107333449622,0.7252924922742398
a7ff24r_aa4cd59292b51653,L5_vol_adjusted_return,1,same_family_placebo,validation_2025H1,-0.017007383389742645,72.05100085150964
a7ff24r_aa4cd59292b51653,L5_vol_adjusted_return,1,same_family_placebo,test_2025H2,-0.02108578296394778,1.5338484205592016
a7ff24r_aa4cd59292b51653,L5_vol_adjusted_return,1,same_family_placebo,recent_oos_2026JanApr,-0.02653679010327682,1.6967956015197752
a7ff24r_aa4cd59292b51653,L7_ranked_future_return,1,one_bar_lag,validation_2025H1,-0.002467338252717249,7.3938736131210945
a7ff24r_aa4cd59292b51653,L7_ranked_future_return,1,one_bar_lag,test_2025H2,-0.007367324730850459,1.0271562268554881
a7ff24r_aa4cd59292b51653,L7_ranked_future_return,1,one_bar_lag,recent_oos_2026JanApr,-0.01479066862411786,0.9743067705848045
a7ff24r_aa4cd59292b51653,L7_ranked_future_return,1,wrong_lag_future_24h,validation_2025H1,-0.003918604800906608,11.742884708152468
a7ff24r_aa4cd59292b51653,L7_ranked_future_return,1,wrong_lag_future_24h,test_2025H2,0.00043189486426621425,0.06021500549857498
a7ff24r_aa4cd59292b51653,L7_ranked_future_return,1,wrong_lag_future_24h,recent_oos_2026JanApr,-0.0004972505537526381,0.0327554212395948
a7ff24r_aa4cd59292b51653,L7_ranked_future_return,1,wrong_lag_stale_168h,validation_2025H1,0.002437075027043735,7.303183791606392
a7ff24r_aa4cd59292b51653,L7_ranked_future_return,1,wrong_lag_stale_168h,test_2025H2,-0.006226417220419304,0.8680903112866661
a7ff24r_aa4cd59292b51653,L7_ranked_future_return,1,wrong_lag_stale_168h,recent_oos_2026JanApr,-0.010858622443723277,0.715290811727904
a7ff24r_aa4cd59292b51653,L7_ranked_future_return,1,time_shuffle,validation_2025H1,0.005434656453110494,16.286037352510846
a7ff24r_aa4cd59292b51653,L7_ranked_future_return,1,time_shuffle,test_2025H2,-0.01748188405797102,2.437333322924911
a7ff24r_aa4cd59292b51653,L7_ranked_future_return,1,time_shuffle,recent_oos_2026JanApr,-0.0056835988085988075,0.37439611022559954
a7ff24r_aa4cd59292b51653,L7_ranked_future_return,1,symbol_shuffle,validation_2025H1,-0.005148531267707208,15.428605885190594
a7ff24r_aa4cd59292b51653,L7_ranked_future_return,1,symbol_shuffle,test_2025H2,0.012103921985267605,1.687535067441704
a7ff24r_aa4cd59292b51653,L7_ranked_future_return,1,symbol_shuffle,recent_oos_2026JanApr,-0.003991204347602125,0.26291288903027427
a7ff24r_aa4cd59292b51653,L7_ranked_future_return,1,sign_flip,validation_2025H1,-0.002069248055426779,6.200916546068528
a7ff24r_aa4cd59292b51653,L7_ranked_future_return,1,sign_flip,test_2025H2,0.005797017462525112,0.8082231748097941
a7ff24r_aa4cd59292b51653,L7_ranked_future_return,1,sign_flip,recent_oos_2026JanApr,0.017463088523154587,1.1503472774508243
a7ff24r_aa4cd59292b51653,L7_ranked_future_return,1,same_family_placebo,validation_2025H1,0.004830847885437591,14.47660395561991
a7ff24r_aa4cd59292b51653,L7_ranked_future_return,1,same_family_placebo,test_2025H2,0.0005184187142636377,0.07227820544471125
a7ff24r_aa4cd59292b51653,L7_ranked_future_return,1,same_family_placebo,recent_oos_2026JanApr,0.006151564029258743,0.40522241662690195
a7ff24r_aa4cd59292b51653,L0_raw_forward_return,4,one_bar_lag,validation_2025H1,0.00020926075923867075,1.2597788045259817
a7ff24r_aa4cd59292b51653,L0_raw_forward_return,4,one_bar_lag,test_2025H2,-0.00025110851238978777,0.7410793673813229
a7ff24r_aa4cd59292b51653,L0_raw_forward_return,4,one_bar_lag,recent_oos_2026JanApr,0.0005500826139355135,0.788352291429124
a7ff24r_aa4cd59292b51653,L0_raw_forward_return,4,wrong_lag_future_24h,validation_2025H1,0.0001807662462901939,1.0882378831015285
a7ff24r_aa4cd59292b51653,L0_raw_forward_return,4,wrong_lag_future_24h,test_2025H2,0.0007314385122616807,2.15864442342683
a7ff24r_aa4cd59292b51653,L0_raw_forward_return,4,wrong_lag_future_24h,recent_oos_2026JanApr,0.0033660657535706366,4.824085660412457
a7ff24r_aa4cd59292b51653,L0_raw_forward_return,4,wrong_lag_stale_168h,validation_2025H1,0.00010036795084982574,0.6042289896793511
a7ff24r_aa4cd59292b51653,L0_raw_forward_return,4,wrong_lag_stale_168h,test_2025H2,-0.0004006685868281127,1.182465779556034
a7ff24r_aa4cd59292b51653,L0_raw_forward_return,4,wrong_lag_stale_168h,recent_oos_2026JanApr,0.001246594016846525,1.786559372658164
a7ff24r_aa4cd59292b51653,L0_raw_forward_return,4,time_shuffle,validation_2025H1,0.0001371924167753152,0.8259173837657471
a7ff24r_aa4cd59292b51653,L0_raw_forward_return,4,time_shuffle,test_2025H2,0.00024354812903573517,0.7187669254021181
a7ff24r_aa4cd59292b51653,L0_raw_forward_return,4,time_shuffle,recent_oos_2026JanApr,0.00011154305466036602,0.15985821130644257
a7ff24r_aa4cd59292b51653,L0_raw_forward_return,4,symbol_shuffle,validation_2025H1,0.00014163112785037794,0.8526390402871261
a7ff24r_aa4cd59292b51653,L0_raw_forward_return,4,symbol_shuffle,test_2025H2,0.0006298110787648093,1.8587183340733098
a7ff24r_aa4cd59292b51653,L0_raw_forward_return,4,symbol_shuffle,recent_oos_2026JanApr,0.00030706624679509444,0.4400727693419381
a7ff24r_aa4cd59292b51653,L0_raw_forward_return,4,sign_flip,validation_2025H1,-0.00012199359107182852,0.7344183442678588
a7ff24r_aa4cd59292b51653,L0_raw_forward_return,4,sign_flip,test_2025H2,0.00025736645954208464,0.7595480185337421
a7ff24r_aa4cd59292b51653,L0_raw_forward_return,4,sign_flip,recent_oos_2026JanApr,-0.0006291455783845569,0.9016615791825626
a7ff24r_aa4cd59292b51653,L0_raw_forward_return,4,same_family_placebo,validation_2025H1,0.00019226096750999782,1.1574376996812248
a7ff24r_aa4cd59292b51653,L0_raw_forward_return,4,same_family_placebo,test_2025H2,0.00011178895567344772,0.3299150943242438
a7ff24r_aa4cd59292b51653,L0_raw_forward_return,4,same_family_placebo,recent_oos_2026JanApr,0.00016638911186700367,0.23846097710804345
a7ff24r_aa4cd59292b51653,L1_cross_sectional_relative_return,4,one_bar_lag,validation_2025H1,0.00020926075923867075,1.2597788045259808
a7ff24r_aa4cd59292b51653,L1_cross_sectional_relative_return,4,one_bar_lag,test_2025H2,-0.0002511085123897878,0.7410793673813232
a7ff24r_aa4cd59292b51653,L1_cross_sectional_relative_return,4,one_bar_lag,recent_oos_2026JanApr,0.0005500826139355136,0.7883522914291241
a7ff24r_aa4cd59292b51653,L1_cross_sectional_relative_return,4,wrong_lag_future_24h,validation_2025H1,0.00018076624629019398,1.088237883101528
a7ff24r_aa4cd59292b51653,L1_cross_sectional_relative_return,4,wrong_lag_future_24h,test_2025H2,0.0007314385122616809,2.1586444234268307
a7ff24r_aa4cd59292b51653,L1_cross_sectional_relative_return,4,wrong_lag_future_24h,recent_oos_2026JanApr,0.0033660657535706366,4.824085660412457
a7ff24r_aa4cd59292b51653,L1_cross_sectional_relative_return,4,wrong_lag_stale_168h,validation_2025H1,0.00010036795084982574,0.6042289896793506
a7ff24r_aa4cd59292b51653,L1_cross_sectional_relative_return,4,wrong_lag_stale_168h,test_2025H2,-0.00040066858682811254,1.1824657795560336
a7ff24r_aa4cd59292b51653,L1_cross_sectional_relative_return,4,wrong_lag_stale_168h,recent_oos_2026JanApr,0.001246594016846525,1.786559372658164
a7ff24r_aa4cd59292b51653,L1_cross_sectional_relative_return,4,time_shuffle,validation_2025H1,0.0001487799703460914,0.8956760639783315
a7ff24r_aa4cd59292b51653,L1_cross_sectional_relative_return,4,time_shuffle,test_2025H2,-0.00020509308837152857,0.6052771956560538
a7ff24r_aa4cd59292b51653,L1_cross_sectional_relative_return,4,time_shuffle,recent_oos_2026JanApr,-0.00020895915006954822,0.2994703351808213
a7ff24r_aa4cd59292b51653,L1_cross_sectional_relative_return,4,symbol_shuffle,validation_2025H1,0.0002545590716559553,1.5324809301978328
a7ff24r_aa4cd59292b51653,L1_cross_sectional_relative_return,4,symbol_shuffle,test_2025H2,0.0002896887942250757,0.8549387128244091
a7ff24r_aa4cd59292b51653,L1_cross_sectional_relative_return,4,symbol_shuffle,recent_oos_2026JanApr,-0.00030477597065613476,0.43679045429250085
a7ff24r_aa4cd59292b51653,L1_cross_sectional_relative_return,4,sign_flip,validation_2025H1,-0.0001219935910718286,0.7344183442678587
a7ff24r_aa4cd59292b51653,L1_cross_sectional_relative_return,4,sign_flip,test_2025H2,0.0002573664595420847,0.7595480185337423
a7ff24r_aa4cd59292b51653,L1_cross_sectional_relative_return,4,sign_flip,recent_oos_2026JanApr,-0.0006291455783845568,0.9016615791825625
a7ff24r_aa4cd59292b51653,L1_cross_sectional_relative_return,4,same_family_placebo,validation_2025H1,0.00012894860449584963,0.7762884900546385
a7ff24r_aa4cd59292b51653,L1_cross_sectional_relative_return,4,same_family_placebo,test_2025H2,-0.00014566429911635502,0.4298890770840404
a7ff24r_aa4cd59292b51653,L1_cross_sectional_relative_return,4,same_family_placebo,recent_oos_2026JanApr,-5.4167246225713075e-05,0.07762992612497394
a7ff24r_aa4cd59292b51653,L3_liquidity_tier_relative_return,4,one_bar_lag,validation_2025H1,0.00012085340569934416,1.2662599937178076
a7ff24r_aa4cd59292b51653,L3_liquidity_tier_relative_return,4,one_bar_lag,test_2025H2,-0.00013376140188099502,0.6425230653541566
a7ff24r_aa4cd59292b51653,L3_liquidity_tier_relative_return,4,one_bar_lag,recent_oos_2026JanApr,0.0004224802924693386,0.7257621460350946
a7ff24r_aa4cd59292b51653,L3_liquidity_tier_relative_return,4,wrong_lag_future_24h,validation_2025H1,0.0003972902527544783,4.162669227614178
a7ff24r_aa4cd59292b51653,L3_liquidity_tier_relative_return,4,wrong_lag_future_24h,test_2025H2,0.0009043386115556663,4.343991679541646
a7ff24r_aa4cd59292b51653,L3_liquidity_tier_relative_return,4,wrong_lag_future_24h,recent_oos_2026JanApr,0.002921245086048089,5.018291126321835
a7ff24r_aa4cd59292b51653,L3_liquidity_tier_relative_return,4,wrong_lag_stale_168h,validation_2025H1,0.0001096138672683136,1.1484960152787205
a7ff24r_aa4cd59292b51653,L3_liquidity_tier_relative_return,4,wrong_lag_stale_168h,test_2025H2,-0.0001337571908023631,0.6425028374325517
a7ff24r_aa4cd59292b51653,L3_liquidity_tier_relative_return,4,wrong_lag_stale_168h,recent_oos_2026JanApr,0.001019418374002402,1.7512184118677792
a7ff24r_aa4cd59292b51653,L3_liquidity_tier_relative_return,4,time_shuffle,validation_2025H1,-5.275980333169967e-05,0.5527988876172262
a7ff24r_aa4cd59292b51653,L3_liquidity_tier_relative_return,4,time_shuffle,test_2025H2,0.0003630381685700038,1.74385430796909
a7ff24r_aa4cd59292b51653,L3_liquidity_tier_relative_return,4,time_shuffle,recent_oos_2026JanApr,0.00033048989360065723,0.5677354865965272
a7ff24r_aa4cd59292b51653,L3_liquidity_tier_relative_return,4,symbol_shuffle,validation_2025H1,-0.00014575482565360769,1.5271684198592592
a7ff24r_aa4cd59292b51653,L3_liquidity_tier_relative_return,4,symbol_shuffle,test_2025H2,-0.00013118416154424828,0.6301432880937916
a7ff24r_aa4cd59292b51653,L3_liquidity_tier_relative_return,4,symbol_shuffle,recent_oos_2026JanApr,0.0001825955630752244,0.31367367916594363
a7ff24r_aa4cd59292b51653,L3_liquidity_tier_relative_return,4,sign_flip,validation_2025H1,-6.756331400687243e-05,0.7079049289081045
a7ff24r_aa4cd59292b51653,L3_liquidity_tier_relative_return,4,sign_flip,test_2025H2,0.00012485261022881323,0.5997296732360478
a7ff24r_aa4cd59292b51653,L3_liquidity_tier_relative_return,4,sign_flip,recent_oos_2026JanApr,-0.0004812056607610689,0.82664412817205
a7ff24r_aa4cd59292b51653,L3_liquidity_tier_relative_return,4,same_family_placebo,validation_2025H1,-0.00035897811307136486,3.7612479397843206
a7ff24r_aa4cd59292b51653,L3_liquidity_tier_relative_return,4,same_family_placebo,test_2025H2,-0.0001334443402550193,0.6410000594274593
a7ff24r_aa4cd59292b51653,L3_liquidity_tier_relative_return,4,same_family_placebo,recent_oos_2026JanApr,0.0005894943940097569,1.0126690501267077
a7ff24r_aa4cd59292b51653,L5_vol_adjusted_return,4,one_bar_lag,validation_2025H1,0.003601968858851249,1.0165827676744499
a7ff24r_aa4cd59292b51653,L5_vol_adjusted_return,4,one_bar_lag,test_2025H2,-0.04981453924673363,0.9059037802425765
a7ff24r_aa4cd59292b51653,L5_vol_adjusted_return,4,one_bar_lag,recent_oos_2026JanApr,0.058503147557141755,0.8277825110146785
a7ff24r_aa4cd59292b51653,L5_vol_adjusted_return,4,wrong_lag_future_24h,validation_2025H1,0.021400541590678612,6.039869485968444
a7ff24r_aa4cd59292b51653,L5_vol_adjusted_return,4,wrong_lag_future_24h,test_2025H2,0.07549346520597047,1.3728886495358767
a7ff24r_aa4cd59292b51653,L5_vol_adjusted_return,4,wrong_lag_future_24h,recent_oos_2026JanApr,0.29784267341387677,4.214285322769208
a7ff24r_aa4cd59292b51653,L5_vol_adjusted_return,4,wrong_lag_stale_168h,validation_2025H1,0.012626621854906603,3.5636083194048904
a7ff24r_aa4cd59292b51653,L5_vol_adjusted_return,4,wrong_lag_stale_168h,test_2025H2,-0.02723807102353818,0.4953387480816051
a7ff24r_aa4cd59292b51653,L5_vol_adjusted_return,4,wrong_lag_stale_168h,recent_oos_2026JanApr,0.10649193372826027,1.5067934630061948
a7ff24r_aa4cd59292b51653,L5_vol_adjusted_return,4,time_shuffle,validation_2025H1,0.01950858483564925,5.505903005491565
a7ff24r_aa4cd59292b51653,L5_vol_adjusted_return,4,time_shuffle,test_2025H2,-0.017454963464337097,0.3174277555397819
a7ff24r_aa4cd59292b51653,L5_vol_adjusted_return,4,time_shuffle,recent_oos_2026JanApr,0.028949233277898147,0.40961332877555345
a7ff24r_aa4cd59292b51653,L5_vol_adjusted_return,4,symbol_shuffle,validation_2025H1,0.017516573599415514,4.9436981738776336
a7ff24r_aa4cd59292b51653,L5_vol_adjusted_return,4,symbol_shuffle,test_2025H2,0.022822547204786436,0.4150401087757999
a7ff24r_aa4cd59292b51653,L5_vol_adjusted_return,4,symbol_shuffle,recent_oos_2026JanApr,-0.011946437497858294,0.16903452963788182
a7ff24r_aa4cd59292b51653,L5_vol_adjusted_return,4,sign_flip,validation_2025H1,0.005710798233405718,1.6117571531691284
a7ff24r_aa4cd59292b51653,L5_vol_adjusted_return,4,sign_flip,test_2025H2,0.03978648502017604,0.7235383028200036
a7ff24r_aa4cd59292b51653,L5_vol_adjusted_return,4,sign_flip,recent_oos_2026JanApr,-0.06019828934408055,0.8517676944366055
a7ff24r_aa4cd59292b51653,L5_vol_adjusted_return,4,same_family_placebo,validation_2025H1,-0.00956878799707009,2.7005966365999847
a7ff24r_aa4cd59292b51653,L5_vol_adjusted_return,4,same_family_placebo,test_2025H2,0.026229135177188813,0.47699071533752896
a7ff24r_aa4cd59292b51653,L5_vol_adjusted_return,4,same_family_placebo,recent_oos_2026JanApr,-0.018040878377731013,0.2552670108876141
a7ff24r_aa4cd59292b51653,L7_ranked_future_return,4,one_bar_lag,validation_2025H1,-0.0012629642561555936,1.2803998688954379
a7ff24r_aa4cd59292b51653,L7_ranked_future_return,4,one_bar_lag,test_2025H2,-0.019167297098075728,1.075165028471945
a7ff24r_aa4cd59292b51653,L7_ranked_future_return,4,one_bar_lag,recent_oos_2026JanApr,-0.025311659424787913,1.002015754884206
a7ff24r_aa4cd59292b51653,L7_ranked_future_return,4,wrong_lag_future_24h,validation_2025H1,-0.00865024635319677,8.769665683382476
a7ff24r_aa4cd59292b51653,L7_ranked_future_return,4,wrong_lag_future_24h,test_2025H2,0.000544838221601491,0.030562003554459465
a7ff24r_aa4cd59292b51653,L7_ranked_future_return,4,wrong_lag_future_24h,recent_oos_2026JanApr,0.008821836850817302,0.34923113349416723
a7ff24r_aa4cd59292b51653,L7_ranked_future_return,4,wrong_lag_stale_168h,validation_2025H1,-0.005068911002482935,5.138888888888882
a7ff24r_aa4cd59292b51653,L7_ranked_future_return,4,wrong_lag_stale_168h,test_2025H2,-0.015321746327332917,0.8594537738928582
a7ff24r_aa4cd59292b51653,L7_ranked_future_return,4,wrong_lag_stale_168h,recent_oos_2026JanApr,-0.007108033312642251,0.2813865833914596
a7ff24r_aa4cd59292b51653,L7_ranked_future_return,4,time_shuffle,validation_2025H1,-0.004582554153031012,4.6458177324887755
a7ff24r_aa4cd59292b51653,L7_ranked_future_return,4,time_shuffle,test_2025H2,-0.012822385850085709,0.7192553429439829
a7ff24r_aa4cd59292b51653,L7_ranked_future_return,4,time_shuffle,recent_oos_2026JanApr,-0.008790835289514867,0.34800387089831286
a7ff24r_aa4cd59292b51653,L7_ranked_future_return,4,symbol_shuffle,validation_2025H1,-0.007463095515207946,7.566125860373631
a7ff24r_aa4cd59292b51653,L7_ranked_future_return,4,symbol_shuffle,test_2025H2,0.0007665399337885362,0.042998077690326736
a7ff24r_aa4cd59292b51653,L7_ranked_future_return,4,symbol_shuffle,recent_oos_2026JanApr,-0.0009258451013863031,0.03665154317235027
a7ff24r_aa4cd59292b51653,L7_ranked_future_return,4,sign_flip,validation_2025H1,0.0007687221963583723,0.7793346443788932
a7ff24r_aa4cd59292b51653,L7_ranked_future_return,4,sign_flip,test_2025H2,0.018001968885785223,1.0097974320844363
a7ff24r_aa4cd59292b51653,L7_ranked_future_return,4,sign_flip,recent_oos_2026JanApr,0.02954476386302503,1.1695921775912046
a7ff24r_aa4cd59292b51653,L7_ranked_future_return,4,same_family_placebo,validation_2025H1,0.002581131672873993,2.616764995083575
a7ff24r_aa4cd59292b51653,L7_ranked_future_return,4,same_family_placebo,test_2025H2,0.0007929695582453959,0.04448061368829565
a7ff24r_aa4cd59292b51653,L7_ranked_future_return,4,same_family_placebo,recent_oos_2026JanApr,0.010299956031450445,0.40774561813283505
a7ff24r_aa4cd59292b51653,L0_raw_forward_return,8,one_bar_lag,validation_2025H1,9.243657997374003e-05,0.9005237614132666
a7ff24r_aa4cd59292b51653,L0_raw_forward_return,8,one_bar_lag,test_2025H2,-0.00038339116149627633,1.0265576805191277
a7ff24r_aa4cd59292b51653,L0_raw_forward_return,8,one_bar_lag,recent_oos_2026JanApr,0.0006942691398989325,0.6868639414443871
a7ff24r_aa4cd59292b51653,L0_raw_forward_return,8,wrong_lag_future_24h,validation_2025H1,0.0006492169636396942,6.32471800921458
a7ff24r_aa4cd59292b51653,L0_raw_forward_return,8,wrong_lag_future_24h,test_2025H2,0.0012314254471891117,3.297231072998958
a7ff24r_aa4cd59292b51653,L0_raw_forward_return,8,wrong_lag_future_24h,recent_oos_2026JanApr,0.006949171927331143,6.875050820314729
a7ff24r_aa4cd59292b51653,L0_raw_forward_return,8,wrong_lag_stale_168h,validation_2025H1,-0.0004948022033894994,4.820398390750368
a7ff24r_aa4cd59292b51653,L0_raw_forward_return,8,wrong_lag_stale_168h,test_2025H2,-0.00020115630944813278,0.5386106284843728
a7ff24r_aa4cd59292b51653,L0_raw_forward_return,8,wrong_lag_stale_168h,recent_oos_2026JanApr,0.0023409106148456365,2.3159420447752352
a7ff24r_aa4cd59292b51653,L0_raw_forward_return,8,time_shuffle,validation_2025H1,-0.0002316966100276487,2.257204916366174
a7ff24r_aa4cd59292b51653,L0_raw_forward_return,8,time_shuffle,test_2025H2,-0.00010320757680735946,0.2763457828445314
a7ff24r_aa4cd59292b51653,L0_raw_forward_return,8,time_shuffle,recent_oos_2026JanApr,0.00012140798072892682,0.12011302155589747
a7ff24r_aa4cd59292b51653,L0_raw_forward_return,8,symbol_shuffle,validation_2025H1,-0.0005950298403304619,5.796823185363926
a7ff24r_aa4cd59292b51653,L0_raw_forward_return,8,symbol_shuffle,test_2025H2,-0.0004914715258337154,1.315950705884897
a7ff24r_aa4cd59292b51653,L0_raw_forward_return,8,symbol_shuffle,recent_oos_2026JanApr,-0.00026554524863057143,0.26271289565423545
a7ff24r_aa4cd59292b51653,L0_raw_forward_return,8,sign_flip,validation_2025H1,1.2494137121456577e-05,0.12171877582904443
a7ff24r_aa4cd59292b51653,L0_raw_forward_return,8,sign_flip,test_2025H2,0.0002214356857028394,0.5929101312928341
a7ff24r_aa4cd59292b51653,L0_raw_forward_return,8,sign_flip,recent_oos_2026JanApr,-0.0008484902478532616,0.8394400995591657
a7ff24r_aa4cd59292b51653,L0_raw_forward_return,8,same_family_placebo,validation_2025H1,0.0002193406464930826,2.1368322374852196
a7ff24r_aa4cd59292b51653,L0_raw_forward_return,8,same_family_placebo,test_2025H2,-0.0005180842586154633,1.3872082307847553
a7ff24r_aa4cd59292b51653,L0_raw_forward_return,8,same_family_placebo,recent_oos_2026JanApr,-0.0001540494836009133,0.15240636433732185
a7ff24r_aa4cd59292b51653,L1_cross_sectional_relative_return,8,one_bar_lag,validation_2025H1,9.243657997373997e-05,0.9005237614132667
a7ff24r_aa4cd59292b51653,L1_cross_sectional_relative_return,8,one_bar_lag,test_2025H2,-0.00038339116149627617,1.026557680519127
a7ff24r_aa4cd59292b51653,L1_cross_sectional_relative_return,8,one_bar_lag,recent_oos_2026JanApr,0.0006942691398989325,0.686863941444387
a7ff24r_aa4cd59292b51653,L1_cross_sectional_relative_return,8,wrong_lag_future_24h,validation_2025H1,0.0006492169636396943,6.324718009214586
a7ff24r_aa4cd59292b51653,L1_cross_sectional_relative_return,8,wrong_lag_future_24h,test_2025H2,0.0012314254471891117,3.2972310729989576
a7ff24r_aa4cd59292b51653,L1_cross_sectional_relative_return,8,wrong_lag_future_24h,recent_oos_2026JanApr,0.006949171927331143,6.875050820314727
a7ff24r_aa4cd59292b51653,L1_cross_sectional_relative_return,8,wrong_lag_stale_168h,validation_2025H1,-0.0004948022033894993,4.820398390750371
a7ff24r_aa4cd59292b51653,L1_cross_sectional_relative_return,8,wrong_lag_stale_168h,test_2025H2,-0.00020115630944813267,0.5386106284843725
a7ff24r_aa4cd59292b51653,L1_cross_sectional_relative_return,8,wrong_lag_stale_168h,recent_oos_2026JanApr,0.0023409106148456365,2.315942044775235
a7ff24r_aa4cd59292b51653,L1_cross_sectional_relative_return,8,time_shuffle,validation_2025H1,1.6494534991704334e-05,0.16069093748072552
a7ff24r_aa4cd59292b51653,L1_cross_sectional_relative_return,8,time_shuffle,test_2025H2,4.39900099672442e-05,0.11778644667171363
a7ff24r_aa4cd59292b51653,L1_cross_sectional_relative_return,8,time_shuffle,recent_oos_2026JanApr,0.0010326778579108718,1.0216631317218925
a7ff24r_aa4cd59292b51653,L1_cross_sectional_relative_return,8,symbol_shuffle,validation_2025H1,5.835531278842471e-05,0.5685016233357919
a7ff24r_aa4cd59292b51653,L1_cross_sectional_relative_return,8,symbol_shuffle,test_2025H2,-0.0006398663724319667,1.713288685535667
a7ff24r_aa4cd59292b51653,L1_cross_sectional_relative_return,8,symbol_shuffle,recent_oos_2026JanApr,-0.0009775652162751596,0.9671383313500539
a7ff24r_aa4cd59292b51653,L1_cross_sectional_relative_return,8,sign_flip,validation_2025H1,1.2494137121456187e-05,0.12171877582904073
a7ff24r_aa4cd59292b51653,L1_cross_sectional_relative_return,8,sign_flip,test_2025H2,0.0002214356857028394,0.592910131292834
a7ff24r_aa4cd59292b51653,L1_cross_sectional_relative_return,8,sign_flip,recent_oos_2026JanApr,-0.0008484902478532619,0.8394400995591658
a7ff24r_aa4cd59292b51653,L1_cross_sectional_relative_return,8,same_family_placebo,validation_2025H1,0.00011896402417705773,1.1589560167113178
a7ff24r_aa4cd59292b51653,L1_cross_sectional_relative_return,8,same_family_placebo,test_2025H2,0.00020781787113310495,0.5564474437235956
a7ff24r_aa4cd59292b51653,L1_cross_sectional_relative_return,8,same_family_placebo,recent_oos_2026JanApr,-0.0001422551296154204,0.1407378110347146
a7ff24r_aa4cd59292b51653,L3_liquidity_tier_relative_return,8,one_bar_lag,validation_2025H1,9.198896903539091e-05,1.2167288141470574
a7ff24r_aa4cd59292b51653,L3_liquidity_tier_relative_return,8,one_bar_lag,test_2025H2,-5.508333335685407e-05,0.7914426894856187
a7ff24r_aa4cd59292b51653,L3_liquidity_tier_relative_return,8,one_bar_lag,recent_oos_2026JanApr,0.0003863710740753427,0.5464754038202269
a7ff24r_aa4cd59292b51653,L3_liquidity_tier_relative_return,8,wrong_lag_future_24h,validation_2025H1,0.0009388766773991352,12.41842710382676
a7ff24r_aa4cd59292b51653,L3_liquidity_tier_relative_return,8,wrong_lag_future_24h,test_2025H2,0.0016225118672181765,23.312408266841057
a7ff24r_aa4cd59292b51653,L3_liquidity_tier_relative_return,8,wrong_lag_future_24h,recent_oos_2026JanApr,0.006085167051064942,8.606736747833764
a7ff24r_aa4cd59292b51653,L3_liquidity_tier_relative_return,8,wrong_lag_stale_168h,validation_2025H1,-0.0003209413623521515,4.245059025232012
a7ff24r_aa4cd59292b51653,L3_liquidity_tier_relative_return,8,wrong_lag_stale_168h,test_2025H2,0.0002144479991450396,3.081209702735627
a7ff24r_aa4cd59292b51653,L3_liquidity_tier_relative_return,8,wrong_lag_stale_168h,recent_oos_2026JanApr,0.0018274140754664602,2.584657371743531
a7ff24r_aa4cd59292b51653,L3_liquidity_tier_relative_return,8,time_shuffle,validation_2025H1,0.0004764830317740679,6.302392996584285
a7ff24r_aa4cd59292b51653,L3_liquidity_tier_relative_return,8,time_shuffle,test_2025H2,-0.0003356238411181501,4.822275982268427
a7ff24r_aa4cd59292b51653,L3_liquidity_tier_relative_return,8,time_shuffle,recent_oos_2026JanApr,8.311490496190973e-05,0.11755603434143834
a7ff24r_aa4cd59292b51653,L3_liquidity_tier_relative_return,8,symbol_shuffle,validation_2025H1,-0.0008965754954400089,11.858913637137674
a7ff24r_aa4cd59292b51653,L3_liquidity_tier_relative_return,8,symbol_shuffle,test_2025H2,0.0011051588323823824,15.879029559504005
a7ff24r_aa4cd59292b51653,L3_liquidity_tier_relative_return,8,symbol_shuffle,recent_oos_2026JanApr,-0.0002542938819996654,0.3596681045219289
a7ff24r_aa4cd59292b51653,L3_liquidity_tier_relative_return,8,sign_flip,validation_2025H1,-1.6337537489860445e-06,0.021609496034761727
a7ff24r_aa4cd59292b51653,L3_liquidity_tier_relative_return,8,sign_flip,test_2025H2,-6.920383432734196e-05,0.9943274203817498
a7ff24r_aa4cd59292b51653,L3_liquidity_tier_relative_return,8,sign_flip,recent_oos_2026JanApr,-0.0005058030330523631,0.7153975421226427
a7ff24r_aa4cd59292b51653,L3_liquidity_tier_relative_return,8,same_family_placebo,validation_2025H1,-0.00030271479647792153,4.003978076997958
a7ff24r_aa4cd59292b51653,L3_liquidity_tier_relative_return,8,same_family_placebo,test_2025H2,0.00025829270207420934,3.7111746574916245
a7ff24r_aa4cd59292b51653,L3_liquidity_tier_relative_return,8,same_family_placebo,recent_oos_2026JanApr,3.23161792987514e-05,0.04570734798011383
a7ff24r_aa4cd59292b51653,L5_vol_adjusted_return,8,one_bar_lag,validation_2025H1,0.001688752271155475,1.548302708301206
a7ff24r_aa4cd59292b51653,L5_vol_adjusted_return,8,one_bar_lag,test_2025H2,-0.08404388735417913,1.0565757411127183
a7ff24r_aa4cd59292b51653,L5_vol_adjusted_return,8,one_bar_lag,recent_oos_2026JanApr,0.08697340003381983,0.7700568827191901
a7ff24r_aa4cd59292b51653,L5_vol_adjusted_return,8,wrong_lag_future_24h,validation_2025H1,0.04774229068035321,43.77167641664649
a7ff24r_aa4cd59292b51653,L5_vol_adjusted_return,8,wrong_lag_future_24h,test_2025H2,0.1478182125161121,1.8583283372053858
a7ff24r_aa4cd59292b51653,L5_vol_adjusted_return,8,wrong_lag_future_24h,recent_oos_2026JanApr,0.6688002104603309,5.921513991964855
a7ff24r_aa4cd59292b51653,L5_vol_adjusted_return,8,wrong_lag_stale_168h,validation_2025H1,-0.03785190208701592,34.70384822966331
a7ff24r_aa4cd59292b51653,L5_vol_adjusted_return,8,wrong_lag_stale_168h,test_2025H2,-0.007115172350100069,0.08944991403444262
a7ff24r_aa4cd59292b51653,L5_vol_adjusted_return,8,wrong_lag_stale_168h,recent_oos_2026JanApr,0.20892027991368167,1.8497667036656216
a7ff24r_aa4cd59292b51653,L5_vol_adjusted_return,8,time_shuffle,validation_2025H1,0.010189218779211076,9.341805367658688
a7ff24r_aa4cd59292b51653,L5_vol_adjusted_return,8,time_shuffle,test_2025H2,-0.020141057396378097,0.25320761943924763
a7ff24r_aa4cd59292b51653,L5_vol_adjusted_return,8,time_shuffle,recent_oos_2026JanApr,0.06032591115159468,0.534121732282835
a7ff24r_aa4cd59292b51653,L5_vol_adjusted_return,8,symbol_shuffle,validation_2025H1,-0.013561749209953546,12.433850357877423
a7ff24r_aa4cd59292b51653,L5_vol_adjusted_return,8,symbol_shuffle,test_2025H2,0.18401789904331167,2.313420454248233
a7ff24r_aa4cd59292b51653,L5_vol_adjusted_return,8,symbol_shuffle,recent_oos_2026JanApr,-0.11332326676133934,1.0033569057649676
a7ff24r_aa4cd59292b51653,L5_vol_adjusted_return,8,sign_flip,validation_2025H1,0.013598931813676909,12.467940571717481
a7ff24r_aa4cd59292b51653,L5_vol_adjusted_return,8,sign_flip,test_2025H2,0.05196538503904164,0.6532939745927042
a7ff24r_aa4cd59292b51653,L5_vol_adjusted_return,8,sign_flip,recent_oos_2026JanApr,-0.09810794180448594,0.8686413984802349
a7ff24r_aa4cd59292b51653,L5_vol_adjusted_return,8,same_family_placebo,validation_2025H1,-0.03998925168281025,36.66343947598068
a7ff24r_aa4cd59292b51653,L5_vol_adjusted_return,8,same_family_placebo,test_2025H2,-0.0048680874433564645,0.06120020456205268
a7ff24r_aa4cd59292b51653,L5_vol_adjusted_return,8,same_family_placebo,recent_oos_2026JanApr,0.03383270547288326,0.29955259539438667
a7ff24r_aa4cd59292b51653,L7_ranked_future_return,8,one_bar_lag,validation_2025H1,0.009508703313566375,1.2328907155653914
a7ff24r_aa4cd59292b51653,L7_ranked_future_return,8,one_bar_lag,test_2025H2,0.03640574607261756,1.0899770768339752
a7ff24r_aa4cd59292b51653,L7_ranked_future_return,8,one_bar_lag,recent_oos_2026JanApr,0.02926371332709113,0.9454536860514582
a7ff24r_aa4cd59292b51653,L7_ranked_future_return,8,wrong_lag_future_24h,validation_2025H1,0.007485028480024966,0.9705026873221623
a7ff24r_aa4cd59292b51653,L7_ranked_future_return,8,wrong_lag_future_24h,test_2025H2,0.007938563124219724,0.23767818989725945
a7ff24r_aa4cd59292b51653,L7_ranked_future_return,8,wrong_lag_future_24h,recent_oos_2026JanApr,-0.016353744017894297,0.5283576759257801
a7ff24r_aa4cd59292b51653,L7_ranked_future_return,8,wrong_lag_stale_168h,validation_2025H1,0.019024559144818976,2.4667088207398042
a7ff24r_aa4cd59292b51653,L7_ranked_future_return,8,wrong_lag_stale_168h,test_2025H2,0.017112967514565126,0.5123570952309108
a7ff24r_aa4cd59292b51653,L7_ranked_future_return,8,wrong_lag_stale_168h,recent_oos_2026JanApr,0.013756567311693713,0.44444794571628143
a7ff24r_aa4cd59292b51653,L7_ranked_future_return,8,time_shuffle,validation_2025H1,0.0019488746338146047,0.2526894953597772
a7ff24r_aa4cd59292b51653,L7_ranked_future_return,8,time_shuffle,test_2025H2,0.011290249167707036,0.33802666095615413
a7ff24r_aa4cd59292b51653,L7_ranked_future_return,8,time_shuffle,recent_oos_2026JanApr,0.013710794861763171,0.44296912684518575
a7ff24r_aa4cd59292b51653,L7_ranked_future_return,8,symbol_shuffle,validation_2025H1,-0.020403857157719515,2.6455474760248707
a7ff24r_aa4cd59292b51653,L7_ranked_future_return,8,symbol_shuffle,test_2025H2,0.01340763823866001,0.40142065226384527
a7ff24r_aa4cd59292b51653,L7_ranked_future_return,8,symbol_shuffle,recent_oos_2026JanApr,0.0043857125208073226,0.14169384528930132
a7ff24r_aa4cd59292b51653,L7_ranked_future_return,8,sign_flip,validation_2025H1,-0.011153782381398252,1.446190325640215
a7ff24r_aa4cd59292b51653,L7_ranked_future_return,8,sign_flip,test_2025H2,-0.03288118042550978,0.9844526424910817
a7ff24r_aa4cd59292b51653,L7_ranked_future_return,8,sign_flip,recent_oos_2026JanApr,-0.03502035216396172,1.131439495396703
a7ff24r_aa4cd59292b51653,L7_ranked_future_return,8,same_family_placebo,validation_2025H1,-0.002697555789637953,0.34976288333860267
a7ff24r_aa4cd59292b51653,L7_ranked_future_return,8,same_family_placebo,test_2025H2,0.004937269168747399,0.1478203524619286
a7ff24r_aa4cd59292b51653,L7_ranked_future_return,8,same_family_placebo,recent_oos_2026JanApr,0.0043425535788597595,0.1402994637802182
a7ff24r_aa4cd59292b51653,L0_raw_forward_return,24,one_bar_lag,validation_2025H1,3.693429134440115e-05,0.2561161464450752
a7ff24r_aa4cd59292b51653,L0_raw_forward_return,24,one_bar_lag,test_2025H2,-0.0011143951496099822,1.0263803943103884
a7ff24r_aa4cd59292b51653,L0_raw_forward_return,24,one_bar_lag,recent_oos_2026JanApr,-0.004254115040978792,1.0594430303175362
a7ff24r_aa4cd59292b51653,L0_raw_forward_return,24,wrong_lag_future_24h,validation_2025H1,0.0018605861587413048,12.901998109626767
a7ff24r_aa4cd59292b51653,L0_raw_forward_return,24,wrong_lag_future_24h,test_2025H2,0.0026957608503878467,2.48285007840885
a7ff24r_aa4cd59292b51653,L0_raw_forward_return,24,wrong_lag_future_24h,recent_oos_2026JanApr,0.023686651935474524,5.8989138899313955
a7ff24r_aa4cd59292b51653,L0_raw_forward_return,24,wrong_lag_stale_168h,validation_2025H1,-0.0018634374521840922,12.921770041410738
a7ff24r_aa4cd59292b51653,L0_raw_forward_return,24,wrong_lag_stale_168h,test_2025H2,0.0006162039769536945,0.5675362828550643
a7ff24r_aa4cd59292b51653,L0_raw_forward_return,24,wrong_lag_stale_168h,recent_oos_2026JanApr,0.0065488522454034285,1.6309234238234598
a7ff24r_aa4cd59292b51653,L0_raw_forward_return,24,time_shuffle,validation_2025H1,-0.00032474338558133265,2.2518917101471914
a7ff24r_aa4cd59292b51653,L0_raw_forward_return,24,time_shuffle,test_2025H2,-0.00023882130593617172,0.21995923640037188
a7ff24r_aa4cd59292b51653,L0_raw_forward_return,24,time_shuffle,recent_oos_2026JanApr,0.002179138823986362,0.5426918211961473
a7ff24r_aa4cd59292b51653,L0_raw_forward_return,24,symbol_shuffle,validation_2025H1,-0.0004542251142373872,3.149766291500506
a7ff24r_aa4cd59292b51653,L0_raw_forward_return,24,symbol_shuffle,test_2025H2,0.0005900042675409674,0.5434058224099846
a7ff24r_aa4cd59292b51653,L0_raw_forward_return,24,symbol_shuffle,recent_oos_2026JanApr,-0.0047060885741326474,1.1720023299545463
a7ff24r_aa4cd59292b51653,L0_raw_forward_return,24,sign_flip,validation_2025H1,-0.0002413540401128786,1.6736388985037616
a7ff24r_aa4cd59292b51653,L0_raw_forward_return,24,sign_flip,test_2025H2,0.000965853590575155,0.8895706244661784
a7ff24r_aa4cd59292b51653,L0_raw_forward_return,24,sign_flip,recent_oos_2026JanApr,0.0049516723163144805,1.2331624023803214
a7ff24r_aa4cd59292b51653,L0_raw_forward_return,24,same_family_placebo,validation_2025H1,0.00017601966454623528,1.2205859796189233
a7ff24r_aa4cd59292b51653,L0_raw_forward_return,24,same_family_placebo,test_2025H2,0.0006131184122963591,0.5646944156136513
a7ff24r_aa4cd59292b51653,L0_raw_forward_return,24,same_family_placebo,recent_oos_2026JanApr,-0.0005166634722176385,0.1286696550017825
a7ff24r_aa4cd59292b51653,L1_cross_sectional_relative_return,24,one_bar_lag,validation_2025H1,3.693429134440115e-05,0.2561161464450753
a7ff24r_aa4cd59292b51653,L1_cross_sectional_relative_return,24,one_bar_lag,test_2025H2,-0.0011143951496099822,1.0263803943103886
a7ff24r_aa4cd59292b51653,L1_cross_sectional_relative_return,24,one_bar_lag,recent_oos_2026JanApr,-0.004254115040978792,1.059443030317536
a7ff24r_aa4cd59292b51653,L1_cross_sectional_relative_return,24,wrong_lag_future_24h,validation_2025H1,0.0018605861587413048,12.901998109626774
a7ff24r_aa4cd59292b51653,L1_cross_sectional_relative_return,24,wrong_lag_future_24h,test_2025H2,0.002695760850387847,2.482850078408851
a7ff24r_aa4cd59292b51653,L1_cross_sectional_relative_return,24,wrong_lag_future_24h,recent_oos_2026JanApr,0.023686651935474524,5.898913889931394
a7ff24r_aa4cd59292b51653,L1_cross_sectional_relative_return,24,wrong_lag_stale_168h,validation_2025H1,-0.0018634374521840922,12.921770041410745
a7ff24r_aa4cd59292b51653,L1_cross_sectional_relative_return,24,wrong_lag_stale_168h,test_2025H2,0.0006162039769536945,0.5675362828550644
a7ff24r_aa4cd59292b51653,L1_cross_sectional_relative_return,24,wrong_lag_stale_168h,recent_oos_2026JanApr,0.006548852245403429,1.6309234238234596
a7ff24r_aa4cd59292b51653,L1_cross_sectional_relative_return,24,time_shuffle,validation_2025H1,0.0005451901446728889,3.780551727158565
a7ff24r_aa4cd59292b51653,L1_cross_sectional_relative_return,24,time_shuffle,test_2025H2,0.0004660635248330061,0.42925390025181565
a7ff24r_aa4cd59292b51653,L1_cross_sectional_relative_return,24,time_shuffle,recent_oos_2026JanApr,0.004591944424933697,1.1435759187843093
a7ff24r_aa4cd59292b51653,L1_cross_sectional_relative_return,24,symbol_shuffle,validation_2025H1,-0.0016567233372050858,11.488337298636518
a7ff24r_aa4cd59292b51653,L1_cross_sectional_relative_return,24,symbol_shuffle,test_2025H2,-0.0008255770452190431,0.7603730988079822
a7ff24r_aa4cd59292b51653,L1_cross_sectional_relative_return,24,symbol_shuffle,recent_oos_2026JanApr,0.001754308087242453,0.43689215222329253
a7ff24r_aa4cd59292b51653,L1_cross_sectional_relative_return,24,sign_flip,validation_2025H1,-0.0002413540401128785,1.673638898503762
a7ff24r_aa4cd59292b51653,L1_cross_sectional_relative_return,24,sign_flip,test_2025H2,0.0009658535905751548,0.8895706244661784
a7ff24r_aa4cd59292b51653,L1_cross_sectional_relative_return,24,sign_flip,recent_oos_2026JanApr,0.0049516723163144805,1.2331624023803212
a7ff24r_aa4cd59292b51653,L1_cross_sectional_relative_return,24,same_family_placebo,validation_2025H1,0.0003276854087856327,2.272292795924395
a7ff24r_aa4cd59292b51653,L1_cross_sectional_relative_return,24,same_family_placebo,test_2025H2,1.3013194152135518e-05,0.011985414105383554
a7ff24r_aa4cd59292b51653,L1_cross_sectional_relative_return,24,same_family_placebo,recent_oos_2026JanApr,-0.00027479619108421166,0.06843512848091435
a7ff24r_aa4cd59292b51653,L3_liquidity_tier_relative_return,24,one_bar_lag,validation_2025H1,0.00021643821562215246,0.6885799069882377
a7ff24r_aa4cd59292b51653,L3_liquidity_tier_relative_return,24,one_bar_lag,test_2025H2,9.875250776133662e-05,1.08548848676703
a7ff24r_aa4cd59292b51653,L3_liquidity_tier_relative_return,24,one_bar_lag,recent_oos_2026JanApr,-0.004758796066175721,1.06054158494733
a7ff24r_aa4cd59292b51653,L3_liquidity_tier_relative_return,24,wrong_lag_future_24h,validation_2025H1,0.0027029767727419656,8.59929236348562
a7ff24r_aa4cd59292b51653,L3_liquidity_tier_relative_return,24,wrong_lag_future_24h,test_2025H2,0.00393376396103644,43.23997016545565
a7ff24r_aa4cd59292b51653,L3_liquidity_tier_relative_return,24,wrong_lag_future_24h,recent_oos_2026JanApr,0.021848622116242635,4.869166908153789
a7ff24r_aa4cd59292b51653,L3_liquidity_tier_relative_return,24,wrong_lag_stale_168h,validation_2025H1,-0.0012909640439497713,4.107093096997009
a7ff24r_aa4cd59292b51653,L3_liquidity_tier_relative_return,24,wrong_lag_stale_168h,test_2025H2,0.0018646374910291524,20.49611270022608
a7ff24r_aa4cd59292b51653,L3_liquidity_tier_relative_return,24,wrong_lag_stale_168h,recent_oos_2026JanApr,0.005113115852442985,1.1395050165549512
a7ff24r_aa4cd59292b51653,L3_liquidity_tier_relative_return,24,time_shuffle,validation_2025H1,0.0003291041637224242,1.0470171073718397
a7ff24r_aa4cd59292b51653,L3_liquidity_tier_relative_return,24,time_shuffle,test_2025H2,0.0004012356179974132,4.410385656935859
a7ff24r_aa4cd59292b51653,L3_liquidity_tier_relative_return,24,time_shuffle,recent_oos_2026JanApr,0.001415259112103821,0.31540354345714344
a7ff24r_aa4cd59292b51653,L3_liquidity_tier_relative_return,24,symbol_shuffle,validation_2025H1,0.0012150191811538416,3.865480928785698
a7ff24r_aa4cd59292b51653,L3_liquidity_tier_relative_return,24,symbol_shuffle,test_2025H2,0.0004126078827010006,4.535389696671691
a7ff24r_aa4cd59292b51653,L3_liquidity_tier_relative_return,24,symbol_shuffle,recent_oos_2026JanApr,0.0008902550129204459,0.19840153880952044
a7ff24r_aa4cd59292b51653,L3_liquidity_tier_relative_return,24,sign_flip,validation_2025H1,-0.00044684764489097976,1.4216080504659816
a7ff24r_aa4cd59292b51653,L3_liquidity_tier_relative_return,24,sign_flip,test_2025H2,-0.00022493829216239835,2.472523806336369
a7ff24r_aa4cd59292b51653,L3_liquidity_tier_relative_return,24,sign_flip,recent_oos_2026JanApr,0.005554389680726588,1.2378469582426845
a7ff24r_aa4cd59292b51653,L3_liquidity_tier_relative_return,24,same_family_placebo,validation_2025H1,0.00013420752234194933,0.4269698998658852
a7ff24r_aa4cd59292b51653,L3_liquidity_tier_relative_return,24,same_family_placebo,test_2025H2,3.649544802919346e-05,0.4011583052739865
a7ff24r_aa4cd59292b51653,L3_liquidity_tier_relative_return,24,same_family_placebo,recent_oos_2026JanApr,-0.0004270982074206781,0.09518277386282177
a7ff24r_aa4cd59292b51653,L5_vol_adjusted_return,24,one_bar_lag,validation_2025H1,0.0006169599865701053,0.07496025275914384
a7ff24r_aa4cd59292b51653,L5_vol_adjusted_return,24,one_bar_lag,test_2025H2,-0.14140431705438586,0.9735449680479451
a7ff24r_aa4cd59292b51653,L5_vol_adjusted_return,24,one_bar_lag,recent_oos_2026JanApr,-0.37060767879547013,1.0305165355687878
a7ff24r_aa4cd59292b51653,L5_vol_adjusted_return,24,wrong_lag_future_24h,validation_2025H1,0.08667034325107908,10.530392534758668
a7ff24r_aa4cd59292b51653,L5_vol_adjusted_return,24,wrong_lag_future_24h,test_2025H2,0.43323417040854184,2.9827444831506997
a7ff24r_aa4cd59292b51653,L5_vol_adjusted_return,24,wrong_lag_future_24h,recent_oos_2026JanApr,2.262662487796073,6.29158876487252
a7ff24r_aa4cd59292b51653,L5_vol_adjusted_return,24,wrong_lag_stale_168h,validation_2025H1,-0.1493986348426318,18.151840757021564
a7ff24r_aa4cd59292b51653,L5_vol_adjusted_return,24,wrong_lag_stale_168h,test_2025H2,0.07857096699891437,0.5409479084505908
a7ff24r_aa4cd59292b51653,L5_vol_adjusted_return,24,wrong_lag_stale_168h,recent_oos_2026JanApr,0.5419734896250842,1.5070185396962548
a7ff24r_aa4cd59292b51653,L5_vol_adjusted_return,24,time_shuffle,validation_2025H1,-0.013902529398623437,1.6891486326460858
a7ff24r_aa4cd59292b51653,L5_vol_adjusted_return,24,time_shuffle,test_2025H2,-0.042111173403137546,0.28992835451728827
a7ff24r_aa4cd59292b51653,L5_vol_adjusted_return,24,time_shuffle,recent_oos_2026JanApr,0.3021381478310983,0.8401292665549577
a7ff24r_aa4cd59292b51653,L5_vol_adjusted_return,24,symbol_shuffle,validation_2025H1,0.000568125557125033,0.06902690010380882
a7ff24r_aa4cd59292b51653,L5_vol_adjusted_return,24,symbol_shuffle,test_2025H2,-0.0847782467310811,0.5836839866298212
a7ff24r_aa4cd59292b51653,L5_vol_adjusted_return,24,symbol_shuffle,recent_oos_2026JanApr,0.19173887920508137,0.5331516232325778
a7ff24r_aa4cd59292b51653,L5_vol_adjusted_return,24,sign_flip,validation_2025H1,-0.022578259425709006,2.7432444084772962
a7ff24r_aa4cd59292b51653,L5_vol_adjusted_return,24,sign_flip,test_2025H2,0.10820246482670055,0.7449557931240814
a7ff24r_aa4cd59292b51653,L5_vol_adjusted_return,24,sign_flip,recent_oos_2026JanApr,0.4365051596909524,1.2137519286827005
a7ff24r_aa4cd59292b51653,L5_vol_adjusted_return,24,same_family_placebo,validation_2025H1,-0.03038223937601521,3.691423094836515
a7ff24r_aa4cd59292b51653,L5_vol_adjusted_return,24,same_family_placebo,test_2025H2,-0.006504933698892783,0.044785375736491016
a7ff24r_aa4cd59292b51653,L5_vol_adjusted_return,24,same_family_placebo,recent_oos_2026JanApr,0.027112048752460538,0.07538811565741148
a7ff24r_aa4cd59292b51653,L7_ranked_future_return,24,one_bar_lag,validation_2025H1,0.014090271126011068,1.0473871256837357
a7ff24r_aa4cd59292b51653,L7_ranked_future_return,24,one_bar_lag,test_2025H2,0.04278457920923797,0.9972112619282022
a7ff24r_aa4cd59292b51653,L7_ranked_future_return,24,one_bar_lag,recent_oos_2026JanApr,0.06453793502554278,1.0005607440493454
a7ff24r_aa4cd59292b51653,L7_ranked_future_return,24,wrong_lag_future_24h,validation_2025H1,-0.0028595945083014066,0.21256528322877732
a7ff24r_aa4cd59292b51653,L7_ranked_future_return,24,wrong_lag_future_24h,test_2025H2,0.010235821759259259,0.23857373198657378
a7ff24r_aa4cd59292b51653,L7_ranked_future_return,24,wrong_lag_future_24h,recent_oos_2026JanApr,-0.012054996807151979,0.18689405804667708
a7ff24r_aa4cd59292b51653,L7_ranked_future_return,24,wrong_lag_stale_168h,validation_2025H1,0.021759508700510855,1.6174727278346057
a7ff24r_aa4cd59292b51653,L7_ranked_future_return,24,wrong_lag_stale_168h,test_2025H2,0.018766379975521497,0.43740164804924
a7ff24r_aa4cd59292b51653,L7_ranked_future_return,24,wrong_lag_stale_168h,recent_oos_2026JanApr,0.007926910387398893,0.12289447054804672
a7ff24r_aa4cd59292b51653,L7_ranked_future_return,24,time_shuffle,validation_2025H1,0.006575687127501066,0.48879755245835804
a7ff24r_aa4cd59292b51653,L7_ranked_future_return,24,time_shuffle,test_2025H2,0.025425826005861976,0.5926181934120304
a7ff24r_aa4cd59292b51653,L7_ranked_future_return,24,time_shuffle,recent_oos_2026JanApr,0.013741369621066153,0.21303865713815326
a7ff24r_aa4cd59292b51653,L7_ranked_future_return,24,symbol_shuffle,validation_2025H1,-0.007915269795657728,0.5883741771995429
a7ff24r_aa4cd59292b51653,L7_ranked_future_return,24,symbol_shuffle,test_2025H2,0.0009075504203916556,0.021152936798939537
a7ff24r_aa4cd59292b51653,L7_ranked_future_return,24,symbol_shuffle,recent_oos_2026JanApr,-0.0071124015538527015,0.1102667723701426
a7ff24r_aa4cd59292b51653,L7_ranked_future_return,24,sign_flip,validation_2025H1,-0.014137166081311194,1.050873018325659
a7ff24r_aa4cd59292b51653,L7_ranked_future_return,24,sign_flip,test_2025H2,-0.04169684905810983,0.9718587452810444
a7ff24r_aa4cd59292b51653,L7_ranked_future_return,24,sign_flip,recent_oos_2026JanApr,-0.06967318207215836,1.080174797455382
a7ff24r_aa4cd59292b51653,L7_ranked_future_return,24,same_family_placebo,validation_2025H1,-0.0041155312100894,0.3059241632930561
a7ff24r_aa4cd59292b51653,L7_ranked_future_return,24,same_family_placebo,test_2025H2,-0.007795704289059175,0.18170014185936548
a7ff24r_aa4cd59292b51653,L7_ranked_future_return,24,same_family_placebo,recent_oos_2026JanApr,-0.0029837331045125576,0.046258161404051513
