blueprint_id,expression,semantic_pair,motif,label_family,label_horizon_h,orientation_from_train,premay_positive_split_count,premay_all_positive,control_ratio_premay_max,one_bar_lag_recent_oriented,lag_ok,robust_median_tstat_floor,robust_min_tstat_floor,robust_ok,cost2_recent_oriented,cost5_recent_oriented,cost10_recent_oriented,avg_n_obs_recent,decision,train_2024_n,train_2024_mean_spread,train_2024_tstat,train_2024_nonoverlap_median_tstat,train_2024_nonoverlap_min_tstat,train_2024_positive_rate,validation_2025H1_n,validation_2025H1_mean_spread,validation_2025H1_tstat,validation_2025H1_nonoverlap_median_tstat,validation_2025H1_nonoverlap_min_tstat,validation_2025H1_positive_rate,test_2025H2_n,test_2025H2_mean_spread,test_2025H2_tstat,test_2025H2_nonoverlap_median_tstat,test_2025H2_nonoverlap_min_tstat,test_2025H2_positive_rate,recent_oos_2026JanApr_n,recent_oos_2026JanApr_mean_spread,recent_oos_2026JanApr_tstat,recent_oos_2026JanApr_nonoverlap_median_tstat,recent_oos_2026JanApr_nonoverlap_min_tstat,recent_oos_2026JanApr_positive_rate,source_file,shard,next_wave_family,a7ls_arm,source_seed_id,source_priority_rank,skeleton_key,production_key,company_numeric_shard,blocker_family
a7ls8_3cf46a246acd42f5,"Mul(Sub(Mean(mark_trade_basis_bps,56),Mean(mark_trade_basis_bps,336)),ZScore(Mean(realized_vol_168h,336)))",basis_premium_like|realized_vol_168h,spread_interaction,L7_ranked_future_return,4,1.0,3,True,0.9625800061808152,0.0045696656187727,True,1.1130347829398102,0.3760337573493498,True,0.0074717929722394,0.0068717929722394,0.0058717929722394,95.82222222222222,A7LS8S000_RANK_LABEL_DIAGNOSTIC_CLUE,2100,0.0159527943121693,3.9407331265844063,2.0379234721745947,1.515608095465892,0.5238095238095238,2156,0.0072089141843606,2.0689137322346003,1.1130347829398102,0.3760337573493498,0.5204081632653061,2156,0.0109860563543599,3.3540147474696003,1.6922695224297266,1.3655234400000946,0.5315398886827458,2156,0.0078717929722394,2.4883493246098567,1.4034443262084078,0.4377978117914762,0.525974025974026,G:\AlphaFactory_CryptoData\research_runtime\a7ls8_company_numeric\shard_000\a7ls8_s000_label_response_metrics.csv,s000,basis_vol_hybrid_expansion,A7LS8_E,a7ls6_4ec71bffe30b07a9,500,skel_4e993bebb7b56516,prod_025fcfea006a99f2,a7ls8_s000,rank_label_diagnostic_clue
a7ls8_699dff6c134c4c45,"Mul(ZScore(Mean(mark_index_basis_bps,72)),Sign(ZScore(Mean(realized_vol_168h,72))))",basis_premium_like|realized_vol_168h,typed_gate,L7_ranked_future_return,4,1.0,3,True,0.8893817544174748,0.0169669430272108,True,1.0881611728573952,1.020562272339839,True,0.0159198470676149,0.0153198470676149,0.0143198470676149,95.82222222222222,A7LS8S000_RANK_LABEL_DIAGNOSTIC_CLUE,2133,0.0008219328975013,0.2631853181104773,0.1068863209021719,-0.1663250845765831,0.4946085325832161,2156,0.0071765432814539,2.461441518742235,1.0881611728573952,1.020562272339839,0.5111317254174397,2156,0.0113579727977049,3.686452755125203,1.8649721537472372,1.42898070014863,0.5282931354359925,2156,0.0163198470676149,4.986091807458661,2.550102472434255,2.2933495482644117,0.5384972170686456,G:\AlphaFactory_CryptoData\research_runtime\a7ls8_company_numeric\shard_000\a7ls8_s000_label_response_metrics.csv,s000,basis_vol_hybrid_expansion,A7LS8_E,a7ls6_4ec71bffe30b07a9,500,skel_7b4baa179b12bd28,prod_f246623c947038c9,a7ls8_s000,rank_label_diagnostic_clue
a7ls8_699dff6c134c4c45,"Mul(ZScore(Mean(mark_index_basis_bps,72)),Sign(ZScore(Mean(realized_vol_168h,72))))",basis_premium_like|realized_vol_168h,typed_gate,L7_ranked_future_return,8,1.0,3,True,0.8986924593212825,0.0249684294540823,True,1.3363764869947974,0.5612947429012819,True,0.0244317402846619,0.0238317402846619,0.0228317402846619,95.64444444444445,A7LS8S000_RANK_LABEL_DIAGNOSTIC_CLUE,2129,0.0048659494981124,1.528159608968036,0.5870906199027364,-0.1148961515498351,0.5105683419445749,2152,0.0105040369423791,3.512374993463599,1.3363764869947974,0.6110409893512531,0.529275092936803,2152,0.0137651076087704,4.409660259114115,1.722612092042689,0.5612947429012819,0.5353159851301115,2152,0.0248317402846619,7.691475304094778,2.6361164531616885,2.22385875948342,0.5692379182156134,G:\AlphaFactory_CryptoData\research_runtime\a7ls8_company_numeric\shard_000\a7ls8_s000_label_response_metrics.csv,s000,basis_vol_hybrid_expansion,A7LS8_E,a7ls6_4ec71bffe30b07a9,500,skel_7b4baa179b12bd28,prod_f246623c947038c9,a7ls8_s000,rank_label_diagnostic_clue
a7ls8_699dff6c134c4c45,"Mul(ZScore(Mean(mark_index_basis_bps,72)),Sign(ZScore(Mean(realized_vol_168h,72))))",basis_premium_like|realized_vol_168h,typed_gate,L7_ranked_future_return,24,1.0,3,True,0.6423591392260479,0.0293464820450131,True,1.3941599622917282,0.3665599070666984,True,0.0277757178526841,0.0271757178526841,0.0261757178526841,94.93333333333334,A7LS8S000_RANK_LABEL_DIAGNOSTIC_CLUE,2113,0.0089393974251108,2.6585836746713314,0.5039135945345377,-0.3076509970392788,0.5295787979176526,2136,0.0214387506068802,6.934688769409733,1.3941599622917282,0.3665599070666984,0.5636704119850188,2136,0.0253323482365792,8.523322033526274,1.81915204680843,0.8351536532036617,0.5767790262172284,2136,0.0281757178526841,8.501092216252061,1.7397930785694822,1.0839111925875755,0.5912921348314607,G:\AlphaFactory_CryptoData\research_runtime\a7ls8_company_numeric\shard_000\a7ls8_s000_label_response_metrics.csv,s000,basis_vol_hybrid_expansion,A7LS8_E,a7ls6_4ec71bffe30b07a9,500,skel_7b4baa179b12bd28,prod_f246623c947038c9,a7ls8_s000,rank_label_diagnostic_clue
a7ls8_9153f18cd12c78eb,"Mul(ZScore(Mean(premium_close_bps,168)),Sign(ZScore(Mean(realized_vol_168h,168))))",basis_premium_like|realized_vol_168h,typed_gate,L7_ranked_future_return,8,1.0,3,True,0.911705938374304,0.0248781280118408,True,1.3016060827236111,0.9058230016882576,True,0.0240810759586259,0.0234810759586259,0.0224810759586259,95.64444444444445,A7LS8S000_RANK_LABEL_DIAGNOSTIC_CLUE,2129,0.0142832174295008,4.401385309005803,1.4297923075265095,1.0709002205614708,0.530295913574448,2152,0.0109823280238882,3.54965333277324,1.3016060827236111,0.9058230016882576,0.5278810408921933,2152,0.0330925205235439,10.39654061769107,3.717434508279823,3.0839474914996656,0.5929368029739777,2152,0.0244810759586259,7.127530918845515,2.528468362536079,2.226571340222222,0.5557620817843866,G:\AlphaFactory_CryptoData\research_runtime\a7ls8_company_numeric\shard_000\a7ls8_s000_label_response_metrics.csv,s000,basis_vol_hybrid_expansion,A7LS8_E,a7ls6_4ec71bffe30b07a9,500,skel_f87bd98d9b482a28,prod_87951eab82f09a8b,a7ls8_s000,rank_label_diagnostic_clue
a7ls8_9153f18cd12c78eb,"Mul(ZScore(Mean(premium_close_bps,168)),Sign(ZScore(Mean(realized_vol_168h,168))))",basis_premium_like|realized_vol_168h,typed_gate,L7_ranked_future_return,24,1.0,3,True,0.8177697180424834,0.0355863764044943,True,1.4683267693074775,0.9817985542647948,True,0.035187189190595,0.034587189190595,0.033587189190595,94.93333333333334,A7LS8S000_RANK_LABEL_DIAGNOSTIC_CLUE,2113,0.0198896327408809,6.00962054459568,1.3815055536659375,0.1881465619153118,0.5551348793185045,2136,0.024457790392218,7.336324151726586,1.4683267693074775,0.9817985542647948,0.5688202247191011,2136,0.0542323397836038,17.254213099560353,3.5177644873557714,2.772649921410105,0.6324906367041199,2136,0.035587189190595,10.620880301744716,2.2753374378177504,1.020088931159532,0.5842696629213483,G:\AlphaFactory_CryptoData\research_runtime\a7ls8_company_numeric\shard_000\a7ls8_s000_label_response_metrics.csv,s000,basis_vol_hybrid_expansion,A7LS8_E,a7ls6_4ec71bffe30b07a9,500,skel_f87bd98d9b482a28,prod_87951eab82f09a8b,a7ls8_s000,rank_label_diagnostic_clue
a7ls8_99496e56c13da8b1,"Mul(ZScore(Mean(premium_close_bps,72)),Sign(ZScore(Mean(realized_vol_168h,72))))",basis_premium_like|realized_vol_168h,typed_gate,L7_ranked_future_return,8,1.0,3,True,0.8384621994357482,0.0194423469124328,True,1.579610775739176,1.088571331408638,True,0.0203811908388406,0.0197811908388406,0.0187811908388406,95.64444444444445,A7LS8S000_RANK_LABEL_DIAGNOSTIC_CLUE,2129,0.0083379542647391,2.6657341362073708,0.8814344488967103,0.3620703796615491,0.5119774542038515,2152,0.0135810088376015,4.542007442668488,1.579610775739176,1.088571331408638,0.5315985130111525,2152,0.0187774830476387,5.750116004573722,2.087192017584082,1.3095330076580038,0.5506505576208178,2152,0.0207811908388406,6.230239687055694,2.101908561768208,1.6099465516641598,0.5487918215613383,G:\AlphaFactory_CryptoData\research_runtime\a7ls8_company_numeric\shard_000\a7ls8_s000_label_response_metrics.csv,s000,basis_vol_hybrid_expansion,A7LS8_E,a7ls6_4ec71bffe30b07a9,500,skel_48d516a29e6cca67,prod_0b4d3ea1f2e44f42,a7ls8_s000,rank_label_diagnostic_clue
a7ls8_99496e56c13da8b1,"Mul(ZScore(Mean(premium_close_bps,72)),Sign(ZScore(Mean(realized_vol_168h,72))))",basis_premium_like|realized_vol_168h,typed_gate,L7_ranked_future_return,24,1.0,3,True,0.876407682693567,0.0213556025887779,True,1.4379422996730935,0.2135224561610991,True,0.0208758953651685,0.0202758953651685,0.0192758953651685,94.93333333333334,A7LS8S000_RANK_LABEL_DIAGNOSTIC_CLUE,2113,0.0080341766577272,2.6888247759885866,0.4606791112205442,-0.0611361355294708,0.5196403218173213,2136,0.0257782968771674,8.375370502020361,1.7984310640264314,0.7404476057843776,0.5674157303370787,2136,0.0335128506901095,10.376578451223695,1.9120140042187108,1.5099064023405762,0.577247191011236,2136,0.0212758953651685,6.43257899518539,1.4379422996730935,0.2135224561610991,0.5664794007490637,G:\AlphaFactory_CryptoData\research_runtime\a7ls8_company_numeric\shard_000\a7ls8_s000_label_response_metrics.csv,s000,basis_vol_hybrid_expansion,A7LS8_E,a7ls6_4ec71bffe30b07a9,500,skel_48d516a29e6cca67,prod_0b4d3ea1f2e44f42,a7ls8_s000,rank_label_diagnostic_clue
a7ls8_03819c8aa11e040a,"Mul(ZScore(Mean(premium_close_bps,168)),Sign(ZScore(Mean(realized_vol_24h,168))))",basis_premium_like|realized_vol_24h,typed_gate,L7_ranked_future_return,1,1.0,3,True,0.8336688998433531,0.0111412658895579,True,2.6536217119889165,2.6536217119889165,True,0.0098183956478479,0.0092183956478479,0.0082183956478479,95.95555555555556,A7LS8S000_RANK_LABEL_DIAGNOSTIC_CLUE,2136,0.0011369793834096,0.3677707093352092,0.3677707093352092,0.3677707093352092,0.5042134831460674,2159,0.008384368620589,2.6536217119889165,2.6536217119889165,2.6536217119889165,0.5187586845761927,2159,0.012114769354811,3.841227532083476,3.841227532083476,3.841227532083476,0.5312644742936544,2159,0.0102183956478479,2.9909911154763598,2.9909911154763598,2.9909911154763598,0.5192218619731357,G:\AlphaFactory_CryptoData\research_runtime\a7ls8_company_numeric\shard_000\a7ls8_s000_label_response_metrics.csv,s000,basis_vol_hybrid_expansion,A7LS8_E,a7ls6_4ec71bffe30b07a9,500,skel_52cf8b68c24720b0,prod_cfe8b16a6a0e34b0,a7ls8_s000,rank_label_diagnostic_clue
a7ls8_03819c8aa11e040a,"Mul(ZScore(Mean(premium_close_bps,168)),Sign(ZScore(Mean(realized_vol_24h,168))))",basis_premium_like|realized_vol_24h,typed_gate,L7_ranked_future_return,4,1.0,3,True,0.8262869078483286,0.0214477362914862,True,2.0766441448490305,1.2890417103063212,True,0.0199128220985363,0.0193128220985363,0.0183128220985363,95.82222222222222,A7LS8S000_RANK_LABEL_DIAGNOSTIC_CLUE,2133,0.0043551455522564,1.3457041649531365,0.7964197467646008,0.2293169135458797,0.503047351148617,2156,0.0123669196213839,3.9827758829937303,2.0766441448490305,1.2890417103063212,0.5231910946196661,2156,0.0205095974627224,6.542872337803561,3.248054725645137,2.733396650146104,0.5496289424860853,2156,0.0203128220985363,5.765875448940967,2.859357699226438,2.433361671597896,0.5561224489795918,G:\AlphaFactory_CryptoData\research_runtime\a7ls8_company_numeric\shard_000\a7ls8_s000_label_response_metrics.csv,s000,basis_vol_hybrid_expansion,A7LS8_E,a7ls6_4ec71bffe30b07a9,500,skel_52cf8b68c24720b0,prod_cfe8b16a6a0e34b0,a7ls8_s000,rank_label_diagnostic_clue
a7ls8_03819c8aa11e040a,"Mul(ZScore(Mean(premium_close_bps,168)),Sign(ZScore(Mean(realized_vol_24h,168))))",basis_premium_like|realized_vol_24h,typed_gate,L7_ranked_future_return,8,1.0,3,True,0.7885104001510183,0.0283866536727247,True,1.7042371390952469,0.9745682117039958,True,0.0269070700812336,0.0263070700812336,0.0253070700812336,95.64444444444445,A7LS8S000_RANK_LABEL_DIAGNOSTIC_CLUE,2129,0.007991166953708,2.487456922730206,0.9571518467079267,0.5068845248060624,0.5180836073273838,2152,0.0156245428455872,5.02768627408866,1.7042371390952469,0.9745682117039958,0.5311338289962825,2152,0.0282058625481894,8.843091370179968,3.156522504185008,2.6242570961868346,0.574814126394052,2152,0.0273070700812336,7.92508342995864,2.7657365206190248,2.4886982027286213,0.5692379182156134,G:\AlphaFactory_CryptoData\research_runtime\a7ls8_company_numeric\shard_000\a7ls8_s000_label_response_metrics.csv,s000,basis_vol_hybrid_expansion,A7LS8_E,a7ls6_4ec71bffe30b07a9,500,skel_52cf8b68c24720b0,prod_cfe8b16a6a0e34b0,a7ls8_s000,rank_label_diagnostic_clue
a7ls8_03819c8aa11e040a,"Mul(ZScore(Mean(premium_close_bps,168)),Sign(ZScore(Mean(realized_vol_24h,168))))",basis_premium_like|realized_vol_24h,typed_gate,L7_ranked_future_return,24,1.0,3,True,0.9821158724253392,0.0330880615810098,True,1.1245268151106378,0.5457979814196502,True,0.0325668751733943,0.0319668751733943,0.0309668751733943,94.93333333333334,A7LS8S000_RANK_LABEL_DIAGNOSTIC_CLUE,2113,0.0082273152530192,2.573250154870027,0.6659375615438915,-0.41406316437835,0.5134879318504496,2136,0.0203604001942016,5.70668135536206,1.1245268151106378,0.5457979814196502,0.5299625468164794,2136,0.0400527443993619,12.510150430869343,2.430875999550093,2.080416821751765,0.6039325842696629,2136,0.0329668751733943,10.03786495001326,2.0940244429456536,1.093693342222031,0.5903558052434457,G:\AlphaFactory_CryptoData\research_runtime\a7ls8_company_numeric\shard_000\a7ls8_s000_label_response_metrics.csv,s000,basis_vol_hybrid_expansion,A7LS8_E,a7ls6_4ec71bffe30b07a9,500,skel_52cf8b68c24720b0,prod_cfe8b16a6a0e34b0,a7ls8_s000,rank_label_diagnostic_clue
a7ls8_766c636cc93f6e92,"Mul(ZScore(Mean(mark_index_basis_bps,168)),Sign(ZScore(Mean(realized_vol_24h,168))))",basis_premium_like|realized_vol_24h,typed_gate,L7_ranked_future_return,8,1.0,3,True,0.8538498434817732,0.0314666105173482,True,1.937116160569156,1.2926483676755731,True,0.0315567069392812,0.0309567069392812,0.0299567069392812,95.64444444444445,A7LS8S001_RANK_LABEL_DIAGNOSTIC_CLUE,2129,0.0001063901501313,0.0333130124717416,0.0745247070075161,-0.4524374777976184,0.4922498825739784,2152,0.0162967480724218,5.502126974744651,1.937116160569156,1.2926483676755731,0.5636617100371747,2152,0.0221237995662949,6.763737562447018,2.3792920088313947,1.8249782098316647,0.5604089219330854,2152,0.0319567069392812,9.84344564587252,3.3239678493315274,2.810053441693179,0.587360594795539,G:\AlphaFactory_CryptoData\research_runtime\a7ls8_company_numeric\shard_001\a7ls8_s001_label_response_metrics.csv,s001,basis_vol_hybrid_expansion,A7LS8_E,a7ls6_4ec71bffe30b07a9,500,skel_9a0572b6cfaea2b4,prod_fff4eb10e5ad37ca,a7ls8_s001,rank_label_diagnostic_clue
a7ls8_0c43ea1361aee560,"Mul(ZScore(Mean(premium_close_bps,168)),Sign(ZScore(Mean(volume_volatility_ratio_168h,168))))",basis_premium_like|volume_volatility_ratio_168h,typed_gate,L7_ranked_future_return,1,-1.0,3,True,0.8492951036754728,0.0083571891136157,True,2.060854001668309,2.060854001668309,True,0.0070360879522412,0.0064360879522412,0.0054360879522412,95.95555555555556,A7LS8S001_RANK_LABEL_DIAGNOSTIC_CLUE,2136,-0.0005987524275211,-0.1903667195590928,-0.1903667195590928,-0.1903667195590928,0.49625468164794,2159,-0.0066393048908102,-2.060854001668309,-2.060854001668309,-2.060854001668309,0.4909680407596109,2159,-0.0138567774003739,-4.257051107041093,-4.257051107041093,-4.257051107041093,0.4738304770727188,2159,-0.0074360879522412,-2.2591723707506333,-2.2591723707506333,-2.2591723707506333,0.4729041222788328,G:\AlphaFactory_CryptoData\research_runtime\a7ls8_company_numeric\shard_001\a7ls8_s001_label_response_metrics.csv,s001,basis_vol_hybrid_expansion,A7LS8_E,a7ls6_4ec71bffe30b07a9,500,skel_51968975b7f2aec2,prod_610c40592b1760f1,a7ls8_s001,rank_label_diagnostic_clue
a7ls8_0c43ea1361aee560,"Mul(ZScore(Mean(premium_close_bps,168)),Sign(ZScore(Mean(volume_volatility_ratio_168h,168))))",basis_premium_like|volume_volatility_ratio_168h,typed_gate,L7_ranked_future_return,4,-1.0,3,True,0.7323048701983058,0.0157599861282897,True,1.4805817234367682,1.6920313511138436,True,0.014747784176802,0.014147784176802,0.013147784176802,95.82222222222222,A7LS8S001_RANK_LABEL_DIAGNOSTIC_CLUE,2133,-0.0031674871073605,-0.971192383771199,-0.5101114924078971,-0.7430636480730938,0.4917955930614158,2156,-0.0098767221535078,-3.0162932737561947,-1.4805817234367682,-1.6920313511138436,0.4851576994434137,2156,-0.0235584211588675,-7.18031566515639,-3.769622275586168,-4.130046116981236,0.4313543599257885,2156,-0.015147784176802,-4.492603340332156,-2.111889790178865,-2.774101064031229,0.4615027829313544,G:\AlphaFactory_CryptoData\research_runtime\a7ls8_company_numeric\shard_001\a7ls8_s001_label_response_metrics.csv,s001,basis_vol_hybrid_expansion,A7LS8_E,a7ls6_4ec71bffe30b07a9,500,skel_51968975b7f2aec2,prod_610c40592b1760f1,a7ls8_s001,rank_label_diagnostic_clue
a7ls8_0c43ea1361aee560,"Mul(ZScore(Mean(premium_close_bps,168)),Sign(ZScore(Mean(volume_volatility_ratio_168h,168))))",basis_premium_like|volume_volatility_ratio_168h,typed_gate,L7_ranked_future_return,8,-1.0,3,True,0.7161460980605477,0.0205372048395979,True,1.286310701530128,1.7833377614097432,True,0.0197927255438524,0.0191927255438524,0.0181927255438524,95.64444444444445,A7LS8S001_RANK_LABEL_DIAGNOSTIC_CLUE,2129,-0.0093286004122958,-2.850864834631813,-1.106015788421746,-1.3893359068661315,0.4790981681540629,2152,-0.0124331747814264,-3.7222769797121744,-1.286310701530128,-1.7833377614097432,0.4804832713754647,2152,-0.034125608822112,-9.975690598705109,-3.5166690661304774,-4.287829731537288,0.4191449814126394,2152,-0.0201927255438524,-6.052328950416409,-2.110210848167033,-2.4147701070793035,0.4488847583643122,G:\AlphaFactory_CryptoData\research_runtime\a7ls8_company_numeric\shard_001\a7ls8_s001_label_response_metrics.csv,s001,basis_vol_hybrid_expansion,A7LS8_E,a7ls6_4ec71bffe30b07a9,500,skel_51968975b7f2aec2,prod_610c40592b1760f1,a7ls8_s001,rank_label_diagnostic_clue
a7ls8_0c43ea1361aee560,"Mul(ZScore(Mean(premium_close_bps,168)),Sign(ZScore(Mean(volume_volatility_ratio_168h,168))))",basis_premium_like|volume_volatility_ratio_168h,typed_gate,L7_ranked_future_return,24,-1.0,3,True,0.7302021497430944,0.020515940361007,True,1.140700495266013,1.913287297798121,True,0.0201370457067554,0.0195370457067554,0.0185370457067554,94.93333333333334,A7LS8S001_RANK_LABEL_DIAGNOSTIC_CLUE,2113,-0.0099005166430036,-3.044142455172393,-0.7899729048262091,-1.5801566553321518,0.4931377188831046,2136,-0.022879197227424,-6.247105266128674,-1.275189755742161,-1.913287297798121,0.4700374531835206,2136,-0.0456149918938132,-13.497767328085766,-2.6905300354858257,-3.9743872675392806,0.4138576779026217,2136,-0.0205370457067554,-6.244388015471895,-1.140700495266013,-2.327892537400362,0.4307116104868914,G:\AlphaFactory_CryptoData\research_runtime\a7ls8_company_numeric\shard_001\a7ls8_s001_label_response_metrics.csv,s001,basis_vol_hybrid_expansion,A7LS8_E,a7ls6_4ec71bffe30b07a9,500,skel_51968975b7f2aec2,prod_610c40592b1760f1,a7ls8_s001,rank_label_diagnostic_clue
a7ls8_1320dc30c7194949,"Mul(ZScore(Mean(mark_index_basis_bps,72)),Sign(ZScore(Mean(volume_volatility_ratio_168h,72))))",basis_premium_like|volume_volatility_ratio_168h,typed_gate,L7_ranked_future_return,4,-1.0,3,True,0.8993249917681921,0.0092341087318765,True,1.1482301384560292,1.4697427495049995,True,0.008077848209991,0.007477848209991,0.006477848209991,95.82222222222222,A7LS8S001_RANK_LABEL_DIAGNOSTIC_CLUE,2133,-0.002014067953326,-0.6340186561873922,-0.3179430016478703,-0.4614256040310528,0.4955461790904829,2156,-0.0107148493867243,-3.478349788646003,-1.6677544353871254,-2.1792454623084185,0.4805194805194805,2156,-0.0099444165292379,-3.057729795567833,-1.4302565518741384,-1.941856772727495,0.4823747680890538,2156,-0.008477848209991,-2.4308268763422274,-1.1482301384560292,-1.4697427495049995,0.4795918367346938,G:\AlphaFactory_CryptoData\research_runtime\a7ls8_company_numeric\shard_001\a7ls8_s001_label_response_metrics.csv,s001,basis_vol_hybrid_expansion,A7LS8_E,a7ls6_4ec71bffe30b07a9,500,skel_1e0812df527116a1,prod_973e31e3aa02f91e,a7ls8_s001,rank_label_diagnostic_clue
a7ls8_7fd98dd07858aa28,"Mul(ZScore(Mean(mark_index_basis_bps,168)),Sign(ZScore(Mean(volume_volatility_ratio_168h,168))))",basis_premium_like|volume_volatility_ratio_168h,typed_gate,L7_ranked_future_return,1,-1.0,3,True,0.7219575450141672,0.0085095980649477,True,1.5574375090193924,1.5574375090193924,True,0.0079970470296605,0.0073970470296605,0.0063970470296605,95.95555555555556,A7LS8S002_RANK_LABEL_DIAGNOSTIC_CLUE,2136,-0.001653342393189,-0.543743847367592,-0.543743847367592,-0.543743847367592,0.5014044943820225,2159,-0.0046922443518089,-1.5574375090193924,-1.5574375090193924,-1.5574375090193924,0.4905048633626679,2159,-0.0055753906987116,-1.7910471735848694,-1.7910471735848694,-1.7910471735848694,0.4858730893932376,2159,-0.0083970470296605,-2.5800072493773434,-2.5800072493773434,-2.5800072493773434,0.4715145900880037,G:\AlphaFactory_CryptoData\research_runtime\a7ls8_company_numeric\shard_002\a7ls8_s002_label_response_metrics.csv,s002,basis_vol_hybrid_expansion,A7LS8_E,a7ls6_4ec71bffe30b07a9,500,skel_984799928e517487,prod_a14154ec8eaa94f5,a7ls8_s002,rank_label_diagnostic_clue
a7ls8_7fd98dd07858aa28,"Mul(ZScore(Mean(mark_index_basis_bps,168)),Sign(ZScore(Mean(volume_volatility_ratio_168h,168))))",basis_premium_like|volume_volatility_ratio_168h,typed_gate,L7_ranked_future_return,4,-1.0,3,True,0.602328626754132,0.0174254502937538,True,1.36150753264891,1.7081234372552216,True,0.0172057986325843,0.0166057986325843,0.0156057986325843,95.82222222222222,A7LS8S002_RANK_LABEL_DIAGNOSTIC_CLUE,2133,-0.0027014312132103,-0.8670769640850853,-0.5010891874248129,-0.6814762673803828,0.5039849976558838,2156,-0.0086704362932041,-2.819692146326188,-1.36150753264891,-1.7081234372552216,0.4693877551020408,2156,-0.0118325581495224,-3.635234779378544,-1.8796328717177715,-2.2769645974106725,0.4675324675324675,2156,-0.0176057986325843,-5.305900287960962,-2.6054765851292783,-2.861677185091584,0.4689239332096475,G:\AlphaFactory_CryptoData\research_runtime\a7ls8_company_numeric\shard_002\a7ls8_s002_label_response_metrics.csv,s002,basis_vol_hybrid_expansion,A7LS8_E,a7ls6_4ec71bffe30b07a9,500,skel_984799928e517487,prod_a14154ec8eaa94f5,a7ls8_s002,rank_label_diagnostic_clue
a7ls8_7fd98dd07858aa28,"Mul(ZScore(Mean(mark_index_basis_bps,168)),Sign(ZScore(Mean(volume_volatility_ratio_168h,168))))",basis_premium_like|volume_volatility_ratio_168h,typed_gate,L7_ranked_future_return,8,-1.0,3,True,0.7362105902870874,0.0212741377529946,True,1.291769428605353,1.4672134816804794,True,0.0213302433997659,0.0207302433997659,0.0197302433997659,95.64444444444445,A7LS8S002_RANK_LABEL_DIAGNOSTIC_CLUE,2129,-0.0103852171511577,-3.2691717649179397,-1.0770214954496409,-1.7437755979432392,0.4767496477219352,2152,-0.0105313048585295,-3.403596912625434,-1.291769428605353,-1.4672134816804794,0.4688661710037174,2152,-0.0152904974270274,-4.471379978778276,-1.5451351042662784,-2.1056062409226795,0.4693308550185873,2152,-0.0217302433997659,-6.629020535958412,-2.3150592499337628,-2.624526742443678,0.4507434944237918,G:\AlphaFactory_CryptoData\research_runtime\a7ls8_company_numeric\shard_002\a7ls8_s002_label_response_metrics.csv,s002,basis_vol_hybrid_expansion,A7LS8_E,a7ls6_4ec71bffe30b07a9,500,skel_984799928e517487,prod_a14154ec8eaa94f5,a7ls8_s002,rank_label_diagnostic_clue
a7ls8_93b0743864dd868e,"Mul(ZScore(Mean(premium_close_bps,72)),Sign(ZScore(Mean(volume_volatility_ratio_168h,72))))",basis_premium_like|volume_volatility_ratio_168h,typed_gate,L7_ranked_future_return,1,-1.0,3,True,0.5557522293106494,0.0097129211483368,True,2.699308727703236,2.699308727703236,True,0.0087476999811298,0.0081476999811298,0.0071476999811298,95.95555555555556,A7LS8S002_RANK_LABEL_DIAGNOSTIC_CLUE,2136,-0.0022534765570814,-0.7144594823429898,-0.7144594823429898,-0.7144594823429898,0.4784644194756554,2159,-0.0089242329696533,-2.767733871704666,-2.767733871704666,-2.767733871704666,0.475683186660491,2159,-0.0111729217058651,-3.4653512867546903,-3.4653512867546903,-3.4653512867546903,0.4668828161185734,2159,-0.0091476999811298,-2.699308727703236,-2.699308727703236,-2.699308727703236,0.4659564613246874,G:\AlphaFactory_CryptoData\research_runtime\a7ls8_company_numeric\shard_002\a7ls8_s002_label_response_metrics.csv,s002,basis_vol_hybrid_expansion,A7LS8_E,a7ls6_4ec71bffe30b07a9,500,skel_90e7c3efc41c48b7,prod_d87dc8b656b360f9,a7ls8_s002,rank_label_diagnostic_clue
a7ls8_93b0743864dd868e,"Mul(ZScore(Mean(premium_close_bps,72)),Sign(ZScore(Mean(volume_volatility_ratio_168h,72))))",basis_premium_like|volume_volatility_ratio_168h,typed_gate,L7_ranked_future_return,4,-1.0,3,True,0.5973294447715302,0.0186188522126022,True,2.3943485881222704,2.7211517891007286,True,0.0182464721620971,0.0176464721620971,0.0166464721620971,95.82222222222222,A7LS8S002_RANK_LABEL_DIAGNOSTIC_CLUE,2133,-0.0076240482453855,-2.358777420912227,-1.203738022635144,-1.4998083517447534,0.473511486169714,2156,-0.0156038488627774,-4.872798481036557,-2.3943485881222704,-2.7211517891007286,0.4628942486085343,2156,-0.0203752823730502,-6.409398833656465,-3.176221946828909,-3.919008683306679,0.4373840445269016,2156,-0.0186464721620971,-5.25431067880276,-2.647313739291756,-2.915397276238774,0.461038961038961,G:\AlphaFactory_CryptoData\research_runtime\a7ls8_company_numeric\shard_002\a7ls8_s002_label_response_metrics.csv,s002,basis_vol_hybrid_expansion,A7LS8_E,a7ls6_4ec71bffe30b07a9,500,skel_90e7c3efc41c48b7,prod_d87dc8b656b360f9,a7ls8_s002,rank_label_diagnostic_clue
a7ls8_93b0743864dd868e,"Mul(ZScore(Mean(premium_close_bps,72)),Sign(ZScore(Mean(volume_volatility_ratio_168h,72))))",basis_premium_like|volume_volatility_ratio_168h,typed_gate,L7_ranked_future_return,8,-1.0,3,True,0.4816935004419704,0.0222400512443205,True,2.1270304368036683,2.54178858118457,True,0.0218994813179815,0.0212994813179815,0.0202994813179815,95.64444444444445,A7LS8S002_RANK_LABEL_DIAGNOSTIC_CLUE,2129,-0.0104329214724353,-3.1339471138846835,-1.2261561674899373,-1.4273858312992789,0.4767496477219352,2152,-0.0197880363228004,-6.0873086127293226,-2.1996310979958933,-2.54178858118457,0.4609665427509293,2152,-0.0276225873003579,-8.38848582524082,-3.0178513064099155,-3.4443855177776137,0.4247211895910781,2152,-0.0222994813179815,-6.14582014502682,-2.1270304368036683,-2.708060767016582,0.4586431226765799,G:\AlphaFactory_CryptoData\research_runtime\a7ls8_company_numeric\shard_002\a7ls8_s002_label_response_metrics.csv,s002,basis_vol_hybrid_expansion,A7LS8_E,a7ls6_4ec71bffe30b07a9,500,skel_90e7c3efc41c48b7,prod_d87dc8b656b360f9,a7ls8_s002,rank_label_diagnostic_clue
a7ls8_93b0743864dd868e,"Mul(ZScore(Mean(premium_close_bps,72)),Sign(ZScore(Mean(volume_volatility_ratio_168h,72))))",basis_premium_like|volume_volatility_ratio_168h,typed_gate,L7_ranked_future_return,24,-1.0,3,True,0.8513908706892901,0.0144138945242058,True,0.8184256343632512,1.3843983351110896,True,0.0149417169510334,0.0143417169510334,0.0133417169510334,94.93333333333334,A7LS8S002_RANK_LABEL_DIAGNOSTIC_CLUE,2113,-0.0118796394892289,-3.6642641839530095,-0.6578546292529506,-2.114912726620432,0.4619025082820634,2136,-0.0301281113451935,-8.403993279948176,-1.6711474624968194,-2.472304697811442,0.4372659176029962,2136,-0.0394536397645304,-12.214948410310496,-2.4373550773651464,-3.174069890504938,0.3927902621722846,2136,-0.0153417169510334,-4.284623494807538,-0.8184256343632512,-1.3843983351110896,0.4321161048689138,G:\AlphaFactory_CryptoData\research_runtime\a7ls8_company_numeric\shard_002\a7ls8_s002_label_response_metrics.csv,s002,basis_vol_hybrid_expansion,A7LS8_E,a7ls6_4ec71bffe30b07a9,500,skel_90e7c3efc41c48b7,prod_d87dc8b656b360f9,a7ls8_s002,rank_label_diagnostic_clue
a7ls8_a54723f4bcbc2351,"Mul(ZScore(Mean(premium_close_bps,336)),Sign(ZScore(Mean(volume_volatility_ratio_168h,336))))",basis_premium_like|volume_volatility_ratio_168h,typed_gate,L7_ranked_future_return,8,-1.0,3,True,0.8790068764605464,0.0169791451535178,True,0.7227225424721779,1.3859954209272334,True,0.0174179428266556,0.0168179428266556,0.0158179428266556,95.64444444444445,A7LS8S002_RANK_LABEL_DIAGNOSTIC_CLUE,2129,-0.0027820997077396,-0.8412055188861974,-0.2723584343818843,-0.6302048397167995,0.4870831376232973,2152,-0.0070566624070631,-2.205078776408516,-0.7227225424721779,-1.3859954209272334,0.4865241635687732,2152,-0.0196431990482582,-6.10580634091215,-2.224316850595274,-2.425488762319833,0.4479553903345725,2152,-0.0178179428266556,-5.241363877077158,-1.8391406758380449,-2.0321810433225167,0.4558550185873606,G:\AlphaFactory_CryptoData\research_runtime\a7ls8_company_numeric\shard_002\a7ls8_s002_label_response_metrics.csv,s002,basis_vol_hybrid_expansion,A7LS8_E,a7ls6_4ec71bffe30b07a9,500,skel_51968975b7f2aec2,prod_8ca8e0b0676fc782,a7ls8_s002,rank_label_diagnostic_clue
a7ls8_2e503038782fbb53,"ZScore(Mean(age_x_volatility,24))",listing_age_like,zmean,L7_ranked_future_return,1,-1.0,3,True,0.90746192339537,0.0271170798809462,True,4.61075219938802,4.61075219938802,True,0.0272810680527679,0.0266810680527679,0.0256810680527679,95.95555555555556,A7LS8S002_RANK_LABEL_DIAGNOSTIC_CLUE,2136,-0.0260562155378693,-4.753025581507389,-4.753025581507389,-4.753025581507389,0.4592696629213483,2159,-0.0250573074811726,-4.61075219938802,-4.61075219938802,-4.61075219938802,0.4529874942102825,2159,-0.0337499249481069,-7.378194450020488,-7.378194450020488,-7.378194450020488,0.4418712366836498,2159,-0.0276810680527679,-7.506473913654416,-7.506473913654416,-7.506473913654416,0.4390921723019916,G:\AlphaFactory_CryptoData\research_runtime\a7ls8_company_numeric\shard_002\a7ls8_s002_label_response_metrics.csv,s002,listing_lifecycle_expansion,A7LS8_C,a7ls6_cbc157eb34ecc74e,9,skel_f2a8c1579137c519,prod_f2d908f45e7bf80c,a7ls8_s002,rank_label_diagnostic_clue
a7ls8_2e503038782fbb53,"ZScore(Mean(age_x_volatility,24))",listing_age_like,zmean,L7_ranked_future_return,4,-1.0,3,True,0.8131784759959981,0.0514363178983714,True,3.8190028546821546,3.8723530672437976,True,0.0516490029976637,0.0510490029976637,0.0500490029976637,95.82222222222222,A7LS8S002_RANK_LABEL_DIAGNOSTIC_CLUE,2133,-0.0432090897449254,-8.053716715836499,-4.054771516192169,-4.190391007920507,0.4233473980309423,2156,-0.0417472986669415,-7.617404648848364,-3.8190028546821546,-3.8723530672437976,0.4304267161410018,2156,-0.0557703684377791,-12.440475467268552,-6.150185673078646,-6.6102991764008845,0.3905380333951762,2156,-0.0520490029976637,-14.118199695827013,-7.027046955108906,-7.35759479620389,0.37569573283859,G:\AlphaFactory_CryptoData\research_runtime\a7ls8_company_numeric\shard_002\a7ls8_s002_label_response_metrics.csv,s002,listing_lifecycle_expansion,A7LS8_C,a7ls6_cbc157eb34ecc74e,9,skel_f2a8c1579137c519,prod_f2d908f45e7bf80c,a7ls8_s002,rank_label_diagnostic_clue
a7ls8_2e503038782fbb53,"ZScore(Mean(age_x_volatility,24))",listing_age_like,zmean,L7_ranked_future_return,8,-1.0,3,True,0.8329895308709759,0.0662159930899765,True,3.31232002075282,3.527533350891101,True,0.0670407904361145,0.0664407904361145,0.0654407904361145,95.64444444444445,A7LS8S002_RANK_LABEL_DIAGNOSTIC_CLUE,2129,-0.0546167182036428,-10.206637719943071,-3.481336910484941,-4.255343184741268,0.3917332080789102,2152,-0.0517436407132039,-9.466601699212674,-3.31232002075282,-3.527533350891101,0.4154275092936803,2152,-0.0712488060202395,-15.985295498310236,-5.683136966549146,-6.147014413379613,0.370817843866171,2152,-0.0674407904361145,-18.089632113625576,-6.471599182884575,-6.69464449356697,0.3503717472118959,G:\AlphaFactory_CryptoData\research_runtime\a7ls8_company_numeric\shard_002\a7ls8_s002_label_response_metrics.csv,s002,listing_lifecycle_expansion,A7LS8_C,a7ls6_cbc157eb34ecc74e,9,skel_f2a8c1579137c519,prod_f2d908f45e7bf80c,a7ls8_s002,rank_label_diagnostic_clue
a7ls8_2e503038782fbb53,"ZScore(Mean(age_x_volatility,24))",listing_age_like,zmean,L7_ranked_future_return,24,-1.0,3,True,0.8818750715885115,0.0889202082466361,True,2.743111005971741,3.3294409539159715,True,0.0896858789794007,0.0890858789794007,0.0880858789794007,94.93333333333334,A7LS8S002_RANK_LABEL_DIAGNOSTIC_CLUE,2113,-0.0704846869467669,-12.35683033169142,-2.460819810542794,-3.1080286436086983,0.3388547089446285,2136,-0.0749809537123734,-12.985942252433944,-2.743111005971741,-3.3294409539159715,0.3918539325842696,2136,-0.1168293051654182,-25.67517284528948,-5.221396238989231,-5.74716449833394,0.2837078651685393,2136,-0.0900858789794007,-23.785330268348293,-4.698740194891178,-5.5899395454426495,0.2940074906367041,G:\AlphaFactory_CryptoData\research_runtime\a7ls8_company_numeric\shard_002\a7ls8_s002_label_response_metrics.csv,s002,listing_lifecycle_expansion,A7LS8_C,a7ls6_cbc157eb34ecc74e,9,skel_f2a8c1579137c519,prod_f2d908f45e7bf80c,a7ls8_s002,rank_label_diagnostic_clue
a7ls8_913a671855c97473,"ZScore(Mean(age_x_volatility,720))",listing_age_like,zmean,L7_ranked_future_return,24,-1.0,3,True,0.9794325961677576,0.0562841912019697,True,2.188040658962032,2.7898173920724325,True,0.0559456107383132,0.0553456107383132,0.0543456107383132,94.93333333333334,A7LS8S002_RANK_LABEL_DIAGNOSTIC_CLUE,2113,-0.0752576641951937,-12.7486885271729,-2.5909067960885723,-2.986219915091353,0.3639375295787979,2136,-0.0649501707934526,-11.103457104681754,-2.188040658962032,-2.7898173920724325,0.4307116104868914,2136,-0.090072440915869,-18.751571250262604,-3.80674448896138,-4.610565790029699,0.3389513108614232,2136,-0.0563456107383132,-14.556336506281232,-2.9584595812263075,-3.492038943581869,0.3403558052434457,G:\AlphaFactory_CryptoData\research_runtime\a7ls8_company_numeric\shard_002\a7ls8_s002_label_response_metrics.csv,s002,listing_lifecycle_expansion,A7LS8_C,a7ls6_cbc157eb34ecc74e,9,skel_54da6a3a031461f5,prod_5e3c3edd7225c919,a7ls8_s002,rank_label_diagnostic_clue
a7ls8_d7569d225d386873,CSRank(age_x_volatility),listing_age_like,rank,L7_ranked_future_return,1,-1.0,3,True,0.7150249912374622,0.030257626344501,True,5.0996153581180135,5.0996153581180135,True,0.0310823660216492,0.0304823660216492,0.0294823660216492,95.95555555555556,A7LS8S003_RANK_LABEL_DIAGNOSTIC_CLUE,2159,-0.0321165277134475,-5.825037944128727,-5.825037944128727,-5.825037944128727,0.4474293654469662,2159,-0.027913005206457,-5.0996153581180135,-5.0996153581180135,-5.0996153581180135,0.4515979620194534,2159,-0.0354004769011716,-7.634525442782008,-7.634525442782008,-7.634525442782008,0.4307549791570171,2159,-0.0314823660216492,-8.446174084019084,-8.446174084019084,-8.446174084019084,0.4247336729967577,G:\AlphaFactory_CryptoData\research_runtime\a7ls8_company_numeric\shard_003\a7ls8_s003_label_response_metrics.csv,s003,listing_lifecycle_expansion,A7LS8_C,a7ls6_cbc157eb34ecc74e,9,skel_0ec42a3e2650c2c0,prod_4f016307e3d9c16c,a7ls8_s003,rank_label_diagnostic_clue
a7ls8_d7569d225d386873,CSRank(age_x_volatility),listing_age_like,rank,L7_ranked_future_return,4,-1.0,3,True,0.7138585198472164,0.057757179576376,True,3.9528200306744594,4.158804714425007,True,0.058516761148904,0.057916761148904,0.056916761148904,95.82222222222222,A7LS8S003_RANK_LABEL_DIAGNOSTIC_CLUE,2156,-0.0522318744416958,-9.702811921662242,-4.897969166368052,-5.013365345666186,0.4123376623376623,2156,-0.0436301256613756,-7.954285839916679,-3.9528200306744594,-4.158804714425007,0.4313543599257885,2156,-0.0565489342833092,-12.380957197767884,-6.045827530287411,-6.7476005707421365,0.3965677179962894,2156,-0.058916761148904,-15.575605800783189,-7.747239759225227,-8.238094465429956,0.3766233766233766,G:\AlphaFactory_CryptoData\research_runtime\a7ls8_company_numeric\shard_003\a7ls8_s003_label_response_metrics.csv,s003,listing_lifecycle_expansion,A7LS8_C,a7ls6_cbc157eb34ecc74e,9,skel_0ec42a3e2650c2c0,prod_4f016307e3d9c16c,a7ls8_s003,rank_label_diagnostic_clue
a7ls8_d7569d225d386873,CSRank(age_x_volatility),listing_age_like,rank,L7_ranked_future_return,8,-1.0,3,True,0.7140791354376534,0.0756467659283354,True,3.481813917399988,3.65373634268235,True,0.0769010732909954,0.0763010732909954,0.0753010732909954,95.64444444444445,A7LS8S003_RANK_LABEL_DIAGNOSTIC_CLUE,2152,-0.0645881469003855,-12.027787537292005,-4.4029317857985255,-4.638642381806528,0.383364312267658,2152,-0.0539784803972187,-9.891909694806364,-3.481813917399988,-3.65373634268235,0.4112453531598513,2152,-0.0739580913104089,-16.093766963997787,-5.772116082421485,-6.121903633010665,0.3689591078066914,2152,-0.0773010732909954,-20.34514706950831,-7.2643397685372655,-7.612213220827339,0.3355018587360595,G:\AlphaFactory_CryptoData\research_runtime\a7ls8_company_numeric\shard_003\a7ls8_s003_label_response_metrics.csv,s003,listing_lifecycle_expansion,A7LS8_C,a7ls6_cbc157eb34ecc74e,9,skel_0ec42a3e2650c2c0,prod_4f016307e3d9c16c,a7ls8_s003,rank_label_diagnostic_clue
a7ls8_d7569d225d386873,CSRank(age_x_volatility),listing_age_like,rank,L7_ranked_future_return,24,-1.0,3,True,0.7445625855498127,0.0975008452975447,True,2.722384506773652,3.533052044983552,True,0.0988403972031488,0.0982403972031488,0.0972403972031488,94.93333333333334,A7LS8S003_RANK_LABEL_DIAGNOSTIC_CLUE,2136,-0.0756967473383964,-13.423762273917005,-2.74500458583133,-3.263311385227404,0.3239700374531835,2136,-0.0787175481602857,-13.440527876050124,-2.722384506773652,-3.533052044983552,0.3852996254681648,2136,-0.1205936427122346,-25.74547111875089,-5.287416633396552,-6.100070746572854,0.2860486891385768,2136,-0.0992403972031488,-26.360014383520365,-5.353022392474401,-6.683552043678294,0.2715355805243445,G:\AlphaFactory_CryptoData\research_runtime\a7ls8_company_numeric\shard_003\a7ls8_s003_label_response_metrics.csv,s003,listing_lifecycle_expansion,A7LS8_C,a7ls6_cbc157eb34ecc74e,9,skel_0ec42a3e2650c2c0,prod_4f016307e3d9c16c,a7ls8_s003,rank_label_diagnostic_clue
a7ls8_f9dd4a48ae129864,"ZScore(Mean(age_x_volatility,336))",listing_age_like,zmean,L7_ranked_future_return,8,-1.0,3,True,0.9901606662935194,0.0412063659558722,True,3.085932650784913,3.348755360037824,True,0.0412544848461379,0.0406544848461379,0.0396544848461379,95.64444444444445,A7LS8S003_RANK_LABEL_DIAGNOSTIC_CLUE,2129,-0.0543002115842944,-9.733989797977328,-3.414495363738833,-3.9684714401787455,0.4044152184124002,2152,-0.0459688930624397,-8.63229137990983,-3.085932650784913,-3.348755360037824,0.4205390334572491,2152,-0.0658885091818119,-14.78533482270503,-5.313140770749136,-5.771659675031146,0.3768587360594795,2152,-0.0416544848461379,-10.889215746595433,-3.904185722363074,-4.134126125555053,0.400092936802974,G:\AlphaFactory_CryptoData\research_runtime\a7ls8_company_numeric\shard_003\a7ls8_s003_label_response_metrics.csv,s003,listing_lifecycle_expansion,A7LS8_C,a7ls6_cbc157eb34ecc74e,9,skel_54da6a3a031461f5,prod_f65bec155f25852d,a7ls8_s003,rank_label_diagnostic_clue
a7ls8_0dddc36523b7f147,"Mul(ZScore(Mean(age_x_liquidity,168)),Sign(ZScore(Mean(volume_volatility_ratio_168h,168))))",listing_age_like|regime_state,typed_gate,L7_ranked_future_return,1,1.0,3,True,0.989145829959699,0.0056927664985504,True,1.862412646223245,1.862412646223245,True,0.0052117372583329,0.0046117372583329,0.0036117372583329,95.95555555555556,A7LS8S003_RANK_LABEL_DIAGNOSTIC_CLUE,2136,0.0075055648755028,2.268385463716708,2.268385463716708,2.268385463716708,0.5215355805243446,2159,0.0126934462542672,3.507025424784683,3.507025424784683,3.507025424784683,0.5372857804539138,2159,0.0117522955157566,4.14865503098954,4.14865503098954,4.14865503098954,0.5345067160722556,2159,0.0056117372583329,1.862412646223245,1.862412646223245,1.862412646223245,0.5303381194997684,G:\AlphaFactory_CryptoData\research_runtime\a7ls8_company_numeric\shard_003\a7ls8_s003_label_response_metrics.csv,s003,listing_lifecycle_expansion,A7LS8_C,a7ls6_cbc157eb34ecc74e,9,skel_7d76f6fef6e34471,prod_5127ddf299e8e4ee,a7ls8_s003,rank_label_diagnostic_clue
a7ls8_13114ccc1b7911ca,"Mul(ZScore(Mean(age_x_volatility,336)),Sign(ZScore(Mean(liquidity_rank_active_universe,336))))",listing_age_like|regime_state,typed_gate,L7_ranked_future_return,1,-1.0,3,True,0.9918779016005872,0.0082658134338599,True,2.4570439916999307,2.4570439916999307,True,0.0077236169008285,0.0071236169008285,0.0061236169008285,95.95555555555556,A7LS8S003_RANK_LABEL_DIAGNOSTIC_CLUE,2136,-0.0160071449316826,-3.66344995857112,-3.66344995857112,-3.66344995857112,0.4644194756554307,2159,-0.0114950551524196,-3.2757537952671942,-3.2757537952671942,-3.2757537952671942,0.4779990736452061,2159,-0.0140586937968538,-4.040771157313627,-4.040771157313627,-4.040771157313627,0.4738304770727188,2159,-0.0081236169008285,-2.4570439916999307,-2.4570439916999307,-2.4570439916999307,0.4673459935155164,G:\AlphaFactory_CryptoData\research_runtime\a7ls8_company_numeric\shard_003\a7ls8_s003_label_response_metrics.csv,s003,listing_lifecycle_expansion,A7LS8_C,a7ls6_cbc157eb34ecc74e,9,skel_698fe17cf9dabbf9,prod_1991a8d8f23e08ef,a7ls8_s003,rank_label_diagnostic_clue
a7ls8_13114ccc1b7911ca,"Mul(ZScore(Mean(age_x_volatility,336)),Sign(ZScore(Mean(liquidity_rank_active_universe,336))))",listing_age_like|regime_state,typed_gate,L7_ranked_future_return,4,-1.0,3,True,0.9924696133061732,0.0141469703411667,True,2.0847682506432568,2.6092117663244925,True,0.0143368938105545,0.0137368938105545,0.0127368938105545,95.82222222222222,A7LS8S003_RANK_LABEL_DIAGNOSTIC_CLUE,2133,-0.0270955965341806,-6.209987498777523,-3.1520446456997098,-3.391068266649407,0.4486638537271448,2156,-0.0196922724266474,-5.60998156878994,-2.7355693795649265,-3.609112846404822,0.4457328385899815,2156,-0.0255106335463478,-7.334408279946432,-3.535898598762138,-4.159621004056036,0.4438775510204081,2156,-0.0147368938105545,-4.290563840999027,-2.0847682506432568,-2.6092117663244925,0.4582560296846011,G:\AlphaFactory_CryptoData\research_runtime\a7ls8_company_numeric\shard_003\a7ls8_s003_label_response_metrics.csv,s003,listing_lifecycle_expansion,A7LS8_C,a7ls6_cbc157eb34ecc74e,9,skel_698fe17cf9dabbf9,prod_1991a8d8f23e08ef,a7ls8_s003,rank_label_diagnostic_clue
a7ls8_13114ccc1b7911ca,"Mul(ZScore(Mean(age_x_volatility,336)),Sign(ZScore(Mean(liquidity_rank_active_universe,336))))",listing_age_like|regime_state,typed_gate,L7_ranked_future_return,8,-1.0,3,True,0.9926849910655096,0.0163677414635825,True,1.7602933581523443,2.2808736113299077,True,0.0167941690761393,0.0161941690761393,0.0151941690761393,95.64444444444445,A7LS8S003_RANK_LABEL_DIAGNOSTIC_CLUE,2129,-0.0354298499121479,-8.12175305008964,-2.8033289606170086,-3.584438788028768,0.4185063410051667,2152,-0.0261769036985405,-7.2764351063757955,-2.552486591429447,-3.076235363625878,0.4251858736059479,2152,-0.0319645592386066,-9.273391025155489,-3.3352871851072794,-4.010793030378051,0.4284386617100372,2152,-0.0171941690761393,-5.038453259097673,-1.7602933581523443,-2.2808736113299077,0.4632899628252788,G:\AlphaFactory_CryptoData\research_runtime\a7ls8_company_numeric\shard_003\a7ls8_s003_label_response_metrics.csv,s003,listing_lifecycle_expansion,A7LS8_C,a7ls6_cbc157eb34ecc74e,9,skel_698fe17cf9dabbf9,prod_1991a8d8f23e08ef,a7ls8_s003,rank_label_diagnostic_clue
a7ls8_190c10112772cb0e,"Mul(ZScore(Mean(age_x_volatility,24)),Sign(ZScore(Mean(realized_vol_168h,24))))",listing_age_like|regime_state,typed_gate,L7_ranked_future_return,1,-1.0,3,True,0.9673635980907946,0.0106581193282212,True,2.375019346816802,2.375019346816802,True,0.0098037873329559,0.0092037873329559,0.0082037873329559,95.95555555555556,A7LS8S003_RANK_LABEL_DIAGNOSTIC_CLUE,2136,-0.0040072522194479,-1.0938355224102798,-1.0938355224102798,-1.0938355224102798,0.5032771535580525,2159,-0.0088642450637297,-2.375019346816802,-2.375019346816802,-2.375019346816802,0.4840203798054655,2159,-0.0115609667970425,-2.9654050561225795,-2.9654050561225795,-2.9654050561225795,0.475683186660491,2159,-0.0102037873329559,-2.784731782326688,-2.784731782326688,-2.784731782326688,0.4798517832329782,G:\AlphaFactory_CryptoData\research_runtime\a7ls8_company_numeric\shard_003\a7ls8_s003_label_response_metrics.csv,s003,listing_lifecycle_expansion,A7LS8_C,a7ls6_cbc157eb34ecc74e,9,skel_0b249c5bf48d82ca,prod_e80be2e9f4f307e3,a7ls8_s003,rank_label_diagnostic_clue
a7ls8_190c10112772cb0e,"Mul(ZScore(Mean(age_x_volatility,24)),Sign(ZScore(Mean(realized_vol_168h,24))))",listing_age_like|regime_state,typed_gate,L7_ranked_future_return,4,-1.0,3,True,0.8093017863267279,0.021420143183536,True,2.2928744089203734,2.8004107279839228,True,0.0213054151205936,0.0207054151205936,0.0197054151205936,95.82222222222222,A7LS8S003_RANK_LABEL_DIAGNOSTIC_CLUE,2133,-0.0065504484207601,-1.752739272534114,-0.9725055480258928,-1.2360174534917954,0.4753867791842475,2156,-0.0180021945646945,-4.763320720395468,-2.2928744089203734,-2.8004107279839228,0.4656771799628942,2156,-0.0219448685408506,-5.478025281553285,-2.7290683604035664,-3.081707491279138,0.4434137291280148,2156,-0.0217054151205936,-5.593178646572608,-2.779856528736498,-2.9908453769659924,0.459647495361781,G:\AlphaFactory_CryptoData\research_runtime\a7ls8_company_numeric\shard_003\a7ls8_s003_label_response_metrics.csv,s003,listing_lifecycle_expansion,A7LS8_C,a7ls6_cbc157eb34ecc74e,9,skel_0b249c5bf48d82ca,prod_e80be2e9f4f307e3,a7ls8_s003,rank_label_diagnostic_clue
a7ls8_190c10112772cb0e,"Mul(ZScore(Mean(age_x_volatility,24)),Sign(ZScore(Mean(realized_vol_168h,24))))",listing_age_like|regime_state,typed_gate,L7_ranked_future_return,8,-1.0,3,True,0.8721137993938228,0.029956952189178,True,1.8913768877186703,1.9406100888240136,True,0.0292337440193446,0.0286337440193446,0.0276337440193446,95.64444444444445,A7LS8S003_RANK_LABEL_DIAGNOSTIC_CLUE,2129,-0.0080749689038498,-2.193363767389984,-0.8598395920123404,-1.0363953608534,0.4668858619069986,2152,-0.0235323729863692,-5.913413235918891,-2.1044948136247585,-2.801585443259218,0.441449814126394,2152,-0.0220204019946991,-5.106833224933871,-1.8913768877186703,-1.9406100888240136,0.4391263940520446,2152,-0.0296337440193446,-7.386217121813884,-2.6122740359183925,-3.0089978296560727,0.4419144981412639,G:\AlphaFactory_CryptoData\research_runtime\a7ls8_company_numeric\shard_003\a7ls8_s003_label_response_metrics.csv,s003,listing_lifecycle_expansion,A7LS8_C,a7ls6_cbc157eb34ecc74e,9,skel_0b249c5bf48d82ca,prod_e80be2e9f4f307e3,a7ls8_s003,rank_label_diagnostic_clue
a7ls8_284dafe08950be59,"Mul(ZScore(Mean(age_x_volatility,24)),ZScore(Mean(volume_volatility_ratio_168h,24)))",listing_age_like|regime_state,typed_interaction,L7_ranked_future_return,4,1.0,3,True,0.9773845912955864,0.0164610067511853,True,1.5719440990369358,1.49765676497478,True,0.016438828334364,0.015838828334364,0.014838828334364,95.82222222222222,A7LS8S003_RANK_LABEL_DIAGNOSTIC_CLUE,2133,0.0209142107707801,4.982234470355226,2.57138396996564,2.115980815635856,0.543834974214721,2156,0.0118283440270047,3.11798152608815,1.5719440990369358,1.49765676497478,0.5287569573283859,2156,0.0237342601181886,5.821021849840906,2.8638299895168444,2.5128875755298803,0.5459183673469388,2156,0.016838828334364,4.573230951985098,2.4370658966890826,1.7815649639979962,0.537569573283859,G:\AlphaFactory_CryptoData\research_runtime\a7ls8_company_numeric\shard_003\a7ls8_s003_label_response_metrics.csv,s003,listing_lifecycle_expansion,A7LS8_C,a7ls6_cbc157eb34ecc74e,9,skel_aefe554130ab7f62,prod_15e56e4eded8ca52,a7ls8_s003,rank_label_diagnostic_clue
a7ls8_284dafe08950be59,"Mul(ZScore(Mean(age_x_volatility,24)),ZScore(Mean(volume_volatility_ratio_168h,24)))",listing_age_like|regime_state,typed_interaction,L7_ranked_future_return,8,1.0,3,True,0.980301301466374,0.0230414967127908,True,1.1178420794429784,0.9509591791139128,True,0.0239380941931708,0.0233380941931708,0.0223380941931708,95.64444444444445,A7LS8S003_RANK_LABEL_DIAGNOSTIC_CLUE,2129,0.0291746309778543,6.777458639436733,2.432654485160631,2.0909114799237978,0.5551902301550024,2152,0.0134394792096929,3.4522574036814127,1.1178420794429784,0.9509591791139128,0.5381040892193308,2152,0.0249738615241635,5.976095352766037,2.0907697324589067,1.7649700367378434,0.5552973977695167,2152,0.0243380941931708,6.581887908231703,2.2363267811960568,1.9789325570034515,0.5720260223048327,G:\AlphaFactory_CryptoData\research_runtime\a7ls8_company_numeric\shard_003\a7ls8_s003_label_response_metrics.csv,s003,listing_lifecycle_expansion,A7LS8_C,a7ls6_cbc157eb34ecc74e,9,skel_aefe554130ab7f62,prod_15e56e4eded8ca52,a7ls8_s003,rank_label_diagnostic_clue
a7ls8_2b6fa341fc2e350d,"Mul(ZScore(Mean(log1p_listing_age_days,336)),ZScore(Mean(volume_volatility_ratio_168h,336)))",listing_age_like|regime_state,typed_interaction,L7_ranked_future_return,24,1.0,3,True,0.9808462025776568,0.0564736516420446,True,2.3474980462645165,1.7825946435413,True,0.0563753036568872,0.0557753036568872,0.0547753036568872,94.93333333333334,A7LS8S003_RANK_LABEL_DIAGNOSTIC_CLUE,2113,0.0544756555538027,10.923254057370409,2.242939483955262,1.7640843813791252,0.6431613819214387,2136,0.056301720288875,11.305171251670965,2.3474980462645165,1.7825946435413,0.5912921348314607,2136,0.0782623608510195,17.846703489197786,3.666918010791616,2.8703655101557217,0.6666666666666666,2136,0.0567753036568872,13.79225912485066,2.8118481509567443,2.234814665026342,0.6549625468164794,G:\AlphaFactory_CryptoData\research_runtime\a7ls8_company_numeric\shard_003\a7ls8_s003_label_response_metrics.csv,s003,listing_lifecycle_expansion,A7LS8_C,a7ls6_cbc157eb34ecc74e,9,skel_2ae17b1b9099105e,prod_86c5a75e945a63bb,a7ls8_s003,rank_label_diagnostic_clue
a7ls8_4b7120742b7bed8f,"Mul(ZScore(Mean(age_x_volatility,168)),ZScore(Mean(realized_vol_168h,168)))",listing_age_like|regime_state,typed_interaction,L7_ranked_future_return,4,-1.0,3,True,0.9931366577509424,0.0127192417370988,True,1.6472848291688194,1.928440531178529,True,0.0121711569349962,0.0115711569349962,0.0105711569349962,95.82222222222222,A7LS8S004_RANK_LABEL_DIAGNOSTIC_CLUE,2133,-0.0092577127936656,-2.4483048363392346,-1.1522978158291797,-1.7241402025091224,0.4749179559306141,2156,-0.0153128865182436,-4.186637641064928,-2.0989157051392304,-2.278652549394778,0.4601113172541744,2156,-0.0182441442486085,-4.577508018378865,-2.366107031794859,-2.6848374098219323,0.4531539888682745,2156,-0.0125711569349962,-3.38678211973851,-1.6472848291688194,-1.928440531178529,0.4837662337662338,G:\AlphaFactory_CryptoData\research_runtime\a7ls8_company_numeric\shard_004\a7ls8_s004_label_response_metrics.csv,s004,listing_lifecycle_expansion,A7LS8_C,a7ls6_cbc157eb34ecc74e,9,skel_f8213bd2a48384d0,prod_eca2e77cebe65dcb,a7ls8_s004,rank_label_diagnostic_clue
a7ls8_4b7120742b7bed8f,"Mul(ZScore(Mean(age_x_volatility,168)),ZScore(Mean(realized_vol_168h,168)))",listing_age_like|regime_state,typed_interaction,L7_ranked_future_return,8,-1.0,3,True,0.9564320693404236,0.0197942751359631,True,1.6566969145166652,1.967571463537466,True,0.0193973138682362,0.0187973138682362,0.0177973138682362,95.64444444444445,A7LS8S004_RANK_LABEL_DIAGNOSTIC_CLUE,2129,-0.0113376726597428,-2.975680287606034,-1.00064792950036,-1.523384985032769,0.4645373414748708,2152,-0.0183339894843728,-4.873095250674086,-1.6981235586789003,-1.9888915543113257,0.4628252788104089,2152,-0.0177589430159713,-4.416416009513352,-1.6566969145166652,-1.967571463537466,0.4628252788104089,2152,-0.0197973138682362,-5.177552416137083,-1.8276675678041812,-2.0399638922104533,0.4637546468401487,G:\AlphaFactory_CryptoData\research_runtime\a7ls8_company_numeric\shard_004\a7ls8_s004_label_response_metrics.csv,s004,listing_lifecycle_expansion,A7LS8_C,a7ls6_cbc157eb34ecc74e,9,skel_f8213bd2a48384d0,prod_eca2e77cebe65dcb,a7ls8_s004,rank_label_diagnostic_clue
a7ls8_81c0f168245f236c,"Mul(ZScore(Mean(age_x_volatility,24)),ZScore(Mean(realized_vol_168h,24)))",listing_age_like|regime_state,typed_interaction,L7_ranked_future_return,1,-1.0,3,True,0.9723090838029724,0.0104292646629955,True,2.354372848751331,2.354372848751331,True,0.0098900434014375,0.0092900434014375,0.0082900434014375,95.95555555555556,A7LS8S005_RANK_LABEL_DIAGNOSTIC_CLUE,2136,-0.0036981225724788,-1.0082985494516084,-1.0082985494516084,-1.0082985494516084,0.5037453183520599,2159,-0.0087834570617398,-2.354372848751331,-2.354372848751331,-2.354372848751331,0.4835572024085224,2159,-0.0117193798998164,-3.0085927682454767,-3.0085927682454767,-3.0085927682454767,0.4747568318666049,2159,-0.0102900434014375,-2.8093670207521693,-2.8093670207521693,-2.8093670207521693,0.4789254284390922,G:\AlphaFactory_CryptoData\research_runtime\a7ls8_company_numeric\shard_005\a7ls8_s005_label_response_metrics.csv,s005,listing_lifecycle_expansion,A7LS8_C,a7ls6_cbc157eb34ecc74e,9,skel_deae258b425a8a0b,prod_8bb0115a062cba29,a7ls8_s005,rank_label_diagnostic_clue
a7ls8_81c0f168245f236c,"Mul(ZScore(Mean(age_x_volatility,24)),ZScore(Mean(realized_vol_168h,24)))",listing_age_like|regime_state,typed_interaction,L7_ranked_future_return,4,-1.0,3,True,0.8372610267850428,0.0210248745963031,True,2.3012818260276022,2.786747344310077,True,0.0209873428159142,0.0203873428159142,0.0193873428159142,95.82222222222222,A7LS8S005_RANK_LABEL_DIAGNOSTIC_CLUE,2133,-0.0069533434043513,-1.8629189203579637,-0.9487489375189664,-1.5462740390643817,0.4749179559306141,2156,-0.0181119764825121,-4.779963711042317,-2.3012818260276022,-2.786747344310077,0.4638218923933209,2156,-0.0218813614460935,-5.449597610343807,-2.721203767753188,-3.030648383840628,0.4438775510204081,2156,-0.0213873428159142,-5.500463598610912,-2.762174882333309,-2.9386510338988674,0.4577922077922078,G:\AlphaFactory_CryptoData\research_runtime\a7ls8_company_numeric\shard_005\a7ls8_s005_label_response_metrics.csv,s005,listing_lifecycle_expansion,A7LS8_C,a7ls6_cbc157eb34ecc74e,9,skel_deae258b425a8a0b,prod_8bb0115a062cba29,a7ls8_s005,rank_label_diagnostic_clue
a7ls8_81c0f168245f236c,"Mul(ZScore(Mean(age_x_volatility,24)),ZScore(Mean(realized_vol_168h,24)))",listing_age_like|regime_state,typed_interaction,L7_ranked_future_return,8,-1.0,3,True,0.8897033834305954,0.0296292531495249,True,1.8466905259417976,1.9237966112096092,True,0.0288972783715406,0.0282972783715406,0.0272972783715406,95.64444444444445,A7LS8S005_RANK_LABEL_DIAGNOSTIC_CLUE,2129,-0.0088888508341596,-2.4120675542633103,-0.9800160741909948,-1.133707352572926,0.4607797087834664,2152,-0.0233930753476524,-5.847211509586281,-2.0338001706265056,-2.7594921692353,0.4423791821561338,2152,-0.0217839724889852,-5.04404576004382,-1.8466905259417976,-1.9237966112096092,0.4400557620817844,2152,-0.0292972783715406,-7.273449657427579,-2.599523643640824,-2.9278640154163846,0.4428438661710037,G:\AlphaFactory_CryptoData\research_runtime\a7ls8_company_numeric\shard_005\a7ls8_s005_label_response_metrics.csv,s005,listing_lifecycle_expansion,A7LS8_C,a7ls6_cbc157eb34ecc74e,9,skel_deae258b425a8a0b,prod_8bb0115a062cba29,a7ls8_s005,rank_label_diagnostic_clue
a7ls8_82d57e01b30b8ad1,"Mul(ZScore(Mean(log1p_listing_age_days,24)),ZScore(Mean(volume_volatility_ratio_168h,24)))",listing_age_like|regime_state,typed_interaction,L7_ranked_future_return,1,1.0,3,True,0.8903499770393626,0.0247883268574271,True,4.1279198515012,4.1279198515012,True,0.0247703677971626,0.0241703677971626,0.0231703677971626,95.95555555555556,A7LS8S005_RANK_LABEL_DIAGNOSTIC_CLUE,2136,0.0198264268189069,4.100772019865593,4.100772019865593,4.100772019865593,0.5374531835205992,2159,0.0188433591940713,4.1279198515012,4.1279198515012,4.1279198515012,0.5423807318202871,2159,0.028530065788345,6.57587322965972,6.57587322965972,6.57587322965972,0.5530338119499768,2159,0.0251703677971626,6.599062754115677,6.599062754115677,6.599062754115677,0.5502547475683187,G:\AlphaFactory_CryptoData\research_runtime\a7ls8_company_numeric\shard_005\a7ls8_s005_label_response_metrics.csv,s005,listing_lifecycle_expansion,A7LS8_C,a7ls6_cbc157eb34ecc74e,9,skel_a1c96a8fda6d0b5d,prod_c20a85f4c44fe6d3,a7ls8_s005,rank_label_diagnostic_clue
a7ls8_82d57e01b30b8ad1,"Mul(ZScore(Mean(log1p_listing_age_days,24)),ZScore(Mean(volume_volatility_ratio_168h,24)))",listing_age_like|regime_state,typed_interaction,L7_ranked_future_return,4,1.0,3,True,0.8833940251524361,0.046554834054834,True,3.486846247447599,3.289143455000019,True,0.0467771821102178,0.0461771821102178,0.0451771821102178,95.82222222222222,A7LS8S005_RANK_LABEL_DIAGNOSTIC_CLUE,2133,0.0391496175617718,8.128824882812344,4.053762940842947,3.8086240919476086,0.5644631973745898,2156,0.0319294937040472,6.9201701046764015,3.486846247447599,3.289143455000019,0.5579777365491652,2156,0.0492113148921184,11.47019726041737,5.75319351046449,5.217055833975502,0.601113172541744,2156,0.0471771821102178,12.212852775943464,6.089885429149219,6.043639895224464,0.608534322820037,G:\AlphaFactory_CryptoData\research_runtime\a7ls8_company_numeric\shard_005\a7ls8_s005_label_response_metrics.csv,s005,listing_lifecycle_expansion,A7LS8_C,a7ls6_cbc157eb34ecc74e,9,skel_a1c96a8fda6d0b5d,prod_c20a85f4c44fe6d3,a7ls8_s005,rank_label_diagnostic_clue
a7ls8_82d57e01b30b8ad1,"Mul(ZScore(Mean(log1p_listing_age_days,24)),ZScore(Mean(volume_volatility_ratio_168h,24)))",listing_age_like|regime_state,typed_interaction,L7_ranked_future_return,8,1.0,3,True,0.892025372470897,0.0625483508020101,True,3.065026073513775,2.8714301256116057,True,0.0629140844434118,0.0623140844434118,0.0613140844434118,95.64444444444445,A7LS8S005_RANK_LABEL_DIAGNOSTIC_CLUE,2129,0.0487522126106848,10.275963822854262,3.567065233105121,3.021529266990288,0.5871301080319399,2152,0.0404489417682087,8.69144040623695,3.065026073513775,2.8714301256116057,0.5729553903345725,2152,0.0648200048619716,15.1482511091992,5.378309692048589,4.765501044295298,0.6282527881040892,2152,0.0633140844434118,15.97891605558412,5.594267342469671,5.322435681295997,0.6236059479553904,G:\AlphaFactory_CryptoData\research_runtime\a7ls8_company_numeric\shard_005\a7ls8_s005_label_response_metrics.csv,s005,listing_lifecycle_expansion,A7LS8_C,a7ls6_cbc157eb34ecc74e,9,skel_a1c96a8fda6d0b5d,prod_c20a85f4c44fe6d3,a7ls8_s005,rank_label_diagnostic_clue
a7ls8_82d57e01b30b8ad1,"Mul(ZScore(Mean(log1p_listing_age_days,24)),ZScore(Mean(volume_volatility_ratio_168h,24)))",listing_age_like|regime_state,typed_interaction,L7_ranked_future_return,24,1.0,3,True,0.922288629196584,0.0881777010507698,True,2.413619503189137,1.9469128519769088,True,0.088658002583576,0.088058002583576,0.087058002583576,94.93333333333334,A7LS8S005_RANK_LABEL_DIAGNOSTIC_CLUE,2113,0.0657207750521463,13.123639014812465,2.645157202467745,2.06685451316258,0.6289635589209654,2136,0.0596401037331807,11.99751109168822,2.413619503189137,1.9469128519769088,0.5819288389513109,2136,0.0941461519454848,21.656579976991846,4.439068294480951,3.3817823713159187,0.6839887640449438,2136,0.089058002583576,22.64431928590666,4.6534942353660576,4.022200726132876,0.6788389513108615,G:\AlphaFactory_CryptoData\research_runtime\a7ls8_company_numeric\shard_005\a7ls8_s005_label_response_metrics.csv,s005,listing_lifecycle_expansion,A7LS8_C,a7ls6_cbc157eb34ecc74e,9,skel_a1c96a8fda6d0b5d,prod_c20a85f4c44fe6d3,a7ls8_s005,rank_label_diagnostic_clue
a7ls8_874cd9c02107f1d2,"Mul(ZScore(Mean(log1p_listing_age_days,24)),ZScore(Mean(realized_vol_168h,24)))",listing_age_like|regime_state,typed_interaction,L7_ranked_future_return,1,-1.0,3,True,0.8681514072417277,0.0245319174257629,True,4.650672695229521,4.650672695229521,True,0.0242997656236597,0.0236997656236597,0.0226997656236597,95.95555555555556,A7LS8S005_RANK_LABEL_DIAGNOSTIC_CLUE,2136,-0.0220325721320571,-4.538133900446026,-4.538133900446026,-4.538133900446026,0.4644194756554307,2159,-0.0218587566260099,-4.650672695229521,-4.650672695229521,-4.650672695229521,0.4502084298286243,2159,-0.0297712096649683,-6.9185213590493495,-6.9185213590493495,-6.9185213590493495,0.4455766558591941,2159,-0.0246997656236597,-6.919799718262484,-6.919799718262484,-6.919799718262484,0.4418712366836498,G:\AlphaFactory_CryptoData\research_runtime\a7ls8_company_numeric\shard_005\a7ls8_s005_label_response_metrics.csv,s005,listing_lifecycle_expansion,A7LS8_C,a7ls6_cbc157eb34ecc74e,9,skel_2b2d189fec9fde73,prod_6e1dbed9f5408c60,a7ls8_s005,rank_label_diagnostic_clue
a7ls8_874cd9c02107f1d2,"Mul(ZScore(Mean(log1p_listing_age_days,24)),ZScore(Mean(realized_vol_168h,24)))",listing_age_like|regime_state,typed_interaction,L7_ranked_future_return,4,-1.0,3,True,0.845746873254917,0.0479067352951281,True,3.846224404966976,3.974770827065736,True,0.0475945071462928,0.0469945071462928,0.0459945071462928,95.82222222222222,A7LS8S005_RANK_LABEL_DIAGNOSTIC_CLUE,2133,-0.0374381956382073,-7.861605877887155,-3.920488112739374,-4.117757650589788,0.4308485700890764,2156,-0.0364092669896241,-7.703547974975792,-3.846224404966976,-3.974770827065736,0.4383116883116883,2156,-0.0484509207723493,-11.431942845284643,-5.602806563957683,-6.200470070813285,0.4030612244897959,2156,-0.0479945071462928,-13.624146504325427,-6.789717471411052,-7.247345897927405,0.3891465677179963,G:\AlphaFactory_CryptoData\research_runtime\a7ls8_company_numeric\shard_005\a7ls8_s005_label_response_metrics.csv,s005,listing_lifecycle_expansion,A7LS8_C,a7ls6_cbc157eb34ecc74e,9,skel_2b2d189fec9fde73,prod_6e1dbed9f5408c60,a7ls8_s005,rank_label_diagnostic_clue
a7ls8_874cd9c02107f1d2,"Mul(ZScore(Mean(log1p_listing_age_days,24)),ZScore(Mean(realized_vol_168h,24)))",listing_age_like|regime_state,typed_interaction,L7_ranked_future_return,8,-1.0,3,True,0.8435331378299119,0.0638748246678369,True,3.311884436034757,3.645059355605989,True,0.064148428249346,0.063548428249346,0.062548428249346,95.64444444444445,A7LS8S005_RANK_LABEL_DIAGNOSTIC_CLUE,2129,-0.0457898693961693,-9.689264527876656,-3.4746843501468963,-4.238116935191226,0.3936120244246125,2152,-0.044702494664739,-9.471837606612564,-3.311884436034757,-3.645059355605989,0.4182156133828996,2152,-0.063043610379664,-15.020998370381587,-5.351116750706553,-5.895752314062412,0.379182156133829,2152,-0.064548428249346,-18.06111005197587,-6.497835249018712,-6.638817778133613,0.3452602230483271,G:\AlphaFactory_CryptoData\research_runtime\a7ls8_company_numeric\shard_005\a7ls8_s005_label_response_metrics.csv,s005,listing_lifecycle_expansion,A7LS8_C,a7ls6_cbc157eb34ecc74e,9,skel_2b2d189fec9fde73,prod_6e1dbed9f5408c60,a7ls8_s005,rank_label_diagnostic_clue
a7ls8_874cd9c02107f1d2,"Mul(ZScore(Mean(log1p_listing_age_days,24)),ZScore(Mean(realized_vol_168h,24)))",listing_age_like|regime_state,typed_interaction,L7_ranked_future_return,24,-1.0,3,True,0.8869966527600471,0.0841997633166874,True,2.817883229474244,3.3643482242200955,True,0.0849784657199334,0.0843784657199334,0.0833784657199334,94.93333333333334,A7LS8S005_RANK_LABEL_DIAGNOSTIC_CLUE,2113,-0.0590536866137315,-11.761983966283676,-2.365048424622779,-3.0439361589144727,0.3398012304779934,2136,-0.0638542371081287,-13.309644123810534,-2.817883229474244,-3.3643482242200955,0.3946629213483146,2136,-0.1049884746930919,-23.59830876654369,-4.895318342620507,-5.437338982190662,0.3066479400749063,2136,-0.0853784657199334,-23.615648764804615,-4.6386931748511735,-5.670253628854528,0.3061797752808989,G:\AlphaFactory_CryptoData\research_runtime\a7ls8_company_numeric\shard_005\a7ls8_s005_label_response_metrics.csv,s005,listing_lifecycle_expansion,A7LS8_C,a7ls6_cbc157eb34ecc74e,9,skel_2b2d189fec9fde73,prod_6e1dbed9f5408c60,a7ls8_s005,rank_label_diagnostic_clue
a7ls8_9e1977b259676394,"Mul(ZScore(Mean(age_percentile_active_universe,24)),ZScore(Mean(volume_volatility_ratio_168h,24)))",listing_age_like|regime_state,typed_interaction,L7_ranked_future_return,1,1.0,3,True,0.8946420589257004,0.0248105207743639,True,4.128377831766646,4.128377831766646,True,0.0247590564047141,0.0241590564047141,0.0231590564047141,95.95555555555556,A7LS8S005_RANK_LABEL_DIAGNOSTIC_CLUE,2136,0.0198264268189069,4.100772019865593,4.100772019865593,4.100772019865593,0.5374531835205992,2159,0.0188460396188221,4.128377831766646,4.128377831766646,4.128377831766646,0.5428439092172302,2159,0.0286008290017669,6.6007463497171255,6.6007463497171255,6.6007463497171255,0.553960166743863,2159,0.0251590564047141,6.594864499776506,6.594864499776506,6.594864499776506,0.5507179249652617,G:\AlphaFactory_CryptoData\research_runtime\a7ls8_company_numeric\shard_005\a7ls8_s005_label_response_metrics.csv,s005,listing_lifecycle_expansion,A7LS8_C,a7ls6_cbc157eb34ecc74e,9,skel_8e940096f44fde12,prod_6db0034faf5d1a93,a7ls8_s005,rank_label_diagnostic_clue
a7ls8_9e1977b259676394,"Mul(ZScore(Mean(age_percentile_active_universe,24)),ZScore(Mean(volume_volatility_ratio_168h,24)))",listing_age_like|regime_state,typed_interaction,L7_ranked_future_return,4,1.0,3,True,0.8875585465374823,0.0464793556311413,True,3.486846247447599,3.289143455000019,True,0.0466903765546622,0.0460903765546622,0.0450903765546622,95.82222222222222,A7LS8S005_RANK_LABEL_DIAGNOSTIC_CLUE,2133,0.0391496175617718,8.128824882812344,4.053762940842947,3.8086240919476086,0.5644631973745898,2156,0.031913657192675,6.916272708398834,3.486846247447599,3.289143455000019,0.5579777365491652,2156,0.0492873301467051,11.493257665548786,5.7741701194525215,5.186864055257815,0.6020408163265306,2156,0.0470903765546622,12.187468083439663,6.09223309881272,6.003429706188486,0.6076066790352505,G:\AlphaFactory_CryptoData\research_runtime\a7ls8_company_numeric\shard_005\a7ls8_s005_label_response_metrics.csv,s005,listing_lifecycle_expansion,A7LS8_C,a7ls6_cbc157eb34ecc74e,9,skel_8e940096f44fde12,prod_6db0034faf5d1a93,a7ls8_s005,rank_label_diagnostic_clue
a7ls8_9e1977b259676394,"Mul(ZScore(Mean(age_percentile_active_universe,24)),ZScore(Mean(volume_volatility_ratio_168h,24)))",listing_age_like|regime_state,typed_interaction,L7_ranked_future_return,8,1.0,3,True,0.8946104448281299,0.0624840264869888,True,3.065026073513775,2.8714301256116057,True,0.0628245897442516,0.0622245897442516,0.0612245897442516,95.64444444444445,A7LS8S005_RANK_LABEL_DIAGNOSTIC_CLUE,2129,0.0487522126106848,10.275963822854262,3.567065233105121,3.021529266990288,0.5871301080319399,2152,0.0404253310873605,8.685302700223456,3.065026073513775,2.8714301256116057,0.5729553903345725,2152,0.064774343203566,15.133215019933266,5.371582148322845,4.768553962110253,0.6254646840148699,2152,0.0632245897442516,15.948957553345656,5.587379711925589,5.322435681295997,0.6236059479553904,G:\AlphaFactory_CryptoData\research_runtime\a7ls8_company_numeric\shard_005\a7ls8_s005_label_response_metrics.csv,s005,listing_lifecycle_expansion,A7LS8_C,a7ls6_cbc157eb34ecc74e,9,skel_8e940096f44fde12,prod_6db0034faf5d1a93,a7ls8_s005,rank_label_diagnostic_clue
a7ls8_9e1977b259676394,"Mul(ZScore(Mean(age_percentile_active_universe,24)),ZScore(Mean(volume_volatility_ratio_168h,24)))",listing_age_like|regime_state,typed_interaction,L7_ranked_future_return,24,1.0,3,True,0.923347864736182,0.0881105649188514,True,2.413619503189137,1.9469128519769088,True,0.0885957431682619,0.0879957431682618,0.0869957431682618,94.93333333333334,A7LS8S005_RANK_LABEL_DIAGNOSTIC_CLUE,2113,0.0657207750521463,13.123639014812465,2.645157202467745,2.06685451316258,0.6289635589209654,2136,0.0596267198553891,11.991275528040644,2.413619503189137,1.9469128519769088,0.5814606741573034,2136,0.093875331616729,21.587504347885517,4.42077360841621,3.391295187340548,0.6844569288389513,2136,0.0889957431682618,22.623600884986228,4.656867772391802,4.022200726132876,0.6779026217228464,G:\AlphaFactory_CryptoData\research_runtime\a7ls8_company_numeric\shard_005\a7ls8_s005_label_response_metrics.csv,s005,listing_lifecycle_expansion,A7LS8_C,a7ls6_cbc157eb34ecc74e,9,skel_8e940096f44fde12,prod_6db0034faf5d1a93,a7ls8_s005,rank_label_diagnostic_clue
a7ls8_a0174301745dcf9b,"Mul(ZScore(Mean(age_x_volatility,24)),Sign(ZScore(Mean(volume_volatility_ratio_168h,24))))",listing_age_like|regime_state,typed_gate,L7_ranked_future_return,1,1.0,3,True,0.8695059246128589,0.0156189958485581,True,4.333598050513552,4.333598050513552,True,0.015364328478548,0.014764328478548,0.013764328478548,95.95555555555556,A7LS8S005_RANK_LABEL_DIAGNOSTIC_CLUE,2136,0.0157415535268414,4.19411945077272,4.19411945077272,4.19411945077272,0.5360486891385767,2159,0.014749171212667,4.333598050513552,4.333598050513552,4.333598050513552,0.5340435386753126,2159,0.0195735337004443,5.270632253999938,5.270632253999938,5.270632253999938,0.5484020379805465,2159,0.015764328478548,4.459575584308451,4.459575584308451,4.459575584308451,0.5382121352477999,G:\AlphaFactory_CryptoData\research_runtime\a7ls8_company_numeric\shard_005\a7ls8_s005_label_response_metrics.csv,s005,listing_lifecycle_expansion,A7LS8_C,a7ls6_cbc157eb34ecc74e,9,skel_fb28f5e9b214d7bb,prod_e42e21a8f272efb8,a7ls8_s005,rank_label_diagnostic_clue
a7ls8_a0174301745dcf9b,"Mul(ZScore(Mean(age_x_volatility,24)),Sign(ZScore(Mean(volume_volatility_ratio_168h,24))))",listing_age_like|regime_state,typed_gate,L7_ranked_future_return,4,1.0,3,True,0.8162714683716825,0.0321199613052291,True,3.517683501790564,3.4610492675134354,True,0.0330630048357726,0.0324630048357726,0.0314630048357726,95.82222222222222,A7LS8S005_RANK_LABEL_DIAGNOSTIC_CLUE,2133,0.028123589189283,7.223054415510058,3.673051666977151,3.318025375950583,0.5607126113455227,2156,0.0244080902563045,7.081951338428261,3.517683501790564,3.4610492675134354,0.5500927643784786,2156,0.0359867005514326,9.602593492837403,4.739826609092949,4.663660091844694,0.5844155844155844,2156,0.0334630048357726,9.287466409253422,4.598441768881069,4.423060338388009,0.5746753246753247,G:\AlphaFactory_CryptoData\research_runtime\a7ls8_company_numeric\shard_005\a7ls8_s005_label_response_metrics.csv,s005,listing_lifecycle_expansion,A7LS8_C,a7ls6_cbc157eb34ecc74e,9,skel_fb28f5e9b214d7bb,prod_e42e21a8f272efb8,a7ls8_s005,rank_label_diagnostic_clue
a7ls8_a0174301745dcf9b,"Mul(ZScore(Mean(age_x_volatility,24)),Sign(ZScore(Mean(volume_volatility_ratio_168h,24))))",listing_age_like|regime_state,typed_gate,L7_ranked_future_return,8,1.0,3,True,0.8828674358995906,0.0435398703187388,True,2.7759644419184504,2.503304835623221,True,0.0445423124913947,0.0439423124913947,0.0429423124913947,95.64444444444445,A7LS8S005_RANK_LABEL_DIAGNOSTIC_CLUE,2129,0.036557737722457,9.192112782003669,3.238234851880533,2.768066257385625,0.5796148426491311,2152,0.0289836166615035,8.24818431940339,2.7759644419184504,2.503304835623221,0.5594795539033457,2152,0.0417694188437973,10.783425263626444,3.805180616826223,3.621541534233232,0.5929368029739777,2152,0.0449423124913947,12.368294868041684,4.391254261104413,4.099207822257291,0.6133828996282528,G:\AlphaFactory_CryptoData\research_runtime\a7ls8_company_numeric\shard_005\a7ls8_s005_label_response_metrics.csv,s005,listing_lifecycle_expansion,A7LS8_C,a7ls6_cbc157eb34ecc74e,9,skel_fb28f5e9b214d7bb,prod_e42e21a8f272efb8,a7ls8_s005,rank_label_diagnostic_clue
a7ls8_a0174301745dcf9b,"Mul(ZScore(Mean(age_x_volatility,24)),Sign(ZScore(Mean(volume_volatility_ratio_168h,24))))",listing_age_like|regime_state,typed_gate,L7_ranked_future_return,24,1.0,3,True,0.9057337340692602,0.0694707516212373,True,1.9837831017252183,1.0921369303695234,True,0.0697588563340962,0.0691588563340962,0.0681588563340962,94.93333333333334,A7LS8S005_RANK_LABEL_DIAGNOSTIC_CLUE,2113,0.0379250308934111,9.230600758334033,1.9760013040509643,1.2284185431196977,0.57169900615239,2136,0.0358831517027326,9.927002796553168,1.9837831017252183,1.0921369303695234,0.5880149812734082,2136,0.0456632172024552,11.517123876293075,2.39674812144467,1.5369723903747017,0.5749063670411985,2136,0.0701588563340962,19.15381446705109,3.901418243434831,3.1652571600750483,0.6624531835205992,G:\AlphaFactory_CryptoData\research_runtime\a7ls8_company_numeric\shard_005\a7ls8_s005_label_response_metrics.csv,s005,listing_lifecycle_expansion,A7LS8_C,a7ls6_cbc157eb34ecc74e,9,skel_fb28f5e9b214d7bb,prod_e42e21a8f272efb8,a7ls8_s005,rank_label_diagnostic_clue
a7ls8_a7e624a6410a071f,"Mul(ZScore(Mean(sqrt_listing_age_days,336)),ZScore(Mean(volume_volatility_ratio_168h,336)))",listing_age_like|regime_state,typed_interaction,L7_ranked_future_return,24,1.0,3,True,0.9808462025776568,0.0564736516420446,True,2.3474980462645165,1.7825946435413,True,0.0563753036568872,0.0557753036568872,0.0547753036568872,94.93333333333334,A7LS8S005_RANK_LABEL_DIAGNOSTIC_CLUE,2113,0.0544756555538027,10.923254057370409,2.242939483955262,1.7640843813791252,0.6431613819214387,2136,0.056301720288875,11.305171251670965,2.3474980462645165,1.7825946435413,0.5912921348314607,2136,0.0782623608510195,17.846703489197786,3.666918010791616,2.8703655101557217,0.6666666666666666,2136,0.0567753036568872,13.79225912485066,2.8118481509567443,2.234814665026342,0.6549625468164794,G:\AlphaFactory_CryptoData\research_runtime\a7ls8_company_numeric\shard_005\a7ls8_s005_label_response_metrics.csv,s005,listing_lifecycle_expansion,A7LS8_C,a7ls6_cbc157eb34ecc74e,9,skel_a7a543c3cc706d52,prod_aa8f16ad7c890dac,a7ls8_s005,rank_label_diagnostic_clue
a7ls8_b41edb51ecf96eac,"Mul(ZScore(Mean(age_x_volatility,168)),Sign(ZScore(Mean(realized_vol_168h,168))))",listing_age_like|regime_state,typed_gate,L7_ranked_future_return,1,-1.0,3,True,0.982412878736893,0.0062758660988454,True,1.7473207708333858,1.7473207708333858,True,0.0058667794589401,0.0052667794589401,0.0042667794589401,95.95555555555556,A7LS8S005_RANK_LABEL_DIAGNOSTIC_CLUE,2136,-0.0057494321334443,-1.5759004690079297,-1.5759004690079297,-1.5759004690079297,0.4850187265917603,2159,-0.0083881748237352,-2.336763723153884,-2.336763723153884,-2.336763723153884,0.4854099119962946,2159,-0.0099568398006621,-2.5439726403587977,-2.5439726403587977,-2.5439726403587977,0.4858730893932376,2159,-0.0062667794589401,-1.7473207708333858,-1.7473207708333858,-1.7473207708333858,0.4867994441871237,G:\AlphaFactory_CryptoData\research_runtime\a7ls8_company_numeric\shard_005\a7ls8_s005_label_response_metrics.csv,s005,listing_lifecycle_expansion,A7LS8_C,a7ls6_cbc157eb34ecc74e,9,skel_6dbb6518b865b4a0,prod_d39630524244d277,a7ls8_s005,rank_label_diagnostic_clue
a7ls8_b41edb51ecf96eac,"Mul(ZScore(Mean(age_x_volatility,168)),Sign(ZScore(Mean(realized_vol_168h,168))))",listing_age_like|regime_state,typed_gate,L7_ranked_future_return,8,-1.0,3,True,0.985959823858004,0.0196822454133966,True,1.6586045550287425,1.9671804157416373,True,0.0192999130868786,0.0186999130868786,0.0176999130868786,95.64444444444445,A7LS8S005_RANK_LABEL_DIAGNOSTIC_CLUE,2129,-0.0108626952751248,-2.8504077526575826,-0.9738918574767894,-1.4386541962160977,0.4682949741662752,2152,-0.0181832898767726,-4.82919981502266,-1.6586045550287425,-2.1279810143733537,0.466542750929368,2152,-0.0182836487160952,-4.546863079645264,-1.6993994366216638,-1.9671804157416373,0.4605018587360595,2152,-0.0196999130868786,-5.143622030780518,-1.7898655273684208,-2.0727434538628,0.4632899628252788,G:\AlphaFactory_CryptoData\research_runtime\a7ls8_company_numeric\shard_005\a7ls8_s005_label_response_metrics.csv,s005,listing_lifecycle_expansion,A7LS8_C,a7ls6_cbc157eb34ecc74e,9,skel_6dbb6518b865b4a0,prod_d39630524244d277,a7ls8_s005,rank_label_diagnostic_clue
a7ls8_b779f9f92ad330e2,"Mul(ZScore(Mean(age_percentile_active_universe,336)),ZScore(Mean(volume_volatility_ratio_168h,336)))",listing_age_like|regime_state,typed_interaction,L7_ranked_future_return,24,1.0,3,True,0.9836562329972351,0.0564161063861145,True,2.3474980462645165,1.7825946435413,True,0.0563329845939103,0.0557329845939103,0.0547329845939103,94.93333333333334,A7LS8S005_RANK_LABEL_DIAGNOSTIC_CLUE,2113,0.0544696302431157,10.921692292886489,2.239281066637857,1.7640843813791252,0.6431613819214387,2136,0.0563147248664863,11.307433829819791,2.3474980462645165,1.7825946435413,0.5912921348314607,2136,0.0782776954154529,17.846223941307272,3.6764230098742128,2.8703655101557217,0.6661985018726592,2136,0.0567329845939103,13.782724619143778,2.7999989206784948,2.234814665026342,0.6549625468164794,G:\AlphaFactory_CryptoData\research_runtime\a7ls8_company_numeric\shard_005\a7ls8_s005_label_response_metrics.csv,s005,listing_lifecycle_expansion,A7LS8_C,a7ls6_cbc157eb34ecc74e,9,skel_f1f99e9a20b75ec9,prod_7a7b68aef0335420,a7ls8_s005,rank_label_diagnostic_clue
a7ls8_bdb140c10e2121d6,"Mul(ZScore(Mean(age_percentile_active_universe,24)),ZScore(Mean(realized_vol_168h,24)))",listing_age_like|regime_state,typed_interaction,L7_ranked_future_return,1,-1.0,3,True,0.8728681443914376,0.0245305772133875,True,4.622556657827768,4.622556657827768,True,0.0243177244694903,0.0237177244694903,0.0227177244694903,95.95555555555556,A7LS8S005_RANK_LABEL_DIAGNOSTIC_CLUE,2136,-0.0220088387779164,-4.533776657123823,-4.533776657123823,-4.533776657123823,0.4644194756554307,2159,-0.021732776662721,-4.622556657827768,-4.622556657827768,-4.622556657827768,0.4502084298286243,2159,-0.0297945829687955,-6.925512906643737,-6.925512906643737,-6.925512906643737,0.445113478462251,2159,-0.0247177244694903,-6.926209636265763,-6.926209636265763,-6.926209636265763,0.4423344140805929,G:\AlphaFactory_CryptoData\research_runtime\a7ls8_company_numeric\shard_005\a7ls8_s005_label_response_metrics.csv,s005,listing_lifecycle_expansion,A7LS8_C,a7ls6_cbc157eb34ecc74e,9,skel_39f04c77a553f6af,prod_9056a24cc8efa517,a7ls8_s005,rank_label_diagnostic_clue
a7ls8_bdb140c10e2121d6,"Mul(ZScore(Mean(age_percentile_active_universe,24)),ZScore(Mean(realized_vol_168h,24)))",listing_age_like|regime_state,typed_interaction,L7_ranked_future_return,4,-1.0,3,True,0.8466667628687917,0.0479852468133718,True,3.828800860898963,3.977752531500656,True,0.0476627383529169,0.0470627383529169,0.0460627383529169,95.82222222222222,A7LS8S005_RANK_LABEL_DIAGNOSTIC_CLUE,2133,-0.0374299478217082,-7.860499912563091,-3.9193981300457583,-4.117757650589788,0.4308485700890764,2156,-0.0363332517350374,-7.68622866741514,-3.828800860898963,-3.977752531500656,0.4387755102040816,2156,-0.0483620752593966,-11.411561177922882,-5.585888790554966,-6.1984445012394,0.4030612244897959,2156,-0.0480627383529169,-13.651682095859272,-6.808538495955341,-7.245223165190407,0.3868274582560297,G:\AlphaFactory_CryptoData\research_runtime\a7ls8_company_numeric\shard_005\a7ls8_s005_label_response_metrics.csv,s005,listing_lifecycle_expansion,A7LS8_C,a7ls6_cbc157eb34ecc74e,9,skel_39f04c77a553f6af,prod_9056a24cc8efa517,a7ls8_s005,rank_label_diagnostic_clue
a7ls8_bdb140c10e2121d6,"Mul(ZScore(Mean(age_percentile_active_universe,24)),ZScore(Mean(realized_vol_168h,24)))",listing_age_like|regime_state,typed_interaction,L7_ranked_future_return,8,-1.0,3,True,0.8442116522253132,0.0640452625894947,True,3.3280692115475112,3.6428748486275135,True,0.0643717347342695,0.0637717347342695,0.0627717347342695,95.64444444444445,A7LS8S005_RANK_LABEL_DIAGNOSTIC_CLUE,2129,-0.045723164892229,-9.677165965972426,-3.470295298658815,-4.238116935191226,0.3936120244246125,2152,-0.0447459512253889,-9.479952606791734,-3.3280692115475112,-3.6428748486275135,0.4182156133828996,2152,-0.0630542593883381,-15.017154669441636,-5.343330515917585,-5.868628968634416,0.379182156133829,2152,-0.0647717347342695,-18.13418230659548,-6.498303175425839,-6.6736662684496,0.3443308550185873,G:\AlphaFactory_CryptoData\research_runtime\a7ls8_company_numeric\shard_005\a7ls8_s005_label_response_metrics.csv,s005,listing_lifecycle_expansion,A7LS8_C,a7ls6_cbc157eb34ecc74e,9,skel_39f04c77a553f6af,prod_9056a24cc8efa517,a7ls8_s005,rank_label_diagnostic_clue
a7ls8_bdb140c10e2121d6,"Mul(ZScore(Mean(age_percentile_active_universe,24)),ZScore(Mean(realized_vol_168h,24)))",listing_age_like|regime_state,typed_interaction,L7_ranked_future_return,24,-1.0,3,True,0.8874185689296797,0.0843240112186156,True,2.840019420652724,3.397400537658536,True,0.0850985413198779,0.0844985413198779,0.0834985413198779,94.93333333333334,A7LS8S005_RANK_LABEL_DIAGNOSTIC_CLUE,2113,-0.0589895992182433,-11.750770785750808,-2.3600083871258994,-3.0439361589144727,0.3398012304779934,2136,-0.0640179322288112,-13.348007469381816,-2.840019420652724,-3.397400537658536,0.3946629213483146,2136,-0.104965608310792,-23.59234685056773,-4.886050356467495,-5.412112867928011,0.3071161048689138,2136,-0.0854985413198779,-23.64594585230888,-4.655796148089427,-5.670253628854528,0.3047752808988764,G:\AlphaFactory_CryptoData\research_runtime\a7ls8_company_numeric\shard_005\a7ls8_s005_label_response_metrics.csv,s005,listing_lifecycle_expansion,A7LS8_C,a7ls6_cbc157eb34ecc74e,9,skel_39f04c77a553f6af,prod_9056a24cc8efa517,a7ls8_s005,rank_label_diagnostic_clue
a7ls8_ba045efe6ecd0cf9,"Mul(ZScore(Mean(open_interest_last,72)),Sign(ZScore(Mean(mark_index_basis_bps,72))))",open_interest_like|mark_index_basis_bps,typed_gate,L7_ranked_future_return,8,-1.0,3,True,0.7804292064671131,0.0088139639697783,True,1.0447763304333506,1.447149334577171,True,0.0085958307517554,0.0079958307517554,0.0069958307517554,95.64444444444445,A7LS8S007_RANK_LABEL_DIAGNOSTIC_CLUE,2129,-0.0001495550858514,-0.0491358863860286,-0.174127138415124,-0.3669386051398359,0.5025833724753406,2152,-0.0139016354295745,-4.069347681696383,-1.5120450173203754,-1.7770451825834146,0.4502788104089219,2152,-0.0269671623296158,-9.02937081424,-3.06188935119974,-3.790505056482696,0.4061338289962825,2152,-0.0089958307517554,-3.1866565696804745,-1.0447763304333506,-1.447149334577171,0.4772304832713754,G:\AlphaFactory_CryptoData\research_runtime\a7ls8_company_numeric\shard_007\a7ls8_s007_label_response_metrics.csv,s007,oi_positioning_expansion,A7LS8_D,a7ls6_21c0f89afdd37ca0,13,skel_4f79ff4af377bd43,prod_626975d9b4b0e0e7,a7ls8_s007,rank_label_diagnostic_clue
a7ls8_c951d9ff7dbfb287,"Mul(ZScore(Mean(open_interest_last,168)),Sign(ZScore(Mean(mark_index_basis_bps,168))))",open_interest_like|mark_index_basis_bps,typed_gate,L7_ranked_future_return,24,-1.0,3,True,0.9987494835120636,0.0095443033447773,True,0.7534915128877421,1.131001399397785,True,0.0094967815837841,0.0088967815837841,0.0078967815837841,94.93333333333334,A7LS8S007_RANK_LABEL_DIAGNOSTIC_CLUE,2113,-0.0048854314560656,-1.5385969879371906,-0.3346580728275432,-0.940955421821632,0.4869853289162328,2136,-0.0198021245144957,-5.401254346268527,-1.1186827991722428,-1.759319075878587,0.447565543071161,2136,-0.0535694043469968,-18.43190515978984,-3.696894245559313,-4.410485633403962,0.3319288389513108,2136,-0.0098967815837841,-3.427501250656782,-0.7534915128877421,-1.131001399397785,0.4644194756554307,G:\AlphaFactory_CryptoData\research_runtime\a7ls8_company_numeric\shard_007\a7ls8_s007_label_response_metrics.csv,s007,oi_positioning_expansion,A7LS8_D,a7ls6_21c0f89afdd37ca0,13,skel_30df52dc193f3082,prod_f5861f85f48d9bc5,a7ls8_s007,rank_label_diagnostic_clue
a7ls8_3826dad8cf9ccdee,"Delta(open_interest_last,168)",open_interest_like|positioning_like,delta,L7_ranked_future_return,1,-1.0,3,True,0.7363165463618487,0.0075556348961281,True,2.0258903843963547,2.0258903843963547,True,0.0079017579297685,0.0073017579297685,0.0063017579297685,95.95555555555556,A7LS8S007_RANK_LABEL_DIAGNOSTIC_CLUE,1991,-0.0064061715218483,-1.8739137576111315,-1.8739137576111315,-1.8739137576111315,0.4871923656454043,2159,-0.0062508041274252,-2.0258903843963547,-2.0258903843963547,-2.0258903843963547,0.4886521537748958,2159,-0.0064835186042921,-2.216222429757432,-2.216222429757432,-2.216222429757432,0.4881889763779528,2159,-0.0083017579297685,-2.66689247704451,-2.66689247704451,-2.66689247704451,0.4844835572024085,G:\AlphaFactory_CryptoData\research_runtime\a7ls8_company_numeric\shard_007\a7ls8_s007_label_response_metrics.csv,s007,oi_positioning_expansion,A7LS8_D,a7ls6_21c0f89afdd37ca0,13,skel_876bf7405b88722a,prod_874aa238bb3396d9,a7ls8_s007,rank_label_diagnostic_clue
a7ls8_3826dad8cf9ccdee,"Delta(open_interest_last,168)",open_interest_like|positioning_like,delta,L7_ranked_future_return,4,-1.0,3,True,0.8519182813479311,0.01544059858792,True,1.842133288114108,2.394527448776867,True,0.0159448633872741,0.015344863387274,0.0143448633872741,95.82222222222222,A7LS8S007_RANK_LABEL_DIAGNOSTIC_CLUE,1988,-0.0104160553599374,-2.938564719314922,-1.3338122189975488,-2.2213848461139967,0.4738430583501006,2156,-0.0120769235724592,-3.8973136521432648,-1.842133288114108,-2.394527448776867,0.4642857142857143,2156,-0.0128619582302618,-4.387980795714598,-2.1492751965939423,-2.53593771860183,0.4554730983302412,2156,-0.0163448633872741,-5.115430318990309,-2.6685086503843243,-2.87933352009393,0.4499072356215213,G:\AlphaFactory_CryptoData\research_runtime\a7ls8_company_numeric\shard_007\a7ls8_s007_label_response_metrics.csv,s007,oi_positioning_expansion,A7LS8_D,a7ls6_21c0f89afdd37ca0,13,skel_876bf7405b88722a,prod_874aa238bb3396d9,a7ls8_s007,rank_label_diagnostic_clue
a7ls8_3826dad8cf9ccdee,"Delta(open_interest_last,168)",open_interest_like|positioning_like,delta,L7_ranked_future_return,8,-1.0,3,True,0.6909748723942183,0.023299278018725,True,2.137224307528083,2.3883047229049965,True,0.0234613897063885,0.0228613897063885,0.0218613897063885,95.64444444444445,A7LS8S007_RANK_LABEL_DIAGNOSTIC_CLUE,1984,-0.0100125949727449,-2.653645017941445,-0.998707221456371,-1.2467550881059877,0.4747983870967742,2152,-0.0165457896616411,-5.286292637410827,-2.137224307528083,-2.3883047229049965,0.4451672862453532,2152,-0.0180392055624397,-6.254113104825295,-2.1985025212406253,-2.743255191858437,0.4488847583643122,2152,-0.0238613897063885,-7.319339756569539,-2.6139938453174407,-2.9439120033268726,0.4335501858736059,G:\AlphaFactory_CryptoData\research_runtime\a7ls8_company_numeric\shard_007\a7ls8_s007_label_response_metrics.csv,s007,oi_positioning_expansion,A7LS8_D,a7ls6_21c0f89afdd37ca0,13,skel_876bf7405b88722a,prod_874aa238bb3396d9,a7ls8_s007,rank_label_diagnostic_clue
a7ls8_3826dad8cf9ccdee,"Delta(open_interest_last,168)",open_interest_like|positioning_like,delta,L7_ranked_future_return,24,-1.0,3,True,0.7063606658355688,0.0399465132559994,True,1.7510764880912566,2.8250559732480527,True,0.0398943315213621,0.0392943315213621,0.0382943315213621,94.93333333333334,A7LS8S007_RANK_LABEL_DIAGNOSTIC_CLUE,1968,-0.0044989802111562,-1.2352549557355332,-0.3158985741954476,-2.171967055694962,0.4725609756097561,2136,-0.0279100993549729,-8.764674452173153,-1.7510764880912566,-3.055182288835384,0.421816479400749,2136,-0.031316675553128,-10.417427579546665,-2.16188122752232,-2.8250559732480527,0.4176029962546816,2136,-0.0402943315213621,-13.07968931563048,-2.6210279379585257,-4.230728657602048,0.3937265917602996,G:\AlphaFactory_CryptoData\research_runtime\a7ls8_company_numeric\shard_007\a7ls8_s007_label_response_metrics.csv,s007,oi_positioning_expansion,A7LS8_D,a7ls6_21c0f89afdd37ca0,13,skel_876bf7405b88722a,prod_874aa238bb3396d9,a7ls8_s007,rank_label_diagnostic_clue
a7ls8_3ff1f59fbdcc042a,"Delta(open_interest_last,336)",open_interest_like|positioning_like,delta,L7_ranked_future_return,1,-1.0,3,True,0.989642363276484,0.0086161717530406,True,1.5616975644424165,1.5616975644424165,True,0.0079368982982519,0.0073368982982519,0.0063368982982519,95.95555555555556,A7LS8S007_RANK_LABEL_DIAGNOSTIC_CLUE,1823,-0.0034078442128359,-0.9479824989392974,-0.9479824989392974,-0.9479824989392974,0.507953922106418,2159,-0.0049428372617638,-1.5616975644424165,-1.5616975644424165,-1.5616975644424165,0.4863362667901806,2159,-0.0091770774363988,-3.0314423156932406,-3.0314423156932406,-3.0314423156932406,0.4622510421491431,2159,-0.0083368982982519,-2.68464497865546,-2.68464497865546,-2.68464497865546,0.4807781380268643,G:\AlphaFactory_CryptoData\research_runtime\a7ls8_company_numeric\shard_007\a7ls8_s007_label_response_metrics.csv,s007,oi_positioning_expansion,A7LS8_D,a7ls6_21c0f89afdd37ca0,13,skel_876bf7405b88722a,prod_c31fffee895ae8cb,a7ls8_s007,rank_label_diagnostic_clue
a7ls8_3ff1f59fbdcc042a,"Delta(open_interest_last,336)",open_interest_like|positioning_like,delta,L7_ranked_future_return,4,-1.0,3,True,0.5723884760142657,0.0183405053940768,True,1.1103891507513728,1.14932257255678,True,0.0164499407338693,0.0158499407338693,0.0148499407338693,95.82222222222222,A7LS8S007_RANK_LABEL_DIAGNOSTIC_CLUE,1820,-0.0094294045075295,-2.499349761410845,-1.391429836787462,-1.435092945029715,0.4719780219780219,2156,-0.0070757264395657,-2.220547232067815,-1.1103891507513728,-1.14932257255678,0.472634508348794,2156,-0.0182356891620284,-6.229402925620684,-3.1174293345510646,-3.266649407020959,0.4424860853432282,2156,-0.0168499407338693,-5.724743664947408,-2.9429484797588703,-3.272502207436738,0.4434137291280148,G:\AlphaFactory_CryptoData\research_runtime\a7ls8_company_numeric\shard_007\a7ls8_s007_label_response_metrics.csv,s007,oi_positioning_expansion,A7LS8_D,a7ls6_21c0f89afdd37ca0,13,skel_876bf7405b88722a,prod_c31fffee895ae8cb,a7ls8_s007,rank_label_diagnostic_clue
a7ls8_3ff1f59fbdcc042a,"Delta(open_interest_last,336)",open_interest_like|positioning_like,delta,L7_ranked_future_return,24,-1.0,3,True,0.5965041455439987,0.0412226687127202,True,0.4635965422472098,1.969390913613024,True,0.0402671294128866,0.0396671294128866,0.0386671294128866,94.93333333333334,A7LS8S007_RANK_LABEL_DIAGNOSTIC_CLUE,1800,-0.0145185506687242,-3.472540255791626,-0.7060875687887205,-1.5662112660216283,0.4744444444444444,2136,-0.0096037992873491,-3.073568980563661,-0.4635965422472098,-1.969390913613024,0.4700374531835206,2136,-0.0403395495214315,-13.60728288131956,-2.756016292961651,-3.679890464744167,0.3852996254681648,2136,-0.0406671294128866,-13.816483246320846,-2.8031443690199915,-3.931998524939509,0.3904494382022472,G:\AlphaFactory_CryptoData\research_runtime\a7ls8_company_numeric\shard_007\a7ls8_s007_label_response_metrics.csv,s007,oi_positioning_expansion,A7LS8_D,a7ls6_21c0f89afdd37ca0,13,skel_876bf7405b88722a,prod_c31fffee895ae8cb,a7ls8_s007,rank_label_diagnostic_clue
a7ls8_be6b58c12bc55c5a,"ZScore(Mean(open_interest_last,12))",open_interest_like|positioning_like,zmean,L7_ranked_future_return,8,-1.0,3,True,0.965824082629774,0.0107325065830235,True,0.8720023061861946,1.1006454201644578,True,0.0102225206095965,0.0096225206095965,0.0086225206095965,95.64444444444445,A7LS8S007_RANK_LABEL_DIAGNOSTIC_CLUE,2141,-0.0095985077499264,-2.317833169299215,-0.8207040831044601,-1.3103308040218993,0.4670714619336759,2152,-0.010621014689178,-2.401656393925927,-0.8720023061861946,-1.1006454201644578,0.4804832713754647,2152,-0.0167442484596585,-4.55020506764803,-1.6929670076978358,-1.9310713696700323,0.4577137546468401,2152,-0.0106225206095965,-3.1003469153411167,-1.019223673914607,-1.4811716079188384,0.4804832713754647,G:\AlphaFactory_CryptoData\research_runtime\a7ls8_company_numeric\shard_007\a7ls8_s007_label_response_metrics.csv,s007,oi_positioning_expansion,A7LS8_D,a7ls6_21c0f89afdd37ca0,13,skel_a466fdb295f6208c,prod_066ee62277e3810c,a7ls8_s007,rank_label_diagnostic_clue
a7ls8_ebb66b57c1f5e31d,"ZScore(Mean(open_interest_last,24))",open_interest_like|positioning_like,zmean,L7_ranked_future_return,8,-1.0,3,True,0.9997009140969992,0.0107385840475698,True,0.8342940310198872,1.0269670322356583,True,0.0102995376824315,0.0096995376824315,0.0086995376824315,95.64444444444445,A7LS8S008_RANK_LABEL_DIAGNOSTIC_CLUE,2129,-0.0102266648400396,-2.459982221444622,-0.8613916379377644,-1.3232778162095855,0.4697040864255519,2152,-0.0100758714976593,-2.284148517544704,-0.8342940310198872,-1.0269670322356583,0.4786245353159851,2152,-0.0168591286744458,-4.569381820969636,-1.6434049286163988,-1.864901503536094,0.45817843866171,2152,-0.0106995376824315,-3.122626094110954,-1.0319971082883743,-1.4685357021553094,0.4795539033457249,G:\AlphaFactory_CryptoData\research_runtime\a7ls8_company_numeric\shard_008\a7ls8_s008_label_response_metrics.csv,s008,oi_positioning_expansion,A7LS8_D,a7ls6_21c0f89afdd37ca0,13,skel_a466fdb295f6208c,prod_000688e0792b95b9,a7ls8_s008,rank_label_diagnostic_clue
a7ls8_31f8b70450c3faaf,"Mul(ZScore(Mean(top_long_short_position_ratio_last,24)),Sign(ZScore(Mean(premium_close_bps,24))))",open_interest_like|premium_close_bps,typed_gate,L7_ranked_future_return,8,-1.0,3,True,0.9576040944860282,0.0062417174376979,True,1.0390527504438287,1.3871181327112994,True,0.0074392300874294,0.0068392300874294,0.0058392300874294,95.64444444444445,A7LS8S008_RANK_LABEL_DIAGNOSTIC_CLUE,2129,-0.0042975205712993,-1.4360691567051729,-0.4426253749003071,-0.861485059652829,0.4908407703147017,2152,-0.0156684296692138,-5.302795041509492,-1.8510034199577765,-2.38415534159442,0.4688661710037174,2152,-0.0185222295366928,-7.076541696378127,-2.559221040471419,-3.499682964695245,0.4479553903345725,2152,-0.0078392300874294,-2.6651115199921773,-1.0390527504438287,-1.3871181327112994,0.4865241635687732,G:\AlphaFactory_CryptoData\research_runtime\a7ls8_company_numeric\shard_008\a7ls8_s008_label_response_metrics.csv,s008,oi_positioning_expansion,A7LS8_D,a7ls6_21c0f89afdd37ca0,13,skel_583aeb4092e08533,prod_c4e79907cf3962a4,a7ls8_s008,rank_label_diagnostic_clue
a7ls8_fa8ddc208bd369ac,"Mul(Delta(top_long_short_position_ratio_last,168),ZScore(Mean(premium_close_bps,168)))",open_interest_like|premium_close_bps,typed_interaction,L7_ranked_future_return,4,-1.0,3,True,0.9923498217856216,0.0160270594980416,True,0.947627186515098,1.405086752370977,True,0.0152470637497423,0.0146470637497423,0.0136470637497423,95.82222222222222,A7LS8S009_RANK_LABEL_DIAGNOSTIC_CLUE,1988,-0.0061944584171696,-1.8400010589352245,-0.8416795979925495,-1.8108793437364907,0.4783702213279678,2156,-0.00617516577338,-1.9477927478601889,-0.947627186515098,-1.405086752370977,0.4707792207792208,2156,-0.0100928502714217,-3.123241594813617,-1.6406847789975925,-1.8749249750771149,0.4763450834879406,2156,-0.0156470637497423,-4.654277221326917,-2.339098712768816,-2.453165071216436,0.4619666048237477,G:\AlphaFactory_CryptoData\research_runtime\a7ls8_company_numeric\shard_009\a7ls8_s009_label_response_metrics.csv,s009,oi_positioning_expansion,A7LS8_D,a7ls6_21c0f89afdd37ca0,13,skel_5408edc92feb5541,prod_2d6d3c11bfcdf41e,a7ls8_s009,rank_label_diagnostic_clue
a7ls8_fa8ddc208bd369ac,"Mul(Delta(top_long_short_position_ratio_last,168),ZScore(Mean(premium_close_bps,168)))",open_interest_like|premium_close_bps,typed_interaction,L7_ranked_future_return,8,-1.0,3,True,0.6823724473209064,0.0234174927715819,True,1.236167393394342,1.8532626315722376,True,0.023594609880559,0.022994609880559,0.021994609880559,95.64444444444445,A7LS8S009_RANK_LABEL_DIAGNOSTIC_CLUE,1984,-0.0086460200119474,-2.6195949909204392,-1.113052076153331,-1.3729473122823308,0.4838709677419355,2152,-0.0107531860973426,-3.4213237080546324,-1.236167393394342,-1.8532626315722376,0.4670074349442379,2152,-0.0154669321389233,-4.896878691988476,-1.781785400951557,-2.773677258410837,0.4567843866171003,2152,-0.023994609880559,-7.108571572209162,-2.5920760771997653,-3.085609092144606,0.4358736059479554,G:\AlphaFactory_CryptoData\research_runtime\a7ls8_company_numeric\shard_009\a7ls8_s009_label_response_metrics.csv,s009,oi_positioning_expansion,A7LS8_D,a7ls6_21c0f89afdd37ca0,13,skel_5408edc92feb5541,prod_2d6d3c11bfcdf41e,a7ls8_s009,rank_label_diagnostic_clue
a7ls8_8638db830669f65f,"Mul(ZScore(Mean(open_interest_last,24)),Sign(ZScore(Mean(realized_vol_168h,24))))",open_interest_like|realized_vol_168h,typed_gate,L7_ranked_future_return,1,1.0,3,True,0.9877532928397996,0.01594083444839,True,2.6817812083952437,2.6817812083952437,True,0.0156370080884497,0.0150370080884497,0.0140370080884497,95.95555555555556,A7LS8S009_RANK_LABEL_DIAGNOSTIC_CLUE,2136,0.0122575729990289,3.389895216343897,3.389895216343897,3.389895216343897,0.5299625468164794,2159,0.0097751338068035,2.6817812083952437,2.6817812083952437,2.6817812083952437,0.5173691523853636,2159,0.020378894121078,5.412221108890762,5.412221108890762,5.412221108890762,0.5419175544233441,2159,0.0160370080884497,4.991905631523963,4.991905631523963,4.991905631523963,0.5433070866141733,G:\AlphaFactory_CryptoData\research_runtime\a7ls8_company_numeric\shard_009\a7ls8_s009_label_response_metrics.csv,s009,oi_positioning_expansion,A7LS8_D,a7ls6_21c0f89afdd37ca0,13,skel_5ab1224fd9ef2208,prod_9deb4712c11ca78e,a7ls8_s009,rank_label_diagnostic_clue
a7ls8_8638db830669f65f,"Mul(ZScore(Mean(open_interest_last,24)),Sign(ZScore(Mean(realized_vol_168h,24))))",open_interest_like|realized_vol_168h,typed_gate,L7_ranked_future_return,8,1.0,3,True,0.9905671855252604,0.0375161886444995,True,2.146264093763113,1.961295355704523,True,0.0375330596860801,0.0369330596860801,0.0359330596860801,95.64444444444445,A7LS8S009_RANK_LABEL_DIAGNOSTIC_CLUE,2129,0.0349575907224744,9.586130357393197,3.427967671783503,2.8807097617403628,0.5782057303898543,2152,0.0216606752547156,6.104471439450851,2.146264093763113,1.961295355704523,0.546003717472119,2152,0.0452059292389508,12.252961291984798,4.331630022766692,3.883022628256645,0.5961895910780669,2152,0.0379330596860801,11.425587766794948,4.007616210046624,3.6561353276257385,0.5906133828996283,G:\AlphaFactory_CryptoData\research_runtime\a7ls8_company_numeric\shard_009\a7ls8_s009_label_response_metrics.csv,s009,oi_positioning_expansion,A7LS8_D,a7ls6_21c0f89afdd37ca0,13,skel_5ab1224fd9ef2208,prod_9deb4712c11ca78e,a7ls8_s009,rank_label_diagnostic_clue
a7ls8_1ff6d7319218339c,"Mul(Delta(top_long_short_position_ratio_last,72),ZScore(Mean(trade_return_24h,72)))",open_interest_like|trade_return_24h,typed_interaction,L7_ranked_future_return,24,1.0,3,True,0.8707561276682578,0.0156866904650436,True,0.9455167831233556,-0.4994434452202219,True,0.0157977974580385,0.0151977974580385,0.0141977974580385,94.93333333333334,A7LS8S009_RANK_LABEL_DIAGNOSTIC_CLUE,2064,0.0049924129252799,1.3539552986941257,0.2497480466309188,-0.6337338749297047,0.5203488372093024,2136,0.0388444836749202,10.877934778207992,2.184560900348224,1.538428716156256,0.5875468164794008,2136,0.0338448196265085,9.715884920876906,1.9260281007047464,0.7039268545094918,0.5842696629213483,2136,0.0161977974580385,5.0922431349929065,0.9455167831233556,-0.4994434452202219,0.5374531835205992,G:\AlphaFactory_CryptoData\research_runtime\a7ls8_company_numeric\shard_009\a7ls8_s009_label_response_metrics.csv,s009,oi_positioning_expansion,A7LS8_D,a7ls6_21c0f89afdd37ca0,13,skel_aa5966fbb7e1dd2c,prod_d63958c4acc33513,a7ls8_s009,rank_label_diagnostic_clue
a7ls8_4c05f7a46c2a886d,"Mul(Delta(top_long_short_position_ratio_last,168),ZScore(Mean(trade_return_24h,168)))",open_interest_like|trade_return_24h,typed_interaction,L7_ranked_future_return,8,1.0,3,True,0.6624275612738583,0.021445597549222,True,1.708045167908989,0.5749935074138628,True,0.0215960921365138,0.0209960921365138,0.0199960921365138,95.64444444444445,A7LS8S010_RANK_LABEL_DIAGNOSTIC_CLUE,1984,0.0172299693847072,4.713761382122423,1.8092721569835877,0.7386747219046627,0.5332661290322581,2152,0.0276996312646289,7.595318832679777,2.580590427027971,2.410138529881212,0.5636617100371747,2152,0.0151740306175134,4.7086055812885625,1.708045167908989,0.5749935074138628,0.5288104089219331,2152,0.0219960921365138,6.713062578655872,2.432040724845164,1.6976489695032266,0.5571561338289963,G:\AlphaFactory_CryptoData\research_runtime\a7ls8_company_numeric\shard_010\a7ls8_s010_label_response_metrics.csv,s010,oi_positioning_expansion,A7LS8_D,a7ls6_21c0f89afdd37ca0,13,skel_74331468fb10b838,prod_3bc7247f76d7b408,a7ls8_s010,rank_label_diagnostic_clue
a7ls8_4c05f7a46c2a886d,"Mul(Delta(top_long_short_position_ratio_last,168),ZScore(Mean(trade_return_24h,168)))",open_interest_like|trade_return_24h,typed_interaction,L7_ranked_future_return,24,1.0,3,True,0.5986400055206079,0.0291963604522125,True,1.294299314815444,0.3116705171167357,True,0.0294381363573311,0.0288381363573311,0.0278381363573311,94.93333333333334,A7LS8S010_RANK_LABEL_DIAGNOSTIC_CLUE,1968,0.0193648432795091,5.397452506151716,0.9419529565840244,0.1063525012556505,0.5487804878048781,2136,0.0436486184803717,12.17737748498338,2.431429976973059,1.6107930900004064,0.596441947565543,2136,0.0211568222014148,6.6485233445120375,1.294299314815444,0.3116705171167357,0.5627340823970037,2136,0.0298381363573311,9.190188545688612,1.8590692066064527,0.6064974555361645,0.5838014981273408,G:\AlphaFactory_CryptoData\research_runtime\a7ls8_company_numeric\shard_010\a7ls8_s010_label_response_metrics.csv,s010,oi_positioning_expansion,A7LS8_D,a7ls6_21c0f89afdd37ca0,13,skel_74331468fb10b838,prod_3bc7247f76d7b408,a7ls8_s010,rank_label_diagnostic_clue
a7ls8_72e474c2e3f071e3,"Mul(Delta(taker_buy_sell_volume_ratio_last,168),ZScore(Mean(trade_return_24h,168)))",open_interest_like|trade_return_24h,typed_interaction,L7_ranked_future_return,24,1.0,3,True,0.9025410153944726,0.0071418430954362,True,0.3415597276221032,-1.3079005959292678,True,0.0060271873699542,0.0054271873699542,0.0044271873699542,94.93333333333334,A7LS8S010_RANK_LABEL_DIAGNOSTIC_CLUE,1968,0.001197516749473,0.3452570154458101,0.1284707873965138,-2.022594194930959,0.4974593495934959,2136,0.0084299736007074,2.508585223614716,0.643386773257545,-1.3079005959292678,0.5145131086142322,2136,0.0088234162591899,2.612200636673904,0.6381584631485484,-0.6344407663637477,0.5252808988764045,2136,0.0064271873699542,1.9966545732825616,0.3415597276221032,-1.0944716168200217,0.5112359550561798,G:\AlphaFactory_CryptoData\research_runtime\a7ls8_company_numeric\shard_010\a7ls8_s010_label_response_metrics.csv,s010,oi_positioning_expansion,A7LS8_D,a7ls6_21c0f89afdd37ca0,13,skel_d2dcbc57dd517c69,prod_2bf1c9dd688606ba,a7ls8_s010,rank_label_diagnostic_clue
a7ls8_0373b70e3673411f,"Mul(ZScore(Mean(realized_vol_72h,24)),Sign(ZScore(Mean(age_percentile_active_universe,24))))",volatility_like|age_percentile_active_universe,typed_gate,L7_ranked_future_return,1,-1.0,3,True,0.8055977496258585,0.0317704312696207,True,4.133092444648337,4.133092444648337,True,0.0312216408917022,0.0306216408917022,0.0296216408917022,95.95555555555556,A7LS8S010_RANK_LABEL_DIAGNOSTIC_CLUE,2136,-0.0277437491330281,-5.323495677051607,-5.323495677051607,-5.323495677051607,0.4531835205992509,2159,-0.0216206544953939,-4.133092444648337,-4.133092444648337,-4.133092444648337,0.4474293654469662,2159,-0.0334747257389394,-7.210422274100058,-7.210422274100058,-7.210422274100058,0.4372394627142195,2159,-0.0316216408917022,-8.448136264093197,-8.448136264093197,-8.448136264093197,0.4321445113478462,G:\AlphaFactory_CryptoData\research_runtime\a7ls8_company_numeric\shard_010\a7ls8_s010_label_response_metrics.csv,s010,volatility_context_interaction,A7LS8_B,a7ls6_4ec71bffe30b07a9,0,skel_cdcf67ce100dfed8,prod_39d7000534eea7f9,a7ls8_s010,rank_label_diagnostic_clue
a7ls8_0373b70e3673411f,"Mul(ZScore(Mean(realized_vol_72h,24)),Sign(ZScore(Mean(age_percentile_active_universe,24))))",volatility_like|age_percentile_active_universe,typed_gate,L7_ranked_future_return,4,-1.0,3,True,0.8227831879231076,0.0605252138734281,True,3.53613747739749,3.6246950888745015,True,0.0612798566017315,0.0606798566017315,0.0596798566017315,95.82222222222222,A7LS8S010_RANK_LABEL_DIAGNOSTIC_CLUE,2133,-0.0484012801479397,-9.437455443611723,-4.717264849431935,-4.861688266176925,0.4186591654946085,2156,-0.0370721994605923,-7.031309144906636,-3.53613747739749,-3.6246950888745015,0.4322820037105751,2156,-0.0522976093846629,-11.367400904844832,-5.72859881414079,-6.024143397678593,0.4067717996289425,2156,-0.0616798566017315,-16.825409311787027,-8.442847374009439,-8.567576215741774,0.3678107606679035,G:\AlphaFactory_CryptoData\research_runtime\a7ls8_company_numeric\shard_010\a7ls8_s010_label_response_metrics.csv,s010,volatility_context_interaction,A7LS8_B,a7ls6_4ec71bffe30b07a9,0,skel_cdcf67ce100dfed8,prod_39d7000534eea7f9,a7ls8_s010,rank_label_diagnostic_clue
a7ls8_0373b70e3673411f,"Mul(ZScore(Mean(realized_vol_72h,24)),Sign(ZScore(Mean(age_percentile_active_universe,24))))",volatility_like|age_percentile_active_universe,typed_gate,L7_ranked_future_return,8,-1.0,3,True,0.8164179241515132,0.0804907740861214,True,3.027916420508092,3.343894059612384,True,0.0814021349648905,0.0808021349648905,0.0798021349648905,95.64444444444445,A7LS8S010_RANK_LABEL_DIAGNOSTIC_CLUE,2129,-0.0595015591566202,-11.874591391460852,-4.142466732359326,-5.133038205228731,0.3922029121653358,2152,-0.0468618769792096,-8.734154514783775,-3.027916420508092,-3.343894059612384,0.4214684014869888,2152,-0.0657194427233925,-14.171924379030346,-4.967051644416987,-5.491258844932611,0.3801115241635687,2152,-0.0818021349648905,-21.8931299108645,-7.744849616270743,-8.084155670461575,0.3238847583643122,G:\AlphaFactory_CryptoData\research_runtime\a7ls8_company_numeric\shard_010\a7ls8_s010_label_response_metrics.csv,s010,volatility_context_interaction,A7LS8_B,a7ls6_4ec71bffe30b07a9,0,skel_cdcf67ce100dfed8,prod_39d7000534eea7f9,a7ls8_s010,rank_label_diagnostic_clue
a7ls8_0373b70e3673411f,"Mul(ZScore(Mean(realized_vol_72h,24)),Sign(ZScore(Mean(age_percentile_active_universe,24))))",volatility_like|age_percentile_active_universe,typed_gate,L7_ranked_future_return,24,-1.0,3,True,0.8452870329904363,0.1118943930763628,True,2.569830424912792,3.529244495076294,True,0.112790488885421,0.112190488885421,0.111190488885421,94.93333333333334,A7LS8S010_RANK_LABEL_DIAGNOSTIC_CLUE,2113,-0.0751156585774131,-14.371178714643497,-2.8726591465642755,-3.6892273052849744,0.3345953620444865,2136,-0.0713796068716188,-12.626244700471336,-2.569830424912792,-3.529244495076294,0.375936329588015,2136,-0.0977005739353585,-20.310650187339743,-4.010490028621618,-4.721901765534423,0.3192883895131086,2136,-0.113190488885421,-30.071133407626345,-6.105283486561664,-7.3836569143182205,0.2397003745318352,G:\AlphaFactory_CryptoData\research_runtime\a7ls8_company_numeric\shard_010\a7ls8_s010_label_response_metrics.csv,s010,volatility_context_interaction,A7LS8_B,a7ls6_4ec71bffe30b07a9,0,skel_cdcf67ce100dfed8,prod_39d7000534eea7f9,a7ls8_s010,rank_label_diagnostic_clue
a7ls8_052ef6349e09eb15,"Mul(ZScore(Mean(realized_vol_72h,72)),Sign(ZScore(Mean(age_percentile_active_universe,72))))",volatility_like|age_percentile_active_universe,typed_gate,L7_ranked_future_return,1,-1.0,3,True,0.9188824645959256,0.0276884392208326,True,4.819719481607796,4.819719481607796,True,0.0275346898426912,0.0269346898426912,0.0259346898426912,95.95555555555556,A7LS8S010_RANK_LABEL_DIAGNOSTIC_CLUE,2136,-0.026668216378832,-5.111449084158058,-5.111449084158058,-5.111449084158058,0.4545880149812734,2159,-0.0248563828418506,-4.819719481607796,-4.819719481607796,-4.819719481607796,0.4492820750347383,2159,-0.0306434198788876,-6.814919342388308,-6.814919342388308,-6.814919342388308,0.4478925428439092,2159,-0.0279346898426912,-7.60247458509324,-7.60247458509324,-7.60247458509324,0.4469661880500231,G:\AlphaFactory_CryptoData\research_runtime\a7ls8_company_numeric\shard_010\a7ls8_s010_label_response_metrics.csv,s010,volatility_context_interaction,A7LS8_B,a7ls6_4ec71bffe30b07a9,0,skel_cdcf67ce100dfed8,prod_fddd7bee72cd4251,a7ls8_s010,rank_label_diagnostic_clue
a7ls8_052ef6349e09eb15,"Mul(ZScore(Mean(realized_vol_72h,72)),Sign(ZScore(Mean(age_percentile_active_universe,72))))",volatility_like|age_percentile_active_universe,typed_gate,L7_ranked_future_return,4,-1.0,3,True,0.8874487066710084,0.0550330312049062,True,4.084018648561223,4.175686556307253,True,0.0550829223356009,0.0544829223356009,0.0534829223356009,95.82222222222222,A7LS8S010_RANK_LABEL_DIAGNOSTIC_CLUE,2133,-0.0444724978729315,-8.661434109374767,-4.33169908356401,-4.465678484542002,0.4163150492264416,2156,-0.0422669509723081,-8.134312347163378,-4.084018648561223,-4.175686556307253,0.423469387755102,2156,-0.0497064877087198,-11.063926603934258,-5.440128344300325,-5.858766098729272,0.4035250463821892,2156,-0.0554829223356009,-15.03844370832538,-7.605231329221797,-7.658205277597266,0.3798701298701298,G:\AlphaFactory_CryptoData\research_runtime\a7ls8_company_numeric\shard_010\a7ls8_s010_label_response_metrics.csv,s010,volatility_context_interaction,A7LS8_B,a7ls6_4ec71bffe30b07a9,0,skel_cdcf67ce100dfed8,prod_fddd7bee72cd4251,a7ls8_s010,rank_label_diagnostic_clue
a7ls8_052ef6349e09eb15,"Mul(ZScore(Mean(realized_vol_72h,72)),Sign(ZScore(Mean(age_percentile_active_universe,72))))",volatility_like|age_percentile_active_universe,typed_gate,L7_ranked_future_return,8,-1.0,3,True,0.9130748670930288,0.0733400185443343,True,3.507220252771295,3.8972584339977288,True,0.0733470204288861,0.0727470204288861,0.0717470204288861,95.64444444444445,A7LS8S010_RANK_LABEL_DIAGNOSTIC_CLUE,2129,-0.0556979346067533,-10.901077218623056,-3.792251302449517,-4.705354617136933,0.3870361672146548,2152,-0.0517289579891229,-9.913382163758092,-3.507220252771295,-3.8972584339977288,0.4098513011152416,2152,-0.0642912385550048,-14.090112435463574,-4.953451061524845,-5.371369688149245,0.3884758364312267,2152,-0.0737470204288861,-19.80477548665268,-6.975190404879079,-7.545366104876082,0.3234200743494423,G:\AlphaFactory_CryptoData\research_runtime\a7ls8_company_numeric\shard_010\a7ls8_s010_label_response_metrics.csv,s010,volatility_context_interaction,A7LS8_B,a7ls6_4ec71bffe30b07a9,0,skel_cdcf67ce100dfed8,prod_fddd7bee72cd4251,a7ls8_s010,rank_label_diagnostic_clue
a7ls8_052ef6349e09eb15,"Mul(ZScore(Mean(realized_vol_72h,72)),Sign(ZScore(Mean(age_percentile_active_universe,72))))",volatility_like|age_percentile_active_universe,typed_gate,L7_ranked_future_return,24,-1.0,3,True,0.9494385890362184,0.1010988597152864,True,2.720079926400132,3.3311562252284155,True,0.1020027040851713,0.1014027040851713,0.1004027040851713,94.93333333333334,A7LS8S010_RANK_LABEL_DIAGNOSTIC_CLUE,2113,-0.0736028400028045,-13.355313519128302,-2.720881144693524,-3.2528669733223903,0.3374349266445812,2136,-0.0731937183555277,-13.194181574480968,-2.720079926400132,-3.3311562252284155,0.3867041198501872,2136,-0.1011792713535164,-21.91859144410345,-4.637100038225415,-5.285481162373356,0.2991573033707865,2136,-0.1024027040851713,-27.174901160255686,-5.375652514055568,-6.717504128523716,0.2579588014981273,G:\AlphaFactory_CryptoData\research_runtime\a7ls8_company_numeric\shard_010\a7ls8_s010_label_response_metrics.csv,s010,volatility_context_interaction,A7LS8_B,a7ls6_4ec71bffe30b07a9,0,skel_cdcf67ce100dfed8,prod_fddd7bee72cd4251,a7ls8_s010,rank_label_diagnostic_clue
a7ls8_0dcfa980c054e186,"Mul(ZScore(Mean(volume_volatility_ratio_168h,8)),Sign(ZScore(Mean(age_percentile_active_universe,8))))",volatility_like|age_percentile_active_universe,typed_gate,L7_ranked_future_return,1,1.0,3,True,0.8202410905874133,0.0299186866347588,True,3.9250424095963177,3.9250424095963177,True,0.0296296830236906,0.0290296830236906,0.0280296830236906,95.95555555555556,A7LS8S010_RANK_LABEL_DIAGNOSTIC_CLUE,2152,0.0243002041597824,4.523267673241432,4.523267673241432,4.523267673241432,0.5343866171003717,2159,0.0197573840341035,3.9250424095963177,3.9250424095963177,3.9250424095963177,0.5382121352477999,2159,0.0299672291269963,6.307285832504009,6.307285832504009,6.307285832504009,0.5525706345530338,2159,0.0300296830236906,7.355635185393093,7.355635185393093,7.355635185393093,0.5701713756368689,G:\AlphaFactory_CryptoData\research_runtime\a7ls8_company_numeric\shard_010\a7ls8_s010_label_response_metrics.csv,s010,volatility_context_interaction,A7LS8_B,a7ls6_4ec71bffe30b07a9,0,skel_c57633894152038e,prod_d26fa93b661ae239,a7ls8_s010,rank_label_diagnostic_clue
a7ls8_0dcfa980c054e186,"Mul(ZScore(Mean(volume_volatility_ratio_168h,8)),Sign(ZScore(Mean(age_percentile_active_universe,8))))",volatility_like|age_percentile_active_universe,typed_gate,L7_ranked_future_return,4,1.0,3,True,0.7737240218234885,0.0559356049869442,True,3.3264787360972985,3.0266941131153104,True,0.0563795836769051,0.0557795836769051,0.0547795836769051,95.82222222222222,A7LS8S010_RANK_LABEL_DIAGNOSTIC_CLUE,2149,0.04727761512676,8.905429120295864,4.435763645467521,4.192313285759611,0.5700325732899023,2156,0.0331609569332783,6.516749381796435,3.3264787360972985,3.0266941131153104,0.5542671614100185,2156,0.0508751685649007,10.90814039344359,5.430227091844781,4.954759305859162,0.5918367346938775,2156,0.0567795836769051,13.702769650476233,6.866146139085688,6.683273288882343,0.6187384044526901,G:\AlphaFactory_CryptoData\research_runtime\a7ls8_company_numeric\shard_010\a7ls8_s010_label_response_metrics.csv,s010,volatility_context_interaction,A7LS8_B,a7ls6_4ec71bffe30b07a9,0,skel_c57633894152038e,prod_d26fa93b661ae239,a7ls8_s010,rank_label_diagnostic_clue
a7ls8_0dcfa980c054e186,"Mul(ZScore(Mean(volume_volatility_ratio_168h,8)),Sign(ZScore(Mean(age_percentile_active_universe,8))))",volatility_like|age_percentile_active_universe,typed_gate,L7_ranked_future_return,8,1.0,3,True,0.7395971356070534,0.0746514332059754,True,2.845585122304554,2.7598972943539306,True,0.0751036497057001,0.0745036497057001,0.0735036497057001,95.64444444444445,A7LS8S010_RANK_LABEL_DIAGNOSTIC_CLUE,2145,0.0603839139255805,11.567771439198845,4.0065356700198,3.5657830897283773,0.5948717948717949,2152,0.0432370727488641,8.401192783723094,2.845585122304554,2.7598972943539306,0.570631970260223,2152,0.0676437132125155,14.45934396746844,5.17836997375108,4.5454397027747495,0.6073420074349443,2152,0.0755036497057001,17.982742436489552,6.321794778267478,5.897333588942015,0.6519516728624535,G:\AlphaFactory_CryptoData\research_runtime\a7ls8_company_numeric\shard_010\a7ls8_s010_label_response_metrics.csv,s010,volatility_context_interaction,A7LS8_B,a7ls6_4ec71bffe30b07a9,0,skel_c57633894152038e,prod_d26fa93b661ae239,a7ls8_s010,rank_label_diagnostic_clue
a7ls8_0dcfa980c054e186,"Mul(ZScore(Mean(volume_volatility_ratio_168h,8)),Sign(ZScore(Mean(age_percentile_active_universe,8))))",volatility_like|age_percentile_active_universe,typed_gate,L7_ranked_future_return,24,1.0,3,True,0.7405976410796714,0.1058494590095713,True,2.3003799837377263,1.7872717666304652,True,0.1061882002965043,0.1055882002965043,0.1045882002965043,94.93333333333334,A7LS8S010_RANK_LABEL_DIAGNOSTIC_CLUE,2129,0.0786968266704938,14.26446572064407,2.889103379815341,2.1849039118119644,0.6373884452794739,2136,0.0635870743168262,11.363521544453652,2.3003799837377263,1.7872717666304652,0.5720973782771536,2136,0.1047618699282147,22.2605964333447,4.484622129782707,3.478599616043645,0.7045880149812734,2136,0.1065882002965043,25.37115214851917,5.151637600532995,4.5222178771173,0.7017790262172284,G:\AlphaFactory_CryptoData\research_runtime\a7ls8_company_numeric\shard_010\a7ls8_s010_label_response_metrics.csv,s010,volatility_context_interaction,A7LS8_B,a7ls6_4ec71bffe30b07a9,0,skel_c57633894152038e,prod_d26fa93b661ae239,a7ls8_s010,rank_label_diagnostic_clue
a7ls8_25d2aa72c894b69c,"Mul(Delta(realized_vol_168h,168),ZScore(Mean(age_percentile_active_universe,168)))",volatility_like|age_percentile_active_universe,typed_interaction,L7_ranked_future_return,1,-1.0,3,True,0.9263814317673378,0.0142044284905563,True,1.3191371211432723,1.3191371211432723,True,0.0144595242996586,0.0138595242996586,0.0128595242996586,95.95555555555556,A7LS8S010_RANK_LABEL_DIAGNOSTIC_CLUE,1991,-0.0100230842029875,-2.757863743190147,-2.757863743190147,-2.757863743190147,0.467101958814666,2159,-0.0078824590859966,-2.2914629518403724,-2.2914629518403724,-2.2914629518403724,0.4770727188513201,2159,-0.0047925994544799,-1.3191371211432723,-1.3191371211432723,-1.3191371211432723,0.4988420565076424,2159,-0.0148595242996586,-4.515212008241908,-4.515212008241908,-4.515212008241908,0.4719777674849467,G:\AlphaFactory_CryptoData\research_runtime\a7ls8_company_numeric\shard_010\a7ls8_s010_label_response_metrics.csv,s010,volatility_context_interaction,A7LS8_B,a7ls6_4ec71bffe30b07a9,0,skel_9538624cb8f4df93,prod_697ef70fa095cfb3,a7ls8_s010,rank_label_diagnostic_clue
a7ls8_2975df2c8cf010b8,"Mul(ZScore(Mean(realized_vol_24h,72)),Sign(ZScore(Mean(age_percentile_active_universe,72))))",volatility_like|age_percentile_active_universe,typed_gate,L7_ranked_future_return,1,-1.0,3,True,0.7712175832275046,0.0301574588715626,True,4.23863081186075,4.23863081186075,True,0.0303316862659324,0.0297316862659324,0.0287316862659324,95.95555555555556,A7LS8S010_RANK_LABEL_DIAGNOSTIC_CLUE,2136,-0.0268862327039117,-5.11514550954067,-5.11514550954067,-5.11514550954067,0.4555243445692883,2159,-0.0222772513423567,-4.23863081186075,-4.23863081186075,-4.23863081186075,0.444187123668365,2159,-0.0337494692758993,-7.234520420842523,-7.234520420842523,-7.234520420842523,0.4409448818897638,2159,-0.0307316862659324,-8.172182219192972,-8.172182219192972,-8.172182219192972,0.429365446966188,G:\AlphaFactory_CryptoData\research_runtime\a7ls8_company_numeric\shard_010\a7ls8_s010_label_response_metrics.csv,s010,volatility_context_interaction,A7LS8_B,a7ls6_4ec71bffe30b07a9,0,skel_cdcf67ce100dfed8,prod_4140d85417e7ac19,a7ls8_s010,rank_label_diagnostic_clue
a7ls8_2975df2c8cf010b8,"Mul(ZScore(Mean(realized_vol_24h,72)),Sign(ZScore(Mean(age_percentile_active_universe,72))))",volatility_like|age_percentile_active_universe,typed_gate,L7_ranked_future_return,4,-1.0,3,True,0.7840913704843893,0.0587718436490757,True,3.4653379637617103,3.531829638112019,True,0.0593961975194118,0.0587961975194118,0.0577961975194118,95.82222222222222,A7LS8S010_RANK_LABEL_DIAGNOSTIC_CLUE,2133,-0.0473951821899255,-9.16733460074304,-4.686554264816724,-4.770087787616315,0.4238162212845757,2156,-0.036497736720951,-6.8580525978376405,-3.4653379637617103,-3.531829638112019,0.4341372912801484,2156,-0.0515641641757713,-11.097521028606728,-5.563712485355364,-6.06403702885204,0.4086270871985157,2156,-0.0597961975194118,-15.936323061550612,-7.9659623215336,-8.165138910993353,0.3673469387755102,G:\AlphaFactory_CryptoData\research_runtime\a7ls8_company_numeric\shard_010\a7ls8_s010_label_response_metrics.csv,s010,volatility_context_interaction,A7LS8_B,a7ls6_4ec71bffe30b07a9,0,skel_cdcf67ce100dfed8,prod_4140d85417e7ac19,a7ls8_s010,rank_label_diagnostic_clue
a7ls8_2975df2c8cf010b8,"Mul(ZScore(Mean(realized_vol_24h,72)),Sign(ZScore(Mean(age_percentile_active_universe,72))))",volatility_like|age_percentile_active_universe,typed_gate,L7_ranked_future_return,8,-1.0,3,True,0.7918161090464673,0.0785831493959107,True,2.966740583835558,3.306498143703034,True,0.0795760451087704,0.0789760451087704,0.0779760451087704,95.64444444444445,A7LS8S010_RANK_LABEL_DIAGNOSTIC_CLUE,2129,-0.0611892320338187,-12.053387476771784,-4.282071979067774,-4.904146589515074,0.394081728511038,2152,-0.0460965736007848,-8.539737167981597,-2.966740583835558,-3.306498143703034,0.4261152416356877,2152,-0.0646677993339529,-13.897798686332376,-4.856348670532035,-5.44310802559453,0.3801115241635687,2152,-0.0799760451087704,-20.988588164699568,-7.466393830784985,-7.915437279981971,0.328996282527881,G:\AlphaFactory_CryptoData\research_runtime\a7ls8_company_numeric\shard_010\a7ls8_s010_label_response_metrics.csv,s010,volatility_context_interaction,A7LS8_B,a7ls6_4ec71bffe30b07a9,0,skel_cdcf67ce100dfed8,prod_4140d85417e7ac19,a7ls8_s010,rank_label_diagnostic_clue
a7ls8_2975df2c8cf010b8,"Mul(ZScore(Mean(realized_vol_24h,72)),Sign(ZScore(Mean(age_percentile_active_universe,72))))",volatility_like|age_percentile_active_universe,typed_gate,L7_ranked_future_return,24,-1.0,3,True,0.9196741678174288,0.1074533569149674,True,2.6551349656264973,3.263830591501297,True,0.1084562799105285,0.1078562799105285,0.1068562799105285,94.93333333333334,A7LS8S010_RANK_LABEL_DIAGNOSTIC_CLUE,2113,-0.0774157935443725,-14.560329340241598,-2.910656532678427,-3.4367317477996235,0.3402744912446758,2136,-0.0721664650957137,-12.666062109705036,-2.6551349656264973,-3.263830591501297,0.3871722846441947,2136,-0.0954293244555416,-19.88927651716982,-3.943164714549626,-4.623940730805653,0.3239700374531835,2136,-0.1088562799105285,-28.246225799638136,-5.738552494069518,-6.562917175107449,0.2514044943820224,G:\AlphaFactory_CryptoData\research_runtime\a7ls8_company_numeric\shard_010\a7ls8_s010_label_response_metrics.csv,s010,volatility_context_interaction,A7LS8_B,a7ls6_4ec71bffe30b07a9,0,skel_cdcf67ce100dfed8,prod_4140d85417e7ac19,a7ls8_s010,rank_label_diagnostic_clue
a7ls8_324da4f23eb11921,"Mul(Delta(volume_volatility_ratio_168h,336),ZScore(Mean(age_percentile_active_universe,336)))",volatility_like|age_percentile_active_universe,typed_interaction,L7_ranked_future_return,1,1.0,3,True,0.5317526620423914,0.0182115562760537,True,2.7894962055143484,2.7894962055143484,True,0.0178523791450088,0.0172523791450088,0.0162523791450088,95.95555555555556,A7LS8S010_RANK_LABEL_DIAGNOSTIC_CLUE,1823,0.0040596239410007,0.9378090236312308,0.9378090236312308,0.9378090236312308,0.5123422929237521,2159,0.0101529396754327,2.7894962055143484,2.7894962055143484,2.7894962055143484,0.5229272811486799,2159,0.0098500516785891,2.8075377641244685,2.8075377641244685,2.8075377641244685,0.5247799907364521,2159,0.0182523791450088,5.434251147912823,5.434251147912823,5.434251147912823,0.5308012968967114,G:\AlphaFactory_CryptoData\research_runtime\a7ls8_company_numeric\shard_010\a7ls8_s010_label_response_metrics.csv,s010,volatility_context_interaction,A7LS8_B,a7ls6_4ec71bffe30b07a9,0,skel_a79313919327a67f,prod_e305aa3aa5c65726,a7ls8_s010,rank_label_diagnostic_clue
a7ls8_3cf7ac9fd63d9ebe,"Mul(ZScore(Mean(realized_vol_168h,24)),Sign(ZScore(Mean(age_percentile_active_universe,24))))",volatility_like|age_percentile_active_universe,typed_gate,L7_ranked_future_return,1,-1.0,3,True,0.9289218081714908,0.0263701527198806,True,4.453847862495626,4.453847862495626,True,0.0265554502684713,0.0259554502684713,0.0249554502684713,95.95555555555556,A7LS8S010_RANK_LABEL_DIAGNOSTIC_CLUE,2136,-0.0250574097915799,-4.740181824244742,-4.740181824244742,-4.740181824244742,0.4602059925093633,2159,-0.023037607431424,-4.453847862495626,-4.453847862495626,-4.453847862495626,0.4515979620194534,2159,-0.0334662824009743,-7.361730669636842,-7.361730669636842,-7.361730669636842,0.4423344140805929,2159,-0.0269554502684713,-7.322380458385983,-7.322380458385983,-7.322380458385983,0.4377026401111625,G:\AlphaFactory_CryptoData\research_runtime\a7ls8_company_numeric\shard_010\a7ls8_s010_label_response_metrics.csv,s010,volatility_context_interaction,A7LS8_B,a7ls6_4ec71bffe30b07a9,0,skel_62a1ef82c27702e9,prod_f53c38ee7e858f60,a7ls8_s010,rank_label_diagnostic_clue
a7ls8_3cf7ac9fd63d9ebe,"Mul(ZScore(Mean(realized_vol_168h,24)),Sign(ZScore(Mean(age_percentile_active_universe,24))))",volatility_like|age_percentile_active_universe,typed_gate,L7_ranked_future_return,4,-1.0,3,True,0.8062536621009602,0.0505029837061087,True,3.7225623851160905,3.762854769713076,True,0.050776062280973,0.0501760622809729,0.0491760622809729,95.82222222222222,A7LS8S010_RANK_LABEL_DIAGNOSTIC_CLUE,2133,-0.0423933698407737,-8.19113393974772,-4.0756013654884695,-4.314699809555615,0.4224097515236755,2156,-0.038938223648045,-7.461397835259366,-3.7225623851160905,-3.762854769713076,0.4332096474953618,2156,-0.0546548338401016,-12.20658119792647,-6.039097810534678,-6.539930548936569,0.3910018552875696,2156,-0.0511760622809729,-13.96151020000441,-6.982065057728285,-7.348017799821281,0.3812615955473098,G:\AlphaFactory_CryptoData\research_runtime\a7ls8_company_numeric\shard_010\a7ls8_s010_label_response_metrics.csv,s010,volatility_context_interaction,A7LS8_B,a7ls6_4ec71bffe30b07a9,0,skel_62a1ef82c27702e9,prod_f53c38ee7e858f60,a7ls8_s010,rank_label_diagnostic_clue
a7ls8_3cf7ac9fd63d9ebe,"Mul(ZScore(Mean(realized_vol_168h,24)),Sign(ZScore(Mean(age_percentile_active_universe,24))))",volatility_like|age_percentile_active_universe,typed_gate,L7_ranked_future_return,8,-1.0,3,True,0.8340520928803173,0.0649710271668043,True,3.3137027512749526,3.632924867434829,True,0.065946846817775,0.065346846817775,0.064346846817775,95.64444444444445,A7LS8S010_RANK_LABEL_DIAGNOSTIC_CLUE,2129,-0.0518573154236904,-10.04975542416274,-3.498578938343208,-4.174299846698835,0.3912635039924847,2152,-0.049712369200055,-9.523636993129177,-3.3137027512749526,-3.632924867434829,0.4182156133828996,2152,-0.0704263314487814,-15.828421504575244,-5.583244444295056,-6.166766741490519,0.3712825278810409,2152,-0.066346846817775,-17.88511463323969,-6.358262436985623,-6.688185298104713,0.3513011152416357,G:\AlphaFactory_CryptoData\research_runtime\a7ls8_company_numeric\shard_010\a7ls8_s010_label_response_metrics.csv,s010,volatility_context_interaction,A7LS8_B,a7ls6_4ec71bffe30b07a9,0,skel_62a1ef82c27702e9,prod_f53c38ee7e858f60,a7ls8_s010,rank_label_diagnostic_clue
a7ls8_3cf7ac9fd63d9ebe,"Mul(ZScore(Mean(realized_vol_168h,24)),Sign(ZScore(Mean(age_percentile_active_universe,24))))",volatility_like|age_percentile_active_universe,typed_gate,L7_ranked_future_return,24,-1.0,3,True,0.8739122133041342,0.0863231670047856,True,2.749237835630037,3.417239025467274,True,0.0872892707899847,0.0866892707899847,0.0856892707899847,94.93333333333334,A7LS8S010_RANK_LABEL_DIAGNOSTIC_CLUE,2113,-0.0651317461569472,-11.75955986106129,-2.3466193831065527,-2.9187187178634164,0.3525792711784193,2136,-0.0718505351383687,-13.330703022321863,-2.749237835630037,-3.417239025467274,0.3904494382022472,2136,-0.1152336163996393,-25.08847858411173,-5.226541014618733,-5.68213675130646,0.2841760299625468,2136,-0.0876892707899847,-23.015401203307988,-4.616489643385114,-5.569106093539873,0.3043071161048689,G:\AlphaFactory_CryptoData\research_runtime\a7ls8_company_numeric\shard_010\a7ls8_s010_label_response_metrics.csv,s010,volatility_context_interaction,A7LS8_B,a7ls6_4ec71bffe30b07a9,0,skel_62a1ef82c27702e9,prod_f53c38ee7e858f60,a7ls8_s010,rank_label_diagnostic_clue
a7ls8_4a328ce303575c7a,"Mul(ZScore(Mean(realized_vol_24h,336)),Sign(ZScore(Mean(age_percentile_active_universe,336))))",volatility_like|age_percentile_active_universe,typed_gate,L7_ranked_future_return,1,-1.0,3,True,0.940712315693498,0.0193101015559329,True,3.524139872223901,3.524139872223901,True,0.0183623299538538,0.0177623299538538,0.0167623299538538,95.95555555555556,A7LS8S010_RANK_LABEL_DIAGNOSTIC_CLUE,2136,-0.026546433928076,-5.032408074076663,-5.032408074076663,-5.032408074076663,0.4527153558052434,2159,-0.0188735675810131,-3.524139872223901,-3.524139872223901,-3.524139872223901,0.4645669291338583,2159,-0.032475785042801,-7.2622388915878435,-7.2622388915878435,-7.2622388915878435,0.4474293654469662,2159,-0.0187623299538538,-5.070119156643719,-5.070119156643719,-5.070119156643719,0.4543770264011116,G:\AlphaFactory_CryptoData\research_runtime\a7ls8_company_numeric\shard_010\a7ls8_s010_label_response_metrics.csv,s010,volatility_context_interaction,A7LS8_B,a7ls6_4ec71bffe30b07a9,0,skel_e6380fa9f63e8ce9,prod_0edfb18597c65f0f,a7ls8_s010,rank_label_diagnostic_clue
a7ls8_4a328ce303575c7a,"Mul(ZScore(Mean(realized_vol_24h,336)),Sign(ZScore(Mean(age_percentile_active_universe,336))))",volatility_like|age_percentile_active_universe,typed_gate,L7_ranked_future_return,4,-1.0,3,True,0.9244737292054286,0.0387284032931354,True,3.0157888484959203,3.0972965607647907,True,0.0384680061671133,0.0378680061671133,0.0368680061671133,95.82222222222222,A7LS8S010_RANK_LABEL_DIAGNOSTIC_CLUE,2133,-0.0441315971679602,-8.411898036359823,-4.242058338141273,-4.376717644345543,0.4270979840600094,2156,-0.031868133932866,-6.041741133257342,-3.0157888484959203,-3.0972965607647907,0.4466604823747681,2156,-0.0525290103415103,-11.88007861065273,-5.957941218987188,-6.504443322131466,0.400278293135436,2156,-0.0388680061671133,-10.232948362048411,-5.1672739808394486,-5.179546625266635,0.4141929499072356,G:\AlphaFactory_CryptoData\research_runtime\a7ls8_company_numeric\shard_010\a7ls8_s010_label_response_metrics.csv,s010,volatility_context_interaction,A7LS8_B,a7ls6_4ec71bffe30b07a9,0,skel_e6380fa9f63e8ce9,prod_0edfb18597c65f0f,a7ls8_s010,rank_label_diagnostic_clue
a7ls8_4a328ce303575c7a,"Mul(ZScore(Mean(realized_vol_24h,336)),Sign(ZScore(Mean(age_percentile_active_universe,336))))",volatility_like|age_percentile_active_universe,typed_gate,L7_ranked_future_return,8,-1.0,3,True,0.9503839713727668,0.0507345126841525,True,2.6276164984591865,2.913891449275124,True,0.0504604721705906,0.0498604721705906,0.0488604721705906,95.64444444444445,A7LS8S010_RANK_LABEL_DIAGNOSTIC_CLUE,2129,-0.0555436226797487,-10.49342541752194,-3.783124695096062,-4.3052422411416575,0.3968999530295913,2152,-0.039363173146427,-7.544369839407047,-2.6276164984591865,-2.913891449275124,0.4358736059479554,2152,-0.0665126325209968,-14.937165883995666,-5.3445396385307,-5.828890236922733,0.3773234200743494,2152,-0.0508604721705906,-13.029583447646624,-4.677272097102766,-4.980426976849655,0.3968401486988847,G:\AlphaFactory_CryptoData\research_runtime\a7ls8_company_numeric\shard_010\a7ls8_s010_label_response_metrics.csv,s010,volatility_context_interaction,A7LS8_B,a7ls6_4ec71bffe30b07a9,0,skel_e6380fa9f63e8ce9,prod_0edfb18597c65f0f,a7ls8_s010,rank_label_diagnostic_clue
a7ls8_4a328ce303575c7a,"Mul(ZScore(Mean(realized_vol_24h,336)),Sign(ZScore(Mean(age_percentile_active_universe,336))))",volatility_like|age_percentile_active_universe,typed_gate,L7_ranked_future_return,24,-1.0,3,True,0.9705442811267232,0.067733231680885,True,2.04530950070205,2.691723249214208,True,0.0677539839523512,0.0671539839523512,0.0661539839523512,94.93333333333334,A7LS8S010_RANK_LABEL_DIAGNOSTIC_CLUE,2113,-0.0699875988150952,-12.489184810035727,-2.5899101917683742,-3.0298229351435912,0.3421675343114055,2136,-0.0555475360660285,-10.045480018957315,-2.04530950070205,-2.691723249214208,0.4339887640449438,2136,-0.1069223095696351,-22.698761062864627,-4.617553105871972,-5.490842332242894,0.3019662921348314,2136,-0.0681539839523512,-16.76667993551185,-3.384242849968728,-3.950935123484476,0.3628277153558052,G:\AlphaFactory_CryptoData\research_runtime\a7ls8_company_numeric\shard_010\a7ls8_s010_label_response_metrics.csv,s010,volatility_context_interaction,A7LS8_B,a7ls6_4ec71bffe30b07a9,0,skel_e6380fa9f63e8ce9,prod_0edfb18597c65f0f,a7ls8_s010,rank_label_diagnostic_clue
a7ls8_6117b7c011c155b8,"Mul(ZScore(Mean(realized_vol_72h,168)),Sign(ZScore(Mean(age_percentile_active_universe,168))))",volatility_like|age_percentile_active_universe,typed_gate,L7_ranked_future_return,8,-1.0,3,True,0.9949124594741072,0.0582007585536279,True,3.1562759261510807,3.2457457981264657,True,0.0585234121144843,0.0579234121144843,0.0569234121144843,95.64444444444445,A7LS8S010_RANK_LABEL_DIAGNOSTIC_CLUE,2129,-0.0550934080510759,-10.502916067773011,-3.782354343426501,-4.327978560021506,0.3832785345232503,2152,-0.0467894045590665,-8.87789006637588,-3.1562759261510807,-3.2457457981264657,0.4279739776951672,2152,-0.0650070885825416,-14.567053228532906,-5.2098144957569845,-5.64799843272536,0.3903345724907063,2152,-0.0589234121144843,-15.760190269151334,-5.493262826351055,-6.329608506818629,0.3698884758364312,G:\AlphaFactory_CryptoData\research_runtime\a7ls8_company_numeric\shard_010\a7ls8_s010_label_response_metrics.csv,s010,volatility_context_interaction,A7LS8_B,a7ls6_4ec71bffe30b07a9,0,skel_e6380fa9f63e8ce9,prod_e219bf5f63204348,a7ls8_s010,rank_label_diagnostic_clue
a7ls8_666789eca094a9db,"Mul(ZScore(Mean(realized_vol_168h,8)),Sign(ZScore(Mean(age_percentile_active_universe,8))))",volatility_like|age_percentile_active_universe,typed_gate,L7_ranked_future_return,1,-1.0,3,True,0.7748861201756133,0.0279468053625649,True,4.940395027348033,4.940395027348033,True,0.0284623044362101,0.0278623044362101,0.0268623044362101,95.95555555555556,A7LS8S010_RANK_LABEL_DIAGNOSTIC_CLUE,2152,-0.0271182115258846,-5.09440809717621,-5.09440809717621,-5.09440809717621,0.4516728624535316,2159,-0.0256362792273514,-4.940395027348033,-4.940395027348033,-4.940395027348033,0.4465030106530801,2159,-0.0338172304136002,-7.4170341820960735,-7.4170341820960735,-7.4170341820960735,0.4390921723019916,2159,-0.0288623044362101,-7.75100799455572,-7.75100799455572,-7.75100799455572,0.4298286243631311,G:\AlphaFactory_CryptoData\research_runtime\a7ls8_company_numeric\shard_010\a7ls8_s010_label_response_metrics.csv,s010,volatility_context_interaction,A7LS8_B,a7ls6_4ec71bffe30b07a9,0,skel_0703eb5ca0a67fae,prod_c9ea75fa7f4a45f9,a7ls8_s010,rank_label_diagnostic_clue
a7ls8_666789eca094a9db,"Mul(ZScore(Mean(realized_vol_168h,8)),Sign(ZScore(Mean(age_percentile_active_universe,8))))",volatility_like|age_percentile_active_universe,typed_gate,L7_ranked_future_return,4,-1.0,3,True,0.7450800015380699,0.0539914719044183,True,3.932002886712175,3.998584796101664,True,0.0547682052240088,0.0541682052240087,0.0531682052240087,95.82222222222222,A7LS8S010_RANK_LABEL_DIAGNOSTIC_CLUE,2149,-0.0450303651138341,-8.634728933265176,-4.318183588800076,-4.545959856543767,0.4215914378780828,2156,-0.0408858729729265,-7.846688251791701,-3.932002886712175,-3.998584796101664,0.4313543599257885,2156,-0.0551465709389816,-12.18045846543092,-5.920004836765571,-6.720696463018204,0.3993506493506493,2156,-0.0551682052240087,-14.672511252720165,-7.332125711570775,-7.764543486810118,0.3831168831168831,G:\AlphaFactory_CryptoData\research_runtime\a7ls8_company_numeric\shard_010\a7ls8_s010_label_response_metrics.csv,s010,volatility_context_interaction,A7LS8_B,a7ls6_4ec71bffe30b07a9,0,skel_0703eb5ca0a67fae,prod_c9ea75fa7f4a45f9,a7ls8_s010,rank_label_diagnostic_clue
a7ls8_666789eca094a9db,"Mul(ZScore(Mean(realized_vol_168h,8)),Sign(ZScore(Mean(age_percentile_active_universe,8))))",volatility_like|age_percentile_active_universe,typed_gate,L7_ranked_future_return,8,-1.0,3,True,0.7227969244111956,0.0701351778707145,True,3.4455833090304164,3.617875826439721,True,0.0711412772786727,0.0705412772786727,0.0695412772786727,95.64444444444445,A7LS8S010_RANK_LABEL_DIAGNOSTIC_CLUE,2145,-0.0558634151342484,-10.830910737904482,-3.870559528335709,-4.387549348748232,0.3897435897435897,2152,-0.0510864409076827,-9.820955473494752,-3.4455833090304164,-3.617875826439721,0.4089219330855018,2152,-0.0729278535040616,-16.054502601021326,-5.635210279164571,-6.234605422578668,0.3703531598513011,2152,-0.0715412772786727,-18.916422700058547,-6.733460469889187,-7.252484923990544,0.3443308550185873,G:\AlphaFactory_CryptoData\research_runtime\a7ls8_company_numeric\shard_010\a7ls8_s010_label_response_metrics.csv,s010,volatility_context_interaction,A7LS8_B,a7ls6_4ec71bffe30b07a9,0,skel_0703eb5ca0a67fae,prod_c9ea75fa7f4a45f9,a7ls8_s010,rank_label_diagnostic_clue
a7ls8_666789eca094a9db,"Mul(ZScore(Mean(realized_vol_168h,8)),Sign(ZScore(Mean(age_percentile_active_universe,8))))",volatility_like|age_percentile_active_universe,typed_gate,L7_ranked_future_return,24,-1.0,3,True,0.7224870970874403,0.0906180642252739,True,2.7884650266445146,3.7053080789602575,True,0.091175228230337,0.090575228230337,0.089575228230337,94.93333333333334,A7LS8S010_RANK_LABEL_DIAGNOSTIC_CLUE,2129,-0.0658292179861872,-11.9781675671488,-2.4038057509352724,-2.9239419173977006,0.3442930953499295,2136,-0.0729989477129282,-13.44797041403123,-2.7884650266445146,-3.7053080789602575,0.3815543071161049,2136,-0.1194126916007768,-25.35804349134951,-5.193061174833673,-5.948401851275982,0.2855805243445692,2136,-0.091575228230337,-23.92474230779676,-4.674758024762717,-5.99805822140879,0.2940074906367041,G:\AlphaFactory_CryptoData\research_runtime\a7ls8_company_numeric\shard_010\a7ls8_s010_label_response_metrics.csv,s010,volatility_context_interaction,A7LS8_B,a7ls6_4ec71bffe30b07a9,0,skel_0703eb5ca0a67fae,prod_c9ea75fa7f4a45f9,a7ls8_s010,rank_label_diagnostic_clue
a7ls8_836221d913e2544e,"Mul(ZScore(Mean(realized_vol_24h,24)),Sign(ZScore(Mean(age_percentile_active_universe,24))))",volatility_like|age_percentile_active_universe,typed_gate,L7_ranked_future_return,1,-1.0,3,True,0.764092372710807,0.0265624463915049,True,4.121664534105284,4.121664534105284,True,0.0263852701010412,0.0257852701010412,0.0247852701010412,95.95555555555556,A7LS8S010_RANK_LABEL_DIAGNOSTIC_CLUE,2136,-0.0271653163580246,-5.281212086313868,-5.281212086313868,-5.281212086313868,0.4550561797752809,2159,-0.0216442422332012,-4.121664534105284,-4.121664534105284,-4.121664534105284,0.4654932839277443,2159,-0.031965673408471,-6.829568948428314,-6.829568948428314,-6.829568948428314,0.4525243168133395,2159,-0.0267852701010412,-7.033438939881708,-7.033438939881708,-7.033438939881708,0.4427975914775359,G:\AlphaFactory_CryptoData\research_runtime\a7ls8_company_numeric\shard_010\a7ls8_s010_label_response_metrics.csv,s010,volatility_context_interaction,A7LS8_B,a7ls6_4ec71bffe30b07a9,0,skel_cdcf67ce100dfed8,prod_97030975fea62208,a7ls8_s010,rank_label_diagnostic_clue
a7ls8_836221d913e2544e,"Mul(ZScore(Mean(realized_vol_24h,24)),Sign(ZScore(Mean(age_percentile_active_universe,24))))",volatility_like|age_percentile_active_universe,typed_gate,L7_ranked_future_return,4,-1.0,3,True,0.7274428062935151,0.0535913181560503,True,3.7166081104939632,3.7682350933926703,True,0.0525482752697038,0.0519482752697038,0.0509482752697038,95.82222222222222,A7LS8S010_RANK_LABEL_DIAGNOSTIC_CLUE,2133,-0.0470211274331058,-9.171750665700998,-4.560303405137388,-4.798293684038882,0.420534458509142,2156,-0.0389514833711262,-7.222696044051096,-3.7166081104939632,-3.7682350933926703,0.4332096474953618,2156,-0.0519795370799835,-11.13168125112136,-5.5500377722092855,-6.123080305124808,0.4081632653061224,2156,-0.0529482752697038,-14.037804257632295,-7.020904698155929,-7.204453533065373,0.3863636363636363,G:\AlphaFactory_CryptoData\research_runtime\a7ls8_company_numeric\shard_010\a7ls8_s010_label_response_metrics.csv,s010,volatility_context_interaction,A7LS8_B,a7ls6_4ec71bffe30b07a9,0,skel_cdcf67ce100dfed8,prod_97030975fea62208,a7ls8_s010,rank_label_diagnostic_clue
a7ls8_836221d913e2544e,"Mul(ZScore(Mean(realized_vol_24h,24)),Sign(ZScore(Mean(age_percentile_active_universe,24))))",volatility_like|age_percentile_active_universe,typed_gate,L7_ranked_future_return,8,-1.0,3,True,0.7039653474127986,0.0701453159421038,True,3.136518072031872,3.5696818890026925,True,0.0695644710346964,0.0689644710346964,0.0679644710346964,95.64444444444445,A7LS8S010_RANK_LABEL_DIAGNOSTIC_CLUE,2129,-0.0581617336864812,-11.533774685303936,-4.032272536601593,-4.909718027500908,0.3903240958196336,2152,-0.049296439358736,-8.98446006747652,-3.136518072031872,-3.5696818890026925,0.4140334572490706,2152,-0.0701903322060443,-15.090355504628883,-5.363661126433691,-5.785448711630644,0.3763940520446097,2152,-0.0699644710346964,-18.178266446946665,-6.518331247052483,-6.72496870125343,0.3564126394052044,G:\AlphaFactory_CryptoData\research_runtime\a7ls8_company_numeric\shard_010\a7ls8_s010_label_response_metrics.csv,s010,volatility_context_interaction,A7LS8_B,a7ls6_4ec71bffe30b07a9,0,skel_cdcf67ce100dfed8,prod_97030975fea62208,a7ls8_s010,rank_label_diagnostic_clue
a7ls8_836221d913e2544e,"Mul(ZScore(Mean(realized_vol_24h,24)),Sign(ZScore(Mean(age_percentile_active_universe,24))))",volatility_like|age_percentile_active_universe,typed_gate,L7_ranked_future_return,24,-1.0,3,True,0.8442846152940283,0.0990006253034401,True,2.211170820327472,2.8004813976883987,True,0.0991034147853377,0.0985034147853377,0.0975034147853377,94.93333333333334,A7LS8S010_RANK_LABEL_DIAGNOSTIC_CLUE,2113,-0.071549414120699,-14.025304952232812,-2.788944338360359,-3.6517523778899794,0.3625177472787506,2136,-0.0635403391160355,-10.991134066403813,-2.211170820327472,-2.8004813976883987,0.4082397003745318,2136,-0.0989268785112359,-20.9832964484965,-4.31439547290478,-4.983970427343393,0.3281835205992509,2136,-0.0995034147853377,-26.372637686986156,-5.406119672484645,-6.371957338202818,0.2743445692883895,G:\AlphaFactory_CryptoData\research_runtime\a7ls8_company_numeric\shard_010\a7ls8_s010_label_response_metrics.csv,s010,volatility_context_interaction,A7LS8_B,a7ls6_4ec71bffe30b07a9,0,skel_cdcf67ce100dfed8,prod_97030975fea62208,a7ls8_s010,rank_label_diagnostic_clue
a7ls8_8473d7b6a8c39a0d,"Mul(Delta(volume_volatility_ratio_168h,8),ZScore(Mean(age_percentile_active_universe,8)))",volatility_like|age_percentile_active_universe,typed_interaction,L7_ranked_future_return,1,1.0,3,True,0.8311515510699741,0.0127229577307738,True,3.677512562356841,3.677512562356841,True,0.0152012782409551,0.0146012782409551,0.0136012782409551,95.95555555555556,A7LS8S010_RANK_LABEL_DIAGNOSTIC_CLUE,2151,0.0221553928405392,5.930147711911541,5.930147711911541,5.930147711911541,0.5527661552766155,2159,0.0131119141663664,3.677512562356841,3.677512562356841,3.677512562356841,0.5289485873089393,2159,0.0138395958777211,3.845447501002616,3.845447501002616,3.845447501002616,0.5298749421028254,2159,0.0156012782409551,4.651087745940103,4.651087745940103,4.651087745940103,0.5460861509958314,G:\AlphaFactory_CryptoData\research_runtime\a7ls8_company_numeric\shard_010\a7ls8_s010_label_response_metrics.csv,s010,volatility_context_interaction,A7LS8_B,a7ls6_4ec71bffe30b07a9,0,skel_05da6e93bec90f42,prod_6ace09ecf2ed7a38,a7ls8_s010,rank_label_diagnostic_clue
a7ls8_88f16e507f730c14,"Mul(Delta(volume_volatility_ratio_168h,168),ZScore(Mean(age_percentile_active_universe,168)))",volatility_like|age_percentile_active_universe,typed_interaction,L7_ranked_future_return,1,1.0,3,True,0.3682410893970127,0.0185885044087626,True,3.021254688636194,3.021254688636194,True,0.0177850200710205,0.0171850200710205,0.0161850200710205,95.95555555555556,A7LS8S010_RANK_LABEL_DIAGNOSTIC_CLUE,1991,0.0102589837137489,2.5089831041491664,2.5089831041491664,2.5089831041491664,0.5188347564038172,2159,0.0107990292573722,3.021254688636194,3.021254688636194,3.021254688636194,0.5210745715609079,2159,0.0126250954231211,3.541570684799996,3.541570684799996,3.541570684799996,0.5345067160722556,2159,0.0181850200710205,5.575579163919531,5.575579163919531,5.575579163919531,0.5419175544233441,G:\AlphaFactory_CryptoData\research_runtime\a7ls8_company_numeric\shard_010\a7ls8_s010_label_response_metrics.csv,s010,volatility_context_interaction,A7LS8_B,a7ls6_4ec71bffe30b07a9,0,skel_a79313919327a67f,prod_b8f07a9799adc13d,a7ls8_s010,rank_label_diagnostic_clue
a7ls8_88f16e507f730c14,"Mul(Delta(volume_volatility_ratio_168h,168),ZScore(Mean(age_percentile_active_universe,168)))",volatility_like|age_percentile_active_universe,typed_interaction,L7_ranked_future_return,4,1.0,3,True,0.4855669238636141,0.0362034460248745,True,2.2255734026198093,1.797215718668391,True,0.0354517681062324,0.0348517681062323,0.0338517681062323,95.82222222222222,A7LS8S010_RANK_LABEL_DIAGNOSTIC_CLUE,1988,0.0166094949325583,4.083404928138155,2.028676071621621,1.6238724125551451,0.5306841046277666,2156,0.0161744464199821,4.461612205248957,2.2255734026198093,1.797215718668391,0.5338589981447124,2156,0.0250449595873702,6.878026164382287,3.412315157075234,3.1947809795258664,0.5607606679035251,2156,0.0358517681062324,10.654736392003397,5.351848791015032,4.765576668191281,0.599721706864564,G:\AlphaFactory_CryptoData\research_runtime\a7ls8_company_numeric\shard_010\a7ls8_s010_label_response_metrics.csv,s010,volatility_context_interaction,A7LS8_B,a7ls6_4ec71bffe30b07a9,0,skel_a79313919327a67f,prod_b8f07a9799adc13d,a7ls8_s010,rank_label_diagnostic_clue
a7ls8_88f16e507f730c14,"Mul(Delta(volume_volatility_ratio_168h,168),ZScore(Mean(age_percentile_active_universe,168)))",volatility_like|age_percentile_active_universe,typed_interaction,L7_ranked_future_return,8,1.0,3,True,0.59918826718403,0.0507870316587498,True,1.8569855390065853,1.4798106627392276,True,0.0504561964322594,0.0498561964322593,0.0488561964322593,95.64444444444445,A7LS8S010_RANK_LABEL_DIAGNOSTIC_CLUE,1984,0.0251314042432048,6.059098189427425,2.156243380733831,1.419759607635118,0.5675403225806451,2152,0.0188088115706319,5.122348347883687,1.8569855390065853,1.4798106627392276,0.5408921933085502,2152,0.033154935546606,9.1713376807477,3.1518633476707345,2.856767958715392,0.5836431226765799,2152,0.0508561964322593,15.313166291844263,5.6345336230081,4.702832765549149,0.6603159851301115,G:\AlphaFactory_CryptoData\research_runtime\a7ls8_company_numeric\shard_010\a7ls8_s010_label_response_metrics.csv,s010,volatility_context_interaction,A7LS8_B,a7ls6_4ec71bffe30b07a9,0,skel_a79313919327a67f,prod_b8f07a9799adc13d,a7ls8_s010,rank_label_diagnostic_clue
a7ls8_9df18b0676270b10,"Mul(ZScore(Mean(volume_volatility_ratio_168h,24)),Sign(ZScore(Mean(age_percentile_active_universe,24))))",volatility_like|age_percentile_active_universe,typed_gate,L7_ranked_future_return,1,1.0,3,True,0.865541980437851,0.0276234121163776,True,3.863369307024207,3.863369307024207,True,0.0274950999691215,0.0268950999691215,0.0258950999691215,95.95555555555556,A7LS8S010_RANK_LABEL_DIAGNOSTIC_CLUE,2136,0.0223752698449854,4.19927048600107,4.19927048600107,4.19927048600107,0.5346441947565543,2159,0.0194876528914277,3.863369307024207,3.863369307024207,3.863369307024207,0.5326540064844836,2159,0.030322331797986,6.4615942419028265,6.4615942419028265,6.4615942419028265,0.5534969893469198,2159,0.0278950999691215,6.870415195484503,6.870415195484503,6.870415195484503,0.554423344140806,G:\AlphaFactory_CryptoData\research_runtime\a7ls8_company_numeric\shard_010\a7ls8_s010_label_response_metrics.csv,s010,volatility_context_interaction,A7LS8_B,a7ls6_4ec71bffe30b07a9,0,skel_aef221df4ed41920,prod_328a25f8ae09f10e,a7ls8_s010,rank_label_diagnostic_clue
a7ls8_9df18b0676270b10,"Mul(ZScore(Mean(volume_volatility_ratio_168h,24)),Sign(ZScore(Mean(age_percentile_active_universe,24))))",volatility_like|age_percentile_active_universe,typed_gate,L7_ranked_future_return,4,1.0,3,True,0.8297903150685524,0.0525624817477496,True,3.341547444382816,3.09347678479044,True,0.0526585671768707,0.0520585671768707,0.0510585671768707,95.82222222222222,A7LS8S010_RANK_LABEL_DIAGNOSTIC_CLUE,2133,0.0432761303849559,8.14601641991752,4.069803531226033,3.8286502547567673,0.5691514299109236,2156,0.0337897738009345,6.599187205080789,3.341547444382816,3.09347678479044,0.5589053803339518,2156,0.0516654373239194,11.195856377019764,5.62547127999345,5.033976659202938,0.5909090909090909,2156,0.0530585671768707,12.852260957612035,6.444956133851438,6.266235394791933,0.609925788497217,G:\AlphaFactory_CryptoData\research_runtime\a7ls8_company_numeric\shard_010\a7ls8_s010_label_response_metrics.csv,s010,volatility_context_interaction,A7LS8_B,a7ls6_4ec71bffe30b07a9,0,skel_aef221df4ed41920,prod_328a25f8ae09f10e,a7ls8_s010,rank_label_diagnostic_clue
a7ls8_9df18b0676270b10,"Mul(ZScore(Mean(volume_volatility_ratio_168h,24)),Sign(ZScore(Mean(age_percentile_active_universe,24))))",volatility_like|age_percentile_active_universe,typed_gate,L7_ranked_future_return,8,1.0,3,True,0.8494039884409804,0.0710315501084262,True,2.885809412100897,2.6913705632627014,True,0.0711243625653999,0.0705243625653999,0.0695243625653999,95.64444444444445,A7LS8S010_RANK_LABEL_DIAGNOSTIC_CLUE,2129,0.0550519827601203,10.525320043386214,3.64818111005769,3.147817805454576,0.5988727101925787,2152,0.042739957662123,8.265526780069177,2.885809412100897,2.6913705632627014,0.5776022304832714,2152,0.0679660877478314,14.685141000217795,5.225978394281058,4.61083486526926,0.6133828996282528,2152,0.0715243625653999,16.99358452885761,6.005251592468225,5.7256959923513335,0.6398698884758365,G:\AlphaFactory_CryptoData\research_runtime\a7ls8_company_numeric\shard_010\a7ls8_s010_label_response_metrics.csv,s010,volatility_context_interaction,A7LS8_B,a7ls6_4ec71bffe30b07a9,0,skel_aef221df4ed41920,prod_328a25f8ae09f10e,a7ls8_s010,rank_label_diagnostic_clue
a7ls8_9df18b0676270b10,"Mul(ZScore(Mean(volume_volatility_ratio_168h,24)),Sign(ZScore(Mean(age_percentile_active_universe,24))))",volatility_like|age_percentile_active_universe,typed_gate,L7_ranked_future_return,24,1.0,3,True,0.9020188157100648,0.0993019251109724,True,2.2580150138348447,1.937882685854764,True,0.0996648874237064,0.0990648874237064,0.0980648874237064,94.93333333333334,A7LS8S010_RANK_LABEL_DIAGNOSTIC_CLUE,2113,0.0735973350598587,13.245569115127704,2.696753734956761,2.038348244736133,0.637008991954567,2136,0.0627578699368844,11.278841855336111,2.2580150138348447,1.937882685854764,0.5819288389513109,2136,0.105205732417811,22.61369502897113,4.587695433821789,3.5770503146135684,0.701310861423221,2136,0.1000648874237064,23.730955372605443,4.835545452737757,4.120148154975071,0.6839887640449438,G:\AlphaFactory_CryptoData\research_runtime\a7ls8_company_numeric\shard_010\a7ls8_s010_label_response_metrics.csv,s010,volatility_context_interaction,A7LS8_B,a7ls6_4ec71bffe30b07a9,0,skel_aef221df4ed41920,prod_328a25f8ae09f10e,a7ls8_s010,rank_label_diagnostic_clue
a7ls8_b4413f34b9c669cf,"Mul(ZScore(Mean(realized_vol_24h,8)),Sign(ZScore(Mean(age_percentile_active_universe,8))))",volatility_like|age_percentile_active_universe,typed_gate,L7_ranked_future_return,1,-1.0,3,True,0.7158613419556485,0.0271862884480126,True,4.791404683375258,4.791404683375258,True,0.0278399098090679,0.0272399098090679,0.0262399098090679,95.95555555555556,A7LS8S010_RANK_LABEL_DIAGNOSTIC_CLUE,2152,-0.0340101638871678,-6.5430675697366505,-6.5430675697366505,-6.5430675697366505,0.4386617100371747,2159,-0.024980647333299,-4.791404683375258,-4.791404683375258,-4.791404683375258,0.4483557202408522,2159,-0.0357798642204038,-7.666467125605649,-7.666467125605649,-7.666467125605649,0.4386289949050486,2159,-0.0282399098090679,-7.4338675979429105,-7.4338675979429105,-7.4338675979429105,0.4377026401111625,G:\AlphaFactory_CryptoData\research_runtime\a7ls8_company_numeric\shard_010\a7ls8_s010_label_response_metrics.csv,s010,volatility_context_interaction,A7LS8_B,a7ls6_4ec71bffe30b07a9,0,skel_2acf2938aabfbb31,prod_cbea7330301f05a5,a7ls8_s010,rank_label_diagnostic_clue
a7ls8_b4413f34b9c669cf,"Mul(ZScore(Mean(realized_vol_24h,8)),Sign(ZScore(Mean(age_percentile_active_universe,8))))",volatility_like|age_percentile_active_universe,typed_gate,L7_ranked_future_return,4,-1.0,3,True,0.8132324106472296,0.0541861536281179,True,3.775944377557209,3.81134854610512,True,0.0549835549371263,0.0543835549371263,0.0533835549371263,95.82222222222222,A7LS8S010_RANK_LABEL_DIAGNOSTIC_CLUE,2149,-0.0559573628130224,-10.809228408035883,-5.372273074899399,-5.583142789598198,0.4006514657980456,2156,-0.0397998640744176,-7.348384761114232,-3.775944377557209,-3.81134854610512,0.4276437847866419,2156,-0.0556500109513502,-12.161091232339205,-6.020969983317186,-6.7393913177565965,0.3965677179962894,2156,-0.0553835549371263,-14.518933453762669,-7.20762818314751,-7.5049575939527715,0.3719851576994434,G:\AlphaFactory_CryptoData\research_runtime\a7ls8_company_numeric\shard_010\a7ls8_s010_label_response_metrics.csv,s010,volatility_context_interaction,A7LS8_B,a7ls6_4ec71bffe30b07a9,0,skel_2acf2938aabfbb31,prod_cbea7330301f05a5,a7ls8_s010,rank_label_diagnostic_clue
a7ls8_b4413f34b9c669cf,"Mul(ZScore(Mean(realized_vol_24h,8)),Sign(ZScore(Mean(age_percentile_active_universe,8))))",volatility_like|age_percentile_active_universe,typed_gate,L7_ranked_future_return,24,-1.0,3,True,0.903615384263687,0.0993892725239284,True,2.313178183432142,2.794218433834588,True,0.1001022476244971,0.0995022476244971,0.0985022476244971,94.93333333333334,A7LS8S010_RANK_LABEL_DIAGNOSTIC_CLUE,2129,-0.072221787311031,-14.009017748932465,-2.8416810683623086,-3.642302545309981,0.3583842179426961,2136,-0.0651830881970453,-11.331557559668065,-2.313178183432142,-2.794218433834588,0.4091760299625468,2136,-0.1059825120942571,-23.08524479031906,-4.814233435312934,-5.94502791219731,0.3075842696629213,2136,-0.1005022476244971,-26.287065826872844,-5.6186506599595365,-6.782693938132241,0.2907303370786517,G:\AlphaFactory_CryptoData\research_runtime\a7ls8_company_numeric\shard_010\a7ls8_s010_label_response_metrics.csv,s010,volatility_context_interaction,A7LS8_B,a7ls6_4ec71bffe30b07a9,0,skel_2acf2938aabfbb31,prod_cbea7330301f05a5,a7ls8_s010,rank_label_diagnostic_clue
a7ls8_b652c96dccf6ece0,"Mul(ZScore(Mean(realized_vol_24h,168)),Sign(ZScore(Mean(age_percentile_active_universe,168))))",volatility_like|age_percentile_active_universe,typed_gate,L7_ranked_future_return,1,-1.0,3,True,0.8938490181852822,0.0263492454068241,True,4.609439107117754,4.609439107117754,True,0.0260210539858988,0.0254210539858988,0.0244210539858988,95.95555555555556,A7LS8S010_RANK_LABEL_DIAGNOSTIC_CLUE,2136,-0.0250764560792065,-4.722955133333596,-4.722955133333596,-4.722955133333596,0.4602059925093633,2159,-0.0242225964095174,-4.609439107117754,-4.609439107117754,-4.609439107117754,0.4497452524316813,2159,-0.0315145847271542,-6.806460347798117,-6.806460347798117,-6.806460347798117,0.443723946271422,2159,-0.0264210539858988,-7.14157787474394,-7.14157787474394,-7.14157787474394,0.4409448818897638,G:\AlphaFactory_CryptoData\research_runtime\a7ls8_company_numeric\shard_010\a7ls8_s010_label_response_metrics.csv,s010,volatility_context_interaction,A7LS8_B,a7ls6_4ec71bffe30b07a9,0,skel_e6380fa9f63e8ce9,prod_75aad796520c8e58,a7ls8_s010,rank_label_diagnostic_clue
a7ls8_b652c96dccf6ece0,"Mul(ZScore(Mean(realized_vol_24h,168)),Sign(ZScore(Mean(age_percentile_active_universe,168))))",volatility_like|age_percentile_active_universe,typed_gate,L7_ranked_future_return,4,-1.0,3,True,0.8525488995334499,0.0511829068748711,True,3.8914868207057145,3.980568714478299,True,0.0507943950560022,0.0501943950560022,0.0491943950560022,95.82222222222222,A7LS8S010_RANK_LABEL_DIAGNOSTIC_CLUE,2133,-0.0436607390911774,-8.332598774162628,-4.164385009973866,-4.311668120788323,0.4214721050164088,2156,-0.0411673602521816,-7.756968800729993,-3.8914868207057145,-3.980568714478299,0.4387755102040816,2156,-0.051721240895348,-11.275092991425735,-5.505080322028113,-6.22305177794731,0.4012059369202226,2156,-0.0511943950560022,-13.857144286033105,-6.892959655098051,-7.237147365409277,0.3794063079777365,G:\AlphaFactory_CryptoData\research_runtime\a7ls8_company_numeric\shard_010\a7ls8_s010_label_response_metrics.csv,s010,volatility_context_interaction,A7LS8_B,a7ls6_4ec71bffe30b07a9,0,skel_e6380fa9f63e8ce9,prod_75aad796520c8e58,a7ls8_s010,rank_label_diagnostic_clue
a7ls8_b652c96dccf6ece0,"Mul(ZScore(Mean(realized_vol_24h,168)),Sign(ZScore(Mean(age_percentile_active_universe,168))))",volatility_like|age_percentile_active_universe,typed_gate,L7_ranked_future_return,8,-1.0,3,True,0.8716031540312127,0.0670404845191381,True,3.449675682484619,3.641183326653877,True,0.0671156830855018,0.0665156830855018,0.0655156830855018,95.64444444444445,A7LS8S010_RANK_LABEL_DIAGNOSTIC_CLUE,2129,-0.0539356472783257,-10.31672980424415,-3.64545917533282,-4.128947470204262,0.3907937999060591,2152,-0.0521405314178025,-9.838560872557284,-3.449675682484619,-3.641183326653877,0.4140334572490706,2152,-0.0666873730724218,-14.59241102932505,-5.197576148421085,-5.727200812076371,0.3810408921933085,2152,-0.0675156830855018,-17.948554090252447,-6.393345083003069,-6.901626423580603,0.3503717472118959,G:\AlphaFactory_CryptoData\research_runtime\a7ls8_company_numeric\shard_010\a7ls8_s010_label_response_metrics.csv,s010,volatility_context_interaction,A7LS8_B,a7ls6_4ec71bffe30b07a9,0,skel_e6380fa9f63e8ce9,prod_75aad796520c8e58,a7ls8_s010,rank_label_diagnostic_clue
a7ls8_b652c96dccf6ece0,"Mul(ZScore(Mean(realized_vol_24h,168)),Sign(ZScore(Mean(age_percentile_active_universe,168))))",volatility_like|age_percentile_active_universe,typed_gate,L7_ranked_future_return,24,-1.0,3,True,0.8983122899609357,0.0898296075218476,True,2.768758141458054,3.320525958168275,True,0.0902462408100985,0.0896462408100984,0.0886462408100984,94.93333333333334,A7LS8S010_RANK_LABEL_DIAGNOSTIC_CLUE,2113,-0.0649691723195036,-11.619833998036857,-2.4220582847541685,-2.8074511602261447,0.3487931850449597,2136,-0.0730564116902483,-13.267493962483686,-2.768758141458054,-3.320525958168275,0.3909176029962546,2136,-0.1084077574472881,-23.037576857513045,-4.777135472143929,-5.303971511553163,0.297752808988764,2136,-0.0906462408100984,-23.53532218106594,-4.637988478263629,-5.856396216165112,0.3047752808988764,G:\AlphaFactory_CryptoData\research_runtime\a7ls8_company_numeric\shard_010\a7ls8_s010_label_response_metrics.csv,s010,volatility_context_interaction,A7LS8_B,a7ls6_4ec71bffe30b07a9,0,skel_e6380fa9f63e8ce9,prod_75aad796520c8e58,a7ls8_s010,rank_label_diagnostic_clue
a7ls8_c59f4afde7f27f53,"Mul(Delta(volume_volatility_ratio_168h,72),ZScore(Mean(age_percentile_active_universe,72)))",volatility_like|age_percentile_active_universe,typed_interaction,L7_ranked_future_return,1,1.0,3,True,0.6553026691213688,0.0167103575901051,True,3.1347883247035524,3.1347883247035524,True,0.017987338531213,0.017387338531213,0.016387338531213,95.95555555555556,A7LS8S011_RANK_LABEL_DIAGNOSTIC_CLUE,2087,0.0119626124687217,2.958756554565409,2.958756554565409,2.958756554565409,0.5251557259223766,2159,0.0145442795447137,3.94824743523537,3.94824743523537,3.94824743523537,0.539138490041686,2159,0.0109632320776079,3.1347883247035524,3.1347883247035524,3.1347883247035524,0.5178323297823066,2159,0.018387338531213,5.450112812618894,5.450112812618894,5.450112812618894,0.5497915701713756,G:\AlphaFactory_CryptoData\research_runtime\a7ls8_company_numeric\shard_011\a7ls8_s011_label_response_metrics.csv,s011,volatility_context_interaction,A7LS8_B,a7ls6_4ec71bffe30b07a9,0,skel_0107683de32c5a2d,prod_aa111f3154b51977,a7ls8_s011,rank_label_diagnostic_clue
a7ls8_c59f4afde7f27f53,"Mul(Delta(volume_volatility_ratio_168h,72),ZScore(Mean(age_percentile_active_universe,72)))",volatility_like|age_percentile_active_universe,typed_interaction,L7_ranked_future_return,4,1.0,3,True,0.9110329653558532,0.036574342489521,True,3.103675772787683,2.113286101374287,True,0.0378338746736068,0.0372338746736068,0.0362338746736068,95.82222222222222,A7LS8S011_RANK_LABEL_DIAGNOSTIC_CLUE,2084,0.023223290769176,5.534151344902035,2.7737399749257525,2.4899296715270074,0.5470249520153551,2156,0.0240300539407682,6.3526669289831865,3.293448517720706,2.1582517912268537,0.5630797773654916,2156,0.021104969765684,5.895731037466726,3.103675772787683,2.113286101374287,0.5500927643784786,2156,0.0382338746736068,11.094955434012295,5.45566909029225,5.134666049390988,0.5946196660482375,G:\AlphaFactory_CryptoData\research_runtime\a7ls8_company_numeric\shard_011\a7ls8_s011_label_response_metrics.csv,s011,volatility_context_interaction,A7LS8_B,a7ls6_4ec71bffe30b07a9,0,skel_0107683de32c5a2d,prod_aa111f3154b51977,a7ls8_s011,rank_label_diagnostic_clue
a7ls8_db6ce9b66d010cd0,"Mul(ZScore(Mean(realized_vol_72h,8)),Sign(ZScore(Mean(age_percentile_active_universe,8))))",volatility_like|age_percentile_active_universe,typed_gate,L7_ranked_future_return,1,-1.0,3,True,0.8074262897655922,0.0295357075463606,True,4.169306666587539,4.169306666587539,True,0.0296515016811624,0.0290515016811624,0.0280515016811624,95.95555555555556,A7LS8S011_RANK_LABEL_DIAGNOSTIC_CLUE,2152,-0.0298789670246454,-5.73678535866074,-5.73678535866074,-5.73678535866074,0.4484200743494423,2159,-0.0217898965141612,-4.169306666587539,-4.169306666587539,-4.169306666587539,0.4594719777674849,2159,-0.0327860978162043,-7.035572065601705,-7.035572065601705,-7.035572065601705,0.4474293654469662,2159,-0.0300515016811624,-8.028475966812966,-8.028475966812966,-8.028475966812966,0.4418712366836498,G:\AlphaFactory_CryptoData\research_runtime\a7ls8_company_numeric\shard_011\a7ls8_s011_label_response_metrics.csv,s011,volatility_context_interaction,A7LS8_B,a7ls6_4ec71bffe30b07a9,0,skel_2acf2938aabfbb31,prod_bae51a0171e33faa,a7ls8_s011,rank_label_diagnostic_clue
a7ls8_db6ce9b66d010cd0,"Mul(ZScore(Mean(realized_vol_72h,8)),Sign(ZScore(Mean(age_percentile_active_universe,8))))",volatility_like|age_percentile_active_universe,typed_gate,L7_ranked_future_return,4,-1.0,3,True,0.7604586580220684,0.0598048941798941,True,3.5314201693999028,3.70181770786405,True,0.0597486538428502,0.0591486538428502,0.0581486538428502,95.82222222222222,A7LS8S011_RANK_LABEL_DIAGNOSTIC_CLUE,2149,-0.0516699735449735,-10.049886766201958,-5.035994492165002,-5.208336685367576,0.4150767798976268,2156,-0.0367890480055658,-6.971470676633051,-3.5314201693999028,-3.70181770786405,0.4355287569573284,2156,-0.053720774926132,-11.721977312772957,-5.80131374207626,-6.450146605541979,0.4016697588126159,2156,-0.0601486538428502,-16.065965081673873,-8.030756086727436,-8.189080283995839,0.3668831168831168,G:\AlphaFactory_CryptoData\research_runtime\a7ls8_company_numeric\shard_011\a7ls8_s011_label_response_metrics.csv,s011,volatility_context_interaction,A7LS8_B,a7ls6_4ec71bffe30b07a9,0,skel_2acf2938aabfbb31,prod_bae51a0171e33faa,a7ls8_s011,rank_label_diagnostic_clue
a7ls8_db6ce9b66d010cd0,"Mul(ZScore(Mean(realized_vol_72h,8)),Sign(ZScore(Mean(age_percentile_active_universe,8))))",volatility_like|age_percentile_active_universe,typed_gate,L7_ranked_future_return,8,-1.0,3,True,0.7827860345958918,0.0814779318119234,True,2.9802655919276404,3.159877049161955,True,0.0815743477213272,0.0809743477213272,0.0799743477213272,95.64444444444445,A7LS8S011_RANK_LABEL_DIAGNOSTIC_CLUE,2145,-0.0647022036605369,-12.787567291353286,-4.462897624632699,-5.141883361463769,0.3757575757575757,2152,-0.0449575599356326,-8.403517487113229,-2.9802655919276404,-3.159877049161955,0.4182156133828996,2152,-0.0703820950364862,-15.303511569741469,-5.467202413331207,-5.671845151058036,0.3698884758364312,2152,-0.0819743477213272,-21.51058147813629,-7.477127188645886,-8.411733230863588,0.3285315985130111,G:\AlphaFactory_CryptoData\research_runtime\a7ls8_company_numeric\shard_011\a7ls8_s011_label_response_metrics.csv,s011,volatility_context_interaction,A7LS8_B,a7ls6_4ec71bffe30b07a9,0,skel_2acf2938aabfbb31,prod_bae51a0171e33faa,a7ls8_s011,rank_label_diagnostic_clue
a7ls8_db6ce9b66d010cd0,"Mul(ZScore(Mean(realized_vol_72h,8)),Sign(ZScore(Mean(age_percentile_active_universe,8))))",volatility_like|age_percentile_active_universe,typed_gate,L7_ranked_future_return,24,-1.0,3,True,0.8515472302180352,0.1158484348990844,True,2.424336025270448,3.298161599421164,True,0.1163737918747399,0.1157737918747399,0.1147737918747399,94.93333333333334,A7LS8S011_RANK_LABEL_DIAGNOSTIC_CLUE,2129,-0.0786548033766505,-15.237923757706556,-3.08401847810914,-3.746615848969894,0.3231564114607797,2136,-0.0670899656679151,-11.844920146129525,-2.424336025270448,-3.298161599421164,0.3876404494382022,2136,-0.1047734927694548,-21.785393169496945,-4.503275461935183,-5.072560828895504,0.3136704119850187,2136,-0.1167737918747399,-31.498727768267308,-6.264345550160693,-8.183459279178322,0.2284644194756554,G:\AlphaFactory_CryptoData\research_runtime\a7ls8_company_numeric\shard_011\a7ls8_s011_label_response_metrics.csv,s011,volatility_context_interaction,A7LS8_B,a7ls6_4ec71bffe30b07a9,0,skel_2acf2938aabfbb31,prod_bae51a0171e33faa,a7ls8_s011,rank_label_diagnostic_clue
a7ls8_95bf269a50a37558,"Mul(ZScore(Mean(volume_volatility_ratio_168h,24)),Sign(ZScore(Mean(liquidity_rank_active_universe,24))))",volatility_like|liquidity_rank_active_universe,typed_gate,L7_ranked_future_return,24,1.0,3,True,0.9608961939939288,0.0701088699889027,True,2.5879143993842373,1.53356298933765,True,0.0696805850325981,0.0690805850325981,0.0680805850325981,94.93333333333334,A7LS8S011_RANK_LABEL_DIAGNOSTIC_CLUE,2113,0.0424184885015161,9.227044427347712,1.8333504915881207,1.1606615175757224,0.5825840037860861,2136,0.0481642413129421,11.821538541421944,2.5879143993842373,1.53356298933765,0.5912921348314607,2136,0.083920137805174,19.801260905218907,4.045853684794516,3.1610277919745995,0.6989700374531835,2136,0.0700805850325981,17.734346374981545,3.475914829256282,2.641904520574849,0.6666666666666666,G:\AlphaFactory_CryptoData\research_runtime\a7ls8_company_numeric\shard_011\a7ls8_s011_label_response_metrics.csv,s011,volatility_context_interaction,A7LS8_B,a7ls6_4ec71bffe30b07a9,0,skel_21b9cf78c101e8d7,prod_082bd7bc924ec130,a7ls8_s011,rank_label_diagnostic_clue
a7ls8_bc981c397e8f7ab6,"Mul(ZScore(Mean(realized_vol_168h,336)),Sign(ZScore(Mean(liquidity_rank_active_universe,336))))",volatility_like|liquidity_rank_active_universe,typed_gate,L7_ranked_future_return,1,-1.0,3,True,0.9793202067979322,0.0082981125521074,True,2.4680677652758467,2.4680677652758467,True,0.0077570417974713,0.0071570417974713,0.0061570417974713,95.95555555555556,A7LS8S011_RANK_LABEL_DIAGNOSTIC_CLUE,2136,-0.0159425013438063,-3.639234800027905,-3.639234800027905,-3.639234800027905,0.4648876404494382,2159,-0.0115247810629063,-3.281945227338458,-3.281945227338458,-3.281945227338458,0.4752200092635479,2159,-0.0141332900176693,-4.064953798130561,-4.064953798130561,-4.064953798130561,0.4719777674849467,2159,-0.0081570417974713,-2.4680677652758467,-2.4680677652758467,-2.4680677652758467,0.4678091709124595,G:\AlphaFactory_CryptoData\research_runtime\a7ls8_company_numeric\shard_011\a7ls8_s011_label_response_metrics.csv,s011,volatility_context_interaction,A7LS8_B,a7ls6_4ec71bffe30b07a9,0,skel_6d43f7b84e6302a1,prod_f13114c991ec6713,a7ls8_s011,rank_label_diagnostic_clue
a7ls8_bc981c397e8f7ab6,"Mul(ZScore(Mean(realized_vol_168h,336)),Sign(ZScore(Mean(liquidity_rank_active_universe,336))))",volatility_like|liquidity_rank_active_universe,typed_gate,L7_ranked_future_return,8,-1.0,3,True,0.9906886197068404,0.0165672490276056,True,1.7817263638110183,2.4038476055181324,True,0.0170464914205562,0.0164464914205562,0.0154464914205562,95.64444444444445,A7LS8S011_RANK_LABEL_DIAGNOSTIC_CLUE,2129,-0.0363726286467303,-8.331078616957596,-2.8578397145405017,-3.665134694448192,0.4166275246594645,2152,-0.0262214628080682,-7.276027475407019,-2.505596780899422,-3.0938598779456856,0.4270446096654275,2152,-0.0317017761255679,-9.188659961878145,-3.31023477566112,-3.971094858598569,0.4270446096654275,2152,-0.0174464914205562,-5.121919313422837,-1.7817263638110183,-2.4038476055181324,0.4618959107806691,G:\AlphaFactory_CryptoData\research_runtime\a7ls8_company_numeric\shard_011\a7ls8_s011_label_response_metrics.csv,s011,volatility_context_interaction,A7LS8_B,a7ls6_4ec71bffe30b07a9,0,skel_6d43f7b84e6302a1,prod_f13114c991ec6713,a7ls8_s011,rank_label_diagnostic_clue
a7ls8_e72fb38deef88fd1,"Mul(Delta(realized_vol_168h,336),ZScore(Mean(liquidity_rank_active_universe,336)))",volatility_like|liquidity_rank_active_universe,typed_interaction,L7_ranked_future_return,1,1.0,3,True,0.9599297464360784,0.0063496581922357,True,1.7723399611546438,1.7723399611546438,True,0.0055855760983308,0.0049855760983308,0.0039855760983308,95.95555555555556,A7LS8S011_RANK_LABEL_DIAGNOSTIC_CLUE,1823,0.0046849604335547,1.149480236610448,1.149480236610448,1.149480236610448,0.5063082830499177,2159,0.0066692452352769,1.940946184392877,1.940946184392877,1.940946184392877,0.5136637332098194,2159,0.0122088790678126,3.43116678831792,3.43116678831792,3.43116678831792,0.5243168133395091,2159,0.0059855760983308,1.7723399611546438,1.7723399611546438,1.7723399611546438,0.5011579434923575,G:\AlphaFactory_CryptoData\research_runtime\a7ls8_company_numeric\shard_011\a7ls8_s011_label_response_metrics.csv,s011,volatility_context_interaction,A7LS8_B,a7ls6_4ec71bffe30b07a9,0,skel_80f4102c9447249d,prod_d42183609b7bc5f4,a7ls8_s011,rank_label_diagnostic_clue
a7ls8_5c51bc19381d60de,"Mul(Delta(realized_vol_168h,336),ZScore(Mean(mark_index_basis_bps,336)))",volatility_like|mark_index_basis_bps,typed_interaction,L7_ranked_future_return,4,1.0,3,True,0.8038974246991911,0.0080536175960283,True,1.1682461700396791,0.9505163332453092,True,0.0079271866195973,0.0073271866195973,0.0063271866195973,95.82222222222222,A7LS8S011_RANK_LABEL_DIAGNOSTIC_CLUE,1820,0.0014918472730972,0.4242855079039992,0.1079063313041821,-0.2056517977713985,0.5170329670329671,2156,0.0167522106696213,5.260255214152877,2.5960695319635447,2.1403002276174856,0.5431354359925789,2156,0.0132753717017109,3.954899383652136,1.998530788965617,1.589175711861161,0.5176252319109462,2156,0.0083271866195973,2.467238393973432,1.1682461700396791,0.9505163332453092,0.5250463821892394,G:\AlphaFactory_CryptoData\research_runtime\a7ls8_company_numeric\shard_011\a7ls8_s011_label_response_metrics.csv,s011,volatility_context_interaction,A7LS8_B,a7ls6_4ec71bffe30b07a9,0,skel_be88deda732f1a38,prod_c68e36c15ec59cd1,a7ls8_s011,rank_label_diagnostic_clue
a7ls8_71652b1cc9e8993f,"Mul(ZScore(Mean(realized_vol_24h,72)),Sign(ZScore(Mean(mark_index_basis_bps,72))))",volatility_like|mark_index_basis_bps,typed_gate,L7_ranked_future_return,8,1.0,3,True,0.4457252355563499,0.0269732935770342,True,1.459811879494909,1.021092352341225,True,0.0259024598134379,0.0253024598134379,0.0243024598134379,95.64444444444445,A7LS8S012_RANK_LABEL_DIAGNOSTIC_CLUE,2129,0.0086532920602612,2.273610977269233,0.8807592619460198,0.2489515803335748,0.5176139032409582,2152,0.0162508712825278,4.244406102900066,1.459811879494909,1.021092352341225,0.5427509293680297,2152,0.0231108766177887,6.817622328736665,2.231570283358709,1.54927183258085,0.5678438661710037,2152,0.0263024598134379,7.811202192096773,2.71318769973913,2.000472971962339,0.5738847583643123,G:\AlphaFactory_CryptoData\research_runtime\a7ls8_company_numeric\shard_012\a7ls8_s012_label_response_metrics.csv,s012,volatility_context_interaction,A7LS8_B,a7ls6_4ec71bffe30b07a9,0,skel_cd111583a660b7c1,prod_5891c879c3175f8a,a7ls8_s012,rank_label_diagnostic_clue
a7ls8_71652b1cc9e8993f,"Mul(ZScore(Mean(realized_vol_24h,72)),Sign(ZScore(Mean(mark_index_basis_bps,72))))",volatility_like|mark_index_basis_bps,typed_gate,L7_ranked_future_return,24,1.0,3,True,0.7374344452074358,0.0345469042602996,True,1.3219305756561124,0.4343440892452294,True,0.0334958896865029,0.0328958896865029,0.0318958896865029,94.93333333333334,A7LS8S012_RANK_LABEL_DIAGNOSTIC_CLUE,2113,0.011502290713572,3.182689112239117,0.6857911153574754,-0.3836483755491041,0.5068622811168955,2136,0.0267499284748231,6.198149914903081,1.3219305756561124,0.4343440892452294,0.5566479400749064,2136,0.0341363660008322,9.870532467481109,1.8344487120501407,0.7895297608401082,0.5875468164794008,2136,0.0338958896865029,9.850460887137016,1.974423380522386,1.2798038260925977,0.5917602996254682,G:\AlphaFactory_CryptoData\research_runtime\a7ls8_company_numeric\shard_012\a7ls8_s012_label_response_metrics.csv,s012,volatility_context_interaction,A7LS8_B,a7ls6_4ec71bffe30b07a9,0,skel_cd111583a660b7c1,prod_5891c879c3175f8a,a7ls8_s012,rank_label_diagnostic_clue
a7ls8_9f4ef865a2b4ae49,"Mul(ZScore(Mean(realized_vol_168h,72)),Sign(ZScore(Mean(mark_index_basis_bps,72))))",volatility_like|mark_index_basis_bps,typed_gate,L7_ranked_future_return,4,1.0,3,True,0.7809074753868703,0.018616731730571,True,0.8958891487894276,0.4825161774512844,True,0.0161543616436473,0.0155543616436473,0.0145543616436473,95.82222222222222,A7LS8S012_RANK_LABEL_DIAGNOSTIC_CLUE,2133,0.0007596130471775,0.204431953949378,0.0091522708308914,-0.2720859616185711,0.4983591186122831,2156,0.0062094424259602,1.7149944863872677,0.8958891487894276,0.4825161774512844,0.5176252319109462,2156,0.0181072792121899,5.480388817918165,2.7071701874493024,2.6822682162112645,0.5510204081632653,2156,0.0165543616436473,5.040357994009909,2.4448264886437023,2.3245969190025164,0.5343228200371057,G:\AlphaFactory_CryptoData\research_runtime\a7ls8_company_numeric\shard_012\a7ls8_s012_label_response_metrics.csv,s012,volatility_context_interaction,A7LS8_B,a7ls6_4ec71bffe30b07a9,0,skel_c60ef32841e4940a,prod_c9d2564b86f58196,a7ls8_s012,rank_label_diagnostic_clue
a7ls8_9f4ef865a2b4ae49,"Mul(ZScore(Mean(realized_vol_168h,72)),Sign(ZScore(Mean(mark_index_basis_bps,72))))",volatility_like|mark_index_basis_bps,typed_gate,L7_ranked_future_return,24,1.0,3,True,0.9753697354040708,0.0236978895737966,True,1.07189697616151,0.0126294608560908,True,0.0227040409557497,0.0221040409557497,0.0211040409557497,94.93333333333334,A7LS8S012_RANK_LABEL_DIAGNOSTIC_CLUE,2113,0.0126505232160698,3.323367617201832,0.6488009423040252,-0.3496858280981265,0.5319451017510648,2136,0.019748453538979,4.695141871202994,1.07189697616151,0.0126294608560908,0.5444756554307116,2136,0.0392806517894298,12.313082730713836,2.4086751699250604,1.0787372658538272,0.6081460674157303,2136,0.0231040409557497,7.228614776851058,1.3482749136339085,0.5174315850819883,0.5627340823970037,G:\AlphaFactory_CryptoData\research_runtime\a7ls8_company_numeric\shard_012\a7ls8_s012_label_response_metrics.csv,s012,volatility_context_interaction,A7LS8_B,a7ls6_4ec71bffe30b07a9,0,skel_c60ef32841e4940a,prod_c9d2564b86f58196,a7ls8_s012,rank_label_diagnostic_clue
a7ls8_a8d55b6308053fc2,"Mul(Delta(realized_vol_72h,336),ZScore(Mean(mark_index_basis_bps,336)))",volatility_like|mark_index_basis_bps,typed_interaction,L7_ranked_future_return,4,1.0,3,True,0.6960788815521617,0.0100328057359307,True,1.1752442738124742,0.9261467593037708,True,0.0083682468820861,0.0077682468820861,0.0067682468820861,95.82222222222222,A7LS8S012_RANK_LABEL_DIAGNOSTIC_CLUE,1820,0.0015730247761497,0.4435065197618478,0.2385077711438346,-0.0404841104951667,0.5093406593406593,2156,0.0084246751099429,2.722859215681093,1.204624971051726,1.0566523336398608,0.5227272727272727,2156,0.0112597327441077,3.3582495038521865,1.6634074235643954,1.534936737373526,0.5320037105751392,2156,0.0087682468820861,2.461187695627494,1.1752442738124742,0.9261467593037708,0.5176252319109462,G:\AlphaFactory_CryptoData\research_runtime\a7ls8_company_numeric\shard_012\a7ls8_s012_label_response_metrics.csv,s012,volatility_context_interaction,A7LS8_B,a7ls6_4ec71bffe30b07a9,0,skel_10abc80208638d5a,prod_8dc6f9aa2eb157d4,a7ls8_s012,rank_label_diagnostic_clue
a7ls8_37e2a9cd37073143,"Mul(ZScore(Mean(realized_vol_168h,8)),Sign(ZScore(Mean(mark_trade_basis_bps,8))))",volatility_like|mark_trade_basis_bps,typed_gate,L7_ranked_future_return,1,1.0,3,True,0.9083644300718168,0.0043763830991714,True,1.9263714596357369,1.9263714596357369,True,0.009805797651519,0.009205797651519,0.008205797651519,95.95555555555556,A7LS8S012_RANK_LABEL_DIAGNOSTIC_CLUE,2152,0.0043266976025746,1.16040492757398,1.16040492757398,1.16040492757398,0.5088289962825279,2159,0.0067138475031307,1.9263714596357369,1.9263714596357369,1.9263714596357369,0.5122742010189902,2159,0.0070771522738579,2.107647147577277,2.107647147577277,2.107647147577277,0.5113478462251042,2159,0.010205797651519,3.0858347141293443,3.0858347141293443,3.0858347141293443,0.5261695229272811,G:\AlphaFactory_CryptoData\research_runtime\a7ls8_company_numeric\shard_012\a7ls8_s012_label_response_metrics.csv,s012,volatility_context_interaction,A7LS8_B,a7ls6_4ec71bffe30b07a9,0,skel_797f3b0f1a9b10a9,prod_631cc092895f6311,a7ls8_s012,rank_label_diagnostic_clue
a7ls8_08366bd92df266b3,"Mul(ZScore(Mean(realized_vol_24h,168)),Sign(ZScore(Mean(premium_close_bps,168))))",volatility_like|premium_close_bps,typed_gate,L7_ranked_future_return,1,1.0,3,True,0.9599095024415736,0.009553409071415,True,2.7810829619581208,2.7810829619581208,True,0.009158207031719,0.008558207031719,0.007558207031719,95.95555555555556,A7LS8S013_RANK_LABEL_DIAGNOSTIC_CLUE,2136,0.0013762636114578,0.3825928792697308,0.3825928792697308,0.3825928792697308,0.5065543071161048,2159,0.0135416934709141,4.283837991254287,4.283837991254287,4.283837991254287,0.5266327003242242,2159,0.0129610866656373,3.8450373313756208,3.8450373313756208,3.8450373313756208,0.5451597962019453,2159,0.009558207031719,2.7810829619581208,2.7810829619581208,2.7810829619581208,0.5317276516905975,G:\AlphaFactory_CryptoData\research_runtime\a7ls8_company_numeric\shard_013\a7ls8_s013_label_response_metrics.csv,s013,volatility_context_interaction,A7LS8_B,a7ls6_4ec71bffe30b07a9,0,skel_fb24f749143da6bf,prod_929d881fdcb9dadc,a7ls8_s013,rank_label_diagnostic_clue
a7ls8_08366bd92df266b3,"Mul(ZScore(Mean(realized_vol_24h,168)),Sign(ZScore(Mean(premium_close_bps,168))))",volatility_like|premium_close_bps,typed_gate,L7_ranked_future_return,4,1.0,3,True,0.9839736999193704,0.0161779089792482,True,2.3561992496885686,1.9713208197620644,True,0.0158431876159554,0.0152431876159554,0.0142431876159554,95.82222222222222,A7LS8S013_RANK_LABEL_DIAGNOSTIC_CLUE,2133,0.0048025082044069,1.318896546025719,0.6591608385376934,0.1045178352692617,0.5142991092358181,2156,0.0215384875541125,6.78665715639155,3.309797390884646,3.2550018122838784,0.5510204081632653,2156,0.0273870185700542,8.051051598696313,4.036957683722535,3.614575641257264,0.5658627087198516,2156,0.0162431876159554,4.649083427883769,2.3561992496885686,1.9713208197620644,0.5352504638218923,G:\AlphaFactory_CryptoData\research_runtime\a7ls8_company_numeric\shard_013\a7ls8_s013_label_response_metrics.csv,s013,volatility_context_interaction,A7LS8_B,a7ls6_4ec71bffe30b07a9,0,skel_fb24f749143da6bf,prod_929d881fdcb9dadc,a7ls8_s013,rank_label_diagnostic_clue
a7ls8_08366bd92df266b3,"Mul(ZScore(Mean(realized_vol_24h,168)),Sign(ZScore(Mean(premium_close_bps,168))))",volatility_like|premium_close_bps,typed_gate,L7_ranked_future_return,8,1.0,3,True,0.8412632591481004,0.0257237830011703,True,2.544004015413189,1.754716775629671,True,0.0250849332662123,0.0244849332662123,0.0234849332662123,95.64444444444445,A7LS8S013_RANK_LABEL_DIAGNOSTIC_CLUE,2129,0.0072227332428718,2.0407039413104284,0.8478953160208988,0.1976455901162004,0.5152653828088304,2152,0.0316466217902381,9.854258788831716,3.4913055518989005,3.2067738075694763,0.5864312267657993,2152,0.0350745807087291,10.266720861593749,3.7517385473091536,2.835954673300118,0.5952602230483272,2152,0.0254849332662123,7.084603213247111,2.544004015413189,1.754716775629671,0.5659851301115242,G:\AlphaFactory_CryptoData\research_runtime\a7ls8_company_numeric\shard_013\a7ls8_s013_label_response_metrics.csv,s013,volatility_context_interaction,A7LS8_B,a7ls6_4ec71bffe30b07a9,0,skel_fb24f749143da6bf,prod_929d881fdcb9dadc,a7ls8_s013,rank_label_diagnostic_clue
a7ls8_08366bd92df266b3,"Mul(ZScore(Mean(realized_vol_24h,168)),Sign(ZScore(Mean(premium_close_bps,168))))",volatility_like|premium_close_bps,typed_gate,L7_ranked_future_return,24,1.0,3,True,0.8250773881411602,0.0374336495613122,True,2.263662174331799,1.3347691517471216,True,0.0370489841257456,0.0364489841257456,0.0354489841257456,94.93333333333334,A7LS8S013_RANK_LABEL_DIAGNOSTIC_CLUE,2113,0.0111248049990359,3.248658456133944,0.7054156282874703,-0.2795122134265133,0.5352579271178419,2136,0.0447766030309335,12.980684942871074,2.712978090889959,1.713148473797009,0.6114232209737828,2136,0.058046961697184,16.059942692790166,3.394213253906261,2.3253593945281086,0.6451310861423221,2136,0.0374489841257456,10.595015114887271,2.263662174331799,1.3347691517471216,0.602996254681648,G:\AlphaFactory_CryptoData\research_runtime\a7ls8_company_numeric\shard_013\a7ls8_s013_label_response_metrics.csv,s013,volatility_context_interaction,A7LS8_B,a7ls6_4ec71bffe30b07a9,0,skel_fb24f749143da6bf,prod_929d881fdcb9dadc,a7ls8_s013,rank_label_diagnostic_clue
a7ls8_e5d7de069ea469ac,"Mul(ZScore(Mean(realized_vol_72h,72)),Sign(ZScore(Mean(premium_close_bps,72))))",volatility_like|premium_close_bps,typed_gate,L7_ranked_future_return,1,1.0,3,True,0.9484120250216596,0.0060142834474122,True,1.7561773883350924,1.7561773883350924,True,0.0055223716827063,0.0049223716827063,0.0039223716827063,95.95555555555556,A7LS8S013_RANK_LABEL_DIAGNOSTIC_CLUE,2136,6.803019662921294e-05,0.0193341523612076,0.0193341523612076,0.0193341523612076,0.5079588014981273,2159,0.0117614357641569,3.631063821356415,3.631063821356415,3.631063821356415,0.5298749421028254,2159,0.0089795569365103,2.6165703287023474,2.6165703287023474,2.6165703287023474,0.5210745715609079,2159,0.0059223716827063,1.7561773883350924,1.7561773883350924,1.7561773883350924,0.5201482167670217,G:\AlphaFactory_CryptoData\research_runtime\a7ls8_company_numeric\shard_013\a7ls8_s013_label_response_metrics.csv,s013,volatility_context_interaction,A7LS8_B,a7ls6_4ec71bffe30b07a9,0,skel_2421420b6c89e08b,prod_abb4c7410192b85c,a7ls8_s013,rank_label_diagnostic_clue
a7ls8_e5d7de069ea469ac,"Mul(ZScore(Mean(realized_vol_72h,72)),Sign(ZScore(Mean(premium_close_bps,72))))",volatility_like|premium_close_bps,typed_gate,L7_ranked_future_return,8,1.0,3,True,0.8673819345049036,0.0159039179746661,True,1.693973227408206,1.1372423167462158,True,0.0161524049549084,0.0155524049549084,0.0145524049549084,95.64444444444445,A7LS8S013_RANK_LABEL_DIAGNOSTIC_CLUE,2129,7.616382234747551e-05,0.0216491967274158,-0.0296628527534202,-0.6539683117520915,0.497886331611085,2152,0.0344120295074349,10.491552795057633,3.7671554970966783,3.2283780044909216,0.5850371747211895,2152,0.0165368079220019,5.051229615517506,1.7199996311667884,1.1482125326265076,0.533457249070632,2152,0.0165524049549084,4.637412518206606,1.693973227408206,1.1372423167462158,0.537639405204461,G:\AlphaFactory_CryptoData\research_runtime\a7ls8_company_numeric\shard_013\a7ls8_s013_label_response_metrics.csv,s013,volatility_context_interaction,A7LS8_B,a7ls6_4ec71bffe30b07a9,0,skel_2421420b6c89e08b,prod_abb4c7410192b85c,a7ls8_s013,rank_label_diagnostic_clue
a7ls8_f72355abe6ac41c9,"Mul(ZScore(Mean(realized_vol_24h,72)),Sign(ZScore(Mean(premium_close_bps,72))))",volatility_like|premium_close_bps,typed_gate,L7_ranked_future_return,1,1.0,3,True,0.7925182697744898,0.006931873252363,True,2.1097017000465947,2.1097017000465947,True,0.0068484850239308,0.0062484850239308,0.0052484850239308,95.95555555555556,A7LS8S013_RANK_LABEL_DIAGNOSTIC_CLUE,2136,0.0036046521708974,1.03160853755719,1.03160853755719,1.03160853755719,0.5121722846441947,2159,0.0118261680218894,3.5880530117076006,3.5880530117076006,3.5880530117076006,0.5317276516905975,2159,0.0071364432693462,2.117998725134694,2.117998725134694,2.117998725134694,0.5243168133395091,2159,0.0072484850239308,2.1097017000465947,2.1097017000465947,2.1097017000465947,0.5224641037517369,G:\AlphaFactory_CryptoData\research_runtime\a7ls8_company_numeric\shard_013\a7ls8_s013_label_response_metrics.csv,s013,volatility_context_interaction,A7LS8_B,a7ls6_4ec71bffe30b07a9,0,skel_2421420b6c89e08b,prod_7900a2183758be84,a7ls8_s013,rank_label_diagnostic_clue
a7ls8_f72355abe6ac41c9,"Mul(ZScore(Mean(realized_vol_24h,72)),Sign(ZScore(Mean(premium_close_bps,72))))",volatility_like|premium_close_bps,typed_gate,L7_ranked_future_return,4,1.0,3,True,0.3295339171769494,0.01403799366969,True,2.011999702882986,1.4048190716953008,True,0.0135361031660138,0.0129361031660138,0.0119361031660138,95.82222222222222,A7LS8S013_RANK_LABEL_DIAGNOSTIC_CLUE,2133,0.00674850454064,1.875625048915152,0.965846169088289,0.1697971319036831,0.5100796999531176,2156,0.0254327393836322,7.666057437069329,3.813422733744574,3.6366558674674874,0.5700371057513914,2156,0.0130239469525183,3.953878135009453,2.011999702882986,1.779433216276524,0.5380333951762524,2156,0.0139361031660138,3.877521754938654,2.044481204699184,1.4048190716953008,0.5440630797773655,G:\AlphaFactory_CryptoData\research_runtime\a7ls8_company_numeric\shard_013\a7ls8_s013_label_response_metrics.csv,s013,volatility_context_interaction,A7LS8_B,a7ls6_4ec71bffe30b07a9,0,skel_2421420b6c89e08b,prod_7900a2183758be84,a7ls8_s013,rank_label_diagnostic_clue
a7ls8_f72355abe6ac41c9,"Mul(ZScore(Mean(realized_vol_24h,72)),Sign(ZScore(Mean(premium_close_bps,72))))",volatility_like|premium_close_bps,typed_gate,L7_ranked_future_return,8,1.0,3,True,0.3995575416459197,0.0208859060908026,True,1.1580362480523343,0.5032890781379574,True,0.0209328417578824,0.0203328417578824,0.0193328417578824,95.64444444444445,A7LS8S013_RANK_LABEL_DIAGNOSTIC_CLUE,2129,0.0098826772698015,2.732366979071044,0.9733212242185952,0.1303251582836384,0.5176139032409582,2152,0.0344164665943824,10.369068890664847,3.7132674975872537,3.073058748498225,0.5864312267657993,2152,0.0120887761599889,3.758159871709446,1.1580362480523343,0.5032890781379574,0.5320631970260223,2152,0.0213328417578824,5.83123217599522,2.006242286305953,1.6033490483029054,0.5604089219330854,G:\AlphaFactory_CryptoData\research_runtime\a7ls8_company_numeric\shard_013\a7ls8_s013_label_response_metrics.csv,s013,volatility_context_interaction,A7LS8_B,a7ls6_4ec71bffe30b07a9,0,skel_2421420b6c89e08b,prod_7900a2183758be84,a7ls8_s013,rank_label_diagnostic_clue
a7ls8_f72355abe6ac41c9,"Mul(ZScore(Mean(realized_vol_24h,72)),Sign(ZScore(Mean(premium_close_bps,72))))",volatility_like|premium_close_bps,typed_gate,L7_ranked_future_return,24,1.0,3,True,0.3682741628619539,0.0213552232885975,True,1.1746005193169768,0.3983004056864234,True,0.021315314624081,0.020715314624081,0.019715314624081,94.93333333333334,A7LS8S013_RANK_LABEL_DIAGNOSTIC_CLUE,2113,0.0063981678673467,1.7779317829676105,0.3343299704183337,-0.45333370618585,0.5073355418835779,2136,0.0557504887553752,15.735735772141064,3.257877806214084,2.376391610247593,0.6217228464419475,2136,0.0293148917585656,8.972099653256777,1.7181913280902168,1.036133088202713,0.5660112359550562,2136,0.021715314624081,5.901610922957557,1.1746005193169768,0.3983004056864234,0.5571161048689138,G:\AlphaFactory_CryptoData\research_runtime\a7ls8_company_numeric\shard_013\a7ls8_s013_label_response_metrics.csv,s013,volatility_context_interaction,A7LS8_B,a7ls6_4ec71bffe30b07a9,0,skel_2421420b6c89e08b,prod_7900a2183758be84,a7ls8_s013,rank_label_diagnostic_clue
a7ls8_fba5a1e3540c0492,"Mul(ZScore(Mean(realized_vol_168h,72)),Sign(ZScore(Mean(premium_close_bps,72))))",volatility_like|premium_close_bps,typed_gate,L7_ranked_future_return,8,1.0,3,True,0.7901370188030132,0.0244316494991738,True,1.747473794584164,1.3250534384050567,True,0.022845764060994,0.022245764060994,0.021245764060994,95.64444444444445,A7LS8S013_RANK_LABEL_DIAGNOSTIC_CLUE,2129,0.0051060476575683,1.445840131236095,0.4964492110053055,-0.4060754249319216,0.4983560356975106,2152,0.0340022040220983,10.674024118867855,3.766151971430756,3.4540884710197783,0.5938661710037175,2152,0.0166025305916976,5.010800638086314,1.747473794584164,1.3250534384050567,0.5487918215613383,2152,0.023245764060994,7.042362184207694,2.5194378856066324,2.011279347736288,0.5604089219330854,G:\AlphaFactory_CryptoData\research_runtime\a7ls8_company_numeric\shard_013\a7ls8_s013_label_response_metrics.csv,s013,volatility_context_interaction,A7LS8_B,a7ls6_4ec71bffe30b07a9,0,skel_560a4aa4b648fd86,prod_37c257d4422045ac,a7ls8_s013,rank_label_diagnostic_clue
a7ls8_048885f21dd7f6cb,"ZScore(Mean(realized_vol_72h,24))",volatility_like,zmean,L7_ranked_future_return,1,-1.0,3,True,0.805037928600156,0.0319945147787899,True,4.310074099703188,4.310074099703188,True,0.0315362423447069,0.0309362423447069,0.0299362423447069,95.95555555555556,A7LS8S013_RANK_LABEL_DIAGNOSTIC_CLUE,2136,-0.028870731247399,-5.289627138020804,-5.289627138020804,-5.289627138020804,0.4508426966292135,2159,-0.0235434571904002,-4.310074099703188,-4.310074099703188,-4.310074099703188,0.4548402037980547,2159,-0.0345895680013037,-7.425431825672805,-7.425431825672805,-7.425431825672805,0.4335340435386753,2159,-0.0319362423447069,-8.513126951476373,-8.513126951476373,-8.513126951476373,0.4307549791570171,G:\AlphaFactory_CryptoData\research_runtime\a7ls8_company_numeric\shard_013\a7ls8_s013_label_response_metrics.csv,s013,volatility_core_expansion,A7LS8_A,a7ls6_4ec71bffe30b07a9,0,skel_ca59edc5fbe709c1,prod_0f737cfdedc01e9e,a7ls8_s013,rank_label_diagnostic_clue
a7ls8_048885f21dd7f6cb,"ZScore(Mean(realized_vol_72h,24))",volatility_like,zmean,L7_ranked_future_return,4,-1.0,3,True,0.8088997187301931,0.060778571213839,True,3.793576045181989,3.862480368429176,True,0.0617946774290524,0.0611946774290524,0.0601946774290524,95.82222222222222,A7LS8S013_RANK_LABEL_DIAGNOSTIC_CLUE,2133,-0.0500701064402423,-9.406382407536494,-4.721606674241645,-4.786926914967737,0.4233473980309423,2156,-0.04112073648904,-7.499085243479783,-3.793576045181989,-3.862480368429176,0.4202226345083488,2156,-0.0550989808802308,-11.97539966269296,-6.006309593097402,-6.329391296462005,0.400278293135436,2156,-0.0621946774290524,-16.836710219758924,-8.490422189704184,-8.580789547501867,0.3701298701298701,G:\AlphaFactory_CryptoData\research_runtime\a7ls8_company_numeric\shard_013\a7ls8_s013_label_response_metrics.csv,s013,volatility_core_expansion,A7LS8_A,a7ls6_4ec71bffe30b07a9,0,skel_ca59edc5fbe709c1,prod_0f737cfdedc01e9e,a7ls8_s013,rank_label_diagnostic_clue
a7ls8_048885f21dd7f6cb,"ZScore(Mean(realized_vol_72h,24))",volatility_like,zmean,L7_ranked_future_return,8,-1.0,3,True,0.8246667792505209,0.0810494705614071,True,3.3014908362871687,3.451394298872394,True,0.0818855623106842,0.0812855623106842,0.0802855623106842,95.64444444444445,A7LS8S013_RANK_LABEL_DIAGNOSTIC_CLUE,2129,-0.0634178800688899,-12.193201719982776,-4.163049431512975,-5.0818714597813965,0.3884452794739314,2152,-0.0522300530083987,-9.383539835039144,-3.3014908362871687,-3.451394298872394,0.4047397769516728,2152,-0.068411732625981,-14.810417087976514,-5.244022182574341,-5.562965954817283,0.379182156133829,2152,-0.0822855623106842,-21.86782883421773,-7.676120248016184,-8.255781563305115,0.3192379182156133,G:\AlphaFactory_CryptoData\research_runtime\a7ls8_company_numeric\shard_013\a7ls8_s013_label_response_metrics.csv,s013,volatility_core_expansion,A7LS8_A,a7ls6_4ec71bffe30b07a9,0,skel_ca59edc5fbe709c1,prod_0f737cfdedc01e9e,a7ls8_s013,rank_label_diagnostic_clue
a7ls8_048885f21dd7f6cb,"ZScore(Mean(realized_vol_72h,24))",volatility_like,zmean,L7_ranked_future_return,24,-1.0,3,True,0.8216801311100227,0.1130201831044527,True,2.630404705879967,3.4394452296128506,True,0.1139023531783187,0.1133023531783187,0.1123023531783187,94.93333333333334,A7LS8S013_RANK_LABEL_DIAGNOSTIC_CLUE,2113,-0.0825281053355769,-15.32402301433423,-3.048105309482888,-3.707898425854916,0.3293894936109796,2136,-0.0796880960431405,-13.075722409093949,-2.630404705879967,-3.4394452296128506,0.372191011235955,2136,-0.1016183925908586,-21.535621197772198,-4.215681480310079,-5.073372899553302,0.3169475655430712,2136,-0.1143023531783187,-30.36426998068681,-6.179952118959753,-7.5502178380678755,0.2429775280898876,G:\AlphaFactory_CryptoData\research_runtime\a7ls8_company_numeric\shard_013\a7ls8_s013_label_response_metrics.csv,s013,volatility_core_expansion,A7LS8_A,a7ls6_4ec71bffe30b07a9,0,skel_ca59edc5fbe709c1,prod_0f737cfdedc01e9e,a7ls8_s013,rank_label_diagnostic_clue
a7ls8_04fabf0d8e48b209,"Delta(realized_vol_168h,720)",volatility_like,delta,L7_ranked_future_return,1,-1.0,3,True,0.5596330830251746,0.0214894477038409,True,4.5826479006696905,4.5826479006696905,True,0.0220582336215326,0.0214582336215326,0.0204582336215326,95.95555555555556,A7LS8S013_RANK_LABEL_DIAGNOSTIC_CLUE,1439,-0.0051874211772578,-1.0521991898815166,-1.0521991898815166,-1.0521991898815166,0.4954829742876998,2159,-0.0177562861321256,-5.039963873796784,-5.039963873796784,-5.039963873796784,0.461324687355257,2159,-0.0177225663887602,-4.5826479006696905,-4.5826479006696905,-4.5826479006696905,0.4474293654469662,2159,-0.0224582336215326,-6.519759753402012,-6.519759753402012,-6.519759753402012,0.4455766558591941,G:\AlphaFactory_CryptoData\research_runtime\a7ls8_company_numeric\shard_013\a7ls8_s013_label_response_metrics.csv,s013,volatility_core_expansion,A7LS8_A,a7ls6_4ec71bffe30b07a9,0,skel_57e10342f35bcf49,prod_2e4bb11deb5f0014,a7ls8_s013,rank_label_diagnostic_clue
a7ls8_04fabf0d8e48b209,"Delta(realized_vol_168h,720)",volatility_like,delta,L7_ranked_future_return,4,-1.0,3,True,0.5815804304389123,0.042468369923727,True,4.138147486448715,4.40432944337127,True,0.0432006804868412,0.0426006804868412,0.0416006804868412,95.82222222222222,A7LS8S013_RANK_LABEL_DIAGNOSTIC_CLUE,1436,-0.0095936258769214,-1.946061133375464,-0.9576856816516144,-1.248977481735588,0.4916434540389972,2156,-0.0285261200439771,-8.122795683276388,-4.138147486448715,-4.40432944337127,0.4257884972170686,2156,-0.0340540019669483,-8.689959178078448,-4.311529480913079,-5.090634316601957,0.4086270871985157,2156,-0.0436006804868412,-12.30938820657415,-6.1057828543333095,-6.518496439353538,0.3947124304267161,G:\AlphaFactory_CryptoData\research_runtime\a7ls8_company_numeric\shard_013\a7ls8_s013_label_response_metrics.csv,s013,volatility_core_expansion,A7LS8_A,a7ls6_4ec71bffe30b07a9,0,skel_57e10342f35bcf49,prod_2e4bb11deb5f0014,a7ls8_s013,rank_label_diagnostic_clue
a7ls8_04fabf0d8e48b209,"Delta(realized_vol_168h,720)",volatility_like,delta,L7_ranked_future_return,8,-1.0,3,True,0.5255782356498891,0.0554604674376979,True,3.571978819216606,3.867494957083733,True,0.0565821462377805,0.0559821462377805,0.0549821462377805,95.64444444444445,A7LS8S013_RANK_LABEL_DIAGNOSTIC_CLUE,1432,-0.0144405567840885,-2.949697990759515,-1.0591883777107434,-1.6602284498280218,0.4699720670391061,2152,-0.0361312259052733,-10.243573660197264,-3.571978819216606,-3.867494957083733,0.4126394052044609,2152,-0.0436621725698747,-10.914786623993566,-3.888422043709157,-4.353728831714859,0.4075278810408922,2152,-0.0569821462377805,-16.119133316868464,-5.67210362761838,-6.245524771672989,0.3647769516728624,G:\AlphaFactory_CryptoData\research_runtime\a7ls8_company_numeric\shard_013\a7ls8_s013_label_response_metrics.csv,s013,volatility_core_expansion,A7LS8_A,a7ls6_4ec71bffe30b07a9,0,skel_57e10342f35bcf49,prod_2e4bb11deb5f0014,a7ls8_s013,rank_label_diagnostic_clue
a7ls8_04fabf0d8e48b209,"Delta(realized_vol_168h,720)",volatility_like,delta,L7_ranked_future_return,24,-1.0,3,True,0.5579502802451994,0.0709296755791371,True,2.908514414140792,3.727235849029406,True,0.071879442363712,0.071279442363712,0.070279442363712,94.93333333333334,A7LS8S013_RANK_LABEL_DIAGNOSTIC_CLUE,1416,-0.0137431503714166,-2.912856464981911,-0.6109551588124056,-1.318345685312197,0.4442090395480226,2136,-0.0487944485625607,-13.906412298632768,-2.908514414140792,-3.727235849029406,0.3815543071161049,2136,-0.0651158436936468,-15.968869334298354,-3.0741084681542965,-4.475662138107706,0.375,2136,-0.072279442363712,-20.965386409746248,-4.180806319729845,-5.917899508616985,0.3258426966292135,G:\AlphaFactory_CryptoData\research_runtime\a7ls8_company_numeric\shard_013\a7ls8_s013_label_response_metrics.csv,s013,volatility_core_expansion,A7LS8_A,a7ls6_4ec71bffe30b07a9,0,skel_57e10342f35bcf49,prod_2e4bb11deb5f0014,a7ls8_s013,rank_label_diagnostic_clue
a7ls8_0548dec1eb97103b,CSRank(realized_vol_72h),volatility_like,rank,L7_ranked_future_return,1,-1.0,3,True,0.7378571250196475,0.0295574993995848,True,4.568818707457041,4.568818707457041,True,0.0296156375979963,0.0290156375979963,0.0280156375979963,95.95555555555556,A7LS8S013_RANK_LABEL_DIAGNOSTIC_CLUE,2159,-0.0358331242602027,-6.532046600258768,-6.532046600258768,-6.532046600258768,0.4418712366836498,2159,-0.025040608434975,-4.568818707457041,-4.568818707457041,-4.568818707457041,0.4534506716072256,2159,-0.0364939293740243,-7.713450201768472,-7.713450201768472,-7.713450201768472,0.4363131079203335,2159,-0.0300156375979963,-8.000788524764559,-8.000788524764559,-8.000788524764559,0.4335340435386753,G:\AlphaFactory_CryptoData\research_runtime\a7ls8_company_numeric\shard_013\a7ls8_s013_label_response_metrics.csv,s013,volatility_core_expansion,A7LS8_A,a7ls6_4ec71bffe30b07a9,0,skel_0aced92fa22af330,prod_8a742292e1f9e231,a7ls8_s013,rank_label_diagnostic_clue
a7ls8_0548dec1eb97103b,CSRank(realized_vol_72h),volatility_like,rank,L7_ranked_future_return,4,-1.0,3,True,0.7193659693667787,0.0603013285490964,True,3.778465151621792,3.85912751308405,True,0.0597156655844155,0.0591156655844155,0.0581156655844155,95.82222222222222,A7LS8S013_RANK_LABEL_DIAGNOSTIC_CLUE,2156,-0.0601730528069813,-11.205612098430324,-5.619254362169257,-5.819029966847142,0.4049165120593692,2156,-0.0415275469404933,-7.459069532539438,-3.778465151621792,-3.85912751308405,0.4276437847866419,2156,-0.0580392842111592,-12.615565925713293,-6.285879172256585,-6.993058421766584,0.3923933209647495,2156,-0.0601156655844155,-15.820593969731949,-7.827607339862205,-8.322458807001059,0.3701298701298701,G:\AlphaFactory_CryptoData\research_runtime\a7ls8_company_numeric\shard_013\a7ls8_s013_label_response_metrics.csv,s013,volatility_core_expansion,A7LS8_A,a7ls6_4ec71bffe30b07a9,0,skel_0aced92fa22af330,prod_8a742292e1f9e231,a7ls8_s013,rank_label_diagnostic_clue
a7ls8_0548dec1eb97103b,CSRank(realized_vol_72h),volatility_like,rank,L7_ranked_future_return,8,-1.0,3,True,0.7395431297725152,0.0829301500326999,True,3.2294531773483603,3.4316925676677217,True,0.082158994432397,0.081558994432397,0.080558994432397,95.64444444444445,A7LS8S013_RANK_LABEL_DIAGNOSTIC_CLUE,2152,-0.0733413093332645,-13.76486836072126,-4.932600526588299,-5.413145349874784,0.3675650557620817,2152,-0.0512835013510257,-9.146683730598706,-3.2294531773483603,-3.4316925676677217,0.4084572490706319,2152,-0.0741413833384964,-16.11158544979611,-5.810924780208376,-5.990794691664006,0.370817843866171,2152,-0.082558994432397,-21.558742740463536,-7.550877113457329,-8.596403405888239,0.3276022304832713,G:\AlphaFactory_CryptoData\research_runtime\a7ls8_company_numeric\shard_013\a7ls8_s013_label_response_metrics.csv,s013,volatility_core_expansion,A7LS8_A,a7ls6_4ec71bffe30b07a9,0,skel_0aced92fa22af330,prod_8a742292e1f9e231,a7ls8_s013,rank_label_diagnostic_clue
a7ls8_0548dec1eb97103b,CSRank(realized_vol_72h),volatility_like,rank,L7_ranked_future_return,24,-1.0,3,True,0.8563581807452699,0.1189035082015536,True,2.486776165876819,2.9483190796614056,True,0.1194200599944513,0.1188200599944513,0.1178200599944513,94.93333333333334,A7LS8S013_RANK_LABEL_DIAGNOSTIC_CLUE,2136,-0.0884534251889998,-16.218572943316158,-3.330261186061115,-4.089972283867239,0.3295880149812734,2136,-0.0746532654494382,-12.231809553067876,-2.486776165876819,-2.9483190796614056,0.3838951310861423,2136,-0.1123099164239145,-23.54848210273768,-4.77291745112438,-5.668599224911788,0.3029026217228464,2136,-0.1198200599944513,-31.97711606786687,-6.523878837467207,-8.03646387237194,0.2340823970037453,G:\AlphaFactory_CryptoData\research_runtime\a7ls8_company_numeric\shard_013\a7ls8_s013_label_response_metrics.csv,s013,volatility_core_expansion,A7LS8_A,a7ls6_4ec71bffe30b07a9,0,skel_0aced92fa22af330,prod_8a742292e1f9e231,a7ls8_s013,rank_label_diagnostic_clue
a7ls8_0be712c1d3355609,"Sub(Mean(realized_vol_24h,72),Mean(realized_vol_24h,720))",volatility_like,spread_short_long,L7_ranked_future_return,1,-1.0,3,True,0.6203884967010076,0.0164416718130821,True,2.1644080136437083,2.1644080136437083,True,0.0171720605390012,0.0165720605390012,0.0155720605390012,95.95555555555556,A7LS8S013_RANK_LABEL_DIAGNOSTIC_CLUE,2087,-0.006107556256544,-1.500658950003864,-1.500658950003864,-1.500658950003864,0.4882606612362242,2159,-0.0110227107028288,-2.9256395643795163,-2.9256395643795163,-2.9256395643795163,0.4779990736452061,2159,-0.0081331056044465,-2.1644080136437083,-2.1644080136437083,-2.1644080136437083,0.4803149606299212,2159,-0.0175720605390012,-5.060189249686979,-5.060189249686979,-5.060189249686979,0.4557665585919407,G:\AlphaFactory_CryptoData\research_runtime\a7ls8_company_numeric\shard_013\a7ls8_s013_label_response_metrics.csv,s013,volatility_core_expansion,A7LS8_A,a7ls6_4ec71bffe30b07a9,0,skel_e0c1582fe879354a,prod_a5387f850c39a6a3,a7ls8_s013,rank_label_diagnostic_clue
a7ls8_0be712c1d3355609,"Sub(Mean(realized_vol_24h,72),Mean(realized_vol_24h,720))",volatility_like,spread_short_long,L7_ranked_future_return,4,-1.0,3,True,0.6804592615936583,0.0347811930959252,True,1.98513337114925,2.0393376198024544,True,0.0352532748831856,0.0346532748831856,0.0336532748831856,95.82222222222222,A7LS8S013_RANK_LABEL_DIAGNOSTIC_CLUE,2084,-0.0118871405594654,-2.9088195086336883,-1.426905959717994,-1.79297914344676,0.4683301343570057,2156,-0.015437833908816,-3.974175259956302,-1.98513337114925,-2.0393376198024544,0.4638218923933209,2156,-0.0177158489658489,-4.745564128262916,-2.464720395473009,-2.64767278782304,0.448051948051948,2156,-0.0356532748831856,-10.043014069291694,-5.147987383661898,-5.365782797007235,0.4114100185528757,G:\AlphaFactory_CryptoData\research_runtime\a7ls8_company_numeric\shard_013\a7ls8_s013_label_response_metrics.csv,s013,volatility_core_expansion,A7LS8_A,a7ls6_4ec71bffe30b07a9,0,skel_e0c1582fe879354a,prod_a5387f850c39a6a3,a7ls8_s013,rank_label_diagnostic_clue
a7ls8_0be712c1d3355609,"Sub(Mean(realized_vol_24h,72),Mean(realized_vol_24h,720))",volatility_like,spread_short_long,L7_ranked_future_return,8,-1.0,3,True,0.8646502098333555,0.050338294265455,True,1.6366791707801225,2.0428989106871347,True,0.0512637462567121,0.0506637462567121,0.0496637462567121,95.64444444444445,A7LS8S013_RANK_LABEL_DIAGNOSTIC_CLUE,2080,-0.0151873831463675,-3.678340511109706,-1.4437610053041805,-1.831322095135297,0.4625,2152,-0.0184801175478452,-4.647690845066506,-1.6366791707801225,-2.0428989106871347,0.4697955390334573,2152,-0.0238838709469227,-6.36877992843453,-2.3115766558440587,-2.554145068528837,0.4437732342007435,2152,-0.0516637462567121,-14.55153057980281,-5.1105439281594425,-5.795334214601984,0.3754646840148699,G:\AlphaFactory_CryptoData\research_runtime\a7ls8_company_numeric\shard_013\a7ls8_s013_label_response_metrics.csv,s013,volatility_core_expansion,A7LS8_A,a7ls6_4ec71bffe30b07a9,0,skel_e0c1582fe879354a,prod_a5387f850c39a6a3,a7ls8_s013,rank_label_diagnostic_clue
a7ls8_0be712c1d3355609,"Sub(Mean(realized_vol_24h,72),Mean(realized_vol_24h,720))",volatility_like,spread_short_long,L7_ranked_future_return,24,-1.0,3,True,0.8913484343312824,0.0589311375104036,True,0.8074221166384256,1.541344888747749,True,0.0598074826172146,0.0592074826172146,0.0582074826172146,94.93333333333334,A7LS8S013_RANK_LABEL_DIAGNOSTIC_CLUE,2064,-0.0121435532856014,-2.766084266510891,-0.5522134405033592,-1.2408596009067694,0.4641472868217054,2136,-0.0171227209477736,-4.079803780855728,-0.8074221166384256,-1.541344888747749,0.445692883895131,2136,-0.0220699602926896,-5.926856662833312,-1.18812044942333,-2.097328905872108,0.4489700374531835,2136,-0.0602074826172146,-15.95457257504466,-3.2146555370818946,-3.8260091322316354,0.3515917602996254,G:\AlphaFactory_CryptoData\research_runtime\a7ls8_company_numeric\shard_013\a7ls8_s013_label_response_metrics.csv,s013,volatility_core_expansion,A7LS8_A,a7ls6_4ec71bffe30b07a9,0,skel_e0c1582fe879354a,prod_a5387f850c39a6a3,a7ls8_s013,rank_label_diagnostic_clue
a7ls8_0fdf33dda7c93c53,"ZScore(Mean(realized_vol_168h,24))",volatility_like,zmean,L7_ranked_future_return,1,-1.0,3,True,0.8999014128681362,0.0273284045683015,True,4.604840322950867,4.604840322950867,True,0.0275358156210865,0.0269358156210865,0.0259358156210865,95.95555555555556,A7LS8S013_RANK_LABEL_DIAGNOSTIC_CLUE,2136,-0.0258198031540435,-4.7099680276896265,-4.7099680276896265,-4.7099680276896265,0.4611423220973782,2159,-0.025040501217985,-4.604840322950867,-4.604840322950867,-4.604840322950867,0.4557665585919407,2159,-0.0337122917846053,-7.36992925515616,-7.36992925515616,-7.36992925515616,0.4418712366836498,2159,-0.0279358156210865,-7.567729405524923,-7.567729405524923,-7.567729405524923,0.4395553496989346,G:\AlphaFactory_CryptoData\research_runtime\a7ls8_company_numeric\shard_013\a7ls8_s013_label_response_metrics.csv,s013,volatility_core_expansion,A7LS8_A,a7ls6_4ec71bffe30b07a9,0,skel_d86ec26e75e39508,prod_91b57626e0858e65,a7ls8_s013,rank_label_diagnostic_clue
a7ls8_0fdf33dda7c93c53,"ZScore(Mean(realized_vol_168h,24))",volatility_like,zmean,L7_ranked_future_return,4,-1.0,3,True,0.8061743585619021,0.0518747745310245,True,3.770237136105446,3.8525904899960457,True,0.0521024372122586,0.0515024372122586,0.0505024372122586,95.82222222222222,A7LS8S013_RANK_LABEL_DIAGNOSTIC_CLUE,2133,-0.0425150793960862,-7.918854073604352,-3.954959884175988,-4.159299969649531,0.4238162212845757,2156,-0.0413824415498522,-7.543978673900397,-3.770237136105446,-3.8525904899960457,0.4308905380333951,2156,-0.0557689189943654,-12.438102280712137,-6.144704189306287,-6.6102991764008845,0.3910018552875696,2156,-0.0525024372122586,-14.23667967135081,-7.091679844994676,-7.419544574262624,0.3747680890538033,G:\AlphaFactory_CryptoData\research_runtime\a7ls8_company_numeric\shard_013\a7ls8_s013_label_response_metrics.csv,s013,volatility_core_expansion,A7LS8_A,a7ls6_4ec71bffe30b07a9,0,skel_d86ec26e75e39508,prod_91b57626e0858e65,a7ls8_s013,rank_label_diagnostic_clue
a7ls8_0fdf33dda7c93c53,"ZScore(Mean(realized_vol_168h,24))",volatility_like,zmean,L7_ranked_future_return,8,-1.0,3,True,0.8252197692878406,0.0665373995335949,True,3.328473038789486,3.522714101891808,True,0.0674260909317775,0.0668260909317775,0.0658260909317775,95.64444444444445,A7LS8S013_RANK_LABEL_DIAGNOSTIC_CLUE,2129,-0.0543355481185741,-10.151029309844644,-3.4772299131031863,-4.215086948266573,0.394081728511038,2152,-0.0515647050977557,-9.424630617818291,-3.328473038789486,-3.522714101891808,0.4168215613382899,2152,-0.0712904339632383,-15.986172018661428,-5.683136966549146,-6.147014413379613,0.370817843866171,2152,-0.0678260909317775,-18.20923636648238,-6.513549908247289,-6.726821114817207,0.3494423791821561,G:\AlphaFactory_CryptoData\research_runtime\a7ls8_company_numeric\shard_013\a7ls8_s013_label_response_metrics.csv,s013,volatility_core_expansion,A7LS8_A,a7ls6_4ec71bffe30b07a9,0,skel_d86ec26e75e39508,prod_91b57626e0858e65,a7ls8_s013,rank_label_diagnostic_clue
a7ls8_0fdf33dda7c93c53,"ZScore(Mean(realized_vol_168h,24))",volatility_like,zmean,L7_ranked_future_return,24,-1.0,3,True,0.8741810436295924,0.0894059292204189,True,2.70547017198571,3.3294409539159715,True,0.0901881807896379,0.0895881807896379,0.0885881807896379,94.93333333333334,A7LS8S013_RANK_LABEL_DIAGNOSTIC_CLUE,2113,-0.0705855835129971,-12.362501852379328,-2.4626692630317177,-3.1902918571067667,0.3388547089446285,2136,-0.0749435655517408,-12.945975163281563,-2.70547017198571,-3.3294409539159715,0.3918539325842696,2136,-0.1168005325374531,-25.66655038214148,-5.221396238989231,-5.74716449833394,0.2841760299625468,2136,-0.0905881807896379,-23.99734244839772,-4.735574538516299,-5.686138745356574,0.2940074906367041,G:\AlphaFactory_CryptoData\research_runtime\a7ls8_company_numeric\shard_013\a7ls8_s013_label_response_metrics.csv,s013,volatility_core_expansion,A7LS8_A,a7ls6_4ec71bffe30b07a9,0,skel_d86ec26e75e39508,prod_91b57626e0858e65,a7ls8_s013,rank_label_diagnostic_clue
a7ls8_169a0bf5dfd64c9a,"Delta(volume_volatility_ratio_168h,336)",volatility_like,delta,L7_ranked_future_return,1,1.0,3,True,0.4602228543620155,0.0207083451272022,True,2.9964671877315574,2.9964671877315574,True,0.020603969172971,0.020003969172971,0.019003969172971,95.95555555555556,A7LS8S013_RANK_LABEL_DIAGNOSTIC_CLUE,1823,0.004430940299872,1.0116406743806965,1.0116406743806965,1.0116406743806965,0.5068568294020844,2159,0.0120324803149606,3.3277305602467933,3.3277305602467933,3.3277305602467933,0.5363594256600278,2159,0.0106854060521846,2.9964671877315574,2.9964671877315574,2.9964671877315574,0.5266327003242242,2159,0.021003969172971,6.230532990437464,6.230532990437464,6.230532990437464,0.5521074571560908,G:\AlphaFactory_CryptoData\research_runtime\a7ls8_company_numeric\shard_013\a7ls8_s013_label_response_metrics.csv,s013,volatility_core_expansion,A7LS8_A,a7ls6_4ec71bffe30b07a9,0,skel_40d78dfd93f7c286,prod_fa9fd481997b98a3,a7ls8_s013,rank_label_diagnostic_clue
a7ls8_169a0bf5dfd64c9a,"Delta(volume_volatility_ratio_168h,336)",volatility_like,delta,L7_ranked_future_return,4,1.0,3,True,0.5602819234536253,0.0401726126056483,True,2.338769955453786,2.137577676355628,True,0.0404596487837559,0.0398596487837559,0.0388596487837559,95.82222222222222,A7LS8S013_RANK_LABEL_DIAGNOSTIC_CLUE,1820,0.0098602207977207,2.137841392502071,1.0574045190236565,0.9140789096455896,0.5153846153846153,2156,0.0170461524256167,4.762634805472202,2.338769955453786,2.137577676355628,0.5352504638218923,2156,0.0194765737734487,5.373761972775467,2.730588090931686,2.4633479478533435,0.5482374768089053,2156,0.0408596487837559,11.757018217176972,5.782676544370795,5.538278505776512,0.6043599257884972,G:\AlphaFactory_CryptoData\research_runtime\a7ls8_company_numeric\shard_013\a7ls8_s013_label_response_metrics.csv,s013,volatility_core_expansion,A7LS8_A,a7ls6_4ec71bffe30b07a9,0,skel_40d78dfd93f7c286,prod_fa9fd481997b98a3,a7ls8_s013,rank_label_diagnostic_clue
a7ls8_169a0bf5dfd64c9a,"Delta(volume_volatility_ratio_168h,336)",volatility_like,delta,L7_ranked_future_return,8,1.0,3,True,0.6585135296153608,0.0545444913431089,True,1.4327427588887298,1.0864762988860626,True,0.0551614178886135,0.0545614178886135,0.0535614178886135,95.64444444444445,A7LS8S013_RANK_LABEL_DIAGNOSTIC_CLUE,1816,0.0159743254405286,3.433568651240112,1.0528996231542926,0.7780579750111268,0.5561674008810573,2152,0.0148401196561338,4.168542824747863,1.4327427588887298,1.0864762988860626,0.5185873605947955,2152,0.0236971368150213,6.648879741363424,2.291449258846068,1.755778799584247,0.5552973977695167,2152,0.0555614178886135,15.63556373569098,5.562149925794471,4.926236700266199,0.6482342007434945,G:\AlphaFactory_CryptoData\research_runtime\a7ls8_company_numeric\shard_013\a7ls8_s013_label_response_metrics.csv,s013,volatility_core_expansion,A7LS8_A,a7ls6_4ec71bffe30b07a9,0,skel_40d78dfd93f7c286,prod_fa9fd481997b98a3,a7ls8_s013,rank_label_diagnostic_clue
a7ls8_1a13034fa8e42d52,"ZScore(Mean(realized_vol_168h,4))",volatility_like,zmean,L7_ranked_future_return,1,-1.0,3,True,0.7570053873247099,0.0301826548642204,True,5.076599361149864,5.076599361149864,True,0.0302390775907913,0.0296390775907913,0.0286390775907913,95.95555555555556,A7LS8S013_RANK_LABEL_DIAGNOSTIC_CLUE,2156,-0.0313266594516594,-5.671079841610696,-5.671079841610696,-5.671079841610696,0.4475881261595547,2159,-0.0277864355497229,-5.076599361149864,-5.076599361149864,-5.076599361149864,0.4483557202408522,2159,-0.0344896685708404,-7.434634741049311,-7.434634741049311,-7.434634741049311,0.4358499305233904,2159,-0.0306390775907913,-8.170731137420683,-8.170731137420683,-8.170731137420683,0.4265863825845298,G:\AlphaFactory_CryptoData\research_runtime\a7ls8_company_numeric\shard_013\a7ls8_s013_label_response_metrics.csv,s013,volatility_core_expansion,A7LS8_A,a7ls6_4ec71bffe30b07a9,0,skel_b1719542f29064c0,prod_ae8851921a8baaa5,a7ls8_s013,rank_label_diagnostic_clue
a7ls8_1a13034fa8e42d52,"ZScore(Mean(realized_vol_168h,4))",volatility_like,zmean,L7_ranked_future_return,4,-1.0,3,True,0.7347094379567624,0.057423297601869,True,3.961916245864282,4.108234224136552,True,0.057504163875146,0.056904163875146,0.055904163875146,95.82222222222222,A7LS8S013_RANK_LABEL_DIAGNOSTIC_CLUE,2153,-0.0505667156938638,-9.360146834242729,-4.740082349197811,-4.82408526389245,0.4115188109614491,2156,-0.0433647701504844,-7.919975463834685,-3.961916245864282,-4.108234224136552,0.4290352504638219,2156,-0.0554813118429189,-12.160260254247635,-5.901669096972748,-6.663437561495728,0.4021335807050092,2156,-0.057904163875146,-15.34832528247783,-7.671082603665376,-8.175528929523951,0.37430426716141,G:\AlphaFactory_CryptoData\research_runtime\a7ls8_company_numeric\shard_013\a7ls8_s013_label_response_metrics.csv,s013,volatility_core_expansion,A7LS8_A,a7ls6_4ec71bffe30b07a9,0,skel_b1719542f29064c0,prod_ae8851921a8baaa5,a7ls8_s013,rank_label_diagnostic_clue
a7ls8_1a13034fa8e42d52,"ZScore(Mean(realized_vol_168h,4))",volatility_like,zmean,L7_ranked_future_return,8,-1.0,3,True,0.7216633647295143,0.0743408640110835,True,3.499958642542345,3.744871964562253,True,0.075352476163431,0.074752476163431,0.073752476163431,95.64444444444445,A7LS8S013_RANK_LABEL_DIAGNOSTIC_CLUE,2149,-0.0619707378970408,-11.535270386912202,-4.0755774057378,-4.561845705915036,0.3843648208469055,2152,-0.0539264992513424,-9.916564277404673,-3.499958642542345,-3.744871964562253,0.4098513011152416,2152,-0.0742202559204185,-16.219926617906886,-5.8229904924565385,-6.275686861915018,0.3689591078066914,2152,-0.075752476163431,-20.015757264824632,-7.083361664771433,-7.617873049217058,0.3299256505576208,G:\AlphaFactory_CryptoData\research_runtime\a7ls8_company_numeric\shard_013\a7ls8_s013_label_response_metrics.csv,s013,volatility_core_expansion,A7LS8_A,a7ls6_4ec71bffe30b07a9,0,skel_b1719542f29064c0,prod_ae8851921a8baaa5,a7ls8_s013,rank_label_diagnostic_clue
a7ls8_1a13034fa8e42d52,"ZScore(Mean(realized_vol_168h,4))",volatility_like,zmean,L7_ranked_future_return,24,-1.0,3,True,0.7534787292327081,0.0953300019940352,True,2.840680899674064,3.587173643926309,True,0.0963456315456374,0.0957456315456374,0.0947456315456374,94.93333333333334,A7LS8S013_RANK_LABEL_DIAGNOSTIC_CLUE,2133,-0.0723907869719227,-12.856950460802262,-2.613029271944659,-3.1705802352068084,0.3319268635724332,2136,-0.0790224784124011,-13.567849132072622,-2.840680899674064,-3.587173643926309,0.3801498127340824,2136,-0.1209964865966153,-25.84619618372009,-5.242282976542299,-6.028772397117468,0.2865168539325842,2136,-0.0967456315456374,-25.59931277432524,-5.1160870342098,-6.3944169337452,0.2808988764044944,G:\AlphaFactory_CryptoData\research_runtime\a7ls8_company_numeric\shard_013\a7ls8_s013_label_response_metrics.csv,s013,volatility_core_expansion,A7LS8_A,a7ls6_4ec71bffe30b07a9,0,skel_b1719542f29064c0,prod_ae8851921a8baaa5,a7ls8_s013,rank_label_diagnostic_clue
a7ls8_2a877e00de113c7e,"ZScore(Mean(realized_vol_24h,24))",volatility_like,zmean,L7_ranked_future_return,1,-1.0,3,True,0.7224204483315402,0.0274923929545571,True,4.558170244898357,4.558170244898357,True,0.0268968827732317,0.0262968827732317,0.0252968827732317,95.95555555555556,A7LS8S013_RANK_LABEL_DIAGNOSTIC_CLUE,2136,-0.0284142976661118,-5.270756383766408,-5.270756383766408,-5.270756383766408,0.4588014981273408,2159,-0.02487058909303,-4.558170244898357,-4.558170244898357,-4.558170244898357,0.460861509958314,2159,-0.0332342112260477,-6.999546868432833,-6.999546868432833,-6.999546868432833,0.4557665585919407,2159,-0.0272968827732317,-7.169040995664429,-7.169040995664429,-7.169040995664429,0.4469661880500231,G:\AlphaFactory_CryptoData\research_runtime\a7ls8_company_numeric\shard_013\a7ls8_s013_label_response_metrics.csv,s013,volatility_core_expansion,A7LS8_A,a7ls6_4ec71bffe30b07a9,0,skel_ca59edc5fbe709c1,prod_480588570936ae0e,a7ls8_s013,rank_label_diagnostic_clue
a7ls8_2a877e00de113c7e,"ZScore(Mean(realized_vol_24h,24))",volatility_like,zmean,L7_ranked_future_return,4,-1.0,3,True,0.7086814573699316,0.0549048896705146,True,4.061110901162335,4.325242962153293,True,0.0539181066618566,0.0533181066618566,0.0523181066618566,95.82222222222222,A7LS8S013_RANK_LABEL_DIAGNOSTIC_CLUE,2133,-0.0483233871177788,-9.084380963158818,-4.5418701256399805,-4.742963245153565,0.4247538677918425,2156,-0.045486916357452,-8.099272550076513,-4.061110901162335,-4.325242962153293,0.4281076066790352,2156,-0.0550839496151996,-11.742198428994186,-5.809237643848104,-6.548598901430919,0.4072356215213358,2156,-0.0543181066618566,-14.341925707703316,-7.212297472255416,-7.353006317832404,0.3849721706864564,G:\AlphaFactory_CryptoData\research_runtime\a7ls8_company_numeric\shard_013\a7ls8_s013_label_response_metrics.csv,s013,volatility_core_expansion,A7LS8_A,a7ls6_4ec71bffe30b07a9,0,skel_ca59edc5fbe709c1,prod_480588570936ae0e,a7ls8_s013,rank_label_diagnostic_clue
a7ls8_2a877e00de113c7e,"ZScore(Mean(realized_vol_24h,24))",volatility_like,zmean,L7_ranked_future_return,8,-1.0,3,True,0.696708898690649,0.072117964124673,True,3.600157706571665,4.066878698146852,True,0.0716486917854192,0.0710486917854192,0.0700486917854192,95.64444444444445,A7LS8S013_RANK_LABEL_DIAGNOSTIC_CLUE,2129,-0.060515010959762,-11.5914054843515,-4.005747780672918,-4.713001625558301,0.3879755753875059,2152,-0.0582542187284868,-10.24118049788608,-3.600157706571665,-4.066878698146852,0.4075278810408922,2152,-0.0735876079960071,-15.696325364493577,-5.544801527563562,-5.938834325524272,0.3736059479553903,2152,-0.0720486917854192,-18.56986779827137,-6.571381395755866,-6.912770739716763,0.3517657992565056,G:\AlphaFactory_CryptoData\research_runtime\a7ls8_company_numeric\shard_013\a7ls8_s013_label_response_metrics.csv,s013,volatility_core_expansion,A7LS8_A,a7ls6_4ec71bffe30b07a9,0,skel_ca59edc5fbe709c1,prod_480588570936ae0e,a7ls8_s013,rank_label_diagnostic_clue
a7ls8_2a877e00de113c7e,"ZScore(Mean(realized_vol_24h,24))",volatility_like,zmean,L7_ranked_future_return,24,-1.0,3,True,0.8286265680954487,0.0992744529407684,True,2.6010388120258225,3.255626854009888,True,0.0994834193802885,0.0988834193802885,0.0978834193802885,94.93333333333334,A7LS8S013_RANK_LABEL_DIAGNOSTIC_CLUE,2113,-0.0758688224132793,-14.332809945414782,-2.8348607670877763,-3.8290383009172135,0.3535257927117842,2136,-0.0797471314069219,-13.063520526743943,-2.6010388120258225,-3.255626854009888,0.4002808988764045,2136,-0.1038295229920931,-22.217112685642245,-4.54446935111542,-5.285619647517366,0.3178838951310861,2136,-0.0998834193802885,-25.911438146906494,-5.262903381157653,-6.102956848093129,0.2827715355805243,G:\AlphaFactory_CryptoData\research_runtime\a7ls8_company_numeric\shard_013\a7ls8_s013_label_response_metrics.csv,s013,volatility_core_expansion,A7LS8_A,a7ls6_4ec71bffe30b07a9,0,skel_ca59edc5fbe709c1,prod_480588570936ae0e,a7ls8_s013,rank_label_diagnostic_clue
a7ls8_3ceded56b8ce405c,"ZScore(Mean(realized_vol_24h,72))",volatility_like,zmean,L7_ranked_future_return,1,-1.0,3,True,0.7934110385164256,0.0302765233389943,True,4.432576827866014,4.432576827866014,True,0.0305988442008474,0.0299988442008474,0.0289988442008474,95.95555555555556,A7LS8S013_RANK_LABEL_DIAGNOSTIC_CLUE,2136,-0.0286955487498266,-5.220385113230997,-5.220385113230997,-5.220385113230997,0.4541198501872659,2159,-0.0243772569176401,-4.432576827866014,-4.432576827866014,-4.432576827866014,0.4478925428439092,2159,-0.0339405835606333,-7.2494857415546,-7.2494857415546,-7.2494857415546,0.4395553496989346,2159,-0.0309988442008474,-8.222254739936517,-8.222254739936517,-8.222254739936517,0.4326076887447893,G:\AlphaFactory_CryptoData\research_runtime\a7ls8_company_numeric\shard_013\a7ls8_s013_label_response_metrics.csv,s013,volatility_core_expansion,A7LS8_A,a7ls6_4ec71bffe30b07a9,0,skel_ca59edc5fbe709c1,prod_ea986d8627d315b1,a7ls8_s013,rank_label_diagnostic_clue
a7ls8_3ceded56b8ce405c,"ZScore(Mean(realized_vol_24h,72))",volatility_like,zmean,L7_ranked_future_return,4,-1.0,3,True,0.7875949972004578,0.0594207916752559,True,3.657296398029058,3.694063266526837,True,0.0599519248608534,0.0593519248608534,0.0583519248608534,95.82222222222222,A7LS8S013_RANK_LABEL_DIAGNOSTIC_CLUE,2133,-0.0499269634144223,-9.265951104428046,-4.720204999595667,-4.771549002395576,0.4224097515236755,2156,-0.0399526729883872,-7.213648219491876,-3.657296398029058,-3.694063266526837,0.4230055658627087,2156,-0.0526851476070226,-11.313986145747965,-5.636494183656587,-6.272639543946389,0.4058441558441558,2156,-0.0603519248608534,-16.043661952045845,-8.0592719548591,-8.19036927025095,0.3715213358070501,G:\AlphaFactory_CryptoData\research_runtime\a7ls8_company_numeric\shard_013\a7ls8_s013_label_response_metrics.csv,s013,volatility_core_expansion,A7LS8_A,a7ls6_4ec71bffe30b07a9,0,skel_ca59edc5fbe709c1,prod_ea986d8627d315b1,a7ls8_s013,rank_label_diagnostic_clue
a7ls8_3ceded56b8ce405c,"ZScore(Mean(realized_vol_24h,72))",volatility_like,zmean,L7_ranked_future_return,8,-1.0,3,True,0.8121430521519917,0.0791156536124879,True,3.1463779133038745,3.3192754004151106,True,0.080096421287691,0.079496421287691,0.078496421287691,95.64444444444445,A7LS8S013_RANK_LABEL_DIAGNOSTIC_CLUE,2129,-0.0641526353443626,-12.08869909620653,-4.253097665873709,-4.94640894777272,0.3922029121653358,2152,-0.0499412422122401,-8.934512931803793,-3.1463779133038745,-3.3192754004151106,0.4158921933085502,2152,-0.0656987094262012,-14.101256260450253,-5.01620854854408,-5.426320531300848,0.379182156133829,2152,-0.080496421287691,-21.09461337330168,-7.414970812475035,-7.999847355766869,0.3266728624535316,G:\AlphaFactory_CryptoData\research_runtime\a7ls8_company_numeric\shard_013\a7ls8_s013_label_response_metrics.csv,s013,volatility_core_expansion,A7LS8_A,a7ls6_4ec71bffe30b07a9,0,skel_ca59edc5fbe709c1,prod_ea986d8627d315b1,a7ls8_s013,rank_label_diagnostic_clue
a7ls8_3ceded56b8ce405c,"ZScore(Mean(realized_vol_24h,72))",volatility_like,zmean,L7_ranked_future_return,24,-1.0,3,True,0.90377812211698,0.1091218713153696,True,2.681262202592602,3.12476351203682,True,0.1100725321646552,0.1094725321646552,0.1084725321646552,94.93333333333334,A7LS8S013_RANK_LABEL_DIAGNOSTIC_CLUE,2113,-0.0825399368547439,-14.987686212690924,-2.9747733424915674,-3.637317944233982,0.3312825366777094,2136,-0.0797099599892495,-12.90979122291268,-2.681262202592602,-3.12476351203682,0.3871722846441947,2136,-0.0985257956634068,-20.7077881442474,-4.195490594530931,-4.856842637281551,0.3197565543071161,2136,-0.1104725321646552,-28.81900469411499,-5.90592523865431,-6.790412706769957,0.2518726591760299,G:\AlphaFactory_CryptoData\research_runtime\a7ls8_company_numeric\shard_013\a7ls8_s013_label_response_metrics.csv,s013,volatility_core_expansion,A7LS8_A,a7ls6_4ec71bffe30b07a9,0,skel_ca59edc5fbe709c1,prod_ea986d8627d315b1,a7ls8_s013,rank_label_diagnostic_clue
a7ls8_3f028a7f46a5ec53,"ZScore(Mean(realized_vol_24h,720))",volatility_like,zmean,L7_ranked_future_return,1,-1.0,3,True,0.9983034112558928,0.0185843497503988,True,3.4709823157396924,3.4709823157396924,True,0.0184273570583088,0.0178273570583088,0.0168273570583088,95.95555555555556,A7LS8S013_RANK_LABEL_DIAGNOSTIC_CLUE,2136,-0.030313670411985,-5.576887985878006,-5.576887985878006,-5.576887985878006,0.4578651685393258,2159,-0.019274666340727,-3.4709823157396924,-3.4709823157396924,-3.4709823157396924,0.4696618805002316,2159,-0.0294613793680201,-6.3652232994296085,-6.3652232994296085,-6.3652232994296085,0.4525243168133395,2159,-0.0188273570583088,-5.003225069376635,-5.003225069376635,-5.003225069376635,0.4571560907827698,G:\AlphaFactory_CryptoData\research_runtime\a7ls8_company_numeric\shard_013\a7ls8_s013_label_response_metrics.csv,s013,volatility_core_expansion,A7LS8_A,a7ls6_4ec71bffe30b07a9,0,skel_ac5eed543e3f1c3e,prod_6bf4823050e0ee0c,a7ls8_s013,rank_label_diagnostic_clue
a7ls8_3f028a7f46a5ec53,"ZScore(Mean(realized_vol_24h,720))",volatility_like,zmean,L7_ranked_future_return,4,-1.0,3,True,0.9869107568771338,0.037696158008658,True,3.175253134637874,3.262992565440765,True,0.0373645771060949,0.0367645771060949,0.0357645771060949,95.82222222222222,A7LS8S013_RANK_LABEL_DIAGNOSTIC_CLUE,2133,-0.0501007915733361,-9.33850234749507,-4.628632913727972,-5.089221659303535,0.4111579934364744,2156,-0.0349163402734831,-6.346328698802801,-3.175253134637874,-3.262992565440765,0.4397031539888683,2156,-0.0454876679207036,-9.676995410167422,-5.003573141324379,-5.068332388410623,0.423469387755102,2156,-0.0377645771060949,-10.043028447166307,-5.061390248616838,-5.225713528419381,0.4095547309833024,G:\AlphaFactory_CryptoData\research_runtime\a7ls8_company_numeric\shard_013\a7ls8_s013_label_response_metrics.csv,s013,volatility_core_expansion,A7LS8_A,a7ls6_4ec71bffe30b07a9,0,skel_ac5eed543e3f1c3e,prod_6bf4823050e0ee0c,a7ls8_s013,rank_label_diagnostic_clue
a7ls8_3f028a7f46a5ec53,"ZScore(Mean(realized_vol_24h,720))",volatility_like,zmean,L7_ranked_future_return,8,-1.0,3,True,0.9887802643500156,0.0454037695339391,True,2.908095737240698,3.0180438267684075,True,0.0454776235285006,0.0448776235285006,0.0438776235285006,95.64444444444445,A7LS8S013_RANK_LABEL_DIAGNOSTIC_CLUE,2129,-0.0646594156098324,-12.05156722800687,-4.229104131998462,-4.799880818804351,0.3701268201033349,2152,-0.0450262406632934,-8.134706057259429,-2.908095737240698,-3.0180438267684075,0.4391263940520446,2152,-0.0577339232238744,-12.07555145057661,-4.304737855494758,-4.73984139460396,0.395910780669145,2152,-0.0458776235285006,-11.909227366408496,-4.135800210006394,-4.69425540449198,0.3912639405204461,G:\AlphaFactory_CryptoData\research_runtime\a7ls8_company_numeric\shard_013\a7ls8_s013_label_response_metrics.csv,s013,volatility_core_expansion,A7LS8_A,a7ls6_4ec71bffe30b07a9,0,skel_ac5eed543e3f1c3e,prod_6bf4823050e0ee0c,a7ls8_s013,rank_label_diagnostic_clue
a7ls8_420333da439f35e0,"ZScore(Mean(realized_vol_168h,48))",volatility_like,zmean,L7_ranked_future_return,1,-1.0,3,True,0.9971326082022748,0.0257886881786835,True,4.461967955418619,4.461967955418619,True,0.0251105673065376,0.0245105673065376,0.0235105673065376,95.95555555555556,A7LS8S014_RANK_LABEL_DIAGNOSTIC_CLUE,2136,-0.0254542119659453,-4.682725031175181,-4.682725031175181,-4.682725031175181,0.4686329588014981,2159,-0.0240836431904345,-4.461967955418619,-4.461967955418619,-4.461967955418619,0.4520611394163965,2159,-0.032111434906421,-7.067796684326016,-7.067796684326016,-7.067796684326016,0.4395553496989346,2159,-0.0255105673065376,-6.903459495583231,-6.903459495583231,-6.903459495583231,0.4400185270958777,G:\AlphaFactory_CryptoData\research_runtime\a7ls8_company_numeric\shard_014\a7ls8_s014_label_response_metrics.csv,s014,volatility_core_expansion,A7LS8_A,a7ls6_4ec71bffe30b07a9,0,skel_d86ec26e75e39508,prod_e034aa947110c4b8,a7ls8_s014,rank_label_diagnostic_clue
a7ls8_420333da439f35e0,"ZScore(Mean(realized_vol_168h,48))",volatility_like,zmean,L7_ranked_future_return,4,-1.0,3,True,0.9500223189076102,0.0495727362914862,True,3.7946496795151248,3.945719989850927,True,0.0495094366281866,0.0489094366281866,0.0479094366281866,95.82222222222222,A7LS8S014_RANK_LABEL_DIAGNOSTIC_CLUE,2133,-0.0429573685558507,-8.053859561415853,-4.040179976997759,-4.169256673429895,0.4252226910454758,2156,-0.0411222127739984,-7.565379771073899,-3.7946496795151248,-3.945719989850927,0.4327458256029685,2156,-0.0526037908850408,-11.765489396890612,-5.756694886270415,-6.373750636424949,0.398886827458256,2156,-0.0499094366281866,-13.56772551810378,-6.836154895790861,-7.072310797429143,0.3766233766233766,G:\AlphaFactory_CryptoData\research_runtime\a7ls8_company_numeric\shard_014\a7ls8_s014_label_response_metrics.csv,s014,volatility_core_expansion,A7LS8_A,a7ls6_4ec71bffe30b07a9,0,skel_d86ec26e75e39508,prod_e034aa947110c4b8,a7ls8_s014,rank_label_diagnostic_clue
a7ls8_420333da439f35e0,"ZScore(Mean(realized_vol_168h,48))",volatility_like,zmean,L7_ranked_future_return,8,-1.0,3,True,0.9795528223988224,0.0635185400316673,True,3.3034436473914486,3.4950208236850484,True,0.0638287697490706,0.0632287697490706,0.0622287697490706,95.64444444444445,A7LS8S014_RANK_LABEL_DIAGNOSTIC_CLUE,2129,-0.0559356951185567,-10.440614390034195,-3.6478526057589447,-4.399006126136918,0.3968999530295913,2152,-0.0503881509878837,-9.289072871292111,-3.3034436473914486,-3.4950208236850484,0.4186802973977695,2152,-0.0694411905806829,-15.579866045481404,-5.561816031395671,-6.031647593524185,0.3694237918215613,2152,-0.0642287697490706,-17.167619440001143,-6.02026178201899,-6.65175431530962,0.3638475836431227,G:\AlphaFactory_CryptoData\research_runtime\a7ls8_company_numeric\shard_014\a7ls8_s014_label_response_metrics.csv,s014,volatility_core_expansion,A7LS8_A,a7ls6_4ec71bffe30b07a9,0,skel_d86ec26e75e39508,prod_e034aa947110c4b8,a7ls8_s014,rank_label_diagnostic_clue
a7ls8_4b1a7935f2ad12b6,"ZScore(Mean(realized_vol_24h,336))",volatility_like,zmean,L7_ranked_future_return,1,-1.0,3,True,0.988726624416672,0.0189394524213885,True,3.780297289857372,3.780297289857372,True,0.0181710816478822,0.0175710816478822,0.0165710816478822,95.95555555555556,A7LS8S014_RANK_LABEL_DIAGNOSTIC_CLUE,2136,-0.0282497626664585,-5.143813668169685,-5.143813668169685,-5.143813668169685,0.4564606741573033,2159,-0.0213038282898461,-3.780297289857372,-3.780297289857372,-3.780297289857372,0.4599351551644279,2159,-0.0334895484878115,-7.335240107875923,-7.335240107875923,-7.335240107875923,0.4409448818897638,2159,-0.0185710816478822,-5.017962282695716,-5.017962282695716,-5.017962282695716,0.4576192681797128,G:\AlphaFactory_CryptoData\research_runtime\a7ls8_company_numeric\shard_014\a7ls8_s014_label_response_metrics.csv,s014,volatility_core_expansion,A7LS8_A,a7ls6_4ec71bffe30b07a9,0,skel_ac5eed543e3f1c3e,prod_3ecc4b044ba6daf8,a7ls8_s014,rank_label_diagnostic_clue
a7ls8_4b1a7935f2ad12b6,"ZScore(Mean(realized_vol_24h,336))",volatility_like,zmean,L7_ranked_future_return,4,-1.0,3,True,0.9795325740650404,0.0384332805091733,True,3.270239370536084,3.295581451469289,True,0.0382015233113447,0.0376015233113447,0.0366015233113447,95.82222222222222,A7LS8S014_RANK_LABEL_DIAGNOSTIC_CLUE,2133,-0.0459156215814971,-8.497295639402214,-4.237705060619205,-4.59547548921434,0.4308485700890764,2156,-0.0361508097557204,-6.486177802658232,-3.270239370536084,-3.295581451469289,0.4424860853432282,2156,-0.0536680849738885,-11.87256372714579,-5.936244840595531,-6.479294137399408,0.3984230055658627,2156,-0.0386015233113447,-10.19054056470866,-5.157455184269068,-5.172489494824896,0.4169758812615955,G:\AlphaFactory_CryptoData\research_runtime\a7ls8_company_numeric\shard_014\a7ls8_s014_label_response_metrics.csv,s014,volatility_core_expansion,A7LS8_A,a7ls6_4ec71bffe30b07a9,0,skel_ac5eed543e3f1c3e,prod_3ecc4b044ba6daf8,a7ls8_s014,rank_label_diagnostic_clue
a7ls8_4ee358983e3295a9,"Delta(realized_vol_168h,168)",volatility_like,delta,L7_ranked_future_return,1,-1.0,3,True,0.9840772209588876,0.0163817375156536,True,1.507430020416187,1.507430020416187,True,0.0159784673974576,0.0153784673974576,0.0143784673974576,95.95555555555556,A7LS8S014_RANK_LABEL_DIAGNOSTIC_CLUE,1991,-0.0121404538013654,-3.167115380443474,-3.167115380443474,-3.167115380443474,0.4741336012054244,2159,-0.0074850861166863,-2.050349907591663,-2.050349907591663,-2.050349907591663,0.4742936544696619,2159,-0.0056343064347348,-1.507430020416187,-1.507430020416187,-1.507430020416187,0.4872626215840667,2159,-0.0163784673974576,-4.924530846571365,-4.924530846571365,-4.924530846571365,0.4594719777674849,G:\AlphaFactory_CryptoData\research_runtime\a7ls8_company_numeric\shard_014\a7ls8_s014_label_response_metrics.csv,s014,volatility_core_expansion,A7LS8_A,a7ls6_4ec71bffe30b07a9,0,skel_57e10342f35bcf49,prod_12b0e1d7caedf821,a7ls8_s014,rank_label_diagnostic_clue
a7ls8_53f108ad6f0e1a00,"ZScore(Mean(volume_volatility_ratio_168h,4))",volatility_like,zmean,L7_ranked_future_return,1,1.0,3,True,0.8143409667380237,0.0313110064673288,True,4.311426734448915,4.311426734448915,True,0.0315669332081038,0.0309669332081038,0.0299669332081038,95.95555555555556,A7LS8S014_RANK_LABEL_DIAGNOSTIC_CLUE,2156,0.0250677749003641,4.529840672748368,4.529840672748368,4.529840672748368,0.525974025974026,2159,0.0226058178083131,4.311426734448915,4.311426734448915,4.311426734448915,0.539138490041686,2159,0.0298004262947523,6.235343480665325,6.235343480665325,6.235343480665325,0.553960166743863,2159,0.0319669332081038,7.809442014035032,7.809442014035032,7.809442014035032,0.5706345530338119,G:\AlphaFactory_CryptoData\research_runtime\a7ls8_company_numeric\shard_014\a7ls8_s014_label_response_metrics.csv,s014,volatility_core_expansion,A7LS8_A,a7ls6_4ec71bffe30b07a9,0,skel_a99a58337b718c64,prod_a781f336d6b73f62,a7ls8_s014,rank_label_diagnostic_clue
a7ls8_53f108ad6f0e1a00,"ZScore(Mean(volume_volatility_ratio_168h,4))",volatility_like,zmean,L7_ranked_future_return,4,1.0,3,True,0.7701412089531271,0.0592785046468082,True,3.5071586985784124,3.2651087347814207,True,0.0596630293152614,0.0590630293152614,0.0580630293152614,95.82222222222222,A7LS8S014_RANK_LABEL_DIAGNOSTIC_CLUE,2153,0.0484358335053585,8.806279912604815,4.344831428745465,4.161087536619274,0.5717603344170924,2156,0.0368066560588882,6.959360740915479,3.5071586985784124,3.2651087347814207,0.5602968460111317,2156,0.050824625936233,10.829240771729966,5.376095474916824,4.990218607830889,0.5909090909090909,2156,0.0600630293152614,14.45693588338082,7.254617333679269,6.872284831947046,0.6280148423005566,G:\AlphaFactory_CryptoData\research_runtime\a7ls8_company_numeric\shard_014\a7ls8_s014_label_response_metrics.csv,s014,volatility_core_expansion,A7LS8_A,a7ls6_4ec71bffe30b07a9,0,skel_a99a58337b718c64,prod_a781f336d6b73f62,a7ls8_s014,rank_label_diagnostic_clue
a7ls8_53f108ad6f0e1a00,"ZScore(Mean(volume_volatility_ratio_168h,4))",volatility_like,zmean,L7_ranked_future_return,8,1.0,3,True,0.7304294587231728,0.0778398701036073,True,3.200307809559085,2.976992623743681,True,0.0785824065468814,0.0779824065468814,0.0769824065468814,95.64444444444445,A7LS8S014_RANK_LABEL_DIAGNOSTIC_CLUE,2149,0.0619299135687572,11.484134302818,3.957497652110861,3.5321900891079108,0.5956258724988367,2152,0.0493896988589425,9.360246182532604,3.200307809559085,2.976992623743681,0.5841078066914498,2152,0.0679920917664876,14.390215534420811,5.127043692890045,4.51977824096791,0.6087360594795539,2152,0.0789824065468814,18.82143866186933,6.513474813769786,6.19792794641389,0.6579925650557621,G:\AlphaFactory_CryptoData\research_runtime\a7ls8_company_numeric\shard_014\a7ls8_s014_label_response_metrics.csv,s014,volatility_core_expansion,A7LS8_A,a7ls6_4ec71bffe30b07a9,0,skel_a99a58337b718c64,prod_a781f336d6b73f62,a7ls8_s014,rank_label_diagnostic_clue
a7ls8_53f108ad6f0e1a00,"ZScore(Mean(volume_volatility_ratio_168h,4))",volatility_like,zmean,L7_ranked_future_return,24,1.0,3,True,0.726201257935422,0.1082413801324733,True,2.5120438893115207,1.924254369191889,True,0.1086798502739631,0.1080798502739631,0.1070798502739631,94.93333333333334,A7LS8S014_RANK_LABEL_DIAGNOSTIC_CLUE,2133,0.0798505028997586,14.091642606882155,2.78292831149015,2.1851847631031958,0.6404125644631974,2136,0.0729892484654598,12.45449266142348,2.5120438893115207,1.924254369191889,0.576310861423221,2136,0.1062275941964905,22.35837768465916,4.426293551610981,3.5768870376599917,0.7050561797752809,2136,0.1090798502739631,25.803001806785925,5.31618377968895,4.396751952317731,0.7116104868913857,G:\AlphaFactory_CryptoData\research_runtime\a7ls8_company_numeric\shard_014\a7ls8_s014_label_response_metrics.csv,s014,volatility_core_expansion,A7LS8_A,a7ls6_4ec71bffe30b07a9,0,skel_a99a58337b718c64,prod_a781f336d6b73f62,a7ls8_s014,rank_label_diagnostic_clue
a7ls8_5e28e71425757d88,"ZScore(Mean(realized_vol_168h,12))",volatility_like,zmean,L7_ranked_future_return,1,-1.0,3,True,0.7959737275044898,0.0289842637623728,True,4.993163752657718,4.993163752657718,True,0.0282862809428233,0.0276862809428233,0.0266862809428233,95.95555555555556,A7LS8S014_RANK_LABEL_DIAGNOSTIC_CLUE,2148,-0.0283550805227946,-5.15547339869852,-5.15547339869852,-5.15547339869852,0.4525139664804469,2159,-0.0271912204295541,-4.993163752657718,-4.993163752657718,-4.993163752657718,0.4483557202408522,2159,-0.0341494690614653,-7.410080061248195,-7.410080061248195,-7.410080061248195,0.4372394627142195,2159,-0.0286862809428233,-7.678340103368752,-7.678340103368752,-7.678340103368752,0.4335340435386753,G:\AlphaFactory_CryptoData\research_runtime\a7ls8_company_numeric\shard_014\a7ls8_s014_label_response_metrics.csv,s014,volatility_core_expansion,A7LS8_A,a7ls6_4ec71bffe30b07a9,0,skel_d86ec26e75e39508,prod_143b0830a9d41a03,a7ls8_s014,rank_label_diagnostic_clue
a7ls8_5e28e71425757d88,"ZScore(Mean(realized_vol_168h,12))",volatility_like,zmean,L7_ranked_future_return,4,-1.0,3,True,0.7431084365669004,0.0536950070432213,True,3.966314420651456,4.176710775488141,True,0.0541368920926956,0.0535368920926956,0.0525368920926956,95.82222222222222,A7LS8S014_RANK_LABEL_DIAGNOSTIC_CLUE,2145,-0.0465938228438228,-8.667413370939615,-4.354627033370454,-4.537249983228245,0.4214452214452214,2156,-0.0437927854222497,-8.02468733697781,-3.966314420651456,-4.176710775488141,0.4253246753246753,2156,-0.0573252454390847,-12.61820217059227,-6.157625168951165,-6.798279548714899,0.3937847866419295,2156,-0.0545368920926956,-14.508435920553918,-7.315335261213393,-7.538190576695418,0.3775510204081632,G:\AlphaFactory_CryptoData\research_runtime\a7ls8_company_numeric\shard_014\a7ls8_s014_label_response_metrics.csv,s014,volatility_core_expansion,A7LS8_A,a7ls6_4ec71bffe30b07a9,0,skel_d86ec26e75e39508,prod_143b0830a9d41a03,a7ls8_s014,rank_label_diagnostic_clue
a7ls8_5e28e71425757d88,"ZScore(Mean(realized_vol_168h,12))",volatility_like,zmean,L7_ranked_future_return,8,-1.0,3,True,0.7382922799065167,0.0699958802319977,True,3.571777487867801,3.713290922080067,True,0.070714348840011,0.070114348840011,0.069114348840011,95.64444444444445,A7LS8S014_RANK_LABEL_DIAGNOSTIC_CLUE,2141,-0.0574798737609632,-10.813133750011447,-3.789480190324823,-4.483568036124382,0.3872022419430173,2152,-0.0547215445580338,-10.080357051585644,-3.571777487867801,-3.713290922080067,0.4038104089219331,2152,-0.0738366495852265,-16.305641455722228,-5.840517779298352,-6.210501811529103,0.3689591078066914,2152,-0.071114348840011,-18.9068584267578,-6.628612816187989,-7.209954386845498,0.345724907063197,G:\AlphaFactory_CryptoData\research_runtime\a7ls8_company_numeric\shard_014\a7ls8_s014_label_response_metrics.csv,s014,volatility_core_expansion,A7LS8_A,a7ls6_4ec71bffe30b07a9,0,skel_d86ec26e75e39508,prod_143b0830a9d41a03,a7ls8_s014,rank_label_diagnostic_clue
a7ls8_5e28e71425757d88,"ZScore(Mean(realized_vol_168h,12))",volatility_like,zmean,L7_ranked_future_return,24,-1.0,3,True,0.7735446637671463,0.0925530099094881,True,2.7891621897989816,3.5689500987961758,True,0.092857180694271,0.092257180694271,0.091257180694271,94.93333333333334,A7LS8S014_RANK_LABEL_DIAGNOSTIC_CLUE,2125,-0.0683056917211328,-12.037352523746232,-2.4138663445184347,-2.873765038669644,0.3374117647058823,2136,-0.0783892096684699,-13.541738429024848,-2.7891621897989816,-3.5689500987961758,0.3876404494382022,2136,-0.1215742691427382,-26.16131857340788,-5.309998594404896,-6.1661963767557815,0.2804307116104869,2136,-0.093257180694271,-24.60906698281825,-4.940633586054696,-5.932489304011507,0.2893258426966292,G:\AlphaFactory_CryptoData\research_runtime\a7ls8_company_numeric\shard_014\a7ls8_s014_label_response_metrics.csv,s014,volatility_core_expansion,A7LS8_A,a7ls6_4ec71bffe30b07a9,0,skel_d86ec26e75e39508,prod_143b0830a9d41a03,a7ls8_s014,rank_label_diagnostic_clue
a7ls8_64528109572aea36,"ZScore(Mean(realized_vol_168h,8))",volatility_like,zmean,L7_ranked_future_return,1,-1.0,3,True,0.7812032660890855,0.0290473341567598,True,5.065909454524209,5.065909454524209,True,0.0294105583003105,0.0288105583003105,0.0278105583003105,95.95555555555556,A7LS8S014_RANK_LABEL_DIAGNOSTIC_CLUE,2152,-0.0293085996661159,-5.306896396899531,-5.306896396899531,-5.306896396899531,0.4488847583643122,2159,-0.0276617689945619,-5.065909454524209,-5.065909454524209,-5.065909454524209,0.4478925428439092,2159,-0.0339828538589539,-7.3843378050385695,-7.3843378050385695,-7.3843378050385695,0.4372394627142195,2159,-0.0298105583003105,-7.966993406217102,-7.966993406217102,-7.966993406217102,0.4307549791570171,G:\AlphaFactory_CryptoData\research_runtime\a7ls8_company_numeric\shard_014\a7ls8_s014_label_response_metrics.csv,s014,volatility_core_expansion,A7LS8_A,a7ls6_4ec71bffe30b07a9,0,skel_b1719542f29064c0,prod_fcc3ecbea9ab5858,a7ls8_s014,rank_label_diagnostic_clue
a7ls8_64528109572aea36,"ZScore(Mean(realized_vol_168h,8))",volatility_like,zmean,L7_ranked_future_return,4,-1.0,3,True,0.7435652952817812,0.0554690452569916,True,3.968470067964081,4.079149780053761,True,0.0563869919432419,0.0557869919432419,0.0547869919432419,95.82222222222222,A7LS8S014_RANK_LABEL_DIAGNOSTIC_CLUE,2149,-0.0474856683987384,-8.781011414505928,-4.455997417916028,-4.526368945895244,0.4220567705909725,2156,-0.0433930611385968,-7.956239367697195,-3.968470067964081,-4.079149780053761,0.4299628942486085,2156,-0.0562457321943929,-12.36271543199462,-5.994417336061495,-6.820513842080444,0.398886827458256,2156,-0.0567869919432419,-15.026992469816916,-7.589650616096293,-7.9223176892368,0.3789424860853432,G:\AlphaFactory_CryptoData\research_runtime\a7ls8_company_numeric\shard_014\a7ls8_s014_label_response_metrics.csv,s014,volatility_core_expansion,A7LS8_A,a7ls6_4ec71bffe30b07a9,0,skel_b1719542f29064c0,prod_fcc3ecbea9ab5858,a7ls8_s014,rank_label_diagnostic_clue
a7ls8_64528109572aea36,"ZScore(Mean(realized_vol_168h,8))",volatility_like,zmean,L7_ranked_future_return,8,-1.0,3,True,0.7325879609464814,0.0718145749432052,True,3.5403958513889267,3.746019652987557,True,0.0727921425375189,0.0721921425375189,0.0711921425375189,95.64444444444445,A7LS8S014_RANK_LABEL_DIAGNOSTIC_CLUE,2145,-0.0594240751532418,-11.103327928468405,-3.910732171704111,-4.583878602524058,0.3878787878787879,2152,-0.0545270656925512,-10.035552149413853,-3.5403958513889267,-3.746019652987557,0.4079925650557621,2152,-0.0739644107978796,-16.260884473693395,-5.761623937121195,-6.19235209489145,0.3684944237918215,2152,-0.0731921425375189,-19.32439780729973,-6.794108623126151,-7.438467694554365,0.3410780669144981,G:\AlphaFactory_CryptoData\research_runtime\a7ls8_company_numeric\shard_014\a7ls8_s014_label_response_metrics.csv,s014,volatility_core_expansion,A7LS8_A,a7ls6_4ec71bffe30b07a9,0,skel_b1719542f29064c0,prod_fcc3ecbea9ab5858,a7ls8_s014,rank_label_diagnostic_clue
a7ls8_64528109572aea36,"ZScore(Mean(realized_vol_168h,8))",volatility_like,zmean,L7_ranked_future_return,24,-1.0,3,True,0.7625707685535749,0.0934766871272021,True,2.8226904742520222,3.6814810132097247,True,0.0939403265449438,0.0933403265449438,0.0923403265449438,94.93333333333334,A7LS8S014_RANK_LABEL_DIAGNOSTIC_CLUE,2129,-0.0697137903815041,-12.344644931935282,-2.471114175251422,-3.0025218639645934,0.3358384217942696,2136,-0.0784147311520321,-13.510964262993705,-2.8226904742520222,-3.6814810132097247,0.3852996254681648,2136,-0.1218155582431682,-26.10113071158317,-5.287953751008942,-6.1093875199189975,0.2827715355805243,2136,-0.0943403265449438,-24.776556387799094,-4.889712593889911,-6.179182663146517,0.2855805243445692,G:\AlphaFactory_CryptoData\research_runtime\a7ls8_company_numeric\shard_014\a7ls8_s014_label_response_metrics.csv,s014,volatility_core_expansion,A7LS8_A,a7ls6_4ec71bffe30b07a9,0,skel_b1719542f29064c0,prod_fcc3ecbea9ab5858,a7ls8_s014,rank_label_diagnostic_clue
a7ls8_68db7e66891eb8f9,"ZScore(Mean(realized_vol_24h,48))",volatility_like,zmean,L7_ranked_future_return,1,-1.0,3,True,0.8126247116875036,0.027908314463143,True,4.554187615473547,4.554187615473547,True,0.0276430058068721,0.0270430058068721,0.0260430058068721,95.95555555555556,A7LS8S014_RANK_LABEL_DIAGNOSTIC_CLUE,2136,-0.0287101788996393,-5.266622521478892,-5.266622521478892,-5.266622521478892,0.4597378277153558,2159,-0.0247720298749421,-4.554187615473547,-4.554187615473547,-4.554187615473547,0.4599351551644279,2159,-0.0339454619336798,-7.179934021928558,-7.179934021928558,-7.179934021928558,0.4483557202408522,2159,-0.0280430058068721,-7.353953126260274,-7.353953126260274,-7.353953126260274,0.4386289949050486,G:\AlphaFactory_CryptoData\research_runtime\a7ls8_company_numeric\shard_014\a7ls8_s014_label_response_metrics.csv,s014,volatility_core_expansion,A7LS8_A,a7ls6_4ec71bffe30b07a9,0,skel_ca59edc5fbe709c1,prod_fdbe812c9b2ce486,a7ls8_s014,rank_label_diagnostic_clue
a7ls8_68db7e66891eb8f9,"ZScore(Mean(realized_vol_24h,48))",volatility_like,zmean,L7_ranked_future_return,4,-1.0,3,True,0.8017739765969748,0.0556941652923795,True,3.830230269280664,3.87242085644018,True,0.0560007152734831,0.0554007152734831,0.0544007152734831,95.82222222222222,A7LS8S014_RANK_LABEL_DIAGNOSTIC_CLUE,2133,-0.0484720106006146,-9.0507021777267,-4.491113985743569,-4.651579226715171,0.4242850445382091,2156,-0.0403200800522229,-7.375199500849917,-3.830230269280664,-3.87242085644018,0.4341372912801484,2156,-0.0538986538428502,-11.52868912940904,-5.755791017592552,-6.244465002309853,0.4007421150278293,2156,-0.0564007152734831,-14.75560468741006,-7.413683733652528,-7.433267550729103,0.3766233766233766,G:\AlphaFactory_CryptoData\research_runtime\a7ls8_company_numeric\shard_014\a7ls8_s014_label_response_metrics.csv,s014,volatility_core_expansion,A7LS8_A,a7ls6_4ec71bffe30b07a9,0,skel_ca59edc5fbe709c1,prod_fdbe812c9b2ce486,a7ls8_s014,rank_label_diagnostic_clue
a7ls8_68db7e66891eb8f9,"ZScore(Mean(realized_vol_24h,48))",volatility_like,zmean,L7_ranked_future_return,8,-1.0,3,True,0.8122832313939071,0.0723576206027123,True,3.229633783774565,3.388722839219672,True,0.0724238643208729,0.0718238643208729,0.0708238643208729,95.64444444444445,A7LS8S014_RANK_LABEL_DIAGNOSTIC_CLUE,2129,-0.0596686194179148,-11.372632347256577,-3.9859811293578775,-4.828580552285465,0.3964302489431658,2152,-0.0497990402984304,-8.932899654841009,-3.229633783774565,-3.388722839219672,0.4158921933085502,2152,-0.067308108090665,-14.50261845394349,-5.205476598290863,-5.465356235327426,0.3815055762081784,2152,-0.0728238643208729,-18.6905624948985,-6.562048383746193,-7.157042242190476,0.3466542750929368,G:\AlphaFactory_CryptoData\research_runtime\a7ls8_company_numeric\shard_014\a7ls8_s014_label_response_metrics.csv,s014,volatility_core_expansion,A7LS8_A,a7ls6_4ec71bffe30b07a9,0,skel_ca59edc5fbe709c1,prod_fdbe812c9b2ce486,a7ls8_s014,rank_label_diagnostic_clue
a7ls8_68db7e66891eb8f9,"ZScore(Mean(realized_vol_24h,48))",volatility_like,zmean,L7_ranked_future_return,24,-1.0,3,True,0.8426514767557907,0.1063854101643778,True,2.4506091459170567,3.210629997134636,True,0.106648562343945,0.106048562343945,0.105048562343945,94.93333333333334,A7LS8S014_RANK_LABEL_DIAGNOSTIC_CLUE,2113,-0.0769800540306042,-14.234634526554094,-2.899937821499701,-3.6154116602002433,0.3450070989115002,2136,-0.0744645094239839,-12.271189961535388,-2.4506091459170567,-3.210629997134636,0.3815543071161049,2136,-0.1025597072669579,-21.5694074164457,-4.393742161263945,-5.676090783283802,0.3174157303370786,2136,-0.107048562343945,-27.70477926759456,-5.547237756033864,-6.875276270666599,0.2602996254681648,G:\AlphaFactory_CryptoData\research_runtime\a7ls8_company_numeric\shard_014\a7ls8_s014_label_response_metrics.csv,s014,volatility_core_expansion,A7LS8_A,a7ls6_4ec71bffe30b07a9,0,skel_ca59edc5fbe709c1,prod_fdbe812c9b2ce486,a7ls8_s014,rank_label_diagnostic_clue
a7ls8_694ff1a19f4bf42e,"Delta(volume_volatility_ratio_168h,12)",volatility_like,delta,L7_ranked_future_return,1,1.0,3,True,0.9550313196796416,0.012958218611154,True,4.612547725538925,4.612547725538925,True,0.0172726836841473,0.0166726836841473,0.0156726836841473,95.95555555555556,A7LS8S014_RANK_LABEL_DIAGNOSTIC_CLUE,2147,0.0223549170677431,5.7038845471080135,5.7038845471080135,5.7038845471080135,0.5551932929669307,2159,0.0167887064055718,4.612547725538925,4.612547725538925,4.612547725538925,0.5377489578508569,2159,0.0171422276259585,4.7305862477378335,4.7305862477378335,4.7305862477378335,0.5419175544233441,2159,0.0176726836841473,5.111820797605306,5.111820797605306,5.111820797605306,0.5386753126447429,G:\AlphaFactory_CryptoData\research_runtime\a7ls8_company_numeric\shard_014\a7ls8_s014_label_response_metrics.csv,s014,volatility_core_expansion,A7LS8_A,a7ls6_4ec71bffe30b07a9,0,skel_42174ae077d5aa3d,prod_6a5afb836f75c081,a7ls8_s014,rank_label_diagnostic_clue
a7ls8_6d5274884539a243,"ZScore(Mean(realized_vol_72h,72))",volatility_like,zmean,L7_ranked_future_return,1,-1.0,3,True,0.9083600994898684,0.0278042603743159,True,4.609423463419388,4.609423463419388,True,0.0280588469027155,0.0274588469027155,0.0264588469027155,95.95555555555556,A7LS8S014_RANK_LABEL_DIAGNOSTIC_CLUE,2136,-0.0285335875728256,-5.255895249961904,-5.255895249961904,-5.255895249961904,0.4550561797752809,2159,-0.0249671379925548,-4.609423463419388,-4.609423463419388,-4.609423463419388,0.4543770264011116,2159,-0.0310691517420616,-6.870859000599942,-6.870859000599942,-6.870859000599942,0.4414080592867068,2159,-0.0284588469027155,-7.744675495460593,-7.744675495460593,-7.744675495460593,0.4465030106530801,G:\AlphaFactory_CryptoData\research_runtime\a7ls8_company_numeric\shard_014\a7ls8_s014_label_response_metrics.csv,s014,volatility_core_expansion,A7LS8_A,a7ls6_4ec71bffe30b07a9,0,skel_ca59edc5fbe709c1,prod_5f1e2bbab23c5124,a7ls8_s014,rank_label_diagnostic_clue
a7ls8_6d5274884539a243,"ZScore(Mean(realized_vol_72h,72))",volatility_like,zmean,L7_ranked_future_return,4,-1.0,3,True,0.8749885990186036,0.0552502866676973,True,3.929522231358241,3.974239229789819,True,0.0555150712052497,0.0549150712052497,0.0539150712052497,95.82222222222222,A7LS8S014_RANK_LABEL_DIAGNOSTIC_CLUE,2133,-0.0467041291173968,-8.804555493895498,-4.395958726676989,-4.515746603502719,0.4191279887482419,2156,-0.0427244382601525,-7.847270344462409,-3.929522231358241,-3.974239229789819,0.4281076066790352,2156,-0.0510810163711949,-11.335853968621754,-5.578635352130171,-5.9864173511158025,0.4058441558441558,2156,-0.0559150712052497,-15.27126041108891,-7.711788650173267,-7.935523632645877,0.3738404452690167,G:\AlphaFactory_CryptoData\research_runtime\a7ls8_company_numeric\shard_014\a7ls8_s014_label_response_metrics.csv,s014,volatility_core_expansion,A7LS8_A,a7ls6_4ec71bffe30b07a9,0,skel_ca59edc5fbe709c1,prod_5f1e2bbab23c5124,a7ls8_s014,rank_label_diagnostic_clue
a7ls8_6d5274884539a243,"ZScore(Mean(realized_vol_72h,72))",volatility_like,zmean,L7_ranked_future_return,8,-1.0,3,True,0.8875809881390313,0.073246355672587,True,3.484975989618966,3.762312033579992,True,0.0732358243408371,0.0726358243408371,0.0716358243408371,95.64444444444445,A7LS8S014_RANK_LABEL_DIAGNOSTIC_CLUE,2129,-0.0596158864359897,-11.339178477067763,-3.9472227592243385,-4.800099748729917,0.3799906059182715,2152,-0.0533083727023957,-9.739368988684229,-3.484975989618966,-3.762312033579992,0.4084572490706319,2152,-0.0658355599442379,-14.397172496645432,-5.190830215471962,-5.4797976956163525,0.3884758364312267,2152,-0.0736358243408371,-19.967507213800545,-7.073670195850685,-7.683411556125409,0.3224907063197026,G:\AlphaFactory_CryptoData\research_runtime\a7ls8_company_numeric\shard_014\a7ls8_s014_label_response_metrics.csv,s014,volatility_core_expansion,A7LS8_A,a7ls6_4ec71bffe30b07a9,0,skel_ca59edc5fbe709c1,prod_5f1e2bbab23c5124,a7ls8_s014,rank_label_diagnostic_clue
a7ls8_6d5274884539a243,"ZScore(Mean(realized_vol_72h,72))",volatility_like,zmean,L7_ranked_future_return,24,-1.0,3,True,0.965863262622525,0.1003957184595644,True,2.7679384958301965,3.207665440986642,True,0.1013982892478152,0.1007982892478152,0.0997982892478152,94.93333333333334,A7LS8S014_RANK_LABEL_DIAGNOSTIC_CLUE,2113,-0.0765136949834358,-13.54783921317773,-2.654693961451347,-3.35068890580483,0.3331755797444392,2136,-0.0751204549001248,-12.597894500494355,-2.7679384958301965,-3.207665440986642,0.3885767790262172,2136,-0.1048143488174504,-22.706533207411336,-4.677114719654659,-5.539881399505282,0.300561797752809,2136,-0.1017982892478152,-27.032748513249224,-5.340913745073136,-6.783648737825768,0.2602996254681648,G:\AlphaFactory_CryptoData\research_runtime\a7ls8_company_numeric\shard_014\a7ls8_s014_label_response_metrics.csv,s014,volatility_core_expansion,A7LS8_A,a7ls6_4ec71bffe30b07a9,0,skel_ca59edc5fbe709c1,prod_5f1e2bbab23c5124,a7ls8_s014,rank_label_diagnostic_clue
a7ls8_75d85882da4036d6,"ZScore(Mean(realized_vol_72h,4))",volatility_like,zmean,L7_ranked_future_return,1,-1.0,3,True,0.7716317496375321,0.0298297769457739,True,4.478466611085397,4.478466611085397,True,0.0291924521383356,0.0285924521383356,0.0275924521383356,95.95555555555556,A7LS8S014_RANK_LABEL_DIAGNOSTIC_CLUE,2156,-0.0333544576290112,-6.106141561116295,-6.106141561116295,-6.106141561116295,0.4461966604823748,2159,-0.0245301751496749,-4.478466611085397,-4.478466611085397,-4.478466611085397,0.4594719777674849,2159,-0.0347376882730344,-7.381416899897017,-7.381416899897017,-7.381416899897017,0.4423344140805929,2159,-0.0295924521383356,-7.912515291549478,-7.912515291549478,-7.912515291549478,0.4386289949050486,G:\AlphaFactory_CryptoData\research_runtime\a7ls8_company_numeric\shard_014\a7ls8_s014_label_response_metrics.csv,s014,volatility_core_expansion,A7LS8_A,a7ls6_4ec71bffe30b07a9,0,skel_66dbf5d054b27e3e,prod_9ae7819105bccc3b,a7ls8_s014,rank_label_diagnostic_clue
a7ls8_75d85882da4036d6,"ZScore(Mean(realized_vol_72h,4))",volatility_like,zmean,L7_ranked_future_return,4,-1.0,3,True,0.7488961128347399,0.0606075100494743,True,3.770292588828745,4.009874015247475,True,0.060639766285302,0.060039766285302,0.059039766285302,95.82222222222222,A7LS8S014_RANK_LABEL_DIAGNOSTIC_CLUE,2153,-0.0573238945227159,-10.574633144983242,-5.336760216530015,-5.392205466398107,0.4119832791453785,2156,-0.0421035396481825,-7.597924035617651,-3.770292588828745,-4.009874015247475,0.4267161410018553,2156,-0.0557675500755857,-12.17337513216213,-6.075820054190864,-6.891984387854343,0.4030612244897959,2156,-0.061039766285302,-16.177905534890932,-8.080676973732515,-8.292978591850932,0.3678107606679035,G:\AlphaFactory_CryptoData\research_runtime\a7ls8_company_numeric\shard_014\a7ls8_s014_label_response_metrics.csv,s014,volatility_core_expansion,A7LS8_A,a7ls6_4ec71bffe30b07a9,0,skel_66dbf5d054b27e3e,prod_9ae7819105bccc3b,a7ls8_s014,rank_label_diagnostic_clue
a7ls8_75d85882da4036d6,"ZScore(Mean(realized_vol_72h,4))",volatility_like,zmean,L7_ranked_future_return,8,-1.0,3,True,0.7571460614587793,0.0828683535126669,True,3.357485139358343,3.494411021365898,True,0.0828153337119647,0.0822153337119647,0.0812153337119647,95.64444444444445,A7LS8S014_RANK_LABEL_DIAGNOSTIC_CLUE,2149,-0.0713509621184702,-13.370283339050518,-4.758283270478783,-5.24578359894282,0.3727315030246626,2152,-0.0516180577068704,-9.238741300167616,-3.357485139358343,-3.494411021365898,0.4047397769516728,2152,-0.0725330603314746,-15.777766694116846,-5.67700560901616,-5.946347751863621,0.3722118959107807,2152,-0.0832153337119647,-21.79866559126425,-7.659300533899296,-8.423450797078527,0.3313197026022305,G:\AlphaFactory_CryptoData\research_runtime\a7ls8_company_numeric\shard_014\a7ls8_s014_label_response_metrics.csv,s014,volatility_core_expansion,A7LS8_A,a7ls6_4ec71bffe30b07a9,0,skel_66dbf5d054b27e3e,prod_9ae7819105bccc3b,a7ls8_s014,rank_label_diagnostic_clue
a7ls8_75d85882da4036d6,"ZScore(Mean(realized_vol_72h,4))",volatility_like,zmean,L7_ranked_future_return,24,-1.0,3,True,0.8594062359065028,0.1174500840962685,True,2.575269424049038,2.9652153572121405,True,0.1176751978863226,0.1170751978863226,0.1160751978863226,94.93333333333334,A7LS8S014_RANK_LABEL_DIAGNOSTIC_CLUE,2133,-0.0866012050494,-15.964093845405,-3.334678794818842,-3.9138851514063058,0.326769807782466,2136,-0.0753928195224719,-12.357617928525936,-2.575269424049038,-2.9652153572121405,0.3867041198501872,2136,-0.1102846972967818,-23.16940568155402,-4.664447518050984,-5.517692342295902,0.3075842696629213,2136,-0.1180751978863226,-31.5594017871012,-6.370818820834041,-8.039884035261379,0.2331460674157303,G:\AlphaFactory_CryptoData\research_runtime\a7ls8_company_numeric\shard_014\a7ls8_s014_label_response_metrics.csv,s014,volatility_core_expansion,A7LS8_A,a7ls6_4ec71bffe30b07a9,0,skel_66dbf5d054b27e3e,prod_9ae7819105bccc3b,a7ls8_s014,rank_label_diagnostic_clue
a7ls8_7965ee1c646910f7,"Delta(volume_volatility_ratio_168h,168)",volatility_like,delta,L7_ranked_future_return,1,1.0,3,True,0.346681142911719,0.0193741905117252,True,3.0714684752982144,3.0714684752982144,True,0.0190955065359477,0.0184955065359477,0.0174955065359477,95.95555555555556,A7LS8S014_RANK_LABEL_DIAGNOSTIC_CLUE,1991,0.0118397662164927,2.875187134115182,2.875187134115182,2.875187134115182,0.527373179306881,2159,0.0110677418386427,3.0714684752982144,3.0714684752982144,3.0714684752982144,0.5312644742936544,2159,0.0145832261163432,4.063345355641333,4.063345355641333,4.063345355641333,0.5321908290875406,2159,0.0194955065359477,5.8431272139829415,5.8431272139829415,5.8431272139829415,0.5581287633163502,G:\AlphaFactory_CryptoData\research_runtime\a7ls8_company_numeric\shard_014\a7ls8_s014_label_response_metrics.csv,s014,volatility_core_expansion,A7LS8_A,a7ls6_4ec71bffe30b07a9,0,skel_40d78dfd93f7c286,prod_82c8428cb5c07391,a7ls8_s014,rank_label_diagnostic_clue
a7ls8_7965ee1c646910f7,"Delta(volume_volatility_ratio_168h,168)",volatility_like,delta,L7_ranked_future_return,4,1.0,3,True,0.3690253368724436,0.0371138306964199,True,2.4476774781511463,1.7029651160520527,True,0.0365704700061843,0.0359704700061842,0.0349704700061842,95.82222222222222,A7LS8S014_RANK_LABEL_DIAGNOSTIC_CLUE,1988,0.0216929179242119,5.196734970660375,2.623693121007971,2.258439556459253,0.5427565392354124,2156,0.0172921820243248,4.714279100144568,2.4476774781511463,1.7029651160520527,0.5510204081632653,2156,0.0294137967687074,7.9915128066284895,4.079346656812332,3.5676994246999034,0.5616883116883117,2156,0.0369704700061842,10.838087299167729,5.475833240065274,4.892427852138575,0.6108534322820037,G:\AlphaFactory_CryptoData\research_runtime\a7ls8_company_numeric\shard_014\a7ls8_s014_label_response_metrics.csv,s014,volatility_core_expansion,A7LS8_A,a7ls6_4ec71bffe30b07a9,0,skel_40d78dfd93f7c286,prod_82c8428cb5c07391,a7ls8_s014,rank_label_diagnostic_clue
a7ls8_7965ee1c646910f7,"Delta(volume_volatility_ratio_168h,168)",volatility_like,delta,L7_ranked_future_return,8,1.0,3,True,0.3179221167809784,0.0512592721671485,True,1.9650026681279729,1.6926283011726353,True,0.0511537333918491,0.0505537333918491,0.0495537333918491,95.64444444444445,A7LS8S014_RANK_LABEL_DIAGNOSTIC_CLUE,1984,0.0302471274828255,7.118502193284387,2.5170765906943355,1.8176801331902983,0.5766129032258065,2152,0.0208507052010188,5.572441203090294,1.9650026681279729,1.6926283011726353,0.5455390334572491,2152,0.0358635216594382,9.7474134811795,3.4955048462371963,2.991936353303404,0.5813197026022305,2152,0.0515537333918491,15.075652818404196,5.57308357590879,4.621522340237067,0.6463754646840149,G:\AlphaFactory_CryptoData\research_runtime\a7ls8_company_numeric\shard_014\a7ls8_s014_label_response_metrics.csv,s014,volatility_core_expansion,A7LS8_A,a7ls6_4ec71bffe30b07a9,0,skel_40d78dfd93f7c286,prod_82c8428cb5c07391,a7ls8_s014,rank_label_diagnostic_clue
a7ls8_87d388623dda80f8,"ZScore(Mean(realized_vol_72h,8))",volatility_like,zmean,L7_ranked_future_return,1,-1.0,3,True,0.8075251965803178,0.0305608896008096,True,4.333070779797322,4.333070779797322,True,0.0304896168922512,0.0298896168922512,0.0288896168922512,95.95555555555556,A7LS8S014_RANK_LABEL_DIAGNOSTIC_CLUE,2152,-0.0311567136083574,-5.680707854971078,-5.680707854971078,-5.680707854971078,0.4460966542750929,2159,-0.0237335797179764,-4.333070779797322,-4.333070779797322,-4.333070779797322,0.4631773969430292,2159,-0.0333689025697768,-7.103831527111111,-7.103831527111111,-7.103831527111111,0.4418712366836498,2159,-0.0308896168922512,-8.232262898708036,-8.232262898708036,-8.232262898708036,0.4353867531264474,G:\AlphaFactory_CryptoData\research_runtime\a7ls8_company_numeric\shard_014\a7ls8_s014_label_response_metrics.csv,s014,volatility_core_expansion,A7LS8_A,a7ls6_4ec71bffe30b07a9,0,skel_66dbf5d054b27e3e,prod_66272d272a8e7a25,a7ls8_s014,rank_label_diagnostic_clue
a7ls8_87d388623dda80f8,"ZScore(Mean(realized_vol_72h,8))",volatility_like,zmean,L7_ranked_future_return,4,-1.0,3,True,0.7684872162723031,0.0610543144025286,True,3.648964358781408,3.8687500256355234,True,0.0612289918745275,0.0606289918745275,0.0596289918745275,95.82222222222222,A7LS8S014_RANK_LABEL_DIAGNOSTIC_CLUE,2149,-0.053069176231839,-9.839461910180958,-4.877084283380361,-5.1690177637321,0.4234527687296417,2156,-0.0398894343090771,-7.233094760277197,-3.648964358781408,-3.8687500256355234,0.4322820037105751,2156,-0.0559326255754827,-12.188456915136015,-6.021067709598578,-6.7461652512996375,0.3956400742115027,2156,-0.0616289918745275,-16.423766993136066,-8.245339348666642,-8.300363815624024,0.3673469387755102,G:\AlphaFactory_CryptoData\research_runtime\a7ls8_company_numeric\shard_014\a7ls8_s014_label_response_metrics.csv,s014,volatility_core_expansion,A7LS8_A,a7ls6_4ec71bffe30b07a9,0,skel_66dbf5d054b27e3e,prod_66272d272a8e7a25,a7ls8_s014,rank_label_diagnostic_clue
a7ls8_87d388623dda80f8,"ZScore(Mean(realized_vol_72h,8))",volatility_like,zmean,L7_ranked_future_return,8,-1.0,3,True,0.8099601180229822,0.082587203548809,True,3.216974699696713,3.4039488223863463,True,0.0828969761117995,0.0822969761117995,0.0812969761117995,95.64444444444445,A7LS8S014_RANK_LABEL_DIAGNOSTIC_CLUE,2145,-0.0682620003453336,-12.833664158972072,-4.506229765893925,-5.131462165034571,0.372960372960373,2152,-0.0505369413035247,-9.070166142198332,-3.216974699696713,-3.4039488223863463,0.4070631970260223,2152,-0.0722838305022029,-15.664250565611784,-5.5826425517116895,-5.792876516764673,0.3652416356877323,2152,-0.0832969761117995,-21.909421252271688,-7.654611579637699,-8.572601887641275,0.3276022304832713,G:\AlphaFactory_CryptoData\research_runtime\a7ls8_company_numeric\shard_014\a7ls8_s014_label_response_metrics.csv,s014,volatility_core_expansion,A7LS8_A,a7ls6_4ec71bffe30b07a9,0,skel_66dbf5d054b27e3e,prod_66272d272a8e7a25,a7ls8_s014,rank_label_diagnostic_clue
a7ls8_87d388623dda80f8,"ZScore(Mean(realized_vol_72h,8))",volatility_like,zmean,L7_ranked_future_return,24,-1.0,3,True,0.8578532398778179,0.1168963058329865,True,2.5212080930390592,3.279094438430993,True,0.1175269457015536,0.1169269457015536,0.1159269457015536,94.93333333333334,A7LS8S014_RANK_LABEL_DIAGNOSTIC_CLUE,2129,-0.0846677495955326,-15.741197647353257,-3.2220919549257485,-4.043966470493685,0.3236261155472053,2136,-0.0764566210639478,-12.58186466093388,-2.5212080930390592,-3.279094438430993,0.3843632958801498,2136,-0.1086457412175752,-22.88553423140427,-4.671768923740162,-5.314368285141423,0.3094569288389513,2136,-0.1179269457015536,-31.59381295470961,-6.241745384511813,-8.492276876767148,0.2289325842696629,G:\AlphaFactory_CryptoData\research_runtime\a7ls8_company_numeric\shard_014\a7ls8_s014_label_response_metrics.csv,s014,volatility_core_expansion,A7LS8_A,a7ls6_4ec71bffe30b07a9,0,skel_66dbf5d054b27e3e,prod_66272d272a8e7a25,a7ls8_s014,rank_label_diagnostic_clue
a7ls8_88781e2be5f16b71,"ZScore(Mean(volume_volatility_ratio_168h,24))",volatility_like,zmean,L7_ranked_future_return,1,1.0,3,True,0.8616619765785817,0.027888800970957,True,4.175251946367113,4.175251946367113,True,0.0278194581682191,0.0272194581682191,0.0262194581682191,95.95555555555556,A7LS8S014_RANK_LABEL_DIAGNOSTIC_CLUE,2136,0.0218996816045914,3.9771889386432586,3.9771889386432586,3.9771889386432586,0.5294943820224719,2159,0.0219101671727308,4.175251946367113,4.175251946367113,4.175251946367113,0.5335803612783696,2159,0.03096665229959,6.550882381791346,6.550882381791346,6.550882381791346,0.557202408522464,2159,0.0282194581682191,6.922552456880056,6.922552456880056,6.922552456880056,0.5525706345530338,G:\AlphaFactory_CryptoData\research_runtime\a7ls8_company_numeric\shard_014\a7ls8_s014_label_response_metrics.csv,s014,volatility_core_expansion,A7LS8_A,a7ls6_4ec71bffe30b07a9,0,skel_ea729d0f96c7cddd,prod_142b4f8e32465516,a7ls8_s014,rank_label_diagnostic_clue
a7ls8_88781e2be5f16b71,"ZScore(Mean(volume_volatility_ratio_168h,24))",volatility_like,zmean,L7_ranked_future_return,4,1.0,3,True,0.8341859851622707,0.0532108661014911,True,3.491107641523998,3.2323106771648824,True,0.0532840825345289,0.0526840825345289,0.0516840825345289,95.82222222222222,A7LS8S014_RANK_LABEL_DIAGNOSTIC_CLUE,2133,0.0424460581948568,7.730851117023576,3.887102744633108,3.550046520535592,0.5654008438818565,2156,0.0372380802068302,7.019619263996668,3.491107641523998,3.2323106771648824,0.5644712430426716,2156,0.0530395902047687,11.441523973498905,5.738445273377245,5.14179834721281,0.5941558441558441,2156,0.0536840825345289,12.976838511723937,6.524571571390239,6.322750402486988,0.6113172541743971,G:\AlphaFactory_CryptoData\research_runtime\a7ls8_company_numeric\shard_014\a7ls8_s014_label_response_metrics.csv,s014,volatility_core_expansion,A7LS8_A,a7ls6_4ec71bffe30b07a9,0,skel_ea729d0f96c7cddd,prod_142b4f8e32465516,a7ls8_s014,rank_label_diagnostic_clue
a7ls8_88781e2be5f16b71,"ZScore(Mean(volume_volatility_ratio_168h,24))",volatility_like,zmean,L7_ranked_future_return,8,1.0,3,True,0.8561051282942563,0.0716295349717747,True,3.0922445524478634,2.888314359603737,True,0.0717303072938179,0.0711303072938179,0.0701303072938179,95.64444444444445,A7LS8S014_RANK_LABEL_DIAGNOSTIC_CLUE,2129,0.0552374452011899,10.188460206031968,3.500530485179943,3.0675002189780765,0.593236261155472,2152,0.0479016881367892,9.044387232923413,3.0922445524478634,2.888314359603737,0.5841078066914498,2152,0.0690879715682224,14.79037622940684,5.2825825308369705,4.571698676338334,0.6119888475836431,2152,0.0721303072938179,17.16053687489537,6.05124074336922,5.784754531513854,0.6421933085501859,G:\AlphaFactory_CryptoData\research_runtime\a7ls8_company_numeric\shard_014\a7ls8_s014_label_response_metrics.csv,s014,volatility_core_expansion,A7LS8_A,a7ls6_4ec71bffe30b07a9,0,skel_ea729d0f96c7cddd,prod_142b4f8e32465516,a7ls8_s014,rank_label_diagnostic_clue
a7ls8_88781e2be5f16b71,"ZScore(Mean(volume_volatility_ratio_168h,24))",volatility_like,zmean,L7_ranked_future_return,24,1.0,3,True,0.9248349420092992,0.0987299133461645,True,2.434872822563201,2.1056940695163786,True,0.0991682480233042,0.0985682480233042,0.0975682480233042,94.93333333333334,A7LS8S014_RANK_LABEL_DIAGNOSTIC_CLUE,2113,0.074992523137193,13.106956463511324,2.72073834203903,1.894308621459148,0.6360624704212021,2136,0.07181756311555,12.327059755825497,2.434872822563201,2.1056940695163786,0.5870786516853933,2136,0.1061421161915661,22.753154387710847,4.524165518979741,3.717134759182384,0.7045880149812734,2136,0.0995682480233042,23.60346600705055,4.827591349754578,4.155008410647589,0.6821161048689138,G:\AlphaFactory_CryptoData\research_runtime\a7ls8_company_numeric\shard_014\a7ls8_s014_label_response_metrics.csv,s014,volatility_core_expansion,A7LS8_A,a7ls6_4ec71bffe30b07a9,0,skel_ea729d0f96c7cddd,prod_142b4f8e32465516,a7ls8_s014,rank_label_diagnostic_clue
a7ls8_8a4f800dc42edd13,"Delta(volume_volatility_ratio_168h,72)",volatility_like,delta,L7_ranked_future_return,1,1.0,3,True,0.4996702025684962,0.0166180437616866,True,3.83614884197064,3.83614884197064,True,0.0185358874564699,0.0179358874564699,0.0169358874564699,95.95555555555556,A7LS8S014_RANK_LABEL_DIAGNOSTIC_CLUE,2087,0.0145984733535643,3.563120691323552,3.563120691323552,3.563120691323552,0.5333013895543843,2159,0.0141862284064982,3.83614884197064,3.83614884197064,3.83614884197064,0.5358962482630848,2159,0.0143450167687372,4.049809079011657,4.049809079011657,4.049809079011657,0.5308012968967114,2159,0.0189358874564699,5.527074480781039,5.527074480781039,5.527074480781039,0.5419175544233441,G:\AlphaFactory_CryptoData\research_runtime\a7ls8_company_numeric\shard_014\a7ls8_s014_label_response_metrics.csv,s014,volatility_core_expansion,A7LS8_A,a7ls6_4ec71bffe30b07a9,0,skel_42174ae077d5aa3d,prod_763ec2c672e1b6cd,a7ls8_s014,rank_label_diagnostic_clue
a7ls8_8a4f800dc42edd13,"Delta(volume_volatility_ratio_168h,72)",volatility_like,delta,L7_ranked_future_return,4,1.0,3,True,0.8003897509924217,0.0375048314780457,True,3.357730743649258,2.4849223871429533,True,0.0385640183725005,0.0379640183725005,0.0369640183725005,95.82222222222222,A7LS8S014_RANK_LABEL_DIAGNOSTIC_CLUE,2084,0.0249113061598066,5.929926918360744,2.879766138668444,2.6871681217646715,0.5383877159309021,2156,0.0251040915103415,6.687679419509808,3.357730743649258,2.4849223871429533,0.5602968460111317,2156,0.0241728241170205,6.668788283323031,3.4417015620468363,2.631478008196555,0.5542671614100185,2156,0.0389640183725005,11.220184805713036,5.591108164368422,5.17400885636148,0.6052875695732839,G:\AlphaFactory_CryptoData\research_runtime\a7ls8_company_numeric\shard_014\a7ls8_s014_label_response_metrics.csv,s014,volatility_core_expansion,A7LS8_A,a7ls6_4ec71bffe30b07a9,0,skel_42174ae077d5aa3d,prod_763ec2c672e1b6cd,a7ls8_s014,rank_label_diagnostic_clue
a7ls8_8a4f800dc42edd13,"Delta(volume_volatility_ratio_168h,72)",volatility_like,delta,L7_ranked_future_return,8,1.0,3,True,0.961768506502724,0.0504500281822249,True,2.778303050884521,2.066408368905683,True,0.0522818022425306,0.0516818022425306,0.0506818022425306,95.64444444444445,A7LS8S014_RANK_LABEL_DIAGNOSTIC_CLUE,2080,0.0277458377849002,6.691909369881346,2.392140653919851,2.0489726111322573,0.5543269230769231,2152,0.032126553249346,8.586243263083789,3.122851750291696,2.066408368905683,0.5776022304832714,2152,0.0293634850870852,7.972251693339365,2.778303050884521,2.204602195499325,0.5757434944237918,2152,0.0526818022425306,15.137483207879956,5.572652108440495,4.1989339584252745,0.6310408921933085,G:\AlphaFactory_CryptoData\research_runtime\a7ls8_company_numeric\shard_014\a7ls8_s014_label_response_metrics.csv,s014,volatility_core_expansion,A7LS8_A,a7ls6_4ec71bffe30b07a9,0,skel_42174ae077d5aa3d,prod_763ec2c672e1b6cd,a7ls8_s014,rank_label_diagnostic_clue
a7ls8_8a4f800dc42edd13,"Delta(volume_volatility_ratio_168h,72)",volatility_like,delta,L7_ranked_future_return,24,1.0,3,True,0.7908257662727036,0.064376181249133,True,1.6070185321699002,1.025062356400298,True,0.065736323735955,0.065136323735955,0.064136323735955,94.93333333333334,A7LS8S014_RANK_LABEL_DIAGNOSTIC_CLUE,2064,0.0319113596396784,7.2334711999378465,1.4424917888535878,0.7813853923142756,0.5416666666666666,2136,0.0311329317086281,8.332310074112701,1.6070185321699002,1.025062356400298,0.577247191011236,2136,0.040049411976349,10.21470016726722,2.1170808784901,1.2451932460194586,0.5936329588014981,2136,0.066136323735955,19.091298373688453,3.86950441648911,2.7008492137593865,0.6821161048689138,G:\AlphaFactory_CryptoData\research_runtime\a7ls8_company_numeric\shard_014\a7ls8_s014_label_response_metrics.csv,s014,volatility_core_expansion,A7LS8_A,a7ls6_4ec71bffe30b07a9,0,skel_42174ae077d5aa3d,prod_763ec2c672e1b6cd,a7ls8_s014,rank_label_diagnostic_clue
a7ls8_8ab862dc4b376a93,"ZScore(Mean(realized_vol_24h,168))",volatility_like,zmean,L7_ranked_future_return,1,-1.0,3,True,0.9004421576896015,0.0268288001989947,True,4.676870433464387,4.676870433464387,True,0.026578903985041,0.025978903985041,0.024978903985041,95.95555555555556,A7LS8S014_RANK_LABEL_DIAGNOSTIC_CLUE,2136,-0.0274993985382854,-4.997444997226087,-4.997444997226087,-4.997444997226087,0.4559925093632959,2159,-0.0259390600072049,-4.676870433464387,-4.676870433464387,-4.676870433464387,0.4534506716072256,2159,-0.0322263715197365,-6.913258620572344,-6.913258620572344,-6.913258620572344,0.4414080592867068,2159,-0.026978903985041,-7.286618062320378,-7.286618062320378,-7.286618062320378,0.4414080592867068,G:\AlphaFactory_CryptoData\research_runtime\a7ls8_company_numeric\shard_014\a7ls8_s014_label_response_metrics.csv,s014,volatility_core_expansion,A7LS8_A,a7ls6_4ec71bffe30b07a9,0,skel_ac5eed543e3f1c3e,prod_a71a89ee6d7c5fb1,a7ls8_s014,rank_label_diagnostic_clue
a7ls8_8ab862dc4b376a93,"ZScore(Mean(realized_vol_24h,168))",volatility_like,zmean,L7_ranked_future_return,4,-1.0,3,True,0.8462077174853284,0.0525981273191094,True,3.877537695509973,3.9669442805857935,True,0.0520059955421562,0.0514059955421562,0.0504059955421562,95.82222222222222,A7LS8S014_RANK_LABEL_DIAGNOSTIC_CLUE,2133,-0.0462816727005955,-8.605542330475592,-4.279739235637241,-4.515537272131976,0.416783872480075,2156,-0.0431539566584209,-7.759260420220911,-3.877537695509973,-3.9669442805857935,0.4313543599257885,2156,-0.0529681111712361,-11.5462327797053,-5.671142989121684,-6.361231828295692,0.4016697588126159,2156,-0.0524059955421562,-14.186693995825877,-7.122203519764897,-7.298094705383316,0.3747680890538033,G:\AlphaFactory_CryptoData\research_runtime\a7ls8_company_numeric\shard_014\a7ls8_s014_label_response_metrics.csv,s014,volatility_core_expansion,A7LS8_A,a7ls6_4ec71bffe30b07a9,0,skel_ac5eed543e3f1c3e,prod_a71a89ee6d7c5fb1,a7ls8_s014,rank_label_diagnostic_clue
a7ls8_8ab862dc4b376a93,"ZScore(Mean(realized_vol_24h,168))",volatility_like,zmean,L7_ranked_future_return,8,-1.0,3,True,0.8702639799349036,0.0691440671038138,True,3.532104626286685,3.766698615590619,True,0.0689942381333471,0.0683942381333471,0.067394238133347,95.64444444444445,A7LS8S014_RANK_LABEL_DIAGNOSTIC_CLUE,2129,-0.0585065638971522,-10.958866457651505,-3.836015719976547,-4.453231227217403,0.3917332080789102,2152,-0.0551959094898802,-9.923289923551922,-3.532104626286685,-3.766698615590619,0.4112453531598513,2152,-0.0677073921330717,-14.827934691652642,-5.247165843348505,-5.788316999177567,0.3819702602230483,2152,-0.0693942381333471,-18.507683959924133,-6.5967155119095295,-6.985553135604068,0.3420074349442379,G:\AlphaFactory_CryptoData\research_runtime\a7ls8_company_numeric\shard_014\a7ls8_s014_label_response_metrics.csv,s014,volatility_core_expansion,A7LS8_A,a7ls6_4ec71bffe30b07a9,0,skel_ac5eed543e3f1c3e,prod_a71a89ee6d7c5fb1,a7ls8_s014,rank_label_diagnostic_clue
a7ls8_8ab862dc4b376a93,"ZScore(Mean(realized_vol_24h,168))",volatility_like,zmean,L7_ranked_future_return,24,-1.0,3,True,0.913949971795268,0.0932874434300874,True,2.8521515073220187,3.4277142519117545,True,0.093595894888334,0.092995894888334,0.091995894888334,94.93333333333334,A7LS8S014_RANK_LABEL_DIAGNOSTIC_CLUE,2113,-0.0718260580445566,-12.620569331975211,-2.544717361545308,-3.133896520278204,0.3364884051112163,2136,-0.0802911562369954,-13.54030622951269,-2.8521515073220187,-3.4277142519117545,0.3899812734082397,2136,-0.1100823406505756,-23.639806874521025,-4.897113013209441,-5.371636199638371,0.300561797752809,2136,-0.093995894888334,-24.695604843798723,-4.937407031886652,-6.232321476173127,0.2940074906367041,G:\AlphaFactory_CryptoData\research_runtime\a7ls8_company_numeric\shard_014\a7ls8_s014_label_response_metrics.csv,s014,volatility_core_expansion,A7LS8_A,a7ls6_4ec71bffe30b07a9,0,skel_ac5eed543e3f1c3e,prod_a71a89ee6d7c5fb1,a7ls8_s014,rank_label_diagnostic_clue
a7ls8_8c56b1dc2adbb9fe,"Sub(Mean(realized_vol_72h,72),Mean(realized_vol_72h,720))",volatility_like,spread_short_long,L7_ranked_future_return,4,-1.0,3,True,0.8446271541283429,0.0278758030990173,True,1.2309231554349562,1.4230564670292205,True,0.0282566773173916,0.0276566773173916,0.0266566773173916,95.82222222222222,A7LS8S014_RANK_LABEL_DIAGNOSTIC_CLUE,2084,-0.0016261185309589,-0.4019517290373026,-0.1392070154998692,-0.6564757050472055,0.4961612284069098,2156,-0.0095193538273895,-2.468549533362282,-1.2309231554349562,-1.4230564670292205,0.487012987012987,2156,-0.0156799983250876,-4.18777153220726,-2.082933666385717,-2.475591912747728,0.4693877551020408,2156,-0.0286566773173916,-8.259687681842868,-4.068618705152799,-4.600568290869574,0.422077922077922,G:\AlphaFactory_CryptoData\research_runtime\a7ls8_company_numeric\shard_014\a7ls8_s014_label_response_metrics.csv,s014,volatility_core_expansion,A7LS8_A,a7ls6_4ec71bffe30b07a9,0,skel_e0c1582fe879354a,prod_25b1ace3f0f52ad2,a7ls8_s014,rank_label_diagnostic_clue
a7ls8_8c56b1dc2adbb9fe,"Sub(Mean(realized_vol_72h,72),Mean(realized_vol_72h,720))",volatility_like,spread_short_long,L7_ranked_future_return,8,-1.0,3,True,0.9574239607987024,0.0407886881712102,True,0.925481653674181,1.7567281963242074,True,0.0405793753442103,0.0399793753442103,0.0389793753442103,95.64444444444445,A7LS8S014_RANK_LABEL_DIAGNOSTIC_CLUE,2080,-0.0005891370637464,-0.1422757562680183,-0.096015127462242,-0.5932329474569776,0.4889423076923077,2152,-0.0101084908095828,-2.6329927129331385,-0.925481653674181,-1.7567281963242074,0.4828066914498141,2152,-0.0200087612298636,-5.308486086562672,-1.8250720159294973,-2.3578877713863684,0.462360594795539,2152,-0.0409793753442103,-11.83998627206944,-4.085094077474487,-4.92314414050576,0.3907992565055762,G:\AlphaFactory_CryptoData\research_runtime\a7ls8_company_numeric\shard_014\a7ls8_s014_label_response_metrics.csv,s014,volatility_core_expansion,A7LS8_A,a7ls6_4ec71bffe30b07a9,0,skel_e0c1582fe879354a,prod_25b1ace3f0f52ad2,a7ls8_s014,rank_label_diagnostic_clue
a7ls8_8ca4ee0106e88b44,"ZScore(Mean(volume_volatility_ratio_168h,12))",volatility_like,zmean,L7_ranked_future_return,1,1.0,3,True,0.8092138704174355,0.0294959300430583,True,4.253345658336869,4.253345658336869,True,0.0297659826222702,0.0291659826222702,0.0281659826222702,95.95555555555556,A7LS8S014_RANK_LABEL_DIAGNOSTIC_CLUE,2148,0.0248775508224705,4.485890624645511,4.485890624645511,4.485890624645511,0.5293296089385475,2159,0.0222398594170826,4.253345658336869,4.253345658336869,4.253345658336869,0.5377489578508569,2159,0.0307959360472097,6.464486482157744,6.464486482157744,6.464486482157744,0.555812876331635,2159,0.0301659826222702,7.369337457094592,7.369337457094592,7.369337457094592,0.5664659564613247,G:\AlphaFactory_CryptoData\research_runtime\a7ls8_company_numeric\shard_014\a7ls8_s014_label_response_metrics.csv,s014,volatility_core_expansion,A7LS8_A,a7ls6_4ec71bffe30b07a9,0,skel_ea729d0f96c7cddd,prod_6e3c34d087387940,a7ls8_s014,rank_label_diagnostic_clue
a7ls8_8ca4ee0106e88b44,"ZScore(Mean(volume_volatility_ratio_168h,12))",volatility_like,zmean,L7_ranked_future_return,4,1.0,3,True,0.7435496060140954,0.056125455232598,True,3.637025524111901,3.346185797023838,True,0.0564528610939325,0.0558528610939325,0.0548528610939325,95.82222222222222,A7LS8S014_RANK_LABEL_DIAGNOSTIC_CLUE,2145,0.0471081272122938,8.56009323406293,4.307064838666653,3.9684222881742,0.565967365967366,2156,0.0384658393028928,7.282452287114578,3.637025524111901,3.346185797023838,0.5644712430426716,2156,0.0527789051226551,11.279294029212627,5.639149712768904,5.068244468629767,0.5960111317254174,2156,0.0568528610939325,13.68202303125634,6.829582137227283,6.794457966545797,0.6164192949907236,G:\AlphaFactory_CryptoData\research_runtime\a7ls8_company_numeric\shard_014\a7ls8_s014_label_response_metrics.csv,s014,volatility_core_expansion,A7LS8_A,a7ls6_4ec71bffe30b07a9,0,skel_ea729d0f96c7cddd,prod_6e3c34d087387940,a7ls8_s014,rank_label_diagnostic_clue
a7ls8_8ca4ee0106e88b44,"ZScore(Mean(volume_volatility_ratio_168h,12))",volatility_like,zmean,L7_ranked_future_return,8,1.0,3,True,0.7254486968614454,0.074671198411469,True,3.3102810120291704,2.984506206189047,True,0.0749919157889301,0.0743919157889301,0.0733919157889301,95.64444444444445,A7LS8S014_RANK_LABEL_DIAGNOSTIC_CLUE,2141,0.0590498069005483,10.895186461310384,3.778234496559947,3.327375054727429,0.5955161139654367,2152,0.0502219081302492,9.480306315706308,3.3102810120291704,2.984506206189047,0.5822490706319703,2152,0.0697297356894534,14.799291598913836,5.317852338175872,4.4848883218540525,0.6087360594795539,2152,0.0753919157889301,18.07987406019882,6.313044012057029,5.900380070478818,0.6514869888475836,G:\AlphaFactory_CryptoData\research_runtime\a7ls8_company_numeric\shard_014\a7ls8_s014_label_response_metrics.csv,s014,volatility_core_expansion,A7LS8_A,a7ls6_4ec71bffe30b07a9,0,skel_ea729d0f96c7cddd,prod_6e3c34d087387940,a7ls8_s014,rank_label_diagnostic_clue
a7ls8_8ca4ee0106e88b44,"ZScore(Mean(volume_volatility_ratio_168h,12))",volatility_like,zmean,L7_ranked_future_return,24,1.0,3,True,0.73662059687232,0.1050328799070606,True,2.461358906345429,2.016417153304761,True,0.1057078437109862,0.1051078437109862,0.1041078437109862,94.93333333333334,A7LS8S014_RANK_LABEL_DIAGNOSTIC_CLUE,2125,0.0764171296296296,13.289569007713435,2.589575292567128,2.1518656159536342,0.636235294117647,2136,0.0724512653454016,12.426923952638896,2.461358906345429,2.016417153304761,0.5833333333333334,2136,0.1076830502670273,22.86265451368845,4.575233413466814,3.752531609174181,0.7097378277153558,2136,0.1061078437109862,25.2916464744077,5.191918661639255,4.356488382337116,0.7031835205992509,G:\AlphaFactory_CryptoData\research_runtime\a7ls8_company_numeric\shard_014\a7ls8_s014_label_response_metrics.csv,s014,volatility_core_expansion,A7LS8_A,a7ls6_4ec71bffe30b07a9,0,skel_ea729d0f96c7cddd,prod_6e3c34d087387940,a7ls8_s014,rank_label_diagnostic_clue
a7ls8_91d5bf983d5c6603,"ZScore(Mean(realized_vol_168h,720))",volatility_like,zmean,L7_ranked_future_return,24,-1.0,3,True,0.9776062873062004,0.0561400300405742,True,2.172982094637307,2.7988529094847867,True,0.0558601056405187,0.0552601056405187,0.0542601056405187,94.93333333333334,A7LS8S014_RANK_LABEL_DIAGNOSTIC_CLUE,2113,-0.0751076887346409,-12.751483312472592,-2.588499213980258,-2.965802278109344,0.3639375295787979,2136,-0.0647946035337772,-11.026600227225932,-2.172982094637307,-2.7988529094847867,0.4311797752808989,2136,-0.0903085281852545,-18.81450793019473,-3.840384729821304,-4.604007193294541,0.3384831460674157,2136,-0.0562601056405187,-14.535501656570393,-2.9730401725966957,-3.492666250048864,0.3394194756554307,G:\AlphaFactory_CryptoData\research_runtime\a7ls8_company_numeric\shard_014\a7ls8_s014_label_response_metrics.csv,s014,volatility_core_expansion,A7LS8_A,a7ls6_4ec71bffe30b07a9,0,skel_cf831b344ca58b9c,prod_677654292e5185dc,a7ls8_s014,rank_label_diagnostic_clue
a7ls8_abdac877e2d7b1f8,"Delta(realized_vol_72h,720)",volatility_like,delta,L7_ranked_future_return,1,-1.0,3,True,0.518282716701236,0.0191721400940078,True,4.106168823030062,4.106168823030062,True,0.0194052028116583,0.0188052028116583,0.0178052028116583,95.95555555555556,A7LS8S014_RANK_LABEL_DIAGNOSTIC_CLUE,1439,-0.0102152263017012,-2.127145049056481,-2.127145049056481,-2.127145049056481,0.4913134120917303,2159,-0.0148742934400356,-4.106168823030062,-4.106168823030062,-4.106168823030062,0.4719777674849467,2159,-0.0183439424544971,-4.910866745198332,-4.910866745198332,-4.910866745198332,0.4636405743399722,2159,-0.0198052028116583,-5.785529768671053,-5.785529768671053,-5.785529768671053,0.4566929133858268,G:\AlphaFactory_CryptoData\research_runtime\a7ls8_company_numeric\shard_014\a7ls8_s014_label_response_metrics.csv,s014,volatility_core_expansion,A7LS8_A,a7ls6_4ec71bffe30b07a9,0,skel_df0324fad3db1743,prod_b605f3a998124960,a7ls8_s014,rank_label_diagnostic_clue
a7ls8_abdac877e2d7b1f8,"Delta(realized_vol_72h,720)",volatility_like,delta,L7_ranked_future_return,4,-1.0,3,True,0.5749696701726568,0.0395792802600838,True,3.380535155954214,3.8177519750145534,True,0.0404853093004878,0.0398853093004878,0.0388853093004878,95.82222222222222,A7LS8S014_RANK_LABEL_DIAGNOSTIC_CLUE,1436,-0.0211983277236149,-4.413574272922789,-2.2840745567685823,-2.428301950509004,0.4707520891364902,2156,-0.0246469263210334,-6.643764094292285,-3.380535155954214,-3.8177519750145534,0.4410946196660482,2156,-0.0344841377207448,-9.152509208011312,-4.431248276406116,-5.427694103979286,0.4151205936920222,2156,-0.0408853093004878,-11.6226040234786,-5.797589114388924,-5.9840217458979215,0.3956400742115027,G:\AlphaFactory_CryptoData\research_runtime\a7ls8_company_numeric\shard_014\a7ls8_s014_label_response_metrics.csv,s014,volatility_core_expansion,A7LS8_A,a7ls6_4ec71bffe30b07a9,0,skel_df0324fad3db1743,prod_b605f3a998124960,a7ls8_s014,rank_label_diagnostic_clue
a7ls8_abdac877e2d7b1f8,"Delta(realized_vol_72h,720)",volatility_like,delta,L7_ranked_future_return,8,-1.0,3,True,0.6337078197036535,0.0547099812405342,True,3.090767820625379,3.406713880060452,True,0.0550459729536692,0.0544459729536692,0.0534459729536692,95.64444444444445,A7LS8S014_RANK_LABEL_DIAGNOSTIC_CLUE,1432,-0.030730379034761,-6.404598552020518,-2.278371689010325,-2.9777536015527337,0.422486033519553,2152,-0.0318998853349167,-8.352902261676643,-3.090767820625379,-3.406713880060452,0.4307620817843866,2152,-0.0419011062061131,-10.863151752156028,-3.686649746581417,-4.440830131818078,0.4075278810408922,2152,-0.0554459729536692,-15.45513052532354,-5.363422492525945,-6.545594677771239,0.366635687732342,G:\AlphaFactory_CryptoData\research_runtime\a7ls8_company_numeric\shard_014\a7ls8_s014_label_response_metrics.csv,s014,volatility_core_expansion,A7LS8_A,a7ls6_4ec71bffe30b07a9,0,skel_df0324fad3db1743,prod_b605f3a998124960,a7ls8_s014,rank_label_diagnostic_clue
a7ls8_abdac877e2d7b1f8,"Delta(realized_vol_72h,720)",volatility_like,delta,L7_ranked_future_return,24,-1.0,3,True,0.7048537580647888,0.0756864520477874,True,2.146013318112037,3.0455312783923185,True,0.0771083662782632,0.0765083662782632,0.0755083662782632,94.93333333333334,A7LS8S014_RANK_LABEL_DIAGNOSTIC_CLUE,1416,-0.0397751719763548,-8.103294474299034,-1.6363172472328908,-2.275304562633848,0.4060734463276836,2136,-0.0416817844881398,-10.773185178623004,-2.146013318112037,-3.0455312783923185,0.4124531835205992,2136,-0.0502248708211957,-13.119129579213128,-2.5650007195123905,-3.757411937243851,0.3829588014981273,2136,-0.0775083662782632,-21.300177308453925,-4.377615799514532,-4.875549407334351,0.3239700374531835,G:\AlphaFactory_CryptoData\research_runtime\a7ls8_company_numeric\shard_014\a7ls8_s014_label_response_metrics.csv,s014,volatility_core_expansion,A7LS8_A,a7ls6_4ec71bffe30b07a9,0,skel_df0324fad3db1743,prod_b605f3a998124960,a7ls8_s014,rank_label_diagnostic_clue
a7ls8_af89c4776b63f16e,"Sub(Mean(volume_volatility_ratio_168h,8),Mean(volume_volatility_ratio_168h,168))",volatility_like,spread_short_long,L7_ranked_future_return,1,1.0,3,True,0.4669378182868732,0.0167960775736366,True,3.5570173488343686,3.5570173488343686,True,0.016229033503165,0.015629033503165,0.014629033503165,95.95555555555556,A7LS8S014_RANK_LABEL_DIAGNOSTIC_CLUE,2136,0.0148814632750728,3.5674992549955147,3.5674992549955147,3.5674992549955147,0.5234082397003745,2159,0.0131157203695126,3.5570173488343686,3.5570173488343686,3.5570173488343686,0.5312644742936544,2159,0.014195341850651,3.884765214937049,3.884765214937049,3.884765214937049,0.5247799907364521,2159,0.016629033503165,4.813294969395625,4.813294969395625,4.813294969395625,0.539601667438629,G:\AlphaFactory_CryptoData\research_runtime\a7ls8_company_numeric\shard_014\a7ls8_s014_label_response_metrics.csv,s014,volatility_core_expansion,A7LS8_A,a7ls6_4ec71bffe30b07a9,0,skel_962f4a49e6c8bf4a,prod_8dd1cc7f823af277,a7ls8_s014,rank_label_diagnostic_clue
a7ls8_af89c4776b63f16e,"Sub(Mean(volume_volatility_ratio_168h,8),Mean(volume_volatility_ratio_168h,168))",volatility_like,spread_short_long,L7_ranked_future_return,4,1.0,3,True,0.605673935897005,0.036327319753659,True,3.1400124166334527,2.6596166977785667,True,0.0355386273448773,0.0349386273448773,0.0339386273448773,95.82222222222222,A7LS8S014_RANK_LABEL_DIAGNOSTIC_CLUE,2133,0.0265877318070531,6.298357269648597,3.263930366329192,2.737266230551253,0.5396155649320207,2156,0.022920639215282,6.198918846502187,3.1400124166334527,2.6596166977785667,0.5565862708719852,2156,0.0279582871658764,7.432525307836491,3.667839407703099,3.469053603986308,0.5487012987012987,2156,0.0359386273448773,10.249579189451955,5.11198409351681,4.703269553844371,0.5964749536178108,G:\AlphaFactory_CryptoData\research_runtime\a7ls8_company_numeric\shard_014\a7ls8_s014_label_response_metrics.csv,s014,volatility_core_expansion,A7LS8_A,a7ls6_4ec71bffe30b07a9,0,skel_962f4a49e6c8bf4a,prod_8dd1cc7f823af277,a7ls8_s014,rank_label_diagnostic_clue
a7ls8_af89c4776b63f16e,"Sub(Mean(volume_volatility_ratio_168h,8),Mean(volume_volatility_ratio_168h,168))",volatility_like,spread_short_long,L7_ranked_future_return,8,1.0,3,True,0.7361824955410383,0.0501379530669144,True,2.4016742146349106,2.24229334507947,True,0.049830029343935,0.049230029343935,0.048230029343935,95.64444444444445,A7LS8S014_RANK_LABEL_DIAGNOSTIC_CLUE,2129,0.0344320277299375,8.163261725748585,2.969513748342398,2.4809250996172527,0.5688116486613434,2152,0.0263410490241635,7.039033281582443,2.4016742146349106,2.24229334507947,0.5669144981412639,2152,0.0356726193549497,9.727198682308115,3.343361610250001,2.9381041712911298,0.5817843866171004,2152,0.050230029343935,14.526742652908233,5.139671058778309,4.330073113834273,0.637546468401487,G:\AlphaFactory_CryptoData\research_runtime\a7ls8_company_numeric\shard_014\a7ls8_s014_label_response_metrics.csv,s014,volatility_core_expansion,A7LS8_A,a7ls6_4ec71bffe30b07a9,0,skel_962f4a49e6c8bf4a,prod_8dd1cc7f823af277,a7ls8_s014,rank_label_diagnostic_clue
a7ls8_af89c4776b63f16e,"Sub(Mean(volume_volatility_ratio_168h,8),Mean(volume_volatility_ratio_168h,168))",volatility_like,spread_short_long,L7_ranked_future_return,24,1.0,3,True,0.6643497383814269,0.0725731019818976,True,1.5385489879673062,0.4901644421789116,True,0.0724421612741018,0.0718421612741018,0.0708421612741018,94.93333333333334,A7LS8S014_RANK_LABEL_DIAGNOSTIC_CLUE,2113,0.0408757898634555,8.959737755504209,1.822044205704224,1.3873051767842608,0.5669663984855655,2136,0.0302080624046331,8.12304313154968,1.5385489879673062,0.4901644421789116,0.5561797752808989,2136,0.0561008266576501,14.78338472084284,3.2611992029615418,1.9848675966091989,0.6296816479400749,2136,0.0728421612741018,20.778474619083926,4.294154271101377,3.2671942402463747,0.6924157303370787,G:\AlphaFactory_CryptoData\research_runtime\a7ls8_company_numeric\shard_014\a7ls8_s014_label_response_metrics.csv,s014,volatility_core_expansion,A7LS8_A,a7ls6_4ec71bffe30b07a9,0,skel_962f4a49e6c8bf4a,prod_8dd1cc7f823af277,a7ls8_s014,rank_label_diagnostic_clue
a7ls8_b28ff4858eaed98a,"ZScore(Mean(realized_vol_72h,168))",volatility_like,zmean,L7_ranked_future_return,4,-1.0,3,True,0.9964763069770728,0.0466982484281591,True,3.779365191945848,3.903606345107844,True,0.0464168880557273,0.0458168880557273,0.0448168880557273,95.82222222222222,A7LS8S014_RANK_LABEL_DIAGNOSTIC_CLUE,2133,-0.0452376999010262,-8.502372298153231,-4.310351558275976,-4.462474169057708,0.4195968120018753,2156,-0.0411930207689136,-7.559240250241593,-3.779365191945848,-3.903606345107844,0.4322820037105751,2156,-0.0501608882189239,-11.209120135414658,-5.560063087028526,-6.055703285989192,0.3961038961038961,2156,-0.0468168880557273,-12.766380557105562,-6.382997052457416,-6.612985094205466,0.3877551020408163,G:\AlphaFactory_CryptoData\research_runtime\a7ls8_company_numeric\shard_014\a7ls8_s014_label_response_metrics.csv,s014,volatility_core_expansion,A7LS8_A,a7ls6_4ec71bffe30b07a9,0,skel_ac5eed543e3f1c3e,prod_25d6f77a97304ff2,a7ls8_s014,rank_label_diagnostic_clue
a7ls8_b28ff4858eaed98a,"ZScore(Mean(realized_vol_72h,168))",volatility_like,zmean,L7_ranked_future_return,8,-1.0,3,True,0.9867846948042014,0.0601261315916288,True,3.304902582105661,3.426743442989279,True,0.0602472069478865,0.0596472069478865,0.0586472069478865,95.64444444444445,A7LS8S014_RANK_LABEL_DIAGNOSTIC_CLUE,2129,-0.0575937396708592,-10.8249778978602,-3.873105198342256,-4.414363492417295,0.3781117895725693,2152,-0.0514927167234613,-9.425876613975882,-3.304902582105661,-3.426743442989279,0.4121747211895911,2152,-0.0660946320391023,-14.855853916053396,-5.3846230290865,-5.662062693015585,0.391728624535316,2152,-0.0606472069478865,-16.310672972375063,-5.681817897399938,-6.500297353149034,0.3647769516728624,G:\AlphaFactory_CryptoData\research_runtime\a7ls8_company_numeric\shard_014\a7ls8_s014_label_response_metrics.csv,s014,volatility_core_expansion,A7LS8_A,a7ls6_4ec71bffe30b07a9,0,skel_ac5eed543e3f1c3e,prod_25d6f77a97304ff2,a7ls8_s014,rank_label_diagnostic_clue
a7ls8_b3099344d6f3ea23,CSRank(realized_vol_168h),volatility_like,rank,L7_ranked_future_return,1,-1.0,3,True,0.7108490065622963,0.0303565340178065,True,5.159894276900435,5.159894276900435,True,0.0311277188084332,0.0305277188084332,0.0295277188084332,95.95555555555556,A7LS8S014_RANK_LABEL_DIAGNOSTIC_CLUE,2159,-0.0317571899713516,-5.753034025279394,-5.753034025279394,-5.753034025279394,0.4483557202408522,2159,-0.0282565284425231,-5.159894276900435,-5.159894276900435,-5.159894276900435,0.4492820750347383,2159,-0.035372493266773,-7.627899091321666,-7.627899091321666,-7.627899091321666,0.4307549791570171,2159,-0.0315277188084332,-8.462310892335267,-8.462310892335267,-8.462310892335267,0.4251968503937008,G:\AlphaFactory_CryptoData\research_runtime\a7ls8_company_numeric\shard_014\a7ls8_s014_label_response_metrics.csv,s014,volatility_core_expansion,A7LS8_A,a7ls6_4ec71bffe30b07a9,0,skel_66e6afdc0007a65d,prod_094d9bfe93915212,a7ls8_s014,rank_label_diagnostic_clue
a7ls8_b3099344d6f3ea23,CSRank(realized_vol_168h),volatility_like,rank,L7_ranked_future_return,4,-1.0,3,True,0.7157774558049498,0.05773543792517,True,3.981891844075922,4.1985077707276,True,0.0584959857933072,0.0578959857933072,0.0568959857933072,95.82222222222222,A7LS8S014_RANK_LABEL_DIAGNOSTIC_CLUE,2156,-0.0522980656909228,-9.70963762324202,-4.893216441473969,-5.025388536243259,0.4114100185528757,2156,-0.0439763010633546,-8.012916901727568,-3.981891844075922,-4.1985077707276,0.4336734693877551,2156,-0.0564479563921528,-12.360216722080663,-6.041057933092858,-6.731963830802872,0.3970315398886827,2156,-0.0588959857933072,-15.561464304251992,-7.743642448097509,-8.21583911033258,0.3766233766233766,G:\AlphaFactory_CryptoData\research_runtime\a7ls8_company_numeric\shard_014\a7ls8_s014_label_response_metrics.csv,s014,volatility_core_expansion,A7LS8_A,a7ls6_4ec71bffe30b07a9,0,skel_66e6afdc0007a65d,prod_094d9bfe93915212,a7ls8_s014,rank_label_diagnostic_clue
a7ls8_b3099344d6f3ea23,CSRank(realized_vol_168h),volatility_like,rank,L7_ranked_future_return,8,-1.0,3,True,0.7145661151007903,0.0758316714425857,True,3.500452208141442,3.708565466706229,True,0.0770356380369682,0.0764356380369682,0.0754356380369682,95.64444444444445,A7LS8S014_RANK_LABEL_DIAGNOSTIC_CLUE,2152,-0.0643426280892881,-11.981238648125084,-4.370168562373747,-4.637903751207485,0.383364312267658,2152,-0.0544286430366239,-9.965868391530478,-3.500452208141442,-3.708565466706229,0.4117100371747212,2152,-0.0738731412639405,-16.076945616564426,-5.765810113527538,-6.104095377331821,0.3689591078066914,2152,-0.0774356380369682,-20.362419603548915,-7.270910367046553,-7.584219484874045,0.3350371747211896,G:\AlphaFactory_CryptoData\research_runtime\a7ls8_company_numeric\shard_014\a7ls8_s014_label_response_metrics.csv,s014,volatility_core_expansion,A7LS8_A,a7ls6_4ec71bffe30b07a9,0,skel_66e6afdc0007a65d,prod_094d9bfe93915212,a7ls8_s014,rank_label_diagnostic_clue
a7ls8_b3099344d6f3ea23,CSRank(realized_vol_168h),volatility_like,rank,L7_ranked_future_return,24,-1.0,3,True,0.7388311700263512,0.0978851305659592,True,2.737169509512426,3.5996899694350426,True,0.0992027372468442,0.0986027372468442,0.0976027372468442,94.93333333333334,A7LS8S014_RANK_LABEL_DIAGNOSTIC_CLUE,2136,-0.0748919807272159,-13.298289977656871,-2.721506699739312,-3.241539641544346,0.3272471910112359,2136,-0.0794866063687751,-13.554339003772151,-2.737169509512426,-3.5996899694350426,0.3848314606741573,2136,-0.1205185412765293,-25.73688149567397,-5.287416633396552,-6.100070746572854,0.2860486891385768,2136,-0.0996027372468442,-26.44677954742153,-5.376420559105251,-6.626046934686569,0.2710674157303371,G:\AlphaFactory_CryptoData\research_runtime\a7ls8_company_numeric\shard_014\a7ls8_s014_label_response_metrics.csv,s014,volatility_core_expansion,A7LS8_A,a7ls6_4ec71bffe30b07a9,0,skel_66e6afdc0007a65d,prod_094d9bfe93915212,a7ls8_s014,rank_label_diagnostic_clue
a7ls8_b849259d6feaef00,"ZScore(Mean(realized_vol_24h,8))",volatility_like,zmean,L7_ranked_future_return,1,-1.0,3,True,0.7800592131424595,0.0281447547304136,True,4.8360745131140765,4.8360745131140765,True,0.028359885406481,0.027759885406481,0.026759885406481,95.95555555555556,A7LS8S014_RANK_LABEL_DIAGNOSTIC_CLUE,2152,-0.0352169708625912,-6.474779687345193,-6.474779687345193,-6.474779687345193,0.4447026022304832,2159,-0.0262539831111797,-4.8360745131140765,-4.8360745131140765,-4.8360745131140765,0.4534506716072256,2159,-0.0361203317722539,-7.617403806090925,-7.617403806090925,-7.617403806090925,0.4372394627142195,2159,-0.028759885406481,-7.5141065831480836,-7.5141065831480836,-7.5141065831480836,0.4363131079203335,G:\AlphaFactory_CryptoData\research_runtime\a7ls8_company_numeric\shard_014\a7ls8_s014_label_response_metrics.csv,s014,volatility_core_expansion,A7LS8_A,a7ls6_4ec71bffe30b07a9,0,skel_66dbf5d054b27e3e,prod_b8d3206f61b316e3,a7ls8_s014,rank_label_diagnostic_clue
a7ls8_b849259d6feaef00,"ZScore(Mean(realized_vol_24h,8))",volatility_like,zmean,L7_ranked_future_return,4,-1.0,3,True,0.8675511703010442,0.0555725462533498,True,3.83414045211794,3.941736809803048,True,0.0560650812976705,0.0554650812976705,0.0544650812976705,95.82222222222222,A7LS8S014_RANK_LABEL_DIAGNOSTIC_CLUE,2149,-0.0572273064129741,-10.61758554937717,-5.260267074280337,-5.481055117672965,0.4099581200558399,2156,-0.0431102317821067,-7.6721659722684095,-3.83414045211794,-3.941736809803048,0.4267161410018553,2156,-0.0568274153095581,-12.34514226405479,-6.139517781118979,-6.849727169347215,0.4016697588126159,2156,-0.0564650812976705,-14.75977216478264,-7.34687414711191,-7.683301319917312,0.3738404452690167,G:\AlphaFactory_CryptoData\research_runtime\a7ls8_company_numeric\shard_014\a7ls8_s014_label_response_metrics.csv,s014,volatility_core_expansion,A7LS8_A,a7ls6_4ec71bffe30b07a9,0,skel_66dbf5d054b27e3e,prod_b8d3206f61b316e3,a7ls8_s014,rank_label_diagnostic_clue
a7ls8_b849259d6feaef00,"ZScore(Mean(realized_vol_24h,8))",volatility_like,zmean,L7_ranked_future_return,8,-1.0,3,True,0.9644093141470312,0.07464820623365,True,3.421416632778949,3.919831223376159,True,0.0747364740379319,0.0741364740379319,0.0731364740379319,95.64444444444445,A7LS8S014_RANK_LABEL_DIAGNOSTIC_CLUE,2145,-0.0674839743589743,-12.769326549703312,-4.530222490799645,-5.027177351753497,0.3832167832167832,2152,-0.0562880782734407,-9.92000650535227,-3.421416632778949,-3.919831223376159,0.4168215613382899,2152,-0.0734719479295745,-15.95386169900206,-5.682829768000037,-6.274127060038848,0.3694237918215613,2152,-0.0751364740379319,-19.483203128120792,-6.949779842619311,-7.767040107764405,0.3299256505576208,G:\AlphaFactory_CryptoData\research_runtime\a7ls8_company_numeric\shard_014\a7ls8_s014_label_response_metrics.csv,s014,volatility_core_expansion,A7LS8_A,a7ls6_4ec71bffe30b07a9,0,skel_66dbf5d054b27e3e,prod_b8d3206f61b316e3,a7ls8_s014,rank_label_diagnostic_clue
a7ls8_b849259d6feaef00,"ZScore(Mean(realized_vol_24h,8))",volatility_like,zmean,L7_ranked_future_return,24,-1.0,3,True,0.8053222923322318,0.0993138459737827,True,2.70435397981505,3.2453918797283263,True,0.1001028165747676,0.0995028165747676,0.0985028165747676,94.93333333333334,A7LS8S014_RANK_LABEL_DIAGNOSTIC_CLUE,2129,-0.0760608843049249,-14.260163110916883,-2.8415499078700845,-3.6891024962517873,0.3410051667449507,2136,-0.080356206217922,-13.299328153365945,-2.70435397981505,-3.2453918797283263,0.399812734082397,2136,-0.1099981631034124,-23.718240342752694,-4.85742652849892,-5.751203960713377,0.3066479400749063,2136,-0.1005028165747676,-26.32269646165771,-5.568246084957893,-6.799971786135642,0.2883895131086142,G:\AlphaFactory_CryptoData\research_runtime\a7ls8_company_numeric\shard_014\a7ls8_s014_label_response_metrics.csv,s014,volatility_core_expansion,A7LS8_A,a7ls6_4ec71bffe30b07a9,0,skel_66dbf5d054b27e3e,prod_b8d3206f61b316e3,a7ls8_s014,rank_label_diagnostic_clue
a7ls8_bbdb58ce47f5e184,"ZScore(Mean(realized_vol_72h,12))",volatility_like,zmean,L7_ranked_future_return,1,-1.0,3,True,0.7981918450786811,0.0295961511244917,True,4.183246199350964,4.183246199350964,True,0.0293364445559501,0.0287364445559501,0.0277364445559501,95.95555555555556,A7LS8S014_RANK_LABEL_DIAGNOSTIC_CLUE,2148,-0.0312807672080833,-5.6776688335863605,-5.6776688335863605,-5.6776688335863605,0.4506517690875233,2159,-0.0228849840461118,-4.183246199350964,-4.183246199350964,-4.183246199350964,0.460861509958314,2159,-0.0338285686102962,-7.230403411879301,-7.230403411879301,-7.230403411879301,0.4372394627142195,2159,-0.0297364445559501,-7.93506086141745,-7.93506086141745,-7.93506086141745,0.4335340435386753,G:\AlphaFactory_CryptoData\research_runtime\a7ls8_company_numeric\shard_014\a7ls8_s014_label_response_metrics.csv,s014,volatility_core_expansion,A7LS8_A,a7ls6_4ec71bffe30b07a9,0,skel_ca59edc5fbe709c1,prod_034ecd6f2288ce52,a7ls8_s014,rank_label_diagnostic_clue
a7ls8_bbdb58ce47f5e184,"ZScore(Mean(realized_vol_72h,12))",volatility_like,zmean,L7_ranked_future_return,4,-1.0,3,True,0.8129161647763253,0.0601089015151515,True,3.626061091241048,3.801550856068626,True,0.059689521919879,0.059089521919879,0.058089521919879,95.82222222222222,A7LS8S014_RANK_LABEL_DIAGNOSTIC_CLUE,2145,-0.0520536831995165,-9.704749700758576,-4.908128898698591,-5.1656371199375215,0.4228438228438228,2156,-0.0398432668521954,-7.217457250273522,-3.626061091241048,-3.801550856068626,0.4299628942486085,2156,-0.0552285450164914,-11.960497833305457,-5.917814488778189,-6.575634166422439,0.3956400742115027,2156,-0.060089521919879,-16.036284440276134,-8.082070205846644,-8.152543583244965,0.3747680890538033,G:\AlphaFactory_CryptoData\research_runtime\a7ls8_company_numeric\shard_014\a7ls8_s014_label_response_metrics.csv,s014,volatility_core_expansion,A7LS8_A,a7ls6_4ec71bffe30b07a9,0,skel_ca59edc5fbe709c1,prod_034ecd6f2288ce52,a7ls8_s014,rank_label_diagnostic_clue
a7ls8_bbdb58ce47f5e184,"ZScore(Mean(realized_vol_72h,12))",volatility_like,zmean,L7_ranked_future_return,8,-1.0,3,True,0.8402444165066296,0.0809523924772821,True,3.256066769494401,3.410581233908556,True,0.0811256641109045,0.0805256641109045,0.0795256641109045,95.64444444444445,A7LS8S014_RANK_LABEL_DIAGNOSTIC_CLUE,2141,-0.0665613593509436,-12.698331541918154,-4.504495908072974,-5.037285584342397,0.3764595983185427,2152,-0.0508438263716783,-9.108749985172528,-3.256066769494401,-3.410581233908556,0.4126394052044609,2152,-0.0721183137133416,-15.662880093752062,-5.584264093451764,-5.720774277314683,0.3619888475836431,2152,-0.0815256641109045,-21.616465676671165,-7.575267800733917,-8.310942077062284,0.3303903345724907,G:\AlphaFactory_CryptoData\research_runtime\a7ls8_company_numeric\shard_014\a7ls8_s014_label_response_metrics.csv,s014,volatility_core_expansion,A7LS8_A,a7ls6_4ec71bffe30b07a9,0,skel_ca59edc5fbe709c1,prod_034ecd6f2288ce52,a7ls8_s014,rank_label_diagnostic_clue
a7ls8_bbdb58ce47f5e184,"ZScore(Mean(realized_vol_72h,12))",volatility_like,zmean,L7_ranked_future_return,24,-1.0,3,True,0.8634154985697627,0.1161352400211541,True,2.709808681210411,3.439580666273439,True,0.116436024197184,0.115836024197184,0.114836024197184,94.93333333333334,A7LS8S014_RANK_LABEL_DIAGNOSTIC_CLUE,2125,-0.0836364651416121,-15.527469847734691,-3.183398297790024,-3.7925169588951753,0.3251764705882353,2136,-0.0775144350811485,-12.78714433459258,-2.709808681210411,-3.439580666273439,0.3782771535580524,2136,-0.1064228796036204,-22.387160249696663,-4.364055248323489,-5.352985826223592,0.3113295880149813,2136,-0.116836024197184,-31.21911506173969,-6.1749438280303615,-8.319785224661043,0.2378277153558052,G:\AlphaFactory_CryptoData\research_runtime\a7ls8_company_numeric\shard_014\a7ls8_s014_label_response_metrics.csv,s014,volatility_core_expansion,A7LS8_A,a7ls6_4ec71bffe30b07a9,0,skel_ca59edc5fbe709c1,prod_034ecd6f2288ce52,a7ls8_s014,rank_label_diagnostic_clue
a7ls8_c1eb924df9980dac,"ZScore(Mean(realized_vol_168h,336))",volatility_like,zmean,L7_ranked_future_return,8,-1.0,3,True,0.99738901682201,0.0410228587962962,True,3.090012980189652,3.3166698825676235,True,0.0410660296623296,0.0404660296623296,0.0394660296623296,95.64444444444445,A7LS8S014_RANK_LABEL_DIAGNOSTIC_CLUE,2129,-0.0544368824261085,-9.756661391040137,-3.4199294261322315,-3.9654592590486746,0.4044152184124002,2152,-0.0460215196027812,-8.607355590769364,-3.090012980189652,-3.3166698825676235,0.4223977695167286,2152,-0.0656171745921107,-14.7081720328928,-5.282360114021244,-5.7207491147217535,0.3777881040892193,2152,-0.0414660296623296,-10.845256407995882,-3.877987144536969,-4.141011049618026,0.4010223048327137,G:\AlphaFactory_CryptoData\research_runtime\a7ls8_company_numeric\shard_014\a7ls8_s014_label_response_metrics.csv,s014,volatility_core_expansion,A7LS8_A,a7ls6_4ec71bffe30b07a9,0,skel_cf831b344ca58b9c,prod_bb731bde879d57ff,a7ls8_s014,rank_label_diagnostic_clue
a7ls8_d255c81694fa3dbe,"ZScore(Mean(volume_volatility_ratio_168h,8))",volatility_like,zmean,L7_ranked_future_return,1,1.0,3,True,0.8329767062958457,0.0306044465030106,True,4.23636924127472,4.23636924127472,True,0.0303629936270221,0.0297629936270221,0.0287629936270221,95.95555555555556,A7LS8S014_RANK_LABEL_DIAGNOSTIC_CLUE,2152,0.0248250443170866,4.485326838952982,4.485326838952982,4.485326838952982,0.5260223048327137,2159,0.0221330712950096,4.23636924127472,4.23636924127472,4.23636924127472,0.5377489578508569,2159,0.030139339200247,6.305193220269205,6.305193220269205,6.305193220269205,0.554423344140806,2159,0.0307629936270221,7.507596547946608,7.507596547946608,7.507596547946608,0.5706345530338119,G:\AlphaFactory_CryptoData\research_runtime\a7ls8_company_numeric\shard_014\a7ls8_s014_label_response_metrics.csv,s014,volatility_core_expansion,A7LS8_A,a7ls6_4ec71bffe30b07a9,0,skel_a99a58337b718c64,prod_5287055579ed44be,a7ls8_s014,rank_label_diagnostic_clue
a7ls8_d255c81694fa3dbe,"ZScore(Mean(volume_volatility_ratio_168h,8))",volatility_like,zmean,L7_ranked_future_return,4,1.0,3,True,0.7656526442743191,0.0574330142410499,True,3.574017186056298,3.318148723442852,True,0.0579239656342334,0.0573239656342334,0.0563239656342334,95.82222222222222,A7LS8S014_RANK_LABEL_DIAGNOSTIC_CLUE,2149,0.047635339649794,8.672054232986826,4.289023725464434,4.107461400139006,0.5732899022801303,2156,0.0372542119751941,7.079841373282948,3.574017186056298,3.318148723442852,0.5663265306122449,2156,0.0518554486188414,11.0689098301443,5.55979410098608,4.955391660845347,0.5932282003710575,2156,0.0583239656342334,14.048181281800677,7.028286125739776,6.866229407093843,0.62152133580705,G:\AlphaFactory_CryptoData\research_runtime\a7ls8_company_numeric\shard_014\a7ls8_s014_label_response_metrics.csv,s014,volatility_core_expansion,A7LS8_A,a7ls6_4ec71bffe30b07a9,0,skel_a99a58337b718c64,prod_5287055579ed44be,a7ls8_s014,rank_label_diagnostic_clue
a7ls8_d255c81694fa3dbe,"ZScore(Mean(volume_volatility_ratio_168h,8))",volatility_like,zmean,L7_ranked_future_return,8,1.0,3,True,0.7347420710497895,0.0761200283113038,True,3.30482753558931,3.110128429690234,True,0.0767236435959658,0.0761236435959658,0.0751236435959658,95.64444444444445,A7LS8S014_RANK_LABEL_DIAGNOSTIC_CLUE,2145,0.0611966621341621,11.290194880359602,3.92026973900028,3.5418752880466973,0.5953379953379954,2152,0.0502385539291615,9.517833279512171,3.30482753558931,3.110128429690234,0.5817843866171004,2152,0.0686212438042131,14.51539497062328,5.269452046185002,4.49509592030308,0.6064126394052045,2152,0.0771236435959658,18.35283406047525,6.453223335843763,5.981529193037339,0.6556691449814126,G:\AlphaFactory_CryptoData\research_runtime\a7ls8_company_numeric\shard_014\a7ls8_s014_label_response_metrics.csv,s014,volatility_core_expansion,A7LS8_A,a7ls6_4ec71bffe30b07a9,0,skel_a99a58337b718c64,prod_5287055579ed44be,a7ls8_s014,rank_label_diagnostic_clue
a7ls8_d255c81694fa3dbe,"ZScore(Mean(volume_volatility_ratio_168h,8))",volatility_like,zmean,L7_ranked_future_return,24,1.0,3,True,0.7272635350260105,0.106668232634554,True,2.516284672296015,1.944237309559084,True,0.107210333003884,0.106610333003884,0.105610333003884,94.93333333333334,A7LS8S014_RANK_LABEL_DIAGNOSTIC_CLUE,2129,0.0783783085868865,13.747932505876513,2.737537556702047,2.048909258115008,0.6350399248473462,2136,0.0724053700235816,12.375444945597549,2.516284672296015,1.944237309559084,0.5805243445692884,2136,0.1071767658048966,22.659463698977763,4.466148726281913,3.666936557859557,0.7064606741573034,2136,0.107610333003884,25.573408478207632,5.219424455917359,4.607775787453273,0.7036516853932584,G:\AlphaFactory_CryptoData\research_runtime\a7ls8_company_numeric\shard_014\a7ls8_s014_label_response_metrics.csv,s014,volatility_core_expansion,A7LS8_A,a7ls6_4ec71bffe30b07a9,0,skel_a99a58337b718c64,prod_5287055579ed44be,a7ls8_s014,rank_label_diagnostic_clue
a7ls8_d84aca79252b288c,"Delta(volume_volatility_ratio_168h,720)",volatility_like,delta,L7_ranked_future_return,1,1.0,3,True,0.4999631641234237,0.0220063408127905,True,4.628969794379104,4.628969794379104,True,0.0229044437153689,0.0223044437153689,0.0213044437153689,95.95555555555556,A7LS8S014_RANK_LABEL_DIAGNOSTIC_CLUE,1439,0.0066871847090314,1.2842674634752411,1.2842674634752411,1.2842674634752411,0.5246699096594858,2159,0.0166211530543976,4.628969794379104,4.628969794379104,4.628969794379104,0.5345067160722556,2159,0.017100171761618,4.805985658764551,4.805985658764551,4.805985658764551,0.5451597962019453,2159,0.0233044437153689,6.771870202674903,6.771870202674903,6.771870202674903,0.554423344140806,G:\AlphaFactory_CryptoData\research_runtime\a7ls8_company_numeric\shard_014\a7ls8_s014_label_response_metrics.csv,s014,volatility_core_expansion,A7LS8_A,a7ls6_4ec71bffe30b07a9,0,skel_40d78dfd93f7c286,prod_f9080c75499d068a,a7ls8_s014,rank_label_diagnostic_clue
a7ls8_d84aca79252b288c,"Delta(volume_volatility_ratio_168h,720)",volatility_like,delta,L7_ranked_future_return,4,1.0,3,True,0.5502519643914457,0.0428028424122174,True,3.653894480362437,3.409226982250531,True,0.0429276482941661,0.0423276482941661,0.0413276482941661,95.82222222222222,A7LS8S014_RANK_LABEL_DIAGNOSTIC_CLUE,1436,0.0134997952775198,2.6315958822909287,1.3531553032052948,1.0512948930135035,0.532033426183844,2156,0.0269402142169999,7.41973066018947,3.653894480362437,3.409226982250531,0.5644712430426716,2156,0.0311437880076272,8.621400028146436,4.203643266089435,3.988375339733953,0.5788497217068646,2156,0.0433276482941661,12.268814256277013,6.077667993453044,5.91720484476846,0.6103896103896104,G:\AlphaFactory_CryptoData\research_runtime\a7ls8_company_numeric\shard_014\a7ls8_s014_label_response_metrics.csv,s014,volatility_core_expansion,A7LS8_A,a7ls6_4ec71bffe30b07a9,0,skel_40d78dfd93f7c286,prod_f9080c75499d068a,a7ls8_s014,rank_label_diagnostic_clue
a7ls8_d84aca79252b288c,"Delta(volume_volatility_ratio_168h,720)",volatility_like,delta,L7_ranked_future_return,8,1.0,3,True,0.6004139524327328,0.0569970172019138,True,3.0140038667808566,2.769122494243094,True,0.0576861203617651,0.0570861203617651,0.0560861203617651,95.64444444444445,A7LS8S014_RANK_LABEL_DIAGNOSTIC_CLUE,1432,0.0196348266475274,3.896718014345625,1.462708570000579,0.7100681353266506,0.5635474860335196,2152,0.0309280288362246,8.58314520382232,3.0140038667808566,2.769122494243094,0.5604089219330854,2152,0.0396921629750103,10.97433414801656,3.896176212509949,3.206353172441101,0.5929368029739777,2152,0.0580861203617651,16.13253817366103,5.851317578252907,4.667335273830961,0.6440520446096655,G:\AlphaFactory_CryptoData\research_runtime\a7ls8_company_numeric\shard_014\a7ls8_s014_label_response_metrics.csv,s014,volatility_core_expansion,A7LS8_A,a7ls6_4ec71bffe30b07a9,0,skel_40d78dfd93f7c286,prod_f9080c75499d068a,a7ls8_s014,rank_label_diagnostic_clue
a7ls8_d84aca79252b288c,"Delta(volume_volatility_ratio_168h,720)",volatility_like,delta,L7_ranked_future_return,24,1.0,3,True,0.653612197766151,0.0731146071750589,True,2.3532169719776173,1.3547460268002045,True,0.0743152539360521,0.0737152539360521,0.0727152539360521,94.93333333333334,A7LS8S014_RANK_LABEL_DIAGNOSTIC_CLUE,1416,0.0222324394486294,4.663063227253832,0.8834763506724267,0.480484320112227,0.5614406779661016,2136,0.0395374651043834,11.215894365524427,2.3532169719776173,1.3547460268002045,0.6067415730337079,2136,0.0612020076900402,17.44687280965036,3.5905906120009616,2.906697652696078,0.6441947565543071,2136,0.0747152539360521,20.9835977354082,4.2169792709797616,3.63833181990666,0.6867977528089888,G:\AlphaFactory_CryptoData\research_runtime\a7ls8_company_numeric\shard_014\a7ls8_s014_label_response_metrics.csv,s014,volatility_core_expansion,A7LS8_A,a7ls6_4ec71bffe30b07a9,0,skel_40d78dfd93f7c286,prod_f9080c75499d068a,a7ls8_s014,rank_label_diagnostic_clue
a7ls8_daf68dc55dfaa0fa,"ZScore(Mean(realized_vol_24h,12))",volatility_like,zmean,L7_ranked_future_return,1,-1.0,3,True,0.6470443451769237,0.0273453984612217,True,4.750602779353349,4.750602779353349,True,0.0281028862813716,0.0275028862813716,0.0265028862813716,95.95555555555556,A7LS8S014_RANK_LABEL_DIAGNOSTIC_CLUE,2148,-0.0317138250913856,-5.851193266445586,-5.851193266445586,-5.851193266445586,0.4497206703910614,2159,-0.0258207192544559,-4.750602779353349,-4.750602779353349,-4.750602779353349,0.4566929133858268,2159,-0.0350323205616454,-7.398641961691948,-7.398641961691948,-7.398641961691948,0.4395553496989346,2159,-0.0285028862813716,-7.450052184266311,-7.450052184266311,-7.450052184266311,0.4335340435386753,G:\AlphaFactory_CryptoData\research_runtime\a7ls8_company_numeric\shard_014\a7ls8_s014_label_response_metrics.csv,s014,volatility_core_expansion,A7LS8_A,a7ls6_4ec71bffe30b07a9,0,skel_ca59edc5fbe709c1,prod_6f280f9d4a9c4877,a7ls8_s014,rank_label_diagnostic_clue
a7ls8_daf68dc55dfaa0fa,"ZScore(Mean(realized_vol_24h,12))",volatility_like,zmean,L7_ranked_future_return,4,-1.0,3,True,0.7236938517303737,0.0561189058956916,True,3.844991075924611,4.066877020839066,True,0.0562218090771662,0.0556218090771662,0.0546218090771662,95.82222222222222,A7LS8S014_RANK_LABEL_DIAGNOSTIC_CLUE,2145,-0.0515303408011741,-9.584394049131824,-4.753597167167167,-5.011076353216479,0.4177156177156177,2156,-0.0433031688054009,-7.686376725756624,-3.844991075924611,-4.066877020839066,0.4276437847866419,2156,-0.0550813459853638,-11.866947902364732,-5.848168999059613,-6.704254203021043,0.4053803339517625,2156,-0.0566218090771662,-14.94024098039972,-7.505163419892952,-7.850287087253252,0.3784786641929499,G:\AlphaFactory_CryptoData\research_runtime\a7ls8_company_numeric\shard_014\a7ls8_s014_label_response_metrics.csv,s014,volatility_core_expansion,A7LS8_A,a7ls6_4ec71bffe30b07a9,0,skel_ca59edc5fbe709c1,prod_6f280f9d4a9c4877,a7ls8_s014,rank_label_diagnostic_clue
a7ls8_daf68dc55dfaa0fa,"ZScore(Mean(realized_vol_24h,12))",volatility_like,zmean,L7_ranked_future_return,8,-1.0,3,True,0.7809752033237378,0.074026395557965,True,3.550566847144915,3.840511892223578,True,0.0749930721206801,0.0743930721206801,0.0733930721206801,95.64444444444445,A7LS8S014_RANK_LABEL_DIAGNOSTIC_CLUE,2141,-0.0613439170429186,-11.681477156420126,-4.149100274928279,-4.601179578566475,0.3783278841662774,2152,-0.0573211396805727,-10.063834885651408,-3.550566847144915,-3.840511892223578,0.4052044609665427,2152,-0.0725865473977695,-15.613681541130957,-5.457784394409165,-6.245516419672811,0.3768587360594795,2152,-0.0753930721206801,-19.410634617426687,-6.892596776386858,-7.676120438560455,0.3387546468401487,G:\AlphaFactory_CryptoData\research_runtime\a7ls8_company_numeric\shard_014\a7ls8_s014_label_response_metrics.csv,s014,volatility_core_expansion,A7LS8_A,a7ls6_4ec71bffe30b07a9,0,skel_ca59edc5fbe709c1,prod_6f280f9d4a9c4877,a7ls8_s014,rank_label_diagnostic_clue
a7ls8_daf68dc55dfaa0fa,"ZScore(Mean(realized_vol_24h,12))",volatility_like,zmean,L7_ranked_future_return,24,-1.0,3,True,0.7718884249564707,0.0987780844690664,True,2.631507107028785,3.149973136687481,True,0.0994455977337356,0.0988455977337356,0.0978455977337356,94.93333333333334,A7LS8S014_RANK_LABEL_DIAGNOSTIC_CLUE,2125,-0.0737130991285403,-13.739995581841772,-2.678473346088413,-3.6973620410149377,0.344,2136,-0.0798601628606602,-13.11279955538044,-2.631507107028785,-3.149973136687481,0.4021535580524344,2136,-0.1091853770027049,-23.435596102493307,-4.812909784156241,-5.786467148648837,0.3038389513108614,2136,-0.0998455977337356,-26.060275731077187,-5.405871730426426,-6.593988791498683,0.2907303370786517,G:\AlphaFactory_CryptoData\research_runtime\a7ls8_company_numeric\shard_014\a7ls8_s014_label_response_metrics.csv,s014,volatility_core_expansion,A7LS8_A,a7ls6_4ec71bffe30b07a9,0,skel_ca59edc5fbe709c1,prod_6f280f9d4a9c4877,a7ls8_s014,rank_label_diagnostic_clue
a7ls8_e6560c10e3c1f4d2,"Sub(Mean(realized_vol_168h,72),Mean(realized_vol_168h,720))",volatility_like,spread_short_long,L7_ranked_future_return,4,-1.0,3,True,0.9328469631689312,0.029120042903525,True,1.5210864842106044,1.8595487121266507,True,0.0288493654658833,0.0282493654658833,0.0272493654658833,95.82222222222222,A7LS8S014_RANK_LABEL_DIAGNOSTIC_CLUE,2084,-0.0010594942951588,-0.2552759803129121,-0.0929297247366073,-0.5262458348710495,0.503358925143954,2156,-0.0117223736085343,-3.15187269823102,-1.5210864842106044,-1.8595487121266507,0.4675324675324675,2156,-0.0215060629681165,-5.84255583655782,-2.9927497391206748,-3.056576811595498,0.4387755102040816,2156,-0.0292493654658833,-8.543920483058388,-4.258604134020558,-4.5137430136972565,0.4318181818181818,G:\AlphaFactory_CryptoData\research_runtime\a7ls8_company_numeric\shard_014\a7ls8_s014_label_response_metrics.csv,s014,volatility_core_expansion,A7LS8_A,a7ls6_4ec71bffe30b07a9,0,skel_36de597cd1732eea,prod_5f1e5f9a57d220ba,a7ls8_s014,rank_label_diagnostic_clue
a7ls8_e6560c10e3c1f4d2,"Sub(Mean(realized_vol_168h,72),Mean(realized_vol_168h,720))",volatility_like,spread_short_long,L7_ranked_future_return,8,-1.0,3,True,0.9505083850702244,0.0385764104020377,True,1.292323756844207,1.7701741784844098,True,0.0389121600922483,0.0383121600922483,0.0373121600922483,95.64444444444445,A7LS8S014_RANK_LABEL_DIAGNOSTIC_CLUE,2080,-0.0037760416666666,-0.9080471868366428,-0.3138767112036355,-0.7049441940350978,0.4841346153846154,2152,-0.0134361715630593,-3.67834938786615,-1.292323756844207,-1.7701741784844098,0.4693308550185873,2152,-0.02912277984304,-7.841323600720307,-2.8392240643523188,-3.0310606485973306,0.4293680297397769,2152,-0.0393121600922483,-11.433105778481028,-4.051081130296246,-4.576076427773796,0.4028810408921933,G:\AlphaFactory_CryptoData\research_runtime\a7ls8_company_numeric\shard_014\a7ls8_s014_label_response_metrics.csv,s014,volatility_core_expansion,A7LS8_A,a7ls6_4ec71bffe30b07a9,0,skel_36de597cd1732eea,prod_5f1e5f9a57d220ba,a7ls8_s014,rank_label_diagnostic_clue
a7ls8_e7b4ab6762f01704,"Delta(volume_volatility_ratio_168h,4)",volatility_like,delta,L7_ranked_future_return,1,1.0,3,True,0.988716196064076,0.0102011069082051,True,2.985461492579567,2.985461492579567,True,0.0099621200229873,0.0093621200229873,0.0083621200229873,95.95555555555556,A7LS8S014_RANK_LABEL_DIAGNOSTIC_CLUE,2155,0.0266679556586749,7.063683488067562,7.063683488067562,7.063683488067562,0.5522041763341067,2159,0.012456550314789,3.553933071411561,3.553933071411561,3.553933071411561,0.5284854099119963,2159,0.0151245646990204,4.226301849056258,4.226301849056258,4.226301849056258,0.5428439092172302,2159,0.0103621200229873,2.985461492579567,2.985461492579567,2.985461492579567,0.5229272811486799,G:\AlphaFactory_CryptoData\research_runtime\a7ls8_company_numeric\shard_014\a7ls8_s014_label_response_metrics.csv,s014,volatility_core_expansion,A7LS8_A,a7ls6_4ec71bffe30b07a9,0,skel_4057632b5fdcce2e,prod_a282529cbe361d89,a7ls8_s014,rank_label_diagnostic_clue
a7ls8_e7b4ab6762f01704,"Delta(volume_volatility_ratio_168h,4)",volatility_like,delta,L7_ranked_future_return,4,1.0,3,True,0.6861366679385886,0.0217889996907854,True,2.7630476776912904,1.8438289534984167,True,0.024381563509242,0.023781563509242,0.022781563509242,95.82222222222222,A7LS8S014_RANK_LABEL_DIAGNOSTIC_CLUE,2152,0.0303509655101197,8.145328335186681,3.9612440327343377,3.6702356964801615,0.5687732342007435,2156,0.0221417244296708,6.343321934322933,3.187391565156697,1.8438289534984167,0.5538033395176253,2156,0.0206381416202844,5.70827588003012,2.7630476776912904,2.0214949799622963,0.5408163265306123,2156,0.024781563509242,7.385797750498971,3.5520354535235312,3.2361748865825204,0.5565862708719852,G:\AlphaFactory_CryptoData\research_runtime\a7ls8_company_numeric\shard_014\a7ls8_s014_label_response_metrics.csv,s014,volatility_core_expansion,A7LS8_A,a7ls6_4ec71bffe30b07a9,0,skel_4057632b5fdcce2e,prod_a282529cbe361d89,a7ls8_s014,rank_label_diagnostic_clue
a7ls8_e7b4ab6762f01704,"Delta(volume_volatility_ratio_168h,4)",volatility_like,delta,L7_ranked_future_return,8,1.0,3,True,0.8988804198029188,0.0292429845621643,True,2.2890064647226858,1.2086916127551848,True,0.0300951036073248,0.0294951036073248,0.0284951036073248,95.64444444444445,A7LS8S014_RANK_LABEL_DIAGNOSTIC_CLUE,2148,0.0304307085833505,8.337976604043119,2.8768478235249315,2.5189958355932944,0.5605214152700186,2152,0.0220968543473771,6.364097908662529,2.2890064647226858,1.552255039689313,0.5562267657992565,2152,0.0288206545590665,8.018173058540512,3.0655958882114565,1.2086916127551848,0.5669144981412639,2152,0.0304951036073248,9.011595364240538,3.38253537236061,1.4007070004776137,0.5827137546468402,G:\AlphaFactory_CryptoData\research_runtime\a7ls8_company_numeric\shard_014\a7ls8_s014_label_response_metrics.csv,s014,volatility_core_expansion,A7LS8_A,a7ls6_4ec71bffe30b07a9,0,skel_4057632b5fdcce2e,prod_a282529cbe361d89,a7ls8_s014,rank_label_diagnostic_clue
a7ls8_e8dc4e5ba6a7f167,"Sub(Mean(volume_volatility_ratio_168h,24),Mean(volume_volatility_ratio_168h,336))",volatility_like,spread_short_long,L7_ranked_future_return,1,1.0,3,True,0.5971489633836383,0.0201371466128008,True,2.692939983174325,2.692939983174325,True,0.0202777078723002,0.0196777078723002,0.0186777078723002,95.95555555555556,A7LS8S014_RANK_LABEL_DIAGNOSTIC_CLUE,2135,0.0064653265677855,1.5977220943505797,1.5977220943505797,1.5977220943505797,0.5086651053864168,2159,0.0098077277717736,2.7791016601449976,2.7791016601449976,2.7791016601449976,0.5178323297823066,2159,0.0097030571852538,2.692939983174325,2.692939983174325,2.692939983174325,0.5308012968967114,2159,0.0206777078723002,5.935820588868113,5.935820588868113,5.935820588868113,0.5446966188050023,G:\AlphaFactory_CryptoData\research_runtime\a7ls8_company_numeric\shard_014\a7ls8_s014_label_response_metrics.csv,s014,volatility_core_expansion,A7LS8_A,a7ls6_4ec71bffe30b07a9,0,skel_0d0db8f300dc5f72,prod_d636985a8c1d1bc8,a7ls8_s014,rank_label_diagnostic_clue
a7ls8_e8dc4e5ba6a7f167,"Sub(Mean(volume_volatility_ratio_168h,24),Mean(volume_volatility_ratio_168h,336))",volatility_like,spread_short_long,L7_ranked_future_return,4,1.0,3,True,0.5070220763370458,0.0378823846457775,True,2.103456375965088,1.829984317701498,True,0.0379532658644265,0.0373532658644265,0.0363532658644265,95.82222222222222,A7LS8S014_RANK_LABEL_DIAGNOSTIC_CLUE,2132,0.0137379970554513,3.34461732657622,1.5599565286991464,1.4050341925475742,0.5286116322701688,2156,0.0154388807290593,4.358373400876275,2.103456375965088,1.829984317701498,0.5347866419294991,2156,0.0220773315639387,6.113755790191734,3.1442841247489444,2.5519964375742417,0.5589053803339518,2156,0.0383532658644265,10.916585797279662,5.465522225175416,5.153890595856679,0.6034322820037106,G:\AlphaFactory_CryptoData\research_runtime\a7ls8_company_numeric\shard_014\a7ls8_s014_label_response_metrics.csv,s014,volatility_core_expansion,A7LS8_A,a7ls6_4ec71bffe30b07a9,0,skel_0d0db8f300dc5f72,prod_d636985a8c1d1bc8,a7ls8_s014,rank_label_diagnostic_clue
a7ls8_e8dc4e5ba6a7f167,"Sub(Mean(volume_volatility_ratio_168h,24),Mean(volume_volatility_ratio_168h,336))",volatility_like,spread_short_long,L7_ranked_future_return,8,1.0,3,True,0.5612082646599251,0.0517537787845931,True,1.6635686647292416,1.3997973706103377,True,0.0526692809445132,0.0520692809445132,0.0510692809445132,95.64444444444445,A7LS8S014_RANK_LABEL_DIAGNOSTIC_CLUE,2128,0.0177123853470481,4.316414899337599,1.54440853257787,0.9977150238088088,0.5314849624060151,2152,0.0175886664429299,4.872724268187536,1.6635686647292416,1.3997973706103377,0.5306691449814126,2152,0.0279384809995869,7.753273058522936,2.895349301012714,2.247843811097625,0.5822490706319703,2152,0.0530692809445132,15.16787661361152,5.301662989690755,5.076006796096787,0.6538104089219331,G:\AlphaFactory_CryptoData\research_runtime\a7ls8_company_numeric\shard_014\a7ls8_s014_label_response_metrics.csv,s014,volatility_core_expansion,A7LS8_A,a7ls6_4ec71bffe30b07a9,0,skel_0d0db8f300dc5f72,prod_d636985a8c1d1bc8,a7ls8_s014,rank_label_diagnostic_clue
a7ls8_e8dc4e5ba6a7f167,"Sub(Mean(volume_volatility_ratio_168h,24),Mean(volume_volatility_ratio_168h,336))",volatility_like,spread_short_long,L7_ranked_future_return,24,1.0,3,True,0.9747668939816267,0.071503936052157,True,0.7882208967541233,0.0572752181985323,True,0.0723570083836177,0.0717570083836176,0.0707570083836176,94.93333333333334,A7LS8S014_RANK_LABEL_DIAGNOSTIC_CLUE,2112,0.0181178648463804,4.17282154367299,0.9277810288774108,-0.1903463197873564,0.5255681818181818,2136,0.0141911369468719,3.972813192269103,0.7882208967541233,0.0572752181985323,0.5379213483146067,2136,0.04275054402483,12.01505005085635,2.4412045710476638,1.5777635692143552,0.6193820224719101,2136,0.0727570083836176,20.438023759866788,4.1050908565219135,3.249450228162981,0.6732209737827716,G:\AlphaFactory_CryptoData\research_runtime\a7ls8_company_numeric\shard_014\a7ls8_s014_label_response_metrics.csv,s014,volatility_core_expansion,A7LS8_A,a7ls6_4ec71bffe30b07a9,0,skel_0d0db8f300dc5f72,prod_d636985a8c1d1bc8,a7ls8_s014,rank_label_diagnostic_clue
a7ls8_ee04dee1bd58bea8,"ZScore(Mean(realized_vol_72h,48))",volatility_like,zmean,L7_ranked_future_return,1,-1.0,3,True,0.9185665089745372,0.0285049502084298,True,4.645665868998307,4.645665868998307,True,0.0288380731820287,0.0282380731820287,0.0272380731820287,95.95555555555556,A7LS8S014_RANK_LABEL_DIAGNOSTIC_CLUE,2136,-0.0277402541527951,-5.134840170129255,-5.134840170129255,-5.134840170129255,0.450374531835206,2159,-0.0252782012848884,-4.645665868998307,-4.645665868998307,-4.645665868998307,0.4548402037980547,2159,-0.030822740294718,-6.722946380320257,-6.722946380320257,-6.722946380320257,0.4465030106530801,2159,-0.0292380731820287,-7.843672792055595,-7.843672792055595,-7.843672792055595,0.4409448818897638,G:\AlphaFactory_CryptoData\research_runtime\a7ls8_company_numeric\shard_014\a7ls8_s014_label_response_metrics.csv,s014,volatility_core_expansion,A7LS8_A,a7ls6_4ec71bffe30b07a9,0,skel_ca59edc5fbe709c1,prod_f7cbede6995b6bd4,a7ls8_s014,rank_label_diagnostic_clue
a7ls8_ee04dee1bd58bea8,"ZScore(Mean(realized_vol_72h,48))",volatility_like,zmean,L7_ranked_future_return,4,-1.0,3,True,0.8532521048828196,0.0575377499484642,True,3.9489950658202826,3.993002353450241,True,0.0574876294836116,0.0568876294836116,0.0558876294836116,95.82222222222222,A7LS8S014_RANK_LABEL_DIAGNOSTIC_CLUE,2133,-0.0475878121147401,-8.935388695536032,-4.427745302243793,-4.693388052691132,0.4219409282700422,2156,-0.0429598117656153,-7.849566616093798,-3.9489950658202826,-3.993002353450241,0.4183673469387755,2156,-0.0506638450834879,-11.10332124222793,-5.572285488700157,-5.865880885335566,0.4090909090909091,2156,-0.0578876294836116,-15.624014001972242,-7.8291010592771855,-8.043037657606924,0.3863636363636363,G:\AlphaFactory_CryptoData\research_runtime\a7ls8_company_numeric\shard_014\a7ls8_s014_label_response_metrics.csv,s014,volatility_core_expansion,A7LS8_A,a7ls6_4ec71bffe30b07a9,0,skel_ca59edc5fbe709c1,prod_f7cbede6995b6bd4,a7ls8_s014,rank_label_diagnostic_clue
a7ls8_ee04dee1bd58bea8,"ZScore(Mean(realized_vol_72h,48))",volatility_like,zmean,L7_ranked_future_return,8,-1.0,3,True,0.8586802592564308,0.0742549727643535,True,3.558289160612886,3.791445434054222,True,0.0750303974339116,0.0744303974339116,0.0734303974339116,95.64444444444445,A7LS8S014_RANK_LABEL_DIAGNOSTIC_CLUE,2129,-0.0613905143694657,-11.772107355116356,-4.084825696532155,-5.046070616873635,0.3870361672146548,2152,-0.0544695986937216,-9.896245186547064,-3.558289160612886,-3.791445434054222,0.4052044609665427,2152,-0.0647909352196062,-13.990810652240471,-5.013967755141419,-5.38831262035653,0.3828996282527881,2152,-0.0754303974339116,-20.21457717995417,-7.126972786728963,-7.472923016067859,0.3257434944237918,G:\AlphaFactory_CryptoData\research_runtime\a7ls8_company_numeric\shard_014\a7ls8_s014_label_response_metrics.csv,s014,volatility_core_expansion,A7LS8_A,a7ls6_4ec71bffe30b07a9,0,skel_ca59edc5fbe709c1,prod_f7cbede6995b6bd4,a7ls8_s014,rank_label_diagnostic_clue
a7ls8_ee04dee1bd58bea8,"ZScore(Mean(realized_vol_72h,48))",volatility_like,zmean,L7_ranked_future_return,24,-1.0,3,True,0.8852298720211286,0.1058053247243029,True,2.6706880474434507,3.2935457394140086,True,0.1064465308121792,0.1058465308121792,0.1048465308121792,94.93333333333334,A7LS8S014_RANK_LABEL_DIAGNOSTIC_CLUE,2113,-0.0774011136965171,-14.087957913419826,-2.885513237436756,-3.4446144902695583,0.3355418835778514,2136,-0.0795509790279511,-13.187403979089858,-2.6706880474434507,-3.2935457394140086,0.37312734082397,2136,-0.1037934081963517,-22.40166195610104,-4.3870276637477055,-5.217302732814882,0.3117977528089887,2136,-0.1068465308121792,-28.17407482316202,-5.767001875756288,-6.683155270509348,0.2565543071161049,G:\AlphaFactory_CryptoData\research_runtime\a7ls8_company_numeric\shard_014\a7ls8_s014_label_response_metrics.csv,s014,volatility_core_expansion,A7LS8_A,a7ls6_4ec71bffe30b07a9,0,skel_ca59edc5fbe709c1,prod_f7cbede6995b6bd4,a7ls8_s014,rank_label_diagnostic_clue
a7ls8_f191f2ae0d266cc5,"Delta(volume_volatility_ratio_168h,8)",volatility_like,delta,L7_ranked_future_return,1,1.0,3,True,0.7241034416678153,0.0136259124165851,True,3.56962720665637,3.56962720665637,True,0.015647622570463,0.015047622570463,0.014047622570463,95.95555555555556,A7LS8S014_RANK_LABEL_DIAGNOSTIC_CLUE,2151,0.0250422660864025,6.550990931545553,6.550990931545553,6.550990931545553,0.5611343561134357,2159,0.0126120953630796,3.56962720665637,3.56962720665637,3.56962720665637,0.5317276516905975,2159,0.0159454715832089,4.377949800942294,4.377949800942294,4.377949800942294,0.539601667438629,2159,0.016047622570463,4.661092032975201,4.661092032975201,4.661092032975201,0.5414543770264011,G:\AlphaFactory_CryptoData\research_runtime\a7ls8_company_numeric\shard_014\a7ls8_s014_label_response_metrics.csv,s014,volatility_core_expansion,A7LS8_A,a7ls6_4ec71bffe30b07a9,0,skel_4057632b5fdcce2e,prod_71c2ea03ae09409f,a7ls8_s014,rank_label_diagnostic_clue
a7ls8_f191f2ae0d266cc5,"Delta(volume_volatility_ratio_168h,8)",volatility_like,delta,L7_ranked_future_return,4,1.0,3,True,0.8312479428691117,0.0283140986824022,True,2.8794243927233127,2.092380057707459,True,0.0306745368223046,0.0300745368223046,0.0290745368223046,95.82222222222222,A7LS8S014_RANK_LABEL_DIAGNOSTIC_CLUE,2148,0.0304306008172977,8.034068063638847,3.709257892098351,3.514984274892572,0.5661080074487895,2156,0.0215292809042809,5.948141633885729,2.8794243927233127,2.092380057707459,0.5626159554730983,2156,0.0288308252593966,7.899947440048956,4.040951220315955,3.272810729826221,0.5556586270871985,2156,0.0310745368223046,8.956342020945131,4.5919752449475375,3.7903731637597176,0.575139146567718,G:\AlphaFactory_CryptoData\research_runtime\a7ls8_company_numeric\shard_014\a7ls8_s014_label_response_metrics.csv,s014,volatility_core_expansion,A7LS8_A,a7ls6_4ec71bffe30b07a9,0,skel_4057632b5fdcce2e,prod_71c2ea03ae09409f,a7ls8_s014,rank_label_diagnostic_clue
a7ls8_f5b0a88365307c8d,"ZScore(Mean(realized_vol_24h,4))",volatility_like,zmean,L7_ranked_future_return,1,-1.0,3,True,0.8599982379618853,0.0300961039490161,True,5.1615404972335,5.1615404972335,True,0.0295053917279947,0.0289053917279947,0.0279053917279947,95.95555555555556,A7LS8S015_RANK_LABEL_DIAGNOSTIC_CLUE,2156,-0.0378942217669896,-6.925944595844809,-6.925944595844809,-6.925944595844809,0.4415584415584415,2159,-0.0279679003053539,-5.1615404972335,-5.1615404972335,-5.1615404972335,0.4539138490041686,2159,-0.0365984927435541,-7.631102957957133,-7.631102957957133,-7.631102957957133,0.4265863825845298,2159,-0.0299053917279947,-7.842245160947856,-7.842245160947856,-7.842245160947856,0.4321445113478462,G:\AlphaFactory_CryptoData\research_runtime\a7ls8_company_numeric\shard_015\a7ls8_s015_label_response_metrics.csv,s015,volatility_core_expansion,A7LS8_A,a7ls6_4ec71bffe30b07a9,0,skel_66dbf5d054b27e3e,prod_27606b9a67ce07d8,a7ls8_s015,rank_label_diagnostic_clue
a7ls8_f5b0a88365307c8d,"ZScore(Mean(realized_vol_24h,4))",volatility_like,zmean,L7_ranked_future_return,4,-1.0,3,True,0.9455687742886684,0.0579518344585308,True,4.047550609841576,4.417705441859735,True,0.0584071939634439,0.0578071939634439,0.0568071939634439,95.82222222222222,A7LS8S015_RANK_LABEL_DIAGNOSTIC_CLUE,2153,-0.0612064507319674,-11.303104046031391,-5.61041625711024,-5.814788126944829,0.3999071063632141,2156,-0.0451710450594379,-8.09472407907529,-4.047550609841576,-4.417705441859735,0.4271799628942486,2156,-0.0581910194633408,-12.61754218084768,-6.225466777682321,-7.0144316283456805,0.3970315398886827,2156,-0.0588071939634439,-15.24951969770153,-7.623921522251368,-7.936840582933656,0.3710575139146567,G:\AlphaFactory_CryptoData\research_runtime\a7ls8_company_numeric\shard_015\a7ls8_s015_label_response_metrics.csv,s015,volatility_core_expansion,A7LS8_A,a7ls6_4ec71bffe30b07a9,0,skel_66dbf5d054b27e3e,prod_27606b9a67ce07d8,a7ls8_s015,rank_label_diagnostic_clue
a7ls8_f8fe2b6a142e9ff3,CSRank(volume_volatility_ratio_168h),volatility_like,rank,L7_ranked_future_return,1,1.0,3,True,0.7967488780409269,0.0316926185391041,True,4.583087753731793,4.583087753731793,True,0.032153624577565,0.031553624577565,0.030553624577565,95.95555555555556,A7LS8S015_RANK_LABEL_DIAGNOSTIC_CLUE,2159,0.0268785220781225,4.8497549039369385,4.8497549039369385,4.8497549039369385,0.5303381194997684,2159,0.0240569729641637,4.583087753731793,4.583087753731793,4.583087753731793,0.5409911996294581,2159,0.0306336899370421,6.392839453618296,6.392839453618296,6.392839453618296,0.5576655859194072,2159,0.032553624577565,7.965749441236919,7.965749441236919,7.965749441236919,0.571097730430755,G:\AlphaFactory_CryptoData\research_runtime\a7ls8_company_numeric\shard_015\a7ls8_s015_label_response_metrics.csv,s015,volatility_core_expansion,A7LS8_A,a7ls6_4ec71bffe30b07a9,0,skel_4544ecd4241f83a7,prod_3b03edb0dda4b091,a7ls8_s015,rank_label_diagnostic_clue
a7ls8_f8fe2b6a142e9ff3,CSRank(volume_volatility_ratio_168h),volatility_like,rank,L7_ranked_future_return,4,1.0,3,True,0.7504191133552554,0.0595854913935271,True,3.537139823614746,3.3973937644986427,True,0.0599063210764103,0.0593063210764103,0.0583063210764103,95.82222222222222,A7LS8S015_RANK_LABEL_DIAGNOSTIC_CLUE,2156,0.0488587512025012,8.901999027632613,4.380421734031848,4.323590129624483,0.5737476808905381,2156,0.0379377050694014,7.174016814525718,3.537139823614746,3.3973937644986427,0.5640074211502782,2156,0.0510908135350099,10.86965962591058,5.435993806428822,4.963065072996872,0.5844155844155844,2156,0.0603063210764103,14.48650778526854,7.316366253008526,6.86218737258972,0.6238404452690167,G:\AlphaFactory_CryptoData\research_runtime\a7ls8_company_numeric\shard_015\a7ls8_s015_label_response_metrics.csv,s015,volatility_core_expansion,A7LS8_A,a7ls6_4ec71bffe30b07a9,0,skel_4544ecd4241f83a7,prod_3b03edb0dda4b091,a7ls8_s015,rank_label_diagnostic_clue
a7ls8_f8fe2b6a142e9ff3,CSRank(volume_volatility_ratio_168h),volatility_like,rank,L7_ranked_future_return,8,1.0,3,True,0.7432245519665498,0.0789439786847721,True,3.2846242824241028,2.8907548124182143,True,0.079499888561889,0.078899888561889,0.077899888561889,95.64444444444445,A7LS8S015_RANK_LABEL_DIAGNOSTIC_CLUE,2152,0.0631676605741429,11.725539383716358,4.066606962837248,3.622442010774368,0.5989776951672863,2152,0.0495981881626049,9.382596268761384,3.2846242824241028,2.8907548124182143,0.5836431226765799,2152,0.0676002028689935,14.30675711468006,5.050693497529677,4.431826143799791,0.6092007434944238,2152,0.079899888561889,19.04089321240551,6.662073500458584,6.212583857123942,0.6593866171003717,G:\AlphaFactory_CryptoData\research_runtime\a7ls8_company_numeric\shard_015\a7ls8_s015_label_response_metrics.csv,s015,volatility_core_expansion,A7LS8_A,a7ls6_4ec71bffe30b07a9,0,skel_4544ecd4241f83a7,prod_3b03edb0dda4b091,a7ls8_s015,rank_label_diagnostic_clue
a7ls8_f8fe2b6a142e9ff3,CSRank(volume_volatility_ratio_168h),volatility_like,rank,L7_ranked_future_return,24,1.0,3,True,0.7268663437790678,0.1090867860486891,True,2.4887571674954163,2.024085656708434,True,0.1096723704744069,0.1090723704744069,0.1080723704744069,94.93333333333334,A7LS8S015_RANK_LABEL_DIAGNOSTIC_CLUE,2136,0.0822947552538493,14.584806411414917,2.85897840691492,2.4711151798787423,0.6418539325842697,2136,0.0740001918175197,12.616708243554555,2.4887571674954163,2.024085656708434,0.579119850187266,2136,0.1055843010906505,22.123431643982745,4.39742631962125,3.4430566895008736,0.7073970037453183,2136,0.1100723704744069,26.0443531699543,5.322805931673655,4.458628969824583,0.7172284644194756,G:\AlphaFactory_CryptoData\research_runtime\a7ls8_company_numeric\shard_015\a7ls8_s015_label_response_metrics.csv,s015,volatility_core_expansion,A7LS8_A,a7ls6_4ec71bffe30b07a9,0,skel_4544ecd4241f83a7,prod_3b03edb0dda4b091,a7ls8_s015,rank_label_diagnostic_clue
