level,family_id,root_family,primary_field,secondary_field,primary_semantic,secondary_semantic,primary_route,secondary_route,primary_transform,secondary_transform,motif,expression,semantic_pair,generation_priority,candidate_role,modifier_guard_required,skeleton_key,production_key,blueprint_id,company_shard
L2_typed_two_field_interaction,D0_basis_premium_reference,basis_premium_like|basis_premium_like,mark_index_basis_bps,mark_index_basis_bps,basis_premium_like,basis_premium_like,reference_family_only,reference_family_only,level,level,gated_sign,"Mul(mark_index_basis_bps,Sign(mark_index_basis_bps))",basis_premium_like|basis_premium_like,P1,ordinary_alpha_valid_family_diversification_probe,False,skel_d9d4f69744bac825,prod_26f504ff27c52ad1,a7ff33_7d8e26cf25e462a5,shard_00
L2_typed_two_field_interaction,D0_basis_premium_reference,basis_premium_like|basis_premium_like,mark_index_basis_bps,mark_index_basis_bps,basis_premium_like,basis_premium_like,reference_family_only,reference_family_only,level,zmean_24h,gated_sign,"Mul(mark_index_basis_bps,Sign(ZScore(Mean(mark_index_basis_bps,24))))",basis_premium_like|basis_premium_like,P1,ordinary_alpha_valid_family_diversification_probe,False,skel_c80f62c274b367a9,prod_f230ebffac16f963,a7ff33_5502d08c9e633d14,shard_00
L2_typed_two_field_interaction,D0_basis_premium_reference,basis_premium_like|basis_premium_like,mark_index_basis_bps,mark_index_basis_bps,basis_premium_like,basis_premium_like,reference_family_only,reference_family_only,level,csrank,gated_sign,"Mul(mark_index_basis_bps,Sign(CSRank(mark_index_basis_bps)))",basis_premium_like|basis_premium_like,P1,ordinary_alpha_valid_family_diversification_probe,False,skel_06aed53e0aa5366a,prod_5c414744d03198ae,a7ff33_220d426e7e0adf67,shard_00
L4_factor_candidate_probe,D0_basis_premium_reference,basis_premium_like|basis_premium_like,mark_index_basis_bps,mark_index_basis_bps,basis_premium_like,basis_premium_like,reference_family_only,reference_family_only,level,zmean_1h,mean_reversion_gate,"Mul(Neg(ZScore(mark_index_basis_bps)),Sign(ZScore(Mean(mark_index_basis_bps,1))))",basis_premium_like|basis_premium_like,P1,ordinary_alpha_valid_family_diversification_probe,False,skel_bee202f15f6c9956,prod_857a66dc485e8860,a7ff33_cc5507941fd385eb,shard_00
L4_factor_candidate_probe,D0_basis_premium_reference,basis_premium_like|basis_premium_like,mark_index_basis_bps,mark_index_basis_bps,basis_premium_like,basis_premium_like,reference_family_only,reference_family_only,level,zmean_48h,mean_reversion_gate,"Mul(Neg(ZScore(mark_index_basis_bps)),Sign(ZScore(Mean(mark_index_basis_bps,48))))",basis_premium_like|basis_premium_like,P1,ordinary_alpha_valid_family_diversification_probe,False,skel_bee202f15f6c9956,prod_606d8236fdbd7eff,a7ff33_4a619be403bef747,shard_00
L4_factor_candidate_probe,D0_basis_premium_reference,basis_premium_like|basis_premium_like,mark_index_basis_bps,mark_index_basis_bps,basis_premium_like,basis_premium_like,reference_family_only,reference_family_only,level,clip_zscore,mean_reversion_gate,"Mul(Neg(ZScore(mark_index_basis_bps)),Sign(Clip(ZScore(mark_index_basis_bps),-3,3)))",basis_premium_like|basis_premium_like,P1,ordinary_alpha_valid_family_diversification_probe,False,skel_cef4165a231e27e4,prod_90c2de8f92609e29,a7ff33_06e7bd2c9507e228,shard_00
L2_typed_two_field_interaction,D0_basis_premium_reference,basis_premium_like|basis_premium_like,mark_index_basis_bps,mark_index_basis_bps,basis_premium_like,basis_premium_like,reference_family_only,reference_family_only,level,zmean_2h,mul,"Mul(mark_index_basis_bps,ZScore(Mean(mark_index_basis_bps,2)))",basis_premium_like|basis_premium_like,P1,ordinary_alpha_valid_family_diversification_probe,False,skel_a2f58ee62d9e7ad2,prod_bddfbd89755ce8d8,a7ff33_25372f8026a28133,shard_00
L2_typed_two_field_interaction,D0_basis_premium_reference,basis_premium_like|basis_premium_like,mark_index_basis_bps,mark_index_basis_bps,basis_premium_like,basis_premium_like,reference_family_only,reference_family_only,level,zmean_72h,mul,"Mul(mark_index_basis_bps,ZScore(Mean(mark_index_basis_bps,72)))",basis_premium_like|basis_premium_like,P1,ordinary_alpha_valid_family_diversification_probe,False,skel_a2f58ee62d9e7ad2,prod_e13e0ad0247e582a,a7ff33_af449dc79b73af0b,shard_00
L2_typed_two_field_interaction,D0_basis_premium_reference,basis_premium_like|basis_premium_like,mark_index_basis_bps,premium_close_bps,basis_premium_like,basis_premium_like,reference_family_only,reference_family_only,level,zmean_1h,mul,"Mul(mark_index_basis_bps,ZScore(Mean(premium_close_bps,1)))",basis_premium_like|basis_premium_like,P1,ordinary_alpha_valid_family_diversification_probe,False,skel_a2f58ee62d9e7ad2,prod_78ccf6cfa6f3ae5a,a7ff33_aaa4b60192d742cf,shard_00
L2_typed_two_field_interaction,D0_basis_premium_reference,basis_premium_like|basis_premium_like,mark_index_basis_bps,mark_index_basis_bps,basis_premium_like,basis_premium_like,reference_family_only,reference_family_only,level,zmean_4h,relative_shock,"Mul(Delta(mark_index_basis_bps,4),ZScore(ZScore(Mean(mark_index_basis_bps,4))))",basis_premium_like|basis_premium_like,P1,ordinary_alpha_valid_family_diversification_probe,False,skel_156d0fafafecde17,prod_55ac0614006963cc,a7ff33_62f268b5f84ee1c2,shard_00
L2_typed_two_field_interaction,D0_basis_premium_reference,basis_premium_like|basis_premium_like,mark_index_basis_bps,mark_index_basis_bps,basis_premium_like,basis_premium_like,reference_family_only,reference_family_only,level,zmean_168h,relative_shock,"Mul(Delta(mark_index_basis_bps,4),ZScore(ZScore(Mean(mark_index_basis_bps,168))))",basis_premium_like|basis_premium_like,P1,ordinary_alpha_valid_family_diversification_probe,False,skel_156d0fafafecde17,prod_8ea8f27d13d66df8,a7ff33_2f7657d405c4f4f7,shard_00
L2_typed_two_field_interaction,D0_basis_premium_reference,basis_premium_like|basis_premium_like,mark_index_basis_bps,premium_close_bps,basis_premium_like,basis_premium_like,reference_family_only,reference_family_only,level,mean_2h,relative_shock,"Mul(Delta(mark_index_basis_bps,4),ZScore(Mean(premium_close_bps,2)))",basis_premium_like|basis_premium_like,P1,ordinary_alpha_valid_family_diversification_probe,False,skel_3afee12eb6a9078f,prod_f1953eba098a517b,a7ff33_d7f3ec7f2f06244d,shard_00
L4_factor_candidate_probe,D0_basis_premium_reference,basis_premium_like|basis_premium_like,mark_index_basis_bps,mark_index_basis_bps,basis_premium_like,basis_premium_like,reference_family_only,reference_family_only,level,zmean_8h,safe_div_clip,"Clip(SafeDiv(mark_index_basis_bps,Abs(ZScore(Mean(mark_index_basis_bps,8)))),-5,5)",basis_premium_like|basis_premium_like,P1,ordinary_alpha_valid_family_diversification_probe,False,skel_589d907e5be597f9,prod_57867553d25ae997,a7ff33_e6d3437588f25f8d,shard_00
L4_factor_candidate_probe,D0_basis_premium_reference,basis_premium_like|basis_premium_like,mark_index_basis_bps,mark_index_basis_bps,basis_premium_like,basis_premium_like,reference_family_only,reference_family_only,level,abs_zmean_24h,safe_div_clip,"Clip(SafeDiv(mark_index_basis_bps,Abs(Abs(ZScore(Mean(mark_index_basis_bps,24))))),-5,5)",basis_premium_like|basis_premium_like,P1,ordinary_alpha_valid_family_diversification_probe,False,skel_080fd3890c9a221e,prod_4dc5619309a1f942,a7ff33_b79c89122bce1823,shard_00
L4_factor_candidate_probe,D0_basis_premium_reference,basis_premium_like|basis_premium_like,mark_index_basis_bps,premium_close_bps,basis_premium_like,basis_premium_like,reference_family_only,reference_family_only,level,mean_4h,safe_div_clip,"Clip(SafeDiv(mark_index_basis_bps,Abs(Mean(premium_close_bps,4))),-5,5)",basis_premium_like|basis_premium_like,P1,ordinary_alpha_valid_family_diversification_probe,False,skel_6badd2926fa2941d,prod_758c29abdda71792,a7ff33_d9d5803857f20249,shard_00
L2_typed_two_field_interaction,D0_basis_premium_reference,basis_premium_like|basis_premium_like,mark_index_basis_bps,mark_index_basis_bps,basis_premium_like,basis_premium_like,reference_family_only,reference_family_only,level,zmean_12h,signed_spread,"Mul(Sub(CSRank(mark_index_basis_bps),CSRank(ZScore(Mean(mark_index_basis_bps,12)))),Sign(ZScore(Mean(mark_index_basis_bps,12))))",basis_premium_like|basis_premium_like,P1,ordinary_alpha_valid_family_diversification_probe,False,skel_54e4d00dacb72134,prod_4e13ccefdde5d00d,a7ff33_28184b9da0b0715f,shard_00
L2_typed_two_field_interaction,D0_basis_premium_reference,basis_premium_like|basis_premium_like,mark_index_basis_bps,mark_index_basis_bps,basis_premium_like,basis_premium_like,reference_family_only,reference_family_only,level,decay_72h,signed_spread,"Mul(Sub(CSRank(mark_index_basis_bps),CSRank(Decay(mark_index_basis_bps,72))),Sign(Decay(mark_index_basis_bps,72)))",basis_premium_like|basis_premium_like,P1,ordinary_alpha_valid_family_diversification_probe,False,skel_ab37051588d52fcc,prod_f9d52bdcccb93111,a7ff33_d73c043148abfc38,shard_00
L2_typed_two_field_interaction,D0_basis_premium_reference,basis_premium_like|basis_premium_like,mark_index_basis_bps,mark_index_basis_bps,basis_premium_like,basis_premium_like,reference_family_only,reference_family_only,level,level,smooth_mul,"Mean(Mul(mark_index_basis_bps,mark_index_basis_bps),4)",basis_premium_like|basis_premium_like,P1,ordinary_alpha_valid_family_diversification_probe,False,skel_356a5f3fab58eb27,prod_4ab369bdfb57632b,a7ff33_5930c9b694a2670b,shard_00
L2_typed_two_field_interaction,D0_basis_premium_reference,basis_premium_like|basis_premium_like,mark_index_basis_bps,mark_index_basis_bps,basis_premium_like,basis_premium_like,reference_family_only,reference_family_only,level,zmean_24h,smooth_mul,"Mean(Mul(mark_index_basis_bps,ZScore(Mean(mark_index_basis_bps,24))),4)",basis_premium_like|basis_premium_like,P1,ordinary_alpha_valid_family_diversification_probe,False,skel_44a246af570899bb,prod_933f14f8a60eebcc,a7ff33_305336c2a7822ab2,shard_00
L2_typed_two_field_interaction,D0_basis_premium_reference,basis_premium_like|basis_premium_like,mark_index_basis_bps,mark_index_basis_bps,basis_premium_like,basis_premium_like,reference_family_only,reference_family_only,level,csrank,smooth_mul,"Mean(Mul(mark_index_basis_bps,CSRank(mark_index_basis_bps)),4)",basis_premium_like|basis_premium_like,P1,ordinary_alpha_valid_family_diversification_probe,False,skel_7fd2912a83f38953,prod_61dfee4e5edfce07,a7ff33_7f42cd65ce19233f,shard_00
L2_typed_two_field_interaction,D0_basis_premium_reference,basis_premium_like|basis_premium_like,mark_index_basis_bps,mark_index_basis_bps,basis_premium_like,basis_premium_like,reference_family_only,reference_family_only,level,zmean_1h,spread_rank,"Sub(CSRank(mark_index_basis_bps),CSRank(ZScore(Mean(mark_index_basis_bps,1))))",basis_premium_like|basis_premium_like,P1,ordinary_alpha_valid_family_diversification_probe,False,skel_a923757a8885923c,prod_692a3f511a77a4fc,a7ff33_c32577624e2c842d,shard_00
L2_typed_two_field_interaction,D0_basis_premium_reference,basis_premium_like|basis_premium_like,mark_index_basis_bps,mark_index_basis_bps,basis_premium_like,basis_premium_like,reference_family_only,reference_family_only,level,zmean_48h,spread_rank,"Sub(CSRank(mark_index_basis_bps),CSRank(ZScore(Mean(mark_index_basis_bps,48))))",basis_premium_like|basis_premium_like,P1,ordinary_alpha_valid_family_diversification_probe,False,skel_a923757a8885923c,prod_8d4f8d4eaee822c9,a7ff33_ce29edc5a0ae0f5e,shard_00
L2_typed_two_field_interaction,D0_basis_premium_reference,basis_premium_like|basis_premium_like,mark_index_basis_bps,mark_index_basis_bps,basis_premium_like,basis_premium_like,reference_family_only,reference_family_only,level,clip_zscore,spread_rank,"Sub(CSRank(mark_index_basis_bps),CSRank(Clip(ZScore(mark_index_basis_bps),-3,3)))",basis_premium_like|basis_premium_like,P1,ordinary_alpha_valid_family_diversification_probe,False,skel_8ee95cdec48a7c8f,prod_b3cf5b2dd6d0337c,a7ff33_a35fe6e0e42c4ff7,shard_00
L2_typed_two_field_interaction,D0_basis_premium_reference,basis_premium_like|basis_premium_like,mark_index_basis_bps,mark_index_basis_bps,basis_premium_like,basis_premium_like,reference_family_only,reference_family_only,level,zmean_2h,sub,"Sub(mark_index_basis_bps,ZScore(Mean(mark_index_basis_bps,2)))",basis_premium_like|basis_premium_like,P1,ordinary_alpha_valid_family_diversification_probe,False,skel_a2f58ee62d9e7ad2,prod_006794d5af6aeb68,a7ff33_4f17124ee950bc83,shard_00
L2_typed_two_field_interaction,D0_basis_premium_reference,basis_premium_like|basis_premium_like,mark_index_basis_bps,mark_index_basis_bps,basis_premium_like,basis_premium_like,reference_family_only,reference_family_only,level,zmean_72h,sub,"Sub(mark_index_basis_bps,ZScore(Mean(mark_index_basis_bps,72)))",basis_premium_like|basis_premium_like,P1,ordinary_alpha_valid_family_diversification_probe,False,skel_a2f58ee62d9e7ad2,prod_0c0484799b5914f9,a7ff33_5c3427d8868e6854,shard_00
L2_typed_two_field_interaction,D0_basis_premium_reference,basis_premium_like|basis_premium_like,mark_index_basis_bps,premium_close_bps,basis_premium_like,basis_premium_like,reference_family_only,reference_family_only,level,mean_1h,sub,"Sub(mark_index_basis_bps,Mean(premium_close_bps,1))",basis_premium_like|basis_premium_like,P1,ordinary_alpha_valid_family_diversification_probe,False,skel_f8484b844efd270f,prod_09e874e41d382e06,a7ff33_ef3b0f33e48e461a,shard_00
L4_factor_candidate_probe,D0_basis_premium_reference,basis_premium_like|basis_premium_like,mark_index_basis_bps,mark_index_basis_bps,basis_premium_like,basis_premium_like,reference_family_only,reference_family_only,level,zmean_4h,zspread,"Sub(ZScore(mark_index_basis_bps),ZScore(ZScore(Mean(mark_index_basis_bps,4))))",basis_premium_like|basis_premium_like,P1,ordinary_alpha_valid_family_diversification_probe,False,skel_a923757a8885923c,prod_e372b2912097453c,a7ff33_23ae65fa35790fce,shard_00
L4_factor_candidate_probe,D0_basis_premium_reference,basis_premium_like|basis_premium_like,mark_index_basis_bps,mark_index_basis_bps,basis_premium_like,basis_premium_like,reference_family_only,reference_family_only,level,zmean_168h,zspread,"Sub(ZScore(mark_index_basis_bps),ZScore(ZScore(Mean(mark_index_basis_bps,168))))",basis_premium_like|basis_premium_like,P1,ordinary_alpha_valid_family_diversification_probe,False,skel_a923757a8885923c,prod_0d6312a18480c41e,a7ff33_4f51d7b8767cbec8,shard_00
L4_factor_candidate_probe,D0_basis_premium_reference,basis_premium_like|basis_premium_like,mark_index_basis_bps,premium_close_bps,basis_premium_like,basis_premium_like,reference_family_only,reference_family_only,level,mean_2h,zspread,"Sub(ZScore(mark_index_basis_bps),ZScore(Mean(premium_close_bps,2)))",basis_premium_like|basis_premium_like,P1,ordinary_alpha_valid_family_diversification_probe,False,skel_1a1b3fb29dff7328,prod_ad631e886dce8fca,a7ff33_b1f4bec09a956c2f,shard_00
L2_typed_two_field_interaction,D1_open_interest_positioning,open_interest_like|positioning_like,open_interest_last,global_long_short_account_ratio_last,open_interest_like,positioning_like,primary_diversification_target,primary_diversification_target,level,mean_4h,gated_sign,"Mul(open_interest_last,Sign(Mean(global_long_short_account_ratio_last,4)))",open_interest_like|positioning_like,P0,ordinary_alpha_valid_family_diversification_probe,True,skel_a2f58ee62d9e7ad2,prod_23e1f38d2ee63afa,a7ff33_6af459ab1c1360bb,shard_00
L2_typed_two_field_interaction,D1_open_interest_positioning,open_interest_like|positioning_like,open_interest_last,global_long_short_account_ratio_last,open_interest_like,positioning_like,primary_diversification_target,primary_diversification_target,level,mean_168h,gated_sign,"Mul(open_interest_last,Sign(Mean(global_long_short_account_ratio_last,168)))",open_interest_like|positioning_like,P0,ordinary_alpha_valid_family_diversification_probe,True,skel_a2f58ee62d9e7ad2,prod_ad22b4beb4d2ce63,a7ff33_7b3b182ca4bbb254,shard_00
L2_typed_two_field_interaction,D1_open_interest_positioning,open_interest_like|positioning_like,open_interest_last,global_long_short_account_ratio_mean,open_interest_like,positioning_like,primary_diversification_target,primary_diversification_target,level,delta_2h,gated_sign,"Mul(open_interest_last,Sign(Delta(global_long_short_account_ratio_mean,2)))",open_interest_like|positioning_like,P0,ordinary_alpha_valid_family_diversification_probe,True,skel_a2f58ee62d9e7ad2,prod_17b82d0d8190ae5b,a7ff33_41202d331d930e53,shard_00
L4_factor_candidate_probe,D1_open_interest_positioning,open_interest_like|positioning_like,open_interest_last,global_long_short_account_ratio_last,open_interest_like,positioning_like,primary_diversification_target,primary_diversification_target,level,mean_8h,mean_reversion_gate,"Mul(Neg(ZScore(open_interest_last)),Sign(Mean(global_long_short_account_ratio_last,8)))",open_interest_like|positioning_like,P0,ordinary_alpha_valid_family_diversification_probe,True,skel_ac3a45a1120f7842,prod_3177bcdaee771102,a7ff33_5ea3d069f9a9fcf2,shard_00
L4_factor_candidate_probe,D1_open_interest_positioning,open_interest_like|positioning_like,open_interest_last,global_long_short_account_ratio_last,open_interest_like,positioning_like,primary_diversification_target,primary_diversification_target,level,decay_8h,mean_reversion_gate,"Mul(Neg(ZScore(open_interest_last)),Sign(Decay(global_long_short_account_ratio_last,8)))",open_interest_like|positioning_like,P0,ordinary_alpha_valid_family_diversification_probe,True,skel_ac3a45a1120f7842,prod_18e89d8c902ca833,a7ff33_fda3e07495647012,shard_00
L4_factor_candidate_probe,D1_open_interest_positioning,open_interest_like|positioning_like,open_interest_last,global_long_short_account_ratio_mean,open_interest_like,positioning_like,primary_diversification_target,primary_diversification_target,level,delta_4h,mean_reversion_gate,"Mul(Neg(ZScore(open_interest_last)),Sign(Delta(global_long_short_account_ratio_mean,4)))",open_interest_like|positioning_like,P0,ordinary_alpha_valid_family_diversification_probe,True,skel_ac3a45a1120f7842,prod_4cb13f0da9a847ca,a7ff33_af6249f1d2955d94,shard_00
L2_typed_two_field_interaction,D1_open_interest_positioning,open_interest_like|positioning_like,open_interest_last,global_long_short_account_ratio_last,open_interest_like,positioning_like,primary_diversification_target,primary_diversification_target,level,mean_12h,mul,"Mul(open_interest_last,Mean(global_long_short_account_ratio_last,12))",open_interest_like|positioning_like,P0,ordinary_alpha_valid_family_diversification_probe,True,skel_f8484b844efd270f,prod_3605ebf4ee2441d7,a7ff33_407fe26f93c50192,shard_00
L2_typed_two_field_interaction,D1_open_interest_positioning,open_interest_like|positioning_like,open_interest_last,global_long_short_account_ratio_last,open_interest_like,positioning_like,primary_diversification_target,primary_diversification_target,level,abs_zmean_72h,mul,"Mul(open_interest_last,Abs(ZScore(Mean(global_long_short_account_ratio_last,72))))",open_interest_like|positioning_like,P0,ordinary_alpha_valid_family_diversification_probe,True,skel_c80f62c274b367a9,prod_5aab34b1fa3c3284,a7ff33_77849ca2e3baffeb,shard_00
L2_typed_two_field_interaction,D1_open_interest_positioning,open_interest_like|positioning_like,open_interest_last,global_long_short_account_ratio_mean,open_interest_like,positioning_like,primary_diversification_target,primary_diversification_target,level,mean_8h,mul,"Mul(open_interest_last,Mean(global_long_short_account_ratio_mean,8))",open_interest_like|positioning_like,P0,ordinary_alpha_valid_family_diversification_probe,True,skel_f8484b844efd270f,prod_df28a15734fc973c,a7ff33_69715ffe165478b1,shard_00
L2_typed_two_field_interaction,D1_open_interest_positioning,open_interest_like|positioning_like,open_interest_last,global_long_short_account_ratio_last,open_interest_like,positioning_like,primary_diversification_target,primary_diversification_target,level,mean_24h,relative_shock,"Mul(Delta(open_interest_last,4),ZScore(Mean(global_long_short_account_ratio_last,24)))",open_interest_like|positioning_like,P0,ordinary_alpha_valid_family_diversification_probe,True,skel_3afee12eb6a9078f,prod_405896dffacc6c90,a7ff33_a696943de1acc764,shard_00
L2_typed_two_field_interaction,D1_open_interest_positioning,open_interest_like|positioning_like,open_interest_last,global_long_short_account_ratio_last,open_interest_like,positioning_like,primary_diversification_target,primary_diversification_target,level,decay_168h,relative_shock,"Mul(Delta(open_interest_last,4),ZScore(Decay(global_long_short_account_ratio_last,168)))",open_interest_like|positioning_like,P0,ordinary_alpha_valid_family_diversification_probe,True,skel_3afee12eb6a9078f,prod_ae68d411ed3f4f4e,a7ff33_d965e992dd058a0c,shard_00
L4_factor_candidate_probe,D1_open_interest_positioning,open_interest_like|positioning_like,open_interest_last,global_long_short_account_ratio_last,open_interest_like,positioning_like,primary_diversification_target,primary_diversification_target,level,mean_1h,safe_div_clip,"Clip(SafeDiv(open_interest_last,Abs(Mean(global_long_short_account_ratio_last,1))),-5,5)",open_interest_like|positioning_like,P0,ordinary_alpha_valid_family_diversification_probe,True,skel_6badd2926fa2941d,prod_f80e0306b5eb6404,a7ff33_1ba5c2eb142b61c8,shard_00
L4_factor_candidate_probe,D1_open_interest_positioning,open_interest_like|positioning_like,open_interest_last,global_long_short_account_ratio_last,open_interest_like,positioning_like,primary_diversification_target,primary_diversification_target,level,mean_48h,safe_div_clip,"Clip(SafeDiv(open_interest_last,Abs(Mean(global_long_short_account_ratio_last,48))),-5,5)",open_interest_like|positioning_like,P0,ordinary_alpha_valid_family_diversification_probe,True,skel_6badd2926fa2941d,prod_860804ece9de9502,a7ff33_49621d75fb10c310,shard_00
L4_factor_candidate_probe,D1_open_interest_positioning,open_interest_like|positioning_like,open_interest_last,global_long_short_account_ratio_last,open_interest_like,positioning_like,primary_diversification_target,primary_diversification_target,level,sign_delta_24h,safe_div_clip,"Clip(SafeDiv(open_interest_last,Abs(Sign(Delta(global_long_short_account_ratio_last,24)))),-5,5)",open_interest_like|positioning_like,P0,ordinary_alpha_valid_family_diversification_probe,True,skel_589d907e5be597f9,prod_6e840744026f93ba,a7ff33_e7b8971a41a08457,shard_00
L2_typed_two_field_interaction,D1_open_interest_positioning,open_interest_like|positioning_like,open_interest_last,global_long_short_account_ratio_last,open_interest_like,positioning_like,primary_diversification_target,primary_diversification_target,level,mean_2h,signed_spread,"Mul(Sub(CSRank(open_interest_last),CSRank(Mean(global_long_short_account_ratio_last,2))),Sign(Mean(global_long_short_account_ratio_last,2)))",open_interest_like|positioning_like,P0,ordinary_alpha_valid_family_diversification_probe,True,skel_ab37051588d52fcc,prod_d49a9f293b11ed02,a7ff33_d412f4b27f6ffe2f,shard_00
L2_typed_two_field_interaction,D1_open_interest_positioning,open_interest_like|positioning_like,open_interest_last,global_long_short_account_ratio_last,open_interest_like,positioning_like,primary_diversification_target,primary_diversification_target,level,mean_72h,signed_spread,"Mul(Sub(CSRank(open_interest_last),CSRank(Mean(global_long_short_account_ratio_last,72))),Sign(Mean(global_long_short_account_ratio_last,72)))",open_interest_like|positioning_like,P0,ordinary_alpha_valid_family_diversification_probe,True,skel_ab37051588d52fcc,prod_eb3fb1b0d6b4f602,a7ff33_07fcdbbb197227dd,shard_00
L2_typed_two_field_interaction,D1_open_interest_positioning,open_interest_like|positioning_like,open_interest_last,global_long_short_account_ratio_mean,open_interest_like,positioning_like,primary_diversification_target,primary_diversification_target,level,delta_1h,signed_spread,"Mul(Sub(CSRank(open_interest_last),CSRank(Delta(global_long_short_account_ratio_mean,1))),Sign(Delta(global_long_short_account_ratio_mean,1)))",open_interest_like|positioning_like,P0,ordinary_alpha_valid_family_diversification_probe,True,skel_ab37051588d52fcc,prod_7946c4f8810cc62b,a7ff33_486471d612a08cd4,shard_00
L2_typed_two_field_interaction,D1_open_interest_positioning,open_interest_like|positioning_like,open_interest_last,global_long_short_account_ratio_last,open_interest_like,positioning_like,primary_diversification_target,primary_diversification_target,level,mean_4h,smooth_mul,"Mean(Mul(open_interest_last,Mean(global_long_short_account_ratio_last,4)),4)",open_interest_like|positioning_like,P0,ordinary_alpha_valid_family_diversification_probe,True,skel_644ba0ee0d0e38ee,prod_777c49fac54175e3,a7ff33_a888595070f2e4f9,shard_00
L2_typed_two_field_interaction,D1_open_interest_positioning,open_interest_like|positioning_like,open_interest_last,global_long_short_account_ratio_last,open_interest_like,positioning_like,primary_diversification_target,primary_diversification_target,level,mean_168h,smooth_mul,"Mean(Mul(open_interest_last,Mean(global_long_short_account_ratio_last,168)),4)",open_interest_like|positioning_like,P0,ordinary_alpha_valid_family_diversification_probe,True,skel_644ba0ee0d0e38ee,prod_e7624f4f08dbbcfb,a7ff33_6b99e5789a2b7722,shard_00
L2_typed_two_field_interaction,D1_open_interest_positioning,open_interest_like|positioning_like,open_interest_last,global_long_short_account_ratio_mean,open_interest_like,positioning_like,primary_diversification_target,primary_diversification_target,level,delta_2h,smooth_mul,"Mean(Mul(open_interest_last,Delta(global_long_short_account_ratio_mean,2)),4)",open_interest_like|positioning_like,P0,ordinary_alpha_valid_family_diversification_probe,True,skel_644ba0ee0d0e38ee,prod_90b63ab924d2f90e,a7ff33_5c06401e7bb1b758,shard_00
L2_typed_two_field_interaction,D1_open_interest_positioning,open_interest_like|positioning_like,open_interest_last,global_long_short_account_ratio_last,open_interest_like,positioning_like,primary_diversification_target,primary_diversification_target,level,mean_8h,spread_rank,"Sub(CSRank(open_interest_last),CSRank(Mean(global_long_short_account_ratio_last,8)))",open_interest_like|positioning_like,P0,ordinary_alpha_valid_family_diversification_probe,True,skel_1a1b3fb29dff7328,prod_2f2eec29ee465e38,a7ff33_54e59d346c94680d,shard_00
L2_typed_two_field_interaction,D1_open_interest_positioning,open_interest_like|positioning_like,open_interest_last,global_long_short_account_ratio_last,open_interest_like,positioning_like,primary_diversification_target,primary_diversification_target,level,decay_8h,spread_rank,"Sub(CSRank(open_interest_last),CSRank(Decay(global_long_short_account_ratio_last,8)))",open_interest_like|positioning_like,P0,ordinary_alpha_valid_family_diversification_probe,True,skel_1a1b3fb29dff7328,prod_bc3e5e8f11c147c5,a7ff33_8bfd3d3939e78282,shard_00
L2_typed_two_field_interaction,D1_open_interest_positioning,open_interest_like|positioning_like,open_interest_last,global_long_short_account_ratio_mean,open_interest_like,positioning_like,primary_diversification_target,primary_diversification_target,level,delta_4h,spread_rank,"Sub(CSRank(open_interest_last),CSRank(Delta(global_long_short_account_ratio_mean,4)))",open_interest_like|positioning_like,P0,ordinary_alpha_valid_family_diversification_probe,True,skel_1a1b3fb29dff7328,prod_239d490d39c52736,a7ff33_4d708d442940402d,shard_00
L2_typed_two_field_interaction,D1_open_interest_positioning,open_interest_like|positioning_like,open_interest_last,global_long_short_account_ratio_last,open_interest_like,positioning_like,primary_diversification_target,primary_diversification_target,level,mean_12h,sub,"Sub(open_interest_last,Mean(global_long_short_account_ratio_last,12))",open_interest_like|positioning_like,P0,ordinary_alpha_valid_family_diversification_probe,True,skel_f8484b844efd270f,prod_e2aea586e31884a6,a7ff33_1bd69c286a44f727,shard_00
L2_typed_two_field_interaction,D1_open_interest_positioning,open_interest_like|positioning_like,open_interest_last,global_long_short_account_ratio_last,open_interest_like,positioning_like,primary_diversification_target,primary_diversification_target,level,abs_zmean_72h,sub,"Sub(open_interest_last,Abs(ZScore(Mean(global_long_short_account_ratio_last,72))))",open_interest_like|positioning_like,P0,ordinary_alpha_valid_family_diversification_probe,True,skel_c80f62c274b367a9,prod_7203d267ea36ea22,a7ff33_c0a1cb0ffd1eadd7,shard_00
L2_typed_two_field_interaction,D1_open_interest_positioning,open_interest_like|positioning_like,open_interest_last,global_long_short_account_ratio_mean,open_interest_like,positioning_like,primary_diversification_target,primary_diversification_target,level,delta_8h,sub,"Sub(open_interest_last,Delta(global_long_short_account_ratio_mean,8))",open_interest_like|positioning_like,P0,ordinary_alpha_valid_family_diversification_probe,True,skel_f8484b844efd270f,prod_3a0461a6b02d2060,a7ff33_4385234ca4d5d207,shard_00
L4_factor_candidate_probe,D1_open_interest_positioning,open_interest_like|positioning_like,open_interest_last,global_long_short_account_ratio_last,open_interest_like,positioning_like,primary_diversification_target,primary_diversification_target,level,mean_24h,zspread,"Sub(ZScore(open_interest_last),ZScore(Mean(global_long_short_account_ratio_last,24)))",open_interest_like|positioning_like,P0,ordinary_alpha_valid_family_diversification_probe,True,skel_1a1b3fb29dff7328,prod_d4eed7d5ca3b7165,a7ff33_bd3383f4e87083cb,shard_00
L4_factor_candidate_probe,D1_open_interest_positioning,open_interest_like|positioning_like,open_interest_last,global_long_short_account_ratio_last,open_interest_like,positioning_like,primary_diversification_target,primary_diversification_target,level,decay_168h,zspread,"Sub(ZScore(open_interest_last),ZScore(Decay(global_long_short_account_ratio_last,168)))",open_interest_like|positioning_like,P0,ordinary_alpha_valid_family_diversification_probe,True,skel_1a1b3fb29dff7328,prod_e6e92d9e5b76d7cb,a7ff33_835ed956bfbd9258,shard_00
L2_typed_two_field_interaction,D1_open_interest_positioning,open_interest_like|positioning_like,open_interest_last,global_long_short_account_ratio_mean,open_interest_like,positioning_like,primary_diversification_target,primary_diversification_target,level,mean_8h,gated_sign,"Mul(open_interest_last,Sign(Mean(global_long_short_account_ratio_mean,8)))",open_interest_like|positioning_like,P0,ordinary_alpha_valid_family_diversification_probe,True,skel_a2f58ee62d9e7ad2,prod_73648c1f4fbc17d3,a7ff33_6292a3cdf2e935d0,shard_00
L2_typed_two_field_interaction,D2_taker_flow_leverage,taker_flow_like|open_interest_like,taker_buy_sell_volume_ratio_last,open_interest_last,taker_flow_like,open_interest_like,primary_diversification_target,primary_diversification_target,level,delta_24h,gated_sign,"Mul(taker_buy_sell_volume_ratio_last,Sign(Delta(open_interest_last,24)))",taker_flow_like|open_interest_like,P0,ordinary_alpha_valid_family_diversification_probe,True,skel_a2f58ee62d9e7ad2,prod_5f2d87a85b95f2a2,a7ff33_f0001a254b3603ce,shard_00
L2_typed_two_field_interaction,D2_taker_flow_leverage,taker_flow_like|open_interest_like,taker_buy_sell_volume_ratio_last,open_interest_last,taker_flow_like,open_interest_like,primary_diversification_target,primary_diversification_target,level,abs_zmean_168h,gated_sign,"Mul(taker_buy_sell_volume_ratio_last,Sign(Abs(ZScore(Mean(open_interest_last,168)))))",taker_flow_like|open_interest_like,P0,ordinary_alpha_valid_family_diversification_probe,True,skel_ff7e522a71abdb0b,prod_e1b56637a2605dd7,a7ff33_f864549178a53c7a,shard_00
L4_factor_candidate_probe,D2_taker_flow_leverage,taker_flow_like|open_interest_like,taker_buy_sell_volume_ratio_last,open_interest_last,taker_flow_like,open_interest_like,primary_diversification_target,primary_diversification_target,level,delta_1h,mean_reversion_gate,"Mul(Neg(ZScore(taker_buy_sell_volume_ratio_last)),Sign(Delta(open_interest_last,1)))",taker_flow_like|open_interest_like,P0,ordinary_alpha_valid_family_diversification_probe,True,skel_ac3a45a1120f7842,prod_42023e8f058fc5c4,a7ff33_19fa59aed1d57169,shard_00
L4_factor_candidate_probe,D2_taker_flow_leverage,taker_flow_like|open_interest_like,taker_buy_sell_volume_ratio_last,open_interest_last,taker_flow_like,open_interest_like,primary_diversification_target,primary_diversification_target,level,delta_48h,mean_reversion_gate,"Mul(Neg(ZScore(taker_buy_sell_volume_ratio_last)),Sign(Delta(open_interest_last,48)))",taker_flow_like|open_interest_like,P0,ordinary_alpha_valid_family_diversification_probe,True,skel_ac3a45a1120f7842,prod_825cbdde4e9bf1a7,a7ff33_4ded5c71809abedf,shard_00
L4_factor_candidate_probe,D2_taker_flow_leverage,taker_flow_like|open_interest_like,taker_buy_sell_volume_ratio_last,open_interest_last,taker_flow_like,open_interest_like,primary_diversification_target,primary_diversification_target,level,rank,mean_reversion_gate,"Mul(Neg(ZScore(taker_buy_sell_volume_ratio_last)),Sign(Rank(open_interest_last)))",taker_flow_like|open_interest_like,P0,ordinary_alpha_valid_family_diversification_probe,True,skel_efac485476658a27,prod_4c142a97923cd9c8,a7ff33_37b9cb5e4cd9ebb9,shard_00
L2_typed_two_field_interaction,D2_taker_flow_leverage,taker_flow_like|open_interest_like,taker_buy_sell_volume_ratio_last,open_interest_last,taker_flow_like,open_interest_like,primary_diversification_target,primary_diversification_target,level,delta_2h,mul,"Mul(taker_buy_sell_volume_ratio_last,Delta(open_interest_last,2))",taker_flow_like|open_interest_like,P0,ordinary_alpha_valid_family_diversification_probe,True,skel_f8484b844efd270f,prod_ec42428e08bd20c2,a7ff33_7f8ab2534907476a,shard_00
L2_typed_two_field_interaction,D2_taker_flow_leverage,taker_flow_like|open_interest_like,taker_buy_sell_volume_ratio_last,open_interest_last,taker_flow_like,open_interest_like,primary_diversification_target,primary_diversification_target,level,delta_72h,mul,"Mul(taker_buy_sell_volume_ratio_last,Delta(open_interest_last,72))",taker_flow_like|open_interest_like,P0,ordinary_alpha_valid_family_diversification_probe,True,skel_f8484b844efd270f,prod_8c1ffe5d9245c300,a7ff33_7185254d62014328,shard_00
L2_typed_two_field_interaction,D2_taker_flow_leverage,taker_flow_like|open_interest_like,taker_buy_sell_volume_ratio_last,open_interest_value_last,taker_flow_like,open_interest_like,primary_diversification_target,primary_diversification_target,level,delta_1h,mul,"Mul(taker_buy_sell_volume_ratio_last,Delta(open_interest_value_last,1))",taker_flow_like|open_interest_like,P0,ordinary_alpha_valid_family_diversification_probe,True,skel_f8484b844efd270f,prod_46d3ae815a7f2583,a7ff33_2de1bbece0922380,shard_00
L2_typed_two_field_interaction,D2_taker_flow_leverage,taker_flow_like|open_interest_like,taker_buy_sell_volume_ratio_last,open_interest_last,taker_flow_like,open_interest_like,primary_diversification_target,primary_diversification_target,level,delta_4h,relative_shock,"Mul(Delta(taker_buy_sell_volume_ratio_last,4),ZScore(Delta(open_interest_last,4)))",taker_flow_like|open_interest_like,P0,ordinary_alpha_valid_family_diversification_probe,True,skel_3afee12eb6a9078f,prod_a54615cccbc9a31a,a7ff33_4464e066c90c4954,shard_00
L2_typed_two_field_interaction,D2_taker_flow_leverage,taker_flow_like|open_interest_like,taker_buy_sell_volume_ratio_last,open_interest_last,taker_flow_like,open_interest_like,primary_diversification_target,primary_diversification_target,level,delta_168h,relative_shock,"Mul(Delta(taker_buy_sell_volume_ratio_last,4),ZScore(Delta(open_interest_last,168)))",taker_flow_like|open_interest_like,P0,ordinary_alpha_valid_family_diversification_probe,True,skel_3afee12eb6a9078f,prod_99bb12a621131721,a7ff33_a63580351e3f1a74,shard_00
L2_typed_two_field_interaction,D2_taker_flow_leverage,taker_flow_like|open_interest_like,taker_buy_sell_volume_ratio_last,open_interest_value_last,taker_flow_like,open_interest_like,primary_diversification_target,primary_diversification_target,level,zmean_1h,relative_shock,"Mul(Delta(taker_buy_sell_volume_ratio_last,4),ZScore(ZScore(Mean(open_interest_value_last,1))))",taker_flow_like|open_interest_like,P0,ordinary_alpha_valid_family_diversification_probe,True,skel_156d0fafafecde17,prod_b976f48dc22d0d71,a7ff33_5c0f696a2e763387,shard_00
L4_factor_candidate_probe,D2_taker_flow_leverage,taker_flow_like|open_interest_like,taker_buy_sell_volume_ratio_last,open_interest_last,taker_flow_like,open_interest_like,primary_diversification_target,primary_diversification_target,level,delta_8h,safe_div_clip,"Clip(SafeDiv(taker_buy_sell_volume_ratio_last,Abs(Delta(open_interest_last,8))),-5,5)",taker_flow_like|open_interest_like,P0,ordinary_alpha_valid_family_diversification_probe,True,skel_6badd2926fa2941d,prod_a0f7b2197b237aa8,a7ff33_1d2a25e4ea39651c,shard_00
L4_factor_candidate_probe,D2_taker_flow_leverage,taker_flow_like|open_interest_like,taker_buy_sell_volume_ratio_last,open_interest_last,taker_flow_like,open_interest_like,primary_diversification_target,primary_diversification_target,level,abs_zmean_8h,safe_div_clip,"Clip(SafeDiv(taker_buy_sell_volume_ratio_last,Abs(Abs(ZScore(Mean(open_interest_last,8))))),-5,5)",taker_flow_like|open_interest_like,P0,ordinary_alpha_valid_family_diversification_probe,True,skel_080fd3890c9a221e,prod_5a3463e7a4db76d6,a7ff33_136dc5f21301aa3d,shard_00
L4_factor_candidate_probe,D2_taker_flow_leverage,taker_flow_like|open_interest_like,taker_buy_sell_volume_ratio_last,open_interest_value_last,taker_flow_like,open_interest_like,primary_diversification_target,primary_diversification_target,level,zmean_2h,safe_div_clip,"Clip(SafeDiv(taker_buy_sell_volume_ratio_last,Abs(ZScore(Mean(open_interest_value_last,2)))),-5,5)",taker_flow_like|open_interest_like,P0,ordinary_alpha_valid_family_diversification_probe,True,skel_589d907e5be597f9,prod_fbaa780aea5d7534,a7ff33_94153316629f3695,shard_00
L2_typed_two_field_interaction,D2_taker_flow_leverage,taker_flow_like|open_interest_like,taker_buy_sell_volume_ratio_last,open_interest_last,taker_flow_like,open_interest_like,primary_diversification_target,primary_diversification_target,level,delta_12h,signed_spread,"Mul(Sub(CSRank(taker_buy_sell_volume_ratio_last),CSRank(Delta(open_interest_last,12))),Sign(Delta(open_interest_last,12)))",taker_flow_like|open_interest_like,P0,ordinary_alpha_valid_family_diversification_probe,True,skel_ab37051588d52fcc,prod_85fc612b439d533f,a7ff33_55e54fd4357a6f30,shard_00
L2_typed_two_field_interaction,D2_taker_flow_leverage,taker_flow_like|open_interest_like,taker_buy_sell_volume_ratio_last,open_interest_last,taker_flow_like,open_interest_like,primary_diversification_target,primary_diversification_target,level,decay_24h,signed_spread,"Mul(Sub(CSRank(taker_buy_sell_volume_ratio_last),CSRank(Decay(open_interest_last,24))),Sign(Decay(open_interest_last,24)))",taker_flow_like|open_interest_like,P0,ordinary_alpha_valid_family_diversification_probe,True,skel_ab37051588d52fcc,prod_5375eb4312ef8d16,a7ff33_ca6325a847ae568c,shard_00
L2_typed_two_field_interaction,D2_taker_flow_leverage,taker_flow_like|open_interest_like,taker_buy_sell_volume_ratio_last,open_interest_value_last,taker_flow_like,open_interest_like,primary_diversification_target,primary_diversification_target,level,zmean_4h,signed_spread,"Mul(Sub(CSRank(taker_buy_sell_volume_ratio_last),CSRank(ZScore(Mean(open_interest_value_last,4)))),Sign(ZScore(Mean(open_interest_value_last,4))))",taker_flow_like|open_interest_like,P0,ordinary_alpha_valid_family_diversification_probe,True,skel_54e4d00dacb72134,prod_de7d1ef1c0e27deb,a7ff33_16274364951a305c,shard_00
L2_typed_two_field_interaction,D2_taker_flow_leverage,taker_flow_like|open_interest_like,taker_buy_sell_volume_ratio_last,open_interest_last,taker_flow_like,open_interest_like,primary_diversification_target,primary_diversification_target,level,delta_24h,smooth_mul,"Mean(Mul(taker_buy_sell_volume_ratio_last,Delta(open_interest_last,24)),4)",taker_flow_like|open_interest_like,P0,ordinary_alpha_valid_family_diversification_probe,True,skel_644ba0ee0d0e38ee,prod_c4d01e23a93f650a,a7ff33_15f4101019d630a2,shard_00
L2_typed_two_field_interaction,D2_taker_flow_leverage,taker_flow_like|open_interest_like,taker_buy_sell_volume_ratio_last,open_interest_last,taker_flow_like,open_interest_like,primary_diversification_target,primary_diversification_target,level,abs_zmean_168h,smooth_mul,"Mean(Mul(taker_buy_sell_volume_ratio_last,Abs(ZScore(Mean(open_interest_last,168)))),4)",taker_flow_like|open_interest_like,P0,ordinary_alpha_valid_family_diversification_probe,True,skel_9a0bd2e08153c947,prod_633a69c972f645fb,a7ff33_489287e9293fbe6e,shard_00
L2_typed_two_field_interaction,D2_taker_flow_leverage,taker_flow_like|open_interest_like,taker_buy_sell_volume_ratio_last,open_interest_last,taker_flow_like,open_interest_like,primary_diversification_target,primary_diversification_target,level,delta_1h,spread_rank,"Sub(CSRank(taker_buy_sell_volume_ratio_last),CSRank(Delta(open_interest_last,1)))",taker_flow_like|open_interest_like,P0,ordinary_alpha_valid_family_diversification_probe,True,skel_1a1b3fb29dff7328,prod_63ad067399bf641b,a7ff33_eb1ce3c9444c967c,shard_00
L2_typed_two_field_interaction,D2_taker_flow_leverage,taker_flow_like|open_interest_like,taker_buy_sell_volume_ratio_last,open_interest_last,taker_flow_like,open_interest_like,primary_diversification_target,primary_diversification_target,level,delta_48h,spread_rank,"Sub(CSRank(taker_buy_sell_volume_ratio_last),CSRank(Delta(open_interest_last,48)))",taker_flow_like|open_interest_like,P0,ordinary_alpha_valid_family_diversification_probe,True,skel_1a1b3fb29dff7328,prod_006a52697d25459e,a7ff33_845915dc8962dac6,shard_00
L2_typed_two_field_interaction,D2_taker_flow_leverage,taker_flow_like|open_interest_like,taker_buy_sell_volume_ratio_last,open_interest_last,taker_flow_like,open_interest_like,primary_diversification_target,primary_diversification_target,level,rank,spread_rank,"Sub(CSRank(taker_buy_sell_volume_ratio_last),CSRank(Rank(open_interest_last)))",taker_flow_like|open_interest_like,P0,ordinary_alpha_valid_family_diversification_probe,True,skel_897201905b87a210,prod_ac145efe7043c1bf,a7ff33_e32c1052fe2d5f6b,shard_00
L2_typed_two_field_interaction,D2_taker_flow_leverage,taker_flow_like|open_interest_like,taker_buy_sell_volume_ratio_last,open_interest_last,taker_flow_like,open_interest_like,primary_diversification_target,primary_diversification_target,level,delta_2h,sub,"Sub(taker_buy_sell_volume_ratio_last,Delta(open_interest_last,2))",taker_flow_like|open_interest_like,P0,ordinary_alpha_valid_family_diversification_probe,True,skel_f8484b844efd270f,prod_ece5a3475590c1d0,a7ff33_584d2f4ca89294c8,shard_00
L2_typed_two_field_interaction,D2_taker_flow_leverage,taker_flow_like|open_interest_like,taker_buy_sell_volume_ratio_last,open_interest_last,taker_flow_like,open_interest_like,primary_diversification_target,primary_diversification_target,level,delta_72h,sub,"Sub(taker_buy_sell_volume_ratio_last,Delta(open_interest_last,72))",taker_flow_like|open_interest_like,P0,ordinary_alpha_valid_family_diversification_probe,True,skel_f8484b844efd270f,prod_6f388ed276ecc1e4,a7ff33_a15ec02826a935fa,shard_00
L2_typed_two_field_interaction,D2_taker_flow_leverage,taker_flow_like|open_interest_like,taker_buy_sell_volume_ratio_last,open_interest_value_last,taker_flow_like,open_interest_like,primary_diversification_target,primary_diversification_target,level,level,sub,"Sub(taker_buy_sell_volume_ratio_last,open_interest_value_last)",taker_flow_like|open_interest_like,P0,ordinary_alpha_valid_family_diversification_probe,True,skel_337820bc5afcf6cc,prod_b74074256b58f086,a7ff33_362e8e61ec1c7e04,shard_00
L4_factor_candidate_probe,D2_taker_flow_leverage,taker_flow_like|open_interest_like,taker_buy_sell_volume_ratio_last,open_interest_last,taker_flow_like,open_interest_like,primary_diversification_target,primary_diversification_target,level,delta_4h,zspread,"Sub(ZScore(taker_buy_sell_volume_ratio_last),ZScore(Delta(open_interest_last,4)))",taker_flow_like|open_interest_like,P0,ordinary_alpha_valid_family_diversification_probe,True,skel_1a1b3fb29dff7328,prod_1c9d9c587c142ef3,a7ff33_2f6063baf4e959f2,shard_00
L4_factor_candidate_probe,D2_taker_flow_leverage,taker_flow_like|open_interest_like,taker_buy_sell_volume_ratio_last,open_interest_last,taker_flow_like,open_interest_like,primary_diversification_target,primary_diversification_target,level,delta_168h,zspread,"Sub(ZScore(taker_buy_sell_volume_ratio_last),ZScore(Delta(open_interest_last,168)))",taker_flow_like|open_interest_like,P0,ordinary_alpha_valid_family_diversification_probe,True,skel_1a1b3fb29dff7328,prod_9dca7a0eaa91807f,a7ff33_42f9e1c63278bd04,shard_00
L4_factor_candidate_probe,D2_taker_flow_leverage,taker_flow_like|open_interest_like,taker_buy_sell_volume_ratio_last,open_interest_value_last,taker_flow_like,open_interest_like,primary_diversification_target,primary_diversification_target,level,zmean_1h,zspread,"Sub(ZScore(taker_buy_sell_volume_ratio_last),ZScore(ZScore(Mean(open_interest_value_last,1))))",taker_flow_like|open_interest_like,P0,ordinary_alpha_valid_family_diversification_probe,True,skel_a923757a8885923c,prod_4bcac088eb045590,a7ff33_ea160b371ac5337a,shard_00
L2_typed_two_field_interaction,D3_liquidity_volatility_state,liquidity_like|volatility_like,trade_quote_volume,realized_vol_24h,liquidity_like,volatility_like,primary_diversification_target,primary_diversification_target,level,zmean_2h,gated_sign,"Mul(trade_quote_volume,Sign(ZScore(Mean(realized_vol_24h,2))))",liquidity_like|volatility_like,P0,ordinary_alpha_valid_family_diversification_probe,True,skel_c80f62c274b367a9,prod_dbb557294947c5ae,a7ff33_1206a9b1724ae0bf,shard_00
L2_typed_two_field_interaction,D3_liquidity_volatility_state,liquidity_like|volatility_like,trade_quote_volume,realized_vol_24h,liquidity_like,volatility_like,primary_diversification_target,primary_diversification_target,level,zmean_72h,gated_sign,"Mul(trade_quote_volume,Sign(ZScore(Mean(realized_vol_24h,72))))",liquidity_like|volatility_like,P0,ordinary_alpha_valid_family_diversification_probe,True,skel_c80f62c274b367a9,prod_e46320fe21fc361d,a7ff33_63c03bf1ddffff56,shard_00
L2_typed_two_field_interaction,D3_liquidity_volatility_state,liquidity_like|volatility_like,trade_quote_volume,realized_vol_72h,liquidity_like,volatility_like,primary_diversification_target,primary_diversification_target,level,mean_1h,gated_sign,"Mul(trade_quote_volume,Sign(Mean(realized_vol_72h,1)))",liquidity_like|volatility_like,P0,ordinary_alpha_valid_family_diversification_probe,True,skel_a2f58ee62d9e7ad2,prod_0479d90239a08a00,a7ff33_ba3946b64f7b99c8,shard_00
L4_factor_candidate_probe,D3_liquidity_volatility_state,liquidity_like|volatility_like,trade_quote_volume,realized_vol_24h,liquidity_like,volatility_like,primary_diversification_target,primary_diversification_target,level,zmean_4h,mean_reversion_gate,"Mul(Neg(ZScore(trade_quote_volume)),Sign(ZScore(Mean(realized_vol_24h,4))))",liquidity_like|volatility_like,P0,ordinary_alpha_valid_family_diversification_probe,True,skel_bee202f15f6c9956,prod_e762c8e0ee0ea56e,a7ff33_07cb2b7c68909439,shard_00
L4_factor_candidate_probe,D3_liquidity_volatility_state,liquidity_like|volatility_like,trade_quote_volume,realized_vol_24h,liquidity_like,volatility_like,primary_diversification_target,primary_diversification_target,level,zmean_168h,mean_reversion_gate,"Mul(Neg(ZScore(trade_quote_volume)),Sign(ZScore(Mean(realized_vol_24h,168))))",liquidity_like|volatility_like,P0,ordinary_alpha_valid_family_diversification_probe,True,skel_bee202f15f6c9956,prod_dad04295411e9f36,a7ff33_0c6d3806963d9031,shard_00
L4_factor_candidate_probe,D3_liquidity_volatility_state,liquidity_like|volatility_like,trade_quote_volume,realized_vol_72h,liquidity_like,volatility_like,primary_diversification_target,primary_diversification_target,level,mean_2h,mean_reversion_gate,"Mul(Neg(ZScore(trade_quote_volume)),Sign(Mean(realized_vol_72h,2)))",liquidity_like|volatility_like,P0,ordinary_alpha_valid_family_diversification_probe,True,skel_ac3a45a1120f7842,prod_90f9d035f0878076,a7ff33_7135fe97fd84ef27,shard_00
L2_typed_two_field_interaction,D3_liquidity_volatility_state,liquidity_like|volatility_like,trade_quote_volume,realized_vol_24h,liquidity_like,volatility_like,primary_diversification_target,primary_diversification_target,level,zmean_8h,mul,"Mul(trade_quote_volume,ZScore(Mean(realized_vol_24h,8)))",liquidity_like|volatility_like,P0,ordinary_alpha_valid_family_diversification_probe,True,skel_a2f58ee62d9e7ad2,prod_8c94ef67b3a2ed3f,a7ff33_2f88350bc77c3007,shard_00
L2_typed_two_field_interaction,D3_liquidity_volatility_state,liquidity_like|volatility_like,trade_quote_volume,realized_vol_24h,liquidity_like,volatility_like,primary_diversification_target,primary_diversification_target,level,abs_zmean_24h,mul,"Mul(trade_quote_volume,Abs(ZScore(Mean(realized_vol_24h,24))))",liquidity_like|volatility_like,P0,ordinary_alpha_valid_family_diversification_probe,True,skel_c80f62c274b367a9,prod_bfe76e5598e8eaa2,a7ff33_9fb7c7074b344a6d,shard_00
L2_typed_two_field_interaction,D3_liquidity_volatility_state,liquidity_like|volatility_like,trade_quote_volume,realized_vol_72h,liquidity_like,volatility_like,primary_diversification_target,primary_diversification_target,level,zmean_4h,mul,"Mul(trade_quote_volume,ZScore(Mean(realized_vol_72h,4)))",liquidity_like|volatility_like,P0,ordinary_alpha_valid_family_diversification_probe,True,skel_a2f58ee62d9e7ad2,prod_293b863bdd136312,a7ff33_d192010c262d9e57,shard_00
L2_typed_two_field_interaction,D3_liquidity_volatility_state,liquidity_like|volatility_like,trade_quote_volume,realized_vol_24h,liquidity_like,volatility_like,primary_diversification_target,primary_diversification_target,level,zmean_12h,relative_shock,"Mul(Delta(trade_quote_volume,4),ZScore(ZScore(Mean(realized_vol_24h,12))))",liquidity_like|volatility_like,P0,ordinary_alpha_valid_family_diversification_probe,True,skel_156d0fafafecde17,prod_419ae61e343eb591,a7ff33_c3588be04567ee1c,shard_00
L2_typed_two_field_interaction,D3_liquidity_volatility_state,liquidity_like|volatility_like,trade_quote_volume,realized_vol_24h,liquidity_like,volatility_like,primary_diversification_target,primary_diversification_target,level,decay_72h,relative_shock,"Mul(Delta(trade_quote_volume,4),ZScore(Decay(realized_vol_24h,72)))",liquidity_like|volatility_like,P0,ordinary_alpha_valid_family_diversification_probe,True,skel_3afee12eb6a9078f,prod_116837dcf04ccfb0,a7ff33_8a23f617ed26cdc8,shard_00
L4_factor_candidate_probe,D3_liquidity_volatility_state,liquidity_like|volatility_like,trade_quote_volume,realized_vol_24h,liquidity_like,volatility_like,primary_diversification_target,primary_diversification_target,level,level,safe_div_clip,"Clip(SafeDiv(trade_quote_volume,Abs(realized_vol_24h)),-5,5)",liquidity_like|volatility_like,P0,ordinary_alpha_valid_family_diversification_probe,True,skel_1f5d5deacde3900b,prod_c4e7953a2fd8097b,a7ff33_d48de8bd74e88063,shard_00
L4_factor_candidate_probe,D3_liquidity_volatility_state,liquidity_like|volatility_like,trade_quote_volume,realized_vol_24h,liquidity_like,volatility_like,primary_diversification_target,primary_diversification_target,level,zmean_24h,safe_div_clip,"Clip(SafeDiv(trade_quote_volume,Abs(ZScore(Mean(realized_vol_24h,24)))),-5,5)",liquidity_like|volatility_like,P0,ordinary_alpha_valid_family_diversification_probe,True,skel_589d907e5be597f9,prod_9612477b11e3c355,a7ff33_222ed86cd7ac1806,shard_00
L4_factor_candidate_probe,D3_liquidity_volatility_state,liquidity_like|volatility_like,trade_quote_volume,realized_vol_24h,liquidity_like,volatility_like,primary_diversification_target,primary_diversification_target,level,csrank,safe_div_clip,"Clip(SafeDiv(trade_quote_volume,Abs(CSRank(realized_vol_24h))),-5,5)",liquidity_like|volatility_like,P0,ordinary_alpha_valid_family_diversification_probe,True,skel_41ec6d20a318cec7,prod_e991658b128128e6,a7ff33_b1b2bb11f360f250,shard_00
L2_typed_two_field_interaction,D3_liquidity_volatility_state,liquidity_like|volatility_like,trade_quote_volume,realized_vol_24h,liquidity_like,volatility_like,primary_diversification_target,primary_diversification_target,level,zmean_1h,signed_spread,"Mul(Sub(CSRank(trade_quote_volume),CSRank(ZScore(Mean(realized_vol_24h,1)))),Sign(ZScore(Mean(realized_vol_24h,1))))",liquidity_like|volatility_like,P0,ordinary_alpha_valid_family_diversification_probe,True,skel_54e4d00dacb72134,prod_e0768edb500e4335,a7ff33_5c5fe6e3ed78f3ad,shard_00
L2_typed_two_field_interaction,D3_liquidity_volatility_state,liquidity_like|volatility_like,trade_quote_volume,realized_vol_24h,liquidity_like,volatility_like,primary_diversification_target,primary_diversification_target,level,zmean_48h,signed_spread,"Mul(Sub(CSRank(trade_quote_volume),CSRank(ZScore(Mean(realized_vol_24h,48)))),Sign(ZScore(Mean(realized_vol_24h,48))))",liquidity_like|volatility_like,P0,ordinary_alpha_valid_family_diversification_probe,True,skel_54e4d00dacb72134,prod_a60a6c809c7606dd,a7ff33_a910752c9be3a5e0,shard_00
L2_typed_two_field_interaction,D3_liquidity_volatility_state,liquidity_like|volatility_like,trade_quote_volume,realized_vol_24h,liquidity_like,volatility_like,primary_diversification_target,primary_diversification_target,level,clip_zscore,signed_spread,"Mul(Sub(CSRank(trade_quote_volume),CSRank(Clip(ZScore(realized_vol_24h),-3,3))),Sign(Clip(ZScore(realized_vol_24h),-3,3)))",liquidity_like|volatility_like,P0,ordinary_alpha_valid_family_diversification_probe,True,skel_c4248f97b6aa7011,prod_e566bdbb0b15ad51,a7ff33_41f60cb535607caf,shard_00
L2_typed_two_field_interaction,D3_liquidity_volatility_state,liquidity_like|volatility_like,trade_quote_volume,realized_vol_24h,liquidity_like,volatility_like,primary_diversification_target,primary_diversification_target,level,zmean_2h,smooth_mul,"Mean(Mul(trade_quote_volume,ZScore(Mean(realized_vol_24h,2))),4)",liquidity_like|volatility_like,P0,ordinary_alpha_valid_family_diversification_probe,True,skel_44a246af570899bb,prod_d2089d50792372c7,a7ff33_290246fea0d2a6ab,shard_00
L2_typed_two_field_interaction,D3_liquidity_volatility_state,liquidity_like|volatility_like,trade_quote_volume,realized_vol_24h,liquidity_like,volatility_like,primary_diversification_target,primary_diversification_target,level,zmean_72h,smooth_mul,"Mean(Mul(trade_quote_volume,ZScore(Mean(realized_vol_24h,72))),4)",liquidity_like|volatility_like,P0,ordinary_alpha_valid_family_diversification_probe,True,skel_44a246af570899bb,prod_67305e0e9b91423a,a7ff33_519401d8ace5b1db,shard_00
L2_typed_two_field_interaction,D3_liquidity_volatility_state,liquidity_like|volatility_like,trade_quote_volume,realized_vol_72h,liquidity_like,volatility_like,primary_diversification_target,primary_diversification_target,level,mean_1h,smooth_mul,"Mean(Mul(trade_quote_volume,Mean(realized_vol_72h,1)),4)",liquidity_like|volatility_like,P0,ordinary_alpha_valid_family_diversification_probe,True,skel_644ba0ee0d0e38ee,prod_a4a529d7ab8d4931,a7ff33_5c7b9c2221002655,shard_00
L2_typed_two_field_interaction,D3_liquidity_volatility_state,liquidity_like|volatility_like,trade_quote_volume,realized_vol_24h,liquidity_like,volatility_like,primary_diversification_target,primary_diversification_target,level,zmean_4h,spread_rank,"Sub(CSRank(trade_quote_volume),CSRank(ZScore(Mean(realized_vol_24h,4))))",liquidity_like|volatility_like,P0,ordinary_alpha_valid_family_diversification_probe,True,skel_a923757a8885923c,prod_5b2fac293f37fb76,a7ff33_92be915b3534f9cc,shard_00
L2_typed_two_field_interaction,D3_liquidity_volatility_state,liquidity_like|volatility_like,trade_quote_volume,realized_vol_24h,liquidity_like,volatility_like,primary_diversification_target,primary_diversification_target,level,zmean_168h,spread_rank,"Sub(CSRank(trade_quote_volume),CSRank(ZScore(Mean(realized_vol_24h,168))))",liquidity_like|volatility_like,P0,ordinary_alpha_valid_family_diversification_probe,True,skel_a923757a8885923c,prod_10a6668ee1fa17e3,a7ff33_2de95aaa0f259609,shard_00
L2_typed_two_field_interaction,D3_liquidity_volatility_state,liquidity_like|volatility_like,trade_quote_volume,realized_vol_72h,liquidity_like,volatility_like,primary_diversification_target,primary_diversification_target,level,mean_2h,spread_rank,"Sub(CSRank(trade_quote_volume),CSRank(Mean(realized_vol_72h,2)))",liquidity_like|volatility_like,P0,ordinary_alpha_valid_family_diversification_probe,True,skel_1a1b3fb29dff7328,prod_eb5db93263d9ef46,a7ff33_a5ec4db8b8efb8dc,shard_00
L2_typed_two_field_interaction,D3_liquidity_volatility_state,liquidity_like|volatility_like,trade_quote_volume,realized_vol_24h,liquidity_like,volatility_like,primary_diversification_target,primary_diversification_target,level,zmean_8h,sub,"Sub(trade_quote_volume,ZScore(Mean(realized_vol_24h,8)))",liquidity_like|volatility_like,P0,ordinary_alpha_valid_family_diversification_probe,True,skel_a2f58ee62d9e7ad2,prod_2055327c458a9645,a7ff33_590d875b7657dab9,shard_00
L2_typed_two_field_interaction,D3_liquidity_volatility_state,liquidity_like|volatility_like,trade_quote_volume,realized_vol_24h,liquidity_like,volatility_like,primary_diversification_target,primary_diversification_target,level,abs_zmean_24h,sub,"Sub(trade_quote_volume,Abs(ZScore(Mean(realized_vol_24h,24))))",liquidity_like|volatility_like,P0,ordinary_alpha_valid_family_diversification_probe,True,skel_c80f62c274b367a9,prod_5634de5e0496252a,a7ff33_0d718bbe2fbf554f,shard_00
L2_typed_two_field_interaction,D3_liquidity_volatility_state,liquidity_like|volatility_like,trade_quote_volume,realized_vol_72h,liquidity_like,volatility_like,primary_diversification_target,primary_diversification_target,level,mean_4h,sub,"Sub(trade_quote_volume,Mean(realized_vol_72h,4))",liquidity_like|volatility_like,P0,ordinary_alpha_valid_family_diversification_probe,True,skel_f8484b844efd270f,prod_b88357f3bb73a005,a7ff33_e08eb851ec7e5519,shard_00
L4_factor_candidate_probe,D3_liquidity_volatility_state,liquidity_like|volatility_like,trade_quote_volume,realized_vol_24h,liquidity_like,volatility_like,primary_diversification_target,primary_diversification_target,level,zmean_12h,zspread,"Sub(ZScore(trade_quote_volume),ZScore(ZScore(Mean(realized_vol_24h,12))))",liquidity_like|volatility_like,P0,ordinary_alpha_valid_family_diversification_probe,True,skel_a923757a8885923c,prod_76284c5a23b9a401,a7ff33_91b970fca2e0aa80,shard_00
L4_factor_candidate_probe,D3_liquidity_volatility_state,liquidity_like|volatility_like,trade_quote_volume,realized_vol_24h,liquidity_like,volatility_like,primary_diversification_target,primary_diversification_target,level,decay_72h,zspread,"Sub(ZScore(trade_quote_volume),ZScore(Decay(realized_vol_24h,72)))",liquidity_like|volatility_like,P0,ordinary_alpha_valid_family_diversification_probe,True,skel_1a1b3fb29dff7328,prod_50126259169c1390,a7ff33_2dceab0a0e641d85,shard_00
L2_typed_two_field_interaction,D3_liquidity_volatility_state,liquidity_like|volatility_like,trade_quote_volume,realized_vol_72h,liquidity_like,volatility_like,primary_diversification_target,primary_diversification_target,level,mean_8h,sub,"Sub(trade_quote_volume,Mean(realized_vol_72h,8))",liquidity_like|volatility_like,P0,ordinary_alpha_valid_family_diversification_probe,True,skel_f8484b844efd270f,prod_f6af43aa40132626,a7ff33_71a2efeb1e92b3a4,shard_00
L3_state_conditioned_feature,D4_regime_relative_value,regime_state|price_return_like,rolling_coverage_168h,trade_return_1h,regime_state,price_return_like,primary_diversification_target,primary_diversification_target,level,mean_12h,gated_sign,"Mul(rolling_coverage_168h,Sign(Mean(trade_return_1h,12)))",regime_state|price_return_like,P0,ordinary_alpha_valid_family_diversification_probe,True,skel_a2f58ee62d9e7ad2,prod_6d7175b5ad8907ff,a7ff33_97468fa4bc1c96af,shard_00
L3_state_conditioned_feature,D4_regime_relative_value,regime_state|price_return_like,rolling_coverage_168h,trade_return_24h,regime_state,price_return_like,primary_diversification_target,primary_diversification_target,level,level,gated_sign,"Mul(rolling_coverage_168h,Sign(trade_return_24h))",regime_state|price_return_like,P0,ordinary_alpha_valid_family_diversification_probe,True,skel_d9d4f69744bac825,prod_2e47aa634bf28b23,a7ff33_c577f058cea24991,shard_00
L3_state_conditioned_feature,D4_regime_relative_value,regime_state|price_return_like,rolling_coverage_168h,trade_return_24h,regime_state,price_return_like,primary_diversification_target,primary_diversification_target,level,zmean_24h,gated_sign,"Mul(rolling_coverage_168h,Sign(ZScore(Mean(trade_return_24h,24))))",regime_state|price_return_like,P0,ordinary_alpha_valid_family_diversification_probe,True,skel_c80f62c274b367a9,prod_7ed37a6187f3c340,a7ff33_31c412ce98af239b,shard_00
L4_factor_candidate_probe,D4_regime_relative_value,regime_state|price_return_like,rolling_coverage_168h,trade_return_1h,regime_state,price_return_like,primary_diversification_target,primary_diversification_target,level,mean_24h,mean_reversion_gate,"Mul(Neg(ZScore(rolling_coverage_168h)),Sign(Mean(trade_return_1h,24)))",regime_state|price_return_like,P0,ordinary_alpha_valid_family_diversification_probe,True,skel_ac3a45a1120f7842,prod_3cd0acb0d2f33b25,a7ff33_39d7fcf41ba52b6f,shard_00
L4_factor_candidate_probe,D4_regime_relative_value,regime_state|price_return_like,rolling_coverage_168h,trade_return_24h,regime_state,price_return_like,primary_diversification_target,primary_diversification_target,level,zmean_1h,mean_reversion_gate,"Mul(Neg(ZScore(rolling_coverage_168h)),Sign(ZScore(Mean(trade_return_24h,1))))",regime_state|price_return_like,P0,ordinary_alpha_valid_family_diversification_probe,True,skel_bee202f15f6c9956,prod_f56c5b866d0bc23b,a7ff33_31e32d791afe385f,shard_00
L3_state_conditioned_feature,D4_regime_relative_value,regime_state|price_return_like,rolling_coverage_168h,trade_return_1h,regime_state,price_return_like,primary_diversification_target,primary_diversification_target,level,mean_1h,mul,"Mul(rolling_coverage_168h,Mean(trade_return_1h,1))",regime_state|price_return_like,P0,ordinary_alpha_valid_family_diversification_probe,True,skel_f8484b844efd270f,prod_9f8918d2854b62e5,a7ff33_d49ba022e7124086,shard_00
L3_state_conditioned_feature,D4_regime_relative_value,regime_state|price_return_like,rolling_coverage_168h,trade_return_1h,regime_state,price_return_like,primary_diversification_target,primary_diversification_target,level,mean_48h,mul,"Mul(rolling_coverage_168h,Mean(trade_return_1h,48))",regime_state|price_return_like,P0,ordinary_alpha_valid_family_diversification_probe,True,skel_f8484b844efd270f,prod_6a95f51fcab5d23c,a7ff33_adad6f97b85b3780,shard_00
L3_state_conditioned_feature,D4_regime_relative_value,regime_state|price_return_like,rolling_coverage_168h,trade_return_24h,regime_state,price_return_like,primary_diversification_target,primary_diversification_target,level,delta_4h,mul,"Mul(rolling_coverage_168h,Delta(trade_return_24h,4))",regime_state|price_return_like,P0,ordinary_alpha_valid_family_diversification_probe,True,skel_f8484b844efd270f,prod_0b16db07b38f3093,a7ff33_3830b249d71f1e00,shard_00
L3_state_conditioned_feature,D4_regime_relative_value,regime_state|price_return_like,rolling_coverage_168h,trade_return_1h,regime_state,price_return_like,primary_diversification_target,primary_diversification_target,level,mean_2h,relative_shock,"Mul(Delta(rolling_coverage_168h,4),ZScore(Mean(trade_return_1h,2)))",regime_state|price_return_like,P0,ordinary_alpha_valid_family_diversification_probe,True,skel_3afee12eb6a9078f,prod_373815cb2db1391b,a7ff33_e7aa093f6d051b90,shard_00
L3_state_conditioned_feature,D4_regime_relative_value,regime_state|price_return_like,rolling_coverage_168h,trade_return_1h,regime_state,price_return_like,primary_diversification_target,primary_diversification_target,level,mean_72h,relative_shock,"Mul(Delta(rolling_coverage_168h,4),ZScore(Mean(trade_return_1h,72)))",regime_state|price_return_like,P0,ordinary_alpha_valid_family_diversification_probe,True,skel_3afee12eb6a9078f,prod_1671856e0d2b62ba,a7ff33_7b2cd4d4e3e8776c,shard_00
L3_state_conditioned_feature,D4_regime_relative_value,regime_state|price_return_like,rolling_coverage_168h,trade_return_24h,regime_state,price_return_like,primary_diversification_target,primary_diversification_target,level,zmean_4h,relative_shock,"Mul(Delta(rolling_coverage_168h,4),ZScore(ZScore(Mean(trade_return_24h,4))))",regime_state|price_return_like,P0,ordinary_alpha_valid_family_diversification_probe,True,skel_156d0fafafecde17,prod_0db7960d774d5bf5,a7ff33_a7aa900a5772c944,shard_00
L4_factor_candidate_probe,D4_regime_relative_value,regime_state|price_return_like,rolling_coverage_168h,trade_return_1h,regime_state,price_return_like,primary_diversification_target,primary_diversification_target,level,mean_4h,safe_div_clip,"Clip(SafeDiv(rolling_coverage_168h,Abs(Mean(trade_return_1h,4))),-5,5)",regime_state|price_return_like,P0,ordinary_alpha_valid_family_diversification_probe,True,skel_6badd2926fa2941d,prod_1c0fa76d8b6ea306,a7ff33_e02b134c8f6b8395,shard_00
L4_factor_candidate_probe,D4_regime_relative_value,regime_state|price_return_like,rolling_coverage_168h,trade_return_1h,regime_state,price_return_like,primary_diversification_target,primary_diversification_target,level,mean_168h,safe_div_clip,"Clip(SafeDiv(rolling_coverage_168h,Abs(Mean(trade_return_1h,168))),-5,5)",regime_state|price_return_like,P0,ordinary_alpha_valid_family_diversification_probe,True,skel_6badd2926fa2941d,prod_64179f438161e399,a7ff33_a278f8a29bab7696,shard_00
L4_factor_candidate_probe,D4_regime_relative_value,regime_state|price_return_like,rolling_coverage_168h,trade_return_24h,regime_state,price_return_like,primary_diversification_target,primary_diversification_target,level,zmean_8h,safe_div_clip,"Clip(SafeDiv(rolling_coverage_168h,Abs(ZScore(Mean(trade_return_24h,8)))),-5,5)",regime_state|price_return_like,P0,ordinary_alpha_valid_family_diversification_probe,True,skel_589d907e5be597f9,prod_d15e20b4b2553596,a7ff33_1b6aef4cc954931e,shard_00
L3_state_conditioned_feature,D4_regime_relative_value,regime_state|price_return_like,rolling_coverage_168h,trade_return_1h,regime_state,price_return_like,primary_diversification_target,primary_diversification_target,level,mean_8h,signed_spread,"Mul(Sub(CSRank(rolling_coverage_168h),CSRank(Mean(trade_return_1h,8))),Sign(Mean(trade_return_1h,8)))",regime_state|price_return_like,P0,ordinary_alpha_valid_family_diversification_probe,True,skel_ab37051588d52fcc,prod_e9820b2791a125b4,a7ff33_677aee9e4aba42c7,shard_00
L3_state_conditioned_feature,D4_regime_relative_value,regime_state|price_return_like,rolling_coverage_168h,trade_return_1h,regime_state,price_return_like,primary_diversification_target,primary_diversification_target,level,rank,signed_spread,"Mul(Sub(CSRank(rolling_coverage_168h),CSRank(Rank(trade_return_1h))),Sign(Rank(trade_return_1h)))",regime_state|price_return_like,P0,ordinary_alpha_valid_family_diversification_probe,True,skel_5fa21a3a057ad658,prod_84b1514678e28d84,a7ff33_8db427e02079fa8c,shard_00
L3_state_conditioned_feature,D4_regime_relative_value,regime_state|price_return_like,rolling_coverage_168h,trade_return_24h,regime_state,price_return_like,primary_diversification_target,primary_diversification_target,level,zmean_12h,signed_spread,"Mul(Sub(CSRank(rolling_coverage_168h),CSRank(ZScore(Mean(trade_return_24h,12)))),Sign(ZScore(Mean(trade_return_24h,12))))",regime_state|price_return_like,P0,ordinary_alpha_valid_family_diversification_probe,True,skel_54e4d00dacb72134,prod_3fc0b4b51e0253a3,a7ff33_84f9411e8e9fcb0a,shard_00
L3_state_conditioned_feature,D4_regime_relative_value,regime_state|price_return_like,rolling_coverage_168h,trade_return_1h,regime_state,price_return_like,primary_diversification_target,primary_diversification_target,level,mean_12h,smooth_mul,"Mean(Mul(rolling_coverage_168h,Mean(trade_return_1h,12)),4)",regime_state|price_return_like,P0,ordinary_alpha_valid_family_diversification_probe,True,skel_644ba0ee0d0e38ee,prod_c25eee38c33b7f84,a7ff33_3624e2618119b641,shard_00
L3_state_conditioned_feature,D4_regime_relative_value,regime_state|price_return_like,rolling_coverage_168h,trade_return_24h,regime_state,price_return_like,primary_diversification_target,primary_diversification_target,level,level,smooth_mul,"Mean(Mul(rolling_coverage_168h,trade_return_24h),4)",regime_state|price_return_like,P0,ordinary_alpha_valid_family_diversification_probe,True,skel_356a5f3fab58eb27,prod_8195b9e613f2609d,a7ff33_90746f9ca3bab024,shard_00
L3_state_conditioned_feature,D4_regime_relative_value,regime_state|price_return_like,rolling_coverage_168h,trade_return_24h,regime_state,price_return_like,primary_diversification_target,primary_diversification_target,level,zmean_24h,smooth_mul,"Mean(Mul(rolling_coverage_168h,ZScore(Mean(trade_return_24h,24))),4)",regime_state|price_return_like,P0,ordinary_alpha_valid_family_diversification_probe,True,skel_44a246af570899bb,prod_ed53c7430939c824,a7ff33_1460af5f103a1089,shard_00
L3_state_conditioned_feature,D4_regime_relative_value,regime_state|price_return_like,rolling_coverage_168h,trade_return_1h,regime_state,price_return_like,primary_diversification_target,primary_diversification_target,level,mean_24h,spread_rank,"Sub(CSRank(rolling_coverage_168h),CSRank(Mean(trade_return_1h,24)))",regime_state|price_return_like,P0,ordinary_alpha_valid_family_diversification_probe,True,skel_1a1b3fb29dff7328,prod_75ec29c931bf6395,a7ff33_f9c92744a9d5bec6,shard_00
L3_state_conditioned_feature,D4_regime_relative_value,regime_state|price_return_like,rolling_coverage_168h,trade_return_24h,regime_state,price_return_like,primary_diversification_target,primary_diversification_target,level,zmean_1h,spread_rank,"Sub(CSRank(rolling_coverage_168h),CSRank(ZScore(Mean(trade_return_24h,1))))",regime_state|price_return_like,P0,ordinary_alpha_valid_family_diversification_probe,True,skel_a923757a8885923c,prod_cc47872f92ba872a,a7ff33_17e6f9abee0037a9,shard_00
L3_state_conditioned_feature,D4_regime_relative_value,regime_state|price_return_like,rolling_coverage_168h,trade_return_1h,regime_state,price_return_like,primary_diversification_target,primary_diversification_target,level,mean_1h,sub,"Sub(rolling_coverage_168h,Mean(trade_return_1h,1))",regime_state|price_return_like,P0,ordinary_alpha_valid_family_diversification_probe,True,skel_f8484b844efd270f,prod_0c55394a8247bdd9,a7ff33_deaaf8b6a0027adf,shard_00
L3_state_conditioned_feature,D4_regime_relative_value,regime_state|price_return_like,rolling_coverage_168h,trade_return_1h,regime_state,price_return_like,primary_diversification_target,primary_diversification_target,level,mean_48h,sub,"Sub(rolling_coverage_168h,Mean(trade_return_1h,48))",regime_state|price_return_like,P0,ordinary_alpha_valid_family_diversification_probe,True,skel_f8484b844efd270f,prod_e3e16273b2645b8c,a7ff33_f52f6ffbc748ff4a,shard_00
L3_state_conditioned_feature,D4_regime_relative_value,regime_state|price_return_like,rolling_coverage_168h,trade_return_24h,regime_state,price_return_like,primary_diversification_target,primary_diversification_target,level,zmean_2h,sub,"Sub(rolling_coverage_168h,ZScore(Mean(trade_return_24h,2)))",regime_state|price_return_like,P0,ordinary_alpha_valid_family_diversification_probe,True,skel_a2f58ee62d9e7ad2,prod_8c3727c3ceb62193,a7ff33_4abb4cbeb7fd3dac,shard_00
L4_factor_candidate_probe,D4_regime_relative_value,regime_state|price_return_like,rolling_coverage_168h,trade_return_1h,regime_state,price_return_like,primary_diversification_target,primary_diversification_target,level,mean_2h,zspread,"Sub(ZScore(rolling_coverage_168h),ZScore(Mean(trade_return_1h,2)))",regime_state|price_return_like,P0,ordinary_alpha_valid_family_diversification_probe,True,skel_1a1b3fb29dff7328,prod_2cab86efc09d5ac8,a7ff33_06316d4ecb7dc088,shard_00
L4_factor_candidate_probe,D4_regime_relative_value,regime_state|price_return_like,rolling_coverage_168h,trade_return_1h,regime_state,price_return_like,primary_diversification_target,primary_diversification_target,level,mean_72h,zspread,"Sub(ZScore(rolling_coverage_168h),ZScore(Mean(trade_return_1h,72)))",regime_state|price_return_like,P0,ordinary_alpha_valid_family_diversification_probe,True,skel_1a1b3fb29dff7328,prod_0e37fa9aa6abb5ed,a7ff33_5bd298e3c08b2669,shard_00
L4_factor_candidate_probe,D4_regime_relative_value,regime_state|price_return_like,rolling_coverage_168h,trade_return_24h,regime_state,price_return_like,primary_diversification_target,primary_diversification_target,level,zmean_4h,zspread,"Sub(ZScore(rolling_coverage_168h),ZScore(ZScore(Mean(trade_return_24h,4))))",regime_state|price_return_like,P0,ordinary_alpha_valid_family_diversification_probe,True,skel_a923757a8885923c,prod_02b56ced171a4933,a7ff33_c18272cc56bad50f,shard_00
L2_typed_two_field_interaction,D5_funding_dense_state,funding_like|basis_premium_like,funding_rate_state_last_ffill_8h,mark_index_basis_bps,funding_like,basis_premium_like,dense_materializer_target,dense_materializer_target,level,delta_2h,gated_sign,"Mul(funding_rate_state_last_ffill_8h,Sign(Delta(mark_index_basis_bps,2)))",funding_like|basis_premium_like,P1,ordinary_alpha_valid_family_diversification_probe,True,skel_a2f58ee62d9e7ad2,prod_0292ec2dcda1b2cb,a7ff33_fd0c86833ea16ec5,shard_00
L2_typed_two_field_interaction,D5_funding_dense_state,funding_like|basis_premium_like,funding_rate_state_last_ffill_8h,mark_index_basis_bps,funding_like,basis_premium_like,dense_materializer_target,dense_materializer_target,level,delta_72h,gated_sign,"Mul(funding_rate_state_last_ffill_8h,Sign(Delta(mark_index_basis_bps,72)))",funding_like|basis_premium_like,P1,ordinary_alpha_valid_family_diversification_probe,True,skel_a2f58ee62d9e7ad2,prod_67d245c711fe7e37,a7ff33_9f58c4ca693856aa,shard_00
L2_typed_two_field_interaction,D5_funding_dense_state,funding_like|basis_premium_like,funding_rate_state_last_ffill_8h,premium_close_bps,funding_like,basis_premium_like,dense_materializer_target,dense_materializer_target,level,level,gated_sign,"Mul(funding_rate_state_last_ffill_8h,Sign(premium_close_bps))",funding_like|basis_premium_like,P1,ordinary_alpha_valid_family_diversification_probe,True,skel_d9d4f69744bac825,prod_0f0d8fa27693b4ee,a7ff33_52d6283b9625fe17,shard_00
L4_factor_candidate_probe,D5_funding_dense_state,funding_like|basis_premium_like,funding_rate_state_last_ffill_8h,mark_index_basis_bps,funding_like,basis_premium_like,dense_materializer_target,dense_materializer_target,level,delta_4h,mean_reversion_gate,"Mul(Neg(ZScore(funding_rate_state_last_ffill_8h)),Sign(Delta(mark_index_basis_bps,4)))",funding_like|basis_premium_like,P1,ordinary_alpha_valid_family_diversification_probe,True,skel_ac3a45a1120f7842,prod_be54bcb08703d72f,a7ff33_f032081c9c4ae225,shard_00
L4_factor_candidate_probe,D5_funding_dense_state,funding_like|basis_premium_like,funding_rate_state_last_ffill_8h,mark_index_basis_bps,funding_like,basis_premium_like,dense_materializer_target,dense_materializer_target,level,delta_168h,mean_reversion_gate,"Mul(Neg(ZScore(funding_rate_state_last_ffill_8h)),Sign(Delta(mark_index_basis_bps,168)))",funding_like|basis_premium_like,P1,ordinary_alpha_valid_family_diversification_probe,True,skel_ac3a45a1120f7842,prod_e7e20c4198f6d0e9,a7ff33_defd9e9c5b9a355e,shard_00
L4_factor_candidate_probe,D5_funding_dense_state,funding_like|basis_premium_like,funding_rate_state_last_ffill_8h,premium_close_bps,funding_like,basis_premium_like,dense_materializer_target,dense_materializer_target,level,zmean_1h,mean_reversion_gate,"Mul(Neg(ZScore(funding_rate_state_last_ffill_8h)),Sign(ZScore(Mean(premium_close_bps,1))))",funding_like|basis_premium_like,P1,ordinary_alpha_valid_family_diversification_probe,True,skel_bee202f15f6c9956,prod_c658e959bd083472,a7ff33_6c3809e960824acb,shard_00
L2_typed_two_field_interaction,D5_funding_dense_state,funding_like|basis_premium_like,funding_rate_state_last_ffill_8h,mark_index_basis_bps,funding_like,basis_premium_like,dense_materializer_target,dense_materializer_target,level,delta_8h,mul,"Mul(funding_rate_state_last_ffill_8h,Delta(mark_index_basis_bps,8))",funding_like|basis_premium_like,P1,ordinary_alpha_valid_family_diversification_probe,True,skel_f8484b844efd270f,prod_a9b10a766cc0fab1,a7ff33_47d49abe905c7017,shard_00
L2_typed_two_field_interaction,D5_funding_dense_state,funding_like|basis_premium_like,funding_rate_state_last_ffill_8h,mark_index_basis_bps,funding_like,basis_premium_like,dense_materializer_target,dense_materializer_target,level,abs_zmean_8h,mul,"Mul(funding_rate_state_last_ffill_8h,Abs(ZScore(Mean(mark_index_basis_bps,8))))",funding_like|basis_premium_like,P1,ordinary_alpha_valid_family_diversification_probe,True,skel_c80f62c274b367a9,prod_22c6e93205f6f7d0,a7ff33_741c60ca57d66526,shard_00
L2_typed_two_field_interaction,D5_funding_dense_state,funding_like|basis_premium_like,funding_rate_state_last_ffill_8h,premium_close_bps,funding_like,basis_premium_like,dense_materializer_target,dense_materializer_target,level,delta_4h,mul,"Mul(funding_rate_state_last_ffill_8h,Delta(premium_close_bps,4))",funding_like|basis_premium_like,P1,ordinary_alpha_valid_family_diversification_probe,True,skel_f8484b844efd270f,prod_68d0647baf9917e4,a7ff33_c0197cf0087055f5,shard_00
L2_typed_two_field_interaction,D5_funding_dense_state,funding_like|basis_premium_like,funding_rate_state_last_ffill_8h,mark_index_basis_bps,funding_like,basis_premium_like,dense_materializer_target,dense_materializer_target,level,delta_12h,relative_shock,"Mul(Delta(funding_rate_state_last_ffill_8h,4),ZScore(Delta(mark_index_basis_bps,12)))",funding_like|basis_premium_like,P1,ordinary_alpha_valid_family_diversification_probe,True,skel_3afee12eb6a9078f,prod_773020af66fece93,a7ff33_ebb44cc56ae66fbc,shard_00
L2_typed_two_field_interaction,D5_funding_dense_state,funding_like|basis_premium_like,funding_rate_state_last_ffill_8h,mark_index_basis_bps,funding_like,basis_premium_like,dense_materializer_target,dense_materializer_target,level,decay_24h,relative_shock,"Mul(Delta(funding_rate_state_last_ffill_8h,4),ZScore(Decay(mark_index_basis_bps,24)))",funding_like|basis_premium_like,P1,ordinary_alpha_valid_family_diversification_probe,True,skel_3afee12eb6a9078f,prod_9f16b1f2c8a8acae,a7ff33_2f126c211895aa83,shard_00
L2_typed_two_field_interaction,D5_funding_dense_state,funding_like|basis_premium_like,funding_rate_state_last_ffill_8h,premium_close_bps,funding_like,basis_premium_like,dense_materializer_target,dense_materializer_target,level,zmean_4h,relative_shock,"Mul(Delta(funding_rate_state_last_ffill_8h,4),ZScore(ZScore(Mean(premium_close_bps,4))))",funding_like|basis_premium_like,P1,ordinary_alpha_valid_family_diversification_probe,True,skel_156d0fafafecde17,prod_bdebf9394d5a3215,a7ff33_d917f104ad228092,shard_00
L4_factor_candidate_probe,D5_funding_dense_state,funding_like|basis_premium_like,funding_rate_state_last_ffill_8h,mark_index_basis_bps,funding_like,basis_premium_like,dense_materializer_target,dense_materializer_target,level,delta_24h,safe_div_clip,"Clip(SafeDiv(funding_rate_state_last_ffill_8h,Abs(Delta(mark_index_basis_bps,24))),-5,5)",funding_like|basis_premium_like,P1,ordinary_alpha_valid_family_diversification_probe,True,skel_6badd2926fa2941d,prod_8531f67bf73c0a76,a7ff33_0671f2d8ed618124,shard_00
L4_factor_candidate_probe,D5_funding_dense_state,funding_like|basis_premium_like,funding_rate_state_last_ffill_8h,mark_index_basis_bps,funding_like,basis_premium_like,dense_materializer_target,dense_materializer_target,level,abs_zmean_168h,safe_div_clip,"Clip(SafeDiv(funding_rate_state_last_ffill_8h,Abs(Abs(ZScore(Mean(mark_index_basis_bps,168))))),-5,5)",funding_like|basis_premium_like,P1,ordinary_alpha_valid_family_diversification_probe,True,skel_080fd3890c9a221e,prod_14c338a25cdf9930,a7ff33_31307b7d92a4f8c5,shard_00
L2_typed_two_field_interaction,D5_funding_dense_state,funding_like|basis_premium_like,funding_rate_state_last_ffill_8h,mark_index_basis_bps,funding_like,basis_premium_like,dense_materializer_target,dense_materializer_target,level,delta_1h,signed_spread,"Mul(Sub(CSRank(funding_rate_state_last_ffill_8h),CSRank(Delta(mark_index_basis_bps,1))),Sign(Delta(mark_index_basis_bps,1)))",funding_like|basis_premium_like,P1,ordinary_alpha_valid_family_diversification_probe,True,skel_ab37051588d52fcc,prod_3871dc33ae6afb1e,a7ff33_1d0f01f79dc7b013,shard_00
L2_typed_two_field_interaction,D5_funding_dense_state,funding_like|basis_premium_like,funding_rate_state_last_ffill_8h,mark_index_basis_bps,funding_like,basis_premium_like,dense_materializer_target,dense_materializer_target,level,delta_48h,signed_spread,"Mul(Sub(CSRank(funding_rate_state_last_ffill_8h),CSRank(Delta(mark_index_basis_bps,48))),Sign(Delta(mark_index_basis_bps,48)))",funding_like|basis_premium_like,P1,ordinary_alpha_valid_family_diversification_probe,True,skel_ab37051588d52fcc,prod_722c70a956ca8beb,a7ff33_97fa9fbf69cd4e12,shard_00
L2_typed_two_field_interaction,D5_funding_dense_state,funding_like|basis_premium_like,funding_rate_state_last_ffill_8h,mark_index_basis_bps,funding_like,basis_premium_like,dense_materializer_target,dense_materializer_target,level,rank,signed_spread,"Mul(Sub(CSRank(funding_rate_state_last_ffill_8h),CSRank(Rank(mark_index_basis_bps))),Sign(Rank(mark_index_basis_bps)))",funding_like|basis_premium_like,P1,ordinary_alpha_valid_family_diversification_probe,True,skel_5fa21a3a057ad658,prod_5316971163db4359,a7ff33_909e978c71203a7d,shard_00
L2_typed_two_field_interaction,D5_funding_dense_state,funding_like|basis_premium_like,funding_rate_state_last_ffill_8h,mark_index_basis_bps,funding_like,basis_premium_like,dense_materializer_target,dense_materializer_target,level,delta_2h,smooth_mul,"Mean(Mul(funding_rate_state_last_ffill_8h,Delta(mark_index_basis_bps,2)),4)",funding_like|basis_premium_like,P1,ordinary_alpha_valid_family_diversification_probe,True,skel_644ba0ee0d0e38ee,prod_108c855ceb777401,a7ff33_3e1c92b483074f8d,shard_00
L2_typed_two_field_interaction,D5_funding_dense_state,funding_like|basis_premium_like,funding_rate_state_last_ffill_8h,mark_index_basis_bps,funding_like,basis_premium_like,dense_materializer_target,dense_materializer_target,level,delta_72h,smooth_mul,"Mean(Mul(funding_rate_state_last_ffill_8h,Delta(mark_index_basis_bps,72)),4)",funding_like|basis_premium_like,P1,ordinary_alpha_valid_family_diversification_probe,True,skel_644ba0ee0d0e38ee,prod_19aa7063589afdba,a7ff33_7b71a072a50f4886,shard_00
L2_typed_two_field_interaction,D5_funding_dense_state,funding_like|basis_premium_like,funding_rate_state_last_ffill_8h,premium_close_bps,funding_like,basis_premium_like,dense_materializer_target,dense_materializer_target,level,level,smooth_mul,"Mean(Mul(funding_rate_state_last_ffill_8h,premium_close_bps),4)",funding_like|basis_premium_like,P1,ordinary_alpha_valid_family_diversification_probe,True,skel_356a5f3fab58eb27,prod_55885881fa55ef31,a7ff33_d2c46e4776c596ea,shard_00
L2_typed_two_field_interaction,D5_funding_dense_state,funding_like|basis_premium_like,funding_rate_state_last_ffill_8h,mark_index_basis_bps,funding_like,basis_premium_like,dense_materializer_target,dense_materializer_target,level,delta_4h,spread_rank,"Sub(CSRank(funding_rate_state_last_ffill_8h),CSRank(Delta(mark_index_basis_bps,4)))",funding_like|basis_premium_like,P1,ordinary_alpha_valid_family_diversification_probe,True,skel_1a1b3fb29dff7328,prod_2268bcae49e54241,a7ff33_78deaf8d187041be,shard_00
L2_typed_two_field_interaction,D5_funding_dense_state,funding_like|basis_premium_like,funding_rate_state_last_ffill_8h,mark_index_basis_bps,funding_like,basis_premium_like,dense_materializer_target,dense_materializer_target,level,delta_168h,spread_rank,"Sub(CSRank(funding_rate_state_last_ffill_8h),CSRank(Delta(mark_index_basis_bps,168)))",funding_like|basis_premium_like,P1,ordinary_alpha_valid_family_diversification_probe,True,skel_1a1b3fb29dff7328,prod_05e514534b03b5d0,a7ff33_59bdc6a223be9d05,shard_00
L2_typed_two_field_interaction,D5_funding_dense_state,funding_like|basis_premium_like,funding_rate_state_last_ffill_8h,premium_close_bps,funding_like,basis_premium_like,dense_materializer_target,dense_materializer_target,level,zmean_1h,spread_rank,"Sub(CSRank(funding_rate_state_last_ffill_8h),CSRank(ZScore(Mean(premium_close_bps,1))))",funding_like|basis_premium_like,P1,ordinary_alpha_valid_family_diversification_probe,True,skel_a923757a8885923c,prod_bbe12f213de9050b,a7ff33_9940f0dd3256eeda,shard_00
L2_typed_two_field_interaction,D5_funding_dense_state,funding_like|basis_premium_like,funding_rate_state_last_ffill_8h,mark_index_basis_bps,funding_like,basis_premium_like,dense_materializer_target,dense_materializer_target,level,delta_8h,sub,"Sub(funding_rate_state_last_ffill_8h,Delta(mark_index_basis_bps,8))",funding_like|basis_premium_like,P1,ordinary_alpha_valid_family_diversification_probe,True,skel_f8484b844efd270f,prod_1355adf52af3f81f,a7ff33_6b1a193355eadd23,shard_00
L2_typed_two_field_interaction,D5_funding_dense_state,funding_like|basis_premium_like,funding_rate_state_last_ffill_8h,mark_index_basis_bps,funding_like,basis_premium_like,dense_materializer_target,dense_materializer_target,level,abs_zmean_8h,sub,"Sub(funding_rate_state_last_ffill_8h,Abs(ZScore(Mean(mark_index_basis_bps,8))))",funding_like|basis_premium_like,P1,ordinary_alpha_valid_family_diversification_probe,True,skel_c80f62c274b367a9,prod_5a4f0758dac5f91c,a7ff33_857ca3cc2b850efe,shard_00
L2_typed_two_field_interaction,D5_funding_dense_state,funding_like|basis_premium_like,funding_rate_state_last_ffill_8h,premium_close_bps,funding_like,basis_premium_like,dense_materializer_target,dense_materializer_target,level,zmean_2h,sub,"Sub(funding_rate_state_last_ffill_8h,ZScore(Mean(premium_close_bps,2)))",funding_like|basis_premium_like,P1,ordinary_alpha_valid_family_diversification_probe,True,skel_a2f58ee62d9e7ad2,prod_2ea4c3a6e4d1989a,a7ff33_69fd065f2765d0ad,shard_00
L4_factor_candidate_probe,D5_funding_dense_state,funding_like|basis_premium_like,funding_rate_state_last_ffill_8h,mark_index_basis_bps,funding_like,basis_premium_like,dense_materializer_target,dense_materializer_target,level,delta_12h,zspread,"Sub(ZScore(funding_rate_state_last_ffill_8h),ZScore(Delta(mark_index_basis_bps,12)))",funding_like|basis_premium_like,P1,ordinary_alpha_valid_family_diversification_probe,True,skel_1a1b3fb29dff7328,prod_a45592218515ed1a,a7ff33_0f11f1f312e75801,shard_00
L4_factor_candidate_probe,D5_funding_dense_state,funding_like|basis_premium_like,funding_rate_state_last_ffill_8h,mark_index_basis_bps,funding_like,basis_premium_like,dense_materializer_target,dense_materializer_target,level,decay_24h,zspread,"Sub(ZScore(funding_rate_state_last_ffill_8h),ZScore(Decay(mark_index_basis_bps,24)))",funding_like|basis_premium_like,P1,ordinary_alpha_valid_family_diversification_probe,True,skel_1a1b3fb29dff7328,prod_49fe4749c9c66408,a7ff33_3d0032c554b4999e,shard_00
L4_factor_candidate_probe,D5_funding_dense_state,funding_like|basis_premium_like,funding_rate_state_last_ffill_8h,premium_close_bps,funding_like,basis_premium_like,dense_materializer_target,dense_materializer_target,level,zmean_4h,zspread,"Sub(ZScore(funding_rate_state_last_ffill_8h),ZScore(ZScore(Mean(premium_close_bps,4))))",funding_like|basis_premium_like,P1,ordinary_alpha_valid_family_diversification_probe,True,skel_a923757a8885923c,prod_ef1728b8b6094f11,a7ff33_b5b81c4fa94f60f6,shard_00
L3_state_conditioned_feature,D6_listing_latent_lifecycle,listing_age_like|latent_state,sqrt_listing_age_days,raw_latent_state_id,listing_age_like,latent_state,diagnostic_to_signal_bridge,diagnostic_to_signal_bridge,level,zmean_8h,gated_sign,"Mul(sqrt_listing_age_days,Sign(ZScore(Mean(raw_latent_state_id,8))))",listing_age_like|latent_state,P1,ordinary_alpha_valid_family_diversification_probe,True,skel_c80f62c274b367a9,prod_599575f3e215d572,a7ff33_b0a51f7a08f7f3b9,shard_00
L3_state_conditioned_feature,D6_listing_latent_lifecycle,listing_age_like|latent_state,sqrt_listing_age_days,raw_latent_state_id,listing_age_like,latent_state,diagnostic_to_signal_bridge,diagnostic_to_signal_bridge,level,sign_delta_24h,gated_sign,"Mul(sqrt_listing_age_days,Sign(Sign(Delta(raw_latent_state_id,24))))",listing_age_like|latent_state,P1,ordinary_alpha_valid_family_diversification_probe,True,skel_c80f62c274b367a9,prod_a8c9f0c38635c641,a7ff33_282f2258e977d4ee,shard_00
L3_state_conditioned_feature,D6_listing_latent_lifecycle,listing_age_like|latent_state,sqrt_listing_age_days,liquidity_rank_active_universe,listing_age_like,latent_state,diagnostic_to_signal_bridge,diagnostic_to_signal_bridge,level,delta_24h,gated_sign,"Mul(sqrt_listing_age_days,Sign(Delta(liquidity_rank_active_universe,24)))",listing_age_like|latent_state,P1,ordinary_alpha_valid_family_diversification_probe,True,skel_a2f58ee62d9e7ad2,prod_f765ceb8becd941f,a7ff33_c8286dd7753b9c57,shard_00
L4_factor_candidate_probe,D6_listing_latent_lifecycle,listing_age_like|latent_state,sqrt_listing_age_days,raw_latent_state_id,listing_age_like,latent_state,diagnostic_to_signal_bridge,diagnostic_to_signal_bridge,level,zmean_12h,mean_reversion_gate,"Mul(Neg(ZScore(sqrt_listing_age_days)),Sign(ZScore(Mean(raw_latent_state_id,12))))",listing_age_like|latent_state,P1,ordinary_alpha_valid_family_diversification_probe,True,skel_bee202f15f6c9956,prod_e25be4ff60e7639f,a7ff33_6674465b8126bc70,shard_00
L4_factor_candidate_probe,D6_listing_latent_lifecycle,listing_age_like|latent_state,sqrt_listing_age_days,liquidity_rank_active_universe,listing_age_like,latent_state,diagnostic_to_signal_bridge,diagnostic_to_signal_bridge,level,delta_1h,mean_reversion_gate,"Mul(Neg(ZScore(sqrt_listing_age_days)),Sign(Delta(liquidity_rank_active_universe,1)))",listing_age_like|latent_state,P1,ordinary_alpha_valid_family_diversification_probe,True,skel_ac3a45a1120f7842,prod_24a55bdf3bbf660b,a7ff33_870aed324c8942ce,shard_00
L3_state_conditioned_feature,D6_listing_latent_lifecycle,listing_age_like|latent_state,sqrt_listing_age_days,raw_latent_state_id,listing_age_like,latent_state,diagnostic_to_signal_bridge,diagnostic_to_signal_bridge,level,level,mul,"Mul(sqrt_listing_age_days,raw_latent_state_id)",listing_age_like|latent_state,P1,ordinary_alpha_valid_family_diversification_probe,True,skel_337820bc5afcf6cc,prod_d621d8fc564bf011,a7ff33_3199f3e554809c84,shard_00
L3_state_conditioned_feature,D6_listing_latent_lifecycle,listing_age_like|latent_state,sqrt_listing_age_days,raw_latent_state_id,listing_age_like,latent_state,diagnostic_to_signal_bridge,diagnostic_to_signal_bridge,level,zmean_24h,mul,"Mul(sqrt_listing_age_days,ZScore(Mean(raw_latent_state_id,24)))",listing_age_like|latent_state,P1,ordinary_alpha_valid_family_diversification_probe,True,skel_a2f58ee62d9e7ad2,prod_68a4f3ec9ef0e756,a7ff33_d2f3e89f00bd2051,shard_00
L3_state_conditioned_feature,D6_listing_latent_lifecycle,listing_age_like|latent_state,sqrt_listing_age_days,liquidity_rank_active_universe,listing_age_like,latent_state,diagnostic_to_signal_bridge,diagnostic_to_signal_bridge,level,mean_2h,mul,"Mul(sqrt_listing_age_days,Mean(liquidity_rank_active_universe,2))",listing_age_like|latent_state,P1,ordinary_alpha_valid_family_diversification_probe,True,skel_f8484b844efd270f,prod_c5d7c723e4458397,a7ff33_6839a4b36c8abfce,shard_00
L3_state_conditioned_feature,D6_listing_latent_lifecycle,listing_age_like|latent_state,sqrt_listing_age_days,raw_latent_state_id,listing_age_like,latent_state,diagnostic_to_signal_bridge,diagnostic_to_signal_bridge,level,zmean_1h,relative_shock,"Mul(Delta(sqrt_listing_age_days,4),ZScore(ZScore(Mean(raw_latent_state_id,1))))",listing_age_like|latent_state,P1,ordinary_alpha_valid_family_diversification_probe,True,skel_156d0fafafecde17,prod_32377355fe418b19,a7ff33_095c17cfc71e2a89,shard_00
L3_state_conditioned_feature,D6_listing_latent_lifecycle,listing_age_like|latent_state,sqrt_listing_age_days,raw_latent_state_id,listing_age_like,latent_state,diagnostic_to_signal_bridge,diagnostic_to_signal_bridge,level,zmean_48h,relative_shock,"Mul(Delta(sqrt_listing_age_days,4),ZScore(ZScore(Mean(raw_latent_state_id,48))))",listing_age_like|latent_state,P1,ordinary_alpha_valid_family_diversification_probe,True,skel_156d0fafafecde17,prod_af2651eab25d3585,a7ff33_2d245b13ced42186,shard_00
L3_state_conditioned_feature,D6_listing_latent_lifecycle,listing_age_like|latent_state,sqrt_listing_age_days,liquidity_rank_active_universe,listing_age_like,latent_state,diagnostic_to_signal_bridge,diagnostic_to_signal_bridge,level,delta_4h,relative_shock,"Mul(Delta(sqrt_listing_age_days,4),ZScore(Delta(liquidity_rank_active_universe,4)))",listing_age_like|latent_state,P1,ordinary_alpha_valid_family_diversification_probe,True,skel_3afee12eb6a9078f,prod_acfa0dfc30d02bec,a7ff33_3daa72eda8f2eae5,shard_00
L4_factor_candidate_probe,D6_listing_latent_lifecycle,listing_age_like|latent_state,sqrt_listing_age_days,raw_latent_state_id,listing_age_like,latent_state,diagnostic_to_signal_bridge,diagnostic_to_signal_bridge,level,zmean_2h,safe_div_clip,"Clip(SafeDiv(sqrt_listing_age_days,Abs(ZScore(Mean(raw_latent_state_id,2)))),-5,5)",listing_age_like|latent_state,P1,ordinary_alpha_valid_family_diversification_probe,True,skel_589d907e5be597f9,prod_0fdeb6a85ecc427a,a7ff33_50d4e05dc60680db,shard_00
L4_factor_candidate_probe,D6_listing_latent_lifecycle,listing_age_like|latent_state,sqrt_listing_age_days,raw_latent_state_id,listing_age_like,latent_state,diagnostic_to_signal_bridge,diagnostic_to_signal_bridge,level,zmean_72h,safe_div_clip,"Clip(SafeDiv(sqrt_listing_age_days,Abs(ZScore(Mean(raw_latent_state_id,72)))),-5,5)",listing_age_like|latent_state,P1,ordinary_alpha_valid_family_diversification_probe,True,skel_589d907e5be597f9,prod_2cf56a2b70e6c49e,a7ff33_5cf59e33eafa3e2d,shard_00
L4_factor_candidate_probe,D6_listing_latent_lifecycle,listing_age_like|latent_state,sqrt_listing_age_days,liquidity_rank_active_universe,listing_age_like,latent_state,diagnostic_to_signal_bridge,diagnostic_to_signal_bridge,level,delta_8h,safe_div_clip,"Clip(SafeDiv(sqrt_listing_age_days,Abs(Delta(liquidity_rank_active_universe,8))),-5,5)",listing_age_like|latent_state,P1,ordinary_alpha_valid_family_diversification_probe,True,skel_6badd2926fa2941d,prod_83a4b3493e34a5a8,a7ff33_c72e9a8fb555e5b6,shard_00
L3_state_conditioned_feature,D6_listing_latent_lifecycle,listing_age_like|latent_state,sqrt_listing_age_days,raw_latent_state_id,listing_age_like,latent_state,diagnostic_to_signal_bridge,diagnostic_to_signal_bridge,level,zmean_4h,signed_spread,"Mul(Sub(CSRank(sqrt_listing_age_days),CSRank(ZScore(Mean(raw_latent_state_id,4)))),Sign(ZScore(Mean(raw_latent_state_id,4))))",listing_age_like|latent_state,P1,ordinary_alpha_valid_family_diversification_probe,True,skel_54e4d00dacb72134,prod_2ee4a2f932e28197,a7ff33_e9ec9093b546c910,shard_00
L3_state_conditioned_feature,D6_listing_latent_lifecycle,listing_age_like|latent_state,sqrt_listing_age_days,raw_latent_state_id,listing_age_like,latent_state,diagnostic_to_signal_bridge,diagnostic_to_signal_bridge,level,zmean_168h,signed_spread,"Mul(Sub(CSRank(sqrt_listing_age_days),CSRank(ZScore(Mean(raw_latent_state_id,168)))),Sign(ZScore(Mean(raw_latent_state_id,168))))",listing_age_like|latent_state,P1,ordinary_alpha_valid_family_diversification_probe,True,skel_54e4d00dacb72134,prod_28e3228663986ad0,a7ff33_976b9970f89b6982,shard_00
L3_state_conditioned_feature,D6_listing_latent_lifecycle,listing_age_like|latent_state,sqrt_listing_age_days,liquidity_rank_active_universe,listing_age_like,latent_state,diagnostic_to_signal_bridge,diagnostic_to_signal_bridge,level,delta_12h,signed_spread,"Mul(Sub(CSRank(sqrt_listing_age_days),CSRank(Delta(liquidity_rank_active_universe,12))),Sign(Delta(liquidity_rank_active_universe,12)))",listing_age_like|latent_state,P1,ordinary_alpha_valid_family_diversification_probe,True,skel_ab37051588d52fcc,prod_1b9ed3b859de3363,a7ff33_204cf46ebc94d7b3,shard_00
L3_state_conditioned_feature,D6_listing_latent_lifecycle,listing_age_like|latent_state,sqrt_listing_age_days,raw_latent_state_id,listing_age_like,latent_state,diagnostic_to_signal_bridge,diagnostic_to_signal_bridge,level,zmean_8h,smooth_mul,"Mean(Mul(sqrt_listing_age_days,ZScore(Mean(raw_latent_state_id,8))),4)",listing_age_like|latent_state,P1,ordinary_alpha_valid_family_diversification_probe,True,skel_44a246af570899bb,prod_7d4587b8fdc16ec8,a7ff33_75847af4bdc6d479,shard_00
L3_state_conditioned_feature,D6_listing_latent_lifecycle,listing_age_like|latent_state,sqrt_listing_age_days,raw_latent_state_id,listing_age_like,latent_state,diagnostic_to_signal_bridge,diagnostic_to_signal_bridge,level,sign_delta_24h,smooth_mul,"Mean(Mul(sqrt_listing_age_days,Sign(Delta(raw_latent_state_id,24))),4)",listing_age_like|latent_state,P1,ordinary_alpha_valid_family_diversification_probe,True,skel_44a246af570899bb,prod_b8b0b32c3b8a65a6,a7ff33_abba28cc61b429b6,shard_00
L3_state_conditioned_feature,D6_listing_latent_lifecycle,listing_age_like|latent_state,sqrt_listing_age_days,liquidity_rank_active_universe,listing_age_like,latent_state,diagnostic_to_signal_bridge,diagnostic_to_signal_bridge,level,delta_24h,smooth_mul,"Mean(Mul(sqrt_listing_age_days,Delta(liquidity_rank_active_universe,24)),4)",listing_age_like|latent_state,P1,ordinary_alpha_valid_family_diversification_probe,True,skel_644ba0ee0d0e38ee,prod_77dc158f532ac1b1,a7ff33_0377c85f5aaf35b6,shard_00
L3_state_conditioned_feature,D6_listing_latent_lifecycle,listing_age_like|latent_state,sqrt_listing_age_days,raw_latent_state_id,listing_age_like,latent_state,diagnostic_to_signal_bridge,diagnostic_to_signal_bridge,level,zmean_12h,spread_rank,"Sub(CSRank(sqrt_listing_age_days),CSRank(ZScore(Mean(raw_latent_state_id,12))))",listing_age_like|latent_state,P1,ordinary_alpha_valid_family_diversification_probe,True,skel_a923757a8885923c,prod_0c9289a63d209d8e,a7ff33_ec1258d870bc8927,shard_00
L3_state_conditioned_feature,D6_listing_latent_lifecycle,listing_age_like|latent_state,sqrt_listing_age_days,liquidity_rank_active_universe,listing_age_like,latent_state,diagnostic_to_signal_bridge,diagnostic_to_signal_bridge,level,delta_1h,spread_rank,"Sub(CSRank(sqrt_listing_age_days),CSRank(Delta(liquidity_rank_active_universe,1)))",listing_age_like|latent_state,P1,ordinary_alpha_valid_family_diversification_probe,True,skel_1a1b3fb29dff7328,prod_c5b69a18f475b864,a7ff33_be85b179406dc3d6,shard_00
L3_state_conditioned_feature,D6_listing_latent_lifecycle,listing_age_like|latent_state,sqrt_listing_age_days,raw_latent_state_id,listing_age_like,latent_state,diagnostic_to_signal_bridge,diagnostic_to_signal_bridge,level,level,sub,"Sub(sqrt_listing_age_days,raw_latent_state_id)",listing_age_like|latent_state,P1,ordinary_alpha_valid_family_diversification_probe,True,skel_337820bc5afcf6cc,prod_e5e0df3a52cc5d7a,a7ff33_a418e4ed376d45e0,shard_00
L3_state_conditioned_feature,D6_listing_latent_lifecycle,listing_age_like|latent_state,sqrt_listing_age_days,raw_latent_state_id,listing_age_like,latent_state,diagnostic_to_signal_bridge,diagnostic_to_signal_bridge,level,zmean_24h,sub,"Sub(sqrt_listing_age_days,ZScore(Mean(raw_latent_state_id,24)))",listing_age_like|latent_state,P1,ordinary_alpha_valid_family_diversification_probe,True,skel_a2f58ee62d9e7ad2,prod_132c10430c326b69,a7ff33_ca7fb181832450fd,shard_00
L3_state_conditioned_feature,D6_listing_latent_lifecycle,listing_age_like|latent_state,sqrt_listing_age_days,liquidity_rank_active_universe,listing_age_like,latent_state,diagnostic_to_signal_bridge,diagnostic_to_signal_bridge,level,delta_2h,sub,"Sub(sqrt_listing_age_days,Delta(liquidity_rank_active_universe,2))",listing_age_like|latent_state,P1,ordinary_alpha_valid_family_diversification_probe,True,skel_f8484b844efd270f,prod_9c34533d582e5800,a7ff33_9e3fd7bf132a36c3,shard_00
L4_factor_candidate_probe,D6_listing_latent_lifecycle,listing_age_like|latent_state,sqrt_listing_age_days,raw_latent_state_id,listing_age_like,latent_state,diagnostic_to_signal_bridge,diagnostic_to_signal_bridge,level,zmean_1h,zspread,"Sub(ZScore(sqrt_listing_age_days),ZScore(ZScore(Mean(raw_latent_state_id,1))))",listing_age_like|latent_state,P1,ordinary_alpha_valid_family_diversification_probe,True,skel_a923757a8885923c,prod_ad0144343ad29f6a,a7ff33_9dfa06a00e39f467,shard_00
L4_factor_candidate_probe,D6_listing_latent_lifecycle,listing_age_like|latent_state,sqrt_listing_age_days,raw_latent_state_id,listing_age_like,latent_state,diagnostic_to_signal_bridge,diagnostic_to_signal_bridge,level,zmean_48h,zspread,"Sub(ZScore(sqrt_listing_age_days),ZScore(ZScore(Mean(raw_latent_state_id,48))))",listing_age_like|latent_state,P1,ordinary_alpha_valid_family_diversification_probe,True,skel_a923757a8885923c,prod_22c5e780befbc804,a7ff33_72a762fd5189fc89,shard_00
L4_factor_candidate_probe,D6_listing_latent_lifecycle,listing_age_like|latent_state,sqrt_listing_age_days,liquidity_rank_active_universe,listing_age_like,latent_state,diagnostic_to_signal_bridge,diagnostic_to_signal_bridge,level,delta_4h,zspread,"Sub(ZScore(sqrt_listing_age_days),ZScore(Delta(liquidity_rank_active_universe,4)))",listing_age_like|latent_state,P1,ordinary_alpha_valid_family_diversification_probe,True,skel_1a1b3fb29dff7328,prod_c0ace727218b77c2,a7ff33_bc138a2df6c88d25,shard_00
