candidate_id,base_candidate_id,object_type,control_mode,production_family,expression,horizon,active_hours__fresh_may_2026,active_hours__recent_oos_2025H2_2026Apr,active_hours__train_2024,active_hours__validation_2025H1,gross_exposure_mean__fresh_may_2026,gross_exposure_mean__recent_oos_2025H2_2026Apr,gross_exposure_mean__train_2024,gross_exposure_mean__validation_2025H1,mean_ic__fresh_may_2026,mean_ic__recent_oos_2025H2_2026Apr,mean_ic__train_2024,mean_ic__validation_2025H1,net_sum_10bps__fresh_may_2026,net_sum_10bps__recent_oos_2025H2_2026Apr,net_sum_10bps__train_2024,net_sum_10bps__validation_2025H1,net_sum_20bps__fresh_may_2026,net_sum_20bps__recent_oos_2025H2_2026Apr,net_sum_20bps__train_2024,net_sum_20bps__validation_2025H1,turnover_mean__fresh_may_2026,turnover_mean__recent_oos_2025H2_2026Apr,turnover_mean__train_2024,turnover_mean__validation_2025H1
a7x3_F0_slow_aggtrades_horizon_24_16ebdf68839d,a7x3_F0_slow_aggtrades_horizon_24_16ebdf68839d,candidate,original,F0_slow_aggtrades_horizon,"HorizonSpread(agg_flow_accel_4h_vs_24h,12,48)",24,480,7296,8726,4344,0.9504950495049505,1.0,0.9933970856102003,1.0,-0.0020833333333329512,0.017543859649123198,-0.005271602108640492,-0.025092081031307157,0.36615199688267047,-4.523232568247168,-0.3614902278251817,0.2635357351163058,0.3126519968826704,-5.349732568247169,-1.3439902278251823,-0.2064642648836944,0.10594059405940594,0.11328125,0.11185109289617487,0.10819521178637201
a7x3_F0_slow_aggtrades_horizon_24_16ebdf68839d__ctrl_row_shuffle_862fa1cb8fa5,a7x3_F0_slow_aggtrades_horizon_24_16ebdf68839d,control,row_shuffle,F0_slow_aggtrades_horizon,"HorizonSpread(agg_flow_accel_4h_vs_24h,12,48)",24,480,7296,8726,4344,0.9504950495049505,1.0,0.9933970856102003,1.0,-0.027083333333332994,-0.005825109649122416,-0.007047902819160776,0.00679097605893222,0.014442863378622411,-4.381746795190928,-5.972959048389603,-2.7892527497379884,-0.30405713662137757,-9.27424679519093,-11.778959048389602,-5.72975274973799,0.6306930693069307,0.6705729166666666,0.6609744990892532,0.6769106813996317
a7x3_F0_slow_aggtrades_horizon_24_16ebdf68839d__ctrl_sign_flip_ed999983a7e6,a7x3_F0_slow_aggtrades_horizon_24_16ebdf68839d,control,sign_flip,F0_slow_aggtrades_horizon,"HorizonSpread(agg_flow_accel_4h_vs_24h,12,48)",24,480,7296,8726,4344,0.9504950495049505,1.0,0.9933970856102003,1.0,0.0020833333333336924,-0.017543859649122397,0.005271602108641203,0.02509208103130784,-0.47315199688267057,2.8702325682471668,-1.60350977217482,-1.203535735116307,-0.5266519968826706,2.043732568247166,-2.5860097721748208,-1.6735357351163074,0.10594059405940594,0.11328125,0.11185109289617487,0.10819521178637201
a7x3_F0_slow_aggtrades_horizon_24_16ebdf68839d__ctrl_time_shuffle_eaa0a2f39695,a7x3_F0_slow_aggtrades_horizon_24_16ebdf68839d,control,time_shuffle,F0_slow_aggtrades_horizon,"HorizonSpread(agg_flow_accel_4h_vs_24h,12,48)",24,478,7273,8744,4326,0.9465346534653465,0.9968475877192983,0.9954462659380692,0.9958563535911602,0.04707112970711323,-0.001168706173518116,0.004803293687100082,-0.017337031900138307,-0.4673546388088855,-4.446925613673514,-6.452996495742529,-0.22556752384853718,-0.7763546388088856,-9.309925613673514,-12.279496495742531,-3.1010675238485383,0.6118811881188119,0.6665296052631579,0.6633082877959927,0.6619475138121547
a7x3_F0_slow_aggtrades_horizon_24_16ebdf68839d__ctrl_wrong_lag_24c2772226a2,a7x3_F0_slow_aggtrades_horizon_24_16ebdf68839d,control,wrong_lag,F0_slow_aggtrades_horizon,"HorizonSpread(agg_flow_accel_4h_vs_24h,12,48)",24,480,7296,8702,4344,0.9504950495049505,1.0,0.9906648451730419,1.0,0.030208333333333576,-0.001096491228069786,-0.0009193288899099922,0.038328729281768274,-0.3825289938669416,-0.28067252504749396,1.037360734237107,-4.029122157543538,-0.43552899386694166,-1.1066725250474942,0.05736073423710614,-4.499622157543539,0.10495049504950495,0.11321271929824561,0.11156648451730419,0.10831031307550644
a7x3_F0_slow_aggtrades_horizon_24_44f6877c820f,a7x3_F0_slow_aggtrades_horizon_24_44f6877c820f,candidate,original,F0_slow_aggtrades_horizon,"HorizonSpread(agg_cross_symbol_signed_flow_share,12,48)",24,480,7296,8737,4344,0.9504950495049505,1.0,0.9946493624772313,1.0,-0.0395833333333328,0.01158168859649164,-0.004005951699667696,0.043508287292817964,0.029205185618591645,-2.256324771314312,-3.3769731888839623,-5.275702733356805,-0.0212948143814084,-3.133824771314313,-4.546973188883964,-5.813202733356806,0.1,0.12027138157894737,0.13319672131147542,0.12373388581952117
a7x3_F0_slow_aggtrades_horizon_24_44f6877c820f__ctrl_row_shuffle_d7b0bbad24d6,a7x3_F0_slow_aggtrades_horizon_24_44f6877c820f,control,row_shuffle,F0_slow_aggtrades_horizon,"HorizonSpread(agg_cross_symbol_signed_flow_share,12,48)",24,480,7296,8737,4344,0.9504950495049505,1.0,0.9946493624772313,1.0,-0.00520833333333298,0.0035635964912284534,-0.002346343138376651,0.009208103130755417,-0.39075436666842944,-4.650151982709435,-6.669650253874262,-3.1901584362331685,-0.7172543666684295,-9.535651982709435,-12.502650253874265,-6.10565843623317,0.6465346534653466,0.6696134868421053,0.6640482695810564,0.6711556169429097
a7x3_F0_slow_aggtrades_horizon_24_44f6877c820f__ctrl_sign_flip_a97c255a2997,a7x3_F0_slow_aggtrades_horizon_24_44f6877c820f,control,sign_flip,F0_slow_aggtrades_horizon,"HorizonSpread(agg_cross_symbol_signed_flow_share,12,48)",24,480,7296,8737,4344,0.9504950495049505,1.0,0.9946493624772313,1.0,0.039583333333333685,-0.011581688596490808,0.004005951699668459,-0.04350828729281722,-0.13020518561859173,0.5013247713143109,1.0369731888839606,4.200702733356804,-0.18070518561859175,-0.37617522868568964,-0.13302681111604064,3.6632027333568042,0.1,0.12027138157894737,0.13319672131147542,0.12373388581952117
a7x3_F0_slow_aggtrades_horizon_24_44f6877c820f__ctrl_time_shuffle_2b8909cf93b9,a7x3_F0_slow_aggtrades_horizon_24_44f6877c820f,control,time_shuffle,F0_slow_aggtrades_horizon,"HorizonSpread(agg_cross_symbol_signed_flow_share,12,48)",24,478,7272,8757,4325,0.9465346534653465,0.9967105263157895,0.9969262295081968,0.9956261510128913,0.021966527196653093,-0.016432893289328496,0.0021696928171751934,-0.013294797687860857,-0.47679789329732813,-3.110631738402295,-6.0092577179059905,-1.8458658673089636,-0.7537978932973282,-7.795131738402295,-11.59475771790599,-4.611865867308964,0.5485148514851486,0.6420641447368421,0.6358720400728597,0.6367403314917127
a7x3_F0_slow_aggtrades_horizon_24_44f6877c820f__ctrl_wrong_lag_e12630a86081,a7x3_F0_slow_aggtrades_horizon_24_44f6877c820f,control,wrong_lag,F0_slow_aggtrades_horizon,"HorizonSpread(agg_cross_symbol_signed_flow_share,12,48)",24,480,7296,8713,4344,0.9504950495049505,1.0,0.9919171220400729,1.0,0.05729166666666699,0.046600877192982816,0.03741535636405405,-0.014042357274401087,-0.24201048026122002,-2.5973552550521726,-8.993069585435837,-2.6794931912293922,-0.29201048026122,-3.4748552550521734,-10.160569585435839,-3.2174931912293925,0.09900990099009901,0.12027138157894737,0.13291211293260474,0.12384898710865562
a7x3_F0_slow_aggtrades_horizon_24_4777f848567d,a7x3_F0_slow_aggtrades_horizon_24_4777f848567d,candidate,original,F0_slow_aggtrades_horizon,"HorizonSpread(agg_notional_sum_24h,12,48)",24,480,7296,8726,4344,0.9504950495049505,1.0,0.9933970856102003,1.0,0.0437500000000003,-0.033511513157894295,-0.02721751088700401,0.04891804788213664,-0.5732385832245961,2.422425690193358,8.363319940404761,-3.0801963128108607,-0.5912385832245961,2.14342569019336,8.034819940404763,-3.2396963128108602,0.03564356435643564,0.038240131578947366,0.03739754098360656,0.03671731123388582
a7x3_F0_slow_aggtrades_horizon_24_4777f848567d__ctrl_row_shuffle_4185ad934b89,a7x3_F0_slow_aggtrades_horizon_24_4777f848567d,control,row_shuffle,F0_slow_aggtrades_horizon,"HorizonSpread(agg_notional_sum_24h,12,48)",24,480,7296,8726,4344,0.9504950495049505,1.0,0.9933970856102003,1.0,0.009375000000000296,0.001027960526316195,-0.01054320421728132,0.002071823204420242,-0.3771692036840238,-5.151300215824801,-3.7065879976449834,-2.5582107118923716,-0.7051692036840238,-10.0408002158248,-9.541087997644986,-5.466210711892373,0.6495049504950495,0.6701617324561403,0.6642190346083788,0.6694290976058932
a7x3_F0_slow_aggtrades_horizon_24_4777f848567d__ctrl_sign_flip_5a1a887c74f8,a7x3_F0_slow_aggtrades_horizon_24_4777f848567d,control,sign_flip,F0_slow_aggtrades_horizon,"HorizonSpread(agg_notional_sum_24h,12,48)",24,480,7296,8726,4344,0.9504950495049505,1.0,0.9933970856102003,1.0,-0.04374999999999963,0.03351151315789505,0.027217510887004696,-0.04891804788213588,0.5372385832245962,-2.9804256901933597,-9.020319940404763,2.7611963128108608,0.519238583224596,-3.2594256901933605,-9.348819940404761,2.60169631281086,0.03564356435643564,0.038240131578947366,0.03739754098360656,0.03671731123388582
a7x3_F0_slow_aggtrades_horizon_24_4777f848567d__ctrl_time_shuffle_d618a5909cd0,a7x3_F0_slow_aggtrades_horizon_24_4777f848567d,control,time_shuffle,F0_slow_aggtrades_horizon,"HorizonSpread(agg_notional_sum_24h,12,48)",24,477,7276,8748,4320,0.9445544554455445,0.9972587719298246,0.9959016393442623,0.994475138121547,0.016771488469602035,0.0019241341396375475,0.01880429812528611,-0.011342592592592224,-0.27967641471942395,-5.124955199682307,-9.293155740173898,-2.2861636529757017,-0.596176414719424,-9.750955199682307,-14.8636557401739,-5.011663652975702,0.6267326732673267,0.634046052631579,0.6341643897996357,0.6274171270718232
a7x3_F0_slow_aggtrades_horizon_24_4777f848567d__ctrl_wrong_lag_0d80305680b8,a7x3_F0_slow_aggtrades_horizon_24_4777f848567d,control,wrong_lag,F0_slow_aggtrades_horizon,"HorizonSpread(agg_notional_sum_24h,12,48)",24,480,7296,8702,4344,0.9504950495049505,1.0,0.9906648451730419,1.0,0.008333333333333444,-0.011033442982455715,0.022983222247759474,-0.0002302025782685233,0.15915248599121817,2.899181846025929,-0.03931825354145335,3.850857743380753,0.13965248599121816,2.6211818460259275,-0.36781825354145425,3.692357743380753,0.03861386138613861,0.0381030701754386,0.03739754098360656,0.03648710865561694
a7x3_F0_slow_aggtrades_horizon_24_74306c8674cc,a7x3_F0_slow_aggtrades_horizon_24_74306c8674cc,candidate,original,F0_slow_aggtrades_horizon,"HorizonSpread(agg_buy_notional_share,12,48)",24,480,7296,8737,4344,0.9504950495049505,1.0,0.9946493624772313,1.0,-0.006249999999999622,0.02933114035087756,-0.009499828316355381,-0.004719152854511589,0.3100329701488066,-6.071997586962748,-1.2339381730363723,-2.6589456971615935,0.22803297014880658,-7.491497586962749,-3.0479381730363753,-3.534445697161594,0.16237623762376238,0.19455866228070176,0.20651183970856102,0.20154235727440148
a7x3_F0_slow_aggtrades_horizon_24_74306c8674cc__ctrl_row_shuffle_d0eb8e2b9e0f,a7x3_F0_slow_aggtrades_horizon_24_74306c8674cc,control,row_shuffle,F0_slow_aggtrades_horizon,"HorizonSpread(agg_buy_notional_share,12,48)",24,480,7296,8737,4344,0.9504950495049505,1.0,0.9946493624772313,1.0,0.032291666666666934,0.01473410087719335,-0.01379191942314259,0.0048342541436468146,-0.5365764974638355,-5.84522711872606,-3.2445602972627254,-2.78100787194421,-0.8610764974638354,-10.686727118726061,-9.119060297262727,-5.672507871944211,0.6425742574257426,0.6635827850877193,0.6687727686703097,0.6656307550644567
a7x3_F0_slow_aggtrades_horizon_24_74306c8674cc__ctrl_sign_flip_32aa54e3de4d,a7x3_F0_slow_aggtrades_horizon_24_74306c8674cc,control,sign_flip,F0_slow_aggtrades_horizon,"HorizonSpread(agg_buy_notional_share,12,48)",24,480,7296,8737,4344,0.9504950495049505,1.0,0.9946493624772313,1.0,0.006250000000000319,-0.02933114035087678,0.009499828316356096,0.004719152854512303,-0.47403297014880674,3.2329975869627465,-2.3940618269636307,0.907945697161592,-0.5560329701488068,1.8134975869627448,-4.208061826963632,0.03244569716159157,0.16237623762376238,0.19455866228070176,0.20651183970856102,0.20154235727440148
a7x3_F0_slow_aggtrades_horizon_24_74306c8674cc__ctrl_time_shuffle_85e8b817983f,a7x3_F0_slow_aggtrades_horizon_24_74306c8674cc,control,time_shuffle,F0_slow_aggtrades_horizon,"HorizonSpread(agg_buy_notional_share,12,48)",24,476,7274,8754,4328,0.9425742574257425,0.996984649122807,0.9965846994535519,0.996316758747698,0.0021008403361348735,0.009485839978004234,0.001941969385424165,-0.01767560073937116,-0.26746832207332927,-5.444046352358235,-6.575972720962521,-0.9432213412875308,-0.5754683220733293,-10.271546352358236,-12.414972720962522,-3.821221341287532,0.6099009900990099,0.6616639254385965,0.6647313296903461,0.6625230202578268
a7x3_F0_slow_aggtrades_horizon_24_74306c8674cc__ctrl_wrong_lag_6fc5090d297c,a7x3_F0_slow_aggtrades_horizon_24_74306c8674cc,control,wrong_lag,F0_slow_aggtrades_horizon,"HorizonSpread(agg_buy_notional_share,12,48)",24,480,7296,8713,4344,0.9504950495049505,1.0,0.9919171220400729,1.0,0.15416666666666679,0.01713267543859686,-0.013887294846780297,0.021178637200736993,-0.7289000350032526,-1.6263101300569351,-1.0540869472113557,-1.6657575992877958,-0.8094000350032527,-3.0453101300569356,-2.8655869472113573,-2.540257599287796,0.1594059405940594,0.19449013157894737,0.20622723132969034,0.2013121546961326
a7x3_F0_slow_aggtrades_horizon_24_8b7b85eebb38,a7x3_F0_slow_aggtrades_horizon_24_8b7b85eebb38,candidate,original,F0_slow_aggtrades_horizon,"HorizonSpread(agg_flow_minus_ethusdt_4h,12,48)",24,480,7296,8736,4344,0.9504950495049505,1.0,0.994535519125683,1.0,0.03854166666666696,0.028440241228070543,0.00022893772893806688,0.012430939226519706,-0.2470630239647803,4.244064049852078,-0.024982286203677262,2.289047834798577,-0.29606302396478035,3.431564049852076,-1.0159822862036776,1.8090478347985768,0.09702970297029703,0.1113623903508772,0.11281876138433515,0.11049723756906077
a7x3_F0_slow_aggtrades_horizon_24_8b7b85eebb38__ctrl_row_shuffle_43e5818a6781,a7x3_F0_slow_aggtrades_horizon_24_8b7b85eebb38,control,row_shuffle,F0_slow_aggtrades_horizon,"HorizonSpread(agg_flow_minus_ethusdt_4h,12,48)",24,480,7296,8736,4344,0.9504950495049505,1.0,0.994535519125683,1.0,-0.06666666666666622,-0.0007538377192978524,0.011446886446886807,-0.023250460405156124,-0.7397079467025894,-4.414023550393007,-4.05230894505269,-4.9508930328893745,-1.0637079467025894,-9.283023550393008,-9.853308945052692,-7.832393032889375,0.6415841584158416,0.6673519736842105,0.6604052823315119,0.663328729281768
a7x3_F0_slow_aggtrades_horizon_24_8b7b85eebb38__ctrl_sign_flip_4e60d0c53a50,a7x3_F0_slow_aggtrades_horizon_24_8b7b85eebb38,control,sign_flip,F0_slow_aggtrades_horizon,"HorizonSpread(agg_flow_minus_ethusdt_4h,12,48)",24,480,7296,8736,4344,0.9504950495049505,1.0,0.994535519125683,1.0,-0.03854166666666632,-0.028440241228069756,-0.0002289377289373536,-0.012430939226519012,0.14906302396478022,-5.869064049852078,-1.957017713796326,-3.2490478347985787,0.10006302396478019,-6.681564049852079,-2.9480177137963253,-3.7290478347985783,0.09702970297029703,0.1113623903508772,0.11281876138433515,0.11049723756906077
a7x3_F0_slow_aggtrades_horizon_24_8b7b85eebb38__ctrl_time_shuffle_4bda4d5f0858,a7x3_F0_slow_aggtrades_horizon_24_8b7b85eebb38,control,time_shuffle,F0_slow_aggtrades_horizon,"HorizonSpread(agg_flow_minus_ethusdt_4h,12,48)",24,478,7275,8748,4330,0.9465346534653465,0.9971217105263158,0.9959016393442623,0.9967771639042358,-0.05962343096234271,0.00659793814433027,0.004458161865569625,0.008775981524249781,-0.6403459722246374,-4.464605018192865,-5.596792260165392,-2.8886141560216445,-0.9658459722246373,-9.308105018192865,-11.451792260165394,-5.752614156021646,0.6445544554455446,0.6638569078947368,0.6665528233151184,0.6593001841620626
a7x3_F0_slow_aggtrades_horizon_24_8b7b85eebb38__ctrl_wrong_lag_8f2d5038082a,a7x3_F0_slow_aggtrades_horizon_24_8b7b85eebb38,control,wrong_lag,F0_slow_aggtrades_horizon,"HorizonSpread(agg_flow_minus_ethusdt_4h,12,48)",24,480,7296,8712,4344,0.9504950495049505,1.0,0.9918032786885246,1.0,0.16562500000000016,0.01384320175438634,-0.02002984389347988,0.010934622467772,0.7204587188481038,-0.4786611682037685,-2.1556182422812915,0.8752940732897174,0.6719587188481037,-1.2926611682037692,-3.1451182422812916,0.39729407328971733,0.09603960396039604,0.11156798245614036,0.11264799635701275,0.11003683241252302
a7x3_F0_slow_aggtrades_horizon_24_8c929afeca56,a7x3_F0_slow_aggtrades_horizon_24_8c929afeca56,candidate,original,F0_slow_aggtrades_horizon,"HorizonSpread(agg_flow_imbalance_notional,12,48)",24,480,7296,8737,4344,0.9504950495049505,1.0,0.9946493624772313,1.0,-0.006249999999999622,0.02933114035087756,-0.009499828316355381,-0.004719152854511589,0.3100329701488066,-6.071997586962748,-1.2339381730363723,-2.6589456971615935,0.22803297014880658,-7.491497586962749,-3.0479381730363753,-3.534445697161594,0.16237623762376238,0.19455866228070176,0.20651183970856102,0.20154235727440148
a7x3_F0_slow_aggtrades_horizon_24_8c929afeca56__ctrl_row_shuffle_5ba8eceb79d0,a7x3_F0_slow_aggtrades_horizon_24_8c929afeca56,control,row_shuffle,F0_slow_aggtrades_horizon,"HorizonSpread(agg_flow_imbalance_notional,12,48)",24,480,7296,8737,4344,0.9504950495049505,1.0,0.9946493624772313,1.0,-0.055208333333332964,0.0014391447368424968,0.0016596085612914212,-0.0008057090239406707,-0.1693715360866544,-5.115191566330253,-6.476520528879654,-1.0735657725704835,-0.49337153608665446,-9.979691566330255,-12.346520528879655,-3.9895657725704843,0.6415841584158416,0.666735197368421,0.6682604735883424,0.6712707182320442
a7x3_F0_slow_aggtrades_horizon_24_8c929afeca56__ctrl_sign_flip_3db06c87e7e7,a7x3_F0_slow_aggtrades_horizon_24_8c929afeca56,control,sign_flip,F0_slow_aggtrades_horizon,"HorizonSpread(agg_flow_imbalance_notional,12,48)",24,480,7296,8737,4344,0.9504950495049505,1.0,0.9946493624772313,1.0,0.006250000000000319,-0.02933114035087678,0.009499828316356096,0.004719152854512303,-0.47403297014880674,3.2329975869627465,-2.3940618269636307,0.907945697161592,-0.5560329701488068,1.8134975869627448,-4.208061826963632,0.03244569716159157,0.16237623762376238,0.19455866228070176,0.20651183970856102,0.20154235727440148
a7x3_F0_slow_aggtrades_horizon_24_8c929afeca56__ctrl_time_shuffle_e1a67a8fd23f,a7x3_F0_slow_aggtrades_horizon_24_8c929afeca56,control,time_shuffle,F0_slow_aggtrades_horizon,"HorizonSpread(agg_flow_imbalance_notional,12,48)",24,479,7271,8760,4323,0.9485148514851485,0.9965734649122807,0.9972677595628415,0.9951657458563536,-0.057411273486429694,0.011208912116628085,-0.002283105022830681,-0.001966227157066485,-0.09231061818580961,-5.775107897685687,-5.105902589707142,-2.366381185693186,-0.4163106181858096,-10.600607897685688,-10.971902589707144,-5.261381185693186,0.6415841584158416,0.661389802631579,0.6678051001821493,0.6664364640883977
a7x3_F0_slow_aggtrades_horizon_24_8c929afeca56__ctrl_wrong_lag_675efdcce9c6,a7x3_F0_slow_aggtrades_horizon_24_8c929afeca56,control,wrong_lag,F0_slow_aggtrades_horizon,"HorizonSpread(agg_flow_imbalance_notional,12,48)",24,480,7296,8713,4344,0.9504950495049505,1.0,0.9919171220400729,1.0,0.15416666666666679,0.01713267543859686,-0.013887294846780297,0.021178637200736993,-0.7289000350032526,-1.6263101300569351,-1.0540869472113557,-1.6657575992877958,-0.8094000350032527,-3.0453101300569356,-2.8655869472113573,-2.540257599287796,0.1594059405940594,0.19449013157894737,0.20622723132969034,0.2013121546961326
a7x3_F0_slow_aggtrades_horizon_24_b820df62f45e,a7x3_F0_slow_aggtrades_horizon_24_b820df62f45e,candidate,original,F0_slow_aggtrades_horizon,"HorizonSpread(agg_large_notional_sum_24h,12,48)",24,480,7296,8726,4344,0.9504950495049505,1.0,0.9933970856102003,1.0,0.046875000000000326,-0.018023574561403067,-0.02601421040568381,0.049033149171271086,-0.6777719393694251,0.3376401303487364,7.581527378230653,-2.2953416567822034,-0.6967719393694252,0.0486401303487366,7.255527378230652,-2.4598416567822037,0.03762376237623762,0.03961074561403509,0.03711293260473588,0.0378683241252302
a7x3_F0_slow_aggtrades_horizon_24_b820df62f45e__ctrl_row_shuffle_bd9e9e529f6a,a7x3_F0_slow_aggtrades_horizon_24_b820df62f45e,control,row_shuffle,F0_slow_aggtrades_horizon,"HorizonSpread(agg_large_notional_sum_24h,12,48)",24,480,7296,8726,4344,0.9504950495049505,1.0,0.9933970856102003,1.0,-0.016666666666666285,-0.002741228070175056,0.0029223011689208226,0.0043738489871090105,-0.23985756524098786,-4.146330664205338,-5.8651394682995175,-2.975436153710538,-0.5573575652409879,-9.001330664205337,-11.67763946829952,-5.8539361537105385,0.6287128712871287,0.6654331140350878,0.661714480874317,0.6626381215469613
a7x3_F0_slow_aggtrades_horizon_24_b820df62f45e__ctrl_sign_flip_4dd4da73e50f,a7x3_F0_slow_aggtrades_horizon_24_b820df62f45e,control,sign_flip,F0_slow_aggtrades_horizon,"HorizonSpread(agg_large_notional_sum_24h,12,48)",24,480,7296,8726,4344,0.9504950495049505,1.0,0.9933970856102003,1.0,-0.04687499999999963,0.018023574561403858,0.026014210405684506,-0.0490331491712703,0.6397719393694251,-0.9156401303487369,-8.233527378230653,1.9663416567822023,0.6207719393694251,-1.2046401303487373,-8.559527378230651,1.8018416567822033,0.03762376237623762,0.03961074561403509,0.03711293260473588,0.0378683241252302
a7x3_F0_slow_aggtrades_horizon_24_b820df62f45e__ctrl_time_shuffle_c2ac61896131,a7x3_F0_slow_aggtrades_horizon_24_b820df62f45e,control,time_shuffle,F0_slow_aggtrades_horizon,"HorizonSpread(agg_large_notional_sum_24h,12,48)",24,479,7260,8755,4327,0.9485148514851485,0.9950657894736842,0.9966985428051002,0.9960865561694291,0.010438413361169458,0.0021349862258956847,0.0014277555682470613,0.015253062167784034,-0.4218725696474384,-5.091833097836894,-4.753381117412738,-4.2047477855590065,-0.7293725696474384,-9.571833097836896,-10.05688111741274,-6.860747785559008,0.6089108910891089,0.6140350877192983,0.6037682149362478,0.6114180478821363
a7x3_F0_slow_aggtrades_horizon_24_b820df62f45e__ctrl_wrong_lag_eb76afd9a78f,a7x3_F0_slow_aggtrades_horizon_24_b820df62f45e,control,wrong_lag,F0_slow_aggtrades_horizon,"HorizonSpread(agg_large_notional_sum_24h,12,48)",24,480,7296,8702,4344,0.9504950495049505,1.0,0.9906648451730419,1.0,0.04791666666666677,0.0023985745614039334,0.00609055389565653,-0.020142725598526322,0.0717370767181078,2.0928196687129796,2.4807636610910038,7.9991364477173725,0.05223707671810779,1.8043196687129806,2.155263661091004,7.8346364477173704,0.03861386138613861,0.0395422149122807,0.03705601092896175,0.0378683241252302
a7x3_F0_slow_aggtrades_horizon_24_d177e27d482b,a7x3_F0_slow_aggtrades_horizon_24_d177e27d482b,candidate,original,F0_slow_aggtrades_horizon,"HorizonSpread(agg_flow_minus_btcusdt_4h,12,48)",24,480,7296,8736,4344,0.9504950495049505,1.0,0.994535519125683,1.0,0.03854166666666696,0.028440241228070543,0.00022893772893806688,0.012430939226519706,-0.2470630239647803,4.244064049852078,-0.024982286203677262,2.289047834798577,-0.29606302396478035,3.431564049852076,-1.0159822862036776,1.8090478347985768,0.09702970297029703,0.1113623903508772,0.11281876138433515,0.11049723756906077
a7x3_F0_slow_aggtrades_horizon_24_d177e27d482b__ctrl_row_shuffle_2b086d4c1e38,a7x3_F0_slow_aggtrades_horizon_24_d177e27d482b,control,row_shuffle,F0_slow_aggtrades_horizon,"HorizonSpread(agg_flow_minus_btcusdt_4h,12,48)",24,480,7296,8736,4344,0.9504950495049505,1.0,0.994535519125683,1.0,0.009375000000000355,0.007743969298246003,-0.004693223443223076,-0.012776243093922269,-0.22071876161490855,-4.0770993317590944,-6.484107244136652,-3.74538664860571,-0.5362187616149086,-8.916599331759095,-12.318607244136654,-6.6168866486057105,0.6247524752475248,0.6633086622807017,0.6642190346083788,0.6610267034990792
a7x3_F0_slow_aggtrades_horizon_24_d177e27d482b__ctrl_sign_flip_866fac86d963,a7x3_F0_slow_aggtrades_horizon_24_d177e27d482b,control,sign_flip,F0_slow_aggtrades_horizon,"HorizonSpread(agg_flow_minus_btcusdt_4h,12,48)",24,480,7296,8736,4344,0.9504950495049505,1.0,0.994535519125683,1.0,-0.03854166666666632,-0.028440241228069756,-0.0002289377289373536,-0.012430939226519012,0.14906302396478022,-5.869064049852078,-1.957017713796326,-3.2490478347985787,0.10006302396478019,-6.681564049852079,-2.9480177137963253,-3.7290478347985783,0.09702970297029703,0.1113623903508772,0.11281876138433515,0.11049723756906077
a7x3_F0_slow_aggtrades_horizon_24_d177e27d482b__ctrl_time_shuffle_7971a184d9c9,a7x3_F0_slow_aggtrades_horizon_24_d177e27d482b,control,time_shuffle,F0_slow_aggtrades_horizon,"HorizonSpread(agg_flow_minus_btcusdt_4h,12,48)",24,477,7271,8754,4329,0.9445544554455445,0.9965734649122807,0.9965846994535519,0.9965469613259669,-0.04821802935010445,-0.0013065603080727657,0.0018277358921639476,-0.00034650034649997495,-0.723269994730159,-5.656759870328207,-5.090584312876217,-1.8364919648613738,-1.044269994730159,-10.514759870328207,-10.93958431287622,-4.715991964861375,0.6356435643564357,0.6658442982456141,0.6658697632058288,0.6628683241252302
a7x3_F0_slow_aggtrades_horizon_24_d177e27d482b__ctrl_wrong_lag_bd07caa2aae0,a7x3_F0_slow_aggtrades_horizon_24_d177e27d482b,control,wrong_lag,F0_slow_aggtrades_horizon,"HorizonSpread(agg_flow_minus_btcusdt_4h,12,48)",24,480,7296,8712,4344,0.9504950495049505,1.0,0.9918032786885246,1.0,0.16562500000000016,0.01384320175438634,-0.02002984389347988,0.010934622467772,0.7204587188481038,-0.4786611682037685,-2.1556182422812915,0.8752940732897174,0.6719587188481037,-1.2926611682037692,-3.1451182422812916,0.39729407328971733,0.09603960396039604,0.11156798245614036,0.11264799635701275,0.11003683241252302
a7x3_F0_slow_aggtrades_horizon_24_e05ecea323e6,a7x3_F0_slow_aggtrades_horizon_24_e05ecea323e6,candidate,original,F0_slow_aggtrades_horizon,"HorizonSpread(agg_large_notional_share_4h,12,48)",24,480,7296,8736,4344,0.9504950495049505,1.0,0.994535519125683,1.0,-0.016666666666666333,-0.01384320175438557,0.030105311355311686,-0.010013812154695738,-0.11065168887977705,-0.9672011802910967,9.8224261700799,-1.3185142197730628,-0.1551516888797771,-1.5822011802910971,9.1084261700799,-1.7060142197730634,0.08811881188118811,0.08429276315789473,0.08128415300546447,0.08920349907918969
a7x3_F0_slow_aggtrades_horizon_24_e05ecea323e6__ctrl_row_shuffle_6df1e1962ec5,a7x3_F0_slow_aggtrades_horizon_24_e05ecea323e6,control,row_shuffle,F0_slow_aggtrades_horizon,"HorizonSpread(agg_large_notional_share_4h,12,48)",24,480,7296,8736,4344,0.9504950495049505,1.0,0.994535519125683,1.0,0.014583333333333665,-0.0017132675438592728,-0.005666208791208434,-0.006215469613259279,-0.20576951961691006,-5.686512905643494,-5.958458850011009,-3.1581340525060484,-0.54526951961691,-10.598512905643496,-11.798958850011012,-6.061134052506048,0.6722772277227723,0.6732456140350878,0.6649020947176685,0.6682780847145487
a7x3_F0_slow_aggtrades_horizon_24_e05ecea323e6__ctrl_sign_flip_dd82ed9d54fc,a7x3_F0_slow_aggtrades_horizon_24_e05ecea323e6,control,sign_flip,F0_slow_aggtrades_horizon,"HorizonSpread(agg_large_notional_share_4h,12,48)",24,480,7296,8736,4344,0.9504950495049505,1.0,0.994535519125683,1.0,0.016666666666666972,0.013843201754386355,-0.030105311355311005,0.010013812154696494,0.021651688879776976,-0.2627988197089044,-11.250426170079901,0.543514219773062,-0.022848311120223064,-0.8777988197089052,-11.964426170079905,0.15601421977306185,0.08811881188118811,0.08429276315789473,0.08128415300546447,0.08920349907918969
a7x3_F0_slow_aggtrades_horizon_24_e05ecea323e6__ctrl_time_shuffle_6928eb9d2e5f,a7x3_F0_slow_aggtrades_horizon_24_e05ecea323e6,control,time_shuffle,F0_slow_aggtrades_horizon,"HorizonSpread(agg_large_notional_share_4h,12,48)",24,479,7272,8748,4332,0.9485148514851485,0.9967105263157895,0.9959016393442623,0.9972375690607734,0.019832985386221597,-0.0026815181518147937,0.010573845450389002,-0.0028855032317632425,-0.1803958077586435,-5.541420888708377,-6.12741313260579,-2.867052558515919,-0.49389580775864356,-10.419420888708377,-11.949913132605792,-5.741552558515919,0.6207920792079208,0.6685855263157895,0.6628529143897997,0.6617173112338858
a7x3_F0_slow_aggtrades_horizon_24_e05ecea323e6__ctrl_wrong_lag_8985721d34d1,a7x3_F0_slow_aggtrades_horizon_24_e05ecea323e6,control,wrong_lag,F0_slow_aggtrades_horizon,"HorizonSpread(agg_large_notional_share_4h,12,48)",24,480,7296,8712,4344,0.9504950495049505,1.0,0.9918032786885246,1.0,-0.14479166666666632,-0.0286458333333329,0.004533976124885563,0.03694751381215507,-1.1790573676982463,-2.51357698193663,-2.108427779538058,0.9865055751618752,-1.2225573676982464,-3.1300769819366305,-2.818427779538059,0.5980055751618738,0.08613861386138613,0.0844983552631579,0.0808287795992714,0.08943370165745856
a7x3_F0_slow_aggtrades_horizon_24_f78e99b34bc7,a7x3_F0_slow_aggtrades_horizon_24_f78e99b34bc7,candidate,original,F0_slow_aggtrades_horizon,"HorizonSpread(agg_avg_trade_notional_24h,12,48)",24,480,7296,8726,4344,0.9504950495049505,1.0,0.9933970856102003,1.0,-0.07083333333333294,0.007195723684210892,-0.0021774008709599803,-0.02232965009208062,-0.15296593306525536,-1.4578528278658447,1.637209095854768,0.4559169726751624,-0.17446593306525537,-1.7558528278658456,1.2677090958547685,0.27841697267516174,0.04257425742574258,0.04084429824561404,0.04206511839708561,0.0408609576427256
a7x3_F0_slow_aggtrades_horizon_24_f78e99b34bc7__ctrl_row_shuffle_4198b8c724d4,a7x3_F0_slow_aggtrades_horizon_24_f78e99b34bc7,control,row_shuffle,F0_slow_aggtrades_horizon,"HorizonSpread(agg_avg_trade_notional_24h,12,48)",24,480,7296,8726,4344,0.9504950495049505,1.0,0.9933970856102003,1.0,0.05729166666666692,0.003426535087719675,0.004755901902361106,0.005409760589318986,-0.48075298275498207,-5.281216996103753,-7.263017062495486,-4.618042207617544,-0.7932529827549821,-10.131716996103755,-13.051517062495488,-7.497542207617544,0.6188118811881188,0.6648163377192983,0.6589822404371585,0.6628683241252302
a7x3_F0_slow_aggtrades_horizon_24_f78e99b34bc7__ctrl_sign_flip_982b50104ef0,a7x3_F0_slow_aggtrades_horizon_24_f78e99b34bc7,control,sign_flip,F0_slow_aggtrades_horizon,"HorizonSpread(agg_avg_trade_notional_24h,12,48)",24,480,7296,8726,4344,0.9504950495049505,1.0,0.9933970856102003,1.0,0.07083333333333348,-0.007195723684210166,0.0021774008709607067,0.02232965009208139,0.10996593306525532,0.8618528278658439,-2.3762090958547697,-0.8109169726751619,0.0884659330652553,0.5638528278658441,-2.7457090958547705,-0.9884169726751622,0.04257425742574258,0.04084429824561404,0.04206511839708561,0.0408609576427256
a7x3_F0_slow_aggtrades_horizon_24_f78e99b34bc7__ctrl_time_shuffle_87914da75ca5,a7x3_F0_slow_aggtrades_horizon_24_f78e99b34bc7,control,time_shuffle,F0_slow_aggtrades_horizon,"HorizonSpread(agg_avg_trade_notional_24h,12,48)",24,479,7266,8739,4337,0.9485148514851485,0.9958881578947368,0.9948770491803278,0.9983885819521179,-0.03549060542797452,-0.004954582989264682,-0.00903993591944122,0.01083698409038541,-0.1713809897267885,-4.109346678993624,-3.490792779972771,-3.7985395026703084,-0.5088809897267885,-8.953346678993626,-9.296792779972773,-6.675039502670309,0.6683168316831684,0.6639254385964912,0.6609744990892532,0.6621777163904236
a7x3_F0_slow_aggtrades_horizon_24_f78e99b34bc7__ctrl_wrong_lag_0b3111175bd6,a7x3_F0_slow_aggtrades_horizon_24_f78e99b34bc7,control,wrong_lag,F0_slow_aggtrades_horizon,"HorizonSpread(agg_avg_trade_notional_24h,12,48)",24,480,7296,8702,4344,0.9504950495049505,1.0,0.9906648451730419,1.0,0.048958333333333666,0.01610471491228106,-0.011778901401976166,0.004258747697974626,-0.24534929911019615,-0.29828939823962186,3.596107232421437,-2.9049551756406142,-0.26584929911019617,-0.596789398239622,3.2276072324214367,-3.0824551756406144,0.040594059405940595,0.04091282894736842,0.04195127504553734,0.0408609576427256
a7x3_F0_slow_aggtrades_horizon_48_015c318d69cd,a7x3_F0_slow_aggtrades_horizon_48_015c318d69cd,candidate,original,F0_slow_aggtrades_horizon,"HorizonSpread(agg_large_notional_share_4h,12,48)",48,456,7296,8736,4344,0.902970297029703,1.0,0.994535519125683,1.0,-0.15570175438596448,-0.047971491228069735,0.02277930402930436,0.017610497237569456,-1.3565702933261328,-2.9483541396585307,8.2964697376492,-0.23830376207119874,-1.3985702933261326,-3.5633541396585313,7.582469737649204,-0.6258037620711985,0.08316831683168317,0.08429276315789473,0.08128415300546447,0.08920349907918969
a7x3_F0_slow_aggtrades_horizon_48_015c318d69cd__ctrl_row_shuffle_fc1a54a0d906,a7x3_F0_slow_aggtrades_horizon_48_015c318d69cd,control,row_shuffle,F0_slow_aggtrades_horizon,"HorizonSpread(agg_large_notional_share_4h,12,48)",48,456,7296,8736,4344,0.902970297029703,1.0,0.994535519125683,1.0,-0.020833333333333058,0.0036321271929828413,-0.012362637362637005,-0.006560773480662601,-0.49895827978437046,-3.2566858125044327,-5.702654098047901,-3.867633491540862,-0.7884582797843704,-8.090685812504434,-11.488154098047904,-6.750633491540864,0.5732673267326732,0.6625548245614035,0.6586407103825137,0.6636740331491713
a7x3_F0_slow_aggtrades_horizon_48_015c318d69cd__ctrl_sign_flip_66699356d2db,a7x3_F0_slow_aggtrades_horizon_48_015c318d69cd,control,sign_flip,F0_slow_aggtrades_horizon,"HorizonSpread(agg_large_notional_share_4h,12,48)",48,456,7296,8736,4344,0.902970297029703,1.0,0.994535519125683,1.0,0.15570175438596506,0.04797149122807056,-0.02277930402930367,-0.017610497237568655,1.2725702933261325,1.7183541396585298,-9.724469737649203,-0.5366962379288018,1.2305702933261324,1.103354139658529,-10.438469737649207,-0.9241962379288021,0.08316831683168317,0.08429276315789473,0.08128415300546447,0.08920349907918969
a7x3_F0_slow_aggtrades_horizon_48_015c318d69cd__ctrl_time_shuffle_c03470345ffd,a7x3_F0_slow_aggtrades_horizon_48_015c318d69cd,control,time_shuffle,F0_slow_aggtrades_horizon,"HorizonSpread(agg_large_notional_share_4h,12,48)",48,454,7274,8750,4330,0.899009900990099,0.996984649122807,0.9961293260473588,0.9967771639042358,0.04625550660792982,0.006117679406104329,-0.009085714285713909,0.014087759815242882,-0.044592651205528855,-4.470336543929999,-6.813140574899577,-2.8601610446260133,-0.3535926512055289,-9.282836543930001,-12.65514057489958,-5.779661044626016,0.6118811881188119,0.6596080043859649,0.6650728597449909,0.6720764272559853
a7x3_F0_slow_aggtrades_horizon_48_015c318d69cd__ctrl_wrong_lag_a4c391643bea,a7x3_F0_slow_aggtrades_horizon_48_015c318d69cd,control,wrong_lag,F0_slow_aggtrades_horizon,"HorizonSpread(agg_large_notional_share_4h,12,48)",48,456,7296,8712,4344,0.902970297029703,1.0,0.9918032786885246,1.0,-0.13048245614035048,-0.019394188596490804,-0.036214416896234676,0.049953959484346555,-1.7528418456521124,-3.9692294072122865,-5.406001742448966,5.155950434645858,-1.7948418456521125,-4.585729407212287,-6.116001742448967,4.767450434645858,0.08316831683168317,0.0844983552631579,0.0808287795992714,0.08943370165745856
a7x3_F0_slow_aggtrades_horizon_48_1c2c7eed8cfc,a7x3_F0_slow_aggtrades_horizon_48_1c2c7eed8cfc,candidate,original,F0_slow_aggtrades_horizon,"HorizonSpread(agg_avg_trade_notional_24h,12,48)",48,456,7296,8726,4344,0.902970297029703,1.0,0.9933970856102003,1.0,0.07017543859649153,0.009183114035088112,-0.01633050653220223,0.006330570902394532,-0.5020605607111441,-1.1593587124188047,6.075239071784894,-2.8239925027193387,-0.5220605607111442,-1.457358712418804,5.705739071784894,-3.001492502719338,0.039603960396039604,0.04084429824561404,0.04206511839708561,0.0408609576427256
a7x3_F0_slow_aggtrades_horizon_48_1c2c7eed8cfc__ctrl_row_shuffle_6c0beb49060d,a7x3_F0_slow_aggtrades_horizon_48_1c2c7eed8cfc,control,row_shuffle,F0_slow_aggtrades_horizon,"HorizonSpread(agg_avg_trade_notional_24h,12,48)",48,456,7296,8726,4344,0.902970297029703,1.0,0.9933970856102003,1.0,0.009868421052631875,-0.0021929824561399487,-0.005844602337840576,0.007021178637201103,-0.36711125433837566,-5.296233791222794,-5.8623314293052715,-2.5687064917942295,-0.6811112543383757,-10.159233791222796,-11.728331429305275,-5.475706491794231,0.6217821782178218,0.6665296052631579,0.6678051001821493,0.6691988950276243
a7x3_F0_slow_aggtrades_horizon_48_1c2c7eed8cfc__ctrl_sign_flip_21ae4c98c71c,a7x3_F0_slow_aggtrades_horizon_48_1c2c7eed8cfc,control,sign_flip,F0_slow_aggtrades_horizon,"HorizonSpread(agg_avg_trade_notional_24h,12,48)",48,456,7296,8726,4344,0.902970297029703,1.0,0.9933970856102003,1.0,-0.07017543859649093,-0.009183114035087333,0.016330506532202967,-0.006330570902393744,0.46206056071114415,0.5633587124188033,-6.814239071784895,2.4689925027193365,0.4420605607111441,0.26535871241880293,-7.183739071784896,2.2914925027193362,0.039603960396039604,0.04084429824561404,0.04206511839708561,0.0408609576427256
a7x3_F0_slow_aggtrades_horizon_48_1c2c7eed8cfc__ctrl_time_shuffle_0d2accc32ae9,a7x3_F0_slow_aggtrades_horizon_48_1c2c7eed8cfc,control,time_shuffle,F0_slow_aggtrades_horizon,"HorizonSpread(agg_avg_trade_notional_24h,12,48)",48,453,7274,8747,4325,0.897029702970297,0.996984649122807,0.995787795992714,0.9956261510128913,-0.012141280353200537,-0.0011685455045363125,0.0028581227849551953,-0.001618497109826215,-0.04987801098328924,-4.0878590723022485,-4.242378499475775,-1.4170967586893268,-0.35537801098328936,-8.89385907230225,-10.04687849947578,-4.254096758689328,0.6049504950495049,0.6587171052631579,0.6608037340619308,0.6530847145488029
a7x3_F0_slow_aggtrades_horizon_48_1c2c7eed8cfc__ctrl_wrong_lag_a2a2d0ef0913,a7x3_F0_slow_aggtrades_horizon_48_1c2c7eed8cfc,control,wrong_lag,F0_slow_aggtrades_horizon,"HorizonSpread(agg_avg_trade_notional_24h,12,48)",48,456,7296,8702,4344,0.902970297029703,1.0,0.9906648451730419,1.0,0.16776315789473709,0.0021244517543863506,-0.0031027350034471225,0.002186924493554701,-0.8956200886068967,2.5602309427029315,5.720359244953001,-2.8494244018518238,-0.9151200886068969,2.261730942702934,5.351859244953004,-3.0269244018518267,0.03861386138613861,0.04091282894736842,0.04195127504553734,0.0408609576427256
a7x3_F0_slow_aggtrades_horizon_48_50c526838e42,a7x3_F0_slow_aggtrades_horizon_48_50c526838e42,candidate,original,F0_slow_aggtrades_horizon,"HorizonSpread(agg_notional_sum_24h,12,48)",48,456,7296,8726,4344,0.902970297029703,1.0,0.9933970856102003,1.0,-0.05153508771929796,-0.04639528508771885,-0.011230804492321441,0.007596685082873295,-0.10853033315357358,5.562449782636741,9.06071609906613,-0.009732833589947587,-0.12603033315357332,5.283449782636742,8.732216099066129,-0.16923283358994712,0.034653465346534656,0.038240131578947366,0.03739754098360656,0.03671731123388582
a7x3_F0_slow_aggtrades_horizon_48_50c526838e42__ctrl_row_shuffle_020564e9ebe6,a7x3_F0_slow_aggtrades_horizon_48_50c526838e42,control,row_shuffle,F0_slow_aggtrades_horizon,"HorizonSpread(agg_notional_sum_24h,12,48)",48,456,7296,8726,4344,0.902970297029703,1.0,0.9933970856102003,1.0,0.04057017543859673,-0.0003426535087715247,5.730002292036175e-05,0.007481583793738863,-0.622245880558714,-5.790458937248455,-5.66608368882903,-1.2837985571032993,-0.9277458805587141,-10.636458937248458,-11.483083688829034,-4.204798557103301,0.6049504950495049,0.6641995614035088,0.6622267759562842,0.6724217311233885
a7x3_F0_slow_aggtrades_horizon_48_50c526838e42__ctrl_sign_flip_892537208b93,a7x3_F0_slow_aggtrades_horizon_48_50c526838e42,control,sign_flip,F0_slow_aggtrades_horizon,"HorizonSpread(agg_notional_sum_24h,12,48)",48,456,7296,8726,4344,0.902970297029703,1.0,0.9933970856102003,1.0,0.05153508771929862,0.04639528508771964,0.011230804492322123,-0.007596685082872536,0.07353033315357321,-6.120449782636744,-9.717716099066132,-0.30926716641005303,0.056030333153573475,-6.399449782636743,-10.046216099066132,-0.46876716641005434,0.034653465346534656,0.038240131578947366,0.03739754098360656,0.03671731123388582
a7x3_F0_slow_aggtrades_horizon_48_50c526838e42__ctrl_time_shuffle_24a70c118e00,a7x3_F0_slow_aggtrades_horizon_48_50c526838e42,control,time_shuffle,F0_slow_aggtrades_horizon,"HorizonSpread(agg_notional_sum_24h,12,48)",48,454,7268,8748,4327,0.899009900990099,0.9961622807017544,0.9959016393442623,0.9960865561694291,0.01321585903083736,-0.005090809025866426,0.00342935528120747,-0.003004391033047917,-0.5809050170614876,-4.254874254894,-6.224664262161544,-2.4244706683595263,-0.8504050170614877,-8.808874254894,-11.844164262161549,-5.213470668359529,0.5336633663366337,0.6241776315789473,0.6397427140255009,0.6420349907918969
a7x3_F0_slow_aggtrades_horizon_48_50c526838e42__ctrl_wrong_lag_582c5afd3a1c,a7x3_F0_slow_aggtrades_horizon_48_50c526838e42,control,wrong_lag,F0_slow_aggtrades_horizon,"HorizonSpread(agg_notional_sum_24h,12,48)",48,456,7296,8702,4344,0.902970297029703,1.0,0.9906648451730419,1.0,0.11842105263157919,-0.01521381578947325,-0.007986669731095922,-0.03303406998158343,-0.9175882457854541,5.57805328189289,7.281284734348276,3.8338946839424177,-0.9355882457854541,5.300053281892891,6.952784734348275,3.6753946839424176,0.03564356435643564,0.0381030701754386,0.03739754098360656,0.03648710865561694
a7x3_F0_slow_aggtrades_horizon_48_75dc2ca72e3f,a7x3_F0_slow_aggtrades_horizon_48_75dc2ca72e3f,candidate,original,F0_slow_aggtrades_horizon,"HorizonSpread(agg_flow_accel_4h_vs_24h,12,48)",48,456,7296,8726,4344,0.902970297029703,1.0,0.9933970856102003,1.0,0.007675438596491481,0.010348135964912686,0.0053862021544812105,0.02658839779005559,-0.08618053589311075,2.3499658689116067,-3.7485635230805574,2.235067165877447,-0.1366805358931108,1.523465868911606,-4.731063523080559,1.7650671658774462,0.1,0.11328125,0.11185109289617487,0.10819521178637201
a7x3_F0_slow_aggtrades_horizon_48_75dc2ca72e3f__ctrl_row_shuffle_5236b08fc8b0,a7x3_F0_slow_aggtrades_horizon_48_75dc2ca72e3f,control,row_shuffle,F0_slow_aggtrades_horizon,"HorizonSpread(agg_flow_accel_4h_vs_24h,12,48)",48,456,7296,8726,4344,0.902970297029703,1.0,0.9933970856102003,1.0,-0.01096491228070149,0.0008908991228074232,0.0018336007334406362,-0.0009208103130751335,-0.17501948814730633,-4.718241414945426,-4.078043654266343,-4.947602123729476,-0.46651948814730637,-9.585241414945427,-9.845043654266346,-7.817102123729477,0.5772277227722772,0.667077850877193,0.6565346083788707,0.6605662983425414
a7x3_F0_slow_aggtrades_horizon_48_75dc2ca72e3f__ctrl_sign_flip_9b432e44d992,a7x3_F0_slow_aggtrades_horizon_48_75dc2ca72e3f,control,sign_flip,F0_slow_aggtrades_horizon,"HorizonSpread(agg_flow_accel_4h_vs_24h,12,48)",48,456,7296,8726,4344,0.902970297029703,1.0,0.9933970856102003,1.0,-0.007675438596490939,-0.010348135964911874,-0.005386202154480505,-0.026588397790054886,-0.014819464106889335,-4.002965868911607,1.7835635230805555,-3.175067165877447,-0.06531946410688938,-4.829465868911608,0.8010635230805555,-3.6450671658774474,0.1,0.11328125,0.11185109289617487,0.10819521178637201
a7x3_F0_slow_aggtrades_horizon_48_75dc2ca72e3f__ctrl_time_shuffle_1eb1235a68cc,a7x3_F0_slow_aggtrades_horizon_48_75dc2ca72e3f,control,time_shuffle,F0_slow_aggtrades_horizon,"HorizonSpread(agg_flow_accel_4h_vs_24h,12,48)",48,455,7260,8753,4329,0.900990099009901,0.9950657894736842,0.9964708561020036,0.9965469613259669,-0.03626373626373591,0.0033057851239673315,-0.0017708214326513031,0.011434511434511792,-0.41169013797321174,-3.7782353554487274,-5.121587145489498,-0.669036523544231,-0.7126901379732119,-8.601235355448729,-10.9280871454895,-3.5415365235442327,0.596039603960396,0.661047149122807,0.6610314207650273,0.6612569060773481
a7x3_F0_slow_aggtrades_horizon_48_75dc2ca72e3f__ctrl_wrong_lag_d21d8f85d0e4,a7x3_F0_slow_aggtrades_horizon_48_75dc2ca72e3f,control,wrong_lag,F0_slow_aggtrades_horizon,"HorizonSpread(agg_flow_accel_4h_vs_24h,12,48)",48,456,7296,8702,4344,0.902970297029703,1.0,0.9906648451730419,1.0,0.023026315789474033,0.04180372807017581,0.012870604458745475,0.018761510128913785,0.5322289189033353,3.425573205150024,-0.5684926378089945,2.9753713089419076,0.4832289189033353,2.5995732051500235,-1.5484926378089956,2.5048713089419072,0.09702970297029703,0.11321271929824561,0.11156648451730419,0.10831031307550644
a7x3_F0_slow_aggtrades_horizon_48_923970023469,a7x3_F0_slow_aggtrades_horizon_48_923970023469,candidate,original,F0_slow_aggtrades_horizon,"HorizonSpread(agg_large_notional_sum_24h,12,48)",48,456,7296,8726,4344,0.902970297029703,1.0,0.9933970856102003,1.0,-0.0186403508771927,-0.029262609649122372,-0.01971120788448278,-0.005870165745855966,-0.30124078578337365,2.5719271779783597,10.931427028398524,5.300638091836323,-0.3197407857833738,2.282927177978359,10.605427028398523,5.136138091836322,0.03663366336633663,0.03961074561403509,0.03711293260473588,0.0378683241252302
a7x3_F0_slow_aggtrades_horizon_48_923970023469__ctrl_row_shuffle_200fc2969e91,a7x3_F0_slow_aggtrades_horizon_48_923970023469,control,row_shuffle,F0_slow_aggtrades_horizon,"HorizonSpread(agg_large_notional_sum_24h,12,48)",48,456,7296,8726,4344,0.902970297029703,1.0,0.9933970856102003,1.0,0.017543859649123104,0.007195723684210909,0.009339903735961849,-0.007711786372006994,-0.3207630381472989,-4.944627184698987,-9.475909708878856,-1.291287755755821,-0.625263038147299,-9.781127184698988,-15.294409708878858,-4.204287755755823,0.602970297029703,0.6628974780701754,0.6623975409836066,0.6705801104972375
a7x3_F0_slow_aggtrades_horizon_48_923970023469__ctrl_sign_flip_cbbae3c3425b,a7x3_F0_slow_aggtrades_horizon_48_923970023469,control,sign_flip,F0_slow_aggtrades_horizon,"HorizonSpread(agg_large_notional_sum_24h,12,48)",48,456,7296,8726,4344,0.902970297029703,1.0,0.9933970856102003,1.0,0.018640350877193373,0.029262609649123167,0.019711207884483488,0.005870165745856741,0.26424078578337384,-3.1499271779783595,-11.583427028398523,-5.6296380918363225,0.24574078578337372,-3.438927177978359,-11.909427028398524,-5.794138091836323,0.03663366336633663,0.03961074561403509,0.03711293260473588,0.0378683241252302
a7x3_F0_slow_aggtrades_horizon_48_923970023469__ctrl_time_shuffle_0a0727345610,a7x3_F0_slow_aggtrades_horizon_48_923970023469,control,time_shuffle,F0_slow_aggtrades_horizon,"HorizonSpread(agg_large_notional_sum_24h,12,48)",48,455,7267,8748,4328,0.900990099009901,0.9960252192982456,0.9959016393442623,0.996316758747698,0.007692307692308046,-0.015962570524287466,-0.0008001828989479944,-0.033156192236598506,-0.3968337970582261,-1.6480376524098679,-6.35537750991471,-0.1880416320912004,-0.6708337970582262,-6.06253765240987,-11.842377509914716,-2.938541632091202,0.5425742574257426,0.6050575657894737,0.6246584699453552,0.6331721915285451
a7x3_F0_slow_aggtrades_horizon_48_923970023469__ctrl_wrong_lag_fae5def250b9,a7x3_F0_slow_aggtrades_horizon_48_923970023469,control,wrong_lag,F0_slow_aggtrades_horizon,"HorizonSpread(agg_large_notional_sum_24h,12,48)",48,456,7296,8702,4344,0.902970297029703,1.0,0.9906648451730419,1.0,0.1644736842105266,-0.006647478070175004,-0.024419673638243697,-0.04178176795580072,-1.0426727483586855,5.677574805905177,11.564885209701092,7.921351844517581,-1.0606727483586857,5.389074805905177,11.239385209701094,7.7568518445175805,0.03564356435643564,0.0395422149122807,0.03705601092896175,0.0378683241252302
a7x3_F0_slow_aggtrades_horizon_48_b5311d81eaf8,a7x3_F0_slow_aggtrades_horizon_48_b5311d81eaf8,candidate,original,F0_slow_aggtrades_horizon,"HorizonSpread(agg_buy_notional_share,12,48)",48,456,7296,8737,4344,0.902970297029703,1.0,0.9946493624772313,1.0,0.06578947368421077,0.027275219298245987,-0.01516538857731451,0.03073204419889538,-0.3636677076892123,-6.038779072724878,-0.24253694726582964,-3.704947830455222,-0.44016770768921243,-7.458279072724879,-2.0565369472658297,-4.580447830455222,0.15148514851485148,0.19455866228070176,0.20651183970856102,0.20154235727440148
a7x3_F0_slow_aggtrades_horizon_48_b5311d81eaf8__ctrl_row_shuffle_8da83eeace28,a7x3_F0_slow_aggtrades_horizon_48_b5311d81eaf8,control,row_shuffle,F0_slow_aggtrades_horizon,"HorizonSpread(agg_buy_notional_share,12,48)",48,456,7296,8737,4344,0.902970297029703,1.0,0.9946493624772313,1.0,0.018640350877193262,-0.01398026315789432,-0.010587158063408132,-0.006560773480662599,-0.21689710471465196,-2.0957043007295395,-6.344527211386893,-3.8201175887994903,-0.5213971047146521,-6.944704300729541,-12.174527211386895,-6.747117588799492,0.602970297029703,0.6646107456140351,0.6637067395264117,0.6738029465930019
a7x3_F0_slow_aggtrades_horizon_48_b5311d81eaf8__ctrl_sign_flip_67c5569411e1,a7x3_F0_slow_aggtrades_horizon_48_b5311d81eaf8,control,sign_flip,F0_slow_aggtrades_horizon,"HorizonSpread(agg_buy_notional_share,12,48)",48,456,7296,8737,4344,0.902970297029703,1.0,0.9946493624772313,1.0,-0.06578947368421012,-0.02727521929824522,0.015165388577315196,-0.03073204419889464,0.21066770768921217,3.199779072724875,-3.3854630527341736,1.9539478304552198,0.1341677076892121,1.7802790727248738,-5.199463052734176,1.0784478304552185,0.15148514851485148,0.19455866228070176,0.20651183970856102,0.20154235727440148
a7x3_F0_slow_aggtrades_horizon_48_b5311d81eaf8__ctrl_time_shuffle_c85fd51d7596,a7x3_F0_slow_aggtrades_horizon_48_b5311d81eaf8,control,time_shuffle,F0_slow_aggtrades_horizon,"HorizonSpread(agg_buy_notional_share,12,48)",48,452,7272,8760,4324,0.8950495049504951,0.9967105263157895,0.9972677595628415,0.9953959484346224,0.003318584070796735,0.0033003300330036955,0.0005136986301373471,-0.013876040703052348,-0.43676969992656456,-4.407881676047942,-5.363012718519847,-1.5240628290844493,-0.7427696999265647,-9.246381676047942,-11.20151271851985,-4.4135628290844515,0.6059405940594059,0.663171600877193,0.6646744080145719,0.665170349907919
a7x3_F0_slow_aggtrades_horizon_48_b5311d81eaf8__ctrl_wrong_lag_285770102428,a7x3_F0_slow_aggtrades_horizon_48_b5311d81eaf8,control,wrong_lag,F0_slow_aggtrades_horizon,"HorizonSpread(agg_buy_notional_share,12,48)",48,456,7296,8713,4344,0.902970297029703,1.0,0.9919171220400729,1.0,0.04605263157894756,0.007743969298246014,-0.008837369447950985,-0.015078268876611066,-0.8819035563681281,0.6559702903506355,-4.199816083560824,1.9256402491977307,-0.9554035563681282,-0.7630297096493657,-6.011316083560826,1.0511402491977306,0.14554455445544554,0.19449013157894737,0.20622723132969034,0.2013121546961326
a7x3_F0_slow_aggtrades_horizon_48_d1bcf0b3e65a,a7x3_F0_slow_aggtrades_horizon_48_d1bcf0b3e65a,candidate,original,F0_slow_aggtrades_horizon,"HorizonSpread(agg_flow_minus_ethusdt_4h,12,48)",48,456,7296,8736,4344,0.902970297029703,1.0,0.994535519125683,1.0,0.09978070175438612,0.03337445175438634,-0.016254578754578395,0.021408839779005883,-0.6367711100049179,-6.044143167456385,-0.5999694375502374,-4.951267406407329,-0.683271110004918,-6.856643167456387,-1.5909694375502377,-5.43126740640733,0.09207920792079208,0.1113623903508772,0.11281876138433515,0.11049723756906077
a7x3_F0_slow_aggtrades_horizon_48_d1bcf0b3e65a__ctrl_row_shuffle_df934da4b1b1,a7x3_F0_slow_aggtrades_horizon_48_d1bcf0b3e65a,control,row_shuffle,F0_slow_aggtrades_horizon,"HorizonSpread(agg_flow_minus_ethusdt_4h,12,48)",48,456,7296,8736,4344,0.902970297029703,1.0,0.994535519125683,1.0,-0.009868421052631256,-0.015008223684210101,-0.0014880952380948807,-0.019797421731123,-0.36714177762474876,-3.0485172755177277,-3.528349388282465,-1.7037250488725364,-0.6831417776247488,-7.86101727551773,-9.342849388282469,-4.585225048872538,0.6257425742574257,0.6596080043859649,0.6619421675774135,0.663328729281768
a7x3_F0_slow_aggtrades_horizon_48_d1bcf0b3e65a__ctrl_sign_flip_b85999ac8104,a7x3_F0_slow_aggtrades_horizon_48_d1bcf0b3e65a,control,sign_flip,F0_slow_aggtrades_horizon,"HorizonSpread(agg_flow_minus_ethusdt_4h,12,48)",48,456,7296,8736,4344,0.902970297029703,1.0,0.994535519125683,1.0,-0.09978070175438553,-0.03337445175438557,0.016254578754579085,-0.021408839779005144,0.5437711100049178,4.419143167456385,-1.3820305624497637,3.9912674064073297,0.4972711100049178,3.606643167456383,-2.3730305624497654,3.511267406407328,0.09207920792079208,0.1113623903508772,0.11281876138433515,0.11049723756906077
a7x3_F0_slow_aggtrades_horizon_48_d1bcf0b3e65a__ctrl_time_shuffle_0b9e2ac8c9f6,a7x3_F0_slow_aggtrades_horizon_48_d1bcf0b3e65a,control,time_shuffle,F0_slow_aggtrades_horizon,"HorizonSpread(agg_flow_minus_ethusdt_4h,12,48)",48,454,7271,8750,4332,0.899009900990099,0.9965734649122807,0.9961293260473588,0.9972375690607734,-0.08370044052863398,-0.006945399532388552,0.00931428571428606,0.007502308402585767,0.1989697301187157,-5.7355759173153125,-8.676022031612728,-3.371100384182405,-0.09953026988128444,-10.572075917315315,-14.528522031612733,-6.265100384182407,0.5910891089108911,0.6628974780701754,0.6662682149362478,0.666206261510129
a7x3_F0_slow_aggtrades_horizon_48_d1bcf0b3e65a__ctrl_wrong_lag_ef3549c63b5d,a7x3_F0_slow_aggtrades_horizon_48_d1bcf0b3e65a,control,wrong_lag,F0_slow_aggtrades_horizon,"HorizonSpread(agg_flow_minus_ethusdt_4h,12,48)",48,456,7296,8712,4344,0.902970297029703,1.0,0.9918032786885246,1.0,0.044956140350877465,0.011787280701754783,-0.005796602387511132,-0.030847145488029085,-1.0008439277088503,0.2613366301168569,-5.233789708637584,1.011469138755954,-1.0458439277088503,-0.5526633698831445,-6.223289708637585,0.5334691387559534,0.0891089108910891,0.11156798245614036,0.11264799635701275,0.11003683241252302
a7x3_F0_slow_aggtrades_horizon_48_ece175f3b91d,a7x3_F0_slow_aggtrades_horizon_48_ece175f3b91d,candidate,original,F0_slow_aggtrades_horizon,"HorizonSpread(agg_flow_minus_btcusdt_4h,12,48)",48,456,7296,8736,4344,0.902970297029703,1.0,0.994535519125683,1.0,0.09978070175438612,0.03337445175438634,-0.016254578754578395,0.021408839779005883,-0.6367711100049179,-6.044143167456385,-0.5999694375502374,-4.951267406407329,-0.683271110004918,-6.856643167456387,-1.5909694375502377,-5.43126740640733,0.09207920792079208,0.1113623903508772,0.11281876138433515,0.11049723756906077
a7x3_F0_slow_aggtrades_horizon_48_ece175f3b91d__ctrl_row_shuffle_4278aa0e088b,a7x3_F0_slow_aggtrades_horizon_48_ece175f3b91d,control,row_shuffle,F0_slow_aggtrades_horizon,"HorizonSpread(agg_flow_minus_btcusdt_4h,12,48)",48,456,7296,8736,4344,0.902970297029703,1.0,0.994535519125683,1.0,0.012061403508772226,0.01816063596491266,-0.00045787545787508616,-0.011164825046040138,-0.19349199259249564,-6.448592971739307,-3.6013473583285265,-1.300124672209238,-0.48849199259249576,-11.24509297173931,-9.41784735832853,-4.19312467220924,0.5841584158415841,0.6574150219298246,0.66216985428051,0.6659760589318601
a7x3_F0_slow_aggtrades_horizon_48_ece175f3b91d__ctrl_sign_flip_ea4552d3e2f5,a7x3_F0_slow_aggtrades_horizon_48_ece175f3b91d,control,sign_flip,F0_slow_aggtrades_horizon,"HorizonSpread(agg_flow_minus_btcusdt_4h,12,48)",48,456,7296,8736,4344,0.902970297029703,1.0,0.994535519125683,1.0,-0.09978070175438553,-0.03337445175438557,0.016254578754579085,-0.021408839779005144,0.5437711100049178,4.419143167456385,-1.3820305624497637,3.9912674064073297,0.4972711100049178,3.606643167456383,-2.3730305624497654,3.511267406407328,0.09207920792079208,0.1113623903508772,0.11281876138433515,0.11049723756906077
a7x3_F0_slow_aggtrades_horizon_48_ece175f3b91d__ctrl_time_shuffle_29cd3480722f,a7x3_F0_slow_aggtrades_horizon_48_ece175f3b91d,control,time_shuffle,F0_slow_aggtrades_horizon,"HorizonSpread(agg_flow_minus_btcusdt_4h,12,48)",48,453,7265,8761,4328,0.897029702970297,0.9957510964912281,0.9973816029143898,0.996316758747698,0.017660044150110656,-0.007777013076393267,-0.00542175550736181,0.009357670979667648,-0.6342445684255645,-4.097591894965008,-4.938641647476205,-4.246534237697246,-0.9477445684255646,-8.91309189496501,-10.742141647476208,-7.172034237697249,0.6207920792079208,0.6600191885964912,0.6606898907103825,0.6734576427255985
a7x3_F0_slow_aggtrades_horizon_48_ece175f3b91d__ctrl_wrong_lag_51b72027caf0,a7x3_F0_slow_aggtrades_horizon_48_ece175f3b91d,control,wrong_lag,F0_slow_aggtrades_horizon,"HorizonSpread(agg_flow_minus_btcusdt_4h,12,48)",48,456,7296,8712,4344,0.902970297029703,1.0,0.9918032786885246,1.0,0.044956140350877465,0.011787280701754783,-0.005796602387511132,-0.030847145488029085,-1.0008439277088503,0.2613366301168569,-5.233789708637584,1.011469138755954,-1.0458439277088503,-0.5526633698831445,-6.223289708637585,0.5334691387559534,0.0891089108910891,0.11156798245614036,0.11264799635701275,0.11003683241252302
a7x3_F0_slow_aggtrades_horizon_48_f22f5a1e2343,a7x3_F0_slow_aggtrades_horizon_48_f22f5a1e2343,candidate,original,F0_slow_aggtrades_horizon,"HorizonSpread(agg_flow_imbalance_notional,12,48)",48,456,7296,8737,4344,0.902970297029703,1.0,0.9946493624772313,1.0,0.06578947368421077,0.027275219298245987,-0.01516538857731451,0.03073204419889538,-0.3636677076892123,-6.038779072724878,-0.24253694726582964,-3.704947830455222,-0.44016770768921243,-7.458279072724879,-2.0565369472658297,-4.580447830455222,0.15148514851485148,0.19455866228070176,0.20651183970856102,0.20154235727440148
a7x3_F0_slow_aggtrades_horizon_48_f22f5a1e2343__ctrl_row_shuffle_f497f674dccb,a7x3_F0_slow_aggtrades_horizon_48_f22f5a1e2343,control,row_shuffle,F0_slow_aggtrades_horizon,"HorizonSpread(agg_flow_imbalance_notional,12,48)",48,456,7296,8737,4344,0.902970297029703,1.0,0.9946493624772313,1.0,-0.05153508771929791,0.0018503289473688373,0.017168364427149252,0.0032228360957646633,-0.08983932836001349,-5.0766896693024215,-8.44902840590188,-2.85367149998511,-0.4023393283600136,-9.997689669302424,-14.303028405901882,-5.757171499985112,0.6188118811881188,0.6744791666666666,0.6664389799635702,0.6683931860036832
a7x3_F0_slow_aggtrades_horizon_48_f22f5a1e2343__ctrl_sign_flip_1304f0be088e,a7x3_F0_slow_aggtrades_horizon_48_f22f5a1e2343,control,sign_flip,F0_slow_aggtrades_horizon,"HorizonSpread(agg_flow_imbalance_notional,12,48)",48,456,7296,8737,4344,0.902970297029703,1.0,0.9946493624772313,1.0,-0.06578947368421012,-0.02727521929824522,0.015165388577315196,-0.03073204419889464,0.21066770768921217,3.199779072724875,-3.3854630527341736,1.9539478304552198,0.1341677076892121,1.7802790727248738,-5.199463052734176,1.0784478304552185,0.15148514851485148,0.19455866228070176,0.20651183970856102,0.20154235727440148
a7x3_F0_slow_aggtrades_horizon_48_f22f5a1e2343__ctrl_time_shuffle_bebca671ea3e,a7x3_F0_slow_aggtrades_horizon_48_f22f5a1e2343,control,time_shuffle,F0_slow_aggtrades_horizon,"HorizonSpread(agg_flow_imbalance_notional,12,48)",48,455,7277,8748,4328,0.900990099009901,0.9973958333333334,0.9959016393442623,0.996316758747698,-0.027472527472527108,0.0040538683523434,0.0017146776406039297,-0.018715341959334164,0.038162126488438336,-5.359397188635215,-4.398133922675395,-0.831857800408372,-0.2713378735115618,-10.226897188635217,-10.2986339226754,-3.756857800408374,0.6128712871287129,0.6671463815789473,0.6717326958105647,0.6733425414364641
a7x3_F0_slow_aggtrades_horizon_48_f22f5a1e2343__ctrl_wrong_lag_b85e6efcc79e,a7x3_F0_slow_aggtrades_horizon_48_f22f5a1e2343,control,wrong_lag,F0_slow_aggtrades_horizon,"HorizonSpread(agg_flow_imbalance_notional,12,48)",48,456,7296,8713,4344,0.902970297029703,1.0,0.9919171220400729,1.0,0.04605263157894756,0.007743969298246014,-0.008837369447950985,-0.015078268876611066,-0.8819035563681281,0.6559702903506355,-4.199816083560824,1.9256402491977307,-0.9554035563681282,-0.7630297096493657,-6.011316083560826,1.0511402491977306,0.14554455445544554,0.19449013157894737,0.20622723132969034,0.2013121546961326
a7x3_F0_slow_aggtrades_horizon_48_f99a5c2b74a2,a7x3_F0_slow_aggtrades_horizon_48_f99a5c2b74a2,candidate,original,F0_slow_aggtrades_horizon,"HorizonSpread(agg_cross_symbol_signed_flow_share,12,48)",48,456,7296,8737,4344,0.902970297029703,1.0,0.9946493624772313,1.0,-0.018640350877192558,0.033511513157895134,0.016996680782877787,0.04120626151012919,0.1276447539800823,1.9319590996549016,9.016305530868104,6.560877268893918,0.07964475398008225,1.0544590996549008,7.846305530868103,6.023377268893918,0.09504950495049505,0.12027138157894737,0.13319672131147542,0.12373388581952117
a7x3_F0_slow_aggtrades_horizon_48_f99a5c2b74a2__ctrl_row_shuffle_a36073b63dcd,a7x3_F0_slow_aggtrades_horizon_48_f99a5c2b74a2,control,row_shuffle,F0_slow_aggtrades_horizon,"HorizonSpread(agg_cross_symbol_signed_flow_share,12,48)",48,456,7296,8737,4344,0.902970297029703,1.0,0.9946493624772313,1.0,-0.05482456140350844,0.0072642543859653,-0.004349318988210706,0.011510128913444216,-0.4922582657860881,-4.132844591028682,-7.0798864364690015,-0.7541244299000354,-0.8032582657860882,-9.039844591028686,-12.902886436469004,-3.6436244299000373,0.6158415841584158,0.6725603070175439,0.6629098360655737,0.665170349907919
a7x3_F0_slow_aggtrades_horizon_48_f99a5c2b74a2__ctrl_sign_flip_87241e0a3d6e,a7x3_F0_slow_aggtrades_horizon_48_f99a5c2b74a2,control,sign_flip,F0_slow_aggtrades_horizon,"HorizonSpread(agg_cross_symbol_signed_flow_share,12,48)",48,456,7296,8737,4344,0.902970297029703,1.0,0.9946493624772313,1.0,0.018640350877193287,-0.03351151315789429,-0.016996680782877034,-0.04120626151012847,-0.2236447539800825,-3.686959099654903,-11.356305530868106,-7.635877268893921,-0.2716447539800824,-4.564459099654904,-12.52630553086811,-8.173377268893919,0.09504950495049505,0.12027138157894737,0.13319672131147542,0.12373388581952117
a7x3_F0_slow_aggtrades_horizon_48_f99a5c2b74a2__ctrl_time_shuffle_2db75ee35343,a7x3_F0_slow_aggtrades_horizon_48_f99a5c2b74a2,control,time_shuffle,F0_slow_aggtrades_horizon,"HorizonSpread(agg_cross_symbol_signed_flow_share,12,48)",48,456,7273,8748,4331,0.902970297029703,0.9968475877192983,0.9959016393442623,0.9970073664825047,-0.001096491228069891,0.004949814381961095,-0.0030864197530860523,0.006811359963057442,-0.28342833238070764,-4.279380045905041,-5.925495462968123,-1.3453300374041814,-0.5864283323807076,-8.977880045905042,-11.522995462968126,-4.0713300374041825,0.6,0.6439830043859649,0.637238160291439,0.6275322283609577
a7x3_F0_slow_aggtrades_horizon_48_f99a5c2b74a2__ctrl_wrong_lag_c2fb53f1fdce,a7x3_F0_slow_aggtrades_horizon_48_f99a5c2b74a2,control,wrong_lag,F0_slow_aggtrades_horizon,"HorizonSpread(agg_cross_symbol_signed_flow_share,12,48)",48,456,7296,8713,4344,0.902970297029703,1.0,0.9919171220400729,1.0,-0.12061403508771883,0.037623355263158284,0.008091357741306418,0.008517495395948795,0.1788687863583852,2.1295550057207553,4.3918338474418475,1.7067751406425316,0.13286878635838517,1.252055005720754,3.2243338474418453,1.1687751406425315,0.09108910891089109,0.12027138157894737,0.13291211293260474,0.12384898710865562
a7x3_F1_aggtrades_basis_interaction_24_0d9068bfa3ec,a7x3_F1_aggtrades_basis_interaction_24_0d9068bfa3ec,candidate,original,F1_aggtrades_basis_interaction,"Mul(ZScore(Decay(agg_flow_accel_4h_vs_24h,24)),Rank(mark_index_ratio))",24,480,7296,8750,4344,0.9504950495049505,1.0,0.9961293260473588,1.0,-0.010416666666666201,0.02083333333333371,-0.021199999999999646,0.0005755064456725923,0.3509928539690436,-4.757758979611993,0.5523723235590987,-2.204100127692416,0.28099285396904355,-5.812258979611994,-0.7261276764409033,-2.8611001276924153,0.13861386138613863,0.14453125,0.14554872495446267,0.15124309392265192
a7x3_F1_aggtrades_basis_interaction_24_0d9068bfa3ec__ctrl_row_shuffle_667f9df27b28,a7x3_F1_aggtrades_basis_interaction_24_0d9068bfa3ec,control,row_shuffle,F1_aggtrades_basis_interaction,"Mul(ZScore(Decay(agg_flow_accel_4h_vs_24h,24)),Rank(mark_index_ratio))",24,480,7296,8750,4344,0.9504950495049505,1.0,0.9961293260473588,1.0,0.002083333333333694,-0.002946820175438224,-0.0058285714285710635,-0.013351749539594459,-0.3970344531580186,-4.387735321300131,-4.373188449390805,-1.1379758377055156,-0.7265344531580187,-9.249735321300133,-10.205688449390808,-4.024475837705517,0.6524752475247525,0.6663925438596491,0.6639913479052824,0.6644797421731123
a7x3_F1_aggtrades_basis_interaction_24_0d9068bfa3ec__ctrl_sign_flip_fd9f46bbb5c0,a7x3_F1_aggtrades_basis_interaction_24_0d9068bfa3ec,control,sign_flip,F1_aggtrades_basis_interaction,"Mul(ZScore(Decay(agg_flow_accel_4h_vs_24h,24)),Rank(mark_index_ratio))",24,480,7296,8750,4344,0.9504950495049505,1.0,0.9961293260473588,1.0,0.010416666666667008,-0.02083333333333293,0.021200000000000354,-0.000575506445671848,-0.49099285396904374,2.648758979611992,-3.1093723235591018,0.8901001276924143,-0.5609928539690439,1.5942589796119904,-4.387872323559103,0.2331001276924134,0.13861386138613863,0.14453125,0.14554872495446267,0.15124309392265192
a7x3_F1_aggtrades_basis_interaction_24_0d9068bfa3ec__ctrl_time_shuffle_b5f40447775c,a7x3_F1_aggtrades_basis_interaction_24_0d9068bfa3ec,control,time_shuffle,F1_aggtrades_basis_interaction,"Mul(ZScore(Decay(agg_flow_accel_4h_vs_24h,24)),Rank(mark_index_ratio))",24,480,7275,8761,4329,0.9504950495049505,0.9971217105263158,0.9973816029143898,0.9965469613259669,0.020833333333333655,0.001099656357388707,-0.011984933226800207,-0.0018480018480014763,-0.43395474334659634,-5.671703691403934,-4.181624559365218,-3.3445197221586174,-0.7449547433465964,-10.496703691403933,-10.01162455936522,-6.189019722158618,0.6158415841584158,0.6613212719298246,0.6637067395264117,0.6548112338858195
a7x3_F1_aggtrades_basis_interaction_24_0d9068bfa3ec__ctrl_wrong_lag_9c63049048ec,a7x3_F1_aggtrades_basis_interaction_24_0d9068bfa3ec,control,wrong_lag,F1_aggtrades_basis_interaction,"Mul(ZScore(Decay(agg_flow_accel_4h_vs_24h,24)),Rank(mark_index_ratio))",24,480,7296,8726,4344,0.9504950495049505,1.0,0.9933970856102003,1.0,0.055208333333333685,0.0006167763157898652,-0.012606005042401643,0.023135359116022457,-0.495839335094604,0.22251873725873317,-1.9847010366077404,-2.50452852013472,-0.562339335094604,-0.8364812627412674,-3.2622010366077414,-3.1570285201347206,0.1316831683168317,0.14514802631578946,0.1454348816029144,0.150207182320442
a7x3_F1_aggtrades_basis_interaction_24_12028162f8f2,a7x3_F1_aggtrades_basis_interaction_24_12028162f8f2,candidate,original,F1_aggtrades_basis_interaction,"Mul(ZScore(Decay(agg_cross_symbol_signed_flow_share,48)),Rank(mark_index_ratio))",24,480,7296,8737,4344,0.9504950495049505,1.0,0.9946493624772313,1.0,0.021875000000000495,0.0054139254385969235,0.023520659265194418,-0.026127992633517037,-0.012697679981553411,2.1265142773644943,-0.11048718993030571,-7.3498406485396295,-0.04819767998155344,1.3585142773644936,-1.1254871899303058,-7.802840648539629,0.0702970297029703,0.10526315789473684,0.11555100182149362,0.1042817679558011
a7x3_F1_aggtrades_basis_interaction_24_12028162f8f2__ctrl_row_shuffle_485fe2fde6e6,a7x3_F1_aggtrades_basis_interaction_24_12028162f8f2,control,row_shuffle,F1_aggtrades_basis_interaction,"Mul(ZScore(Decay(agg_cross_symbol_signed_flow_share,48)),Rank(mark_index_ratio))",24,480,7296,8737,4344,0.9504950495049505,1.0,0.9946493624772313,1.0,0.04791666666666704,0.001096491228070558,-0.0032047613597340967,-0.005755064456721523,-0.2252066819267128,-4.724538322710891,-6.5128877531893,-3.9940422468099404,-0.5552066819267127,-9.519038322710891,-12.388887753189302,-6.86904224680994,0.6534653465346535,0.657140899122807,0.668943533697632,0.6618324125230203
a7x3_F1_aggtrades_basis_interaction_24_12028162f8f2__ctrl_sign_flip_cdef3432a63e,a7x3_F1_aggtrades_basis_interaction_24_12028162f8f2,control,sign_flip,F1_aggtrades_basis_interaction,"Mul(ZScore(Decay(agg_cross_symbol_signed_flow_share,48)),Rank(mark_index_ratio))",24,480,7296,8737,4344,0.9504950495049505,1.0,0.9946493624772313,1.0,-0.021874999999999586,-0.0054139254385960995,-0.023520659265193623,0.026127992633517824,-0.05830232001844665,-3.6625142773644956,-1.9195128100696954,6.443840648539628,-0.09380232001844668,-4.4305142773644945,-2.9345128100696973,5.990840648539628,0.0702970297029703,0.10526315789473684,0.11555100182149362,0.1042817679558011
a7x3_F1_aggtrades_basis_interaction_24_12028162f8f2__ctrl_time_shuffle_cb5756d75387,a7x3_F1_aggtrades_basis_interaction_24_12028162f8f2,control,time_shuffle,F1_aggtrades_basis_interaction,"Mul(ZScore(Decay(agg_cross_symbol_signed_flow_share,48)),Rank(mark_index_ratio))",24,479,7266,8751,4336,0.9485148514851485,0.9958881578947368,0.9962431693989071,0.998158379373849,0.05323590814196278,0.021676300578035088,0.005827905382242416,0.008648523985240271,-0.19193997369842164,-3.9486720808061255,-4.23829961644706,-3.562735141318887,-0.4989399736984216,-8.557672080806126,-9.823799616447062,-6.307735141318887,0.6079207920792079,0.6317160087719298,0.6358720400728597,0.6319060773480663
a7x3_F1_aggtrades_basis_interaction_24_12028162f8f2__ctrl_wrong_lag_cb25dc04809f,a7x3_F1_aggtrades_basis_interaction_24_12028162f8f2,control,wrong_lag,F1_aggtrades_basis_interaction,"Mul(ZScore(Decay(agg_cross_symbol_signed_flow_share,48)),Rank(mark_index_ratio))",24,480,7296,8713,4344,0.9504950495049505,1.0,0.9919171220400729,1.0,0.18125000000000024,-0.01665296052631534,-0.0035579019855384282,-0.03199815837937339,0.7318634390769547,-1.6065168003544705,-3.8417479100500995,-6.464621522225702,0.6953634390769547,-2.377016800354472,-4.8522479100500995,-6.918621522225703,0.07227722772277227,0.10560581140350878,0.11503870673952642,0.10451197053406998
a7x3_F1_aggtrades_basis_interaction_24_25abae7ad24e,a7x3_F1_aggtrades_basis_interaction_24_25abae7ad24e,candidate,original,F1_aggtrades_basis_interaction,"Mul(ZScore(Decay(agg_buy_notional_share,24)),Rank(mark_index_ratio))",24,480,7296,8761,4344,0.9504950495049505,1.0,0.9973816029143898,1.0,0.1239583333333337,0.020353618421053085,0.04873872845565615,-0.020257826887660656,0.16461070844674902,-0.8367402876787766,4.019952474295193,-3.8562630758704666,0.10411070844674897,-2.243240287678778,2.278952474295191,-4.751763075870468,0.1198019801980198,0.19277686403508773,0.19820127504553733,0.206146408839779
a7x3_F1_aggtrades_basis_interaction_24_25abae7ad24e__ctrl_row_shuffle_0774a0a586f0,a7x3_F1_aggtrades_basis_interaction_24_25abae7ad24e,control,row_shuffle,F1_aggtrades_basis_interaction,"Mul(ZScore(Decay(agg_buy_notional_share,24)),Rank(mark_index_ratio))",24,480,7296,8761,4344,0.9504950495049505,1.0,0.9973816029143898,1.0,0.019791666666666992,-0.01000548245613995,-0.0017692044287178398,-0.0032228360957638792,-0.2775845935524627,-5.177063273304373,-5.963085085884258,-2.6999385861683955,-0.5955845935524627,-10.057563273304375,-11.79508508588426,-5.598938586168396,0.6297029702970297,0.6689281798245614,0.6639344262295082,0.6673572744014733
a7x3_F1_aggtrades_basis_interaction_24_25abae7ad24e__ctrl_sign_flip_1ff2fb79ebcb,a7x3_F1_aggtrades_basis_interaction_24_25abae7ad24e,control,sign_flip,F1_aggtrades_basis_interaction,"Mul(ZScore(Decay(agg_buy_notional_share,24)),Rank(mark_index_ratio))",24,480,7296,8761,4344,0.9504950495049505,1.0,0.9973816029143898,1.0,-0.1239583333333331,-0.020353618421052308,-0.04873872845565544,0.020257826887661413,-0.28561070844674913,-1.9762597123212258,-7.501952474295197,2.065263075870465,-0.3461107084467492,-3.3827597123212265,-9.242952474295198,1.1697630758704638,0.1198019801980198,0.19277686403508773,0.19820127504553733,0.206146408839779
a7x3_F1_aggtrades_basis_interaction_24_25abae7ad24e__ctrl_time_shuffle_c8dceff888fd,a7x3_F1_aggtrades_basis_interaction_24_25abae7ad24e,control,time_shuffle,F1_aggtrades_basis_interaction,"Mul(ZScore(Decay(agg_buy_notional_share,24)),Rank(mark_index_ratio))",24,480,7284,8762,4330,0.9504950495049505,0.9983552631578947,0.9974954462659381,0.9967771639042358,-0.02604166666666625,0.029516749038990032,0.02887468614471623,0.004503464203233718,-0.544983048420282,-3.1180004217686905,-4.923175879843134,-3.8745335553328273,-0.859983048420282,-7.794000421768692,-10.472175879843137,-6.6575335553328285,0.6237623762376238,0.6408991228070176,0.631716757741348,0.6406537753222836
a7x3_F1_aggtrades_basis_interaction_24_25abae7ad24e__ctrl_wrong_lag_b26b982d34c4,a7x3_F1_aggtrades_basis_interaction_24_25abae7ad24e,control,wrong_lag,F1_aggtrades_basis_interaction,"Mul(ZScore(Decay(agg_buy_notional_share,24)),Rank(mark_index_ratio))",24,480,7296,8737,4344,0.9504950495049505,1.0,0.9946493624772313,1.0,0.0666666666666671,-0.010279605263157413,0.041948037083667594,-0.0317679558011045,0.22456083733375737,-3.612048604915813,1.380736670288424,-7.933430568126765,0.1620608373337573,-5.018548604915813,-0.3557633297115774,-8.829430568126766,0.12376237623762376,0.19277686403508773,0.19768897996357013,0.20626151012891344
a7x3_F1_aggtrades_basis_interaction_24_30729d5d8f44,a7x3_F1_aggtrades_basis_interaction_24_30729d5d8f44,candidate,original,F1_aggtrades_basis_interaction,"Mul(ZScore(Decay(agg_buy_notional_share,48)),Rank(premium_index))",24,480,7296,8737,4344,0.9504950495049505,1.0,0.9946493624772313,1.0,0.11250000000000039,0.009114583333333821,0.07760100721071347,-0.015999079189686426,0.2158862286149999,-2.6163773450788783,8.429163390439417,-4.408342047322687,0.16088622861499985,-3.729377345078879,7.105163390439415,-5.100342047322688,0.10891089108910891,0.15254934210526316,0.15072859744990894,0.15930018416206262
a7x3_F1_aggtrades_basis_interaction_24_30729d5d8f44__ctrl_row_shuffle_02e15d503479,a7x3_F1_aggtrades_basis_interaction_24_30729d5d8f44,control,row_shuffle,F1_aggtrades_basis_interaction,"Mul(ZScore(Decay(agg_buy_notional_share,48)),Rank(premium_index))",24,480,7296,8737,4344,0.9504950495049505,1.0,0.9946493624772313,1.0,0.02604166666666695,0.00863486842105301,-0.007382396703673656,0.00023020257826924219,-0.17971063122107164,-4.725081314262565,-8.475362774488321,-2.663899294371648,-0.5052106312210716,-9.607081314262565,-14.332362774488322,-5.572899294371649,0.6445544554455446,0.6691337719298246,0.6667805100182149,0.6696593001841621
a7x3_F1_aggtrades_basis_interaction_24_30729d5d8f44__ctrl_sign_flip_3c4c603f117e,a7x3_F1_aggtrades_basis_interaction_24_30729d5d8f44,control,sign_flip,F1_aggtrades_basis_interaction,"Mul(ZScore(Decay(agg_buy_notional_share,48)),Rank(premium_index))",24,480,7296,8737,4344,0.9504950495049505,1.0,0.9946493624772313,1.0,-0.11249999999999978,-0.009114583333333042,-0.07760100721071277,0.015999079189687182,-0.325886228615,0.39037734507887634,-11.07716339043942,3.024342047322686,-0.38088622861500004,-0.7226226549211245,-12.40116339043942,2.332342047322686,0.10891089108910891,0.15254934210526316,0.15072859744990894,0.15930018416206262
a7x3_F1_aggtrades_basis_interaction_24_30729d5d8f44__ctrl_time_shuffle_f7e034da58ac,a7x3_F1_aggtrades_basis_interaction_24_30729d5d8f44,control,time_shuffle,F1_aggtrades_basis_interaction,"Mul(ZScore(Decay(agg_buy_notional_share,48)),Rank(premium_index))",24,480,7274,8753,4325,0.9504950495049505,0.996984649122807,0.9964708561020036,0.9956261510128913,-0.00208333333333293,0.03320043992301397,0.010167942419742245,0.02427745664739933,-0.5936993633151099,-3.8658955261617822,-7.117617479255174,-2.852534208609975,-0.8926993633151098,-8.316895526161783,-12.471617479255176,-5.472534208609977,0.592079207920792,0.6100603070175439,0.6095173041894353,0.6031307550644567
a7x3_F1_aggtrades_basis_interaction_24_30729d5d8f44__ctrl_wrong_lag_fce1549bf171,a7x3_F1_aggtrades_basis_interaction_24_30729d5d8f44,control,wrong_lag,F1_aggtrades_basis_interaction,"Mul(ZScore(Decay(agg_buy_notional_share,48)),Rank(premium_index))",24,480,7296,8713,4344,0.9504950495049505,1.0,0.9919171220400729,1.0,0.05625000000000047,-0.015624999999999506,0.06817399288419644,-0.0508747697974212,-0.0016867133088013242,-3.719442103549562,4.824436963426536,-9.393500037180821,-0.053186713308801314,-4.837442103549563,3.506436963426535,-10.085000037180823,0.10198019801980197,0.15323464912280702,0.15004553734061932,0.15918508287292818
a7x3_F1_aggtrades_basis_interaction_24_45e99316b43d,a7x3_F1_aggtrades_basis_interaction_24_45e99316b43d,candidate,original,F1_aggtrades_basis_interaction,"Mul(ZScore(Decay(agg_cross_symbol_signed_flow_share,48)),Rank(premium_index))",24,480,7296,8737,4344,0.9504950495049505,1.0,0.9946493624772313,1.0,0.034375000000000475,0.006304824561403957,0.02363511502804207,-0.02612799263351704,0.09437990625664838,2.599793903916576,0.16776414135939666,-7.266568376519963,0.05387990625664835,1.8032939039165758,-0.9292358586406029,-7.767568376519964,0.0801980198019802,0.10916940789473684,0.12488615664845173,0.11533149171270718
a7x3_F1_aggtrades_basis_interaction_24_45e99316b43d__ctrl_row_shuffle_ba5418f60b58,a7x3_F1_aggtrades_basis_interaction_24_45e99316b43d,control,row_shuffle,F1_aggtrades_basis_interaction,"Mul(ZScore(Decay(agg_cross_symbol_signed_flow_share,48)),Rank(premium_index))",24,480,7296,8737,4344,0.9504950495049505,1.0,0.9946493624772313,1.0,-0.07083333333333294,-0.01055372807017504,0.011617259929037772,-0.011164825046040121,-0.6702917735568884,-5.397830147124548,-4.225673637638291,-2.8563061779065175,-0.9767917735568885,-10.234330147124549,-10.048673637638291,-5.784306177906519,0.6069306930693069,0.6628974780701754,0.6629098360655737,0.6740331491712708
a7x3_F1_aggtrades_basis_interaction_24_45e99316b43d__ctrl_sign_flip_4a3ba3f38efd,a7x3_F1_aggtrades_basis_interaction_24_45e99316b43d,control,sign_flip,F1_aggtrades_basis_interaction,"Mul(ZScore(Decay(agg_cross_symbol_signed_flow_share,48)),Rank(premium_index))",24,480,7296,8737,4344,0.9504950495049505,1.0,0.9946493624772313,1.0,-0.03437499999999957,-0.006304824561403122,-0.02363511502804128,0.026127992633517824,-0.17537990625664845,-4.192793903916578,-2.361764141359399,6.2645683765199625,-0.2158799062566485,-4.989293903916579,-3.4587641413594015,5.763568376519962,0.0801980198019802,0.10916940789473684,0.12488615664845173,0.11533149171270718
a7x3_F1_aggtrades_basis_interaction_24_45e99316b43d__ctrl_time_shuffle_d99c1a505b33,a7x3_F1_aggtrades_basis_interaction_24_45e99316b43d,control,time_shuffle,F1_aggtrades_basis_interaction,"Mul(ZScore(Decay(agg_cross_symbol_signed_flow_share,48)),Rank(premium_index))",24,478,7275,8752,4327,0.9465346534653465,0.9971217105263158,0.9963570127504554,0.9960865561694291,0.03765690376569068,0.0010996563573887506,0.011425959780621952,0.010977582620753816,-0.3002613881329786,-6.070455117303621,-5.731840902710818,-1.8911461077007026,-0.6132613881329786,-10.74395511730362,-11.323840902710819,-4.6811461077007035,0.6198019801980198,0.6405564692982456,0.6366120218579235,0.6422651933701657
a7x3_F1_aggtrades_basis_interaction_24_45e99316b43d__ctrl_wrong_lag_035fb72ef386,a7x3_F1_aggtrades_basis_interaction_24_45e99316b43d,control,wrong_lag,F1_aggtrades_basis_interaction,"Mul(ZScore(Decay(agg_cross_symbol_signed_flow_share,48)),Rank(premium_index))",24,480,7296,8713,4344,0.9504950495049505,1.0,0.9919171220400729,1.0,0.1833333333333336,-0.013774671052631129,-0.00040169861127009615,-0.032803867403314466,0.7155066938007238,-1.1274301050761162,-3.139147930854196,-6.934809715556632,0.674006693800724,-1.9269301050761167,-4.229647930854197,-7.438309715556633,0.08217821782178218,0.10958059210526316,0.12414617486338798,0.11590699815837938
a7x3_F1_aggtrades_basis_interaction_24_535713451cb5,a7x3_F1_aggtrades_basis_interaction_24_535713451cb5,candidate,original,F1_aggtrades_basis_interaction,"Mul(ZScore(Decay(agg_flow_accel_4h_vs_24h,12)),Rank(premium_index))",24,480,7296,8762,4344,0.9504950495049505,1.0,0.9974954462659381,1.0,0.005208333333333733,0.014665570175438972,-0.021855740698470315,-0.018761510128913046,0.3954853491984524,-4.564326059167838,1.2085558993655157,-1.6934337917213977,0.3124853491984524,-5.825826059167839,-0.31694410063448575,-2.442433791721399,0.16435643564356436,0.1729029605263158,0.17366803278688525,0.17242173112338857
a7x3_F1_aggtrades_basis_interaction_24_535713451cb5__ctrl_row_shuffle_1c25f0644705,a7x3_F1_aggtrades_basis_interaction_24_535713451cb5,control,row_shuffle,F1_aggtrades_basis_interaction,"Mul(ZScore(Decay(agg_flow_accel_4h_vs_24h,12)),Rank(premium_index))",24,480,7296,8762,4344,0.9504950495049505,1.0,0.9974954462659381,1.0,-0.0041666666666662945,-0.020010964912280313,-0.010442821273681435,-0.01795580110497199,-0.1539654425990738,-3.303019624386528,-5.032144267578712,-2.7309813053381164,-0.4834654425990738,-8.116519624386527,-10.928644267578715,-5.623481305338117,0.6524752475247525,0.6597450657894737,0.6712773224043715,0.6658609576427256
a7x3_F1_aggtrades_basis_interaction_24_535713451cb5__ctrl_sign_flip_083331cfe2aa,a7x3_F1_aggtrades_basis_interaction_24_535713451cb5,control,sign_flip,F1_aggtrades_basis_interaction,"Mul(ZScore(Decay(agg_flow_accel_4h_vs_24h,12)),Rank(premium_index))",24,480,7296,8762,4344,0.9504950495049505,1.0,0.9974954462659381,1.0,-0.005208333333332974,-0.014665570175438203,0.021855740698471033,0.018761510128913785,-0.5614853491984526,2.0413260591678357,-4.259555899365518,0.19543379172139663,-0.6444853491984526,0.7798260591678348,-5.78505589936552,-0.5535662082786043,0.16435643564356436,0.1729029605263158,0.17366803278688525,0.17242173112338857
a7x3_F1_aggtrades_basis_interaction_24_535713451cb5__ctrl_time_shuffle_b529e26e892c,a7x3_F1_aggtrades_basis_interaction_24_535713451cb5,control,time_shuffle,F1_aggtrades_basis_interaction,"Mul(ZScore(Decay(agg_flow_accel_4h_vs_24h,12)),Rank(premium_index))",24,478,7283,8759,4337,0.9465346534653465,0.9982182017543859,0.9971539162112932,0.9983885819521179,-0.002092050209204701,0.003844569545517338,-0.01130266012101801,-0.003573899008530879,-0.21650112956627682,-5.0496022644112575,-3.8661972376675156,-3.0084599333920536,-0.5360011295662768,-9.863602264411256,-9.729697237667516,-5.892959933392055,0.6326732673267327,0.6598135964912281,0.6675204918032787,0.6640193370165746
a7x3_F1_aggtrades_basis_interaction_24_535713451cb5__ctrl_wrong_lag_6143848ed3bf,a7x3_F1_aggtrades_basis_interaction_24_535713451cb5,control,wrong_lag,F1_aggtrades_basis_interaction,"Mul(ZScore(Decay(agg_flow_accel_4h_vs_24h,12)),Rank(premium_index))",24,480,7296,8738,4344,0.9504950495049505,1.0,0.9947632058287796,1.0,0.08645833333333358,0.0071271929824565225,-0.01756694895857138,0.02658839779005559,-0.7256216600674226,-0.39072837764464685,-0.8691887882345664,-3.187297837819973,-0.8091216600674227,-1.6552283776446481,-2.391688788234567,-3.9327978378199737,0.16534653465346535,0.17331414473684212,0.17332650273224043,0.1716160220994475
a7x3_F1_aggtrades_basis_interaction_24_589b58dee954,a7x3_F1_aggtrades_basis_interaction_24_589b58dee954,candidate,original,F1_aggtrades_basis_interaction,"Mul(ZScore(Decay(agg_flow_imbalance_notional,12)),Rank(premium_index))",24,480,7296,8773,4344,0.9504950495049505,1.0,0.998747723132969,1.0,0.126041666666667,0.02302631578947412,0.022170295223983054,-0.011740331491712247,0.13463945294680352,0.29994688676737846,0.06310582632250017,-2.5918339335362646,0.012639452946803437,-1.609053113232623,-2.3618941736775008,-3.7663339335362656,0.24158415841584158,0.2616502192982456,0.27607012750455373,0.2703729281767956
a7x3_F1_aggtrades_basis_interaction_24_589b58dee954__ctrl_row_shuffle_cb74ce0d34f4,a7x3_F1_aggtrades_basis_interaction_24_589b58dee954,control,row_shuffle,F1_aggtrades_basis_interaction,"Mul(ZScore(Decay(agg_flow_imbalance_notional,12)),Rank(premium_index))",24,480,7296,8773,4344,0.9504950495049505,1.0,0.998747723132969,1.0,-0.035416666666666305,-0.008155153508771532,0.012025532884988374,0.0014963167587480823,-0.422427211057124,-5.879038597125753,-3.586841254641939,-2.942148791129518,-0.733927211057124,-10.790538597125753,-9.467841254641941,-5.834148791129519,0.6168316831683168,0.6731770833333334,0.6695127504553734,0.6657458563535912
a7x3_F1_aggtrades_basis_interaction_24_589b58dee954__ctrl_sign_flip_cb4fa86cd413,a7x3_F1_aggtrades_basis_interaction_24_589b58dee954,control,sign_flip,F1_aggtrades_basis_interaction,"Mul(ZScore(Decay(agg_flow_imbalance_notional,12)),Rank(premium_index))",24,480,7296,8773,4344,0.9504950495049505,1.0,0.998747723132969,1.0,-0.12604166666666636,-0.02302631578947335,-0.022170295223982357,0.011740331491713003,-0.37863945294680373,-4.117946886767382,-4.913105826322505,0.24283393353626193,-0.5006394529468038,-6.026946886767384,-7.338105826322507,-0.9316660664637388,0.24158415841584158,0.2616502192982456,0.27607012750455373,0.2703729281767956
a7x3_F1_aggtrades_basis_interaction_24_589b58dee954__ctrl_time_shuffle_bb3e694a9f67,a7x3_F1_aggtrades_basis_interaction_24_589b58dee954,control,time_shuffle,F1_aggtrades_basis_interaction,"Mul(ZScore(Decay(agg_flow_imbalance_notional,12)),Rank(premium_index))",24,478,7278,8773,4339,0.9465346534653465,0.9975328947368421,0.998747723132969,0.9988489871086557,0.06171548117154843,0.013053036548502785,0.018864698506782573,0.017630790504725016,-0.37427060413067803,-4.170907820515051,-4.518172957508191,-3.893916355924297,-0.691270604130678,-8.860407820515052,-10.157172957508195,-6.677916355924298,0.6277227722772277,0.6427494517543859,0.6419626593806922,0.6408839779005525
a7x3_F1_aggtrades_basis_interaction_24_589b58dee954__ctrl_wrong_lag_ab4486d78f4b,a7x3_F1_aggtrades_basis_interaction_24_589b58dee954,control,wrong_lag,F1_aggtrades_basis_interaction,"Mul(ZScore(Decay(agg_flow_imbalance_notional,12)),Rank(premium_index))",24,480,7296,8749,4344,0.9504950495049505,1.0,0.9960154826958105,1.0,0.10104166666666699,0.005482456140351326,0.03177506000685833,-0.015883977900552047,0.2915147389529915,-3.1404724318233734,0.5904760567433875,-5.977447407479406,0.17151473895299144,-5.050972431823374,-1.8290239432566147,-7.151447407479408,0.2376237623762376,0.2618558114035088,0.27544398907103823,0.27025782688766115
a7x3_F1_aggtrades_basis_interaction_24_5c0d8a906d08,a7x3_F1_aggtrades_basis_interaction_24_5c0d8a906d08,candidate,original,F1_aggtrades_basis_interaction,"Mul(ZScore(Decay(agg_cross_symbol_signed_flow_share,24)),Rank(mark_index_ratio))",24,480,7296,8761,4344,0.9504950495049505,1.0,0.9973816029143898,1.0,0.036458333333333794,0.011855811403509185,0.01866225316744703,0.002647329650092508,-0.17718802168561715,1.7290390570918333,1.3146296893281924,-4.210752652826125,-0.23268802168561717,0.7285390570918324,-0.01737031067180883,-4.787252652826126,0.1099009900990099,0.13712993421052633,0.15163934426229508,0.13271178637200737
a7x3_F1_aggtrades_basis_interaction_24_5c0d8a906d08__ctrl_row_shuffle_6e041b17603a,a7x3_F1_aggtrades_basis_interaction_24_5c0d8a906d08,control,row_shuffle,F1_aggtrades_basis_interaction,"Mul(ZScore(Decay(agg_cross_symbol_signed_flow_share,24)),Rank(mark_index_ratio))",24,480,7296,8761,4344,0.9504950495049505,1.0,0.9973816029143898,1.0,-0.04062499999999964,-0.008223684210525916,0.0018262755393223566,0.0009208103130758728,-0.626292384413373,-5.971992981910617,-5.182728303351897,-2.7549457259536796,-0.962792384413373,-10.81249298191062,-10.968228303351898,-5.653945725953681,0.6663366336633664,0.6634457236842105,0.6586407103825137,0.6673572744014733
a7x3_F1_aggtrades_basis_interaction_24_5c0d8a906d08__ctrl_sign_flip_2ed334b11857,a7x3_F1_aggtrades_basis_interaction_24_5c0d8a906d08,control,sign_flip,F1_aggtrades_basis_interaction,"Mul(ZScore(Decay(agg_cross_symbol_signed_flow_share,24)),Rank(mark_index_ratio))",24,480,7296,8761,4344,0.9504950495049505,1.0,0.9973816029143898,1.0,-0.03645833333333293,-0.01185581140350836,-0.01866225316744625,-0.0026473296500917243,0.06618802168561705,-3.7300390570918354,-3.9786296893281943,3.057752652826124,0.010688021685617,-4.730539057091836,-5.310629689328195,2.4812526528261243,0.1099009900990099,0.13712993421052633,0.15163934426229508,0.13271178637200737
a7x3_F1_aggtrades_basis_interaction_24_5c0d8a906d08__ctrl_time_shuffle_6827027c1721,a7x3_F1_aggtrades_basis_interaction_24_5c0d8a906d08,control,time_shuffle,F1_aggtrades_basis_interaction,"Mul(ZScore(Decay(agg_cross_symbol_signed_flow_share,24)),Rank(mark_index_ratio))",24,478,7274,8771,4333,0.9465346534653465,0.996984649122807,0.9985200364298725,0.9974677716390423,0.020920502092050597,-0.003918064338740286,0.00421844715539885,0.00830833141010887,-0.05017947655770831,-5.408203244984486,-4.485993412281747,-3.084420690065447,-0.3536794765577083,-10.079703244984486,-10.051993412281748,-5.881420690065449,0.600990099009901,0.6402823464912281,0.6336520947176685,0.6438766114180479
a7x3_F1_aggtrades_basis_interaction_24_5c0d8a906d08__ctrl_wrong_lag_245839e280dd,a7x3_F1_aggtrades_basis_interaction_24_5c0d8a906d08,control,wrong_lag,F1_aggtrades_basis_interaction,"Mul(ZScore(Decay(agg_cross_symbol_signed_flow_share,24)),Rank(mark_index_ratio))",24,480,7296,8737,4344,0.9504950495049505,1.0,0.9946493624772313,1.0,0.14687500000000028,-0.009114583333332923,-0.006695662126587671,-0.023480662983424973,0.700356913374931,-2.8353615249893176,-5.1324337342994335,-5.8641600033857975,0.643856913374931,-3.839361524989318,-6.461933734299434,-6.438660003385797,0.11188118811881188,0.13760964912280702,0.1513547358834244,0.13225138121546962
a7x3_F1_aggtrades_basis_interaction_24_611fae9dc772,a7x3_F1_aggtrades_basis_interaction_24_611fae9dc772,candidate,original,F1_aggtrades_basis_interaction,"Mul(ZScore(Decay(agg_cross_symbol_signed_flow_share,12)),Rank(mark_index_ratio))",24,480,7296,8773,4344,0.9504950495049505,1.0,0.998747723132969,1.0,0.05000000000000042,0.016927083333333745,0.0095178388236639,0.018416206261510516,-0.15593578359618637,1.0135261557405602,1.2704558485202337,-1.046802339905288,-0.24243578359618637,-0.2954738442594409,-0.5240441514797682,-1.8738023399052883,0.1712871287128713,0.17941337719298245,0.20429189435336975,0.19037753222836096
a7x3_F1_aggtrades_basis_interaction_24_611fae9dc772__ctrl_row_shuffle_63f3dfb740d0,a7x3_F1_aggtrades_basis_interaction_24_611fae9dc772,control,row_shuffle,F1_aggtrades_basis_interaction,"Mul(ZScore(Decay(agg_cross_symbol_signed_flow_share,12)),Rank(mark_index_ratio))",24,480,7296,8773,4344,0.9504950495049505,1.0,0.998747723132969,1.0,0.07708333333333359,0.010964912280702156,0.00433147156046998,-0.01622928176795541,0.03094846266483875,-3.7583305002633036,-7.029004533570793,-3.6266931010529913,-0.28255153733516125,-8.653330500263303,-12.940004533570796,-6.521693101052993,0.6207920792079208,0.6709155701754386,0.6729280510018215,0.6664364640883977
a7x3_F1_aggtrades_basis_interaction_24_611fae9dc772__ctrl_sign_flip_f60e04e9f793,a7x3_F1_aggtrades_basis_interaction_24_611fae9dc772,control,sign_flip,F1_aggtrades_basis_interaction,"Mul(ZScore(Decay(agg_cross_symbol_signed_flow_share,12)),Rank(mark_index_ratio))",24,480,7296,8773,4344,0.9504950495049505,1.0,0.998747723132969,1.0,-0.04999999999999964,-0.016927083333332916,-0.009517838823663128,-0.018416206261509735,-0.01706421640381378,-3.6315261557405623,-4.859455848520238,-0.607197660094714,-0.1035642164038138,-4.940526155740563,-6.653955848520239,-1.4341976600947144,0.1712871287128713,0.17941337719298245,0.20429189435336975,0.19037753222836096
a7x3_F1_aggtrades_basis_interaction_24_611fae9dc772__ctrl_time_shuffle_1665118290a1,a7x3_F1_aggtrades_basis_interaction_24_611fae9dc772,control,time_shuffle,F1_aggtrades_basis_interaction,"Mul(ZScore(Decay(agg_cross_symbol_signed_flow_share,12)),Rank(mark_index_ratio))",24,480,7283,8767,4338,0.9504950495049505,0.9982182017543859,0.9980646630236795,0.9986187845303868,0.05208333333333366,-0.0007551833035832715,0.014543173263374383,0.015560165975104115,-0.16461534605886002,-4.520732059337294,-4.038242720914794,-1.3516377961769828,-0.4891153460588601,-9.204732059337296,-9.735742720914795,-4.141637796176983,0.6425742574257426,0.6419956140350878,0.6486224954462659,0.6422651933701657
a7x3_F1_aggtrades_basis_interaction_24_611fae9dc772__ctrl_wrong_lag_6ea11a5bd829,a7x3_F1_aggtrades_basis_interaction_24_611fae9dc772,control,wrong_lag,F1_aggtrades_basis_interaction,"Mul(ZScore(Decay(agg_cross_symbol_signed_flow_share,12)),Rank(mark_index_ratio))",24,480,7296,8749,4344,0.9504950495049505,1.0,0.9960154826958105,1.0,0.12812500000000027,0.011444627192982846,0.010915533203795081,-0.02981123388581907,0.6966746008129698,-1.6510633564605954,-1.6835823746216783,-4.851188691275935,0.6086746008129698,-2.962063356460596,-3.476082374621681,-5.675688691275936,0.17425742574257425,0.1796875,0.20406420765027322,0.18980202578268876
a7x3_F1_aggtrades_basis_interaction_24_6f7555ece84a,a7x3_F1_aggtrades_basis_interaction_24_6f7555ece84a,candidate,original,F1_aggtrades_basis_interaction,"Mul(ZScore(Decay(agg_flow_accel_4h_vs_24h,48)),Rank(mark_index_ratio))",24,480,7296,8726,4344,0.9504950495049505,1.0,0.9933970856102003,1.0,-0.004166666666666185,0.02590460526315826,-0.03672931469172551,0.025322283609576814,0.22034924656078297,-4.42566686118252,1.915054460330556,-3.7992718645622237,0.15684924656078292,-5.41916686118252,0.7470544603305553,-4.381771864562225,0.12574257425742574,0.13617050438596492,0.13296903460837886,0.13409300184162062
a7x3_F1_aggtrades_basis_interaction_24_6f7555ece84a__ctrl_row_shuffle_c4e0a89ac140,a7x3_F1_aggtrades_basis_interaction_24_6f7555ece84a,control,row_shuffle,F1_aggtrades_basis_interaction,"Mul(ZScore(Decay(agg_flow_accel_4h_vs_24h,48)),Rank(mark_index_ratio))",24,480,7296,8726,4344,0.9504950495049505,1.0,0.9933970856102003,1.0,-0.016666666666666344,0.008977521929824935,0.009855603942241931,0.005755064456722281,-0.5223772829079911,-5.034562104079405,-5.208075781955822,-4.033983944187881,-0.8418772829079912,-9.861062104079405,-11.046075781955823,-6.972483944187881,0.6326732673267327,0.6615268640350878,0.6646174863387978,0.676450276243094
a7x3_F1_aggtrades_basis_interaction_24_6f7555ece84a__ctrl_sign_flip_365aeb109ede,a7x3_F1_aggtrades_basis_interaction_24_6f7555ece84a,control,sign_flip,F1_aggtrades_basis_interaction,"Mul(ZScore(Decay(agg_flow_accel_4h_vs_24h,48)),Rank(mark_index_ratio))",24,480,7296,8726,4344,0.9504950495049505,1.0,0.9933970856102003,1.0,0.004166666666666882,-0.025904605263157493,0.03672931469172622,-0.025322283609576054,-0.3473492465607831,2.438666861182518,-4.2510544603305584,2.6342718645622227,-0.41084924656078314,1.4451668611825172,-5.41905446033056,2.0517718645622227,0.12574257425742574,0.13617050438596492,0.13296903460837886,0.13409300184162062
a7x3_F1_aggtrades_basis_interaction_24_6f7555ece84a__ctrl_time_shuffle_c05a13484d9d,a7x3_F1_aggtrades_basis_interaction_24_6f7555ece84a,control,time_shuffle,F1_aggtrades_basis_interaction,"Mul(ZScore(Decay(agg_flow_accel_4h_vs_24h,48)),Rank(mark_index_ratio))",24,477,7266,8751,4327,0.9445544554455445,0.9958881578947368,0.9962431693989071,0.9960865561694291,-0.032494758909852844,0.012111202862648324,-0.011884356073591203,-0.004506586549572071,-0.22205622590302926,-5.472132723645913,-6.584317420128128,-2.5615391433570447,-0.5295562259030293,-10.326132723645912,-12.37781742012813,-5.410039143357046,0.6089108910891089,0.665296052631579,0.6595514571948998,0.6557320441988951
a7x3_F1_aggtrades_basis_interaction_24_6f7555ece84a__ctrl_wrong_lag_414d3a8206c8,a7x3_F1_aggtrades_basis_interaction_24_6f7555ece84a,control,wrong_lag,F1_aggtrades_basis_interaction,"Mul(ZScore(Decay(agg_flow_accel_4h_vs_24h,48)),Rank(mark_index_ratio))",24,480,7296,8702,4344,0.9504950495049505,1.0,0.9906648451730419,1.0,0.029166666666667094,-0.005688048245613642,-0.015283842794759443,0.005064456721915668,-0.5522590606388851,0.8436032881059714,-3.1361367630600405,-0.5567252517051033,-0.6127590606388851,-0.15389671189402976,-4.303136763060042,-1.1362252517051032,0.1198019801980198,0.13671875,0.1328551912568306,0.133402394106814
a7x3_F1_aggtrades_basis_interaction_24_7409225ca6eb,a7x3_F1_aggtrades_basis_interaction_24_7409225ca6eb,candidate,original,F1_aggtrades_basis_interaction,"Mul(ZScore(Decay(agg_cross_symbol_signed_flow_share,12)),Rank(premium_index))",24,480,7296,8773,4344,0.9504950495049505,1.0,0.998747723132969,1.0,0.06562500000000043,0.012952302631579364,0.00815000569930507,0.015423572744015126,-0.06557036732304422,0.6882534345519191,0.982076176683909,-1.411120130026793,-0.15707036732304427,-0.673746565448082,-0.8769238233160932,-2.2781201300267937,0.18118811881188118,0.18667763157894737,0.21163479052823314,0.19958563535911603
a7x3_F1_aggtrades_basis_interaction_24_7409225ca6eb__ctrl_row_shuffle_abd7f9c5cb43,a7x3_F1_aggtrades_basis_interaction_24_7409225ca6eb,control,row_shuffle,F1_aggtrades_basis_interaction,"Mul(ZScore(Decay(agg_cross_symbol_signed_flow_share,12)),Rank(premium_index))",24,480,7296,8773,4344,0.9504950495049505,1.0,0.998747723132969,1.0,-0.017708333333333045,0.001439144736842486,-0.009118887495725142,0.017265193370166118,-0.26295032918767336,-5.123246959422433,-7.124982923978455,-1.8802646252281618,-0.5899503291876733,-9.955746959422433,-12.985482923978456,-4.780264625228163,0.6475247524752475,0.6623492324561403,0.6671789617486339,0.6675874769797422
a7x3_F1_aggtrades_basis_interaction_24_7409225ca6eb__ctrl_sign_flip_2f38bb3ad79d,a7x3_F1_aggtrades_basis_interaction_24_7409225ca6eb,control,sign_flip,F1_aggtrades_basis_interaction,"Mul(ZScore(Decay(agg_cross_symbol_signed_flow_share,12)),Rank(premium_index))",24,480,7296,8773,4344,0.9504950495049505,1.0,0.998747723132969,1.0,-0.06562499999999961,-0.012952302631578531,-0.008150005699304297,-0.015423572744014338,-0.11742963267695594,-3.4122534345519213,-4.700076176683911,-0.3228798699732085,-0.20892963267695597,-4.774253434551922,-6.559076176683913,-1.1898798699732092,0.18118811881188118,0.18667763157894737,0.21163479052823314,0.19958563535911603
a7x3_F1_aggtrades_basis_interaction_24_7409225ca6eb__ctrl_time_shuffle_99285762c456,a7x3_F1_aggtrades_basis_interaction_24_7409225ca6eb,control,time_shuffle,F1_aggtrades_basis_interaction,"Mul(ZScore(Decay(agg_cross_symbol_signed_flow_share,12)),Rank(premium_index))",24,480,7278,8774,4336,0.9504950495049505,0.9975328947368421,0.9988615664845173,0.998158379373849,0.02708333333333366,0.012159934047815733,0.00797811716434957,-0.002882841328412889,-0.27109421629242164,-3.743310558575668,-4.368726563092492,-3.2136306547424587,-0.5740942162924216,-8.432310558575669,-10.053226563092494,-5.983630654742459,0.6,0.6426809210526315,0.6471425318761385,0.6376611418047882
a7x3_F1_aggtrades_basis_interaction_24_7409225ca6eb__ctrl_wrong_lag_3ff18303fc84,a7x3_F1_aggtrades_basis_interaction_24_7409225ca6eb,control,wrong_lag,F1_aggtrades_basis_interaction,"Mul(ZScore(Decay(agg_cross_symbol_signed_flow_share,12)),Rank(premium_index))",24,480,7296,8749,4344,0.9504950495049505,1.0,0.9960154826958105,1.0,0.1447916666666669,0.011307565789474082,0.014058749571379953,-0.03510589318600324,0.7227576346911806,-1.6075394878840812,-1.139274952286805,-5.227813002353647,0.6307576346911805,-2.9745394878840816,-2.9957749522868067,-6.089813002353647,0.18217821782178217,0.18736293859649122,0.21135018214936246,0.19843462246777163
a7x3_F1_aggtrades_basis_interaction_24_94da6e9f3c12,a7x3_F1_aggtrades_basis_interaction_24_94da6e9f3c12,candidate,original,F1_aggtrades_basis_interaction,"Mul(ZScore(Decay(agg_buy_notional_share,48)),Rank(mark_index_ratio))",24,480,7296,8737,4344,0.9504950495049505,1.0,0.9946493624772313,1.0,0.11562500000000037,0.005619517543860142,0.07525466407233646,-0.021178637200736147,0.21134382440367933,-3.0986492845304423,8.47113734324072,-4.68149405118496,0.15734382440367928,-4.2081492845304425,7.19663734324072,-5.341494051184959,0.10693069306930693,0.15206962719298245,0.14509335154826958,0.15193370165745856
a7x3_F1_aggtrades_basis_interaction_24_94da6e9f3c12__ctrl_row_shuffle_e4bc1c42bb78,a7x3_F1_aggtrades_basis_interaction_24_94da6e9f3c12,control,row_shuffle,F1_aggtrades_basis_interaction,"Mul(ZScore(Decay(agg_buy_notional_share,48)),Rank(mark_index_ratio))",24,480,7296,8737,4344,0.9504950495049505,1.0,0.9946493624772313,1.0,0.0010416666666670127,-0.004728618421052252,-0.005322192972415807,0.006100368324125611,-0.2613474313220426,-5.084314813493259,-6.745437027348152,-3.803447983785412,-0.5683474313220427,-9.980814813493259,-12.602437027348154,-6.711447983785414,0.6079207920792079,0.6711211622807017,0.6667805100182149,0.6694290976058932
a7x3_F1_aggtrades_basis_interaction_24_94da6e9f3c12__ctrl_sign_flip_a6175623426c,a7x3_F1_aggtrades_basis_interaction_24_94da6e9f3c12,control,sign_flip,F1_aggtrades_basis_interaction,"Mul(ZScore(Decay(agg_buy_notional_share,48)),Rank(mark_index_ratio))",24,480,7296,8737,4344,0.9504950495049505,1.0,0.9946493624772313,1.0,-0.11562499999999977,-0.005619517543859355,-0.07525466407233576,0.02117863720073691,-0.3193438244036794,0.8796492845304396,-11.020137343240723,3.3614940511849576,-0.37334382440367947,-0.22985071546956082,-12.294637343240723,2.701494051184957,0.10693069306930693,0.15206962719298245,0.14509335154826958,0.15193370165745856
a7x3_F1_aggtrades_basis_interaction_24_94da6e9f3c12__ctrl_time_shuffle_7ea549670b44,a7x3_F1_aggtrades_basis_interaction_24_94da6e9f3c12,control,time_shuffle,F1_aggtrades_basis_interaction,"Mul(ZScore(Decay(agg_buy_notional_share,48)),Rank(mark_index_ratio))",24,480,7273,8751,4328,0.9504950495049505,0.9968475877192983,0.9962431693989071,0.996316758747698,0.03854166666666705,0.02543654612952063,0.01319849160096034,0.028419593345656666,-0.493818641587635,-3.8151773002630227,-7.439810268318325,-3.4617123218728465,-0.793318641587635,-8.273677300263023,-12.935810268318328,-6.1627123218728475,0.593069306930693,0.6110882675438597,0.6256830601092896,0.6217771639042358
a7x3_F1_aggtrades_basis_interaction_24_94da6e9f3c12__ctrl_wrong_lag_ce7e6d67ca13,a7x3_F1_aggtrades_basis_interaction_24_94da6e9f3c12,control,wrong_lag,F1_aggtrades_basis_interaction,"Mul(ZScore(Decay(agg_buy_notional_share,48)),Rank(mark_index_ratio))",24,480,7296,8713,4344,0.9504950495049505,1.0,0.9919171220400729,1.0,0.03333333333333384,-0.015556469298245123,0.06748536669344699,-0.05801104972375637,-0.1452578319033236,-3.876825994933886,4.426089628997688,-9.81644970841361,-0.19775783190332363,-4.991825994933887,3.156589628997687,-10.474949708413613,0.10396039603960396,0.15282346491228072,0.14452413479052822,0.15158839779005526
a7x3_F1_aggtrades_basis_interaction_24_99097c53809b,a7x3_F1_aggtrades_basis_interaction_24_99097c53809b,candidate,original,F1_aggtrades_basis_interaction,"Mul(ZScore(Decay(agg_flow_imbalance_notional,12)),Rank(mark_index_ratio))",24,480,7296,8773,4344,0.9504950495049505,1.0,0.998747723132969,1.0,0.12291666666666701,0.023917214912281135,0.02576085717542498,-0.013812154696132135,0.14479479328632977,0.4113360191322267,1.195976767280854,-2.089894218293784,0.02929479328632968,-1.4696639808677745,-1.1875232327191485,-3.2568942182937852,0.22871287128712872,0.2578125,0.2713456284153005,0.268646408839779
a7x3_F1_aggtrades_basis_interaction_24_99097c53809b__ctrl_row_shuffle_83e453176cfb,a7x3_F1_aggtrades_basis_interaction_24_99097c53809b,control,row_shuffle,F1_aggtrades_basis_interaction,"Mul(ZScore(Decay(agg_flow_imbalance_notional,12)),Rank(mark_index_ratio))",24,480,7296,8773,4344,0.9504950495049505,1.0,0.998747723132969,1.0,-0.022916666666666252,-0.00472861842105223,0.0009118887495729073,0.006790976058932225,-0.5719028398694919,-5.459526055207217,-6.778604958866083,-1.9654587206337026,-0.8939028398694919,-10.276026055207218,-12.641104958866084,-4.861458720633703,0.6376237623762376,0.66015625,0.6674066484517304,0.6666666666666666
a7x3_F1_aggtrades_basis_interaction_24_99097c53809b__ctrl_sign_flip_fd6e6b5864e3,a7x3_F1_aggtrades_basis_interaction_24_99097c53809b,control,sign_flip,F1_aggtrades_basis_interaction,"Mul(ZScore(Decay(agg_flow_imbalance_notional,12)),Rank(mark_index_ratio))",24,480,7296,8773,4344,0.9504950495049505,1.0,0.998747723132969,1.0,-0.12291666666666634,-0.02391721491228037,-0.02576085717542428,0.013812154696132901,-0.37579479328633,-4.17333601913223,-5.962976767280858,-0.24410578170621755,-0.4912947932863301,-6.054336019132231,-8.346476767280858,-1.4111057817062185,0.22871287128712872,0.2578125,0.2713456284153005,0.268646408839779
a7x3_F1_aggtrades_basis_interaction_24_99097c53809b__ctrl_time_shuffle_ce78adac6840,a7x3_F1_aggtrades_basis_interaction_24_99097c53809b,control,time_shuffle,F1_aggtrades_basis_interaction,"Mul(ZScore(Decay(agg_flow_imbalance_notional,12)),Rank(mark_index_ratio))",24,479,7284,8771,4334,0.9485148514851485,0.9983552631578947,0.9985200364298725,0.9976979742173112,0.007306889352818728,0.02629049972542602,0.014251510660130383,0.04060913705583797,-0.5462104262841473,-4.133379802084891,-6.651725806680145,-0.5101190704145542,-0.8617104262841472,-8.87587980208489,-12.341225806680145,-3.3191190704145552,0.6247524752475248,0.6500137061403509,0.6477117486338798,0.6466390423572744
a7x3_F1_aggtrades_basis_interaction_24_99097c53809b__ctrl_wrong_lag_352901272c98,a7x3_F1_aggtrades_basis_interaction_24_99097c53809b,control,wrong_lag,F1_aggtrades_basis_interaction,"Mul(ZScore(Decay(agg_flow_imbalance_notional,12)),Rank(mark_index_ratio))",24,480,7296,8749,4344,0.9504950495049505,1.0,0.9960154826958105,1.0,0.104166666666667,0.005756578947368863,0.03166076122985524,-0.016804788213627554,0.2666367321410481,-3.055713975468689,0.5519507144779522,-5.935334411769116,0.15263673214104803,-4.937213975468689,-1.8270492855220504,-7.101834411769116,0.22574257425742575,0.2578810307017544,0.2708333333333333,0.2685313075506446
a7x3_F1_aggtrades_basis_interaction_24_ae7e6511450b,a7x3_F1_aggtrades_basis_interaction_24_ae7e6511450b,candidate,original,F1_aggtrades_basis_interaction,"Mul(ZScore(Decay(agg_flow_accel_4h_vs_24h,48)),Rank(premium_index))",24,480,7296,8726,4344,0.9504950495049505,1.0,0.9933970856102003,1.0,-0.010416666666666186,0.024739583333333703,-0.032775613110244885,0.02451657458563574,0.2034230212800598,-4.398628118478303,1.5473297992201018,-3.463499898399609,0.14042302128005973,-5.400628118478304,0.35482979922010216,-4.06699989839961,0.12475247524752475,0.13733552631578946,0.13575819672131148,0.13892725598526703
a7x3_F1_aggtrades_basis_interaction_24_ae7e6511450b__ctrl_row_shuffle_1c086b92bfc0,a7x3_F1_aggtrades_basis_interaction_24_ae7e6511450b,control,row_shuffle,F1_aggtrades_basis_interaction,"Mul(ZScore(Decay(agg_flow_accel_4h_vs_24h,48)),Rank(premium_index))",24,480,7296,8726,4344,0.9504950495049505,1.0,0.9933970856102003,1.0,0.03437500000000027,-0.010622258771929434,0.008480403392161728,-0.0028775322283605994,-0.47546375981143923,-4.157199451148631,-5.7928318251837645,-2.2941134891969,-0.7854637598114393,-9.023199451148631,-11.641331825183766,-5.221613489196901,0.6138613861386139,0.6669407894736842,0.6658128415300546,0.6739180478821363
a7x3_F1_aggtrades_basis_interaction_24_ae7e6511450b__ctrl_sign_flip_9aefb8ee811c,a7x3_F1_aggtrades_basis_interaction_24_ae7e6511450b,control,sign_flip,F1_aggtrades_basis_interaction,"Mul(ZScore(Decay(agg_flow_accel_4h_vs_24h,48)),Rank(premium_index))",24,480,7296,8726,4344,0.9504950495049505,1.0,0.9933970856102003,1.0,0.010416666666666859,-0.02473958333333294,0.032775613110245586,-0.024516574585634977,-0.3294230212800599,2.394628118478301,-3.932329799220104,2.2564998983996074,-0.39242302128005996,1.3926281184782998,-5.124829799220105,1.6529998983996075,0.12475247524752475,0.13733552631578946,0.13575819672131148,0.13892725598526703
a7x3_F1_aggtrades_basis_interaction_24_ae7e6511450b__ctrl_time_shuffle_0908ef100053,a7x3_F1_aggtrades_basis_interaction_24_ae7e6511450b,control,time_shuffle,F1_aggtrades_basis_interaction,"Mul(ZScore(Decay(agg_flow_accel_4h_vs_24h,48)),Rank(premium_index))",24,478,7268,8750,4325,0.9465346534653465,0.9961622807017544,0.9961293260473588,0.9956261510128913,-0.030334728033472487,0.013896532746285465,-0.0166857142857139,-0.015491329479768405,0.04900374886419408,-6.25227089965754,-5.741136343197666,-2.4995385056655057,-0.252496251135806,-11.030270899657541,-11.519136343197665,-5.333538505665507,0.597029702970297,0.6548793859649122,0.6577868852459017,0.6523941068139963
a7x3_F1_aggtrades_basis_interaction_24_ae7e6511450b__ctrl_wrong_lag_4b195e61b98b,a7x3_F1_aggtrades_basis_interaction_24_ae7e6511450b,control,wrong_lag,F1_aggtrades_basis_interaction,"Mul(ZScore(Decay(agg_flow_accel_4h_vs_24h,48)),Rank(premium_index))",24,480,7296,8702,4344,0.9504950495049505,1.0,0.9906648451730419,1.0,0.020833333333333735,-0.004043311403508369,-0.014249597793610283,0.007711786372007753,-0.5375358291984866,1.1900841083513927,-3.4962974956994817,-0.6181096230900325,-0.5990358291984867,0.18558410835139139,-4.687797495699483,-1.2181096230900328,0.12178217821782178,0.1376781798245614,0.13564435336976322,0.13812154696132597
a7x3_F1_aggtrades_basis_interaction_24_d69a4f8b9fdb,a7x3_F1_aggtrades_basis_interaction_24_d69a4f8b9fdb,candidate,original,F1_aggtrades_basis_interaction,"Mul(ZScore(Decay(agg_buy_notional_share,12)),Rank(premium_index))",24,480,7296,8773,4344,0.9504950495049505,1.0,0.998747723132969,1.0,0.126041666666667,0.02302631578947412,0.022170295223983054,-0.011740331491712247,0.13463945294680352,0.29994688676737846,0.06310582632250017,-2.5918339335362646,0.012639452946803437,-1.609053113232623,-2.3618941736775008,-3.7663339335362656,0.24158415841584158,0.2616502192982456,0.27607012750455373,0.2703729281767956
a7x3_F1_aggtrades_basis_interaction_24_d69a4f8b9fdb__ctrl_row_shuffle_9e13f8d1b2e2,a7x3_F1_aggtrades_basis_interaction_24_d69a4f8b9fdb,control,row_shuffle,F1_aggtrades_basis_interaction,"Mul(ZScore(Decay(agg_buy_notional_share,12)),Rank(premium_index))",24,480,7296,8773,4344,0.9504950495049505,1.0,0.998747723132969,1.0,0.015625000000000392,0.0042489035087723125,0.015103157414795745,-0.014042357274401078,-0.16582335098983325,-4.844595305006251,-5.563907025266179,-3.8320569420043205,-0.49282335098983326,-9.733595305006252,-11.417907025266182,-6.7225569420043225,0.6475247524752475,0.6700932017543859,0.6664389799635702,0.6654005524861878
a7x3_F1_aggtrades_basis_interaction_24_d69a4f8b9fdb__ctrl_sign_flip_11cc35d7f021,a7x3_F1_aggtrades_basis_interaction_24_d69a4f8b9fdb,control,sign_flip,F1_aggtrades_basis_interaction,"Mul(ZScore(Decay(agg_buy_notional_share,12)),Rank(premium_index))",24,480,7296,8773,4344,0.9504950495049505,1.0,0.998747723132969,1.0,-0.12604166666666636,-0.02302631578947335,-0.022170295223982357,0.011740331491713003,-0.37863945294680373,-4.117946886767382,-4.913105826322505,0.24283393353626193,-0.5006394529468038,-6.026946886767384,-7.338105826322507,-0.9316660664637388,0.24158415841584158,0.2616502192982456,0.27607012750455373,0.2703729281767956
a7x3_F1_aggtrades_basis_interaction_24_d69a4f8b9fdb__ctrl_time_shuffle_31e4e58cce04,a7x3_F1_aggtrades_basis_interaction_24_d69a4f8b9fdb,control,time_shuffle,F1_aggtrades_basis_interaction,"Mul(ZScore(Decay(agg_buy_notional_share,12)),Rank(premium_index))",24,478,7284,8771,4336,0.9465346534653465,0.9983552631578947,0.9985200364298725,0.998158379373849,0.01569037656903799,0.010708401976936207,0.00792383992703266,0.020179889298893416,-0.34571701043008063,-4.48861017138011,-5.909861973359244,-2.345288185978221,-0.6567170104300807,-9.186110171380111,-11.600361973359245,-5.103288185978222,0.6158415841584158,0.6438459429824561,0.6478255919854281,0.6348987108655617
a7x3_F1_aggtrades_basis_interaction_24_d69a4f8b9fdb__ctrl_wrong_lag_328b2fc08ffb,a7x3_F1_aggtrades_basis_interaction_24_d69a4f8b9fdb,control,wrong_lag,F1_aggtrades_basis_interaction,"Mul(ZScore(Decay(agg_buy_notional_share,12)),Rank(premium_index))",24,480,7296,8749,4344,0.9504950495049505,1.0,0.9960154826958105,1.0,0.10104166666666699,0.005482456140351326,0.03177506000685833,-0.015883977900552047,0.2915147389529915,-3.1404724318233734,0.5904760567433875,-5.977447407479406,0.17151473895299144,-5.050972431823374,-1.8290239432566147,-7.151447407479408,0.2376237623762376,0.2618558114035088,0.27544398907103823,0.27025782688766115
a7x3_F1_aggtrades_basis_interaction_24_d9801523c462,a7x3_F1_aggtrades_basis_interaction_24_d9801523c462,candidate,original,F1_aggtrades_basis_interaction,"Mul(ZScore(Decay(agg_cross_symbol_signed_flow_share,24)),Rank(premium_index))",24,480,7296,8761,4344,0.9504950495049505,1.0,0.9973816029143898,1.0,0.041666666666667095,0.01144462719298287,0.020488528706769024,0.0012661141804792557,-0.11276564068987299,1.8206086738069642,1.4828743734799827,-4.4616790271201845,-0.17226564068987305,0.7726086738069633,0.08637437347998045,-5.076179027120185,0.11782178217821782,0.14364035087719298,0.15898224043715847,0.14145948434622468
a7x3_F1_aggtrades_basis_interaction_24_d9801523c462__ctrl_row_shuffle_c006cdc72795,a7x3_F1_aggtrades_basis_interaction_24_d9801523c462,control,row_shuffle,F1_aggtrades_basis_interaction,"Mul(ZScore(Decay(agg_cross_symbol_signed_flow_share,24)),Rank(premium_index))",24,480,7296,8761,4344,0.9504950495049505,1.0,0.9973816029143898,1.0,-0.04583333333333298,-0.0031524122807013773,0.0019974888711337914,-0.01611418047882099,-0.5557166158712095,-5.089801547742861,-5.7796425353193985,-2.7832951477578094,-0.8717166158712094,-9.953801547742863,-11.6051425353194,-5.68479514775781,0.6257425742574257,0.6666666666666666,0.6631944444444444,0.6679327808471455
a7x3_F1_aggtrades_basis_interaction_24_d9801523c462__ctrl_sign_flip_d5022eae4b99,a7x3_F1_aggtrades_basis_interaction_24_d9801523c462,control,sign_flip,F1_aggtrades_basis_interaction,"Mul(ZScore(Decay(agg_cross_symbol_signed_flow_share,24)),Rank(premium_index))",24,480,7296,8761,4344,0.9504950495049505,1.0,0.9973816029143898,1.0,-0.041666666666666255,-0.011444627192982055,-0.020488528706768233,-0.0012661141804784647,-0.006234359310127113,-3.9166086738069654,-4.275874373479986,3.232679027120184,-0.06573435931012717,-4.964608673806967,-5.672374373479987,2.618179027120183,0.11782178217821782,0.14364035087719298,0.15898224043715847,0.14145948434622468
a7x3_F1_aggtrades_basis_interaction_24_d9801523c462__ctrl_time_shuffle_cfa816c71333,a7x3_F1_aggtrades_basis_interaction_24_d9801523c462,control,time_shuffle,F1_aggtrades_basis_interaction,"Mul(ZScore(Decay(agg_cross_symbol_signed_flow_share,24)),Rank(premium_index))",24,479,7278,8767,4332,0.9485148514851485,0.9975328947368421,0.9980646630236795,0.9972375690607734,-0.031315240083506925,0.005083814234680274,0.001311737196304704,0.0027700831024934577,-0.3124894467182619,-5.10038961126304,-5.641232843950462,-2.0090571766608614,-0.6154894467182619,-9.80288961126304,-11.387732843950463,-4.759557176660863,0.6,0.64453125,0.6542008196721312,0.6331721915285451
a7x3_F1_aggtrades_basis_interaction_24_d9801523c462__ctrl_wrong_lag_212c99fe177a,a7x3_F1_aggtrades_basis_interaction_24_d9801523c462,control,wrong_lag,F1_aggtrades_basis_interaction,"Mul(ZScore(Decay(agg_cross_symbol_signed_flow_share,24)),Rank(premium_index))",24,480,7296,8737,4344,0.9504950495049505,1.0,0.9946493624772313,1.0,0.14375000000000032,-0.009868421052631164,-0.0009156461027808701,-0.0241712707182316,0.6923971852499318,-2.8115437550247817,-4.2163454877021636,-5.902099229801854,0.6318971852499317,-3.863543755024783,-5.6103454877021655,-6.514099229801854,0.1198019801980198,0.14418859649122806,0.1586976320582878,0.1408839779005525
a7x3_F1_aggtrades_basis_interaction_24_e19fe349bc53,a7x3_F1_aggtrades_basis_interaction_24_e19fe349bc53,candidate,original,F1_aggtrades_basis_interaction,"Mul(ZScore(Decay(agg_buy_notional_share,24)),Rank(premium_index))",24,480,7296,8761,4344,0.9504950495049505,1.0,0.9973816029143898,1.0,0.12812500000000038,0.026041666666667122,0.04263211962104823,-0.0164594843462242,0.1634682114745849,-0.13986353359823428,2.664344963834698,-3.6049748081575688,0.09446821147458484,-1.5398635335982351,0.8738449638346972,-4.514474808157569,0.13663366336633664,0.19188596491228072,0.2038365209471767,0.2093692449355433
a7x3_F1_aggtrades_basis_interaction_24_e19fe349bc53__ctrl_row_shuffle_935301498f5b,a7x3_F1_aggtrades_basis_interaction_24_e19fe349bc53,control,row_shuffle,F1_aggtrades_basis_interaction,"Mul(ZScore(Decay(agg_buy_notional_share,24)),Rank(premium_index))",24,480,7296,8761,4344,0.9504950495049505,1.0,0.9973816029143898,1.0,0.011458333333333704,0.005550986842105645,0.002511128866568102,-0.0036832412523016504,-0.14436562513395912,-4.924600985330701,-5.9058706587104925,-3.263805922005208,-0.4708656251339591,-9.773100985330704,-11.736870658710497,-6.130305922005209,0.6465346534653466,0.6645422149122807,0.66382058287796,0.6598756906077348
a7x3_F1_aggtrades_basis_interaction_24_e19fe349bc53__ctrl_sign_flip_c5c509f9e71f,a7x3_F1_aggtrades_basis_interaction_24_e19fe349bc53,control,sign_flip,F1_aggtrades_basis_interaction,"Mul(ZScore(Decay(agg_buy_notional_share,24)),Rank(premium_index))",24,480,7296,8761,4344,0.9504950495049505,1.0,0.9973816029143898,1.0,-0.12812499999999974,-0.02604166666666635,-0.04263211962104752,0.016459484346224962,-0.301468211474585,-2.6601364664017684,-6.245344963834701,1.7859748081575662,-0.3704682114745851,-4.060136466401769,-8.035844963834704,0.8764748081575657,0.13663366336633664,0.19188596491228072,0.2038365209471767,0.2093692449355433
a7x3_F1_aggtrades_basis_interaction_24_e19fe349bc53__ctrl_time_shuffle_7718a49cf133,a7x3_F1_aggtrades_basis_interaction_24_e19fe349bc53,control,time_shuffle,F1_aggtrades_basis_interaction,"Mul(ZScore(Decay(agg_buy_notional_share,24)),Rank(premium_index))",24,477,7284,8763,4332,0.9445544554455445,0.9983552631578947,0.9976092896174863,0.9972375690607734,0.06394129979035673,0.032262493135640224,0.03594659363231809,0.012580794090489823,-0.35736134528426766,-3.967003913815476,-4.1427410799830575,-2.3175990953707784,-0.6558613452842676,-8.539503913815476,-9.642741079983058,-5.142599095370779,0.5910891089108911,0.6267132675438597,0.6261384335154827,0.6503222836095764
a7x3_F1_aggtrades_basis_interaction_24_e19fe349bc53__ctrl_wrong_lag_5d4bd8132d3a,a7x3_F1_aggtrades_basis_interaction_24_e19fe349bc53,control,wrong_lag,F1_aggtrades_basis_interaction,"Mul(ZScore(Decay(agg_buy_notional_share,24)),Rank(premium_index))",24,480,7296,8737,4344,0.9504950495049505,1.0,0.9946493624772313,1.0,0.07395833333333372,-0.01219846491228021,0.04269199954217738,-0.026127992633517026,0.23644118957061483,-3.618610954170947,1.5716860643715347,-7.532743327167617,0.16544118957061477,-5.019610954170949,-0.21331393562846657,-8.44224332716762,0.1405940594059406,0.19202302631578946,0.2032103825136612,0.2093692449355433
a7x3_F1_aggtrades_basis_interaction_24_e34c785b8caa,a7x3_F1_aggtrades_basis_interaction_24_e34c785b8caa,candidate,original,F1_aggtrades_basis_interaction,"Mul(ZScore(Decay(agg_buy_notional_share,12)),Rank(mark_index_ratio))",24,480,7296,8773,4344,0.9504950495049505,1.0,0.998747723132969,1.0,0.12291666666666701,0.023917214912281135,0.02576085717542498,-0.013812154696132135,0.14479479328632977,0.4113360191322267,1.195976767280854,-2.089894218293784,0.02929479328632968,-1.4696639808677745,-1.1875232327191485,-3.2568942182937852,0.22871287128712872,0.2578125,0.2713456284153005,0.268646408839779
a7x3_F1_aggtrades_basis_interaction_24_e34c785b8caa__ctrl_row_shuffle_4c2ba8a160cf,a7x3_F1_aggtrades_basis_interaction_24_e34c785b8caa,control,row_shuffle,F1_aggtrades_basis_interaction,"Mul(ZScore(Decay(agg_buy_notional_share,12)),Rank(mark_index_ratio))",24,480,7296,8773,4344,0.9504950495049505,1.0,0.998747723132969,1.0,-0.0062499999999997115,-0.0019873903508768006,-0.012196512025532518,-0.00207182320441952,-0.5022899609066239,-5.934107795395045,-8.385468061798313,-3.3645705566329127,-0.8267899609066238,-10.817107795395046,-14.234468061798315,-6.317570556632913,0.6425742574257426,0.6692708333333334,0.6658697632058288,0.6797882136279927
a7x3_F1_aggtrades_basis_interaction_24_e34c785b8caa__ctrl_sign_flip_63c7052d1bd0,a7x3_F1_aggtrades_basis_interaction_24_e34c785b8caa,control,sign_flip,F1_aggtrades_basis_interaction,"Mul(ZScore(Decay(agg_buy_notional_share,12)),Rank(mark_index_ratio))",24,480,7296,8773,4344,0.9504950495049505,1.0,0.998747723132969,1.0,-0.12291666666666634,-0.02391721491228037,-0.02576085717542428,0.013812154696132901,-0.37579479328633,-4.17333601913223,-5.962976767280858,-0.24410578170621755,-0.4912947932863301,-6.054336019132231,-8.346476767280858,-1.4111057817062185,0.22871287128712872,0.2578125,0.2713456284153005,0.268646408839779
a7x3_F1_aggtrades_basis_interaction_24_e34c785b8caa__ctrl_time_shuffle_5f5b53a23b9c,a7x3_F1_aggtrades_basis_interaction_24_e34c785b8caa,control,time_shuffle,F1_aggtrades_basis_interaction,"Mul(ZScore(Decay(agg_buy_notional_share,12)),Rank(mark_index_ratio))",24,479,7284,8764,4341,0.9485148514851485,0.9983552631578947,0.9977231329690346,0.9993093922651933,0.0010438413361172922,0.008855024711697319,0.012893655864902286,-0.001842893342547364,-0.3755119069073412,-5.283654399481657,-6.082939079415061,-3.068216661313768,-0.6840119069073414,-9.983654399481658,-11.74843907941506,-5.9002166613137685,0.6108910891089109,0.6441885964912281,0.6449795081967213,0.6519337016574586
a7x3_F1_aggtrades_basis_interaction_24_e34c785b8caa__ctrl_wrong_lag_4956558bfe4e,a7x3_F1_aggtrades_basis_interaction_24_e34c785b8caa,control,wrong_lag,F1_aggtrades_basis_interaction,"Mul(ZScore(Decay(agg_buy_notional_share,12)),Rank(mark_index_ratio))",24,480,7296,8749,4344,0.9504950495049505,1.0,0.9960154826958105,1.0,0.104166666666667,0.005756578947368863,0.03166076122985524,-0.016804788213627554,0.2666367321410481,-3.055713975468689,0.5519507144779522,-5.935334411769116,0.15263673214104803,-4.937213975468689,-1.8270492855220504,-7.101834411769116,0.22574257425742575,0.2578810307017544,0.2708333333333333,0.2685313075506446
a7x3_F1_aggtrades_basis_interaction_24_e50980a94af3,a7x3_F1_aggtrades_basis_interaction_24_e50980a94af3,candidate,original,F1_aggtrades_basis_interaction,"Mul(ZScore(Decay(agg_flow_accel_4h_vs_24h,12)),Rank(mark_index_ratio))",24,480,7296,8762,4344,0.9504950495049505,1.0,0.9974954462659381,1.0,-0.013541666666666249,0.01439144736842143,-0.018717187856653383,-0.018876611418047473,0.49661625289426886,-4.606685809927523,0.9241415773226234,-1.684669957274899,0.41411625289426884,-5.845185809927524,-0.5788584226773779,-2.4456699572749,0.16336633663366337,0.16975054824561403,0.1711065573770492,0.1751841620626151
a7x3_F1_aggtrades_basis_interaction_24_e50980a94af3__ctrl_row_shuffle_d281824eccdc,a7x3_F1_aggtrades_basis_interaction_24_e50980a94af3,control,row_shuffle,F1_aggtrades_basis_interaction,"Mul(ZScore(Decay(agg_flow_accel_4h_vs_24h,12)),Rank(mark_index_ratio))",24,480,7296,8762,4344,0.9504950495049505,1.0,0.9974954462659381,1.0,-0.02083333333333303,3.8516947915723633e-16,0.005021684546907462,0.008172191528545493,-0.11021410873635783,-5.139628351933618,-6.2391906693826344,-4.041579732268865,-0.43671410873635785,-9.992128351933617,-12.079190669382637,-6.930079732268866,0.6465346534653466,0.6650904605263158,0.6648451730418944,0.6649401473296501
a7x3_F1_aggtrades_basis_interaction_24_e50980a94af3__ctrl_sign_flip_c3f24a9c3ebb,a7x3_F1_aggtrades_basis_interaction_24_e50980a94af3,control,sign_flip,F1_aggtrades_basis_interaction,"Mul(ZScore(Decay(agg_flow_accel_4h_vs_24h,12)),Rank(mark_index_ratio))",24,480,7296,8762,4344,0.9504950495049505,1.0,0.9974954462659381,1.0,0.013541666666667007,-0.014391447368420658,0.018717187856654095,0.018876611418048216,-0.6616162528942691,2.1296858099275218,-3.930141577322626,0.16266995727489753,-0.7441162528942691,0.8911858099275212,-5.433141577322628,-0.5983300427251029,0.16336633663366337,0.16975054824561403,0.1711065573770492,0.1751841620626151
a7x3_F1_aggtrades_basis_interaction_24_e50980a94af3__ctrl_time_shuffle_9b44c3582ba0,a7x3_F1_aggtrades_basis_interaction_24_e50980a94af3,control,time_shuffle,F1_aggtrades_basis_interaction,"Mul(ZScore(Decay(agg_flow_accel_4h_vs_24h,12)),Rank(mark_index_ratio))",24,480,7279,8764,4334,0.9504950495049505,0.9976699561403509,0.9977231329690346,0.9976979742173112,-0.006249999999999609,-0.00528918807528467,-0.002795527156549147,0.010036917397323845,-0.22860149121192416,-4.691166385434793,-6.857157485708541,-3.0981104368604293,-0.5536014912119241,-9.534666385434793,-12.659657485708543,-5.98561043686043,0.6435643564356436,0.6638569078947368,0.6605760473588342,0.6647099447513812
a7x3_F1_aggtrades_basis_interaction_24_e50980a94af3__ctrl_wrong_lag_9cdfa5e3f0a4,a7x3_F1_aggtrades_basis_interaction_24_e50980a94af3,control,wrong_lag,F1_aggtrades_basis_interaction,"Mul(ZScore(Decay(agg_flow_accel_4h_vs_24h,12)),Rank(mark_index_ratio))",24,480,7296,8738,4344,0.9504950495049505,1.0,0.9947632058287796,1.0,0.07500000000000027,0.003426535087719692,-0.016937514305332656,0.02359576427256019,-0.6406984263630816,0.024274834314035543,-0.9446162950742516,-2.953754354133841,-0.7226984263630817,-1.2162251656859653,-2.4456162950742524,-3.711254354133841,0.16237623762376238,0.17002467105263158,0.17087887067395263,0.17437845303867403
a7x3_F1_aggtrades_basis_interaction_24_eae76c1c903b,a7x3_F1_aggtrades_basis_interaction_24_eae76c1c903b,candidate,original,F1_aggtrades_basis_interaction,"Mul(ZScore(Decay(agg_flow_accel_4h_vs_24h,24)),Rank(premium_index))",24,480,7296,8750,4344,0.9504950495049505,1.0,0.9961293260473588,1.0,-0.004166666666666211,0.019120065789474065,-0.019371428571428227,0.004604051565377917,0.31412468039201225,-4.637884349817711,0.3683275326999853,-2.702573505852924,0.23912468039201223,-5.706884349817711,-0.9451724673000164,-3.388573505852924,0.1485148514851485,0.1465186403508772,0.14953324225865208,0.15791896869244937
a7x3_F1_aggtrades_basis_interaction_24_eae76c1c903b__ctrl_row_shuffle_da25908b173a,a7x3_F1_aggtrades_basis_interaction_24_eae76c1c903b,control,row_shuffle,F1_aggtrades_basis_interaction,"Mul(ZScore(Decay(agg_flow_accel_4h_vs_24h,24)),Rank(premium_index))",24,480,7296,8750,4344,0.9504950495049505,1.0,0.9961293260473588,1.0,0.0010416666666669887,0.008086622807017926,-0.005599999999999639,0.00034530386740366987,-0.40222961785740385,-5.7438142609885565,-4.5496186068874955,-2.7910392244272857,-0.7332296178574039,-10.638314260988556,-10.382118606887497,-5.689539224427286,0.6554455445544555,0.6708470394736842,0.6639913479052824,0.6672421731123389
a7x3_F1_aggtrades_basis_interaction_24_eae76c1c903b__ctrl_sign_flip_15b71b1f916d,a7x3_F1_aggtrades_basis_interaction_24_eae76c1c903b,control,sign_flip,F1_aggtrades_basis_interaction,"Mul(ZScore(Decay(agg_flow_accel_4h_vs_24h,24)),Rank(premium_index))",24,480,7296,8750,4344,0.9504950495049505,1.0,0.9961293260473588,1.0,0.004166666666666993,-0.019120065789473287,0.019371428571428918,-0.004604051565377182,-0.4641246803920124,2.4998843498177092,-2.995327532699988,1.3305735058529218,-0.5391246803920124,1.4308843498177075,-4.308827532699988,0.6445735058529222,0.1485148514851485,0.1465186403508772,0.14953324225865208,0.15791896869244937
a7x3_F1_aggtrades_basis_interaction_24_eae76c1c903b__ctrl_time_shuffle_527a9971883b,a7x3_F1_aggtrades_basis_interaction_24_eae76c1c903b,control,time_shuffle,F1_aggtrades_basis_interaction,"Mul(ZScore(Decay(agg_flow_accel_4h_vs_24h,24)),Rank(premium_index))",24,479,7277,8761,4328,0.9485148514851485,0.9973958333333334,0.9973816029143898,0.996316758747698,0.0031315240083510856,0.0006183866978154057,-0.0014838488756987534,-0.007740295748613291,-0.27275906583943255,-4.994536499273571,-6.04643769820863,-2.399442810256033,-0.6122590658394327,-9.80303649927357,-11.844937698208632,-5.265942810256034,0.6722772277227723,0.6590597587719298,0.6601206739526412,0.6598756906077348
a7x3_F1_aggtrades_basis_interaction_24_eae76c1c903b__ctrl_wrong_lag_bafd1e8fe988,a7x3_F1_aggtrades_basis_interaction_24_eae76c1c903b,control,wrong_lag,F1_aggtrades_basis_interaction,"Mul(ZScore(Decay(agg_flow_accel_4h_vs_24h,24)),Rank(premium_index))",24,480,7296,8726,4344,0.9504950495049505,1.0,0.9933970856102003,1.0,0.055208333333333665,0.0019188596491231966,-0.014783405913361974,0.020488029465930365,-0.5133857202448193,0.3736218666565092,-1.3293314992449252,-2.22676607386819,-0.5853857202448194,-0.6988781333434919,-2.641831499244926,-2.908266073868191,0.14257425742574256,0.14699835526315788,0.14941939890710382,0.15688305709023942
a7x3_F2_aggtrades_vol_compression_interaction_24_0558ba6ae943,a7x3_F2_aggtrades_vol_compression_interaction_24_0558ba6ae943,candidate,original,F2_aggtrades_vol_compression_interaction,"Mul(ZScore(TSMean(agg_cross_symbol_signed_flow_share,24)),Rank(Sub(realized_vol_12,realized_vol_24)))",24,480,7296,8761,4344,0.9504950495049505,1.0,0.9973816029143898,1.0,0.004166666666667098,0.025561951754386362,0.01695011984933267,0.008517495395948859,0.032434909618272834,3.5963899940372612,-0.47739200799139025,-2.8997292707206914,-0.019065090381727184,2.8408899940372603,-1.495392007991391,-3.3632292707206917,0.10198019801980197,0.1035498903508772,0.11589253187613843,0.10669889502762431
a7x3_F2_aggtrades_vol_compression_interaction_24_0558ba6ae943__ctrl_row_shuffle_8de395a49442,a7x3_F2_aggtrades_vol_compression_interaction_24_0558ba6ae943,control,row_shuffle,F2_aggtrades_vol_compression_interaction,"Mul(ZScore(TSMean(agg_cross_symbol_signed_flow_share,24)),Rank(Sub(realized_vol_12,realized_vol_24)))",24,480,7296,8761,4344,0.9504950495049505,1.0,0.9973816029143898,1.0,-0.020833333333332933,-0.010211074561403107,0.003538408857436723,-0.010244014732964634,-0.5797768663513865,-5.964081279473836,-4.952117582364684,-3.683339283008376,-0.8997768663513867,-10.785581279473837,-10.761117582364687,-6.583339283008376,0.6336633663366337,0.6608415570175439,0.661316029143898,0.6675874769797422
a7x3_F2_aggtrades_vol_compression_interaction_24_0558ba6ae943__ctrl_sign_flip_f96767429c08,a7x3_F2_aggtrades_vol_compression_interaction_24_0558ba6ae943,control,sign_flip,F2_aggtrades_vol_compression_interaction,"Mul(ZScore(TSMean(agg_cross_symbol_signed_flow_share,24)),Rank(Sub(realized_vol_12,realized_vol_24)))",24,480,7296,8761,4344,0.9504950495049505,1.0,0.9973816029143898,1.0,-0.0041666666666663205,-0.025561951754385567,-0.016950119849331886,-0.008517495395948045,-0.13543490961827293,-5.107389994037263,-1.5586079920086124,1.9727292707206907,-0.18693490961827294,-5.862889994037262,-2.5766079920086122,1.5092292707206902,0.10198019801980197,0.1035498903508772,0.11589253187613843,0.10669889502762431
a7x3_F2_aggtrades_vol_compression_interaction_24_0558ba6ae943__ctrl_time_shuffle_b59f817e16eb,a7x3_F2_aggtrades_vol_compression_interaction_24_0558ba6ae943,control,time_shuffle,F2_aggtrades_vol_compression_interaction,"Mul(ZScore(TSMean(agg_cross_symbol_signed_flow_share,24)),Rank(Sub(realized_vol_12,realized_vol_24)))",24,478,7277,8767,4334,0.9465346534653465,0.9973958333333334,0.9980646630236795,0.9976979742173112,0.001046025104602871,-0.003779029819980324,0.006330557773469075,0.014766958929395871,-0.38079705936675257,-5.375637677510724,-5.4287809750719624,-2.3630121804068223,-0.6842970593667526,-10.091637677510725,-11.088280975071962,-5.174012180406823,0.600990099009901,0.6463815789473685,0.6442964480874317,0.6470994475138122
a7x3_F2_aggtrades_vol_compression_interaction_24_0558ba6ae943__ctrl_wrong_lag_c6795f677db4,a7x3_F2_aggtrades_vol_compression_interaction_24_0558ba6ae943,control,wrong_lag,F2_aggtrades_vol_compression_interaction,"Mul(ZScore(TSMean(agg_cross_symbol_signed_flow_share,24)),Rank(Sub(realized_vol_12,realized_vol_24)))",24,480,7296,8737,4344,0.9504950495049505,1.0,0.9946493624772313,1.0,0.14479166666666696,-0.006304824561403103,0.0017740643241390994,-0.031767955801104565,0.7364368199016631,-2.432825164552172,-4.667292893657956,-6.3301112419157235,0.6839368199016631,-3.191825164552172,-5.680292893657958,-6.794111241915724,0.10396039603960396,0.1040296052631579,0.11532331511839708,0.10681399631675875
a7x3_F2_aggtrades_vol_compression_interaction_24_0dd7d0c768e4,a7x3_F2_aggtrades_vol_compression_interaction_24_0dd7d0c768e4,candidate,original,F2_aggtrades_vol_compression_interaction,"Mul(ZScore(TSMean(agg_buy_notional_share,12)),Rank(Sub(realized_vol_12,realized_vol_24)))",24,480,7296,8772,4344,0.9504950495049505,1.0,0.9986338797814208,1.0,0.13020833333333373,0.03344298245614079,0.011855905152759165,-0.002532228360957193,0.17130254393368854,1.6285310877693298,-0.9980418261084176,-1.04536429732378,0.09080254393368847,0.24153108776932886,-2.739041826108419,-1.9053642973237808,0.1594059405940594,0.19010416666666666,0.19820127504553733,0.19797421731123388
a7x3_F2_aggtrades_vol_compression_interaction_24_0dd7d0c768e4__ctrl_row_shuffle_3dbe253f20a6,a7x3_F2_aggtrades_vol_compression_interaction_24_0dd7d0c768e4,control,row_shuffle,F2_aggtrades_vol_compression_interaction,"Mul(ZScore(TSMean(agg_buy_notional_share,12)),Rank(Sub(realized_vol_12,realized_vol_24)))",24,480,7296,8772,4344,0.9504950495049505,1.0,0.9986338797814208,1.0,-0.00833333333333299,0.003289473684210905,-0.006668946648426445,0.008747697974217681,-0.3820163768020505,-4.575345631097074,-5.648393479235154,-2.5202077159304728,-0.6995163768020505,-9.459845631097075,-11.465393479235155,-5.417707715930473,0.6287128712871287,0.6694764254385965,0.6622267759562842,0.66701197053407
a7x3_F2_aggtrades_vol_compression_interaction_24_0dd7d0c768e4__ctrl_sign_flip_a42804346e5c,a7x3_F2_aggtrades_vol_compression_interaction_24_0dd7d0c768e4,control,sign_flip,F2_aggtrades_vol_compression_interaction,"Mul(ZScore(TSMean(agg_buy_notional_share,12)),Rank(Sub(realized_vol_12,realized_vol_24)))",24,480,7296,8772,4344,0.9504950495049505,1.0,0.9986338797814208,1.0,-0.130208333333333,-0.03344298245613999,-0.01185590515275847,0.002532228360957919,-0.3323025439336887,-4.402531087769332,-2.483958173891586,-0.6746357026762214,-0.41280254393368876,-5.789531087769333,-4.2249581738915865,-1.5346357026762223,0.1594059405940594,0.19010416666666666,0.19820127504553733,0.19797421731123388
a7x3_F2_aggtrades_vol_compression_interaction_24_0dd7d0c768e4__ctrl_time_shuffle_b44ef8871fc4,a7x3_F2_aggtrades_vol_compression_interaction_24_0dd7d0c768e4,control,time_shuffle,F2_aggtrades_vol_compression_interaction,"Mul(ZScore(TSMean(agg_buy_notional_share,12)),Rank(Sub(realized_vol_12,realized_vol_24)))",24,480,7282,8766,4339,0.9504950495049505,0.9980811403508771,0.9979508196721312,0.9988489871086557,-0.0177083333333329,0.011672617412799123,0.009411362080767004,0.02200967964968931,-0.6695238332789519,-4.580300286285052,-7.7264297388371395,-2.896684713811548,-0.987523833278952,-9.293300286285053,-13.376429738837142,-5.692184713811549,0.6297029702970297,0.6459703947368421,0.6432149362477231,0.6435313075506446
a7x3_F2_aggtrades_vol_compression_interaction_24_0dd7d0c768e4__ctrl_wrong_lag_f6170188a5e8,a7x3_F2_aggtrades_vol_compression_interaction_24_0dd7d0c768e4,control,wrong_lag,F2_aggtrades_vol_compression_interaction,"Mul(ZScore(TSMean(agg_buy_notional_share,12)),Rank(Sub(realized_vol_12,realized_vol_24)))",24,480,7296,8748,4344,0.9504950495049505,1.0,0.9959016393442623,1.0,0.132291666666667,0.010142543859649569,0.0374371284865116,-0.010013812154695718,0.43436292278922095,-2.8007458085075174,2.6005920412073857,-4.3776837827714115,0.3573629227892209,-4.191245808507519,0.8645920412073845,-5.2381837827714115,0.15247524752475247,0.19058388157894737,0.19763205828779598,0.19808931860036832
a7x3_F2_aggtrades_vol_compression_interaction_24_149ce4e76515,a7x3_F2_aggtrades_vol_compression_interaction_24_149ce4e76515,candidate,original,F2_aggtrades_vol_compression_interaction,"Mul(ZScore(TSMean(agg_flow_imbalance_notional,12)),Rank(Sub(realized_vol_12,realized_vol_24)))",24,480,7296,8772,4344,0.9504950495049505,1.0,0.9986338797814208,1.0,0.13020833333333373,0.03344298245614079,0.011855905152759165,-0.002532228360957193,0.17130254393368854,1.6285310877693298,-0.9980418261084176,-1.04536429732378,0.09080254393368847,0.24153108776932886,-2.739041826108419,-1.9053642973237808,0.1594059405940594,0.19010416666666666,0.19820127504553733,0.19797421731123388
a7x3_F2_aggtrades_vol_compression_interaction_24_149ce4e76515__ctrl_row_shuffle_a449691f6c95,a7x3_F2_aggtrades_vol_compression_interaction_24_149ce4e76515,control,row_shuffle,F2_aggtrades_vol_compression_interaction,"Mul(ZScore(TSMean(agg_flow_imbalance_notional,12)),Rank(Sub(realized_vol_12,realized_vol_24)))",24,480,7296,8772,4344,0.9504950495049505,1.0,0.9986338797814208,1.0,0.009375000000000355,0.002878289473684597,0.005300957592339614,0.014387661141805175,-0.4645605173822204,-5.030780265628985,-4.84860983393347,-1.2834635379708197,-0.7790605173822205,-9.914780265628984,-10.693609833933472,-4.144463537970821,0.6227722772277228,0.6694078947368421,0.6654143897996357,0.658609576427256
a7x3_F2_aggtrades_vol_compression_interaction_24_149ce4e76515__ctrl_sign_flip_87fa04fa12ff,a7x3_F2_aggtrades_vol_compression_interaction_24_149ce4e76515,control,sign_flip,F2_aggtrades_vol_compression_interaction,"Mul(ZScore(TSMean(agg_flow_imbalance_notional,12)),Rank(Sub(realized_vol_12,realized_vol_24)))",24,480,7296,8772,4344,0.9504950495049505,1.0,0.9986338797814208,1.0,-0.130208333333333,-0.03344298245613999,-0.01185590515275847,0.002532228360957919,-0.3323025439336887,-4.402531087769332,-2.483958173891586,-0.6746357026762214,-0.41280254393368876,-5.789531087769333,-4.2249581738915865,-1.5346357026762223,0.1594059405940594,0.19010416666666666,0.19820127504553733,0.19797421731123388
a7x3_F2_aggtrades_vol_compression_interaction_24_149ce4e76515__ctrl_time_shuffle_4e3a912855b1,a7x3_F2_aggtrades_vol_compression_interaction_24_149ce4e76515,control,time_shuffle,F2_aggtrades_vol_compression_interaction,"Mul(ZScore(TSMean(agg_flow_imbalance_notional,12)),Rank(Sub(realized_vol_12,realized_vol_24)))",24,479,7282,8767,4339,0.9485148514851485,0.9980811403508771,0.9980646630236795,0.9988489871086557,0.02713987473904,0.019156825048064176,0.00855480780198512,0.010025351463471287,-0.549385780404222,-4.224370563507938,-6.3072476018930965,-3.1346834383477375,-0.854385780404222,-8.875870563507938,-12.009747601893098,-5.927183438347738,0.6039603960396039,0.6375411184210527,0.6491917122040073,0.6428406998158379
a7x3_F2_aggtrades_vol_compression_interaction_24_149ce4e76515__ctrl_wrong_lag_469315c66c55,a7x3_F2_aggtrades_vol_compression_interaction_24_149ce4e76515,control,wrong_lag,F2_aggtrades_vol_compression_interaction,"Mul(ZScore(TSMean(agg_flow_imbalance_notional,12)),Rank(Sub(realized_vol_12,realized_vol_24)))",24,480,7296,8748,4344,0.9504950495049505,1.0,0.9959016393442623,1.0,0.132291666666667,0.010142543859649569,0.0374371284865116,-0.010013812154695718,0.43436292278922095,-2.8007458085075174,2.6005920412073857,-4.3776837827714115,0.3573629227892209,-4.191245808507519,0.8645920412073845,-5.2381837827714115,0.15247524752475247,0.19058388157894737,0.19763205828779598,0.19808931860036832
a7x3_F2_aggtrades_vol_compression_interaction_24_17722c9b5d97,a7x3_F2_aggtrades_vol_compression_interaction_24_17722c9b5d97,candidate,original,F2_aggtrades_vol_compression_interaction,"Mul(ZScore(TSMean(agg_cross_symbol_signed_flow_share,12)),Rank(SafeDiv(realized_vol_12,realized_vol_24)))",24,480,7296,8772,4344,0.9504950495049505,1.0,0.9986338797814208,1.0,0.026041666666667105,0.023300438596491634,0.008549931600547582,0.01404235727440188,-0.15937507157320752,1.4567042804273056,1.2296360228937306,-2.418954370254015,-0.24237507157320756,0.31620428042730486,-0.28186397710627054,-3.1379543702540156,0.16435643564356436,0.1563185307017544,0.17207422586520948,0.1655156537753223
a7x3_F2_aggtrades_vol_compression_interaction_24_17722c9b5d97__ctrl_row_shuffle_dc9d2df03d2b,a7x3_F2_aggtrades_vol_compression_interaction_24_17722c9b5d97,control,row_shuffle,F2_aggtrades_vol_compression_interaction,"Mul(ZScore(TSMean(agg_cross_symbol_signed_flow_share,12)),Rank(SafeDiv(realized_vol_12,realized_vol_24)))",24,480,7296,8772,4344,0.9504950495049505,1.0,0.9986338797814208,1.0,-0.009374999999999637,-0.007058662280701365,-0.007010943912448339,0.007251381215469983,-0.39624173383832073,-5.224979732955944,-7.260342194275981,-2.7901924638624944,-0.7322417338383207,-10.052479732955945,-13.085842194275983,-5.645192463862495,0.6653465346534654,0.6616639254385965,0.6631944444444444,0.6572283609576427
a7x3_F2_aggtrades_vol_compression_interaction_24_17722c9b5d97__ctrl_sign_flip_456d7516227f,a7x3_F2_aggtrades_vol_compression_interaction_24_17722c9b5d97,control,sign_flip,F2_aggtrades_vol_compression_interaction,"Mul(ZScore(TSMean(agg_cross_symbol_signed_flow_share,12)),Rank(SafeDiv(realized_vol_12,realized_vol_24)))",24,480,7296,8772,4344,0.9504950495049505,1.0,0.9986338797814208,1.0,-0.02604166666666634,-0.023300438596490815,-0.008549931600546802,-0.014042357274401064,-0.006624928426792631,-3.7377042804273075,-4.252636022893734,0.9809543702540133,-0.08962492842679264,-4.878204280427308,-5.764136022893735,0.2619543702540128,0.16435643564356436,0.1563185307017544,0.17207422586520948,0.1655156537753223
a7x3_F2_aggtrades_vol_compression_interaction_24_17722c9b5d97__ctrl_time_shuffle_7bad55e5dea8,a7x3_F2_aggtrades_vol_compression_interaction_24_17722c9b5d97,control,time_shuffle,F2_aggtrades_vol_compression_interaction,"Mul(ZScore(TSMean(agg_cross_symbol_signed_flow_share,12)),Rank(SafeDiv(realized_vol_12,realized_vol_24)))",24,479,7284,8770,4334,0.9485148514851485,0.9983552631578947,0.9984061930783242,0.9976979742173112,-0.04070981210855907,0.0020593080724880673,0.002679589509692518,0.004960775265344188,-0.5521541068241826,-5.072447915933035,-5.227452741338303,-3.537378440858727,-0.8511541068241826,-9.782947915933034,-10.886452741338307,-6.374378440858727,0.592079207920792,0.6456277412280702,0.6442395264116576,0.6530847145488029
a7x3_F2_aggtrades_vol_compression_interaction_24_17722c9b5d97__ctrl_wrong_lag_d875f677b985,a7x3_F2_aggtrades_vol_compression_interaction_24_17722c9b5d97,control,wrong_lag,F2_aggtrades_vol_compression_interaction,"Mul(ZScore(TSMean(agg_cross_symbol_signed_flow_share,12)),Rank(SafeDiv(realized_vol_12,realized_vol_24)))",24,480,7296,8748,4344,0.9504950495049505,1.0,0.9959016393442623,1.0,0.0656250000000003,0.011376096491228452,0.015203475080018658,-0.03844383057090198,0.2629015189884864,-1.4190000380570085,-0.5291285732506292,-5.962334939758289,0.1819015189884864,-2.563000038057009,-2.0381285732506305,-6.679334939758291,0.1603960396039604,0.15679824561403508,0.1717896174863388,0.16505524861878454
a7x3_F2_aggtrades_vol_compression_interaction_24_2067953c2d57,a7x3_F2_aggtrades_vol_compression_interaction_24_2067953c2d57,candidate,original,F2_aggtrades_vol_compression_interaction,"Mul(ZScore(TSMean(agg_avg_trade_notional_24h,24)),Rank(SafeDiv(realized_vol_12,realized_vol_24)))",24,480,7296,8750,4344,0.9504950495049505,1.0,0.9961293260473588,1.0,0.05000000000000053,0.027480811403509255,0.09731428571428619,0.08598066298342584,-0.6492384252559358,-0.6924380553033342,-0.3402065637469045,4.886769066201218,-0.6607384252559358,-1.0194380553033342,-0.42220656374690346,4.713269066201219,0.02277227722772277,0.04481907894736842,0.009335154826958106,0.039940147329650094
a7x3_F2_aggtrades_vol_compression_interaction_24_2067953c2d57__ctrl_row_shuffle_0587eeb60ec7,a7x3_F2_aggtrades_vol_compression_interaction_24_2067953c2d57,control,row_shuffle,F2_aggtrades_vol_compression_interaction,"Mul(ZScore(TSMean(agg_avg_trade_notional_24h,24)),Rank(SafeDiv(realized_vol_12,realized_vol_24)))",24,480,7296,8750,4344,0.9504950495049505,1.0,0.9961293260473588,1.0,-0.016666666666666254,-0.0035635964912276875,-0.0045142857142853425,0.00506445672191566,-0.3801395792272555,-4.3415958483425845,-5.337950344951619,-2.9880904237065153,-0.6931395792272554,-9.192095848342586,-11.129950344951618,-5.883090423706516,0.6198019801980198,0.6648163377192983,0.6593806921675774,0.6664364640883977
a7x3_F2_aggtrades_vol_compression_interaction_24_2067953c2d57__ctrl_sign_flip_93f6e5019423,a7x3_F2_aggtrades_vol_compression_interaction_24_2067953c2d57,control,sign_flip,F2_aggtrades_vol_compression_interaction,"Mul(ZScore(TSMean(agg_avg_trade_notional_24h,24)),Rank(SafeDiv(realized_vol_12,realized_vol_24)))",24,480,7296,8750,4344,0.9504950495049505,1.0,0.9961293260473588,1.0,-0.04999999999999982,-0.027480811403508477,-0.09731428571428549,-0.08598066298342502,0.626238425255936,0.03843805530333233,0.1762065637469039,-5.233769066201219,0.614738425255936,-0.2885619446966672,0.09420656374690362,-5.407269066201218,0.02277227722772277,0.04481907894736842,0.009335154826958106,0.039940147329650094
a7x3_F2_aggtrades_vol_compression_interaction_24_2067953c2d57__ctrl_time_shuffle_43f83f7131de,a7x3_F2_aggtrades_vol_compression_interaction_24_2067953c2d57,control,time_shuffle,F2_aggtrades_vol_compression_interaction,"Mul(ZScore(TSMean(agg_avg_trade_notional_24h,24)),Rank(SafeDiv(realized_vol_12,realized_vol_24)))",24,479,7272,8757,4337,0.9485148514851485,0.9967105263157895,0.9969262295081968,0.9983885819521179,0.11273486430062668,0.04606710671067162,0.09826424574626053,0.08139266774267977,-0.05992240457284492,-3.616419325098581,-0.1895753447006654,1.442579342560835,-0.216422404572845,-5.943419325098581,-2.9290753447006685,0.07057934256083476,0.3099009900990099,0.3189418859649123,0.3118738615664845,0.31583793738489874
a7x3_F2_aggtrades_vol_compression_interaction_24_2067953c2d57__ctrl_wrong_lag_3b146b3c6620,a7x3_F2_aggtrades_vol_compression_interaction_24_2067953c2d57,control,wrong_lag,F2_aggtrades_vol_compression_interaction,"Mul(ZScore(TSMean(agg_avg_trade_notional_24h,24)),Rank(SafeDiv(realized_vol_12,realized_vol_24)))",24,480,7296,8726,4344,0.9504950495049505,1.0,0.9933970856102003,1.0,0.09583333333333383,0.016378837719298742,0.09603483841393584,0.0976058931860041,-0.6160491305705502,-2.2633387339053552,-1.1876707589270286,6.1440556511002775,-0.6240491305705499,-2.590838733905355,-1.2696707589270293,5.971555651100276,0.015841584158415842,0.044887609649122806,0.009335154826958106,0.03970994475138122
a7x3_F2_aggtrades_vol_compression_interaction_24_29b1281c2852,a7x3_F2_aggtrades_vol_compression_interaction_24_29b1281c2852,candidate,original,F2_aggtrades_vol_compression_interaction,"Mul(ZScore(TSMean(agg_avg_trade_notional_24h,12)),Rank(Sub(realized_vol_12,realized_vol_24)))",24,480,7296,8762,4344,0.9504950495049505,1.0,0.9974954462659381,1.0,0.042708333333333806,0.026315789473684695,0.09923533439853961,0.09438305709023985,-0.7004644206418622,-1.486056035405101,0.05852433550801628,5.732019690629531,-0.7109644206418624,-1.7790560354051022,-0.039475664491983586,5.579519690629532,0.020792079207920793,0.04015899122807018,0.011156648451730419,0.035105893186003684
a7x3_F2_aggtrades_vol_compression_interaction_24_29b1281c2852__ctrl_row_shuffle_a0a1f47c4f75,a7x3_F2_aggtrades_vol_compression_interaction_24_29b1281c2852,control,row_shuffle,F2_aggtrades_vol_compression_interaction,"Mul(ZScore(TSMean(agg_avg_trade_notional_24h,12)),Rank(Sub(realized_vol_12,realized_vol_24)))",24,480,7296,8762,4344,0.9504950495049505,1.0,0.9974954462659381,1.0,-0.007291666666666283,0.0018503289473687991,-0.0031385528418165737,-0.028430018416205873,-0.37297144921450764,-4.2622089498372695,-4.627232901069854,-4.6449352986198615,-0.6979714492145077,-9.11470894983727,-10.527232901069855,-7.563435298619862,0.6435643564356436,0.6650904605263158,0.6716757741347905,0.6718462246777164
a7x3_F2_aggtrades_vol_compression_interaction_24_29b1281c2852__ctrl_sign_flip_3c6dccffe556,a7x3_F2_aggtrades_vol_compression_interaction_24_29b1281c2852,control,sign_flip,F2_aggtrades_vol_compression_interaction,"Mul(ZScore(TSMean(agg_avg_trade_notional_24h,12)),Rank(Sub(realized_vol_12,realized_vol_24)))",24,480,7296,8762,4344,0.9504950495049505,1.0,0.9974954462659381,1.0,-0.0427083333333332,-0.026315789473683914,-0.09923533439853892,-0.09438305709023902,0.6794644206418623,0.9000560354051004,-0.2545243355080171,-6.037019690629532,0.6689644206418623,0.6070560354051002,-0.35252433550801765,-6.189519690629531,0.020792079207920793,0.04015899122807018,0.011156648451730419,0.035105893186003684
a7x3_F2_aggtrades_vol_compression_interaction_24_29b1281c2852__ctrl_time_shuffle_63fa84db700e,a7x3_F2_aggtrades_vol_compression_interaction_24_29b1281c2852,control,time_shuffle,F2_aggtrades_vol_compression_interaction,"Mul(ZScore(TSMean(agg_avg_trade_notional_24h,12)),Rank(Sub(realized_vol_12,realized_vol_24)))",24,480,7278,8764,4335,0.9504950495049505,0.9975328947368421,0.9977231329690346,0.9979281767955801,0.10937500000000036,0.05070074196207804,0.09550433591967178,0.09284890426758984,-0.11552473000579871,-3.056670126524124,-1.277591603467248,1.6204543114871726,-0.28802473000579887,-5.376670126524125,-4.042591603467251,0.23745431148717167,0.3415841584158416,0.31798245614035087,0.3147768670309654,0.31837016574585636
a7x3_F2_aggtrades_vol_compression_interaction_24_29b1281c2852__ctrl_wrong_lag_285f80818e83,a7x3_F2_aggtrades_vol_compression_interaction_24_29b1281c2852,control,wrong_lag,F2_aggtrades_vol_compression_interaction,"Mul(ZScore(TSMean(agg_avg_trade_notional_24h,12)),Rank(Sub(realized_vol_12,realized_vol_24)))",24,480,7296,8738,4344,0.9504950495049505,1.0,0.9947632058287796,1.0,0.10833333333333381,0.018434758771930307,0.09544518196383658,0.09610957642725643,-0.5643169868027833,-2.684056370989177,-1.0633744750661258,5.937216410799849,-0.5728169868027834,-2.9780563709891767,-1.1613744750661266,5.785716410799848,0.016831683168316833,0.04029605263157895,0.011156648451730419,0.03487569060773481
a7x3_F2_aggtrades_vol_compression_interaction_24_55dd111c86a1,a7x3_F2_aggtrades_vol_compression_interaction_24_55dd111c86a1,candidate,original,F2_aggtrades_vol_compression_interaction,"Mul(ZScore(TSMean(agg_cross_symbol_signed_flow_share,24)),Rank(SafeDiv(realized_vol_12,realized_vol_24)))",24,480,7296,8761,4344,0.9504950495049505,1.0,0.9973816029143898,1.0,0.0031250000000004404,0.02439692982456181,0.01632233763269074,0.011049723756906498,0.012079685144447516,3.6934463116158915,-0.6241720574463412,-2.5824014168430023,-0.04492031485555251,2.920446311615891,-1.6431720574463418,-3.0494014168430015,0.11287128712871287,0.1059484649122807,0.1160063752276867,0.10750460405156538
a7x3_F2_aggtrades_vol_compression_interaction_24_55dd111c86a1__ctrl_row_shuffle_55955dad95c6,a7x3_F2_aggtrades_vol_compression_interaction_24_55dd111c86a1,control,row_shuffle,F2_aggtrades_vol_compression_interaction,"Mul(ZScore(TSMean(agg_cross_symbol_signed_flow_share,24)),Rank(SafeDiv(realized_vol_12,realized_vol_24)))",24,480,7296,8761,4344,0.9504950495049505,1.0,0.9973816029143898,1.0,-0.038541666666666294,0.0022615131578951177,-0.004793973290719871,0.018186003683241612,-0.4966351957666318,-4.50555579478455,-6.80636977958452,-1.1185447639413613,-0.8041351957666317,-9.36305579478455,-12.628369779584522,-3.989544763941362,0.6089108910891089,0.6657757675438597,0.6627959927140255,0.6609116022099447
a7x3_F2_aggtrades_vol_compression_interaction_24_55dd111c86a1__ctrl_sign_flip_5b9d7188d599,a7x3_F2_aggtrades_vol_compression_interaction_24_55dd111c86a1,control,sign_flip,F2_aggtrades_vol_compression_interaction,"Mul(ZScore(TSMean(agg_cross_symbol_signed_flow_share,24)),Rank(SafeDiv(realized_vol_12,realized_vol_24)))",24,480,7296,8761,4344,0.9504950495049505,1.0,0.9973816029143898,1.0,-0.003124999999999682,-0.024396929824561,-0.016322337632689938,-0.011049723756905694,-0.12607968514444762,-5.239446311615893,-1.4138279425536608,1.6484014168430008,-0.18307968514444764,-6.012446311615893,-2.4328279425536614,1.1814014168430003,0.11287128712871287,0.1059484649122807,0.1160063752276867,0.10750460405156538
a7x3_F2_aggtrades_vol_compression_interaction_24_55dd111c86a1__ctrl_time_shuffle_69cd30e82c29,a7x3_F2_aggtrades_vol_compression_interaction_24_55dd111c86a1,control,time_shuffle,F2_aggtrades_vol_compression_interaction,"Mul(ZScore(TSMean(agg_cross_symbol_signed_flow_share,24)),Rank(SafeDiv(realized_vol_12,realized_vol_24)))",24,479,7285,8756,4336,0.9485148514851485,0.9984923245614035,0.9968123861566485,0.998158379373849,0.006263048016701859,0.01036376115305464,0.0132480584741895,-0.0027675276752763267,-0.21471806207525745,-3.6845328008739933,-4.522163769335485,-2.652276481997747,-0.5317180620752575,-8.397032800873994,-10.204163769335487,-5.446276481997748,0.6277227722772277,0.6459018640350878,0.6468579234972678,0.6431860036832413
a7x3_F2_aggtrades_vol_compression_interaction_24_55dd111c86a1__ctrl_wrong_lag_7361178dea5e,a7x3_F2_aggtrades_vol_compression_interaction_24_55dd111c86a1,control,wrong_lag,F2_aggtrades_vol_compression_interaction,"Mul(ZScore(TSMean(agg_cross_symbol_signed_flow_share,24)),Rank(SafeDiv(realized_vol_12,realized_vol_24)))",24,480,7296,8737,4344,0.9504950495049505,1.0,0.9946493624772313,1.0,0.13541666666666696,-0.0004797149122803005,0.001545152798443784,-0.041206261510128496,0.6598207843582063,-1.782817703742428,-4.395931307919825,-6.912892097030236,0.6018207843582064,-2.557317703742429,-5.410931307919825,-7.381392097030237,0.11485148514851486,0.10615405701754387,0.11555100182149362,0.10784990791896869
a7x3_F2_aggtrades_vol_compression_interaction_24_871ec7af4ccd,a7x3_F2_aggtrades_vol_compression_interaction_24_871ec7af4ccd,candidate,original,F2_aggtrades_vol_compression_interaction,"Mul(ZScore(TSMean(agg_flow_accel_4h_vs_24h,24)),Rank(Sub(realized_vol_12,realized_vol_24)))",24,480,7296,8750,4344,0.9504950495049505,1.0,0.9961293260473588,1.0,0.036458333333333696,0.03714364035087754,-0.014399999999999611,0.015193370165746213,0.07059745900731562,-6.609983146051393,1.2826995326697046,-2.310137263764443,0.0245974590073156,-7.355483146051394,0.3966995326697038,-2.7391372637644418,0.09108910891089109,0.10217927631578948,0.10086520947176685,0.09875690607734806
a7x3_F2_aggtrades_vol_compression_interaction_24_871ec7af4ccd__ctrl_row_shuffle_e4a337fb74f4,a7x3_F2_aggtrades_vol_compression_interaction_24_871ec7af4ccd,control,row_shuffle,F2_aggtrades_vol_compression_interaction,"Mul(ZScore(TSMean(agg_flow_accel_4h_vs_24h,24)),Rank(Sub(realized_vol_12,realized_vol_24)))",24,480,7296,8750,4344,0.9504950495049505,1.0,0.9961293260473588,1.0,0.039583333333333644,0.011307565789474072,-0.004342857142856767,-0.006560773480662604,-0.5443424237620862,-5.927779352376009,-5.207687215130575,-2.2745159974185407,-0.8678424237620861,-10.78927935237601,-11.003187215130575,-5.179515997418541,0.6405940594059406,0.6663240131578947,0.6597791438979964,0.6687384898710865
a7x3_F2_aggtrades_vol_compression_interaction_24_871ec7af4ccd__ctrl_sign_flip_df6653cd488e,a7x3_F2_aggtrades_vol_compression_interaction_24_871ec7af4ccd,control,sign_flip,F2_aggtrades_vol_compression_interaction,"Mul(ZScore(TSMean(agg_flow_accel_4h_vs_24h,24)),Rank(Sub(realized_vol_12,realized_vol_24)))",24,480,7296,8750,4344,0.9504950495049505,1.0,0.9961293260473588,1.0,-0.036458333333333,-0.03714364035087676,0.014400000000000357,-0.015193370165745486,-0.1625974590073157,5.1189831460513915,-3.0546995326697064,1.452137263764441,-0.20859745900731572,4.373483146051391,-3.9406995326697065,1.0231372637644411,0.09108910891089109,0.10217927631578948,0.10086520947176685,0.09875690607734806
a7x3_F2_aggtrades_vol_compression_interaction_24_871ec7af4ccd__ctrl_time_shuffle_d051d761bae4,a7x3_F2_aggtrades_vol_compression_interaction_24_871ec7af4ccd,control,time_shuffle,F2_aggtrades_vol_compression_interaction,"Mul(ZScore(TSMean(agg_flow_accel_4h_vs_24h,24)),Rank(Sub(realized_vol_12,realized_vol_24)))",24,478,7273,8760,4334,0.9465346534653465,0.9968475877192983,0.9972677595628415,0.9976979742173112,-0.023012552301254846,0.010655850405610177,-0.013527397260273596,-0.008306414397784569,-0.18899426639425215,-5.864227338438747,-5.009054418939622,-2.7933083566375734,-0.4904942663942522,-10.721227338438748,-10.823054418939623,-5.634808356637575,0.597029702970297,0.6657072368421053,0.6618852459016393,0.6541206261510129
a7x3_F2_aggtrades_vol_compression_interaction_24_871ec7af4ccd__ctrl_wrong_lag_0a56a1b8465d,a7x3_F2_aggtrades_vol_compression_interaction_24_871ec7af4ccd,control,wrong_lag,F2_aggtrades_vol_compression_interaction,"Mul(ZScore(TSMean(agg_flow_accel_4h_vs_24h,24)),Rank(Sub(realized_vol_12,realized_vol_24)))",24,480,7296,8726,4344,0.9504950495049505,1.0,0.9933970856102003,1.0,0.010416666666667133,0.0067845394736845924,-0.023378409351363344,0.026703499079190066,-0.4505681806627558,0.0197258132417355,0.852139541781086,-2.221722509268058,-0.4935681806627558,-0.726774186758266,-0.03236045821891431,-2.6502225092680582,0.08514851485148515,0.10231633771929824,0.10069444444444445,0.09864180478821363
a7x3_F2_aggtrades_vol_compression_interaction_24_a087c8060c8b,a7x3_F2_aggtrades_vol_compression_interaction_24_a087c8060c8b,candidate,original,F2_aggtrades_vol_compression_interaction,"Mul(ZScore(TSMean(agg_buy_notional_share,24)),Rank(SafeDiv(realized_vol_12,realized_vol_24)))",24,480,7296,8761,4344,0.9504950495049505,1.0,0.9973816029143898,1.0,0.1708333333333337,0.029468201754386424,0.0553589772856984,-0.0017265193370161198,0.4410774782783525,0.3166235115465865,3.9964259536104456,-1.9829596343202962,0.39107747827835243,-0.6583764884534151,2.7474259536104455,-2.607459634320297,0.09900990099009901,0.13363486842105263,0.1421903460837887,0.14376151012891344
a7x3_F2_aggtrades_vol_compression_interaction_24_a087c8060c8b__ctrl_row_shuffle_f52e23a14637,a7x3_F2_aggtrades_vol_compression_interaction_24_a087c8060c8b,control,row_shuffle,F2_aggtrades_vol_compression_interaction,"Mul(ZScore(TSMean(agg_buy_notional_share,24)),Rank(SafeDiv(realized_vol_12,realized_vol_24)))",24,480,7296,8761,4344,0.9504950495049505,1.0,0.9973816029143898,1.0,-0.0010416666666663115,0.0024671052631582858,-0.004337404405889376,-0.014272559852669972,-0.20862744931466035,-5.3245240372755465,-5.6472202589328955,-4.603689102552482,-0.5426274493146603,-10.171524037275546,-11.522220258932897,-7.483689102552484,0.6613861386138614,0.6643366228070176,0.6688296903460837,0.6629834254143646
a7x3_F2_aggtrades_vol_compression_interaction_24_a087c8060c8b__ctrl_sign_flip_9c5f088ec79a,a7x3_F2_aggtrades_vol_compression_interaction_24_a087c8060c8b,control,sign_flip,F2_aggtrades_vol_compression_interaction,"Mul(ZScore(TSMean(agg_buy_notional_share,24)),Rank(SafeDiv(realized_vol_12,realized_vol_24)))",24,480,7296,8761,4344,0.9504950495049505,1.0,0.9973816029143898,1.0,-0.17083333333333298,-0.02946820175438563,-0.05535897728569768,0.0017265193370168592,-0.5410774782783525,-2.266623511546587,-6.494425953610447,0.7339596343202954,-0.5910774782783526,-3.2416235115465875,-7.7434259536104495,0.10945963432029537,0.09900990099009901,0.13363486842105263,0.1421903460837887,0.14376151012891344
a7x3_F2_aggtrades_vol_compression_interaction_24_a087c8060c8b__ctrl_time_shuffle_95fd03693f19,a7x3_F2_aggtrades_vol_compression_interaction_24_a087c8060c8b,control,time_shuffle,F2_aggtrades_vol_compression_interaction,"Mul(ZScore(TSMean(agg_buy_notional_share,24)),Rank(SafeDiv(realized_vol_12,realized_vol_24)))",24,479,7281,8760,4336,0.9485148514851485,0.9979440789473685,0.9972677595628415,0.998158379373849,0.08455114822547008,0.024103831891224194,0.026769406392694466,0.02536900369003734,-0.30977229205966494,-4.37046190573298,-5.013617335511065,-3.67538287359163,-0.608272292059665,-8.94846190573298,-10.513117335511065,-6.439382873591631,0.5910891089108911,0.6274671052631579,0.6260815118397086,0.6362799263351749
a7x3_F2_aggtrades_vol_compression_interaction_24_a087c8060c8b__ctrl_wrong_lag_e1d2d18c9372,a7x3_F2_aggtrades_vol_compression_interaction_24_a087c8060c8b,control,wrong_lag,F2_aggtrades_vol_compression_interaction,"Mul(ZScore(TSMean(agg_buy_notional_share,24)),Rank(SafeDiv(realized_vol_12,realized_vol_24)))",24,480,7296,8737,4344,0.9504950495049505,1.0,0.9946493624772313,1.0,0.05625000000000043,-0.02090186403508724,0.05459539887833394,-0.03522099447513765,0.1271882255649593,-4.572553509727432,3.995811539245926,-7.608790352954009,0.07718822556495925,-5.552553509727433,2.750311539245926,-8.23029035295401,0.09900990099009901,0.13432017543859648,0.14179189435336975,0.1430709023941068
a7x3_F2_aggtrades_vol_compression_interaction_24_a1f0e18b9a23,a7x3_F2_aggtrades_vol_compression_interaction_24_a1f0e18b9a23,candidate,original,F2_aggtrades_vol_compression_interaction,"Mul(ZScore(TSMean(agg_buy_notional_share,24)),Rank(Sub(realized_vol_12,realized_vol_24)))",24,480,7296,8761,4344,0.9504950495049505,1.0,0.9973816029143898,1.0,0.1583333333333337,0.02789199561403556,0.05598675950234034,-0.0025322283609571943,0.3865380548485726,-0.15558469963589094,4.327434795904467,-1.7465063453864436,0.3390380548485726,-1.109084699635893,3.122434795904466,-2.3440063453864446,0.09405940594059406,0.13068804824561403,0.13718123861566484,0.13754604051565378
a7x3_F2_aggtrades_vol_compression_interaction_24_a1f0e18b9a23__ctrl_row_shuffle_699ec02d2bea,a7x3_F2_aggtrades_vol_compression_interaction_24_a1f0e18b9a23,control,row_shuffle,F2_aggtrades_vol_compression_interaction,"Mul(ZScore(TSMean(agg_buy_notional_share,24)),Rank(Sub(realized_vol_12,realized_vol_24)))",24,480,7296,8761,4344,0.9504950495049505,1.0,0.9973816029143898,1.0,0.012500000000000308,-0.008155153508771528,0.004793973290720597,-0.007136279926334802,-0.07993357439189147,-5.896746527421985,-5.845861488490897,-5.075105156960969,-0.4024335743918914,-10.767746527421986,-11.6873614884909,-7.989105156960971,0.6386138613861386,0.6676260964912281,0.6650159380692168,0.6708103130755064
a7x3_F2_aggtrades_vol_compression_interaction_24_a1f0e18b9a23__ctrl_sign_flip_d6fd94c9b635,a7x3_F2_aggtrades_vol_compression_interaction_24_a1f0e18b9a23,control,sign_flip,F2_aggtrades_vol_compression_interaction,"Mul(ZScore(TSMean(agg_buy_notional_share,24)),Rank(Sub(realized_vol_12,realized_vol_24)))",24,480,7296,8761,4344,0.9504950495049505,1.0,0.9973816029143898,1.0,-0.15833333333333297,-0.027891995614034753,-0.055986759502339604,0.0025322283609579108,-0.4815380548485727,-1.7514153003641098,-6.73743479590447,0.551506345386443,-0.5290380548485727,-2.7049153003641107,-7.94243479590447,-0.04599365461355753,0.09405940594059406,0.13068804824561403,0.13718123861566484,0.13754604051565378
a7x3_F2_aggtrades_vol_compression_interaction_24_a1f0e18b9a23__ctrl_time_shuffle_f4c63b63c291,a7x3_F2_aggtrades_vol_compression_interaction_24_a1f0e18b9a23,control,time_shuffle,F2_aggtrades_vol_compression_interaction,"Mul(ZScore(TSMean(agg_buy_notional_share,24)),Rank(Sub(realized_vol_12,realized_vol_24)))",24,480,7281,8763,4332,0.9504950495049505,0.9979440789473685,0.9976092896174863,0.9972375690607734,-0.005208333333332908,0.03522867737948129,0.02002738788086313,0.028624192059095523,-0.6328171167105899,-3.648721154510496,-6.023116330141819,-2.8336440962845337,-0.94031711671059,-8.254221154510496,-11.582616330141821,-5.534144096284535,0.6089108910891089,0.6312362938596491,0.6329121129326047,0.6216620626151013
a7x3_F2_aggtrades_vol_compression_interaction_24_a1f0e18b9a23__ctrl_wrong_lag_270d9a07027e,a7x3_F2_aggtrades_vol_compression_interaction_24_a1f0e18b9a23,control,wrong_lag,F2_aggtrades_vol_compression_interaction,"Mul(ZScore(TSMean(agg_buy_notional_share,24)),Rank(Sub(realized_vol_12,realized_vol_24)))",24,480,7296,8737,4344,0.9504950495049505,1.0,0.9946493624772313,1.0,0.06041666666666708,-0.017475328947367946,0.05516767769257223,-0.03441528545119658,0.15225108786669556,-4.525829548876346,3.7328985297791766,-7.367596612657666,0.10475108786669557,-5.484329548876348,2.530398529779176,-7.961096612657666,0.09405940594059406,0.13137335526315788,0.13689663023679416,0.13662523020257827
a7x3_F2_aggtrades_vol_compression_interaction_24_a64267115b90,a7x3_F2_aggtrades_vol_compression_interaction_24_a64267115b90,candidate,original,F2_aggtrades_vol_compression_interaction,"Mul(ZScore(TSMean(agg_buy_notional_share,12)),Rank(SafeDiv(realized_vol_12,realized_vol_24)))",24,480,7296,8772,4344,0.9504950495049505,1.0,0.9986338797814208,1.0,0.13541666666666702,0.03364857456140394,0.013223894208846718,-0.005179558011049269,0.17912501052148727,1.7855023605301559,-0.7964900788404297,-1.1996646004324933,0.09362501052148721,0.3855023605301553,-2.535990078840431,-2.0686646004324944,0.16930693069306932,0.19188596491228072,0.19803051001821492,0.20004604051565378
a7x3_F2_aggtrades_vol_compression_interaction_24_a64267115b90__ctrl_row_shuffle_9a13c9ca8b6e,a7x3_F2_aggtrades_vol_compression_interaction_24_a64267115b90,control,row_shuffle,F2_aggtrades_vol_compression_interaction,"Mul(ZScore(TSMean(agg_buy_notional_share,12)),Rank(SafeDiv(realized_vol_12,realized_vol_24)))",24,480,7296,8772,4344,0.9504950495049505,1.0,0.9986338797814208,1.0,0.02395833333333368,0.0022615131578951272,0.0033059735522119418,0.014387661141805149,-0.2189059743624866,-4.684820570684451,-3.790286875884092,-2.68782789025311,-0.5429059743624867,-9.511820570684453,-9.638786875884094,-5.57782789025311,0.6415841584158416,0.6615953947368421,0.6658128415300546,0.6652854511970534
a7x3_F2_aggtrades_vol_compression_interaction_24_a64267115b90__ctrl_sign_flip_fb155bcb8ba0,a7x3_F2_aggtrades_vol_compression_interaction_24_a64267115b90,control,sign_flip,F2_aggtrades_vol_compression_interaction,"Mul(ZScore(TSMean(agg_buy_notional_share,12)),Rank(SafeDiv(realized_vol_12,realized_vol_24)))",24,480,7296,8772,4344,0.9504950495049505,1.0,0.9986338797814208,1.0,-0.13541666666666638,-0.03364857456140316,-0.013223894208846013,0.00517955801105,-0.3501250105214874,-4.585502360530159,-2.682509921159575,-0.5383353995675082,-0.4356250105214875,-5.985502360530159,-4.422009921159575,-1.407335399567509,0.16930693069306932,0.19188596491228072,0.19803051001821492,0.20004604051565378
a7x3_F2_aggtrades_vol_compression_interaction_24_a64267115b90__ctrl_time_shuffle_dd2f9edfb0b9,a7x3_F2_aggtrades_vol_compression_interaction_24_a64267115b90,control,time_shuffle,F2_aggtrades_vol_compression_interaction,"Mul(ZScore(TSMean(agg_buy_notional_share,12)),Rank(SafeDiv(realized_vol_12,realized_vol_24)))",24,479,7282,8770,4336,0.9485148514851485,0.9980811403508771,0.9984061930783242,0.998158379373849,-0.020876826722337784,0.024718483932985886,0.027993158494869257,0.025138376383764267,-0.49298931299541243,-2.662734521794498,-4.652998217252813,-1.8579168258146361,-0.7874893129954126,-7.345734521794499,-10.302498217252815,-4.697916825814637,0.5831683168316831,0.641858552631579,0.643158014571949,0.6537753222836096
a7x3_F2_aggtrades_vol_compression_interaction_24_a64267115b90__ctrl_wrong_lag_bdeca739419a,a7x3_F2_aggtrades_vol_compression_interaction_24_a64267115b90,control,wrong_lag,F2_aggtrades_vol_compression_interaction,"Mul(ZScore(TSMean(agg_buy_notional_share,12)),Rank(SafeDiv(realized_vol_12,realized_vol_24)))",24,480,7296,8748,4344,0.9504950495049505,1.0,0.9959016393442623,1.0,0.13229166666666697,0.012746710526316232,0.03132144490169222,-0.011740331491712292,0.45558632436559776,-2.437801763336894,1.7865610828224696,-4.580990045227526,0.3745863243655977,-3.841301763336895,0.05006108282246946,-5.448490045227527,0.1603960396039604,0.1923656798245614,0.19768897996357013,0.19970073664825047
a7x3_F2_aggtrades_vol_compression_interaction_24_c57923efa163,a7x3_F2_aggtrades_vol_compression_interaction_24_c57923efa163,candidate,original,F2_aggtrades_vol_compression_interaction,"Mul(ZScore(TSMean(agg_flow_accel_4h_vs_24h,12)),Rank(Sub(realized_vol_12,realized_vol_24)))",24,480,7296,8762,4344,0.9504950495049505,1.0,0.9974954462659381,1.0,-0.013541666666666246,0.01774945175438633,-0.021056836338735084,-0.0016114180478817453,0.31727442835486996,-5.0118919011742085,1.461438418829882,-1.9110271177917726,0.2607744283548699,-5.96589190117421,0.3609384188298812,-2.4530271177917733,0.11188118811881188,0.13075657894736842,0.12528460837887068,0.12476979742173112
a7x3_F2_aggtrades_vol_compression_interaction_24_c57923efa163__ctrl_row_shuffle_90571a945a34,a7x3_F2_aggtrades_vol_compression_interaction_24_c57923efa163,control,row_shuffle,F2_aggtrades_vol_compression_interaction,"Mul(ZScore(TSMean(agg_flow_accel_4h_vs_24h,12)),Rank(Sub(realized_vol_12,realized_vol_24)))",24,480,7296,8762,4344,0.9504950495049505,1.0,0.9974954462659381,1.0,0.0020833333333336885,0.0006167763157898725,-0.0024537776763292325,0.01968232044198931,-0.22300013294590915,-4.5262859355771266,-5.897786701356276,-3.0475244506124692,-0.5375001329459093,-9.436785935577127,-11.750786701356278,-5.88102445061247,0.6227722772277228,0.6730400219298246,0.6663251366120219,0.6522790055248618
a7x3_F2_aggtrades_vol_compression_interaction_24_c57923efa163__ctrl_sign_flip_f93e546da80c,a7x3_F2_aggtrades_vol_compression_interaction_24_c57923efa163,control,sign_flip,F2_aggtrades_vol_compression_interaction,"Mul(ZScore(TSMean(agg_flow_accel_4h_vs_24h,12)),Rank(Sub(realized_vol_12,realized_vol_24)))",24,480,7296,8762,4344,0.9504950495049505,1.0,0.9974954462659381,1.0,0.01354166666666701,-0.017749451754385574,0.02105683633873578,0.001611418047882461,-0.43027442835487006,3.1038919011742063,-3.662438418829885,0.827027117791772,-0.48677442835487006,2.1498919011742066,-4.762938418829885,0.28502711779177137,0.11188118811881188,0.13075657894736842,0.12528460837887068,0.12476979742173112
a7x3_F2_aggtrades_vol_compression_interaction_24_c57923efa163__ctrl_time_shuffle_589b4bc78489,a7x3_F2_aggtrades_vol_compression_interaction_24_c57923efa163,control,time_shuffle,F2_aggtrades_vol_compression_interaction,"Mul(ZScore(TSMean(agg_flow_accel_4h_vs_24h,12)),Rank(Sub(realized_vol_12,realized_vol_24)))",24,480,7285,8761,4331,0.9504950495049505,0.9984923245614035,0.9973816029143898,0.9970073664825047,-0.012499999999999628,0.0012354152367883046,-0.008047026595137166,-0.006926806742091511,-0.4110177487833238,-5.1300620627955,-6.567818470077576,-1.8407969026224222,-0.7340177487833239,-9.996062062795502,-12.49631847007758,-4.694296902622423,0.6396039603960396,0.6669407894736842,0.6749203096539163,0.6568830570902394
a7x3_F2_aggtrades_vol_compression_interaction_24_c57923efa163__ctrl_wrong_lag_82688bdf5ab2,a7x3_F2_aggtrades_vol_compression_interaction_24_c57923efa163,control,wrong_lag,F2_aggtrades_vol_compression_interaction,"Mul(ZScore(TSMean(agg_flow_accel_4h_vs_24h,12)),Rank(Sub(realized_vol_12,realized_vol_24)))",24,480,7296,8738,4344,0.9504950495049505,1.0,0.9947632058287796,1.0,0.07395833333333351,0.0008908991228073954,-0.027981231403066666,0.029926335174954306,-0.533809644647318,0.038893182766136736,1.3575311323626078,-2.723803791929736,-0.5888096446473181,-0.916606817233864,0.26003113236260633,-3.264303791929735,0.10891089108910891,0.13096217105263158,0.12494307832422587,0.1244244935543278
a7x3_F2_aggtrades_vol_compression_interaction_24_d2ba983daac5,a7x3_F2_aggtrades_vol_compression_interaction_24_d2ba983daac5,candidate,original,F2_aggtrades_vol_compression_interaction,"Mul(ZScore(TSMean(agg_avg_trade_notional_24h,24)),Rank(Sub(realized_vol_12,realized_vol_24)))",24,480,7296,8750,4344,0.9504950495049505,1.0,0.9961293260473588,1.0,0.0500000000000005,0.025356359649123295,0.0986285714285719,0.0900092081031312,-0.6795483415397077,-0.8040651639154188,-0.021892053299971348,5.309078125503463,-0.6930483415397077,-1.1170651639154192,-0.1128920532999711,5.166578125503463,0.026732673267326732,0.04290021929824561,0.010359744990892532,0.03280386740331492
a7x3_F2_aggtrades_vol_compression_interaction_24_d2ba983daac5__ctrl_row_shuffle_eb6e7911bb9f,a7x3_F2_aggtrades_vol_compression_interaction_24_d2ba983daac5,control,row_shuffle,F2_aggtrades_vol_compression_interaction,"Mul(ZScore(TSMean(agg_avg_trade_notional_24h,24)),Rank(Sub(realized_vol_12,realized_vol_24)))",24,480,7296,8750,4344,0.9504950495049505,1.0,0.9961293260473588,1.0,-0.03437499999999966,-0.0015762061403505052,-0.0016571428571424917,0.005870165745856723,-0.4708719609931581,-3.9094989510077323,-5.653037040928413,-2.0317148267082965,-0.799371960993158,-8.784498951007732,-11.453037040928415,-4.929714826708297,0.6504950495049505,0.6681743421052632,0.6602914389799636,0.6671270718232044
a7x3_F2_aggtrades_vol_compression_interaction_24_d2ba983daac5__ctrl_sign_flip_fac7c4b82578,a7x3_F2_aggtrades_vol_compression_interaction_24_d2ba983daac5,control,sign_flip,F2_aggtrades_vol_compression_interaction,"Mul(ZScore(TSMean(agg_avg_trade_notional_24h,24)),Rank(Sub(realized_vol_12,realized_vol_24)))",24,480,7296,8750,4344,0.9504950495049505,1.0,0.9961293260473588,1.0,-0.04999999999999982,-0.02535635964912251,-0.0986285714285712,-0.09000920810313036,0.6525483415397075,0.1780651639154187,-0.1601079467000286,-5.594078125503463,0.6390483415397075,-0.1349348360845819,-0.2511079467000288,-5.736578125503463,0.026732673267326732,0.04290021929824561,0.010359744990892532,0.03280386740331492
a7x3_F2_aggtrades_vol_compression_interaction_24_d2ba983daac5__ctrl_time_shuffle_4fd8c5f4ba3d,a7x3_F2_aggtrades_vol_compression_interaction_24_d2ba983daac5,control,time_shuffle,F2_aggtrades_vol_compression_interaction,"Mul(ZScore(TSMean(agg_avg_trade_notional_24h,24)),Rank(Sub(realized_vol_12,realized_vol_24)))",24,479,7279,8759,4328,0.9485148514851485,0.9976699561403509,0.9971539162112932,0.996316758747698,0.11586638830897739,0.05193021019370847,0.09293298321726264,0.07855822550831842,0.057326069594864026,-3.109314256374975,-1.9568659888148243,1.343195275089438,-0.10767393040513601,-5.385814256374975,-4.707365988814828,-0.007804724910563499,0.32673267326732675,0.3120202850877193,0.3131261384335155,0.3110036832412523
a7x3_F2_aggtrades_vol_compression_interaction_24_d2ba983daac5__ctrl_wrong_lag_4421ab84aae2,a7x3_F2_aggtrades_vol_compression_interaction_24_d2ba983daac5,control,wrong_lag,F2_aggtrades_vol_compression_interaction,"Mul(ZScore(TSMean(agg_avg_trade_notional_24h,24)),Rank(Sub(realized_vol_12,realized_vol_24)))",24,480,7296,8726,4344,0.9504950495049505,1.0,0.9933970856102003,1.0,0.09687500000000046,0.017064144736842604,0.0945450378180156,0.0954189686924498,-0.6210334667093325,-2.558313822039027,-1.283661187114085,5.777206718614277,-0.6310334667093326,-2.8718138220390266,-1.3746611871140852,5.635706718614276,0.019801980198019802,0.04296875,0.010359744990892532,0.03257366482504604
a7x3_F2_aggtrades_vol_compression_interaction_24_e3bf5c174d20,a7x3_F2_aggtrades_vol_compression_interaction_24_e3bf5c174d20,candidate,original,F2_aggtrades_vol_compression_interaction,"Mul(ZScore(TSMean(agg_flow_accel_4h_vs_24h,12)),Rank(SafeDiv(realized_vol_12,realized_vol_24)))",24,480,7296,8762,4344,0.9504950495049505,1.0,0.9974954462659381,1.0,-0.004166666666666267,0.025082236842105636,-0.020486190367495643,0.001956721915285834,0.2680701251811421,-5.679910623658767,0.7855565089918919,-2.3291508367287355,0.21207012518114207,-6.622410623658768,-0.30294349100810936,-2.8936508367287352,0.11089108910891089,0.12918037280701755,0.12391848816029144,0.12994935543278086
a7x3_F2_aggtrades_vol_compression_interaction_24_e3bf5c174d20__ctrl_row_shuffle_0569655f48f6,a7x3_F2_aggtrades_vol_compression_interaction_24_e3bf5c174d20,control,row_shuffle,F2_aggtrades_vol_compression_interaction,"Mul(ZScore(TSMean(agg_flow_accel_4h_vs_24h,12)),Rank(SafeDiv(realized_vol_12,realized_vol_24)))",24,480,7296,8762,4344,0.9504950495049505,1.0,0.9974954462659381,1.0,-0.03541666666666634,-0.020079495614034687,-0.01586395800045614,-0.005985267034990398,-0.3123076096597999,-3.15770456745262,-3.3049743789437684,-2.5719060738276296,-0.6278076096598,-8.087204567452622,-9.11397437894377,-5.46940607382763,0.6247524752475248,0.6756441885964912,0.661316029143898,0.66701197053407
a7x3_F2_aggtrades_vol_compression_interaction_24_e3bf5c174d20__ctrl_sign_flip_9d39b6dfe788,a7x3_F2_aggtrades_vol_compression_interaction_24_e3bf5c174d20,control,sign_flip,F2_aggtrades_vol_compression_interaction,"Mul(ZScore(TSMean(agg_flow_accel_4h_vs_24h,12)),Rank(SafeDiv(realized_vol_12,realized_vol_24)))",24,480,7296,8762,4344,0.9504950495049505,1.0,0.9974954462659381,1.0,0.004166666666667052,-0.025082236842104873,0.020486190367496354,-0.0019567219152851283,-0.3800701251811422,3.794910623658765,-2.962556508991894,1.2001508367287341,-0.4360701251811422,2.8524106236587636,-4.051056508991895,0.6356508367287335,0.11089108910891089,0.12918037280701755,0.12391848816029144,0.12994935543278086
a7x3_F2_aggtrades_vol_compression_interaction_24_e3bf5c174d20__ctrl_time_shuffle_567b0d1be9e8,a7x3_F2_aggtrades_vol_compression_interaction_24_e3bf5c174d20,control,time_shuffle,F2_aggtrades_vol_compression_interaction,"Mul(ZScore(TSMean(agg_flow_accel_4h_vs_24h,12)),Rank(SafeDiv(realized_vol_12,realized_vol_24)))",24,477,7279,8761,4340,0.9445544554455445,0.9976699561403509,0.9973816029143898,0.9990791896869244,-0.04821802935010443,0.00460228053304064,-0.0179203287295967,-0.0054147465437784205,-0.0935020770117713,-6.048115661529158,-4.954494865365497,-2.921876425883312,-0.41300207701177133,-10.914115661529157,-10.767494865365498,-5.818376425883313,0.6326732673267327,0.6669407894736842,0.661771402550091,0.6667817679558011
a7x3_F2_aggtrades_vol_compression_interaction_24_e3bf5c174d20__ctrl_wrong_lag_47470a587909,a7x3_F2_aggtrades_vol_compression_interaction_24_e3bf5c174d20,control,wrong_lag,F2_aggtrades_vol_compression_interaction,"Mul(ZScore(TSMean(agg_flow_accel_4h_vs_24h,12)),Rank(SafeDiv(realized_vol_12,realized_vol_24)))",24,480,7296,8738,4344,0.9504950495049505,1.0,0.9947632058287796,1.0,0.08958333333333351,-0.002672697368420675,-0.03038452735179636,0.02290515653775357,-0.5977532510733108,0.1471110629417891,1.898974252415035,-2.348870866003323,-0.6522532510733108,-0.7973889370582117,0.8124742524150341,-2.910370866003324,0.10792079207920792,0.12945449561403508,0.1236908014571949,0.1292587476979742
a7x3_F2_aggtrades_vol_compression_interaction_24_e3ca172e31dc,a7x3_F2_aggtrades_vol_compression_interaction_24_e3ca172e31dc,candidate,original,F2_aggtrades_vol_compression_interaction,"Mul(ZScore(TSMean(agg_flow_imbalance_notional,24)),Rank(Sub(realized_vol_12,realized_vol_24)))",24,480,7296,8761,4344,0.9504950495049505,1.0,0.9973816029143898,1.0,0.1583333333333337,0.02789199561403556,0.05598675950234034,-0.0025322283609571943,0.3865380548485726,-0.15558469963589094,4.327434795904467,-1.7465063453864436,0.3390380548485726,-1.109084699635893,3.122434795904466,-2.3440063453864446,0.09405940594059406,0.13068804824561403,0.13718123861566484,0.13754604051565378
a7x3_F2_aggtrades_vol_compression_interaction_24_e3ca172e31dc__ctrl_row_shuffle_e39fd229c256,a7x3_F2_aggtrades_vol_compression_interaction_24_e3ca172e31dc,control,row_shuffle,F2_aggtrades_vol_compression_interaction,"Mul(ZScore(TSMean(agg_flow_imbalance_notional,24)),Rank(Sub(realized_vol_12,realized_vol_24)))",24,480,7296,8761,4344,0.9504950495049505,1.0,0.9973816029143898,1.0,0.029166666666666976,-0.0009594298245610203,0.018947608720466046,0.011164825046040869,-0.18281131808963355,-4.3090911953138455,-3.8038246963655435,-3.2470592270590526,-0.4933113180896335,-9.217591195313847,-9.655324696365545,-6.1380592270590535,0.6148514851485148,0.672765899122807,0.6661543715846995,0.6655156537753223
a7x3_F2_aggtrades_vol_compression_interaction_24_e3ca172e31dc__ctrl_sign_flip_1dcade15ab55,a7x3_F2_aggtrades_vol_compression_interaction_24_e3ca172e31dc,control,sign_flip,F2_aggtrades_vol_compression_interaction,"Mul(ZScore(TSMean(agg_flow_imbalance_notional,24)),Rank(Sub(realized_vol_12,realized_vol_24)))",24,480,7296,8761,4344,0.9504950495049505,1.0,0.9973816029143898,1.0,-0.15833333333333297,-0.027891995614034753,-0.055986759502339604,0.0025322283609579108,-0.4815380548485727,-1.7514153003641098,-6.73743479590447,0.551506345386443,-0.5290380548485727,-2.7049153003641107,-7.94243479590447,-0.04599365461355753,0.09405940594059406,0.13068804824561403,0.13718123861566484,0.13754604051565378
a7x3_F2_aggtrades_vol_compression_interaction_24_e3ca172e31dc__ctrl_time_shuffle_66657f950437,a7x3_F2_aggtrades_vol_compression_interaction_24_e3ca172e31dc,control,time_shuffle,F2_aggtrades_vol_compression_interaction,"Mul(ZScore(TSMean(agg_flow_imbalance_notional,24)),Rank(Sub(realized_vol_12,realized_vol_24)))",24,478,7276,8767,4335,0.9465346534653465,0.9972587719298246,0.9980646630236795,0.9979281767955801,0.03556485355648567,0.017317207256734937,0.03125356450325122,0.03044982698961981,-0.3284308384376412,-5.2808374710137835,-4.490176643129999,-1.4294754959620843,-0.625430838437641,-9.864837471013784,-9.99867664313,-4.1944754959620845,0.5881188118811881,0.6282894736842105,0.627106102003643,0.6365101289134438
a7x3_F2_aggtrades_vol_compression_interaction_24_e3ca172e31dc__ctrl_wrong_lag_7d38f1e3cde3,a7x3_F2_aggtrades_vol_compression_interaction_24_e3ca172e31dc,control,wrong_lag,F2_aggtrades_vol_compression_interaction,"Mul(ZScore(TSMean(agg_flow_imbalance_notional,24)),Rank(Sub(realized_vol_12,realized_vol_24)))",24,480,7296,8737,4344,0.9504950495049505,1.0,0.9946493624772313,1.0,0.06041666666666708,-0.017475328947367946,0.05516767769257223,-0.03441528545119658,0.15225108786669556,-4.525829548876346,3.7328985297791766,-7.367596612657666,0.10475108786669557,-5.484329548876348,2.530398529779176,-7.961096612657666,0.09405940594059406,0.13137335526315788,0.13689663023679416,0.13662523020257827
a7x3_F2_aggtrades_vol_compression_interaction_24_e5027a0a3cc7,a7x3_F2_aggtrades_vol_compression_interaction_24_e5027a0a3cc7,candidate,original,F2_aggtrades_vol_compression_interaction,"Mul(ZScore(TSMean(agg_cross_symbol_signed_flow_share,12)),Rank(Sub(realized_vol_12,realized_vol_24)))",24,480,7296,8772,4344,0.9504950495049505,1.0,0.9986338797814208,1.0,0.007291666666667137,0.021381578947368828,0.012197902416781056,0.013351749539595233,-0.2462971301597215,1.061599290806112,2.0851705289315494,-2.2132797271982447,-0.3222971301597215,-0.07740070919388886,0.5821705289315482,-2.919279727198246,0.1504950495049505,0.15611293859649122,0.1711065573770492,0.1625230202578269
a7x3_F2_aggtrades_vol_compression_interaction_24_e5027a0a3cc7__ctrl_row_shuffle_36b025de1ab9,a7x3_F2_aggtrades_vol_compression_interaction_24_e5027a0a3cc7,control,row_shuffle,F2_aggtrades_vol_compression_interaction,"Mul(ZScore(TSMean(agg_cross_symbol_signed_flow_share,12)),Rank(Sub(realized_vol_12,realized_vol_24)))",24,480,7296,8772,4344,0.9504950495049505,1.0,0.9986338797814208,1.0,0.026041666666666977,0.006441885964912675,-0.0037619699042404,0.0027624309392268913,-0.2794828530809841,-5.024927206166709,-7.293364136631629,-2.776938985381957,-0.598982853080984,-9.91642720616671,-13.13586413663163,-5.6714389853819585,0.6326732673267327,0.6704358552631579,0.6651297814207651,0.6663213627992634
a7x3_F2_aggtrades_vol_compression_interaction_24_e5027a0a3cc7__ctrl_sign_flip_3b00fe702b46,a7x3_F2_aggtrades_vol_compression_interaction_24_e5027a0a3cc7,control,sign_flip,F2_aggtrades_vol_compression_interaction,"Mul(ZScore(TSMean(agg_cross_symbol_signed_flow_share,12)),Rank(Sub(realized_vol_12,realized_vol_24)))",24,480,7296,8772,4344,0.9504950495049505,1.0,0.9986338797814208,1.0,-0.007291666666666334,-0.021381578947368002,-0.012197902416780268,-0.013351749539594438,0.09429713015972135,-3.339599290806114,-5.091170528931553,0.8012797271982444,0.018297130159721356,-4.478599290806115,-6.594170528931553,0.09527972719824351,0.1504950495049505,0.15611293859649122,0.1711065573770492,0.1625230202578269
a7x3_F2_aggtrades_vol_compression_interaction_24_e5027a0a3cc7__ctrl_time_shuffle_f75af1e1871d,a7x3_F2_aggtrades_vol_compression_interaction_24_e5027a0a3cc7,control,time_shuffle,F2_aggtrades_vol_compression_interaction,"Mul(ZScore(TSMean(agg_cross_symbol_signed_flow_share,12)),Rank(Sub(realized_vol_12,realized_vol_24)))",24,479,7280,8771,4337,0.9485148514851485,0.9978070175438597,0.9985200364298725,0.9983885819521179,0.016701461377870944,0.016689560439560852,0.011059172272261246,0.012105141803090089,-0.24309036981733162,-2.873935239307369,-5.419135891314827,-1.7593337764726757,-0.5480903698173315,-7.61643523930737,-11.11163589131483,-4.5968337764726765,0.6039603960396039,0.6500137061403509,0.6480532786885246,0.6531998158379374
a7x3_F2_aggtrades_vol_compression_interaction_24_e5027a0a3cc7__ctrl_wrong_lag_8b402109611d,a7x3_F2_aggtrades_vol_compression_interaction_24_e5027a0a3cc7,control,wrong_lag,F2_aggtrades_vol_compression_interaction,"Mul(ZScore(TSMean(agg_cross_symbol_signed_flow_share,12)),Rank(Sub(realized_vol_12,realized_vol_24)))",24,480,7296,8748,4344,0.9504950495049505,1.0,0.9959016393442623,1.0,0.07708333333333361,0.010074013157895119,0.011716963877458087,-0.032113259668507865,0.3409609975637502,-1.4646090517846964,-0.4641246612765004,-5.448335029802657,0.2669609975637502,-2.608109051784697,-1.9646246612765017,-6.151335029802658,0.14653465346534653,0.15672971491228072,0.1708219489981785,0.16183241252302025
a7x3_F2_aggtrades_vol_compression_interaction_24_f6559a0e2a7e,a7x3_F2_aggtrades_vol_compression_interaction_24_f6559a0e2a7e,candidate,original,F2_aggtrades_vol_compression_interaction,"Mul(ZScore(TSMean(agg_flow_accel_4h_vs_24h,24)),Rank(SafeDiv(realized_vol_12,realized_vol_24)))",24,480,7296,8750,4344,0.9504950495049505,1.0,0.9961293260473588,1.0,0.03229166666666705,0.040844298245614384,-0.015771428571428183,0.019106813996317112,0.10948222282008341,-6.69304248970874,1.5764601645444172,-2.732834789788555,0.06048222282008338,-7.469542489708741,0.6919601645444162,-3.1728347897885554,0.09702970297029703,0.1064281798245614,0.10069444444444445,0.10128913443830571
a7x3_F2_aggtrades_vol_compression_interaction_24_f6559a0e2a7e__ctrl_row_shuffle_70965ce7e9b1,a7x3_F2_aggtrades_vol_compression_interaction_24_f6559a0e2a7e,control,row_shuffle,F2_aggtrades_vol_compression_interaction,"Mul(ZScore(TSMean(agg_flow_accel_4h_vs_24h,24)),Rank(SafeDiv(realized_vol_12,realized_vol_24)))",24,480,7296,8750,4344,0.9504950495049505,1.0,0.9961293260473588,1.0,0.036458333333333565,-0.01377467105263118,-0.0034857142857139104,-0.010128913443830188,-0.5471841566935242,-4.226752015160239,-6.450161790309987,-2.572514742467837,-0.8621841566935242,-9.107752015160239,-12.30266179030999,-5.466014742467838,0.6237623762376238,0.6689967105263158,0.6662682149362478,0.6660911602209945
a7x3_F2_aggtrades_vol_compression_interaction_24_f6559a0e2a7e__ctrl_sign_flip_01d3bd0b8a47,a7x3_F2_aggtrades_vol_compression_interaction_24_f6559a0e2a7e,control,sign_flip,F2_aggtrades_vol_compression_interaction,"Mul(ZScore(TSMean(agg_flow_accel_4h_vs_24h,24)),Rank(SafeDiv(realized_vol_12,realized_vol_24)))",24,480,7296,8750,4344,0.9504950495049505,1.0,0.9961293260473588,1.0,-0.03229166666666635,-0.0408442982456136,0.015771428571428926,-0.019106813996316387,-0.2074822228200835,5.140042489708739,-3.34546016454442,1.852834789788554,-0.25648222282008354,4.363542489708738,-4.22996016454442,1.4128347897885534,0.09702970297029703,0.1064281798245614,0.10069444444444445,0.10128913443830571
a7x3_F2_aggtrades_vol_compression_interaction_24_f6559a0e2a7e__ctrl_time_shuffle_77644f4e45e7,a7x3_F2_aggtrades_vol_compression_interaction_24_f6559a0e2a7e,control,time_shuffle,F2_aggtrades_vol_compression_interaction,"Mul(ZScore(TSMean(agg_flow_accel_4h_vs_24h,24)),Rank(SafeDiv(realized_vol_12,realized_vol_24)))",24,480,7272,8761,4332,0.9504950495049505,0.9967105263157895,0.9973816029143898,0.9972375690607734,0.02395833333333365,-0.0072882288228819,0.013126355438877206,-0.0006925207756228767,-0.4055696686769441,-5.206546618450286,-9.039321910880636,-3.6531494827898787,-0.7385696686769441,-10.037546618450286,-14.863821910880638,-6.510149482789879,0.6594059405940594,0.6621436403508771,0.6630806010928961,0.6576887661141805
a7x3_F2_aggtrades_vol_compression_interaction_24_f6559a0e2a7e__ctrl_wrong_lag_54b9ad7d827d,a7x3_F2_aggtrades_vol_compression_interaction_24_f6559a0e2a7e,control,wrong_lag,F2_aggtrades_vol_compression_interaction,"Mul(ZScore(TSMean(agg_flow_accel_4h_vs_24h,24)),Rank(SafeDiv(realized_vol_12,realized_vol_24)))",24,480,7296,8726,4344,0.9504950495049505,1.0,0.9933970856102003,1.0,0.018750000000000464,0.00712719298245651,-0.0280770112308041,0.028084714548803322,-0.4495953268932931,-0.20966385982164315,1.1455119760649222,-2.3042314514977353,-0.49559532689329316,-0.9871638598216443,0.2635119760649207,-2.744731451497734,0.09108910891089109,0.10656524122807018,0.10040983606557377,0.10140423572744015
a7x3_F2_aggtrades_vol_compression_interaction_24_fa70aab482d1,a7x3_F2_aggtrades_vol_compression_interaction_24_fa70aab482d1,candidate,original,F2_aggtrades_vol_compression_interaction,"Mul(ZScore(TSMean(agg_avg_trade_notional_24h,12)),Rank(SafeDiv(realized_vol_12,realized_vol_24)))",24,480,7296,8762,4344,0.9504950495049505,1.0,0.9974954462659381,1.0,0.05208333333333382,0.029262609649123285,0.0979228486646889,0.09081491712707225,-0.626012636247363,-1.1158068123670142,-0.18694026802423247,5.330733204674795,-0.6385126362473632,-1.4428068123670141,-0.28094026802423255,5.144233204674794,0.024752475247524754,0.04481907894736842,0.010701275045537341,0.04293278084714549
a7x3_F2_aggtrades_vol_compression_interaction_24_fa70aab482d1__ctrl_row_shuffle_7822570c5349,a7x3_F2_aggtrades_vol_compression_interaction_24_fa70aab482d1,control,row_shuffle,F2_aggtrades_vol_compression_interaction,"Mul(ZScore(TSMean(agg_avg_trade_notional_24h,12)),Rank(SafeDiv(realized_vol_12,realized_vol_24)))",24,480,7296,8762,4344,0.9504950495049505,1.0,0.9974954462659381,1.0,0.011458333333333666,-0.007675438596490855,0.0009130335539834771,-0.0004604051565373942,-0.23852930774818842,-5.214747609055278,-7.670633541783485,-3.127986054484287,-0.5535293077481885,-10.032247609055279,-13.554133541783486,-6.046486054484288,0.6237623762376238,0.6602933114035088,0.6697973588342441,0.6718462246777164
a7x3_F2_aggtrades_vol_compression_interaction_24_fa70aab482d1__ctrl_sign_flip_748f5c55ad36,a7x3_F2_aggtrades_vol_compression_interaction_24_fa70aab482d1,control,sign_flip,F2_aggtrades_vol_compression_interaction,"Mul(ZScore(TSMean(agg_avg_trade_notional_24h,12)),Rank(SafeDiv(realized_vol_12,realized_vol_24)))",24,480,7296,8762,4344,0.9504950495049505,1.0,0.9974954462659381,1.0,-0.05208333333333317,-0.02926260964912251,-0.0979228486646882,-0.09081491712707143,0.6010126362473633,0.46180681236701404,-0.001059731975767697,-5.703733204674795,0.5885126362473632,0.13480681236701297,-0.09505973197576845,-5.890233204674796,0.024752475247524754,0.04481907894736842,0.010701275045537341,0.04293278084714549
a7x3_F2_aggtrades_vol_compression_interaction_24_fa70aab482d1__ctrl_time_shuffle_304b1471ac2f,a7x3_F2_aggtrades_vol_compression_interaction_24_fa70aab482d1,control,time_shuffle,F2_aggtrades_vol_compression_interaction,"Mul(ZScore(TSMean(agg_avg_trade_notional_24h,12)),Rank(SafeDiv(realized_vol_12,realized_vol_24)))",24,480,7274,8765,4338,0.9504950495049505,0.996984649122807,0.9978369763205829,0.9986187845303868,0.08854166666666705,0.05327192741270333,0.10136908157444419,0.07111572153065979,-0.0890147826693467,-3.3321719294683594,-1.1389137565533214,0.8232015602982663,-0.2465147826693468,-5.611171929468361,-3.984913756553324,-0.5057984397017348,0.3118811881188119,0.3123629385964912,0.32399817850637525,0.305939226519337
a7x3_F2_aggtrades_vol_compression_interaction_24_fa70aab482d1__ctrl_wrong_lag_8c7bddd76f90,a7x3_F2_aggtrades_vol_compression_interaction_24_fa70aab482d1,control,wrong_lag,F2_aggtrades_vol_compression_interaction,"Mul(ZScore(TSMean(agg_avg_trade_notional_24h,12)),Rank(SafeDiv(realized_vol_12,realized_vol_24)))",24,480,7296,8738,4344,0.9504950495049505,1.0,0.9947632058287796,1.0,0.11562500000000045,0.018708881578947834,0.09721904325932755,0.1005985267034995,-0.5201476340627682,-2.468980853497127,-1.1022325908601742,6.305249899308184,-0.5296476340627685,-2.796980853497127,-1.1962325908601743,6.119749899308184,0.01881188118811881,0.044956140350877194,0.010701275045537341,0.04270257826887661
a7x3_F2_aggtrades_vol_compression_interaction_24_fb934eb37195,a7x3_F2_aggtrades_vol_compression_interaction_24_fb934eb37195,candidate,original,F2_aggtrades_vol_compression_interaction,"Mul(ZScore(TSMean(agg_flow_imbalance_notional,12)),Rank(SafeDiv(realized_vol_12,realized_vol_24)))",24,480,7296,8772,4344,0.9504950495049505,1.0,0.9986338797814208,1.0,0.13541666666666702,0.03364857456140394,0.013223894208846718,-0.005179558011049269,0.17912501052148727,1.7855023605301559,-0.7964900788404297,-1.1996646004324933,0.09362501052148721,0.3855023605301553,-2.535990078840431,-2.0686646004324944,0.16930693069306932,0.19188596491228072,0.19803051001821492,0.20004604051565378
a7x3_F2_aggtrades_vol_compression_interaction_24_fb934eb37195__ctrl_row_shuffle_efd44d459e78,a7x3_F2_aggtrades_vol_compression_interaction_24_fb934eb37195,control,row_shuffle,F2_aggtrades_vol_compression_interaction,"Mul(ZScore(TSMean(agg_flow_imbalance_notional,12)),Rank(SafeDiv(realized_vol_12,realized_vol_24)))",24,480,7296,8772,4344,0.9504950495049505,1.0,0.9986338797814208,1.0,3.201143054335868e-16,0.006510416666667048,0.0029069767441864012,-0.021523941068139565,-0.49061174049053846,-4.799060019219547,-6.322311275913368,-4.624661776902056,-0.8206117404905384,-9.666560019219549,-12.16081127591337,-7.550661776902057,0.6534653465346535,0.6671463815789473,0.6646744080145719,0.673572744014733
a7x3_F2_aggtrades_vol_compression_interaction_24_fb934eb37195__ctrl_sign_flip_46acbfe1fd11,a7x3_F2_aggtrades_vol_compression_interaction_24_fb934eb37195,control,sign_flip,F2_aggtrades_vol_compression_interaction,"Mul(ZScore(TSMean(agg_flow_imbalance_notional,12)),Rank(SafeDiv(realized_vol_12,realized_vol_24)))",24,480,7296,8772,4344,0.9504950495049505,1.0,0.9986338797814208,1.0,-0.13541666666666638,-0.03364857456140316,-0.013223894208846013,0.00517955801105,-0.3501250105214874,-4.585502360530159,-2.682509921159575,-0.5383353995675082,-0.4356250105214875,-5.985502360530159,-4.422009921159575,-1.407335399567509,0.16930693069306932,0.19188596491228072,0.19803051001821492,0.20004604051565378
a7x3_F2_aggtrades_vol_compression_interaction_24_fb934eb37195__ctrl_time_shuffle_5e112204d6f8,a7x3_F2_aggtrades_vol_compression_interaction_24_fb934eb37195,control,time_shuffle,F2_aggtrades_vol_compression_interaction,"Mul(ZScore(TSMean(agg_flow_imbalance_notional,12)),Rank(SafeDiv(realized_vol_12,realized_vol_24)))",24,480,7280,8774,4333,0.9504950495049505,0.9978070175438597,0.9988615664845173,0.9974677716390423,-0.02395833333333291,0.015659340659341117,0.0201162525643952,0.007962150934687719,-0.7138217023728897,-4.513612484689281,-4.982086194366919,-3.8949467258218724,-1.0163217023728897,-9.203112484689282,-10.659086194366921,-6.704946725821873,0.599009900990099,0.6427494517543859,0.6462887067395264,0.6468692449355433
a7x3_F2_aggtrades_vol_compression_interaction_24_fb934eb37195__ctrl_wrong_lag_d5673cd6ab72,a7x3_F2_aggtrades_vol_compression_interaction_24_fb934eb37195,control,wrong_lag,F2_aggtrades_vol_compression_interaction,"Mul(ZScore(TSMean(agg_flow_imbalance_notional,12)),Rank(SafeDiv(realized_vol_12,realized_vol_24)))",24,480,7296,8748,4344,0.9504950495049505,1.0,0.9959016393442623,1.0,0.13229166666666697,0.012746710526316232,0.03132144490169222,-0.011740331491712292,0.45558632436559776,-2.437801763336894,1.7865610828224696,-4.580990045227526,0.3745863243655977,-3.841301763336895,0.05006108282246946,-5.448490045227527,0.1603960396039604,0.1923656798245614,0.19768897996357013,0.19970073664825047
a7x3_F2_aggtrades_vol_compression_interaction_24_ff91205578b5,a7x3_F2_aggtrades_vol_compression_interaction_24_ff91205578b5,candidate,original,F2_aggtrades_vol_compression_interaction,"Mul(ZScore(TSMean(agg_flow_imbalance_notional,24)),Rank(SafeDiv(realized_vol_12,realized_vol_24)))",24,480,7296,8761,4344,0.9504950495049505,1.0,0.9973816029143898,1.0,0.1708333333333337,0.029468201754386424,0.0553589772856984,-0.0017265193370161198,0.4410774782783525,0.3166235115465865,3.9964259536104456,-1.9829596343202962,0.39107747827835243,-0.6583764884534151,2.7474259536104455,-2.607459634320297,0.09900990099009901,0.13363486842105263,0.1421903460837887,0.14376151012891344
a7x3_F2_aggtrades_vol_compression_interaction_24_ff91205578b5__ctrl_row_shuffle_2a2a44061de8,a7x3_F2_aggtrades_vol_compression_interaction_24_ff91205578b5,control,row_shuffle,F2_aggtrades_vol_compression_interaction,"Mul(ZScore(TSMean(agg_flow_imbalance_notional,24)),Rank(SafeDiv(realized_vol_12,realized_vol_24)))",24,480,7296,8761,4344,0.9504950495049505,1.0,0.9973816029143898,1.0,-0.020833333333332964,0.007127192982456506,-0.008903093254194368,0.006445672191528905,-0.35289996068836393,-4.637544007202131,-7.987713586545562,-2.083117750074144,-0.681899960688364,-9.519044007202131,-13.786213586545564,-4.953617750074145,0.6514851485148515,0.6690652412280702,0.6601206739526412,0.6607965009208103
a7x3_F2_aggtrades_vol_compression_interaction_24_ff91205578b5__ctrl_sign_flip_6d0ebb86fc5e,a7x3_F2_aggtrades_vol_compression_interaction_24_ff91205578b5,control,sign_flip,F2_aggtrades_vol_compression_interaction,"Mul(ZScore(TSMean(agg_flow_imbalance_notional,24)),Rank(SafeDiv(realized_vol_12,realized_vol_24)))",24,480,7296,8761,4344,0.9504950495049505,1.0,0.9973816029143898,1.0,-0.17083333333333298,-0.02946820175438563,-0.05535897728569768,0.0017265193370168592,-0.5410774782783525,-2.266623511546587,-6.494425953610447,0.7339596343202954,-0.5910774782783526,-3.2416235115465875,-7.7434259536104495,0.10945963432029537,0.09900990099009901,0.13363486842105263,0.1421903460837887,0.14376151012891344
a7x3_F2_aggtrades_vol_compression_interaction_24_ff91205578b5__ctrl_time_shuffle_4e639f49aa9b,a7x3_F2_aggtrades_vol_compression_interaction_24_ff91205578b5,control,time_shuffle,F2_aggtrades_vol_compression_interaction,"Mul(ZScore(TSMean(agg_flow_imbalance_notional,24)),Rank(SafeDiv(realized_vol_12,realized_vol_24)))",24,479,7287,8759,4331,0.9485148514851485,0.998766447368421,0.9971539162112932,0.9970073664825047,-0.010438413361168688,0.03965966790174328,0.012387258819500369,0.014430847379358572,-0.5122982534138534,-3.3606200145966554,-7.623540640377967,-3.339780173496389,-0.8202982534138534,-7.975620014596656,-13.213540640377968,-6.097780173496391,0.6099009900990099,0.6325383771929824,0.636384335154827,0.6348987108655617
a7x3_F2_aggtrades_vol_compression_interaction_24_ff91205578b5__ctrl_wrong_lag_61e37077838d,a7x3_F2_aggtrades_vol_compression_interaction_24_ff91205578b5,control,wrong_lag,F2_aggtrades_vol_compression_interaction,"Mul(ZScore(TSMean(agg_flow_imbalance_notional,24)),Rank(SafeDiv(realized_vol_12,realized_vol_24)))",24,480,7296,8737,4344,0.9504950495049505,1.0,0.9946493624772313,1.0,0.05625000000000043,-0.02090186403508724,0.05459539887833394,-0.03522099447513765,0.1271882255649593,-4.572553509727432,3.995811539245926,-7.608790352954009,0.07718822556495925,-5.552553509727433,2.750311539245926,-8.23029035295401,0.09900990099009901,0.13432017543859648,0.14179189435336975,0.1430709023941068
a7x3_F3_aggtrades_cross_symbol_dispersion_24_181fb836beea,a7x3_F3_aggtrades_cross_symbol_dispersion_24_181fb836beea,candidate,original,F3_aggtrades_cross_symbol_dispersion,"Mul(CrossSymbolRank(agg_cross_symbol_signed_flow_share),ZScore(Sub(ret_6,ret_12)))",24,480,7296,8772,4344,0.9504950495049505,1.0,0.9986338797814208,1.0,-0.04895833333333302,-0.013569078947368068,-0.015332877336980948,0.021178637200736983,0.3789461174161591,0.2114740245605169,-2.5498334201706827,-2.9604479922215017,0.21144611741615904,-2.105525975439484,-5.323333420170685,-4.274947992221502,0.3316831683168317,0.31757127192982454,0.3157445355191257,0.3026012891344383
a7x3_F3_aggtrades_cross_symbol_dispersion_24_181fb836beea__ctrl_row_shuffle_9af502eac0f1,a7x3_F3_aggtrades_cross_symbol_dispersion_24_181fb836beea,control,row_shuffle,F3_aggtrades_cross_symbol_dispersion,"Mul(CrossSymbolRank(agg_cross_symbol_signed_flow_share),ZScore(Sub(ret_6,ret_12)))",24,480,7296,8772,4344,0.9504950495049505,1.0,0.9986338797814208,1.0,0.016666666666666996,-0.010690789473683819,0.012767897856817496,-0.009438305709023587,-0.39242471319492217,-3.3414961616194034,-7.683093801067209,-2.7419062034457475,-0.7184247131949222,-8.195496161619404,-13.503593801067211,-5.609906203445748,0.6455445544554456,0.665296052631579,0.6626252276867031,0.6602209944751382
a7x3_F3_aggtrades_cross_symbol_dispersion_24_181fb836beea__ctrl_sign_flip_cccb708d3977,a7x3_F3_aggtrades_cross_symbol_dispersion_24_181fb836beea,control,sign_flip,F3_aggtrades_cross_symbol_dispersion,"Mul(CrossSymbolRank(agg_cross_symbol_signed_flow_share),ZScore(Sub(ret_6,ret_12)))",24,480,7296,8772,4344,0.9504950495049505,1.0,0.9986338797814208,1.0,0.04895833333333372,0.013569078947368814,0.015332877336981658,-0.02117863720073625,-0.7139461174161594,-4.845474024560521,-2.997166579829322,0.33144799222149857,-0.8814461174161594,-7.162474024560522,-5.770666579829324,-0.9830520077785022,0.3316831683168317,0.31757127192982454,0.3157445355191257,0.3026012891344383
a7x3_F3_aggtrades_cross_symbol_dispersion_24_181fb836beea__ctrl_time_shuffle_f41c277c0fe5,a7x3_F3_aggtrades_cross_symbol_dispersion_24_181fb836beea,control,time_shuffle,F3_aggtrades_cross_symbol_dispersion,"Mul(CrossSymbolRank(agg_cross_symbol_signed_flow_share),ZScore(Sub(ret_6,ret_12)))",24,480,7282,8767,4338,0.9504950495049505,0.9980811403508771,0.9980646630236795,0.9986187845303868,0.020833333333333606,-0.0026778357594063867,0.010893121934527537,-0.008298755186721627,-0.5009664928571769,-6.062513379894316,-8.13173811196411,-3.1729493958407358,-0.8184664928571768,-10.868513379894317,-13.899738111964108,-6.061949395840736,0.6287128712871287,0.6587171052631579,0.656648451730419,0.6650552486187845
a7x3_F3_aggtrades_cross_symbol_dispersion_24_181fb836beea__ctrl_wrong_lag_44c960d310d9,a7x3_F3_aggtrades_cross_symbol_dispersion_24_181fb836beea,control,wrong_lag,F3_aggtrades_cross_symbol_dispersion,"Mul(CrossSymbolRank(agg_cross_symbol_signed_flow_share),ZScore(Sub(ret_6,ret_12)))",24,480,7296,8748,4344,0.9504950495049505,1.0,0.9959016393442623,1.0,-0.05104166666666637,0.03275767543859683,-0.022690900777320173,0.0026473296500924377,-0.060143990385164194,-5.708653759586781,-1.4224491063355167,0.0947967163384349,-0.22364399038516425,-8.031653759586781,-4.1884491063355185,-1.2157032836615662,0.3237623762376238,0.3183936403508772,0.31489071038251365,0.3016804788213628
a7x3_F3_aggtrades_cross_symbol_dispersion_24_227121e4405d,a7x3_F3_aggtrades_cross_symbol_dispersion_24_227121e4405d,candidate,original,F3_aggtrades_cross_symbol_dispersion,"Mul(CrossSymbolRank(agg_cross_symbol_signed_flow_share),ZScore(mark_index_ratio))",24,480,7296,8784,4344,0.9504950495049505,1.0,1.0,1.0,0.02916666666666711,-0.006784539473683729,-0.038137522768669906,-0.015883977900551988,-0.46281885978055753,-2.8553482059487325,-1.881136051515602,-0.8602169743242833,-0.6843188597805574,-6.186348205948733,-5.983136051515604,-2.916216974324284,0.4386138613861386,0.4565515350877193,0.4669854280510018,0.4732965009208103
a7x3_F3_aggtrades_cross_symbol_dispersion_24_227121e4405d__ctrl_row_shuffle_a40307a47efc,a7x3_F3_aggtrades_cross_symbol_dispersion_24_227121e4405d,control,row_shuffle,F3_aggtrades_cross_symbol_dispersion,"Mul(CrossSymbolRank(agg_cross_symbol_signed_flow_share),ZScore(mark_index_ratio))",24,480,7296,8784,4344,0.9504950495049505,1.0,1.0,1.0,-0.009374999999999608,-0.0052768640350873445,-0.01195355191256794,-0.008517495395948038,-0.27172628953013317,-5.138511692050749,-2.524142593003261,-1.89769725967057,-0.5772262895301332,-10.03251169205075,-8.407642593003262,-4.820197259670571,0.6049504950495049,0.6707785087719298,0.6697973588342441,0.6727670349907919
a7x3_F3_aggtrades_cross_symbol_dispersion_24_227121e4405d__ctrl_sign_flip_b6fd2d6833b0,a7x3_F3_aggtrades_cross_symbol_dispersion_24_227121e4405d,control,sign_flip,F3_aggtrades_cross_symbol_dispersion,"Mul(CrossSymbolRank(agg_cross_symbol_signed_flow_share),ZScore(mark_index_ratio))",24,480,7296,8784,4344,0.9504950495049505,1.0,1.0,1.0,-0.029166666666666407,0.006784539473684485,0.03813752276867059,0.015883977900552723,0.01981885978055714,-3.806651794051273,-6.322863948484406,-3.2517830256757208,-0.20168114021944283,-7.1376517940512745,-10.424863948484408,-5.307783025675722,0.4386138613861386,0.4565515350877193,0.4669854280510018,0.4732965009208103
a7x3_F3_aggtrades_cross_symbol_dispersion_24_227121e4405d__ctrl_time_shuffle_d94619c8f8da,a7x3_F3_aggtrades_cross_symbol_dispersion_24_227121e4405d,control,time_shuffle,F3_aggtrades_cross_symbol_dispersion,"Mul(CrossSymbolRank(agg_cross_symbol_signed_flow_share),ZScore(mark_index_ratio))",24,479,7286,8776,4338,0.9485148514851485,0.9986293859649122,0.9990892531876139,0.9986187845303868,0.010438413361169492,0.020038429865495894,0.0057543299908846355,0.0011526048870451452,-0.09845707561570842,-6.104514320014274,-5.940776133187289,-1.9768774819343757,-0.3959570756157085,-10.794514320014274,-11.707776133187291,-4.777377481934376,0.5891089108910891,0.6428179824561403,0.6565346083788707,0.6446823204419889
a7x3_F3_aggtrades_cross_symbol_dispersion_24_227121e4405d__ctrl_wrong_lag_2ff0dc51cb25,a7x3_F3_aggtrades_cross_symbol_dispersion_24_227121e4405d,control,wrong_lag,F3_aggtrades_cross_symbol_dispersion,"Mul(CrossSymbolRank(agg_cross_symbol_signed_flow_share),ZScore(mark_index_ratio))",24,480,7296,8760,4344,0.9504950495049505,1.0,0.9972677595628415,1.0,0.05104166666666708,0.011170504385965369,-0.03493150684931468,0.03199815837937431,-0.633738980769605,-2.211762464058117,-1.5455957469245964,-4.578793446783969,-0.851738980769605,-5.548762464058118,-5.640595746924598,-6.625793446783971,0.4316831683168317,0.45737390350877194,0.4661885245901639,0.4712246777163904
a7x3_F3_aggtrades_cross_symbol_dispersion_24_2542907666b5,a7x3_F3_aggtrades_cross_symbol_dispersion_24_2542907666b5,candidate,original,F3_aggtrades_cross_symbol_dispersion,"Mul(CrossSymbolRank(agg_cross_symbol_notional_share),ZScore(Sub(ret_6,ret_12)))",24,480,7296,8772,4344,0.9504950495049505,1.0,0.9986338797814208,1.0,-0.016666666666666347,-0.01212993421052593,-0.012482900136798546,0.028199815837937722,0.2467780103764502,1.007774964687207,-1.7505543983252432,-3.238557062571082,0.08477801037645016,-1.1212250353127937,-4.218554398325246,-4.444057062571082,0.3207920792079208,0.29180372807017546,0.2809653916211293,0.27750920810313073
a7x3_F3_aggtrades_cross_symbol_dispersion_24_2542907666b5__ctrl_row_shuffle_10aff52424d8,a7x3_F3_aggtrades_cross_symbol_dispersion_24_2542907666b5,control,row_shuffle,F3_aggtrades_cross_symbol_dispersion,"Mul(CrossSymbolRank(agg_cross_symbol_notional_share),ZScore(Sub(ret_6,ret_12)))",24,480,7296,8772,4344,0.9504950495049505,1.0,0.9986338797814208,1.0,0.020833333333333585,-0.010896381578946977,-0.003305973552211196,0.008632596685083233,-0.33935590728525145,-4.330229199401384,-5.986139260391299,-4.284428031026062,-0.6578559072852515,-9.219229199401385,-11.8501392603913,-7.188928031026062,0.6306930693069307,0.6700932017543859,0.6675774134790529,0.6686233885819521
a7x3_F3_aggtrades_cross_symbol_dispersion_24_2542907666b5__ctrl_sign_flip_eb81ae34c7d2,a7x3_F3_aggtrades_cross_symbol_dispersion_24_2542907666b5,control,sign_flip,F3_aggtrades_cross_symbol_dispersion,"Mul(CrossSymbolRank(agg_cross_symbol_notional_share),ZScore(Sub(ret_6,ret_12)))",24,480,7296,8772,4344,0.9504950495049505,1.0,0.9986338797814208,1.0,0.01666666666666706,0.012129934210526706,0.012482900136799263,-0.02819981583793696,-0.5707780103764505,-5.2657749646872105,-3.185445601674761,0.8275570625710794,-0.7327780103764505,-7.394774964687212,-5.653445601674763,-0.3779429374289217,0.3207920792079208,0.29180372807017546,0.2809653916211293,0.27750920810313073
a7x3_F3_aggtrades_cross_symbol_dispersion_24_2542907666b5__ctrl_time_shuffle_031b8d4cc382,a7x3_F3_aggtrades_cross_symbol_dispersion_24_2542907666b5,control,time_shuffle,F3_aggtrades_cross_symbol_dispersion,"Mul(CrossSymbolRank(agg_cross_symbol_notional_share),ZScore(Sub(ret_6,ret_12)))",24,478,7286,8765,4338,0.9465346534653465,0.9986293859649122,0.9978369763205829,0.9986187845303868,-0.018828451882844818,-0.010362338731814044,0.003479749001711708,-0.02708621484555057,-0.273211988474211,-3.672664137005544,-6.46628491063281,-0.2779579415685687,-0.5992119884742111,-8.552164137005544,-12.30828491063281,-3.13945794156857,0.6455445544554456,0.6687911184210527,0.6650728597449909,0.6587246777163904
a7x3_F3_aggtrades_cross_symbol_dispersion_24_2542907666b5__ctrl_wrong_lag_5ada3d4b12d8,a7x3_F3_aggtrades_cross_symbol_dispersion_24_2542907666b5,control,wrong_lag,F3_aggtrades_cross_symbol_dispersion,"Mul(CrossSymbolRank(agg_cross_symbol_notional_share),ZScore(Sub(ret_6,ret_12)))",24,480,7296,8748,4344,0.9504950495049505,1.0,0.9959016393442623,1.0,-0.04479166666666636,0.03262061403508807,-0.0184613625971647,-0.0026473296500916983,-0.020848791270851957,-5.268613355452057,-1.9587992607899471,0.4880697059871597,-0.178848791270852,-7.400113355452059,-4.419299260789948,-0.7164302940128412,0.31287128712871287,0.29214638157894735,0.2801115664845173,0.2772790055248619
a7x3_F3_aggtrades_cross_symbol_dispersion_24_35cd003432d5,a7x3_F3_aggtrades_cross_symbol_dispersion_24_35cd003432d5,candidate,original,F3_aggtrades_cross_symbol_dispersion,"Mul(CrossSymbolRank(agg_flow_minus_ethusdt_4h),ZScore(Sub(ret_6,ret_12)))",24,480,7296,8772,4344,0.9504950495049505,1.0,0.9986338797814208,1.0,-0.05208333333333299,-0.011581688596490869,-0.014477884176926232,0.023825966850829067,0.36494097224840316,0.41401559131426136,-2.242914894809214,-3.1435671331648023,0.20694097224840316,-1.7704844086857399,-4.786414894809216,-4.364067133164804,0.31287128712871287,0.2994106359649123,0.28956056466302366,0.2809622467771639
a7x3_F3_aggtrades_cross_symbol_dispersion_24_35cd003432d5__ctrl_row_shuffle_5a4210acd9cd,a7x3_F3_aggtrades_cross_symbol_dispersion_24_35cd003432d5,control,row_shuffle,F3_aggtrades_cross_symbol_dispersion,"Mul(CrossSymbolRank(agg_flow_minus_ethusdt_4h),ZScore(Sub(ret_6,ret_12)))",24,480,7296,8772,4344,0.9504950495049505,1.0,0.9986338797814208,1.0,-0.00729166666666633,0.0008223684210530105,0.0034769721842228853,-0.0035681399631672045,-0.17482622925919872,-4.399967888076402,-7.998841048687963,-2.077646902423198,-0.5078262292591987,-9.269467888076404,-13.866841048687967,-4.9736469024232,0.6594059405940594,0.6674205043859649,0.6680327868852459,0.6666666666666666
a7x3_F3_aggtrades_cross_symbol_dispersion_24_35cd003432d5__ctrl_sign_flip_28562de1b49e,a7x3_F3_aggtrades_cross_symbol_dispersion_24_35cd003432d5,control,sign_flip,F3_aggtrades_cross_symbol_dispersion,"Mul(CrossSymbolRank(agg_flow_minus_ethusdt_4h),ZScore(Sub(ret_6,ret_12)))",24,480,7296,8772,4344,0.9504950495049505,1.0,0.9986338797814208,1.0,0.05208333333333372,0.011581688596491614,0.01447788417692694,-0.023825966850828318,-0.6809409722484034,-4.783015591314265,-2.844085105190791,0.7025671331647999,-0.8389409722484034,-6.967515591314266,-5.387585105190792,-0.5179328668352007,0.31287128712871287,0.2994106359649123,0.28956056466302366,0.2809622467771639
a7x3_F3_aggtrades_cross_symbol_dispersion_24_35cd003432d5__ctrl_time_shuffle_77f4d9b5113c,a7x3_F3_aggtrades_cross_symbol_dispersion_24_35cd003432d5,control,time_shuffle,F3_aggtrades_cross_symbol_dispersion,"Mul(CrossSymbolRank(agg_flow_minus_ethusdt_4h),ZScore(Sub(ret_6,ret_12)))",24,480,7278,8772,4337,0.9504950495049505,0.9975328947368421,0.9986338797814208,0.9983885819521179,-0.04062499999999968,0.006732618851333133,0.0018809849521207401,0.01141341941434206,-0.06045815933088776,-5.972601630480062,-5.670521773999926,-2.7742599883828922,-0.3644581593308877,-10.759601630480063,-11.484521773999928,-5.598759988382893,0.601980198019802,0.6561129385964912,0.6618852459016393,0.650207182320442
a7x3_F3_aggtrades_cross_symbol_dispersion_24_35cd003432d5__ctrl_wrong_lag_809fc6df38fc,a7x3_F3_aggtrades_cross_symbol_dispersion_24_35cd003432d5,control,wrong_lag,F3_aggtrades_cross_symbol_dispersion,"Mul(CrossSymbolRank(agg_flow_minus_ethusdt_4h),ZScore(Sub(ret_6,ret_12)))",24,480,7296,8748,4344,0.9504950495049505,1.0,0.9959016393442623,1.0,-0.057291666666666324,0.03125000000000034,-0.026463191586648015,0.0020718232044202502,-0.03651191757634241,-5.23596538076984,-0.46214363636789435,0.44152958448137114,-0.19051191757634242,-7.4239653807698405,-2.9996436363678964,-0.7759704155186294,0.30495049504950494,0.29989035087719296,0.28887750455373407,0.2802716390423573
a7x3_F3_aggtrades_cross_symbol_dispersion_24_384e17c86c83,a7x3_F3_aggtrades_cross_symbol_dispersion_24_384e17c86c83,candidate,original,F3_aggtrades_cross_symbol_dispersion,"Mul(CrossSymbolRank(agg_cross_symbol_signed_flow_share),ZScore(HorizonSpread(ret_6,12,48)))",24,480,7296,8731,4344,0.9504950495049505,1.0,0.9939663023679417,1.0,-0.0927083333333329,0.03851425438596527,-0.016779292177298902,-0.020603130755064064,0.27072586729519954,-8.1238492380892,1.5586723621377816,1.6389088353342416,0.19422586729519947,-9.2378492380892,0.08417236213778012,0.9354088353342409,0.15148514851485148,0.15268640350877194,0.1678620218579235,0.1619475138121547
a7x3_F3_aggtrades_cross_symbol_dispersion_24_384e17c86c83__ctrl_row_shuffle_52a79970e7e0,a7x3_F3_aggtrades_cross_symbol_dispersion_24_384e17c86c83,control,row_shuffle,F3_aggtrades_cross_symbol_dispersion,"Mul(CrossSymbolRank(agg_cross_symbol_signed_flow_share),ZScore(HorizonSpread(ret_6,12,48)))",24,480,7296,8731,4344,0.9504950495049505,1.0,0.9939663023679417,1.0,-0.047916666666666295,-0.01130756578947329,0.013801397319894987,0.0025322283609580374,-0.01732977843458651,-3.8161028904200114,-7.297670087528445,-4.007299091983332,-0.3548297784345865,-8.691602890420013,-13.094670087528446,-6.937299091983333,0.6683168316831684,0.6682428728070176,0.6599499089253188,0.6744935543278084
a7x3_F3_aggtrades_cross_symbol_dispersion_24_384e17c86c83__ctrl_sign_flip_19f5328f8831,a7x3_F3_aggtrades_cross_symbol_dispersion_24_384e17c86c83,control,sign_flip,F3_aggtrades_cross_symbol_dispersion,"Mul(CrossSymbolRank(agg_cross_symbol_signed_flow_share),ZScore(HorizonSpread(ret_6,12,48)))",24,480,7296,8731,4344,0.9504950495049505,1.0,0.9939663023679417,1.0,0.09270833333333364,-0.038514254385964494,0.016779292177299603,0.020603130755064796,-0.4237258672951997,5.895849238089198,-4.507672362137784,-3.0459088353342425,-0.5002258672951998,4.7818492380891975,-5.982172362137785,-3.7494088353342434,0.15148514851485148,0.15268640350877194,0.1678620218579235,0.1619475138121547
a7x3_F3_aggtrades_cross_symbol_dispersion_24_384e17c86c83__ctrl_time_shuffle_f0e532f813d3,a7x3_F3_aggtrades_cross_symbol_dispersion_24_384e17c86c83,control,time_shuffle,F3_aggtrades_cross_symbol_dispersion,"Mul(CrossSymbolRank(agg_cross_symbol_signed_flow_share),ZScore(HorizonSpread(ret_6,12,48)))",24,479,7271,8753,4323,0.9485148514851485,0.9965734649122807,0.9964708561020036,0.9951657458563536,-0.03340292275574075,0.00990235180855491,-0.0067976693705011785,-0.005089058524172643,-0.11241578196639566,-5.646128926265753,-4.803915119082209,-3.5046270131387462,-0.4429157819663957,-10.503128926265752,-10.600415119082212,-6.399627013138747,0.6544554455445545,0.6657072368421053,0.6598929872495446,0.6664364640883977
a7x3_F3_aggtrades_cross_symbol_dispersion_24_384e17c86c83__ctrl_wrong_lag_37236da5bfe2,a7x3_F3_aggtrades_cross_symbol_dispersion_24_384e17c86c83,control,wrong_lag,F3_aggtrades_cross_symbol_dispersion,"Mul(CrossSymbolRank(agg_cross_symbol_signed_flow_share),ZScore(HorizonSpread(ret_6,12,48)))",24,480,7296,8707,4344,0.9504950495049505,1.0,0.9912340619307832,1.0,-0.07499999999999957,-0.025904605263157483,-0.004421729642815753,0.04419889502762462,0.7135448327993488,0.012209494839104162,3.2740873711814302,-6.417265614327313,0.6355448327993487,-1.0982905051608964,1.8030873711814306,-7.120265614327312,0.15445544554455445,0.15220668859649122,0.16746357012750454,0.16183241252302025
a7x3_F3_aggtrades_cross_symbol_dispersion_24_39915a007e7c,a7x3_F3_aggtrades_cross_symbol_dispersion_24_39915a007e7c,candidate,original,F3_aggtrades_cross_symbol_dispersion,"Mul(CrossSymbolRank(agg_flow_minus_ethusdt_4h),ZScore(HorizonSpread(ret_6,12,48)))",24,480,7296,8731,4344,0.9504950495049505,1.0,0.9939663023679417,1.0,-0.09062499999999957,0.038308662280702094,-0.013400526858320548,-0.026933701657458155,0.26015923478963077,-8.13009307543775,2.3392594227690786,1.9751182511943253,0.20765923478963072,-8.997593075437752,1.2312594227690783,1.4291182511943252,0.10396039603960396,0.11890076754385964,0.1261384335154827,0.12569060773480664
a7x3_F3_aggtrades_cross_symbol_dispersion_24_39915a007e7c__ctrl_row_shuffle_121c9301340d,a7x3_F3_aggtrades_cross_symbol_dispersion_24_39915a007e7c,control,row_shuffle,F3_aggtrades_cross_symbol_dispersion,"Mul(CrossSymbolRank(agg_flow_minus_ethusdt_4h),ZScore(HorizonSpread(ret_6,12,48)))",24,480,7296,8731,4344,0.9504950495049505,1.0,0.9939663023679417,1.0,-0.01249999999999963,0.003906250000000377,-0.015004008704615369,0.0077117863720077414,-0.20018169501704342,-5.317219252852909,-4.194041066587086,-3.1033307533455954,-0.5276816950170433,-10.171219252852909,-9.966041066587087,-5.975330753345596,0.6485148514851485,0.665296052631579,0.657103825136612,0.6611418047882136
a7x3_F3_aggtrades_cross_symbol_dispersion_24_39915a007e7c__ctrl_sign_flip_0c8938f047bd,a7x3_F3_aggtrades_cross_symbol_dispersion_24_39915a007e7c,control,sign_flip,F3_aggtrades_cross_symbol_dispersion,"Mul(CrossSymbolRank(agg_flow_minus_ethusdt_4h),ZScore(HorizonSpread(ret_6,12,48)))",24,480,7296,8731,4344,0.9504950495049505,1.0,0.9939663023679417,1.0,0.09062500000000033,-0.038308662280701324,0.01340052685832126,0.026933701657458897,-0.36515923478963086,6.3950930754377495,-4.555259422769081,-3.0671182511943265,-0.4176592347896309,5.527593075437749,-5.663259422769082,-3.6131182511943267,0.10396039603960396,0.11890076754385964,0.1261384335154827,0.12569060773480664
a7x3_F3_aggtrades_cross_symbol_dispersion_24_39915a007e7c__ctrl_time_shuffle_4ebc7ecb0b45,a7x3_F3_aggtrades_cross_symbol_dispersion_24_39915a007e7c,control,time_shuffle,F3_aggtrades_cross_symbol_dispersion,"Mul(CrossSymbolRank(agg_flow_minus_ethusdt_4h),ZScore(HorizonSpread(ret_6,12,48)))",24,478,7261,8754,4333,0.9465346534653465,0.995202850877193,0.9965846994535519,0.9974677716390423,0.05230125523012587,-0.0031676077675247506,-0.008224811514735758,0.012693284098777203,-0.4023095490500995,-4.840374424282755,-5.5857968623617245,-3.7302302741504354,-0.7183095490500996,-9.690374424282755,-11.374796862361727,-6.596730274150437,0.6257425742574257,0.6647478070175439,0.6590391621129326,0.6598756906077348
a7x3_F3_aggtrades_cross_symbol_dispersion_24_39915a007e7c__ctrl_wrong_lag_6929c4f39b47,a7x3_F3_aggtrades_cross_symbol_dispersion_24_39915a007e7c,control,wrong_lag,F3_aggtrades_cross_symbol_dispersion,"Mul(CrossSymbolRank(agg_flow_minus_ethusdt_4h),ZScore(HorizonSpread(ret_6,12,48)))",24,480,7296,8707,4344,0.9504950495049505,1.0,0.9912340619307832,1.0,-0.0927083333333329,-0.027891995614034663,-0.006144481451705136,0.037523020257827215,0.7971555787212652,0.3149622337140181,3.7908477944556833,-5.89144005035309,0.7431555787212651,-0.5500377662859826,2.6853477944556827,-6.437440050353091,0.10693069306930693,0.11855811403508772,0.12585382513661203,0.12569060773480664
a7x3_F3_aggtrades_cross_symbol_dispersion_24_45254b0ec0ae,a7x3_F3_aggtrades_cross_symbol_dispersion_24_45254b0ec0ae,candidate,original,F3_aggtrades_cross_symbol_dispersion,"Mul(CrossSymbolRank(agg_cross_symbol_notional_share),ZScore(HorizonSpread(ret_6,12,48)))",24,480,7296,8731,4344,0.9504950495049505,1.0,0.9939663023679417,1.0,-0.08749999999999952,0.03570449561403544,-0.013056923605543082,-0.03222836095764231,0.19497514307694114,-7.2434786360187005,1.1178188020961375,1.8663876332709475,0.1509751430769411,-8.0044786360187,0.26981880209613673,1.4498876332709472,0.08712871287128712,0.10430372807017543,0.0965391621129326,0.0958793738489871
a7x3_F3_aggtrades_cross_symbol_dispersion_24_45254b0ec0ae__ctrl_row_shuffle_2465de2010e2,a7x3_F3_aggtrades_cross_symbol_dispersion_24_45254b0ec0ae,control,row_shuffle,F3_aggtrades_cross_symbol_dispersion,"Mul(CrossSymbolRank(agg_cross_symbol_notional_share),ZScore(HorizonSpread(ret_6,12,48)))",24,480,7296,8731,4344,0.9504950495049505,1.0,0.9939663023679417,1.0,0.04479166666666701,-0.0030153508771925885,-0.001431680219905713,-0.014042357274401084,-0.5326060768501695,-4.327193127154533,-7.200736499473226,-2.0420768729562404,-0.8466060768501693,-9.151193127154533,-13.012236499473227,-4.928576872956241,0.6217821782178218,0.6611842105263158,0.6616006375227687,0.6644797421731123
a7x3_F3_aggtrades_cross_symbol_dispersion_24_45254b0ec0ae__ctrl_sign_flip_5c5251ac0431,a7x3_F3_aggtrades_cross_symbol_dispersion_24_45254b0ec0ae,control,sign_flip,F3_aggtrades_cross_symbol_dispersion,"Mul(CrossSymbolRank(agg_cross_symbol_notional_share),ZScore(HorizonSpread(ret_6,12,48)))",24,480,7296,8731,4344,0.9504950495049505,1.0,0.9939663023679417,1.0,0.08750000000000037,-0.03570449561403465,0.013056923605543808,0.03222836095764308,-0.2829751430769412,5.721478636018699,-2.8138188020961397,-2.6993876332709483,-0.32697514307694125,4.960478636018697,-3.6618188020961395,-3.115887633270948,0.08712871287128712,0.10430372807017543,0.0965391621129326,0.0958793738489871
a7x3_F3_aggtrades_cross_symbol_dispersion_24_45254b0ec0ae__ctrl_time_shuffle_9e1925515183,a7x3_F3_aggtrades_cross_symbol_dispersion_24_45254b0ec0ae,control,time_shuffle,F3_aggtrades_cross_symbol_dispersion,"Mul(CrossSymbolRank(agg_cross_symbol_notional_share),ZScore(HorizonSpread(ret_6,12,48)))",24,480,7260,8755,4331,0.9504950495049505,0.9950657894736842,0.9966985428051002,0.9970073664825047,0.07291666666666696,-0.0014462809917351418,0.004683038263849589,0.019856845993997143,-0.7174636477015428,-5.647801409451601,-6.834114102563239,-5.121077458450264,-1.0354636477015426,-10.437801409451602,-12.691614102563241,-8.003577458450266,0.6297029702970297,0.6565241228070176,0.6668374316939891,0.6635589318600368
a7x3_F3_aggtrades_cross_symbol_dispersion_24_45254b0ec0ae__ctrl_wrong_lag_860059af1208,a7x3_F3_aggtrades_cross_symbol_dispersion_24_45254b0ec0ae,control,wrong_lag,F3_aggtrades_cross_symbol_dispersion,"Mul(CrossSymbolRank(agg_cross_symbol_notional_share),ZScore(HorizonSpread(ret_6,12,48)))",24,480,7296,8707,4344,0.9504950495049505,1.0,0.9912340619307832,1.0,-0.030208333333332924,-0.026178728070175013,-0.008786034225335549,0.04270257826887694,0.48606199126562655,0.39655899056107335,3.891267069896716,-5.471143638444193,0.4400619912656265,-0.36294100943892715,3.0462670698967163,-5.888643638444195,0.09108910891089109,0.10409813596491228,0.0961976320582878,0.09610957642725598
a7x3_F3_aggtrades_cross_symbol_dispersion_24_5054b6baaa99,a7x3_F3_aggtrades_cross_symbol_dispersion_24_5054b6baaa99,candidate,original,F3_aggtrades_cross_symbol_dispersion,"Mul(CrossSymbolRank(agg_cross_symbol_notional_share),ZScore(mark_index_ratio))",24,480,7296,8784,4344,0.9504950495049505,1.0,1.0,1.0,0.012500000000000495,-0.008497807017543374,-0.0466757741347901,-0.021408839779005023,-0.4054048725855379,-3.001637379026598,-0.7239250553868852,-0.5266958780073345,-0.6459048725855379,-6.353637379026599,-4.685925055386887,-2.5356958780073358,0.4762376237623762,0.4594298245614035,0.45104735883424407,0.4624769797421731
a7x3_F3_aggtrades_cross_symbol_dispersion_24_5054b6baaa99__ctrl_row_shuffle_7d7fcbcb9c89,a7x3_F3_aggtrades_cross_symbol_dispersion_24_5054b6baaa99,control,row_shuffle,F3_aggtrades_cross_symbol_dispersion,"Mul(CrossSymbolRank(agg_cross_symbol_notional_share),ZScore(mark_index_ratio))",24,480,7296,8784,4344,0.9504950495049505,1.0,1.0,1.0,0.02500000000000037,0.0030838815789477622,0.0027891621129329785,0.002877532228361326,-0.6023891660010618,-5.302407347294293,-6.877709796869986,-2.658602022930331,-0.9243891660010619,-10.205407347294296,-12.774709796869988,-5.561102022930332,0.6376237623762376,0.6720120614035088,0.6713342440801457,0.6681629834254144
a7x3_F3_aggtrades_cross_symbol_dispersion_24_5054b6baaa99__ctrl_sign_flip_4feddd37cc9b,a7x3_F3_aggtrades_cross_symbol_dispersion_24_5054b6baaa99,control,sign_flip,F3_aggtrades_cross_symbol_dispersion,"Mul(CrossSymbolRank(agg_cross_symbol_notional_share),ZScore(mark_index_ratio))",24,480,7296,8784,4344,0.9504950495049505,1.0,1.0,1.0,-0.012499999999999675,0.008497807017544162,0.04667577413479081,0.02140883977900578,-0.0755951274144625,-3.702362620973407,-7.200074944613123,-3.491304121992669,-0.31609512741446244,-7.054362620973408,-11.162074944613124,-5.50030412199267,0.4762376237623762,0.4594298245614035,0.45104735883424407,0.4624769797421731
a7x3_F3_aggtrades_cross_symbol_dispersion_24_5054b6baaa99__ctrl_time_shuffle_5f9355d384bc,a7x3_F3_aggtrades_cross_symbol_dispersion_24_5054b6baaa99,control,time_shuffle,F3_aggtrades_cross_symbol_dispersion,"Mul(CrossSymbolRank(agg_cross_symbol_notional_share),ZScore(mark_index_ratio))",24,480,7292,8770,4337,0.9504950495049505,0.9994517543859649,0.9984061930783242,0.9983885819521179,-0.01874999999999961,0.01933625891387866,-0.0010832383124283341,0.018676504496195942,0.038412713886263744,-5.873540044277424,-4.909980631455716,-3.4417350539422604,-0.2735872861137363,-10.650040044277425,-10.633980631455717,-6.282735053942261,0.6178217821782178,0.6546737938596491,0.6516393442622951,0.6540055248618785
a7x3_F3_aggtrades_cross_symbol_dispersion_24_5054b6baaa99__ctrl_wrong_lag_b81c13d29ad1,a7x3_F3_aggtrades_cross_symbol_dispersion_24_5054b6baaa99,control,wrong_lag,F3_aggtrades_cross_symbol_dispersion,"Mul(CrossSymbolRank(agg_cross_symbol_notional_share),ZScore(mark_index_ratio))",24,480,7296,8760,4344,0.9504950495049505,1.0,0.9972677595628415,1.0,0.055208333333333755,0.009320175438596956,-0.037899543378995044,0.022329650092081505,-0.6123329537958893,-1.8590796042965532,-1.424119441523238,-3.482153540558363,-0.8498329537958893,-5.212579604296554,-5.37861944152324,-5.487653540558364,0.47029702970297027,0.4596354166666667,0.45019353369763204,0.46167127071823205
a7x3_F3_aggtrades_cross_symbol_dispersion_24_5f8ef74a9be4,a7x3_F3_aggtrades_cross_symbol_dispersion_24_5f8ef74a9be4,candidate,original,F3_aggtrades_cross_symbol_dispersion,"Mul(CrossSymbolRank(agg_flow_minus_btcusdt_4h),ZScore(Sub(ret_6,ret_12)))",24,480,7296,8772,4344,0.9504950495049505,1.0,0.9986338797814208,1.0,-0.05208333333333299,-0.011581688596490869,-0.014477884176926232,0.023825966850829067,0.36494097224840316,0.41401559131426136,-2.242914894809214,-3.1435671331648023,0.20694097224840316,-1.7704844086857399,-4.786414894809216,-4.364067133164804,0.31287128712871287,0.2994106359649123,0.28956056466302366,0.2809622467771639
a7x3_F3_aggtrades_cross_symbol_dispersion_24_5f8ef74a9be4__ctrl_row_shuffle_1bc4721ca6e8,a7x3_F3_aggtrades_cross_symbol_dispersion_24_5f8ef74a9be4,control,row_shuffle,F3_aggtrades_cross_symbol_dispersion,"Mul(CrossSymbolRank(agg_flow_minus_btcusdt_4h),ZScore(Sub(ret_6,ret_12)))",24,480,7296,8772,4344,0.9504950495049505,1.0,0.9986338797814208,1.0,0.01250000000000034,0.004317434210526701,-0.007922936616506695,-0.0014963167587473307,-0.39458900443964834,-6.104132386764417,-4.338607391977119,-2.6479518003916263,-0.7125890044396483,-10.959132386764416,-10.16010739197712,-5.558951800391627,0.6297029702970297,0.6654331140350878,0.6627390710382514,0.6701197053406999
a7x3_F3_aggtrades_cross_symbol_dispersion_24_5f8ef74a9be4__ctrl_sign_flip_d126f38a7110,a7x3_F3_aggtrades_cross_symbol_dispersion_24_5f8ef74a9be4,control,sign_flip,F3_aggtrades_cross_symbol_dispersion,"Mul(CrossSymbolRank(agg_flow_minus_btcusdt_4h),ZScore(Sub(ret_6,ret_12)))",24,480,7296,8772,4344,0.9504950495049505,1.0,0.9986338797814208,1.0,0.05208333333333372,0.011581688596491614,0.01447788417692694,-0.023825966850828318,-0.6809409722484034,-4.783015591314265,-2.844085105190791,0.7025671331647999,-0.8389409722484034,-6.967515591314266,-5.387585105190792,-0.5179328668352007,0.31287128712871287,0.2994106359649123,0.28956056466302366,0.2809622467771639
a7x3_F3_aggtrades_cross_symbol_dispersion_24_5f8ef74a9be4__ctrl_time_shuffle_a9c88beb4816,a7x3_F3_aggtrades_cross_symbol_dispersion_24_5f8ef74a9be4,control,time_shuffle,F3_aggtrades_cross_symbol_dispersion,"Mul(CrossSymbolRank(agg_flow_minus_btcusdt_4h),ZScore(Sub(ret_6,ret_12)))",24,479,7283,8769,4337,0.9485148514851485,0.9982182017543859,0.9982923497267759,0.9983885819521179,0.006263048016701821,-0.012563504050528265,-0.0014254761090200594,0.007493659211436811,-0.3734673051499653,-3.6781317232482267,-6.089020637292809,-3.4178967712950166,-0.6869673051499654,-8.516631723248228,-11.917020637292811,-6.275896771295017,0.6207920792079208,0.663171600877193,0.6634790528233151,0.6579189686924494
a7x3_F3_aggtrades_cross_symbol_dispersion_24_5f8ef74a9be4__ctrl_wrong_lag_e9ee19fea013,a7x3_F3_aggtrades_cross_symbol_dispersion_24_5f8ef74a9be4,control,wrong_lag,F3_aggtrades_cross_symbol_dispersion,"Mul(CrossSymbolRank(agg_flow_minus_btcusdt_4h),ZScore(Sub(ret_6,ret_12)))",24,480,7296,8748,4344,0.9504950495049505,1.0,0.9959016393442623,1.0,-0.057291666666666324,0.03125000000000034,-0.026463191586648015,0.0020718232044202502,-0.03651191757634241,-5.23596538076984,-0.46214363636789435,0.44152958448137114,-0.19051191757634242,-7.4239653807698405,-2.9996436363678964,-0.7759704155186294,0.30495049504950494,0.29989035087719296,0.28887750455373407,0.2802716390423573
a7x3_F3_aggtrades_cross_symbol_dispersion_24_5ff335131473,a7x3_F3_aggtrades_cross_symbol_dispersion_24_5ff335131473,candidate,original,F3_aggtrades_cross_symbol_dispersion,"Mul(CrossSymbolRank(agg_flow_minus_btcusdt_4h),ZScore(mark_index_ratio))",24,480,7296,8783,4344,0.9504950495049505,1.0,0.9998861566484517,1.0,0.026041666666667122,-0.003837719298245141,-0.03819879312307827,-0.016344383057089743,-0.5026588287855194,-3.3187152081992686,-1.4468946337338093,-0.9770740845878285,-0.7271588287855195,-6.6327152081992695,-5.415894633733811,-3.00557408458783,0.44455445544554456,0.45422149122807015,0.45184426229508196,0.4669659300184162
a7x3_F3_aggtrades_cross_symbol_dispersion_24_5ff335131473__ctrl_row_shuffle_bae3a26336c4,a7x3_F3_aggtrades_cross_symbol_dispersion_24_5ff335131473,control,row_shuffle,F3_aggtrades_cross_symbol_dispersion,"Mul(CrossSymbolRank(agg_flow_minus_btcusdt_4h),ZScore(mark_index_ratio))",24,480,7296,8783,4344,0.9504950495049505,1.0,0.9998861566484517,1.0,0.007291666666667029,0.0003426535087723111,0.0035864738699764405,-0.006675874769797039,-0.30777954685069575,-4.138773303905756,-6.0193890970839705,-2.016747404311707,-0.6362795468506957,-9.004773303905758,-11.86038909708397,-4.924247404311707,0.6504950495049505,0.6669407894736842,0.6649590163934426,0.6693139963167587
a7x3_F3_aggtrades_cross_symbol_dispersion_24_5ff335131473__ctrl_sign_flip_4335836c8df6,a7x3_F3_aggtrades_cross_symbol_dispersion_24_5ff335131473,control,sign_flip,F3_aggtrades_cross_symbol_dispersion,"Mul(CrossSymbolRank(agg_flow_minus_btcusdt_4h),ZScore(mark_index_ratio))",24,480,7296,8783,4344,0.9504950495049505,1.0,0.9998861566484517,1.0,-0.026041666666666363,0.0038377192982459044,0.03819879312307896,0.016344383057090472,0.053658828785519086,-3.309284791800737,-6.491105366266197,-3.0799259154121748,-0.17084117121448095,-6.623284791800739,-10.4601053662662,-5.108425915412176,0.44455445544554456,0.45422149122807015,0.45184426229508196,0.4669659300184162
a7x3_F3_aggtrades_cross_symbol_dispersion_24_5ff335131473__ctrl_time_shuffle_d1227e329559,a7x3_F3_aggtrades_cross_symbol_dispersion_24_5ff335131473,control,time_shuffle,F3_aggtrades_cross_symbol_dispersion,"Mul(CrossSymbolRank(agg_flow_minus_btcusdt_4h),ZScore(mark_index_ratio))",24,480,7287,8773,4338,0.9504950495049505,0.998766447368421,0.998747723132969,0.9986187845303868,-0.06249999999999954,0.01029230135858419,0.013051407728257544,0.013024435223605756,0.029073926629989894,-5.443533543447264,-8.087249601943409,-3.6162498633131905,-0.2829260733700102,-10.217533543447264,-13.743249601943411,-6.47124986331319,0.6178217821782178,0.6543311403508771,0.6438979963570127,0.6572283609576427
a7x3_F3_aggtrades_cross_symbol_dispersion_24_5ff335131473__ctrl_wrong_lag_a9f352994707,a7x3_F3_aggtrades_cross_symbol_dispersion_24_5ff335131473,control,wrong_lag,F3_aggtrades_cross_symbol_dispersion,"Mul(CrossSymbolRank(agg_flow_minus_btcusdt_4h),ZScore(mark_index_ratio))",24,480,7296,8759,4344,0.9504950495049505,1.0,0.9971539162112932,1.0,0.06875000000000044,0.01233552631578993,-0.042984358945084664,0.03188305709023987,-0.6984648817005638,-2.3320442694953987,-0.0227911524208686,-4.1537194368957575,-0.9219648817005637,-5.6490442694954,-3.98479115242087,-6.174719436895758,0.4425742574257426,0.4546326754385965,0.45104735883424407,0.4652394106813996
a7x3_F3_aggtrades_cross_symbol_dispersion_24_7bb13ffb7905,a7x3_F3_aggtrades_cross_symbol_dispersion_24_7bb13ffb7905,candidate,original,F3_aggtrades_cross_symbol_dispersion,"Mul(CrossSymbolRank(agg_flow_minus_btcusdt_4h),ZScore(HorizonSpread(ret_6,12,48)))",24,480,7296,8731,4344,0.9504950495049505,1.0,0.9939663023679417,1.0,-0.09062499999999957,0.038308662280702094,-0.013400526858320548,-0.026933701657458155,0.26015923478963077,-8.13009307543775,2.3392594227690786,1.9751182511943253,0.20765923478963072,-8.997593075437752,1.2312594227690783,1.4291182511943252,0.10396039603960396,0.11890076754385964,0.1261384335154827,0.12569060773480664
a7x3_F3_aggtrades_cross_symbol_dispersion_24_7bb13ffb7905__ctrl_row_shuffle_d00fc042ebdc,a7x3_F3_aggtrades_cross_symbol_dispersion_24_7bb13ffb7905,control,row_shuffle,F3_aggtrades_cross_symbol_dispersion,"Mul(CrossSymbolRank(agg_flow_minus_btcusdt_4h),ZScore(HorizonSpread(ret_6,12,48)))",24,480,7296,8731,4344,0.9504950495049505,1.0,0.9939663023679417,1.0,-0.0145833333333329,-0.004385964912280321,0.0029206276486087607,-0.017380294659299793,-0.27141226401988017,-4.899972156561626,-5.588497144106581,-0.7766207980414941,-0.5899122640198802,-9.790472156561627,-11.406997144106583,-3.695120798041495,0.6306930693069307,0.6702987938596491,0.6623975409836066,0.6718462246777164
a7x3_F3_aggtrades_cross_symbol_dispersion_24_7bb13ffb7905__ctrl_sign_flip_cd81f690a5b5,a7x3_F3_aggtrades_cross_symbol_dispersion_24_7bb13ffb7905,control,sign_flip,F3_aggtrades_cross_symbol_dispersion,"Mul(CrossSymbolRank(agg_flow_minus_btcusdt_4h),ZScore(HorizonSpread(ret_6,12,48)))",24,480,7296,8731,4344,0.9504950495049505,1.0,0.9939663023679417,1.0,0.09062500000000033,-0.038308662280701324,0.01340052685832126,0.026933701657458897,-0.36515923478963086,6.3950930754377495,-4.555259422769081,-3.0671182511943265,-0.4176592347896309,5.527593075437749,-5.663259422769082,-3.6131182511943267,0.10396039603960396,0.11890076754385964,0.1261384335154827,0.12569060773480664
a7x3_F3_aggtrades_cross_symbol_dispersion_24_7bb13ffb7905__ctrl_time_shuffle_48e480fc0dd8,a7x3_F3_aggtrades_cross_symbol_dispersion_24_7bb13ffb7905,control,time_shuffle,F3_aggtrades_cross_symbol_dispersion,"Mul(CrossSymbolRank(agg_flow_minus_btcusdt_4h),ZScore(HorizonSpread(ret_6,12,48)))",24,480,7265,8751,4330,0.9504950495049505,0.9957510964912281,0.9962431693989071,0.9967771639042358,0.051041666666667,-0.005230557467308622,-0.0015426808364754543,0.014434180138568498,-0.5427149096293639,-4.986704273330515,-4.548889515062015,-3.6486929019766756,-0.8767149096293638,-9.822204273330517,-10.345389515062017,-6.4651929019766765,0.6613861386138614,0.6627604166666666,0.6598929872495446,0.6483655616942909
a7x3_F3_aggtrades_cross_symbol_dispersion_24_7bb13ffb7905__ctrl_wrong_lag_f1e6b4c7a33c,a7x3_F3_aggtrades_cross_symbol_dispersion_24_7bb13ffb7905,control,wrong_lag,F3_aggtrades_cross_symbol_dispersion,"Mul(CrossSymbolRank(agg_flow_minus_btcusdt_4h),ZScore(HorizonSpread(ret_6,12,48)))",24,480,7296,8707,4344,0.9504950495049505,1.0,0.9912340619307832,1.0,-0.0927083333333329,-0.027891995614034663,-0.006144481451705136,0.037523020257827215,0.7971555787212652,0.3149622337140181,3.7908477944556833,-5.89144005035309,0.7431555787212651,-0.5500377662859826,2.6853477944556827,-6.437440050353091,0.10693069306930693,0.11855811403508772,0.12585382513661203,0.12569060773480664
a7x3_F3_aggtrades_cross_symbol_dispersion_24_f2b56fd363e5,a7x3_F3_aggtrades_cross_symbol_dispersion_24_f2b56fd363e5,candidate,original,F3_aggtrades_cross_symbol_dispersion,"Mul(CrossSymbolRank(agg_flow_minus_ethusdt_4h),ZScore(mark_index_ratio))",24,480,7296,8783,4344,0.9504950495049505,1.0,0.9998861566484517,1.0,0.026041666666667122,-0.003837719298245141,-0.03819879312307827,-0.016344383057089743,-0.5026588287855194,-3.3187152081992686,-1.4468946337338093,-0.9770740845878285,-0.7271588287855195,-6.6327152081992695,-5.415894633733811,-3.00557408458783,0.44455445544554456,0.45422149122807015,0.45184426229508196,0.4669659300184162
a7x3_F3_aggtrades_cross_symbol_dispersion_24_f2b56fd363e5__ctrl_row_shuffle_12ce87bf5bff,a7x3_F3_aggtrades_cross_symbol_dispersion_24_f2b56fd363e5,control,row_shuffle,F3_aggtrades_cross_symbol_dispersion,"Mul(CrossSymbolRank(agg_flow_minus_ethusdt_4h),ZScore(mark_index_ratio))",24,480,7296,8783,4344,0.9504950495049505,1.0,0.9998861566484517,1.0,-0.036458333333333,0.0029468201754389812,-0.00745758852328326,-0.0276243093922648,-0.3308774820087306,-6.045873611588167,-3.013779749456617,-0.17859830702213986,-0.6593774820087306,-10.876873611588167,-8.843779749456619,-3.072598307022141,0.6504950495049505,0.6621436403508771,0.6637067395264117,0.666206261510129
a7x3_F3_aggtrades_cross_symbol_dispersion_24_f2b56fd363e5__ctrl_sign_flip_65fce9faa25f,a7x3_F3_aggtrades_cross_symbol_dispersion_24_f2b56fd363e5,control,sign_flip,F3_aggtrades_cross_symbol_dispersion,"Mul(CrossSymbolRank(agg_flow_minus_ethusdt_4h),ZScore(mark_index_ratio))",24,480,7296,8783,4344,0.9504950495049505,1.0,0.9998861566484517,1.0,-0.026041666666666363,0.0038377192982459044,0.03819879312307896,0.016344383057090472,0.053658828785519086,-3.309284791800737,-6.491105366266197,-3.0799259154121748,-0.17084117121448095,-6.623284791800739,-10.4601053662662,-5.108425915412176,0.44455445544554456,0.45422149122807015,0.45184426229508196,0.4669659300184162
a7x3_F3_aggtrades_cross_symbol_dispersion_24_f2b56fd363e5__ctrl_time_shuffle_5a121db21c57,a7x3_F3_aggtrades_cross_symbol_dispersion_24_f2b56fd363e5,control,time_shuffle,F3_aggtrades_cross_symbol_dispersion,"Mul(CrossSymbolRank(agg_flow_minus_ethusdt_4h),ZScore(mark_index_ratio))",24,480,7285,8773,4340,0.9504950495049505,0.9984923245614035,0.998747723132969,0.9990791896869244,0.05312500000000037,0.02697323266987,0.013108400775105833,0.005184331797235443,-0.2857933213821445,-6.553279346459882,-7.675832304485561,-3.392361824574074,-0.5982933213821445,-11.320279346459882,-13.319332304485563,-6.200861824574075,0.6188118811881188,0.6533717105263158,0.6424749544626593,0.6465239410681399
a7x3_F3_aggtrades_cross_symbol_dispersion_24_f2b56fd363e5__ctrl_wrong_lag_982fec6bad1f,a7x3_F3_aggtrades_cross_symbol_dispersion_24_f2b56fd363e5,control,wrong_lag,F3_aggtrades_cross_symbol_dispersion,"Mul(CrossSymbolRank(agg_flow_minus_ethusdt_4h),ZScore(mark_index_ratio))",24,480,7296,8759,4344,0.9504950495049505,1.0,0.9971539162112932,1.0,0.06875000000000044,0.01233552631578993,-0.042984358945084664,0.03188305709023987,-0.6984648817005638,-2.3320442694953987,-0.0227911524208686,-4.1537194368957575,-0.9219648817005637,-5.6490442694954,-3.98479115242087,-6.174719436895758,0.4425742574257426,0.4546326754385965,0.45104735883424407,0.4652394106813996
a7x3_F4_symbol_tier_neutralized_aggtrades_24_022780a961bc,a7x3_F4_symbol_tier_neutralized_aggtrades_24_022780a961bc,candidate,original,F4_symbol_tier_neutralized_aggtrades,"Mul(ZScore(RelativeToBTC(agg_flow_minus_btcusdt_4h)),Rank(ret_12))",24,480,7296,8772,4344,0.9504950495049505,1.0,0.9986338797814208,1.0,0.11041666666666702,0.008155153508772356,0.01704286365709114,-0.004028545119704913,0.13106883058681273,-1.4708079562148866,-0.3215234580127999,-0.8286865491549203,-0.01093116941318728,-3.8438079562148877,-3.2390234580128023,-2.3031865491549213,0.2811881188118812,0.32524671052631576,0.3321379781420765,0.33943370165745856
a7x3_F4_symbol_tier_neutralized_aggtrades_24_022780a961bc__ctrl_row_shuffle_ded08e30175a,a7x3_F4_symbol_tier_neutralized_aggtrades_24_022780a961bc,control,row_shuffle,F4_symbol_tier_neutralized_aggtrades,"Mul(ZScore(RelativeToBTC(agg_flow_minus_btcusdt_4h)),Rank(ret_12))",24,480,7296,8772,4344,0.9504950495049505,1.0,0.9986338797814208,1.0,0.007291666666667003,-0.009114583333332937,0.012197902416781009,-0.01335174953959442,-0.2577519831014121,-4.923466652635592,-4.086102180819324,-2.7423455986437397,-0.5697519831014122,-9.827466652635593,-9.955602180819326,-5.626845598643741,0.6178217821782178,0.6721491228070176,0.6682035519125683,0.6640193370165746
a7x3_F4_symbol_tier_neutralized_aggtrades_24_022780a961bc__ctrl_sign_flip_9404df162d86,a7x3_F4_symbol_tier_neutralized_aggtrades_24_022780a961bc,control,sign_flip,F4_symbol_tier_neutralized_aggtrades,"Mul(ZScore(RelativeToBTC(agg_flow_minus_btcusdt_4h)),Rank(ret_12))",24,480,7296,8772,4344,0.9504950495049505,1.0,0.9986338797814208,1.0,-0.11041666666666629,-0.008155153508771579,-0.017042863657090405,0.004028545119705648,-0.415068830586813,-3.275192043785118,-5.513476541987205,-2.1203134508450816,-0.557068830586813,-5.6481920437851185,-8.430976541987206,-3.5948134508450833,0.2811881188118812,0.32524671052631576,0.3321379781420765,0.33943370165745856
a7x3_F4_symbol_tier_neutralized_aggtrades_24_022780a961bc__ctrl_time_shuffle_8fabcf6a0488,a7x3_F4_symbol_tier_neutralized_aggtrades_24_022780a961bc,control,time_shuffle,F4_symbol_tier_neutralized_aggtrades,"Mul(ZScore(RelativeToBTC(agg_flow_minus_btcusdt_4h)),Rank(ret_12))",24,480,7282,8770,4335,0.9504950495049505,0.9980811403508771,0.9984061930783242,0.9979281767955801,-0.024999999999999585,0.0116039549574297,0.00501710376282821,0.02768166089965439,-0.44734399554010706,-4.309206157181937,-7.534510638628068,-2.1213476909582285,-0.7743439955401071,-9.109706157181938,-13.28951063862807,-4.977347690958229,0.6475247524752475,0.6579632675438597,0.6551684881602914,0.6574585635359116
a7x3_F4_symbol_tier_neutralized_aggtrades_24_022780a961bc__ctrl_wrong_lag_1ab1f7ffa007,a7x3_F4_symbol_tier_neutralized_aggtrades_24_022780a961bc,control,wrong_lag,F4_symbol_tier_neutralized_aggtrades,"Mul(ZScore(RelativeToBTC(agg_flow_minus_btcusdt_4h)),Rank(ret_12))",24,480,7296,8748,4344,0.9504950495049505,1.0,0.9959016393442623,1.0,0.1156250000000003,0.018845942982456534,0.01891860996799306,-0.004719152854511568,0.48535273190523204,-1.3190476461451552,-0.004385921167175066,-3.5160028894434285,0.34435273190523197,-3.6935476461451566,-2.9173859211671758,-4.98850288944343,0.27920792079207923,0.3254523026315789,0.3316256830601093,0.3389732965009208
a7x3_F4_symbol_tier_neutralized_aggtrades_24_036a07fd2342,a7x3_F4_symbol_tier_neutralized_aggtrades_24_036a07fd2342,candidate,original,F4_symbol_tier_neutralized_aggtrades,"Mul(ZScore(RelativeToBTC(agg_cross_symbol_signed_flow_share)),Rank(premium_index))",24,480,7296,8784,4344,0.9504950495049505,1.0,1.0,1.0,0.005208333333333767,0.019257127192982823,0.00045537340619342294,0.016689686924493907,-0.39702507128290704,-3.1743319097424942,-3.0775956555120336,-1.589618737435895,-0.704025071282907,-7.879831909742494,-8.948095655512036,-4.4736187374358956,0.6079207920792079,0.6449424342105263,0.6683173952641166,0.6639042357274402
a7x3_F4_symbol_tier_neutralized_aggtrades_24_036a07fd2342__ctrl_row_shuffle_2d702a024d91,a7x3_F4_symbol_tier_neutralized_aggtrades_24_036a07fd2342,control,row_shuffle,F4_symbol_tier_neutralized_aggtrades,"Mul(ZScore(RelativeToBTC(agg_cross_symbol_signed_flow_share)),Rank(premium_index))",24,480,7296,8784,4344,0.9504950495049505,1.0,1.0,1.0,0.015625000000000333,-0.01891447368421013,-0.008822859744990518,0.013351749539595191,-0.30367347199032013,-5.94324809368902,-7.104695786319706,-2.721475985107137,-0.6311734719903201,-10.803248093689021,-12.956195786319707,-5.6499759851071385,0.6485148514851485,0.6661184210526315,0.6661543715846995,0.6741482504604052
a7x3_F4_symbol_tier_neutralized_aggtrades_24_036a07fd2342__ctrl_sign_flip_ff2641b4c1d0,a7x3_F4_symbol_tier_neutralized_aggtrades_24_036a07fd2342,control,sign_flip,F4_symbol_tier_neutralized_aggtrades,"Mul(ZScore(RelativeToBTC(agg_cross_symbol_signed_flow_share)),Rank(premium_index))",24,480,7296,8784,4344,0.9504950495049505,1.0,1.0,1.0,-0.005208333333332978,-0.019257127192982035,-0.0004553734061926965,-0.016689686924493147,-0.21697492871709334,-6.236668090257513,-8.663404344487976,-4.17838126256411,-0.5239749287170934,-10.942168090257514,-14.53390434448798,-7.062381262564111,0.6079207920792079,0.6449424342105263,0.6683173952641166,0.6639042357274402
a7x3_F4_symbol_tier_neutralized_aggtrades_24_036a07fd2342__ctrl_time_shuffle_1f5cce99222a,a7x3_F4_symbol_tier_neutralized_aggtrades_24_036a07fd2342,control,time_shuffle,F4_symbol_tier_neutralized_aggtrades,"Mul(ZScore(RelativeToBTC(agg_cross_symbol_signed_flow_share)),Rank(premium_index))",24,480,7285,8775,4339,0.9504950495049505,0.9984923245614035,0.9989754098360656,0.9988489871086557,-0.049999999999999566,-0.012834591626629676,0.020170940170940503,-0.021779211799953548,-0.5447824638000557,-5.580694636445438,-3.197435298067224,-4.60922561647372,-0.8637824638000556,-10.406194636445438,-8.973935298067225,-7.4647256164737215,0.6316831683168317,0.661389802631579,0.6576161202185792,0.6573434622467772
a7x3_F4_symbol_tier_neutralized_aggtrades_24_036a07fd2342__ctrl_wrong_lag_d8514c9fcf0f,a7x3_F4_symbol_tier_neutralized_aggtrades_24_036a07fd2342,control,wrong_lag,F4_symbol_tier_neutralized_aggtrades,"Mul(ZScore(RelativeToBTC(agg_cross_symbol_signed_flow_share)),Rank(premium_index))",24,480,7296,8760,4344,0.9504950495049505,1.0,0.9972677595628415,1.0,0.06354166666666698,0.006921600877193348,0.00410958904109622,-0.011510128913443461,-0.12693561956040764,-4.514166625343717,-4.215207092149026,-3.8482238873300645,-0.4319356195604077,-9.222166625343718,-10.070207092149026,-6.730223887330065,0.6039603960396039,0.6452850877192983,0.6665528233151184,0.6634438305709024
a7x3_F4_symbol_tier_neutralized_aggtrades_24_04b2a9ed3946,a7x3_F4_symbol_tier_neutralized_aggtrades_24_04b2a9ed3946,candidate,original,F4_symbol_tier_neutralized_aggtrades,"Mul(ZScore(RelativeToBTC(agg_signed_flow_z_24h)),Rank(ret_12))",24,480,7296,8772,4344,0.9504950495049505,1.0,0.9986338797814208,1.0,-0.009374999999999627,-0.0018503289473680428,-0.01989284085727276,0.004719152854512334,-0.039305399272987596,-3.5585014134836164,-4.520946709956368,-3.5299359423791676,-0.3418053992729876,-8.168501413483618,-10.218446709956368,-6.344935942379169,0.599009900990099,0.6318530701754386,0.6486224954462659,0.6480202578268877
a7x3_F4_symbol_tier_neutralized_aggtrades_24_04b2a9ed3946__ctrl_row_shuffle_499eacd028e5,a7x3_F4_symbol_tier_neutralized_aggtrades_24_04b2a9ed3946,control,row_shuffle,F4_symbol_tier_neutralized_aggtrades,"Mul(ZScore(RelativeToBTC(agg_signed_flow_z_24h)),Rank(ret_12))",24,480,7296,8772,4344,0.9504950495049505,1.0,0.9986338797814208,1.0,0.036458333333333585,0.007812500000000385,-0.0025649794801637952,-0.008862799263351366,-0.5667962508251209,-4.10643013288607,-5.22330358771524,-1.70995322836816,-0.8907962508251208,-8.98793013288607,-11.119803587715243,-4.582953228368161,0.6415841584158416,0.6690652412280702,0.6712773224043715,0.6613720073664825
a7x3_F4_symbol_tier_neutralized_aggtrades_24_04b2a9ed3946__ctrl_sign_flip_0eaea46ecbc5,a7x3_F4_symbol_tier_neutralized_aggtrades_24_04b2a9ed3946,control,sign_flip,F4_symbol_tier_neutralized_aggtrades,"Mul(ZScore(RelativeToBTC(agg_signed_flow_z_24h)),Rank(ret_12))",24,480,7296,8772,4344,0.9504950495049505,1.0,0.9986338797814208,1.0,0.009375000000000308,0.0018503289473688039,0.019892840857273497,-0.004719152854511608,-0.5656946007270128,-5.661498586516391,-6.874053290043642,-2.1000640576208367,-0.8681946007270128,-10.271498586516392,-12.571553290043646,-4.915064057620838,0.599009900990099,0.6318530701754386,0.6486224954462659,0.6480202578268877
a7x3_F4_symbol_tier_neutralized_aggtrades_24_04b2a9ed3946__ctrl_time_shuffle_0384923f7dfb,a7x3_F4_symbol_tier_neutralized_aggtrades_24_04b2a9ed3946,control,time_shuffle,F4_symbol_tier_neutralized_aggtrades,"Mul(ZScore(RelativeToBTC(agg_signed_flow_z_24h)),Rank(ret_12))",24,477,7283,8770,4337,0.9445544554455445,0.9982182017543859,0.9984061930783242,0.9983885819521179,0.03459119496855383,0.013867911574900825,0.002280501710376635,0.023287987087849096,-0.6165307623595073,-5.663996464575462,-7.0109255143122,-3.168553350812534,-0.9410307623595073,-10.532996464575461,-12.837925514312204,-6.086553350812535,0.6425742574257426,0.6673519736842105,0.6633652094717668,0.671731123388582
a7x3_F4_symbol_tier_neutralized_aggtrades_24_04b2a9ed3946__ctrl_wrong_lag_a408b9b01f20,a7x3_F4_symbol_tier_neutralized_aggtrades_24_04b2a9ed3946,control,wrong_lag,F4_symbol_tier_neutralized_aggtrades,"Mul(ZScore(RelativeToBTC(agg_signed_flow_z_24h)),Rank(ret_12))",24,480,7296,8748,4344,0.9504950495049505,1.0,0.9959016393442623,1.0,0.027083333333333688,0.00918311403508808,-0.004058070416094745,0.015768876611418375,-0.3734551102702893,-4.485838217415172,-5.1944206833135915,-2.877936418226426,-0.6744551102702894,-9.096338217415173,-10.876920683313593,-5.694436418226427,0.596039603960396,0.631921600877193,0.6469148451730419,0.6483655616942909
a7x3_F4_symbol_tier_neutralized_aggtrades_24_0c5ae757097f,a7x3_F4_symbol_tier_neutralized_aggtrades_24_0c5ae757097f,candidate,original,F4_symbol_tier_neutralized_aggtrades,"Mul(ZScore(RelativeToBTC(agg_buy_notional_share)),Rank(premium_index))",24,480,7296,8784,4344,0.9504950495049505,1.0,1.0,1.0,0.048958333333333666,0.017132675438596878,-0.004724499089252806,0.012200736648250833,-0.40334319624833437,-5.713687322481607,-5.407297962510009,-3.4747615318313527,-0.7208431962483343,-10.417687322481608,-11.24029796251001,-6.362261531831354,0.6287128712871287,0.6447368421052632,0.6640482695810564,0.6647099447513812
a7x3_F4_symbol_tier_neutralized_aggtrades_24_0c5ae757097f__ctrl_row_shuffle_e01301d3334c,a7x3_F4_symbol_tier_neutralized_aggtrades_24_0c5ae757097f,control,row_shuffle,F4_symbol_tier_neutralized_aggtrades,"Mul(ZScore(RelativeToBTC(agg_buy_notional_share)),Rank(premium_index))",24,480,7296,8784,4344,0.9504950495049505,1.0,1.0,1.0,-0.02812499999999961,0.0004111842105266849,-0.0037568306010925404,-0.001956721915285066,-0.14893190456976718,-4.964760548772546,-4.99792329354268,-3.654957911705793,-0.4614319045697672,-9.848260548772547,-10.82092329354268,-6.558457911705794,0.6188118811881188,0.6693393640350878,0.6629098360655737,0.6683931860036832
a7x3_F4_symbol_tier_neutralized_aggtrades_24_0c5ae757097f__ctrl_sign_flip_7626a24dd8b7,a7x3_F4_symbol_tier_neutralized_aggtrades_24_0c5ae757097f,control,sign_flip,F4_symbol_tier_neutralized_aggtrades,"Mul(ZScore(RelativeToBTC(agg_buy_notional_share)),Rank(premium_index))",24,480,7296,8784,4344,0.9504950495049505,1.0,1.0,1.0,-0.048958333333333,-0.01713267543859611,0.004724499089253533,-0.012200736648250103,-0.23165680375166608,-3.694312677518401,-6.258702037490002,-2.3002384681686525,-0.5491568037516661,-8.398312677518401,-12.091702037490002,-5.187738468168654,0.6287128712871287,0.6447368421052632,0.6640482695810564,0.6647099447513812
a7x3_F4_symbol_tier_neutralized_aggtrades_24_0c5ae757097f__ctrl_time_shuffle_a9b6f3a7cc97,a7x3_F4_symbol_tier_neutralized_aggtrades_24_0c5ae757097f,control,time_shuffle,F4_symbol_tier_neutralized_aggtrades,"Mul(ZScore(RelativeToBTC(agg_buy_notional_share)),Rank(premium_index))",24,479,7291,8773,4336,0.9485148514851485,0.9993146929824561,0.998747723132969,0.998158379373849,0.02818371607515692,0.004114661911946642,0.012652456400319527,0.0010378228782291759,-0.4897997892134446,-5.9509580409407015,-5.992683127123344,-3.180088410954399,-0.8087997892134448,-10.8384580409407,-11.853683127123347,-6.0555884109544,0.6316831683168317,0.6698876096491229,0.667235883424408,0.6619475138121547
a7x3_F4_symbol_tier_neutralized_aggtrades_24_0c5ae757097f__ctrl_wrong_lag_cef49446eb61,a7x3_F4_symbol_tier_neutralized_aggtrades_24_0c5ae757097f,control,wrong_lag,F4_symbol_tier_neutralized_aggtrades,"Mul(ZScore(RelativeToBTC(agg_buy_notional_share)),Rank(premium_index))",24,480,7296,8760,4344,0.9504950495049505,1.0,0.9972677595628415,1.0,0.0718750000000003,0.00479714912280742,0.009646118721461565,0.004834254143646779,-0.6152392816785017,-3.718763289832337,-7.0559950603545065,-1.6424968688998511,-0.9327392816785018,-8.424263289832338,-12.873995060354506,-4.526996868899852,0.6287128712871287,0.6449424342105263,0.6623406193078324,0.6640193370165746
a7x3_F4_symbol_tier_neutralized_aggtrades_24_4331d79d08a0,a7x3_F4_symbol_tier_neutralized_aggtrades_24_4331d79d08a0,candidate,original,F4_symbol_tier_neutralized_aggtrades,"Mul(ZScore(RelativeToBTC(agg_flow_minus_ethusdt_4h)),Rank(premium_index))",24,480,7296,8783,4344,0.9504950495049505,1.0,0.9998861566484517,1.0,0.11666666666666702,0.01459703947368463,0.009848571103268065,-0.0005755064456717687,0.17340749500069763,-1.1279110490941189,-2.1435726514257327,0.32250040635719285,0.016907495000697603,-3.5469110490941196,-5.1500726514257344,-1.1904995936428082,0.3099009900990099,0.3315515350877193,0.34227003642987247,0.3482965009208103
a7x3_F4_symbol_tier_neutralized_aggtrades_24_4331d79d08a0__ctrl_row_shuffle_fc009848b4c4,a7x3_F4_symbol_tier_neutralized_aggtrades_24_4331d79d08a0,control,row_shuffle,F4_symbol_tier_neutralized_aggtrades,"Mul(ZScore(RelativeToBTC(agg_flow_minus_ethusdt_4h)),Rank(premium_index))",24,480,7296,8783,4344,0.9504950495049505,1.0,0.9998861566484517,1.0,-0.03958333333333294,0.005962171052631954,0.005180462256632492,0.017610497237569418,-0.7360121221861902,-4.273045376254014,-4.396209032025677,-1.8954193125843102,-1.0585121221861902,-9.213045376254016,-10.24470903202568,-4.767919312584311,0.6386138613861386,0.6770833333333334,0.6658128415300546,0.6612569060773481
a7x3_F4_symbol_tier_neutralized_aggtrades_24_4331d79d08a0__ctrl_sign_flip_cf760a2a7c30,a7x3_F4_symbol_tier_neutralized_aggtrades_24_4331d79d08a0,control,sign_flip,F4_symbol_tier_neutralized_aggtrades,"Mul(ZScore(RelativeToBTC(agg_flow_minus_ethusdt_4h)),Rank(premium_index))",24,480,7296,8783,4344,0.9504950495049505,1.0,0.9998861566484517,1.0,-0.11666666666666625,-0.014597039473683862,-0.009848571103267343,0.0005755064456724998,-0.4864074950006979,-3.7100889509058854,-3.8694273485742716,-3.3485004063571955,-0.6429074950006979,-6.129088950905887,-6.875927348574274,-4.861500406357196,0.3099009900990099,0.3315515350877193,0.34227003642987247,0.3482965009208103
a7x3_F4_symbol_tier_neutralized_aggtrades_24_4331d79d08a0__ctrl_time_shuffle_d4cb3dc459a5,a7x3_F4_symbol_tier_neutralized_aggtrades_24_4331d79d08a0,control,time_shuffle,F4_symbol_tier_neutralized_aggtrades,"Mul(ZScore(RelativeToBTC(agg_flow_minus_ethusdt_4h)),Rank(premium_index))",24,480,7285,8775,4338,0.9504950495049505,0.9984923245614035,0.9989754098360656,0.9986187845303868,0.03020833333333372,0.021070693205216613,0.005868945868946262,0.00449515905947482,-0.3002765363517823,-3.559662813841694,-6.874089275976939,-4.083832123627577,-0.6012765363517822,-8.390162813841695,-12.692589275976939,-6.934332123627577,0.596039603960396,0.6620751096491229,0.6623975409836066,0.6561924493554327
a7x3_F4_symbol_tier_neutralized_aggtrades_24_4331d79d08a0__ctrl_wrong_lag_0de0f34feb7b,a7x3_F4_symbol_tier_neutralized_aggtrades_24_4331d79d08a0,control,wrong_lag,F4_symbol_tier_neutralized_aggtrades,"Mul(ZScore(RelativeToBTC(agg_flow_minus_ethusdt_4h)),Rank(premium_index))",24,480,7296,8759,4344,0.9504950495049505,1.0,0.9971539162112932,1.0,0.11770833333333365,0.008566337719298652,0.02174905811165696,-0.00046040515653734265,0.4156709077932437,-2.4410801721096593,0.5701939558169712,-3.2493673849603146,0.2616709077932437,-4.8635801721096605,-2.4298060441830307,-4.761367384960316,0.30495049504950494,0.33203125,0.34153005464480873,0.34806629834254144
a7x3_F4_symbol_tier_neutralized_aggtrades_24_57dc96eaf27d,a7x3_F4_symbol_tier_neutralized_aggtrades_24_57dc96eaf27d,candidate,original,F4_symbol_tier_neutralized_aggtrades,"Mul(ZScore(RelativeToBTC(agg_large_notional_share_4h)),Rank(ret_12))",24,480,7296,8772,4344,0.9504950495049505,1.0,0.9986338797814208,1.0,0.03854166666666723,0.07922149122807082,0.09553123575011452,0.1029005524861884,-0.4559498218525959,0.5332365252899693,-0.339595580068911,2.2993870100224627,-0.502449821852596,0.26773652528996994,-0.4470955800689107,2.1113870100224617,0.09207920792079208,0.03638980263157895,0.01223816029143898,0.0432780847145488
a7x3_F4_symbol_tier_neutralized_aggtrades_24_57dc96eaf27d__ctrl_row_shuffle_147ac5b431af,a7x3_F4_symbol_tier_neutralized_aggtrades_24_57dc96eaf27d,control,row_shuffle,F4_symbol_tier_neutralized_aggtrades,"Mul(ZScore(RelativeToBTC(agg_large_notional_share_4h)),Rank(ret_12))",24,480,7296,8772,4344,0.9504950495049505,1.0,0.9986338797814208,1.0,-0.023958333333332957,0.019188596491228428,0.007637938896489186,-0.012430939226518955,-0.2836791692696549,-4.351004553503822,-4.097835633115957,-3.5162583974220323,-0.603679169269655,-9.239504553503824,-9.930835633115958,-6.395258397422033,0.6336633663366337,0.6700246710526315,0.6640482695810564,0.6627532228360957
a7x3_F4_symbol_tier_neutralized_aggtrades_24_57dc96eaf27d__ctrl_sign_flip_9d4c586c8af0,a7x3_F4_symbol_tier_neutralized_aggtrades_24_57dc96eaf27d,control,sign_flip,F4_symbol_tier_neutralized_aggtrades,"Mul(ZScore(RelativeToBTC(agg_large_notional_share_4h)),Rank(ret_12))",24,480,7296,8772,4344,0.9504950495049505,1.0,0.9986338797814208,1.0,-0.038541666666666356,-0.07922149122807007,-0.09553123575011385,-0.10290055248618764,0.36294982185259594,-1.0642365252899708,0.12459558006891092,-2.675387010022462,0.31644982185259607,-1.3297365252899702,0.017095580068910543,-2.8633870100224628,0.09207920792079208,0.03638980263157895,0.01223816029143898,0.0432780847145488
a7x3_F4_symbol_tier_neutralized_aggtrades_24_57dc96eaf27d__ctrl_time_shuffle_a6880bd5ce9c,a7x3_F4_symbol_tier_neutralized_aggtrades_24_57dc96eaf27d,control,time_shuffle,F4_symbol_tier_neutralized_aggtrades,"Mul(ZScore(RelativeToBTC(agg_large_notional_share_4h)),Rank(ret_12))",24,480,7283,8766,4338,0.9504950495049505,0.9982182017543859,0.9979508196721312,0.9986187845303868,0.0916666666666671,0.0849237951393663,0.09536846908510205,0.10361917934532103,-0.45354425334152326,0.6315431404989122,-0.9727996318185952,2.3287031459789373,-0.4890442533415231,0.07204314049891192,-1.621799631818596,2.002203145978937,0.0702970297029703,0.0766858552631579,0.07388433515482695,0.07516114180478821
a7x3_F4_symbol_tier_neutralized_aggtrades_24_57dc96eaf27d__ctrl_wrong_lag_e7735b5ca184,a7x3_F4_symbol_tier_neutralized_aggtrades_24_57dc96eaf27d,control,wrong_lag,F4_symbol_tier_neutralized_aggtrades,"Mul(ZScore(RelativeToBTC(agg_large_notional_share_4h)),Rank(ret_12))",24,480,7296,8748,4344,0.9504950495049505,1.0,0.9959016393442623,1.0,0.046875000000000486,0.08059210526315855,0.09333561957018799,0.1092311233885825,-0.3361926900864527,1.0235176638034353,-1.002624515228531,1.7714275325954483,-0.3831926900864526,0.759517663803436,-1.1091245152285298,1.5834275325954488,0.09306930693069307,0.03618421052631579,0.01212431693989071,0.0432780847145488
a7x3_F4_symbol_tier_neutralized_aggtrades_24_7d0a87607ee4,a7x3_F4_symbol_tier_neutralized_aggtrades_24_7d0a87607ee4,candidate,original,F4_symbol_tier_neutralized_aggtrades,"Mul(ZScore(RelativeToBTC(agg_flow_minus_btcusdt_4h)),Rank(premium_index))",24,480,7296,8783,4344,0.9504950495049505,1.0,0.9998861566484517,1.0,0.11666666666666702,0.01459703947368463,0.009848571103268065,-0.0005755064456717687,0.17340749500069763,-1.1279110490941189,-2.1435726514257327,0.32250040635719285,0.016907495000697603,-3.5469110490941196,-5.1500726514257344,-1.1904995936428082,0.3099009900990099,0.3315515350877193,0.34227003642987247,0.3482965009208103
a7x3_F4_symbol_tier_neutralized_aggtrades_24_7d0a87607ee4__ctrl_row_shuffle_1ff88792cd3e,a7x3_F4_symbol_tier_neutralized_aggtrades_24_7d0a87607ee4,control,row_shuffle,F4_symbol_tier_neutralized_aggtrades,"Mul(ZScore(RelativeToBTC(agg_flow_minus_btcusdt_4h)),Rank(premium_index))",24,480,7296,8783,4344,0.9504950495049505,1.0,0.9998861566484517,1.0,0.04270833333333363,-0.00034265350877155,0.013264260503245254,-0.004373848987108284,-0.019206601531169685,-5.369929871392948,-5.749179884631037,-4.182463380213589,-0.33120660153116976,-10.273429871392949,-11.60767988463104,-7.12946338021359,0.6178217821782178,0.6720805921052632,0.6669512750455373,0.6784069981583793
a7x3_F4_symbol_tier_neutralized_aggtrades_24_7d0a87607ee4__ctrl_sign_flip_c579eb899655,a7x3_F4_symbol_tier_neutralized_aggtrades_24_7d0a87607ee4,control,sign_flip,F4_symbol_tier_neutralized_aggtrades,"Mul(ZScore(RelativeToBTC(agg_flow_minus_btcusdt_4h)),Rank(premium_index))",24,480,7296,8783,4344,0.9504950495049505,1.0,0.9998861566484517,1.0,-0.11666666666666625,-0.014597039473683862,-0.009848571103267343,0.0005755064456724998,-0.4864074950006979,-3.7100889509058854,-3.8694273485742716,-3.3485004063571955,-0.6429074950006979,-6.129088950905887,-6.875927348574274,-4.861500406357196,0.3099009900990099,0.3315515350877193,0.34227003642987247,0.3482965009208103
a7x3_F4_symbol_tier_neutralized_aggtrades_24_7d0a87607ee4__ctrl_time_shuffle_204ca54192d8,a7x3_F4_symbol_tier_neutralized_aggtrades_24_7d0a87607ee4,control,time_shuffle,F4_symbol_tier_neutralized_aggtrades,"Mul(ZScore(RelativeToBTC(agg_flow_minus_btcusdt_4h)),Rank(premium_index))",24,480,7287,8774,4337,0.9504950495049505,0.998766447368421,0.9988615664845173,0.9983885819521179,-0.04479166666666624,0.01612460546178167,0.007123318896740751,0.016486050265160656,-0.45962119424458026,-3.8247283830941647,-6.9343405808504555,-1.1045148893821497,-0.7686211942445802,-8.623228383094165,-12.698340580850457,-3.9820148893821505,0.6118811881188119,0.6576891447368421,0.6561930783242259,0.6624079189686924
a7x3_F4_symbol_tier_neutralized_aggtrades_24_7d0a87607ee4__ctrl_wrong_lag_a4096c86c971,a7x3_F4_symbol_tier_neutralized_aggtrades_24_7d0a87607ee4,control,wrong_lag,F4_symbol_tier_neutralized_aggtrades,"Mul(ZScore(RelativeToBTC(agg_flow_minus_btcusdt_4h)),Rank(premium_index))",24,480,7296,8759,4344,0.9504950495049505,1.0,0.9971539162112932,1.0,0.11770833333333365,0.008566337719298652,0.02174905811165696,-0.00046040515653734265,0.4156709077932437,-2.4410801721096593,0.5701939558169712,-3.2493673849603146,0.2616709077932437,-4.8635801721096605,-2.4298060441830307,-4.761367384960316,0.30495049504950494,0.33203125,0.34153005464480873,0.34806629834254144
a7x3_F4_symbol_tier_neutralized_aggtrades_24_90f4123f1f4f,a7x3_F4_symbol_tier_neutralized_aggtrades_24_90f4123f1f4f,candidate,original,F4_symbol_tier_neutralized_aggtrades,"Mul(ZScore(RelativeToBTC(agg_vwap_close_bps)),Rank(ret_12))",24,480,7296,8772,4344,0.9504950495049505,1.0,0.9986338797814208,1.0,-0.011458333333332975,-0.005619517543859283,-0.002393980848152843,-0.020948434622467364,-0.4377424205577801,-4.969590874974129,-5.649709020131194,-1.5678376945541588,-0.7672424205577801,-9.898590874974131,-11.597709020131195,-4.52033769455416,0.6524752475247525,0.6755756578947368,0.6771402550091075,0.6796731123388582
a7x3_F4_symbol_tier_neutralized_aggtrades_24_90f4123f1f4f__ctrl_row_shuffle_05466adb1982,a7x3_F4_symbol_tier_neutralized_aggtrades_24_90f4123f1f4f,control,row_shuffle,F4_symbol_tier_neutralized_aggtrades,"Mul(ZScore(RelativeToBTC(agg_vwap_close_bps)),Rank(ret_12))",24,480,7296,8772,4344,0.9504950495049505,1.0,0.9986338797814208,1.0,-0.031249999999999688,0.022272478070175808,0.01105791153670806,0.0008057090239414333,-0.35058073779390614,-6.546708374460332,-7.314588406236502,-3.3648010215737756,-0.6705807377939061,-11.379208374460333,-13.145088406236503,-6.282301021573777,0.6336633663366337,0.6623492324561403,0.6637636612021858,0.6716160220994475
a7x3_F4_symbol_tier_neutralized_aggtrades_24_90f4123f1f4f__ctrl_sign_flip_75fbae71cd54,a7x3_F4_symbol_tier_neutralized_aggtrades_24_90f4123f1f4f,control,sign_flip,F4_symbol_tier_neutralized_aggtrades,"Mul(ZScore(RelativeToBTC(agg_vwap_close_bps)),Rank(ret_12))",24,480,7296,8772,4344,0.9504950495049505,1.0,0.9986338797814208,1.0,0.011458333333333704,0.005619517543860025,0.0023939808481535673,0.02094843462246811,-0.2212575794422203,-4.888409125025878,-6.2462909798688155,-4.337162305445846,-0.5507575794422203,-9.817409125025879,-12.194290979868818,-7.289662305445847,0.6524752475247525,0.6755756578947368,0.6771402550091075,0.6796731123388582
a7x3_F4_symbol_tier_neutralized_aggtrades_24_90f4123f1f4f__ctrl_time_shuffle_ac796871474a,a7x3_F4_symbol_tier_neutralized_aggtrades_24_90f4123f1f4f,control,time_shuffle,F4_symbol_tier_neutralized_aggtrades,"Mul(ZScore(RelativeToBTC(agg_vwap_close_bps)),Rank(ret_12))",24,479,7286,8763,4339,0.9485148514851485,0.9986293859649122,0.9976092896174863,0.9988489871086557,0.006263048016701821,0.0009607466373871427,0.0019399748944429025,-0.013482369209494895,-0.3990204437387196,-4.713732922789303,-6.021576132975254,-2.4201121437316306,-0.6995204437387197,-9.569732922789305,-11.881076132975258,-5.313612143731632,0.595049504950495,0.6655701754385965,0.6670651183970856,0.6660911602209945
a7x3_F4_symbol_tier_neutralized_aggtrades_24_90f4123f1f4f__ctrl_wrong_lag_c68eba25c037,a7x3_F4_symbol_tier_neutralized_aggtrades_24_90f4123f1f4f,control,wrong_lag,F4_symbol_tier_neutralized_aggtrades,"Mul(ZScore(RelativeToBTC(agg_vwap_close_bps)),Rank(ret_12))",24,480,7296,8748,4344,0.9504950495049505,1.0,0.9959016393442623,1.0,0.03541666666666698,-0.01740679824561364,0.0012574302697763167,0.0070211786372011125,-0.5718238263007169,-3.2823246960217567,-6.636910507891274,-3.9669179442272293,-0.901323826300717,-8.211324696021757,-12.571910507891277,-6.917917944227231,0.6524752475247525,0.6755756578947368,0.67566029143898,0.6793278084714549
a7x3_F4_symbol_tier_neutralized_aggtrades_24_9520448745f1,a7x3_F4_symbol_tier_neutralized_aggtrades_24_9520448745f1,candidate,original,F4_symbol_tier_neutralized_aggtrades,"Mul(ZScore(RelativeToBTC(agg_signed_flow_z_24h)),Rank(premium_index))",24,480,7296,8773,4344,0.9504950495049505,1.0,0.998747723132969,1.0,-0.032291666666666274,-0.0031524122807013717,-0.01732588624187812,-0.002532228360957268,0.11748484289990083,-3.638774888748845,-4.730089928677646,-3.0846621387249265,-0.18451515710009914,-8.279274888748846,-10.493089928677648,-5.929162138724928,0.598019801980198,0.6360334429824561,0.6560792349726776,0.6548112338858195
a7x3_F4_symbol_tier_neutralized_aggtrades_24_9520448745f1__ctrl_row_shuffle_0aaab699a9f2,a7x3_F4_symbol_tier_neutralized_aggtrades_24_9520448745f1,control,row_shuffle,F4_symbol_tier_neutralized_aggtrades,"Mul(ZScore(RelativeToBTC(agg_signed_flow_z_24h)),Rank(premium_index))",24,480,7296,8773,4344,0.9504950495049505,1.0,0.998747723132969,1.0,0.05937500000000027,-0.004454495614034713,-0.008434970933545735,0.005064456721915653,-0.3658264451434734,-3.438773349994339,-4.506631731102453,-2.3187936883176707,-0.6908264451434734,-8.31777334999434,-10.383631731102454,-5.227793688317671,0.6435643564356436,0.6687225877192983,0.6690573770491803,0.6696593001841621
a7x3_F4_symbol_tier_neutralized_aggtrades_24_9520448745f1__ctrl_sign_flip_7cdf891fe57c,a7x3_F4_symbol_tier_neutralized_aggtrades_24_9520448745f1,control,sign_flip,F4_symbol_tier_neutralized_aggtrades,"Mul(ZScore(RelativeToBTC(agg_signed_flow_z_24h)),Rank(premium_index))",24,480,7296,8773,4344,0.9504950495049505,1.0,0.998747723132969,1.0,0.03229166666666697,0.0031524122807021324,0.017325886241878845,0.002532228360957996,-0.7214848428999012,-5.642225111251163,-6.795910071322362,-2.604337861275078,-1.0234848428999013,-10.282725111251164,-12.558910071322364,-5.448837861275079,0.598019801980198,0.6360334429824561,0.6560792349726776,0.6548112338858195
a7x3_F4_symbol_tier_neutralized_aggtrades_24_9520448745f1__ctrl_time_shuffle_898074726bff,a7x3_F4_symbol_tier_neutralized_aggtrades_24_9520448745f1,control,time_shuffle,F4_symbol_tier_neutralized_aggtrades,"Mul(ZScore(RelativeToBTC(agg_signed_flow_z_24h)),Rank(premium_index))",24,480,7287,8768,4333,0.9504950495049505,0.998766447368421,0.9981785063752276,0.9974677716390423,-0.026041666666666283,0.00013723068478147394,-0.01151916058394125,0.011423955688899508,-0.3119167468280346,-4.556917259080088,-4.468596182321305,-2.646637381025205,-0.6244167468280347,-9.431417259080089,-10.335596182321307,-5.566637381025206,0.6188118811881188,0.6681058114035088,0.6679189435336976,0.6721915285451197
a7x3_F4_symbol_tier_neutralized_aggtrades_24_9520448745f1__ctrl_wrong_lag_a2d6f07ef5a0,a7x3_F4_symbol_tier_neutralized_aggtrades_24_9520448745f1,control,wrong_lag,F4_symbol_tier_neutralized_aggtrades,"Mul(ZScore(RelativeToBTC(agg_signed_flow_z_24h)),Rank(premium_index))",24,480,7296,8749,4344,0.9504950495049505,1.0,0.9960154826958105,1.0,0.029166666666667007,0.008703399122807386,-0.003257515144587602,0.01645948434622501,-0.423081442530477,-4.555163706862041,-5.543111303702459,-3.068102475636179,-0.725081442530477,-9.19366370686204,-11.29061130370246,-5.91460247563618,0.598019801980198,0.6357593201754386,0.6543146630236795,0.6552716390423573
a7x3_F4_symbol_tier_neutralized_aggtrades_24_9fce1a978df9,a7x3_F4_symbol_tier_neutralized_aggtrades_24_9fce1a978df9,candidate,original,F4_symbol_tier_neutralized_aggtrades,"Mul(ZScore(RelativeToBTC(agg_flow_imbalance_notional)),Rank(premium_index))",24,480,7296,8784,4344,0.9504950495049505,1.0,1.0,1.0,0.048958333333333666,0.017132675438596878,-0.004724499089252806,0.012200736648250833,-0.40334319624833437,-5.713687322481607,-5.407297962510009,-3.4747615318313527,-0.7208431962483343,-10.417687322481608,-11.24029796251001,-6.362261531831354,0.6287128712871287,0.6447368421052632,0.6640482695810564,0.6647099447513812
a7x3_F4_symbol_tier_neutralized_aggtrades_24_9fce1a978df9__ctrl_row_shuffle_917d4cac1336,a7x3_F4_symbol_tier_neutralized_aggtrades_24_9fce1a978df9,control,row_shuffle,F4_symbol_tier_neutralized_aggtrades,"Mul(ZScore(RelativeToBTC(agg_flow_imbalance_notional)),Rank(premium_index))",24,480,7296,8784,4344,0.9504950495049505,1.0,1.0,1.0,-0.0031249999999997,0.0028097587719302123,-0.0038137522768666716,-0.011855432780846742,-0.5263312723975841,-5.826692378948039,-5.465458752595529,-1.6629926170556195,-0.8458312723975842,-10.680692378948038,-11.324458752595529,-4.5274926170556204,0.6326732673267327,0.665296052631579,0.6670081967213115,0.6594152854511971
a7x3_F4_symbol_tier_neutralized_aggtrades_24_9fce1a978df9__ctrl_sign_flip_5e0d32a205d6,a7x3_F4_symbol_tier_neutralized_aggtrades_24_9fce1a978df9,control,sign_flip,F4_symbol_tier_neutralized_aggtrades,"Mul(ZScore(RelativeToBTC(agg_flow_imbalance_notional)),Rank(premium_index))",24,480,7296,8784,4344,0.9504950495049505,1.0,1.0,1.0,-0.048958333333333,-0.01713267543859611,0.004724499089253533,-0.012200736648250103,-0.23165680375166608,-3.694312677518401,-6.258702037490002,-2.3002384681686525,-0.5491568037516661,-8.398312677518401,-12.091702037490002,-5.187738468168654,0.6287128712871287,0.6447368421052632,0.6640482695810564,0.6647099447513812
a7x3_F4_symbol_tier_neutralized_aggtrades_24_9fce1a978df9__ctrl_time_shuffle_9ed94e32abd2,a7x3_F4_symbol_tier_neutralized_aggtrades_24_9fce1a978df9,control,time_shuffle,F4_symbol_tier_neutralized_aggtrades,"Mul(ZScore(RelativeToBTC(agg_flow_imbalance_notional)),Rank(premium_index))",24,480,7290,8773,4336,0.9504950495049505,0.9991776315789473,0.998747723132969,0.998158379373849,-0.026041666666666283,0.011591220850480513,0.005756297731677105,-0.0077260147601471785,0.12390305567838386,-6.000309232372777,-5.666925020766581,-3.4170408454450563,-0.1860969443216161,-10.796809232372777,-11.498925020766583,-6.2785408454450575,0.6138613861386139,0.6574150219298246,0.6639344262295082,0.6587246777163904
a7x3_F4_symbol_tier_neutralized_aggtrades_24_9fce1a978df9__ctrl_wrong_lag_4885426e9414,a7x3_F4_symbol_tier_neutralized_aggtrades_24_9fce1a978df9,control,wrong_lag,F4_symbol_tier_neutralized_aggtrades,"Mul(ZScore(RelativeToBTC(agg_flow_imbalance_notional)),Rank(premium_index))",24,480,7296,8760,4344,0.9504950495049505,1.0,0.9972677595628415,1.0,0.0718750000000003,0.00479714912280742,0.009646118721461565,0.004834254143646779,-0.6152392816785017,-3.718763289832337,-7.0559950603545065,-1.6424968688998511,-0.9327392816785018,-8.424263289832338,-12.873995060354506,-4.526996868899852,0.6287128712871287,0.6449424342105263,0.6623406193078324,0.6640193370165746
a7x3_F4_symbol_tier_neutralized_aggtrades_24_a965630af774,a7x3_F4_symbol_tier_neutralized_aggtrades_24_a965630af774,candidate,original,F4_symbol_tier_neutralized_aggtrades,"Mul(ZScore(RelativeToBTC(agg_flow_imbalance_notional)),Rank(ret_12))",24,480,7296,8772,4344,0.9504950495049505,1.0,0.9986338797814208,1.0,0.05833333333333366,0.013843201754386358,-0.0023369813041491825,0.007596685082873301,-0.3612771974746154,-5.243758912979326,-5.991011998406318,-3.604947795918436,-0.6697771974746154,-9.915258912979326,-11.77351199840632,-6.483947795918436,0.6108910891089109,0.6402823464912281,0.6582991803278688,0.6627532228360957
a7x3_F4_symbol_tier_neutralized_aggtrades_24_a965630af774__ctrl_row_shuffle_864e8c4d1b3e,a7x3_F4_symbol_tier_neutralized_aggtrades_24_a965630af774,control,row_shuffle,F4_symbol_tier_neutralized_aggtrades,"Mul(ZScore(RelativeToBTC(agg_flow_imbalance_notional)),Rank(ret_12))",24,480,7296,8772,4344,0.9504950495049505,1.0,0.9986338797814208,1.0,-0.03437499999999962,0.009320175438596881,-0.0028499772001820325,-0.012085635359115643,-0.3254491297975576,-6.556242836942602,-4.709387398363013,-2.044966345017899,-0.6479491297975575,-11.479242836942602,-10.586387398363016,-4.9639663450179,0.6386138613861386,0.6747532894736842,0.6690573770491803,0.6719613259668509
a7x3_F4_symbol_tier_neutralized_aggtrades_24_a965630af774__ctrl_sign_flip_cf9f6410aaab,a7x3_F4_symbol_tier_neutralized_aggtrades_24_a965630af774,control,sign_flip,F4_symbol_tier_neutralized_aggtrades,"Mul(ZScore(RelativeToBTC(agg_flow_imbalance_notional)),Rank(ret_12))",24,480,7296,8772,4344,0.9504950495049505,1.0,0.9986338797814208,1.0,-0.058333333333332966,-0.013843201754385576,0.002336981304149906,-0.007596685082872582,-0.25572280252538504,-4.099241087020682,-5.573988001593692,-2.153052204081569,-0.564222802525385,-8.770741087020683,-11.356488001593695,-5.03205220408157,0.6108910891089109,0.6402823464912281,0.6582991803278688,0.6627532228360957
a7x3_F4_symbol_tier_neutralized_aggtrades_24_a965630af774__ctrl_time_shuffle_5c5986a07050,a7x3_F4_symbol_tier_neutralized_aggtrades_24_a965630af774,control,time_shuffle,F4_symbol_tier_neutralized_aggtrades,"Mul(ZScore(RelativeToBTC(agg_flow_imbalance_notional)),Rank(ret_12))",24,480,7289,8760,4338,0.9504950495049505,0.9990405701754386,0.9972677595628415,0.9986187845303868,-0.004166666666666371,0.008094388805049101,0.008276255707762933,-0.00910557860765289,-0.23143117810562072,-5.20871625187989,-6.626765323201001,-1.8166522885454226,-0.5514311781056207,-10.093716251879894,-12.381765323201002,-4.707652288545423,0.6336633663366337,0.6695449561403509,0.6551684881602914,0.6655156537753223
a7x3_F4_symbol_tier_neutralized_aggtrades_24_a965630af774__ctrl_wrong_lag_bc3fc7b91428,a7x3_F4_symbol_tier_neutralized_aggtrades_24_a965630af774,control,wrong_lag,F4_symbol_tier_neutralized_aggtrades,"Mul(ZScore(RelativeToBTC(agg_flow_imbalance_notional)),Rank(ret_12))",24,480,7296,8748,4344,0.9504950495049505,1.0,0.9959016393442623,1.0,0.10520833333333363,0.00342653508771969,0.014746227709191049,-0.0010359116022095865,-0.7291713495919969,-3.6797855072782033,-7.418044817476882,-1.0386108024311689,-1.035671349591997,-8.354285507278204,-13.183544817476884,-3.91661080243117,0.6069306930693069,0.6406935307017544,0.6563638433515483,0.6625230202578268
a7x3_F4_symbol_tier_neutralized_aggtrades_24_cbff22752f93,a7x3_F4_symbol_tier_neutralized_aggtrades_24_cbff22752f93,candidate,original,F4_symbol_tier_neutralized_aggtrades,"Mul(ZScore(RelativeToBTC(agg_flow_minus_ethusdt_4h)),Rank(ret_12))",24,480,7296,8772,4344,0.9504950495049505,1.0,0.9986338797814208,1.0,0.11041666666666702,0.008155153508772356,0.01704286365709114,-0.004028545119704913,0.13106883058681273,-1.4708079562148866,-0.3215234580127999,-0.8286865491549203,-0.01093116941318728,-3.8438079562148877,-3.2390234580128023,-2.3031865491549213,0.2811881188118812,0.32524671052631576,0.3321379781420765,0.33943370165745856
a7x3_F4_symbol_tier_neutralized_aggtrades_24_cbff22752f93__ctrl_row_shuffle_128b52beaf4c,a7x3_F4_symbol_tier_neutralized_aggtrades_24_cbff22752f93,control,row_shuffle,F4_symbol_tier_neutralized_aggtrades,"Mul(ZScore(RelativeToBTC(agg_flow_minus_ethusdt_4h)),Rank(ret_12))",24,480,7296,8772,4344,0.9504950495049505,1.0,0.9986338797814208,1.0,0.006250000000000386,0.009183114035088086,-0.0015959872321017832,0.0025322283609580166,-0.25757745280502803,-4.93153058134501,-5.762861648586416,-3.9448602001302806,-0.5735774528050281,-9.817530581345013,-11.560861648586418,-6.883360200130282,0.6257425742574257,0.6696820175438597,0.660063752276867,0.676450276243094
a7x3_F4_symbol_tier_neutralized_aggtrades_24_cbff22752f93__ctrl_sign_flip_69fee5a732fc,a7x3_F4_symbol_tier_neutralized_aggtrades_24_cbff22752f93,control,sign_flip,F4_symbol_tier_neutralized_aggtrades,"Mul(ZScore(RelativeToBTC(agg_flow_minus_ethusdt_4h)),Rank(ret_12))",24,480,7296,8772,4344,0.9504950495049505,1.0,0.9986338797814208,1.0,-0.11041666666666629,-0.008155153508771579,-0.017042863657090405,0.004028545119705648,-0.415068830586813,-3.275192043785118,-5.513476541987205,-2.1203134508450816,-0.557068830586813,-5.6481920437851185,-8.430976541987206,-3.5948134508450833,0.2811881188118812,0.32524671052631576,0.3321379781420765,0.33943370165745856
a7x3_F4_symbol_tier_neutralized_aggtrades_24_cbff22752f93__ctrl_time_shuffle_5e7b43b9a51a,a7x3_F4_symbol_tier_neutralized_aggtrades_24_cbff22752f93,control,time_shuffle,F4_symbol_tier_neutralized_aggtrades,"Mul(ZScore(RelativeToBTC(agg_flow_minus_ethusdt_4h)),Rank(ret_12))",24,480,7283,8767,4337,0.9504950495049505,0.9982182017543859,0.9980646630236795,0.9983885819521179,-0.027083333333332984,-0.0036386104627209722,0.01631116687578457,0.02651602490200639,-0.4161670692554533,-5.283918447943355,-4.477826407206747,-1.9862317728865992,-0.7346670692554533,-10.092418447943356,-10.277826407206748,-4.811231772886599,0.6306930693069307,0.6590597587719298,0.6602914389799636,0.6503222836095764
a7x3_F4_symbol_tier_neutralized_aggtrades_24_cbff22752f93__ctrl_wrong_lag_03124014875a,a7x3_F4_symbol_tier_neutralized_aggtrades_24_cbff22752f93,control,wrong_lag,F4_symbol_tier_neutralized_aggtrades,"Mul(ZScore(RelativeToBTC(agg_flow_minus_ethusdt_4h)),Rank(ret_12))",24,480,7296,8748,4344,0.9504950495049505,1.0,0.9959016393442623,1.0,0.1156250000000003,0.018845942982456534,0.01891860996799306,-0.004719152854511568,0.48535273190523204,-1.3190476461451552,-0.004385921167175066,-3.5160028894434285,0.34435273190523197,-3.6935476461451566,-2.9173859211671758,-4.98850288944343,0.27920792079207923,0.3254523026315789,0.3316256830601093,0.3389732965009208
a7x3_F4_symbol_tier_neutralized_aggtrades_24_d3d406059c7e,a7x3_F4_symbol_tier_neutralized_aggtrades_24_d3d406059c7e,candidate,original,F4_symbol_tier_neutralized_aggtrades,"Mul(ZScore(RelativeToBTC(agg_cross_symbol_signed_flow_share)),Rank(ret_12))",24,480,7296,8772,4344,0.9504950495049505,1.0,0.9986338797814208,1.0,0.019791666666667086,0.014391447368421439,-0.005699954400364436,0.009783609576427616,-0.2839793819353079,-5.653159358380885,-7.482442151714028,-3.3675286716498873,-0.5899793819353079,-10.302659358380886,-13.24444215171403,-6.228528671649888,0.6059405940594059,0.6372669956140351,0.6559653916211293,0.658609576427256
a7x3_F4_symbol_tier_neutralized_aggtrades_24_d3d406059c7e__ctrl_row_shuffle_77c0097bf659,a7x3_F4_symbol_tier_neutralized_aggtrades_24_d3d406059c7e,control,row_shuffle,F4_symbol_tier_neutralized_aggtrades,"Mul(ZScore(RelativeToBTC(agg_cross_symbol_signed_flow_share)),Rank(ret_12))",24,480,7296,8772,4344,0.9504950495049505,1.0,0.9986338797814208,1.0,-0.00833333333333301,-0.005345394736841718,-0.002735978112174729,-0.014387661141804384,-0.38803879962001825,-5.1171240946232555,-6.18683814277378,-2.9273909361925066,-0.7020387996200183,-10.011624094623256,-11.993338142773782,-5.7973909361925084,0.6217821782178218,0.6708470394736842,0.6610314207650273,0.6606813996316758
a7x3_F4_symbol_tier_neutralized_aggtrades_24_d3d406059c7e__ctrl_sign_flip_ca04ef575673,a7x3_F4_symbol_tier_neutralized_aggtrades_24_d3d406059c7e,control,sign_flip,F4_symbol_tier_neutralized_aggtrades,"Mul(ZScore(RelativeToBTC(agg_cross_symbol_signed_flow_share)),Rank(ret_12))",24,480,7296,8772,4344,0.9504950495049505,1.0,0.9986338797814208,1.0,-0.019791666666666284,-0.014391447368420643,0.005699954400365163,-0.009783609576426856,-0.32802061806469246,-3.645840641619123,-4.041557848285982,-2.354471328350118,-0.6340206180646926,-8.295340641619124,-9.803557848285983,-5.215471328350118,0.6059405940594059,0.6372669956140351,0.6559653916211293,0.658609576427256
a7x3_F4_symbol_tier_neutralized_aggtrades_24_d3d406059c7e__ctrl_time_shuffle_5fbc39537b70,a7x3_F4_symbol_tier_neutralized_aggtrades_24_d3d406059c7e,control,time_shuffle,F4_symbol_tier_neutralized_aggtrades,"Mul(ZScore(RelativeToBTC(agg_cross_symbol_signed_flow_share)),Rank(ret_12))",24,480,7281,8765,4341,0.9504950495049505,0.9979440789473685,0.9978369763205829,0.9993093922651933,-0.020833333333333,-0.01538250240351561,-0.009469480889902664,-0.006565307532826174,-0.49757297087401364,-3.9433607118710086,-4.109388952809121,-3.3354156156694077,-0.8195729708740138,-8.71986071187101,-9.931388952809124,-6.25391561566941,0.6376237623762376,0.6546737938596491,0.6627959927140255,0.6718462246777164
a7x3_F4_symbol_tier_neutralized_aggtrades_24_d3d406059c7e__ctrl_wrong_lag_f9d9bd006464,a7x3_F4_symbol_tier_neutralized_aggtrades_24_d3d406059c7e,control,wrong_lag,F4_symbol_tier_neutralized_aggtrades,"Mul(ZScore(RelativeToBTC(agg_cross_symbol_signed_flow_share)),Rank(ret_12))",24,480,7296,8748,4344,0.9504950495049505,1.0,0.9959016393442623,1.0,0.07291666666666698,0.0095942982456144,0.0014860539551901017,-0.012200736648250098,-0.5627711601158597,-4.555657473771351,-6.967785354287997,-1.6933514637716747,-0.8667711601158596,-9.208157473771351,-12.713785354288,-4.552351463771675,0.601980198019802,0.6376781798245614,0.654143897996357,0.6581491712707183
a7x3_F4_symbol_tier_neutralized_aggtrades_24_d59fe4c71459,a7x3_F4_symbol_tier_neutralized_aggtrades_24_d59fe4c71459,candidate,original,F4_symbol_tier_neutralized_aggtrades,"Mul(ZScore(RelativeToBTC(agg_flow_accel_4h_vs_24h)),Rank(ret_12))",24,480,7296,8772,4344,0.9504950495049505,1.0,0.9986338797814208,1.0,0.028125000000000323,0.012129934210526687,-0.015788873689010125,-0.010704419889502374,0.1261386587175844,-4.50626766018445,-1.6917338901176169,-1.7889386291908216,-0.03486134128241561,-6.909267660184451,-4.728733890117619,-3.2919386291908226,0.3188118811881188,0.3293585526315789,0.34574225865209474,0.34599447513812154
a7x3_F4_symbol_tier_neutralized_aggtrades_24_d59fe4c71459__ctrl_row_shuffle_18c4c932358b,a7x3_F4_symbol_tier_neutralized_aggtrades_24_d59fe4c71459,control,row_shuffle,F4_symbol_tier_neutralized_aggtrades,"Mul(ZScore(RelativeToBTC(agg_flow_accel_4h_vs_24h)),Rank(ret_12))",24,480,7296,8772,4344,0.9504950495049505,1.0,0.9986338797814208,1.0,-0.0010416666666663188,0.007127192982456519,-0.005984952120382658,-0.01784069981583755,-0.5078008885378484,-5.637559204610927,-4.85264891348511,-2.2028940142780034,-0.8363008885378483,-10.501559204610928,-10.665148913485112,-5.113394014278005,0.6504950495049505,0.6666666666666666,0.661714480874317,0.6700046040515654
a7x3_F4_symbol_tier_neutralized_aggtrades_24_d59fe4c71459__ctrl_sign_flip_fe2da4d66238,a7x3_F4_symbol_tier_neutralized_aggtrades_24_d59fe4c71459,control,sign_flip,F4_symbol_tier_neutralized_aggtrades,"Mul(ZScore(RelativeToBTC(agg_flow_accel_4h_vs_24h)),Rank(ret_12))",24,480,7296,8772,4344,0.9504950495049505,1.0,0.9986338797814208,1.0,-0.02812499999999963,-0.012129934210525925,0.015788873689010836,0.010704419889503115,-0.4481386587175847,-0.2997323398155539,-4.382266109882389,-1.2170613708091813,-0.6091386587175847,-2.702732339815555,-7.41926610988239,-2.7200613708091823,0.3188118811881188,0.3293585526315789,0.34574225865209474,0.34599447513812154
a7x3_F4_symbol_tier_neutralized_aggtrades_24_d59fe4c71459__ctrl_time_shuffle_be383a7d1424,a7x3_F4_symbol_tier_neutralized_aggtrades_24_d59fe4c71459,control,time_shuffle,F4_symbol_tier_neutralized_aggtrades,"Mul(ZScore(RelativeToBTC(agg_flow_accel_4h_vs_24h)),Rank(ret_12))",24,480,7284,8772,4331,0.9504950495049505,0.9983552631578947,0.9986338797814208,0.9970073664825047,-0.03749999999999964,-0.013385502471169286,5.699954400400883e-05,-0.005425998614638254,-0.10655246565911486,-3.8784677333017994,-5.399511935694757,-2.1738022458008244,-0.42355246565911486,-8.7244677333018,-11.239011935694759,-5.060302245800825,0.6277227722772277,0.6641995614035088,0.6647882513661202,0.6644797421731123
a7x3_F4_symbol_tier_neutralized_aggtrades_24_d59fe4c71459__ctrl_wrong_lag_44c083e4263b,a7x3_F4_symbol_tier_neutralized_aggtrades_24_d59fe4c71459,control,wrong_lag,F4_symbol_tier_neutralized_aggtrades,"Mul(ZScore(RelativeToBTC(agg_flow_accel_4h_vs_24h)),Rank(ret_12))",24,480,7296,8748,4344,0.9504950495049505,1.0,0.9959016393442623,1.0,0.05416666666666692,0.01850328947368457,-0.006801554641060449,0.01933701657458595,-0.45675967151845837,-3.290094927757406,-3.6420224729004853,-2.3101077263428427,-0.6167596715184583,-5.6925949277574075,-6.670022472900488,-3.815607726342844,0.31683168316831684,0.32929002192982454,0.34471766848816027,0.34656998158379376
a7x3_F4_symbol_tier_neutralized_aggtrades_24_d91ba7ac96aa,a7x3_F4_symbol_tier_neutralized_aggtrades_24_d91ba7ac96aa,candidate,original,F4_symbol_tier_neutralized_aggtrades,"Mul(ZScore(RelativeToBTC(agg_flow_accel_4h_vs_24h)),Rank(premium_index))",24,480,7296,8773,4344,0.9504950495049505,1.0,0.998747723132969,1.0,0.022916666666666998,0.01617324561403545,-0.01755385842927127,-0.008517495395948049,0.11341279262755556,-4.800092980246955,-1.7188377869677183,-2.705406561677356,-0.060087207372444426,-7.282592980246957,-4.85433778696772,-4.2624065616773565,0.3435643564356436,0.3402549342105263,0.35695582877959925,0.35842541436464087
a7x3_F4_symbol_tier_neutralized_aggtrades_24_d91ba7ac96aa__ctrl_row_shuffle_62497c4c5064,a7x3_F4_symbol_tier_neutralized_aggtrades_24_d91ba7ac96aa,control,row_shuffle,F4_symbol_tier_neutralized_aggtrades,"Mul(ZScore(RelativeToBTC(agg_flow_accel_4h_vs_24h)),Rank(premium_index))",24,480,7296,8773,4344,0.9504950495049505,1.0,0.998747723132969,1.0,-0.03958333333333295,0.006510416666667059,0.007922033511911904,-0.0052946593001837634,-0.28641716447053117,-5.781232971973442,-7.785738064092206,-1.7954974439872182,-0.6214171644705312,-10.683732971973445,-13.660238064092207,-4.704997443987219,0.6633663366336634,0.6719435307017544,0.6687727686703097,0.6697744014732965
a7x3_F4_symbol_tier_neutralized_aggtrades_24_d91ba7ac96aa__ctrl_sign_flip_7d48b174bf20,a7x3_F4_symbol_tier_neutralized_aggtrades_24_d91ba7ac96aa,control,sign_flip,F4_symbol_tier_neutralized_aggtrades,"Mul(ZScore(RelativeToBTC(agg_flow_accel_4h_vs_24h)),Rank(premium_index))",24,480,7296,8773,4344,0.9504950495049505,1.0,0.998747723132969,1.0,-0.02291666666666631,-0.016173245614034694,0.01755385842927197,0.008517495395948763,-0.46041279262755586,-0.164907019753049,-4.552162213032288,-0.4085934383226466,-0.6339127926275558,-2.6474070197530497,-7.68766221303229,-1.9655934383226477,0.3435643564356436,0.3402549342105263,0.35695582877959925,0.35842541436464087
a7x3_F4_symbol_tier_neutralized_aggtrades_24_d91ba7ac96aa__ctrl_time_shuffle_d0c0f49cf4b8,a7x3_F4_symbol_tier_neutralized_aggtrades_24_d91ba7ac96aa,control,time_shuffle,F4_symbol_tier_neutralized_aggtrades,"Mul(ZScore(RelativeToBTC(agg_flow_accel_4h_vs_24h)),Rank(premium_index))",24,480,7282,8770,4336,0.9504950495049505,0.9980811403508771,0.9984061930783242,0.998158379373849,0.07812500000000028,-0.00968140620708557,0.0013683010262261262,0.0025369003690040473,-0.5196040031910235,-2.7979222221882925,-7.364539340324935,-2.8318587227570537,-0.8321040031910236,-7.712422222188293,-13.181039340324936,-5.756858722757054,0.6188118811881188,0.6735882675438597,0.66216985428051,0.6733425414364641
a7x3_F4_symbol_tier_neutralized_aggtrades_24_d91ba7ac96aa__ctrl_wrong_lag_f34222c99c96,a7x3_F4_symbol_tier_neutralized_aggtrades_24_d91ba7ac96aa,control,wrong_lag,F4_symbol_tier_neutralized_aggtrades,"Mul(ZScore(RelativeToBTC(agg_flow_accel_4h_vs_24h)),Rank(premium_index))",24,480,7296,8749,4344,0.9504950495049505,1.0,0.9960154826958105,1.0,0.053125000000000304,0.019051535087719656,-0.010001142987769664,0.011164825046040858,-0.43810593418274313,-3.865590089937198,-2.747366652108302,-1.7010225490150002,-0.6101059341827431,-6.349090089937199,-5.876866652108304,-3.2560225490150017,0.3405940594059406,0.3403919956140351,0.35627276867030966,0.35796500920810315
a7x3_F4_symbol_tier_neutralized_aggtrades_24_da4430025194,a7x3_F4_symbol_tier_neutralized_aggtrades_24_da4430025194,candidate,original,F4_symbol_tier_neutralized_aggtrades,"Mul(ZScore(RelativeToBTC(agg_vwap_close_bps)),Rank(premium_index))",24,480,7296,8784,4344,0.9504950495049505,1.0,1.0,1.0,0.007291666666667015,-0.004248903508771559,-0.002504553734061563,-0.02509208103130715,-0.5296465014249556,-5.1990817759597725,-5.550219173697215,-1.5194045471551318,-0.8556465014249558,-10.160081775959773,-11.569219173697217,-4.531404547155133,0.6455445544554456,0.6799616228070176,0.6852231329690346,0.6933701657458563
a7x3_F4_symbol_tier_neutralized_aggtrades_24_da4430025194__ctrl_row_shuffle_8705c53e412e,a7x3_F4_symbol_tier_neutralized_aggtrades_24_da4430025194,control,row_shuffle,F4_symbol_tier_neutralized_aggtrades,"Mul(ZScore(RelativeToBTC(agg_vwap_close_bps)),Rank(premium_index))",24,480,7296,8784,4344,0.9504950495049505,1.0,1.0,1.0,0.018750000000000336,0.0081551535087723,-0.004667577413478694,-0.02463167587476939,-0.5744224004236205,-4.981434700096976,-6.378511770442156,-0.0498508241654609,-0.8909224004236205,-9.823934700096977,-12.24601177044216,-2.9683508241654617,0.6267326732673267,0.6637198464912281,0.6679758652094717,0.6718462246777164
a7x3_F4_symbol_tier_neutralized_aggtrades_24_da4430025194__ctrl_sign_flip_247bd30c8b35,a7x3_F4_symbol_tier_neutralized_aggtrades_24_da4430025194,control,sign_flip,F4_symbol_tier_neutralized_aggtrades,"Mul(ZScore(RelativeToBTC(agg_vwap_close_bps)),Rank(premium_index))",24,480,7296,8784,4344,0.9504950495049505,1.0,1.0,1.0,-0.007291666666666285,0.004248903508772309,0.0025045537340622776,0.02509208103130787,-0.12235349857504466,-4.722918224040235,-6.487780826302796,-4.504595452844874,-0.4483534985750447,-9.683918224040237,-12.506780826302798,-7.516595452844875,0.6455445544554456,0.6799616228070176,0.6852231329690346,0.6933701657458563
a7x3_F4_symbol_tier_neutralized_aggtrades_24_da4430025194__ctrl_time_shuffle_3a90921fead5,a7x3_F4_symbol_tier_neutralized_aggtrades_24_da4430025194,control,time_shuffle,F4_symbol_tier_neutralized_aggtrades,"Mul(ZScore(RelativeToBTC(agg_vwap_close_bps)),Rank(premium_index))",24,480,7287,8775,4337,0.9504950495049505,0.998766447368421,0.9989754098360656,0.9983885819521179,0.013541666666667063,-0.0004116920543429636,-0.011396011396011025,0.00011528706479170067,-0.35382414878365076,-4.840202787589599,-5.480320558293741,-2.8105640760214596,-0.6668241487836508,-9.7212027875896,-11.303820558293742,-5.6645640760214615,0.6198019801980198,0.6689967105263158,0.662966757741348,0.6569981583793738
a7x3_F4_symbol_tier_neutralized_aggtrades_24_da4430025194__ctrl_wrong_lag_8057b17236c4,a7x3_F4_symbol_tier_neutralized_aggtrades_24_da4430025194,control,wrong_lag,F4_symbol_tier_neutralized_aggtrades,"Mul(ZScore(RelativeToBTC(agg_vwap_close_bps)),Rank(premium_index))",24,480,7296,8760,4344,0.9504950495049505,1.0,0.9972677595628415,1.0,0.07812500000000026,-0.009936951754385578,0.0011986301369866616,0.01162523020257863,-0.789298814133361,-3.661152990650982,-6.549458827709865,-4.617895326924583,-1.1152988141333608,-8.623152990650983,-12.555458827709867,-7.627395326924583,0.6455445544554456,0.6800986842105263,0.6837431693989071,0.6927946593001841
a7x3_F4_symbol_tier_neutralized_aggtrades_24_e707b639322b,a7x3_F4_symbol_tier_neutralized_aggtrades_24_e707b639322b,candidate,original,F4_symbol_tier_neutralized_aggtrades,"Mul(ZScore(RelativeToBTC(agg_large_notional_share_4h)),Rank(premium_index))",24,480,7296,8783,4344,0.9504950495049505,1.0,0.9998861566484517,1.0,0.0500000000000005,0.08114035087719362,0.09284982352271487,0.1113029465930024,-0.4848315178431484,0.6748884137121594,-0.6622630468208845,2.463420703476796,-0.5453315178431484,0.33438841371215755,-0.8457630468208841,2.080420703476796,0.1198019801980198,0.04666940789473684,0.020890255009107468,0.08816758747697974
a7x3_F4_symbol_tier_neutralized_aggtrades_24_e707b639322b__ctrl_row_shuffle_59a6a8325d1d,a7x3_F4_symbol_tier_neutralized_aggtrades_24_e707b639322b,control,row_shuffle,F4_symbol_tier_neutralized_aggtrades,"Mul(ZScore(RelativeToBTC(agg_large_notional_share_4h)),Rank(premium_index))",24,480,7296,8783,4344,0.9504950495049505,1.0,0.9998861566484517,1.0,0.016666666666666975,-0.007127192982455754,0.0005692815666632327,-0.002647329650091708,-0.2720042527593808,-4.850345835313009,-6.7534549680593665,-3.327593831255184,-0.5830042527593808,-9.71384583531301,-12.572954968059369,-6.206093831255185,0.6158415841584158,0.6665981359649122,0.6625113843351548,0.6626381215469613
a7x3_F4_symbol_tier_neutralized_aggtrades_24_e707b639322b__ctrl_sign_flip_ae0672f74ecb,a7x3_F4_symbol_tier_neutralized_aggtrades_24_e707b639322b,control,sign_flip,F4_symbol_tier_neutralized_aggtrades,"Mul(ZScore(RelativeToBTC(agg_large_notional_share_4h)),Rank(premium_index))",24,480,7296,8783,4344,0.9504950495049505,1.0,0.9998861566484517,1.0,-0.049999999999999704,-0.08114035087719286,-0.09284982352271419,-0.11130294659300166,0.3638315178431484,-1.3558884137121594,0.29526304682088433,-3.229420703476798,0.30333151784314816,-1.6963884137121585,0.11176304682088345,-3.6124207034767974,0.1198019801980198,0.04666940789473684,0.020890255009107468,0.08816758747697974
a7x3_F4_symbol_tier_neutralized_aggtrades_24_e707b639322b__ctrl_time_shuffle_234b9ca9802c,a7x3_F4_symbol_tier_neutralized_aggtrades_24_e707b639322b,control,time_shuffle,F4_symbol_tier_neutralized_aggtrades,"Mul(ZScore(RelativeToBTC(agg_large_notional_share_4h)),Rank(premium_index))",24,480,7285,8772,4341,0.9504950495049505,0.9984923245614035,0.9986338797814208,0.9993093922651933,0.09583333333333378,0.08057652711050169,0.09416324669402695,0.10181985717576653,-0.41932204848174337,0.5944598143600319,-1.1512209685797732,1.9958849215302616,-0.4548220484817431,-0.008540185639969167,-1.9157209685797731,1.6318849215302609,0.0702970297029703,0.08264802631578948,0.0870332422586521,0.08379373848987108
a7x3_F4_symbol_tier_neutralized_aggtrades_24_e707b639322b__ctrl_wrong_lag_9acead099aaa,a7x3_F4_symbol_tier_neutralized_aggtrades_24_e707b639322b,control,wrong_lag,F4_symbol_tier_neutralized_aggtrades,"Mul(ZScore(RelativeToBTC(agg_large_notional_share_4h)),Rank(premium_index))",24,480,7296,8759,4344,0.9504950495049505,1.0,0.9971539162112932,1.0,0.043750000000000476,0.0788788377192989,0.09299006735928811,0.10197974217311288,-0.45732304956216097,0.4832097191229465,-1.2039778262516312,2.172735888314943,-0.5143230495621609,0.1432097191229471,-1.3864778262516315,1.7887358883149425,0.11287128712871287,0.046600877192982455,0.0207764116575592,0.08839779005524862
a7x3_F4_symbol_tier_neutralized_aggtrades_24_ea0ee0805462,a7x3_F4_symbol_tier_neutralized_aggtrades_24_ea0ee0805462,candidate,original,F4_symbol_tier_neutralized_aggtrades,"Mul(ZScore(RelativeToBTC(agg_buy_notional_share)),Rank(ret_12))",24,480,7296,8772,4344,0.9504950495049505,1.0,0.9986338797814208,1.0,0.05833333333333366,0.013843201754386358,-0.0023369813041491825,0.007596685082873301,-0.3612771974746154,-5.243758912979326,-5.991011998406318,-3.604947795918436,-0.6697771974746154,-9.915258912979326,-11.77351199840632,-6.483947795918436,0.6108910891089109,0.6402823464912281,0.6582991803278688,0.6627532228360957
a7x3_F4_symbol_tier_neutralized_aggtrades_24_ea0ee0805462__ctrl_row_shuffle_ac87b7b02182,a7x3_F4_symbol_tier_neutralized_aggtrades_24_ea0ee0805462,control,row_shuffle,F4_symbol_tier_neutralized_aggtrades,"Mul(ZScore(RelativeToBTC(agg_buy_notional_share)),Rank(ret_12))",24,480,7296,8772,4344,0.9504950495049505,1.0,0.9986338797814208,1.0,-0.01770833333333294,0.001439144736842494,-0.005243958048335256,0.013006445672191893,-0.2855153427153869,-4.267488437911697,-4.553417236796843,-5.2731601712150935,-0.6085153427153869,-9.089488437911697,-10.388417236796844,-8.178660171215094,0.6396039603960396,0.6609100877192983,0.664275956284153,0.668853591160221
a7x3_F4_symbol_tier_neutralized_aggtrades_24_ea0ee0805462__ctrl_sign_flip_d44553c75c58,a7x3_F4_symbol_tier_neutralized_aggtrades_24_ea0ee0805462,control,sign_flip,F4_symbol_tier_neutralized_aggtrades,"Mul(ZScore(RelativeToBTC(agg_buy_notional_share)),Rank(ret_12))",24,480,7296,8772,4344,0.9504950495049505,1.0,0.9986338797814208,1.0,-0.058333333333332966,-0.013843201754385576,0.002336981304149906,-0.007596685082872582,-0.25572280252538504,-4.099241087020682,-5.573988001593692,-2.153052204081569,-0.564222802525385,-8.770741087020683,-11.356488001593695,-5.03205220408157,0.6108910891089109,0.6402823464912281,0.6582991803278688,0.6627532228360957
a7x3_F4_symbol_tier_neutralized_aggtrades_24_ea0ee0805462__ctrl_time_shuffle_3b5540ffc168,a7x3_F4_symbol_tier_neutralized_aggtrades_24_ea0ee0805462,control,time_shuffle,F4_symbol_tier_neutralized_aggtrades,"Mul(ZScore(RelativeToBTC(agg_buy_notional_share)),Rank(ret_12))",24,480,7284,8767,4336,0.9504950495049505,0.9983552631578947,0.9980646630236795,0.998158379373849,-0.02708333333333293,6.864360241666646e-05,0.011919698870765745,0.016143911439114776,-0.1153492637731533,-5.135202834334331,-6.734011082908391,-4.293427999078256,-0.4228492637731533,-9.975702834334331,-12.518511082908393,-7.1804279990782565,0.6089108910891089,0.6634457236842105,0.6585268670309654,0.6645948434622467
a7x3_F4_symbol_tier_neutralized_aggtrades_24_ea0ee0805462__ctrl_wrong_lag_5022ac405b84,a7x3_F4_symbol_tier_neutralized_aggtrades_24_ea0ee0805462,control,wrong_lag,F4_symbol_tier_neutralized_aggtrades,"Mul(ZScore(RelativeToBTC(agg_buy_notional_share)),Rank(ret_12))",24,480,7296,8748,4344,0.9504950495049505,1.0,0.9959016393442623,1.0,0.10520833333333363,0.00342653508771969,0.014746227709191049,-0.0010359116022095865,-0.7291713495919969,-3.6797855072782033,-7.418044817476882,-1.0386108024311689,-1.035671349591997,-8.354285507278204,-13.183544817476884,-3.91661080243117,0.6069306930693069,0.6406935307017544,0.6563638433515483,0.6625230202578268
a7x3_F4_symbol_tier_neutralized_aggtrades_24_ef516539455a,a7x3_F4_symbol_tier_neutralized_aggtrades_24_ef516539455a,candidate,original,F4_symbol_tier_neutralized_aggtrades,"Mul(ZScore(RelativeToETH(agg_buy_notional_share)),Rank(premium_index))",24,480,7296,8784,4344,0.9504950495049505,1.0,1.0,1.0,0.048958333333333666,0.017132675438596878,-0.004724499089252806,0.012200736648250833,-0.40334319624833437,-5.713687322481607,-5.407297962510009,-3.4747615318313527,-0.7208431962483343,-10.417687322481608,-11.24029796251001,-6.362261531831354,0.6287128712871287,0.6447368421052632,0.6640482695810564,0.6647099447513812
a7x3_F4_symbol_tier_neutralized_aggtrades_24_ef516539455a__ctrl_row_shuffle_8db405b80628,a7x3_F4_symbol_tier_neutralized_aggtrades_24_ef516539455a,control,row_shuffle,F4_symbol_tier_neutralized_aggtrades,"Mul(ZScore(RelativeToETH(agg_buy_notional_share)),Rank(premium_index))",24,480,7296,8784,4344,0.9504950495049505,1.0,1.0,1.0,0.013541666666667,0.0021244517543863414,0.0007969034608382507,-0.01174033149171233,-0.6312880327022774,-4.404798224367502,-5.759220179556839,-1.8871508130193047,-0.9582880327022774,-9.215298224367501,-11.58322017955684,-4.788150813019305,0.6475247524752475,0.6593338815789473,0.663023679417122,0.6678176795580111
a7x3_F4_symbol_tier_neutralized_aggtrades_24_ef516539455a__ctrl_sign_flip_b5b5483d9757,a7x3_F4_symbol_tier_neutralized_aggtrades_24_ef516539455a,control,sign_flip,F4_symbol_tier_neutralized_aggtrades,"Mul(ZScore(RelativeToETH(agg_buy_notional_share)),Rank(premium_index))",24,480,7296,8784,4344,0.9504950495049505,1.0,1.0,1.0,-0.048958333333333,-0.01713267543859611,0.004724499089253533,-0.012200736648250103,-0.23165680375166608,-3.694312677518401,-6.258702037490002,-2.3002384681686525,-0.5491568037516661,-8.398312677518401,-12.091702037490002,-5.187738468168654,0.6287128712871287,0.6447368421052632,0.6640482695810564,0.6647099447513812
a7x3_F4_symbol_tier_neutralized_aggtrades_24_ef516539455a__ctrl_time_shuffle_0c41c4f8c463,a7x3_F4_symbol_tier_neutralized_aggtrades_24_ef516539455a,control,time_shuffle,F4_symbol_tier_neutralized_aggtrades,"Mul(ZScore(RelativeToETH(agg_buy_notional_share)),Rank(premium_index))",24,480,7289,8775,4335,0.9504950495049505,0.9990405701754386,0.9989754098360656,0.9979281767955801,0.0208333333333337,0.011798600631088353,-5.69800569796845e-05,0.015686274509804327,-0.32768631953246513,-5.942797757375324,-4.384461444404617,-3.7540800828588856,-0.6606863195324651,-10.803297757375326,-10.220461444404618,-6.646580082858886,0.6594059405940594,0.6661869517543859,0.6643897996357013,0.6658609576427256
a7x3_F4_symbol_tier_neutralized_aggtrades_24_ef516539455a__ctrl_wrong_lag_04e092949ae5,a7x3_F4_symbol_tier_neutralized_aggtrades_24_ef516539455a,control,wrong_lag,F4_symbol_tier_neutralized_aggtrades,"Mul(ZScore(RelativeToETH(agg_buy_notional_share)),Rank(premium_index))",24,480,7296,8760,4344,0.9504950495049505,1.0,0.9972677595628415,1.0,0.0718750000000003,0.00479714912280742,0.009646118721461565,0.004834254143646779,-0.6152392816785017,-3.718763289832337,-7.0559950603545065,-1.6424968688998511,-0.9327392816785018,-8.424263289832338,-12.873995060354506,-4.526996868899852,0.6287128712871287,0.6449424342105263,0.6623406193078324,0.6640193370165746
a7x3_F4_symbol_tier_neutralized_aggtrades_24_f799ee4d44ea,a7x3_F4_symbol_tier_neutralized_aggtrades_24_f799ee4d44ea,candidate,original,F4_symbol_tier_neutralized_aggtrades,"Mul(ZScore(RelativeToETH(agg_buy_notional_share)),Rank(ret_12))",24,480,7296,8772,4344,0.9504950495049505,1.0,0.9986338797814208,1.0,0.05833333333333366,0.013843201754386358,-0.0023369813041491825,0.007596685082873301,-0.3612771974746154,-5.243758912979326,-5.991011998406318,-3.604947795918436,-0.6697771974746154,-9.915258912979326,-11.77351199840632,-6.483947795918436,0.6108910891089109,0.6402823464912281,0.6582991803278688,0.6627532228360957
a7x3_F4_symbol_tier_neutralized_aggtrades_24_f799ee4d44ea__ctrl_row_shuffle_f2f11c1051d2,a7x3_F4_symbol_tier_neutralized_aggtrades_24_f799ee4d44ea,control,row_shuffle,F4_symbol_tier_neutralized_aggtrades,"Mul(ZScore(RelativeToETH(agg_buy_notional_share)),Rank(ret_12))",24,480,7296,8772,4344,0.9504950495049505,1.0,0.9986338797814208,1.0,-0.08541666666666622,0.013157894736842474,0.014363885088919642,-0.008632596685082497,-0.07477635265660974,-6.565274147192902,-7.427686393056085,-1.942251409926775,-0.38627635265660976,-11.481774147192903,-13.275686393056086,-4.814251409926776,0.6168316831683168,0.6738623903508771,0.6657559198542805,0.6611418047882136
a7x3_F4_symbol_tier_neutralized_aggtrades_24_f799ee4d44ea__ctrl_sign_flip_09df6d58a60a,a7x3_F4_symbol_tier_neutralized_aggtrades_24_f799ee4d44ea,control,sign_flip,F4_symbol_tier_neutralized_aggtrades,"Mul(ZScore(RelativeToETH(agg_buy_notional_share)),Rank(ret_12))",24,480,7296,8772,4344,0.9504950495049505,1.0,0.9986338797814208,1.0,-0.058333333333332966,-0.013843201754385576,0.002336981304149906,-0.007596685082872582,-0.25572280252538504,-4.099241087020682,-5.573988001593692,-2.153052204081569,-0.564222802525385,-8.770741087020683,-11.356488001593695,-5.03205220408157,0.6108910891089109,0.6402823464912281,0.6582991803278688,0.6627532228360957
a7x3_F4_symbol_tier_neutralized_aggtrades_24_f799ee4d44ea__ctrl_time_shuffle_116bf43a1f71,a7x3_F4_symbol_tier_neutralized_aggtrades_24_f799ee4d44ea,control,time_shuffle,F4_symbol_tier_neutralized_aggtrades,"Mul(ZScore(RelativeToETH(agg_buy_notional_share)),Rank(ret_12))",24,477,7286,8772,4332,0.9445544554455445,0.9986293859649122,0.9986338797814208,0.9972375690607734,0.004192872117400738,0.005833104584134363,0.01322389420884669,0.009118190212373426,-0.2114945938811667,-4.88334405352588,-7.232048146024465,-3.8606324391160713,-0.5269945938811667,-9.669844053525882,-13.148548146024465,-6.7576324391160725,0.6247524752475248,0.6560444078947368,0.673554189435337,0.6668968692449355
a7x3_F4_symbol_tier_neutralized_aggtrades_24_f799ee4d44ea__ctrl_wrong_lag_e9d2e62f8d2b,a7x3_F4_symbol_tier_neutralized_aggtrades_24_f799ee4d44ea,control,wrong_lag,F4_symbol_tier_neutralized_aggtrades,"Mul(ZScore(RelativeToETH(agg_buy_notional_share)),Rank(ret_12))",24,480,7296,8748,4344,0.9504950495049505,1.0,0.9959016393442623,1.0,0.10520833333333363,0.00342653508771969,0.014746227709191049,-0.0010359116022095865,-0.7291713495919969,-3.6797855072782033,-7.418044817476882,-1.0386108024311689,-1.035671349591997,-8.354285507278204,-13.183544817476884,-3.91661080243117,0.6069306930693069,0.6406935307017544,0.6563638433515483,0.6625230202578268
