symbol,status,rows,main_rows,patch_rows,overlap_rows_dropped,timestamp_min,timestamp_max,duplicate_after_merge,inf_cells,premium_close_bps_na,funding_rate_na,age_days_min,age_days_max,output_path
0GUSDT,ok,6417,6010,408,1,2025-09-17 15:00:00,2026-06-11 23:00:00,0,0,0,3305,0.0,267.3333333333333,G:\AlphaFactory_CryptoData\gold\features\binance_universe498_replay_1h_v3_patch_age_20260613\symbol=0GUSDT\part.parquet
1000000BOBUSDT,ok,8920,8513,408,1,2025-06-05 08:00:00,2026-06-11 23:00:00,0,0,0,6534,0.0,371.625,G:\AlphaFactory_CryptoData\gold\features\binance_universe498_replay_1h_v3_patch_age_20260613\symbol=1000000BOBUSDT\part.parquet
1000000MOGUSDT,ok,13956,13549,408,1,2024-11-07 12:00:00,2026-06-11 23:00:00,0,0,0,10312,0.0,581.4583333333334,G:\AlphaFactory_CryptoData\gold\features\binance_universe498_replay_1h_v3_patch_age_20260613\symbol=1000000MOGUSDT\part.parquet
1000BONKUSDT,ok,21432,21025,408,1,2024-01-01 00:00:00,2026-06-11 23:00:00,0,0,0,15918,39.416666666666664,932.375,G:\AlphaFactory_CryptoData\gold\features\binance_universe498_replay_1h_v3_patch_age_20260613\symbol=1000BONKUSDT\part.parquet
1000CATUSDT,ok,14364,13957,408,1,2024-10-21 12:00:00,2026-06-11 23:00:00,0,0,0,10618,0.0,598.4583333333334,G:\AlphaFactory_CryptoData\gold\features\binance_universe498_replay_1h_v3_patch_age_20260613\symbol=1000CATUSDT\part.parquet
1000CHEEMSUSDT,ok,13525,13118,408,1,2024-11-25 11:00:00,2026-06-11 23:00:00,0,0,0,9988,0.0,563.5,G:\AlphaFactory_CryptoData\gold\features\binance_universe498_replay_1h_v3_patch_age_20260613\symbol=1000CHEEMSUSDT\part.parquet
1000FLOKIUSDT,ok,21432,21025,408,1,2024-01-01 00:00:00,2026-06-11 23:00:00,0,0,0,18471,184.0,1076.9583333333333,G:\AlphaFactory_CryptoData\gold\features\binance_universe498_replay_1h_v3_patch_age_20260613\symbol=1000FLOKIUSDT\part.parquet
1000LUNCUSDT,ok,21432,21025,408,1,2024-01-01 00:00:00,2026-06-11 23:00:00,0,0,0,18471,184.0,1076.9583333333333,G:\AlphaFactory_CryptoData\gold\features\binance_universe498_replay_1h_v3_patch_age_20260613\symbol=1000LUNCUSDT\part.parquet
1000PEPEUSDT,ok,21432,21025,408,1,2024-01-01 00:00:00,2026-06-11 23:00:00,0,0,0,18471,184.0,1076.9583333333333,G:\AlphaFactory_CryptoData\gold\features\binance_universe498_replay_1h_v3_patch_age_20260613\symbol=1000PEPEUSDT\part.parquet
1000RATSUSDT,ok,21432,21025,408,1,2024-01-01 00:00:00,2026-06-11 23:00:00,0,0,0,15918,16.416666666666668,909.375,G:\AlphaFactory_CryptoData\gold\features\binance_universe498_replay_1h_v3_patch_age_20260613\symbol=1000RATSUSDT\part.parquet
1000SATSUSDT,ok,21432,21025,408,1,2024-01-01 00:00:00,2026-06-11 23:00:00,0,0,0,15918,19.416666666666668,912.375,G:\AlphaFactory_CryptoData\gold\features\binance_universe498_replay_1h_v3_patch_age_20260613\symbol=1000SATSUSDT\part.parquet
1000SHIBUSDT,ok,21432,21025,408,1,2024-01-01 00:00:00,2026-06-11 23:00:00,0,0,0,18471,184.0,1076.9583333333333,G:\AlphaFactory_CryptoData\gold\features\binance_universe498_replay_1h_v3_patch_age_20260613\symbol=1000SHIBUSDT\part.parquet
1000XECUSDT,ok,21432,21025,408,1,2024-01-01 00:00:00,2026-06-11 23:00:00,0,0,0,18471,184.0,1076.9583333333333,G:\AlphaFactory_CryptoData\gold\features\binance_universe498_replay_1h_v3_patch_age_20260613\symbol=1000XECUSDT\part.parquet
1INCHUSDT,ok,21432,21025,408,1,2024-01-01 00:00:00,2026-06-11 23:00:00,0,0,0,18471,184.0,1076.9583333333333,G:\AlphaFactory_CryptoData\gold\features\binance_universe498_replay_1h_v3_patch_age_20260613\symbol=1INCHUSDT\part.parquet
1MBABYDOGEUSDT,ok,15205,14798,408,1,2024-09-16 11:00:00,2026-06-11 23:00:00,0,0,0,11248,0.0,633.5,G:\AlphaFactory_CryptoData\gold\features\binance_universe498_replay_1h_v3_patch_age_20260613\symbol=1MBABYDOGEUSDT\part.parquet
2ZUSDT,ok,6060,5653,408,1,2025-10-02 12:00:00,2026-06-11 23:00:00,0,0,0,4389,0.0,252.45833333333334,G:\AlphaFactory_CryptoData\gold\features\binance_universe498_replay_1h_v3_patch_age_20260613\symbol=2ZUSDT\part.parquet
4USDT,ok,5917,5510,408,1,2025-10-08 11:00:00,2026-06-11 23:00:00,0,0,0,4282,0.0,246.5,G:\AlphaFactory_CryptoData\gold\features\binance_universe498_replay_1h_v3_patch_age_20260613\symbol=4USDT\part.parquet
AAVEUSDT,ok,21432,21025,408,1,2024-01-01 00:00:00,2026-06-11 23:00:00,0,0,0,18471,184.0,1076.9583333333333,G:\AlphaFactory_CryptoData\gold\features\binance_universe498_replay_1h_v3_patch_age_20260613\symbol=AAVEUSDT\part.parquet
ACEUSDT,ok,21432,21025,408,1,2024-01-01 00:00:00,2026-06-11 23:00:00,0,0,0,15711,13.583333333333334,906.5416666666666,G:\AlphaFactory_CryptoData\gold\features\binance_universe498_replay_1h_v3_patch_age_20260613\symbol=ACEUSDT\part.parquet
ACHUSDT,ok,21432,21025,408,1,2024-01-01 00:00:00,2026-06-11 23:00:00,0,0,0,18471,184.0,1076.9583333333333,G:\AlphaFactory_CryptoData\gold\features\binance_universe498_replay_1h_v3_patch_age_20260613\symbol=ACHUSDT\part.parquet
ACTUSDT,ok,13860,13453,408,1,2024-11-11 12:00:00,2026-06-11 23:00:00,0,0,0,10240,0.0,577.4583333333334,G:\AlphaFactory_CryptoData\gold\features\binance_universe498_replay_1h_v3_patch_age_20260613\symbol=ACTUSDT\part.parquet
ACUUSDT,ok,3396,2989,408,1,2026-01-21 12:00:00,2026-06-11 23:00:00,0,0,0,2392,0.0,141.45833333333334,G:\AlphaFactory_CryptoData\gold\features\binance_universe498_replay_1h_v3_patch_age_20260613\symbol=ACUUSDT\part.parquet
ACXUSDT,ok,13257,12850,408,1,2024-12-06 15:00:00,2026-06-11 23:00:00,0,0,0,9787,0.0,552.3333333333334,G:\AlphaFactory_CryptoData\gold\features\binance_universe498_replay_1h_v3_patch_age_20260613\symbol=ACXUSDT\part.parquet
ADAUSDT,ok,21432,21025,408,1,2024-01-01 00:00:00,2026-06-11 23:00:00,0,0,0,18471,184.0,1076.9583333333333,G:\AlphaFactory_CryptoData\gold\features\binance_universe498_replay_1h_v3_patch_age_20260613\symbol=ADAUSDT\part.parquet
AERGOUSDT,ok,10477,10070,408,1,2025-04-01 00:00:00,2026-06-11 23:00:00,0,0,0,7649,0.0,436.9583333333333,G:\AlphaFactory_CryptoData\gold\features\binance_universe498_replay_1h_v3_patch_age_20260613\symbol=AERGOUSDT\part.parquet
AEROUSDT,ok,13306,12899,408,1,2024-12-04 14:00:00,2026-06-11 23:00:00,0,0,0,9824,0.0,554.375,G:\AlphaFactory_CryptoData\gold\features\binance_universe498_replay_1h_v3_patch_age_20260613\symbol=AEROUSDT\part.parquet
AEVOUSDT,ok,19691,19284,408,1,2024-03-13 13:00:00,2026-06-11 23:00:00,0,0,0,14613,0.0,820.4166666666666,G:\AlphaFactory_CryptoData\gold\features\binance_universe498_replay_1h_v3_patch_age_20260613\symbol=AEVOUSDT\part.parquet
AGLDUSDT,ok,21432,21025,408,1,2024-01-01 00:00:00,2026-06-11 23:00:00,0,0,0,18471,155.89583333333334,1048.8541666666667,G:\AlphaFactory_CryptoData\gold\features\binance_universe498_replay_1h_v3_patch_age_20260613\symbol=AGLDUSDT\part.parquet
AGTUSDT,ok,9302,8895,408,1,2025-05-20 10:00:00,2026-06-11 23:00:00,0,0,0,6821,0.0,387.5416666666667,G:\AlphaFactory_CryptoData\gold\features\binance_universe498_replay_1h_v3_patch_age_20260613\symbol=AGTUSDT\part.parquet
AIAUSDT,ok,3877,3470,408,1,2026-01-01 00:00:00,2026-06-11 23:00:00,0,0,456,2866,0.0,161.95833333333334,G:\AlphaFactory_CryptoData\gold\features\binance_universe498_replay_1h_v3_patch_age_20260613\symbol=AIAUSDT\part.parquet
AINUSDT,ok,8078,7671,408,1,2025-07-10 10:00:00,2026-06-11 23:00:00,0,0,0,5903,0.0,336.5416666666667,G:\AlphaFactory_CryptoData\gold\features\binance_universe498_replay_1h_v3_patch_age_20260613\symbol=AINUSDT\part.parquet
AIOTUSDT,ok,9780,9373,408,1,2025-04-30 12:00:00,2026-06-11 23:00:00,0,0,0,7180,0.0,407.4583333333333,G:\AlphaFactory_CryptoData\gold\features\binance_universe498_replay_1h_v3_patch_age_20260613\symbol=AIOTUSDT\part.parquet
AIOUSDT,ok,7261,6854,408,1,2025-08-13 11:00:00,2026-06-11 23:00:00,0,0,0,5290,0.0,302.5,G:\AlphaFactory_CryptoData\gold\features\binance_universe498_replay_1h_v3_patch_age_20260613\symbol=AIOUSDT\part.parquet
AIXBTUSDT,ok,12918,12511,408,1,2024-12-20 18:00:00,2026-06-11 23:00:00,0,0,0,9533,0.0,538.2083333333334,G:\AlphaFactory_CryptoData\gold\features\binance_universe498_replay_1h_v3_patch_age_20260613\symbol=AIXBTUSDT\part.parquet
AKEUSDT,ok,6204,5797,408,1,2025-09-26 12:00:00,2026-06-11 23:00:00,0,0,0,4497,0.0,258.4583333333333,G:\AlphaFactory_CryptoData\gold\features\binance_universe498_replay_1h_v3_patch_age_20260613\symbol=AKEUSDT\part.parquet
AKTUSDT,ok,13693,13286,408,1,2024-11-18 11:00:00,2026-06-11 23:00:00,0,0,0,10114,0.0,570.5,G:\AlphaFactory_CryptoData\gold\features\binance_universe498_replay_1h_v3_patch_age_20260613\symbol=AKTUSDT\part.parquet
ALCHUSDT,ok,12493,12086,408,1,2025-01-07 11:00:00,2026-06-11 23:00:00,0,0,0,9214,0.0,520.5,G:\AlphaFactory_CryptoData\gold\features\binance_universe498_replay_1h_v3_patch_age_20260613\symbol=ALCHUSDT\part.parquet
ALGOUSDT,ok,21432,21025,408,1,2024-01-01 00:00:00,2026-06-11 23:00:00,0,0,0,18471,184.0,1076.9583333333333,G:\AlphaFactory_CryptoData\gold\features\binance_universe498_replay_1h_v3_patch_age_20260613\symbol=ALGOUSDT\part.parquet
ALICEUSDT,ok,21432,21025,408,1,2024-01-01 00:00:00,2026-06-11 23:00:00,0,0,0,18225,184.0,1076.9583333333333,G:\AlphaFactory_CryptoData\gold\features\binance_universe498_replay_1h_v3_patch_age_20260613\symbol=ALICEUSDT\part.parquet
ALLOUSDT,ok,5098,4691,408,1,2025-11-11 14:00:00,2026-06-11 23:00:00,0,0,0,3668,0.0,212.375,G:\AlphaFactory_CryptoData\gold\features\binance_universe498_replay_1h_v3_patch_age_20260613\symbol=ALLOUSDT\part.parquet
ALLUSDT,ok,7431,7024,408,1,2025-08-06 09:00:00,2026-06-11 23:00:00,0,0,0,6221,0.0,309.5833333333333,G:\AlphaFactory_CryptoData\gold\features\binance_universe498_replay_1h_v3_patch_age_20260613\symbol=ALLUSDT\part.parquet
ALPINEUSDT,ok,9639,9232,408,1,2025-05-06 09:00:00,2026-06-11 23:00:00,0,0,0,7074,0.0,401.5833333333333,G:\AlphaFactory_CryptoData\gold\features\binance_universe498_replay_1h_v3_patch_age_20260613\symbol=ALPINEUSDT\part.parquet
ALTUSDT,ok,20842,20435,408,1,2024-01-25 14:00:00,2026-06-11 23:00:00,0,0,0,15476,0.0,868.375,G:\AlphaFactory_CryptoData\gold\features\binance_universe498_replay_1h_v3_patch_age_20260613\symbol=ALTUSDT\part.parquet
ANIMEUSDT,ok,12103,11696,408,1,2025-01-23 17:00:00,2026-06-11 23:00:00,0,0,0,8642,0.0,504.25,G:\AlphaFactory_CryptoData\gold\features\binance_universe498_replay_1h_v3_patch_age_20260613\symbol=ANIMEUSDT\part.parquet
ANKRUSDT,ok,21432,21025,408,1,2024-01-01 00:00:00,2026-06-11 23:00:00,0,0,0,18308,184.0,1076.9583333333333,G:\AlphaFactory_CryptoData\gold\features\binance_universe498_replay_1h_v3_patch_age_20260613\symbol=ANKRUSDT\part.parquet
APEUSDT,ok,21432,21025,408,1,2024-01-01 00:00:00,2026-06-11 23:00:00,0,0,0,18471,184.0,1076.9583333333333,G:\AlphaFactory_CryptoData\gold\features\binance_universe498_replay_1h_v3_patch_age_20260613\symbol=APEUSDT\part.parquet
API3USDT,ok,21432,21025,408,1,2024-01-01 00:00:00,2026-06-11 23:00:00,0,0,0,15329,184.0,1076.9583333333333,G:\AlphaFactory_CryptoData\gold\features\binance_universe498_replay_1h_v3_patch_age_20260613\symbol=API3USDT\part.parquet
APRUSDT,ok,5558,5151,408,1,2025-10-23 10:00:00,2026-06-11 23:00:00,0,0,0,4013,0.0,231.54166666666666,G:\AlphaFactory_CryptoData\gold\features\binance_universe498_replay_1h_v3_patch_age_20260613\symbol=APRUSDT\part.parquet
APTUSDT,ok,21432,21025,408,1,2024-01-01 00:00:00,2026-06-11 23:00:00,0,0,0,18471,184.0,1076.9583333333333,G:\AlphaFactory_CryptoData\gold\features\binance_universe498_replay_1h_v3_patch_age_20260613\symbol=APTUSDT\part.parquet
ARBUSDT,ok,21432,21025,408,1,2024-01-01 00:00:00,2026-06-11 23:00:00,0,0,0,18471,184.0,1076.9583333333333,G:\AlphaFactory_CryptoData\gold\features\binance_universe498_replay_1h_v3_patch_age_20260613\symbol=ARBUSDT\part.parquet
ARCUSDT,ok,12251,11844,408,1,2025-01-17 13:00:00,2026-06-11 23:00:00,0,0,0,9033,0.0,510.4166666666667,G:\AlphaFactory_CryptoData\gold\features\binance_universe498_replay_1h_v3_patch_age_20260613\symbol=ARCUSDT\part.parquet
ARIAUSDT,ok,6757,6350,408,1,2025-09-03 11:00:00,2026-06-11 23:00:00,0,0,0,4797,0.0,281.5,G:\AlphaFactory_CryptoData\gold\features\binance_universe498_replay_1h_v3_patch_age_20260613\symbol=ARIAUSDT\part.parquet
ARKMUSDT,ok,21432,21025,408,1,2024-01-01 00:00:00,2026-06-11 23:00:00,0,0,0,18471,156.88541666666666,1049.84375,G:\AlphaFactory_CryptoData\gold\features\binance_universe498_replay_1h_v3_patch_age_20260613\symbol=ARKMUSDT\part.parquet
ARKUSDT,ok,21432,21025,408,1,2024-01-01 00:00:00,2026-06-11 23:00:00,0,0,0,17145,103.33125,996.2895833333333,G:\AlphaFactory_CryptoData\gold\features\binance_universe498_replay_1h_v3_patch_age_20260613\symbol=ARKUSDT\part.parquet
ARPAUSDT,ok,21432,21025,408,1,2024-01-01 00:00:00,2026-06-11 23:00:00,0,0,0,18471,184.0,1076.9583333333333,G:\AlphaFactory_CryptoData\gold\features\binance_universe498_replay_1h_v3_patch_age_20260613\symbol=ARPAUSDT\part.parquet
ARUSDT,ok,21432,21025,408,1,2024-01-01 00:00:00,2026-06-11 23:00:00,0,0,0,18471,184.0,1076.9583333333333,G:\AlphaFactory_CryptoData\gold\features\binance_universe498_replay_1h_v3_patch_age_20260613\symbol=ARUSDT\part.parquet
ASRUSDT,ok,9639,9232,408,1,2025-05-06 09:00:00,2026-06-11 23:00:00,0,0,0,7074,0.0,401.5833333333333,G:\AlphaFactory_CryptoData\gold\features\binance_universe498_replay_1h_v3_patch_age_20260613\symbol=ASRUSDT\part.parquet
ASTERUSDT,ok,6372,5965,408,1,2025-09-19 12:00:00,2026-06-11 23:00:00,0,0,0,4623,0.0,265.4583333333333,G:\AlphaFactory_CryptoData\gold\features\binance_universe498_replay_1h_v3_patch_age_20260613\symbol=ASTERUSDT\part.parquet
ASTRUSDT,ok,21432,21025,408,1,2024-01-01 00:00:00,2026-06-11 23:00:00,0,0,0,18471,184.0,1076.9583333333333,G:\AlphaFactory_CryptoData\gold\features\binance_universe498_replay_1h_v3_patch_age_20260613\symbol=ASTRUSDT\part.parquet
ATHUSDT,ok,10449,10042,408,1,2025-04-02 15:00:00,2026-06-11 23:00:00,0,0,0,7681,0.0,435.3333333333333,G:\AlphaFactory_CryptoData\gold\features\binance_universe498_replay_1h_v3_patch_age_20260613\symbol=ATHUSDT\part.parquet
ATOMUSDT,ok,21432,21025,408,1,2024-01-01 00:00:00,2026-06-11 23:00:00,0,0,0,18471,184.0,1076.9583333333333,G:\AlphaFactory_CryptoData\gold\features\binance_universe498_replay_1h_v3_patch_age_20260613\symbol=ATOMUSDT\part.parquet
ATUSDT,ok,5413,5006,408,1,2025-10-29 11:00:00,2026-06-11 23:00:00,0,0,0,3904,0.0,225.5,G:\AlphaFactory_CryptoData\gold\features\binance_universe498_replay_1h_v3_patch_age_20260613\symbol=ATUSDT\part.parquet
AUCTIONUSDT,ok,21432,21025,408,1,2024-01-01 00:00:00,2026-06-11 23:00:00,0,0,0,15856,16.458333333333332,909.4166666666666,G:\AlphaFactory_CryptoData\gold\features\binance_universe498_replay_1h_v3_patch_age_20260613\symbol=AUCTIONUSDT\part.parquet
AUSDT,ok,9112,8705,408,1,2025-05-28 08:00:00,2026-06-11 23:00:00,0,0,0,6678,0.0,379.625,G:\AlphaFactory_CryptoData\gold\features\binance_universe498_replay_1h_v3_patch_age_20260613\symbol=AUSDT\part.parquet
AVAAIUSDT,ok,12251,11844,408,1,2025-01-17 13:00:00,2026-06-11 23:00:00,0,0,0,9033,0.0,510.4166666666667,G:\AlphaFactory_CryptoData\gold\features\binance_universe498_replay_1h_v3_patch_age_20260613\symbol=AVAAIUSDT\part.parquet
AVAUSDT,ok,13091,12684,408,1,2024-12-13 13:00:00,2026-06-11 23:00:00,0,0,0,9663,0.0,545.4166666666666,G:\AlphaFactory_CryptoData\gold\features\binance_universe498_replay_1h_v3_patch_age_20260613\symbol=AVAUSDT\part.parquet
AVAXUSDT,ok,21432,21025,408,1,2024-01-01 00:00:00,2026-06-11 23:00:00,0,0,0,18471,184.0,1076.9583333333333,G:\AlphaFactory_CryptoData\gold\features\binance_universe498_replay_1h_v3_patch_age_20260613\symbol=AVAXUSDT\part.parquet
AVNTUSDT,ok,6609,6202,408,1,2025-09-09 15:00:00,2026-06-11 23:00:00,0,0,0,4801,0.0,275.3333333333333,G:\AlphaFactory_CryptoData\gold\features\binance_universe498_replay_1h_v3_patch_age_20260613\symbol=AVNTUSDT\part.parquet
AWEUSDT,ok,9280,8873,408,1,2025-05-21 08:00:00,2026-06-11 23:00:00,0,0,0,6804,0.0,386.625,G:\AlphaFactory_CryptoData\gold\features\binance_universe498_replay_1h_v3_patch_age_20260613\symbol=AWEUSDT\part.parquet
AXLUSDT,ok,19977,19570,408,1,2024-03-01 15:00:00,2026-06-11 23:00:00,0,0,0,14137,0.0,832.3333333333334,G:\AlphaFactory_CryptoData\gold\features\binance_universe498_replay_1h_v3_patch_age_20260613\symbol=AXLUSDT\part.parquet
AXSUSDT,ok,21432,21025,408,1,2024-01-01 00:00:00,2026-06-11 23:00:00,0,0,0,18005,184.0,1076.9583333333333,G:\AlphaFactory_CryptoData\gold\features\binance_universe498_replay_1h_v3_patch_age_20260613\symbol=AXSUSDT\part.parquet
B2USDT,ok,9635,9228,408,1,2025-05-06 13:00:00,2026-06-11 23:00:00,0,0,0,7071,0.0,401.4166666666667,G:\AlphaFactory_CryptoData\gold\features\binance_universe498_replay_1h_v3_patch_age_20260613\symbol=B2USDT\part.parquet
BABYUSDT,ok,10379,9972,408,1,2025-04-05 13:00:00,2026-06-11 23:00:00,0,0,0,7629,0.0,432.4166666666667,G:\AlphaFactory_CryptoData\gold\features\binance_universe498_replay_1h_v3_patch_age_20260613\symbol=BABYUSDT\part.parquet
BANANAS31USDT,ok,10719,10312,408,1,2025-03-22 09:00:00,2026-06-11 23:00:00,0,0,0,7884,0.0,446.5833333333333,G:\AlphaFactory_CryptoData\gold\features\binance_universe498_replay_1h_v3_patch_age_20260613\symbol=BANANAS31USDT\part.parquet
BANANAUSDT,ok,15982,15575,408,1,2024-08-15 02:00:00,2026-06-11 23:00:00,0,0,0,11678,0.0,665.875,G:\AlphaFactory_CryptoData\gold\features\binance_universe498_replay_1h_v3_patch_age_20260613\symbol=BANANAUSDT\part.parquet
BANDUSDT,ok,21432,21025,408,1,2024-01-01 00:00:00,2026-06-11 23:00:00,0,0,0,18471,184.0,1076.9583333333333,G:\AlphaFactory_CryptoData\gold\features\binance_universe498_replay_1h_v3_patch_age_20260613\symbol=BANDUSDT\part.parquet
BANKUSDT,ok,10062,9655,408,1,2025-04-18 18:00:00,2026-06-11 23:00:00,0,0,0,7391,0.0,419.2083333333333,G:\AlphaFactory_CryptoData\gold\features\binance_universe498_replay_1h_v3_patch_age_20260613\symbol=BANKUSDT\part.parquet
BANUSDT,ok,13693,13286,408,1,2024-11-18 11:00:00,2026-06-11 23:00:00,0,0,0,10094,0.0,570.5,G:\AlphaFactory_CryptoData\gold\features\binance_universe498_replay_1h_v3_patch_age_20260613\symbol=BANUSDT\part.parquet
BARDUSDT,ok,6397,5990,408,1,2025-09-18 11:00:00,2026-06-11 23:00:00,0,0,0,3991,0.0,266.5,G:\AlphaFactory_CryptoData\gold\features\binance_universe498_replay_1h_v3_patch_age_20260613\symbol=BARDUSDT\part.parquet
BASUSDT,ok,6947,6540,408,1,2025-08-26 13:00:00,2026-06-11 23:00:00,0,0,0,5055,0.0,289.4166666666667,G:\AlphaFactory_CryptoData\gold\features\binance_universe498_replay_1h_v3_patch_age_20260613\symbol=BASUSDT\part.parquet
BATUSDT,ok,21432,21025,408,1,2024-01-01 00:00:00,2026-06-11 23:00:00,0,0,0,18471,184.0,1076.9583333333333,G:\AlphaFactory_CryptoData\gold\features\binance_universe498_replay_1h_v3_patch_age_20260613\symbol=BATUSDT\part.parquet
BBUSDT,ok,18228,17821,408,1,2024-05-13 12:00:00,2026-06-11 23:00:00,0,0,0,13516,0.0,759.4583333333334,G:\AlphaFactory_CryptoData\gold\features\binance_universe498_replay_1h_v3_patch_age_20260613\symbol=BBUSDT\part.parquet
BCHUSDT,ok,21432,21025,408,1,2024-01-01 00:00:00,2026-06-11 23:00:00,0,0,0,18471,184.0,1076.9583333333333,G:\AlphaFactory_CryptoData\gold\features\binance_universe498_replay_1h_v3_patch_age_20260613\symbol=BCHUSDT\part.parquet
BEAMXUSDT,ok,21432,21025,408,1,2024-01-01 00:00:00,2026-06-11 23:00:00,0,0,0,15918,44.4375,937.3958333333334,G:\AlphaFactory_CryptoData\gold\features\binance_universe498_replay_1h_v3_patch_age_20260613\symbol=BEAMXUSDT\part.parquet
BEATUSDT,ok,5076,4669,408,1,2025-11-12 12:00:00,2026-06-11 23:00:00,0,0,0,3315,0.0,211.45833333333334,G:\AlphaFactory_CryptoData\gold\features\binance_universe498_replay_1h_v3_patch_age_20260613\symbol=BEATUSDT\part.parquet
BELUSDT,ok,21432,21025,408,1,2024-01-01 00:00:00,2026-06-11 23:00:00,0,0,0,18471,184.0,1076.9583333333333,G:\AlphaFactory_CryptoData\gold\features\binance_universe498_replay_1h_v3_patch_age_20260613\symbol=BELUSDT\part.parquet
BERAUSDT,ok,11769,11362,408,1,2025-02-06 15:00:00,2026-06-11 23:00:00,0,0,0,8671,0.0,490.3333333333333,G:\AlphaFactory_CryptoData\gold\features\binance_universe498_replay_1h_v3_patch_age_20260613\symbol=BERAUSDT\part.parquet
BICOUSDT,ok,21432,21025,408,1,2024-01-01 00:00:00,2026-06-11 23:00:00,0,0,0,18471,94.47916666666667,987.4375,G:\AlphaFactory_CryptoData\gold\features\binance_universe498_replay_1h_v3_patch_age_20260613\symbol=BICOUSDT\part.parquet
BIGTIMEUSDT,ok,21432,21025,408,1,2024-01-01 00:00:00,2026-06-11 23:00:00,0,0,0,15918,80.39583333333333,973.3541666666666,G:\AlphaFactory_CryptoData\gold\features\binance_universe498_replay_1h_v3_patch_age_20260613\symbol=BIGTIMEUSDT\part.parquet
BIOUSDT,ok,12588,12181,408,1,2025-01-03 12:00:00,2026-06-11 23:00:00,0,0,0,8474,0.0,524.4583333333334,G:\AlphaFactory_CryptoData\gold\features\binance_universe498_replay_1h_v3_patch_age_20260613\symbol=BIOUSDT\part.parquet
BLESSUSDT,ok,6279,5872,408,1,2025-09-23 09:00:00,2026-06-11 23:00:00,0,0,0,4554,0.0,261.5833333333333,G:\AlphaFactory_CryptoData\gold\features\binance_universe498_replay_1h_v3_patch_age_20260613\symbol=BLESSUSDT\part.parquet
BLUAIUSDT,ok,5605,5198,408,1,2025-10-21 11:00:00,2026-06-11 23:00:00,0,0,0,4048,0.0,233.5,G:\AlphaFactory_CryptoData\gold\features\binance_universe498_replay_1h_v3_patch_age_20260613\symbol=BLUAIUSDT\part.parquet
BLURUSDT,ok,21432,21025,408,1,2024-01-01 00:00:00,2026-06-11 23:00:00,0,0,0,18339,184.0,1076.9583333333333,G:\AlphaFactory_CryptoData\gold\features\binance_universe498_replay_1h_v3_patch_age_20260613\symbol=BLURUSDT\part.parquet
BMTUSDT,ok,10835,10428,408,1,2025-03-17 13:00:00,2026-06-11 23:00:00,0,0,0,7971,0.0,451.4166666666667,G:\AlphaFactory_CryptoData\gold\features\binance_universe498_replay_1h_v3_patch_age_20260613\symbol=BMTUSDT\part.parquet
BNBUSDT,ok,21432,21025,408,1,2024-01-01 00:00:00,2026-06-11 23:00:00,0,0,0,18471,184.0,1076.9583333333333,G:\AlphaFactory_CryptoData\gold\features\binance_universe498_replay_1h_v3_patch_age_20260613\symbol=BNBUSDT\part.parquet
BNTUSDT,ok,21432,21025,408,1,2024-01-01 00:00:00,2026-06-11 23:00:00,0,0,0,18471,143.5,1036.4583333333333,G:\AlphaFactory_CryptoData\gold\features\binance_universe498_replay_1h_v3_patch_age_20260613\symbol=BNTUSDT\part.parquet
BOMEUSDT,ok,19620,19213,408,1,2024-03-16 12:00:00,2026-06-11 23:00:00,0,0,0,14560,0.0,817.4583333333334,G:\AlphaFactory_CryptoData\gold\features\binance_universe498_replay_1h_v3_patch_age_20260613\symbol=BOMEUSDT\part.parquet
BRETTUSDT,ok,15854,15447,408,1,2024-08-20 10:00:00,2026-06-11 23:00:00,0,0,0,11735,0.0,660.5416666666666,G:\AlphaFactory_CryptoData\gold\features\binance_universe498_replay_1h_v3_patch_age_20260613\symbol=BRETTUSDT\part.parquet
BREVUSDT,ok,3926,3519,408,1,2025-12-30 10:00:00,2026-06-11 23:00:00,0,0,0,2789,0.0,163.54166666666666,G:\AlphaFactory_CryptoData\gold\features\binance_universe498_replay_1h_v3_patch_age_20260613\symbol=BREVUSDT\part.parquet
BROCCOLI714USDT,ok,10743,10336,408,1,2025-03-21 09:00:00,2026-06-11 23:00:00,0,0,0,7869,0.0,447.5833333333333,G:\AlphaFactory_CryptoData\gold\features\binance_universe498_replay_1h_v3_patch_age_20260613\symbol=BROCCOLI714USDT\part.parquet
BROCCOLIF3BUSDT,ok,10743,10336,408,1,2025-03-21 09:00:00,2026-06-11 23:00:00,0,0,0,6771,0.0,447.5833333333333,G:\AlphaFactory_CryptoData\gold\features\binance_universe498_replay_1h_v3_patch_age_20260613\symbol=BROCCOLIF3BUSDT\part.parquet
BRUSDT,ok,10740,10333,408,1,2025-03-21 12:00:00,2026-06-11 23:00:00,0,0,0,7900,0.0,447.4583333333333,G:\AlphaFactory_CryptoData\gold\features\binance_universe498_replay_1h_v3_patch_age_20260613\symbol=BRUSDT\part.parquet
BSVUSDT,ok,21432,21025,408,1,2024-01-01 00:00:00,2026-06-11 23:00:00,0,0,0,15918,72.47916666666667,965.4375,G:\AlphaFactory_CryptoData\gold\features\binance_universe498_replay_1h_v3_patch_age_20260613\symbol=BSVUSDT\part.parquet
BTCUSDT,ok,21432,21025,408,1,2024-01-01 00:00:00,2026-06-11 23:00:00,0,0,0,18471,184.0,1076.9583333333333,G:\AlphaFactory_CryptoData\gold\features\binance_universe498_replay_1h_v3_patch_age_20260613\symbol=BTCUSDT\part.parquet
BTRUSDT,ok,6926,6519,408,1,2025-08-27 10:00:00,2026-06-11 23:00:00,0,0,0,5021,0.0,288.5416666666667,G:\AlphaFactory_CryptoData\gold\features\binance_universe498_replay_1h_v3_patch_age_20260613\symbol=BTRUSDT\part.parquet
BULLAUSDT,ok,8223,7816,408,1,2025-07-04 09:00:00,2026-06-11 23:00:00,0,0,0,5831,0.0,342.5833333333333,G:\AlphaFactory_CryptoData\gold\features\binance_universe498_replay_1h_v3_patch_age_20260613\symbol=BULLAUSDT\part.parquet
BUSDT,ok,9248,8841,408,1,2025-05-22 16:00:00,2026-06-11 23:00:00,0,0,0,6780,0.0,385.2916666666667,G:\AlphaFactory_CryptoData\gold\features\binance_universe498_replay_1h_v3_patch_age_20260613\symbol=BUSDT\part.parquet
C98USDT,ok,21432,21025,408,1,2024-01-01 00:00:00,2026-06-11 23:00:00,0,0,0,18471,184.0,1076.9583333333333,G:\AlphaFactory_CryptoData\gold\features\binance_universe498_replay_1h_v3_patch_age_20260613\symbol=C98USDT\part.parquet
CAKEUSDT,ok,21432,21025,408,1,2024-01-01 00:00:00,2026-06-11 23:00:00,0,0,0,15918,59.46875,952.4270833333334,G:\AlphaFactory_CryptoData\gold\features\binance_universe498_replay_1h_v3_patch_age_20260613\symbol=CAKEUSDT\part.parquet
CARVUSDT,ok,7400,6993,408,1,2025-08-07 16:00:00,2026-06-11 23:00:00,0,0,0,5394,0.0,308.2916666666667,G:\AlphaFactory_CryptoData\gold\features\binance_universe498_replay_1h_v3_patch_age_20260613\symbol=CARVUSDT\part.parquet
CATIUSDT,ok,15109,14702,408,1,2024-09-20 11:00:00,2026-06-11 23:00:00,0,0,0,11176,0.0,629.5,G:\AlphaFactory_CryptoData\gold\features\binance_universe498_replay_1h_v3_patch_age_20260613\symbol=CATIUSDT\part.parquet
CCUSDT,ok,5364,4957,408,1,2025-10-31 12:00:00,2026-06-11 23:00:00,0,0,0,3867,0.0,223.45833333333334,G:\AlphaFactory_CryptoData\gold\features\binance_universe498_replay_1h_v3_patch_age_20260613\symbol=CCUSDT\part.parquet
CELOUSDT,ok,21432,21025,408,1,2024-01-01 00:00:00,2026-06-11 23:00:00,0,0,0,18471,184.0,1076.9583333333333,G:\AlphaFactory_CryptoData\gold\features\binance_universe498_replay_1h_v3_patch_age_20260613\symbol=CELOUSDT\part.parquet
CELRUSDT,ok,21432,21025,408,1,2024-01-01 00:00:00,2026-06-11 23:00:00,0,0,0,18561,184.0,1076.9583333333333,G:\AlphaFactory_CryptoData\gold\features\binance_universe498_replay_1h_v3_patch_age_20260613\symbol=CELRUSDT\part.parquet
CETUSUSDT,ok,13978,13571,408,1,2024-11-06 14:00:00,2026-06-11 23:00:00,0,0,0,10328,0.0,582.375,G:\AlphaFactory_CryptoData\gold\features\binance_universe498_replay_1h_v3_patch_age_20260613\symbol=CETUSUSDT\part.parquet
CFXUSDT,ok,21432,21025,408,1,2024-01-01 00:00:00,2026-06-11 23:00:00,0,0,0,18471,184.0,1076.9583333333333,G:\AlphaFactory_CryptoData\gold\features\binance_universe498_replay_1h_v3_patch_age_20260613\symbol=CFXUSDT\part.parquet
CGPTUSDT,ok,12917,12510,408,1,2024-12-20 19:00:00,2026-06-11 23:00:00,0,0,0,9532,0.0,538.1666666666666,G:\AlphaFactory_CryptoData\gold\features\binance_universe498_replay_1h_v3_patch_age_20260613\symbol=CGPTUSDT\part.parquet
CHILLGUYUSDT,ok,13474,13067,408,1,2024-11-27 14:00:00,2026-06-11 23:00:00,0,0,0,9950,0.0,561.375,G:\AlphaFactory_CryptoData\gold\features\binance_universe498_replay_1h_v3_patch_age_20260613\symbol=CHILLGUYUSDT\part.parquet
CHRUSDT,ok,21432,21025,408,1,2024-01-01 00:00:00,2026-06-11 23:00:00,0,0,0,18471,184.0,1076.9583333333333,G:\AlphaFactory_CryptoData\gold\features\binance_universe498_replay_1h_v3_patch_age_20260613\symbol=CHRUSDT\part.parquet
CHZUSDT,ok,21432,21025,408,1,2024-01-01 00:00:00,2026-06-11 23:00:00,0,0,0,18471,184.0,1076.9583333333333,G:\AlphaFactory_CryptoData\gold\features\binance_universe498_replay_1h_v3_patch_age_20260613\symbol=CHZUSDT\part.parquet
CKBUSDT,ok,21432,21025,408,1,2024-01-01 00:00:00,2026-06-11 23:00:00,0,0,0,18471,184.0,1076.9583333333333,G:\AlphaFactory_CryptoData\gold\features\binance_universe498_replay_1h_v3_patch_age_20260613\symbol=CKBUSDT\part.parquet
CLANKERUSDT,ok,5076,4669,408,1,2025-11-12 12:00:00,2026-06-11 23:00:00,0,0,0,3651,0.0,211.45833333333334,G:\AlphaFactory_CryptoData\gold\features\binance_universe498_replay_1h_v3_patch_age_20260613\symbol=CLANKERUSDT\part.parquet
CLOUSDT,ok,5773,5366,408,1,2025-10-14 11:00:00,2026-06-11 23:00:00,0,0,0,4069,0.0,240.5,G:\AlphaFactory_CryptoData\gold\features\binance_universe498_replay_1h_v3_patch_age_20260613\symbol=CLOUSDT\part.parquet
COAIUSDT,ok,6233,5826,408,1,2025-09-25 07:00:00,2026-06-11 23:00:00,0,0,0,3729,0.0,259.6666666666667,G:\AlphaFactory_CryptoData\gold\features\binance_universe498_replay_1h_v3_patch_age_20260613\symbol=COAIUSDT\part.parquet
COLLECTUSDT,ok,3899,3492,408,1,2025-12-31 13:00:00,2026-06-11 23:00:00,0,0,0,2769,0.0,162.41666666666666,G:\AlphaFactory_CryptoData\gold\features\binance_universe498_replay_1h_v3_patch_age_20260613\symbol=COLLECTUSDT\part.parquet
COMPUSDT,ok,21432,21025,408,1,2024-01-01 00:00:00,2026-06-11 23:00:00,0,0,0,18471,184.0,1076.9583333333333,G:\AlphaFactory_CryptoData\gold\features\binance_universe498_replay_1h_v3_patch_age_20260613\symbol=COMPUSDT\part.parquet
COOKIEUSDT,ok,12493,12086,408,1,2025-01-07 11:00:00,2026-06-11 23:00:00,0,0,0,9214,0.0,520.5,G:\AlphaFactory_CryptoData\gold\features\binance_universe498_replay_1h_v3_patch_age_20260613\symbol=COOKIEUSDT\part.parquet
COSUSDT,ok,14867,14460,408,1,2024-09-30 13:00:00,2026-06-11 23:00:00,0,0,0,10914,0.0,619.4166666666666,G:\AlphaFactory_CryptoData\gold\features\binance_universe498_replay_1h_v3_patch_age_20260613\symbol=COSUSDT\part.parquet
COTIUSDT,ok,21432,21025,408,1,2024-01-01 00:00:00,2026-06-11 23:00:00,0,0,0,18471,184.0,1076.9583333333333,G:\AlphaFactory_CryptoData\gold\features\binance_universe498_replay_1h_v3_patch_age_20260613\symbol=COTIUSDT\part.parquet
COWUSDT,ok,13979,13572,408,1,2024-11-06 13:00:00,2026-06-11 23:00:00,0,0,0,10329,0.0,582.4166666666666,G:\AlphaFactory_CryptoData\gold\features\binance_universe498_replay_1h_v3_patch_age_20260613\symbol=COWUSDT\part.parquet
CROSSUSDT,ok,8078,7671,408,1,2025-07-10 10:00:00,2026-06-11 23:00:00,0,0,0,5903,0.0,336.5416666666667,G:\AlphaFactory_CryptoData\gold\features\binance_universe498_replay_1h_v3_patch_age_20260613\symbol=CROSSUSDT\part.parquet
CRVUSDT,ok,21432,21025,408,1,2024-01-01 00:00:00,2026-06-11 23:00:00,0,0,0,18471,184.0,1076.9583333333333,G:\AlphaFactory_CryptoData\gold\features\binance_universe498_replay_1h_v3_patch_age_20260613\symbol=CRVUSDT\part.parquet
CTKUSDT,ok,10478,10071,408,1,2025-04-01 00:00:00,2026-06-11 23:00:00,0,0,1,7790,0.0,436.9583333333333,G:\AlphaFactory_CryptoData\gold\features\binance_universe498_replay_1h_v3_patch_age_20260613\symbol=CTKUSDT\part.parquet
CTSIUSDT,ok,21432,21025,408,1,2024-01-01 00:00:00,2026-06-11 23:00:00,0,0,0,18471,184.0,1076.9583333333333,G:\AlphaFactory_CryptoData\gold\features\binance_universe498_replay_1h_v3_patch_age_20260613\symbol=CTSIUSDT\part.parquet
CUSDT,ok,7959,7552,408,1,2025-07-15 09:00:00,2026-06-11 23:00:00,0,0,0,5686,0.0,331.5833333333333,G:\AlphaFactory_CryptoData\gold\features\binance_universe498_replay_1h_v3_patch_age_20260613\symbol=CUSDT\part.parquet
CVCUSDT,ok,9760,9353,408,1,2025-05-01 00:00:00,2026-06-11 23:00:00,0,0,361,6667,0.0,406.9583333333333,G:\AlphaFactory_CryptoData\gold\features\binance_universe498_replay_1h_v3_patch_age_20260613\symbol=CVCUSDT\part.parquet
CVXUSDT,ok,8293,7886,408,1,2025-07-01 00:00:00,2026-06-11 23:00:00,0,0,300,6196,0.0,345.9583333333333,G:\AlphaFactory_CryptoData\gold\features\binance_universe498_replay_1h_v3_patch_age_20260613\symbol=CVXUSDT\part.parquet
CYBERUSDT,ok,21432,21025,408,1,2024-01-01 00:00:00,2026-06-11 23:00:00,0,0,0,15918,132.5,1025.4583333333333,G:\AlphaFactory_CryptoData\gold\features\binance_universe498_replay_1h_v3_patch_age_20260613\symbol=CYBERUSDT\part.parquet
CYSUSDT,ok,4357,3950,408,1,2025-12-12 11:00:00,2026-06-11 23:00:00,0,0,0,3112,0.0,181.5,G:\AlphaFactory_CryptoData\gold\features\binance_universe498_replay_1h_v3_patch_age_20260613\symbol=CYSUSDT\part.parquet
DASHUSDT,ok,21432,21025,408,1,2024-01-01 00:00:00,2026-06-11 23:00:00,0,0,0,18471,184.0,1076.9583333333333,G:\AlphaFactory_CryptoData\gold\features\binance_universe498_replay_1h_v3_patch_age_20260613\symbol=DASHUSDT\part.parquet
DEEPUSDT,ok,9976,9569,408,1,2025-04-22 08:00:00,2026-06-11 23:00:00,0,0,0,7327,0.0,415.625,G:\AlphaFactory_CryptoData\gold\features\binance_universe498_replay_1h_v3_patch_age_20260613\symbol=DEEPUSDT\part.parquet
DEXEUSDT,ok,12829,12422,408,1,2024-12-24 11:00:00,2026-06-11 23:00:00,0,0,0,9466,0.0,534.5,G:\AlphaFactory_CryptoData\gold\features\binance_universe498_replay_1h_v3_patch_age_20260613\symbol=DEXEUSDT\part.parquet
DIAUSDT,ok,14820,14413,408,1,2024-10-02 12:00:00,2026-06-11 23:00:00,0,0,0,10960,0.0,617.4583333333334,G:\AlphaFactory_CryptoData\gold\features\binance_universe498_replay_1h_v3_patch_age_20260613\symbol=DIAUSDT\part.parquet
DODOXUSDT,ok,21432,21025,408,1,2024-01-01 00:00:00,2026-06-11 23:00:00,0,0,0,15918,145.5,1038.4583333333333,G:\AlphaFactory_CryptoData\gold\features\binance_universe498_replay_1h_v3_patch_age_20260613\symbol=DODOXUSDT\part.parquet
DOGEUSDT,ok,21432,21025,408,1,2024-01-01 00:00:00,2026-06-11 23:00:00,0,0,0,18471,184.0,1076.9583333333333,G:\AlphaFactory_CryptoData\gold\features\binance_universe498_replay_1h_v3_patch_age_20260613\symbol=DOGEUSDT\part.parquet
DOGSUSDT,ok,15708,15301,408,1,2024-08-26 12:00:00,2026-06-11 23:00:00,0,0,720,11626,0.0,654.4583333333334,G:\AlphaFactory_CryptoData\gold\features\binance_universe498_replay_1h_v3_patch_age_20260613\symbol=DOGSUSDT\part.parquet
DOLOUSDT,ok,9765,9358,408,1,2025-05-01 03:00:00,2026-06-11 23:00:00,0,0,0,7168,0.0,406.8333333333333,G:\AlphaFactory_CryptoData\gold\features\binance_universe498_replay_1h_v3_patch_age_20260613\symbol=DOLOUSDT\part.parquet
DOODUSDT,ok,9563,9156,408,1,2025-05-09 13:00:00,2026-06-11 23:00:00,0,0,0,5825,0.0,398.4166666666667,G:\AlphaFactory_CryptoData\gold\features\binance_universe498_replay_1h_v3_patch_age_20260613\symbol=DOODUSDT\part.parquet
DOTUSDT,ok,21432,21025,408,1,2024-01-01 00:00:00,2026-06-11 23:00:00,0,0,0,18471,184.0,1076.9583333333333,G:\AlphaFactory_CryptoData\gold\features\binance_universe498_replay_1h_v3_patch_age_20260613\symbol=DOTUSDT\part.parquet
DRIFTUSDT,ok,13929,13522,408,1,2024-11-08 15:00:00,2026-06-11 23:00:00,0,0,0,10141,0.0,580.3333333333334,G:\AlphaFactory_CryptoData\gold\features\binance_universe498_replay_1h_v3_patch_age_20260613\symbol=DRIFTUSDT\part.parquet
DUSDT,ok,12446,12039,408,1,2025-01-09 10:00:00,2026-06-11 23:00:00,0,0,0,9086,0.0,518.5416666666666,G:\AlphaFactory_CryptoData\gold\features\binance_universe498_replay_1h_v3_patch_age_20260613\symbol=DUSDT\part.parquet
DUSKUSDT,ok,21432,21025,408,1,2024-01-01 00:00:00,2026-06-11 23:00:00,0,0,0,18082,184.0,1076.9583333333333,G:\AlphaFactory_CryptoData\gold\features\binance_universe498_replay_1h_v3_patch_age_20260613\symbol=DUSKUSDT\part.parquet
DYDXUSDT,ok,21432,21025,408,1,2024-01-01 00:00:00,2026-06-11 23:00:00,0,0,0,18471,184.0,1076.9583333333333,G:\AlphaFactory_CryptoData\gold\features\binance_universe498_replay_1h_v3_patch_age_20260613\symbol=DYDXUSDT\part.parquet
DYMUSDT,ok,20537,20130,408,1,2024-02-07 07:00:00,2026-06-11 23:00:00,0,0,0,15247,0.0,855.6666666666666,G:\AlphaFactory_CryptoData\gold\features\binance_universe498_replay_1h_v3_patch_age_20260613\symbol=DYMUSDT\part.parquet
EDENUSDT,ok,6109,5702,408,1,2025-09-30 11:00:00,2026-06-11 23:00:00,0,0,0,4426,0.0,254.5,G:\AlphaFactory_CryptoData\gold\features\binance_universe498_replay_1h_v3_patch_age_20260613\symbol=EDENUSDT\part.parquet
EDUUSDT,ok,21432,21025,408,1,2024-01-01 00:00:00,2026-06-11 23:00:00,0,0,0,18471,184.0,1076.9583333333333,G:\AlphaFactory_CryptoData\gold\features\binance_universe498_replay_1h_v3_patch_age_20260613\symbol=EDUUSDT\part.parquet
EGLDUSDT,ok,21432,21025,408,1,2024-01-01 00:00:00,2026-06-11 23:00:00,0,0,0,18471,184.0,1076.9583333333333,G:\AlphaFactory_CryptoData\gold\features\binance_universe498_replay_1h_v3_patch_age_20260613\symbol=EGLDUSDT\part.parquet
EIGENUSDT,ok,14850,14443,408,1,2024-10-01 06:00:00,2026-06-11 23:00:00,0,0,0,10982,0.0,618.7083333333334,G:\AlphaFactory_CryptoData\gold\features\binance_universe498_replay_1h_v3_patch_age_20260613\symbol=EIGENUSDT\part.parquet
ELSAUSDT,ok,3377,2970,408,1,2026-01-22 07:00:00,2026-06-11 23:00:00,0,0,48,2315,0.0,140.66666666666666,G:\AlphaFactory_CryptoData\gold\features\binance_universe498_replay_1h_v3_patch_age_20260613\symbol=ELSAUSDT\part.parquet
ENAUSDT,ok,19212,18805,408,1,2024-04-02 12:00:00,2026-06-11 23:00:00,0,0,0,14254,0.0,800.4583333333334,G:\AlphaFactory_CryptoData\gold\features\binance_universe498_replay_1h_v3_patch_age_20260613\symbol=ENAUSDT\part.parquet
ENJUSDT,ok,21432,21025,408,1,2024-01-01 00:00:00,2026-06-11 23:00:00,0,0,0,18070,184.0,1076.9583333333333,G:\AlphaFactory_CryptoData\gold\features\binance_universe498_replay_1h_v3_patch_age_20260613\symbol=ENJUSDT\part.parquet
ENSOUSDT,ok,5775,5368,408,1,2025-10-14 09:00:00,2026-06-11 23:00:00,0,0,0,4035,0.0,240.58333333333334,G:\AlphaFactory_CryptoData\gold\features\binance_universe498_replay_1h_v3_patch_age_20260613\symbol=ENSOUSDT\part.parquet
ENSUSDT,ok,21432,21025,408,1,2024-01-01 00:00:00,2026-06-11 23:00:00,0,0,0,18471,184.0,1076.9583333333333,G:\AlphaFactory_CryptoData\gold\features\binance_universe498_replay_1h_v3_patch_age_20260613\symbol=ENSUSDT\part.parquet
EPICUSDT,ok,10936,10529,408,1,2025-03-13 08:00:00,2026-06-11 23:00:00,0,0,0,8046,0.0,455.625,G:\AlphaFactory_CryptoData\gold\features\binance_universe498_replay_1h_v3_patch_age_20260613\symbol=EPICUSDT\part.parquet
ERAUSDT,ok,7905,7498,408,1,2025-07-17 15:00:00,2026-06-11 23:00:00,0,0,0,5686,0.0,329.3333333333333,G:\AlphaFactory_CryptoData\gold\features\binance_universe498_replay_1h_v3_patch_age_20260613\symbol=ERAUSDT\part.parquet
ESPORTSUSDT,ok,7622,7215,408,1,2025-07-29 10:00:00,2026-06-11 23:00:00,0,0,0,5561,0.0,317.5416666666667,G:\AlphaFactory_CryptoData\gold\features\binance_universe498_replay_1h_v3_patch_age_20260613\symbol=ESPORTSUSDT\part.parquet
ETCUSDT,ok,21432,21025,408,1,2024-01-01 00:00:00,2026-06-11 23:00:00,0,0,0,18471,184.0,1076.9583333333333,G:\AlphaFactory_CryptoData\gold\features\binance_universe498_replay_1h_v3_patch_age_20260613\symbol=ETCUSDT\part.parquet
ETHFIUSDT,ok,19569,19162,408,1,2024-03-18 15:00:00,2026-06-11 23:00:00,0,0,0,14521,0.0,815.3333333333334,G:\AlphaFactory_CryptoData\gold\features\binance_universe498_replay_1h_v3_patch_age_20260613\symbol=ETHFIUSDT\part.parquet
ETHUSDT,ok,21432,21025,408,1,2024-01-01 00:00:00,2026-06-11 23:00:00,0,0,0,18471,184.0,1076.9583333333333,G:\AlphaFactory_CryptoData\gold\features\binance_universe498_replay_1h_v3_patch_age_20260613\symbol=ETHUSDT\part.parquet
ETHWUSDT,ok,21432,21025,408,1,2024-01-01 00:00:00,2026-06-11 23:00:00,0,0,0,15918,33.479166666666664,926.4375,G:\AlphaFactory_CryptoData\gold\features\binance_universe498_replay_1h_v3_patch_age_20260613\symbol=ETHWUSDT\part.parquet
EULUSDT,ok,5794,5387,408,1,2025-10-13 14:00:00,2026-06-11 23:00:00,0,0,0,4190,0.0,241.375,G:\AlphaFactory_CryptoData\gold\features\binance_universe498_replay_1h_v3_patch_age_20260613\symbol=EULUSDT\part.parquet
EVAAUSDT,ok,6038,5631,408,1,2025-10-03 10:00:00,2026-06-11 23:00:00,0,0,0,4373,0.0,251.54166666666666,G:\AlphaFactory_CryptoData\gold\features\binance_universe498_replay_1h_v3_patch_age_20260613\symbol=EVAAUSDT\part.parquet
FARTCOINUSDT,ok,12918,12511,408,1,2024-12-20 18:00:00,2026-06-11 23:00:00,0,0,0,9533,0.0,538.2083333333334,G:\AlphaFactory_CryptoData\gold\features\binance_universe498_replay_1h_v3_patch_age_20260613\symbol=FARTCOINUSDT\part.parquet
FETUSDT,ok,21432,21025,408,1,2024-01-01 00:00:00,2026-06-11 23:00:00,0,0,0,18471,184.0,1076.9583333333333,G:\AlphaFactory_CryptoData\gold\features\binance_universe498_replay_1h_v3_patch_age_20260613\symbol=FETUSDT\part.parquet
FFUSDT,ok,6131,5724,408,1,2025-09-29 13:00:00,2026-06-11 23:00:00,0,0,0,4443,0.0,255.41666666666666,G:\AlphaFactory_CryptoData\gold\features\binance_universe498_replay_1h_v3_patch_age_20260613\symbol=FFUSDT\part.parquet
FHEUSDT,ok,10209,9802,408,1,2025-04-12 15:00:00,2026-06-11 23:00:00,0,0,0,7501,0.0,425.3333333333333,G:\AlphaFactory_CryptoData\gold\features\binance_universe498_replay_1h_v3_patch_age_20260613\symbol=FHEUSDT\part.parquet
FIDAUSDT,ok,15132,14725,408,1,2024-09-19 12:00:00,2026-06-11 23:00:00,0,0,0,11194,0.0,630.4583333333334,G:\AlphaFactory_CryptoData\gold\features\binance_universe498_replay_1h_v3_patch_age_20260613\symbol=FIDAUSDT\part.parquet
FILUSDT,ok,21432,21025,408,1,2024-01-01 00:00:00,2026-06-11 23:00:00,0,0,0,18471,184.0,1076.9583333333333,G:\AlphaFactory_CryptoData\gold\features\binance_universe498_replay_1h_v3_patch_age_20260613\symbol=FILUSDT\part.parquet
FLOCKUSDT,ok,6618,6211,408,1,2025-09-09 06:00:00,2026-06-11 23:00:00,0,0,0,4808,0.0,275.7083333333333,G:\AlphaFactory_CryptoData\gold\features\binance_universe498_replay_1h_v3_patch_age_20260613\symbol=FLOCKUSDT\part.parquet
FLOWUSDT,ok,21432,21025,408,1,2024-01-01 00:00:00,2026-06-11 23:00:00,0,0,0,17727,184.0,1076.9583333333333,G:\AlphaFactory_CryptoData\gold\features\binance_universe498_replay_1h_v3_patch_age_20260613\symbol=FLOWUSDT\part.parquet
FLUIDUSDT,ok,6254,5847,408,1,2025-09-24 10:00:00,2026-06-11 23:00:00,0,0,0,4535,0.0,260.5416666666667,G:\AlphaFactory_CryptoData\gold\features\binance_universe498_replay_1h_v3_patch_age_20260613\symbol=FLUIDUSDT\part.parquet
FLUXUSDT,ok,15521,15114,408,1,2024-09-03 07:00:00,2026-06-11 23:00:00,0,0,0,11485,0.0,646.6666666666666,G:\AlphaFactory_CryptoData\gold\features\binance_universe498_replay_1h_v3_patch_age_20260613\symbol=FLUXUSDT\part.parquet
FOGOUSDT,ok,3658,3251,408,1,2026-01-10 14:00:00,2026-06-11 23:00:00,0,0,0,2588,0.0,152.375,G:\AlphaFactory_CryptoData\gold\features\binance_universe498_replay_1h_v3_patch_age_20260613\symbol=FOGOUSDT\part.parquet
FOLKSUSDT,ok,5220,4813,408,1,2025-11-06 12:00:00,2026-06-11 23:00:00,0,0,0,3402,0.0,217.45833333333334,G:\AlphaFactory_CryptoData\gold\features\binance_universe498_replay_1h_v3_patch_age_20260613\symbol=FOLKSUSDT\part.parquet
FORMUSDT,ok,10792,10385,408,1,2025-03-19 08:00:00,2026-06-11 23:00:00,0,0,0,7938,0.0,449.625,G:\AlphaFactory_CryptoData\gold\features\binance_universe498_replay_1h_v3_patch_age_20260613\symbol=FORMUSDT\part.parquet
FRAXUSDT,ok,3544,3137,408,1,2026-01-15 08:00:00,2026-06-11 23:00:00,0,0,0,2502,0.0,147.625,G:\AlphaFactory_CryptoData\gold\features\binance_universe498_replay_1h_v3_patch_age_20260613\symbol=FRAXUSDT\part.parquet
FUSDT,ok,8604,8197,408,1,2025-06-18 12:00:00,2026-06-11 23:00:00,0,0,0,6012,0.0,358.4583333333333,G:\AlphaFactory_CryptoData\gold\features\binance_universe498_replay_1h_v3_patch_age_20260613\symbol=FUSDT\part.parquet
GALAUSDT,ok,21432,21025,408,1,2024-01-01 00:00:00,2026-06-11 23:00:00,0,0,0,18471,184.0,1076.9583333333333,G:\AlphaFactory_CryptoData\gold\features\binance_universe498_replay_1h_v3_patch_age_20260613\symbol=GALAUSDT\part.parquet
GASUSDT,ok,21432,21025,408,1,2024-01-01 00:00:00,2026-06-11 23:00:00,0,0,0,15881,67.88541666666667,960.84375,G:\AlphaFactory_CryptoData\gold\features\binance_universe498_replay_1h_v3_patch_age_20260613\symbol=GASUSDT\part.parquet
GIGGLEUSDT,ok,5895,5488,408,1,2025-10-09 09:00:00,2026-06-11 23:00:00,0,0,0,4266,0.0,245.58333333333334,G:\AlphaFactory_CryptoData\gold\features\binance_universe498_replay_1h_v3_patch_age_20260613\symbol=GIGGLEUSDT\part.parquet
GLMUSDT,ok,20174,19767,408,1,2024-02-22 10:00:00,2026-06-11 23:00:00,0,0,0,14975,0.0,840.5416666666666,G:\AlphaFactory_CryptoData\gold\features\binance_universe498_replay_1h_v3_patch_age_20260613\symbol=GLMUSDT\part.parquet
GMTUSDT,ok,21432,21025,408,1,2024-01-01 00:00:00,2026-06-11 23:00:00,0,0,0,18047,184.0,1076.9583333333333,G:\AlphaFactory_CryptoData\gold\features\binance_universe498_replay_1h_v3_patch_age_20260613\symbol=GMTUSDT\part.parquet
GMXUSDT,ok,21432,21025,408,1,2024-01-01 00:00:00,2026-06-11 23:00:00,0,0,0,18471,184.0,1076.9583333333333,G:\AlphaFactory_CryptoData\gold\features\binance_universe498_replay_1h_v3_patch_age_20260613\symbol=GMXUSDT\part.parquet
GOATUSDT,ok,14291,13884,408,1,2024-10-24 13:00:00,2026-06-11 23:00:00,0,0,0,10563,0.0,595.4166666666666,G:\AlphaFactory_CryptoData\gold\features\binance_universe498_replay_1h_v3_patch_age_20260613\symbol=GOATUSDT\part.parquet
GPSUSDT,ok,11503,11096,408,1,2025-02-17 17:00:00,2026-06-11 23:00:00,0,0,0,7969,0.0,479.25,G:\AlphaFactory_CryptoData\gold\features\binance_universe498_replay_1h_v3_patch_age_20260613\symbol=GPSUSDT\part.parquet
GRASSUSDT,ok,13929,13522,408,1,2024-11-08 15:00:00,2026-06-11 23:00:00,0,0,0,10291,0.0,580.3333333333334,G:\AlphaFactory_CryptoData\gold\features\binance_universe498_replay_1h_v3_patch_age_20260613\symbol=GRASSUSDT\part.parquet
GRIFFAINUSDT,ok,12611,12204,408,1,2025-01-02 13:00:00,2026-06-11 23:00:00,0,0,0,9303,0.0,525.4166666666666,G:\AlphaFactory_CryptoData\gold\features\binance_universe498_replay_1h_v3_patch_age_20260613\symbol=GRIFFAINUSDT\part.parquet
GRTUSDT,ok,21432,21025,408,1,2024-01-01 00:00:00,2026-06-11 23:00:00,0,0,0,18471,184.0,1076.9583333333333,G:\AlphaFactory_CryptoData\gold\features\binance_universe498_replay_1h_v3_patch_age_20260613\symbol=GRTUSDT\part.parquet
GTCUSDT,ok,21432,21025,408,1,2024-01-01 00:00:00,2026-06-11 23:00:00,0,0,0,18471,184.0,1076.9583333333333,G:\AlphaFactory_CryptoData\gold\features\binance_universe498_replay_1h_v3_patch_age_20260613\symbol=GTCUSDT\part.parquet
GUAUSDT,ok,4142,3735,408,1,2025-12-21 10:00:00,2026-06-11 23:00:00,0,0,0,2951,0.0,172.54166666666666,G:\AlphaFactory_CryptoData\gold\features\binance_universe498_replay_1h_v3_patch_age_20260613\symbol=GUAUSDT\part.parquet
GUNUSDT,ok,10499,10092,408,1,2025-03-31 13:00:00,2026-06-11 23:00:00,0,0,0,7719,0.0,437.4166666666667,G:\AlphaFactory_CryptoData\gold\features\binance_universe498_replay_1h_v3_patch_age_20260613\symbol=GUNUSDT\part.parquet
GUSDT,ok,15972,15565,408,1,2024-08-15 12:00:00,2026-06-11 23:00:00,0,0,0,11774,0.0,665.4583333333334,G:\AlphaFactory_CryptoData\gold\features\binance_universe498_replay_1h_v3_patch_age_20260613\symbol=GUSDT\part.parquet
HAEDALUSDT,ok,9765,9358,408,1,2025-05-01 03:00:00,2026-06-11 23:00:00,0,0,0,7168,0.0,406.8333333333333,G:\AlphaFactory_CryptoData\gold\features\binance_universe498_replay_1h_v3_patch_age_20260613\symbol=HAEDALUSDT\part.parquet
HANAUSDT,ok,6205,5798,408,1,2025-09-26 11:00:00,2026-06-11 23:00:00,0,0,0,3016,0.0,258.5,G:\AlphaFactory_CryptoData\gold\features\binance_universe498_replay_1h_v3_patch_age_20260613\symbol=HANAUSDT\part.parquet
HBARUSDT,ok,21432,21025,408,1,2024-01-01 00:00:00,2026-06-11 23:00:00,0,0,0,18471,184.0,1076.9583333333333,G:\AlphaFactory_CryptoData\gold\features\binance_universe498_replay_1h_v3_patch_age_20260613\symbol=HBARUSDT\part.parquet
HEIUSDT,ok,11607,11200,408,1,2025-02-13 09:00:00,2026-06-11 23:00:00,0,0,0,8550,0.0,483.5833333333333,G:\AlphaFactory_CryptoData\gold\features\binance_universe498_replay_1h_v3_patch_age_20260613\symbol=HEIUSDT\part.parquet
HEMIUSDT,ok,6884,6477,408,1,2025-08-29 04:00:00,2026-06-11 23:00:00,0,0,0,5007,0.0,286.7916666666667,G:\AlphaFactory_CryptoData\gold\features\binance_universe498_replay_1h_v3_patch_age_20260613\symbol=HEMIUSDT\part.parquet
HFTUSDT,ok,21432,21025,408,1,2024-01-01 00:00:00,2026-06-11 23:00:00,0,0,0,18471,184.0,1076.9583333333333,G:\AlphaFactory_CryptoData\gold\features\binance_universe498_replay_1h_v3_patch_age_20260613\symbol=HFTUSDT\part.parquet
HIGHUSDT,ok,21432,21025,408,1,2024-01-01 00:00:00,2026-06-11 23:00:00,0,0,0,18471,184.0,1076.9583333333333,G:\AlphaFactory_CryptoData\gold\features\binance_universe498_replay_1h_v3_patch_age_20260613\symbol=HIGHUSDT\part.parquet
HIVEUSDT,ok,12853,12446,408,1,2024-12-23 11:00:00,2026-06-11 23:00:00,0,0,0,9484,0.0,535.5,G:\AlphaFactory_CryptoData\gold\features\binance_universe498_replay_1h_v3_patch_age_20260613\symbol=HIVEUSDT\part.parquet
HMSTRUSDT,ok,14964,14557,408,1,2024-09-26 12:00:00,2026-06-11 23:00:00,0,0,0,11068,0.0,623.4583333333334,G:\AlphaFactory_CryptoData\gold\features\binance_universe498_replay_1h_v3_patch_age_20260613\symbol=HMSTRUSDT\part.parquet
HOLOUSDT,ok,6564,6157,408,1,2025-09-11 12:00:00,2026-06-11 23:00:00,0,0,0,4767,0.0,273.4583333333333,G:\AlphaFactory_CryptoData\gold\features\binance_universe498_replay_1h_v3_patch_age_20260613\symbol=HOLOUSDT\part.parquet
HOMEUSDT,ok,8797,8390,408,1,2025-06-10 11:00:00,2026-06-11 23:00:00,0,0,0,6442,0.0,366.5,G:\AlphaFactory_CryptoData\gold\features\binance_universe498_replay_1h_v3_patch_age_20260613\symbol=HOMEUSDT\part.parquet
HOTUSDT,ok,21432,21025,408,1,2024-01-01 00:00:00,2026-06-11 23:00:00,0,0,0,18471,184.0,1076.9583333333333,G:\AlphaFactory_CryptoData\gold\features\binance_universe498_replay_1h_v3_patch_age_20260613\symbol=HOTUSDT\part.parquet
HUMAUSDT,ok,9155,8748,408,1,2025-05-26 13:00:00,2026-06-11 23:00:00,0,0,0,6711,0.0,381.4166666666667,G:\AlphaFactory_CryptoData\gold\features\binance_universe498_replay_1h_v3_patch_age_20260613\symbol=HUMAUSDT\part.parquet
HUSDT,ok,8439,8032,408,1,2025-06-25 09:00:00,2026-06-11 23:00:00,0,0,0,5880,0.0,351.5833333333333,G:\AlphaFactory_CryptoData\gold\features\binance_universe498_replay_1h_v3_patch_age_20260613\symbol=HUSDT\part.parquet
HYPERUSDT,ok,9971,9564,408,1,2025-04-22 13:00:00,2026-06-11 23:00:00,0,0,0,7173,0.0,415.4166666666667,G:\AlphaFactory_CryptoData\gold\features\binance_universe498_replay_1h_v3_patch_age_20260613\symbol=HYPERUSDT\part.parquet
HYPEUSDT,ok,9062,8655,408,1,2025-05-30 10:00:00,2026-06-11 23:00:00,0,0,0,6641,0.0,377.5416666666667,G:\AlphaFactory_CryptoData\gold\features\binance_universe498_replay_1h_v3_patch_age_20260613\symbol=HYPEUSDT\part.parquet
ICNTUSDT,ok,8243,7836,408,1,2025-07-03 13:00:00,2026-06-11 23:00:00,0,0,0,6027,0.0,343.4166666666667,G:\AlphaFactory_CryptoData\gold\features\binance_universe498_replay_1h_v3_patch_age_20260613\symbol=ICNTUSDT\part.parquet
ICPUSDT,ok,21432,21025,408,1,2024-01-01 00:00:00,2026-06-11 23:00:00,0,0,0,18471,184.0,1076.9583333333333,G:\AlphaFactory_CryptoData\gold\features\binance_universe498_replay_1h_v3_patch_age_20260613\symbol=ICPUSDT\part.parquet
ICXUSDT,ok,21432,21025,408,1,2024-01-01 00:00:00,2026-06-11 23:00:00,0,0,0,18286,184.0,1076.9583333333333,G:\AlphaFactory_CryptoData\gold\features\binance_universe498_replay_1h_v3_patch_age_20260613\symbol=ICXUSDT\part.parquet
IDOLUSDT,ok,8223,7816,408,1,2025-07-04 09:00:00,2026-06-11 23:00:00,0,0,0,6012,0.0,342.5833333333333,G:\AlphaFactory_CryptoData\gold\features\binance_universe498_replay_1h_v3_patch_age_20260613\symbol=IDOLUSDT\part.parquet
IDUSDT,ok,21432,21025,408,1,2024-01-01 00:00:00,2026-06-11 23:00:00,0,0,0,18471,184.0,1076.9583333333333,G:\AlphaFactory_CryptoData\gold\features\binance_universe498_replay_1h_v3_patch_age_20260613\symbol=IDUSDT\part.parquet
ILVUSDT,ok,21432,21025,408,1,2024-01-01 00:00:00,2026-06-11 23:00:00,0,0,0,15918,51.3125,944.2708333333334,G:\AlphaFactory_CryptoData\gold\features\binance_universe498_replay_1h_v3_patch_age_20260613\symbol=ILVUSDT\part.parquet
IMXUSDT,ok,21432,21025,408,1,2024-01-01 00:00:00,2026-06-11 23:00:00,0,0,744,15918,184.0,1076.9583333333333,G:\AlphaFactory_CryptoData\gold\features\binance_universe498_replay_1h_v3_patch_age_20260613\symbol=IMXUSDT\part.parquet
INITUSDT,ok,10122,9715,408,1,2025-04-16 06:00:00,2026-06-11 23:00:00,0,0,0,7378,0.0,421.7083333333333,G:\AlphaFactory_CryptoData\gold\features\binance_universe498_replay_1h_v3_patch_age_20260613\symbol=INITUSDT\part.parquet
INJUSDT,ok,21432,21025,408,1,2024-01-01 00:00:00,2026-06-11 23:00:00,0,0,0,18471,184.0,1076.9583333333333,G:\AlphaFactory_CryptoData\gold\features\binance_universe498_replay_1h_v3_patch_age_20260613\symbol=INJUSDT\part.parquet
INUSDT,ok,7406,6999,408,1,2025-08-07 10:00:00,2026-06-11 23:00:00,0,0,0,5399,0.0,308.5416666666667,G:\AlphaFactory_CryptoData\gold\features\binance_universe498_replay_1h_v3_patch_age_20260613\symbol=INUSDT\part.parquet
IOSTUSDT,ok,21432,21025,408,1,2024-01-01 00:00:00,2026-06-11 23:00:00,0,0,0,18471,184.0,1076.9583333333333,G:\AlphaFactory_CryptoData\gold\features\binance_universe498_replay_1h_v3_patch_age_20260613\symbol=IOSTUSDT\part.parquet
IOTAUSDT,ok,21432,21025,408,1,2024-01-01 00:00:00,2026-06-11 23:00:00,0,0,0,18471,184.0,1076.9583333333333,G:\AlphaFactory_CryptoData\gold\features\binance_universe498_replay_1h_v3_patch_age_20260613\symbol=IOTAUSDT\part.parquet
IOTXUSDT,ok,21432,21025,408,1,2024-01-01 00:00:00,2026-06-11 23:00:00,0,0,0,18471,184.0,1076.9583333333333,G:\AlphaFactory_CryptoData\gold\features\binance_universe498_replay_1h_v3_patch_age_20260613\symbol=IOTXUSDT\part.parquet
IOUSDT,ok,17530,17123,408,1,2024-06-11 14:00:00,2026-06-11 23:00:00,0,0,0,12992,0.0,730.375,G:\AlphaFactory_CryptoData\gold\features\binance_universe498_replay_1h_v3_patch_age_20260613\symbol=IOUSDT\part.parquet
IPUSDT,ok,11599,11192,408,1,2025-02-13 17:00:00,2026-06-11 23:00:00,0,0,0,7973,0.0,483.25,G:\AlphaFactory_CryptoData\gold\features\binance_universe498_replay_1h_v3_patch_age_20260613\symbol=IPUSDT\part.parquet
IRYSUSDT,ok,4736,4329,408,1,2025-11-26 16:00:00,2026-06-11 23:00:00,0,0,0,3396,0.0,197.29166666666666,G:\AlphaFactory_CryptoData\gold\features\binance_universe498_replay_1h_v3_patch_age_20260613\symbol=IRYSUSDT\part.parquet
JASMYUSDT,ok,21432,21025,408,1,2024-01-01 00:00:00,2026-06-11 23:00:00,0,0,0,18471,184.0,1076.9583333333333,G:\AlphaFactory_CryptoData\gold\features\binance_universe498_replay_1h_v3_patch_age_20260613\symbol=JASMYUSDT\part.parquet
JCTUSDT,ok,5126,4719,408,1,2025-11-10 10:00:00,2026-06-11 23:00:00,0,0,0,3689,0.0,213.54166666666666,G:\AlphaFactory_CryptoData\gold\features\binance_universe498_replay_1h_v3_patch_age_20260613\symbol=JCTUSDT\part.parquet
JELLYJELLYUSDT,ok,10616,10209,408,1,2025-03-26 16:00:00,2026-06-11 23:00:00,0,0,0,7793,0.0,442.2916666666667,G:\AlphaFactory_CryptoData\gold\features\binance_universe498_replay_1h_v3_patch_age_20260613\symbol=JELLYJELLYUSDT\part.parquet
JOEUSDT,ok,21432,21025,408,1,2024-01-01 00:00:00,2026-06-11 23:00:00,0,0,0,18471,184.0,1076.9583333333333,G:\AlphaFactory_CryptoData\gold\features\binance_universe498_replay_1h_v3_patch_age_20260613\symbol=JOEUSDT\part.parquet
JSTUSDT,ok,9831,9424,408,1,2025-04-28 09:00:00,2026-06-11 23:00:00,0,0,0,7218,0.0,409.5833333333333,G:\AlphaFactory_CryptoData\gold\features\binance_universe498_replay_1h_v3_patch_age_20260613\symbol=JSTUSDT\part.parquet
JTOUSDT,ok,21432,21025,408,1,2024-01-01 00:00:00,2026-06-11 23:00:00,0,0,0,15918,23.58263888888889,916.5409722222222,G:\AlphaFactory_CryptoData\gold\features\binance_universe498_replay_1h_v3_patch_age_20260613\symbol=JTOUSDT\part.parquet
JUPUSDT,ok,20694,20287,408,1,2024-01-31 18:00:00,2026-06-11 23:00:00,0,0,9,15367,0.0,862.2083333333334,G:\AlphaFactory_CryptoData\gold\features\binance_universe498_replay_1h_v3_patch_age_20260613\symbol=JUPUSDT\part.parquet
KAIAUSDT,ok,13306,12899,408,1,2024-12-04 14:00:00,2026-06-11 23:00:00,0,0,0,9824,0.0,554.375,G:\AlphaFactory_CryptoData\gold\features\binance_universe498_replay_1h_v3_patch_age_20260613\symbol=KAIAUSDT\part.parquet
KAITOUSDT,ok,11435,11028,408,1,2025-02-20 13:00:00,2026-06-11 23:00:00,0,0,0,8421,0.0,476.4166666666667,G:\AlphaFactory_CryptoData\gold\features\binance_universe498_replay_1h_v3_patch_age_20260613\symbol=KAITOUSDT\part.parquet
KASUSDT,ok,21432,21025,408,1,2024-01-01 00:00:00,2026-06-11 23:00:00,0,0,0,15918,44.916666666666664,937.875,G:\AlphaFactory_CryptoData\gold\features\binance_universe498_replay_1h_v3_patch_age_20260613\symbol=KASUSDT\part.parquet
KAVAUSDT,ok,21432,21025,408,1,2024-01-01 00:00:00,2026-06-11 23:00:00,0,0,0,17207,184.0,1076.9583333333333,G:\AlphaFactory_CryptoData\gold\features\binance_universe498_replay_1h_v3_patch_age_20260613\symbol=KAVAUSDT\part.parquet
KERNELUSDT,ok,10164,9757,408,1,2025-04-14 12:00:00,2026-06-11 23:00:00,0,0,0,7468,0.0,423.4583333333333,G:\AlphaFactory_CryptoData\gold\features\binance_universe498_replay_1h_v3_patch_age_20260613\symbol=KERNELUSDT\part.parquet
KGENUSDT,ok,5938,5531,408,1,2025-10-07 14:00:00,2026-06-11 23:00:00,0,0,0,4298,0.0,247.375,G:\AlphaFactory_CryptoData\gold\features\binance_universe498_replay_1h_v3_patch_age_20260613\symbol=KGENUSDT\part.parquet
KITEUSDT,ok,5414,5007,408,1,2025-10-29 10:00:00,2026-06-11 23:00:00,0,0,0,3905,0.0,225.54166666666666,G:\AlphaFactory_CryptoData\gold\features\binance_universe498_replay_1h_v3_patch_age_20260613\symbol=KITEUSDT\part.parquet
KMNOUSDT,ok,12917,12510,408,1,2024-12-20 19:00:00,2026-06-11 23:00:00,0,0,0,9532,0.0,538.1666666666666,G:\AlphaFactory_CryptoData\gold\features\binance_universe498_replay_1h_v3_patch_age_20260613\symbol=KMNOUSDT\part.parquet
KNCUSDT,ok,21432,21025,408,1,2024-01-01 00:00:00,2026-06-11 23:00:00,0,0,0,18471,184.0,1076.9583333333333,G:\AlphaFactory_CryptoData\gold\features\binance_universe498_replay_1h_v3_patch_age_20260613\symbol=KNCUSDT\part.parquet
KOMAUSDT,ok,13164,12757,408,1,2024-12-10 12:00:00,2026-06-11 23:00:00,0,0,0,9718,0.0,548.4583333333334,G:\AlphaFactory_CryptoData\gold\features\binance_universe498_replay_1h_v3_patch_age_20260613\symbol=KOMAUSDT\part.parquet
KSMUSDT,ok,21432,21025,408,1,2024-01-01 00:00:00,2026-06-11 23:00:00,0,0,0,18471,184.0,1076.9583333333333,G:\AlphaFactory_CryptoData\gold\features\binance_universe498_replay_1h_v3_patch_age_20260613\symbol=KSMUSDT\part.parquet
LABUSDT,ok,5698,5291,408,1,2025-10-17 14:00:00,2026-06-11 23:00:00,0,0,0,4118,0.0,237.375,G:\AlphaFactory_CryptoData\gold\features\binance_universe498_replay_1h_v3_patch_age_20260613\symbol=LABUSDT\part.parquet
LAUSDT,ok,8919,8512,408,1,2025-06-05 09:00:00,2026-06-11 23:00:00,0,0,0,4781,0.0,371.5833333333333,G:\AlphaFactory_CryptoData\gold\features\binance_universe498_replay_1h_v3_patch_age_20260613\symbol=LAUSDT\part.parquet
LAYERUSDT,ok,11649,11242,408,1,2025-02-11 15:00:00,2026-06-11 23:00:00,0,0,0,6495,0.0,485.3333333333333,G:\AlphaFactory_CryptoData\gold\features\binance_universe498_replay_1h_v3_patch_age_20260613\symbol=LAYERUSDT\part.parquet
LDOUSDT,ok,21432,21025,408,1,2024-01-01 00:00:00,2026-06-11 23:00:00,0,0,0,18471,184.0,1076.9583333333333,G:\AlphaFactory_CryptoData\gold\features\binance_universe498_replay_1h_v3_patch_age_20260613\symbol=LDOUSDT\part.parquet
LIGHTUSDT,ok,6181,5774,408,1,2025-09-27 11:00:00,2026-06-11 23:00:00,0,0,0,4414,0.0,257.5,G:\AlphaFactory_CryptoData\gold\features\binance_universe498_replay_1h_v3_patch_age_20260613\symbol=LIGHTUSDT\part.parquet
LINEAUSDT,ok,6808,6401,408,1,2025-09-01 08:00:00,2026-06-11 23:00:00,0,0,0,4951,0.0,283.625,G:\AlphaFactory_CryptoData\gold\features\binance_universe498_replay_1h_v3_patch_age_20260613\symbol=LINEAUSDT\part.parquet
LINKUSDT,ok,21432,21025,408,1,2024-01-01 00:00:00,2026-06-11 23:00:00,0,0,0,18471,184.0,1076.9583333333333,G:\AlphaFactory_CryptoData\gold\features\binance_universe498_replay_1h_v3_patch_age_20260613\symbol=LINKUSDT\part.parquet
LISTAUSDT,ok,17316,16909,408,1,2024-06-20 12:00:00,2026-06-11 23:00:00,0,0,0,12832,0.0,721.4583333333334,G:\AlphaFactory_CryptoData\gold\features\binance_universe498_replay_1h_v3_patch_age_20260613\symbol=LISTAUSDT\part.parquet
LITUSDT,ok,4615,4208,408,1,2025-12-01 00:00:00,2026-06-11 23:00:00,0,0,528,3438,0.0,192.95833333333334,G:\AlphaFactory_CryptoData\gold\features\binance_universe498_replay_1h_v3_patch_age_20260613\symbol=LITUSDT\part.parquet
LPTUSDT,ok,21432,21025,408,1,2024-01-01 00:00:00,2026-06-11 23:00:00,0,0,0,15030,184.0,1076.9583333333333,G:\AlphaFactory_CryptoData\gold\features\binance_universe498_replay_1h_v3_patch_age_20260613\symbol=LPTUSDT\part.parquet
LQTYUSDT,ok,21432,21025,408,1,2024-01-01 00:00:00,2026-06-11 23:00:00,0,0,0,18471,184.0,1076.9583333333333,G:\AlphaFactory_CryptoData\gold\features\binance_universe498_replay_1h_v3_patch_age_20260613\symbol=LQTYUSDT\part.parquet
LSKUSDT,ok,20842,20435,408,1,2024-01-25 14:00:00,2026-06-11 23:00:00,0,0,0,14537,0.0,868.375,G:\AlphaFactory_CryptoData\gold\features\binance_universe498_replay_1h_v3_patch_age_20260613\symbol=LSKUSDT\part.parquet
LTCUSDT,ok,21432,21025,408,1,2024-01-01 00:00:00,2026-06-11 23:00:00,0,0,0,18471,184.0,1076.9583333333333,G:\AlphaFactory_CryptoData\gold\features\binance_universe498_replay_1h_v3_patch_age_20260613\symbol=LTCUSDT\part.parquet
LUMIAUSDT,ok,12973,12566,408,1,2024-12-18 11:00:00,2026-06-11 23:00:00,0,0,0,9574,0.0,540.5,G:\AlphaFactory_CryptoData\gold\features\binance_universe498_replay_1h_v3_patch_age_20260613\symbol=LUMIAUSDT\part.parquet
LUNA2USDT,ok,21432,21025,408,1,2024-01-01 00:00:00,2026-06-11 23:00:00,0,0,0,17483,184.0,1076.9583333333333,G:\AlphaFactory_CryptoData\gold\features\binance_universe498_replay_1h_v3_patch_age_20260613\symbol=LUNA2USDT\part.parquet
LYNUSDT,ok,5969,5562,408,1,2025-10-06 07:00:00,2026-06-11 23:00:00,0,0,0,3822,0.0,248.66666666666666,G:\AlphaFactory_CryptoData\gold\features\binance_universe498_replay_1h_v3_patch_age_20260613\symbol=LYNUSDT\part.parquet
MAGICUSDT,ok,21432,21025,408,1,2024-01-01 00:00:00,2026-06-11 23:00:00,0,0,0,17348,184.0,1076.9583333333333,G:\AlphaFactory_CryptoData\gold\features\binance_universe498_replay_1h_v3_patch_age_20260613\symbol=MAGICUSDT\part.parquet
MAGMAUSDT,ok,3899,3492,408,1,2025-12-31 13:00:00,2026-06-11 23:00:00,0,0,0,2769,0.0,162.41666666666666,G:\AlphaFactory_CryptoData\gold\features\binance_universe498_replay_1h_v3_patch_age_20260613\symbol=MAGMAUSDT\part.parquet
MANAUSDT,ok,21432,21025,408,1,2024-01-01 00:00:00,2026-06-11 23:00:00,0,0,0,18471,184.0,1076.9583333333333,G:\AlphaFactory_CryptoData\gold\features\binance_universe498_replay_1h_v3_patch_age_20260613\symbol=MANAUSDT\part.parquet
MANTAUSDT,ok,21010,20603,408,1,2024-01-18 14:00:00,2026-06-11 23:00:00,0,0,0,15602,0.0,875.375,G:\AlphaFactory_CryptoData\gold\features\binance_universe498_replay_1h_v3_patch_age_20260613\symbol=MANTAUSDT\part.parquet
MASKUSDT,ok,21432,21025,408,1,2024-01-01 00:00:00,2026-06-11 23:00:00,0,0,0,16737,184.0,1076.9583333333333,G:\AlphaFactory_CryptoData\gold\features\binance_universe498_replay_1h_v3_patch_age_20260613\symbol=MASKUSDT\part.parquet
MAVIAUSDT,ok,11215,10808,408,1,2025-03-01 00:00:00,2026-06-11 23:00:00,0,0,0,8256,0.0,467.9583333333333,G:\AlphaFactory_CryptoData\gold\features\binance_universe498_replay_1h_v3_patch_age_20260613\symbol=MAVIAUSDT\part.parquet
MAVUSDT,ok,21432,21025,408,1,2024-01-01 00:00:00,2026-06-11 23:00:00,0,0,0,18471,184.0,1076.9583333333333,G:\AlphaFactory_CryptoData\gold\features\binance_universe498_replay_1h_v3_patch_age_20260613\symbol=MAVUSDT\part.parquet
MBOXUSDT,ok,15663,15256,408,1,2024-08-28 09:00:00,2026-06-11 23:00:00,0,0,0,11592,0.0,652.5833333333334,G:\AlphaFactory_CryptoData\gold\features\binance_universe498_replay_1h_v3_patch_age_20260613\symbol=MBOXUSDT\part.parquet
MELANIAUSDT,ok,12183,11776,408,1,2025-01-20 09:00:00,2026-06-11 23:00:00,0,0,0,8982,0.0,507.5833333333333,G:\AlphaFactory_CryptoData\gold\features\binance_universe498_replay_1h_v3_patch_age_20260613\symbol=MELANIAUSDT\part.parquet
MEMEUSDT,ok,21432,21025,408,1,2024-01-01 00:00:00,2026-06-11 23:00:00,0,0,0,15918,58.5,951.4583333333334,G:\AlphaFactory_CryptoData\gold\features\binance_universe498_replay_1h_v3_patch_age_20260613\symbol=MEMEUSDT\part.parquet
MERLUSDT,ok,9088,8681,408,1,2025-05-29 08:00:00,2026-06-11 23:00:00,0,0,0,6359,0.0,378.625,G:\AlphaFactory_CryptoData\gold\features\binance_universe498_replay_1h_v3_patch_age_20260613\symbol=MERLUSDT\part.parquet
METISUSDT,ok,19720,19313,408,1,2024-03-12 08:00:00,2026-06-11 23:00:00,0,0,0,14634,0.0,821.625,G:\AlphaFactory_CryptoData\gold\features\binance_universe498_replay_1h_v3_patch_age_20260613\symbol=METISUSDT\part.parquet
METUSDT,ok,5844,5437,408,1,2025-10-11 12:00:00,2026-06-11 23:00:00,0,0,0,4227,0.0,243.45833333333334,G:\AlphaFactory_CryptoData\gold\features\binance_universe498_replay_1h_v3_patch_age_20260613\symbol=METUSDT\part.parquet
MEUSDT,ok,13159,12752,408,1,2024-12-10 17:00:00,2026-06-11 23:00:00,0,0,0,8471,0.0,548.25,G:\AlphaFactory_CryptoData\gold\features\binance_universe498_replay_1h_v3_patch_age_20260613\symbol=MEUSDT\part.parquet
MEWUSDT,ok,17386,16979,408,1,2024-06-17 14:00:00,2026-06-11 23:00:00,0,0,0,12884,0.0,724.375,G:\AlphaFactory_CryptoData\gold\features\binance_universe498_replay_1h_v3_patch_age_20260613\symbol=MEWUSDT\part.parquet
MINAUSDT,ok,21432,21025,408,1,2024-01-01 00:00:00,2026-06-11 23:00:00,0,0,0,18471,184.0,1076.9583333333333,G:\AlphaFactory_CryptoData\gold\features\binance_universe498_replay_1h_v3_patch_age_20260613\symbol=MINAUSDT\part.parquet
MIRAUSDT,ok,6204,5797,408,1,2025-09-26 12:00:00,2026-06-11 23:00:00,0,0,0,4263,0.0,258.4583333333333,G:\AlphaFactory_CryptoData\gold\features\binance_universe498_replay_1h_v3_patch_age_20260613\symbol=MIRAUSDT\part.parquet
MITOUSDT,ok,6896,6489,408,1,2025-08-28 16:00:00,2026-06-11 23:00:00,0,0,0,5016,0.0,287.2916666666667,G:\AlphaFactory_CryptoData\gold\features\binance_universe498_replay_1h_v3_patch_age_20260613\symbol=MITOUSDT\part.parquet
MMTUSDT,ok,5268,4861,408,1,2025-11-04 12:00:00,2026-06-11 23:00:00,0,0,0,3795,0.0,219.45833333333334,G:\AlphaFactory_CryptoData\gold\features\binance_universe498_replay_1h_v3_patch_age_20260613\symbol=MMTUSDT\part.parquet
MOCAUSDT,ok,13021,12614,408,1,2024-12-16 11:00:00,2026-06-11 23:00:00,0,0,0,9610,0.0,542.5,G:\AlphaFactory_CryptoData\gold\features\binance_universe498_replay_1h_v3_patch_age_20260613\symbol=MOCAUSDT\part.parquet
MONUSDT,ok,5873,5466,408,1,2025-10-10 07:00:00,2026-06-11 23:00:00,0,0,0,4249,0.0,244.66666666666666,G:\AlphaFactory_CryptoData\gold\features\binance_universe498_replay_1h_v3_patch_age_20260613\symbol=MONUSDT\part.parquet
MOODENGUSDT,ok,14270,13863,408,1,2024-10-25 10:00:00,2026-06-11 23:00:00,0,0,0,10547,0.0,594.5416666666666,G:\AlphaFactory_CryptoData\gold\features\binance_universe498_replay_1h_v3_patch_age_20260613\symbol=MOODENGUSDT\part.parquet
MORPHOUSDT,ok,13474,13067,408,1,2024-11-27 14:00:00,2026-06-11 23:00:00,0,0,0,9950,0.0,561.375,G:\AlphaFactory_CryptoData\gold\features\binance_universe498_replay_1h_v3_patch_age_20260613\symbol=MORPHOUSDT\part.parquet
MOVEUSDT,ok,13186,12779,408,1,2024-12-09 14:00:00,2026-06-11 23:00:00,0,0,0,9698,0.0,549.375,G:\AlphaFactory_CryptoData\gold\features\binance_universe498_replay_1h_v3_patch_age_20260613\symbol=MOVEUSDT\part.parquet
MOVRUSDT,ok,21432,21025,408,1,2024-01-01 00:00:00,2026-06-11 23:00:00,0,0,0,15918,5.479166666666667,898.4375,G:\AlphaFactory_CryptoData\gold\features\binance_universe498_replay_1h_v3_patch_age_20260613\symbol=MOVRUSDT\part.parquet
MTLUSDT,ok,21432,21025,408,1,2024-01-01 00:00:00,2026-06-11 23:00:00,0,0,0,18471,184.0,1076.9583333333333,G:\AlphaFactory_CryptoData\gold\features\binance_universe498_replay_1h_v3_patch_age_20260613\symbol=MTLUSDT\part.parquet
MUBARAKUSDT,ok,10835,10428,408,1,2025-03-17 13:00:00,2026-06-11 23:00:00,0,0,0,7971,0.0,451.4166666666667,G:\AlphaFactory_CryptoData\gold\features\binance_universe498_replay_1h_v3_patch_age_20260613\symbol=MUBARAKUSDT\part.parquet
MUSDT,ok,8151,7744,408,1,2025-07-07 09:00:00,2026-06-11 23:00:00,0,0,0,5028,0.0,339.5833333333333,G:\AlphaFactory_CryptoData\gold\features\binance_universe498_replay_1h_v3_patch_age_20260613\symbol=MUSDT\part.parquet
MYXUSDT,ok,8604,8197,408,1,2025-06-18 12:00:00,2026-06-11 23:00:00,0,0,0,4830,0.0,358.4583333333333,G:\AlphaFactory_CryptoData\gold\features\binance_universe498_replay_1h_v3_patch_age_20260613\symbol=MYXUSDT\part.parquet
NAORISUSDT,ok,7572,7165,408,1,2025-07-31 12:00:00,2026-06-11 23:00:00,0,0,0,5523,0.0,315.4583333333333,G:\AlphaFactory_CryptoData\gold\features\binance_universe498_replay_1h_v3_patch_age_20260613\symbol=NAORISUSDT\part.parquet
NEARUSDT,ok,21432,21025,408,1,2024-01-01 00:00:00,2026-06-11 23:00:00,0,0,0,18471,184.0,1076.9583333333333,G:\AlphaFactory_CryptoData\gold\features\binance_universe498_replay_1h_v3_patch_age_20260613\symbol=NEARUSDT\part.parquet
NEIROUSDT,ok,15205,14798,408,1,2024-09-16 11:00:00,2026-06-11 23:00:00,0,0,0,11248,0.0,633.5,G:\AlphaFactory_CryptoData\gold\features\binance_universe498_replay_1h_v3_patch_age_20260613\symbol=NEIROUSDT\part.parquet
NEOUSDT,ok,21432,21025,408,1,2024-01-01 00:00:00,2026-06-11 23:00:00,0,0,0,18471,184.0,1076.9583333333333,G:\AlphaFactory_CryptoData\gold\features\binance_universe498_replay_1h_v3_patch_age_20260613\symbol=NEOUSDT\part.parquet
NEWTUSDT,ok,8578,8171,408,1,2025-06-19 14:00:00,2026-06-11 23:00:00,0,0,0,5846,0.0,357.375,G:\AlphaFactory_CryptoData\gold\features\binance_universe498_replay_1h_v3_patch_age_20260613\symbol=NEWTUSDT\part.parquet
NFPUSDT,ok,21432,21025,408,1,2024-01-01 00:00:00,2026-06-11 23:00:00,0,0,0,15918,4.4375,897.3958333333334,G:\AlphaFactory_CryptoData\gold\features\binance_universe498_replay_1h_v3_patch_age_20260613\symbol=NFPUSDT\part.parquet
NIGHTUSDT,ok,4405,3998,408,1,2025-12-10 11:00:00,2026-06-11 23:00:00,0,0,0,3148,0.0,183.5,G:\AlphaFactory_CryptoData\gold\features\binance_universe498_replay_1h_v3_patch_age_20260613\symbol=NIGHTUSDT\part.parquet
NILUSDT,ok,10667,10260,408,1,2025-03-24 13:00:00,2026-06-11 23:00:00,0,0,0,7845,0.0,444.4166666666667,G:\AlphaFactory_CryptoData\gold\features\binance_universe498_replay_1h_v3_patch_age_20260613\symbol=NILUSDT\part.parquet
NMRUSDT,ok,21432,21025,408,1,2024-01-01 00:00:00,2026-06-11 23:00:00,0,0,0,15918,184.0,1076.9583333333333,G:\AlphaFactory_CryptoData\gold\features\binance_universe498_replay_1h_v3_patch_age_20260613\symbol=NMRUSDT\part.parquet
NOMUSDT,ok,6088,5681,408,1,2025-10-01 08:00:00,2026-06-11 23:00:00,0,0,0,4207,0.0,253.625,G:\AlphaFactory_CryptoData\gold\features\binance_universe498_replay_1h_v3_patch_age_20260613\symbol=NOMUSDT\part.parquet
NOTUSDT,ok,18154,17747,408,1,2024-05-16 14:00:00,2026-06-11 23:00:00,0,0,0,13460,0.0,756.375,G:\AlphaFactory_CryptoData\gold\features\binance_universe498_replay_1h_v3_patch_age_20260613\symbol=NOTUSDT\part.parquet
NXPCUSDT,ok,9426,9019,408,1,2025-05-15 06:00:00,2026-06-11 23:00:00,0,0,0,6914,0.0,392.7083333333333,G:\AlphaFactory_CryptoData\gold\features\binance_universe498_replay_1h_v3_patch_age_20260613\symbol=NXPCUSDT\part.parquet
OGNUSDT,ok,21432,21025,408,1,2024-01-01 00:00:00,2026-06-11 23:00:00,0,0,0,18276,184.0,1076.9583333333333,G:\AlphaFactory_CryptoData\gold\features\binance_universe498_replay_1h_v3_patch_age_20260613\symbol=OGNUSDT\part.parquet
OGUSDT,ok,9495,9088,408,1,2025-05-12 09:00:00,2026-06-11 23:00:00,0,0,0,6966,0.0,395.5833333333333,G:\AlphaFactory_CryptoData\gold\features\binance_universe498_replay_1h_v3_patch_age_20260613\symbol=OGUSDT\part.parquet
ONDOUSDT,ok,20963,20556,408,1,2024-01-20 13:00:00,2026-06-11 23:00:00,0,0,0,15567,0.0,873.4166666666666,G:\AlphaFactory_CryptoData\gold\features\binance_universe498_replay_1h_v3_patch_age_20260613\symbol=ONDOUSDT\part.parquet
ONEUSDT,ok,21432,21025,408,1,2024-01-01 00:00:00,2026-06-11 23:00:00,0,0,0,18471,184.0,1076.9583333333333,G:\AlphaFactory_CryptoData\gold\features\binance_universe498_replay_1h_v3_patch_age_20260613\symbol=ONEUSDT\part.parquet
ONGUSDT,ok,21432,21025,408,1,2024-01-01 00:00:00,2026-06-11 23:00:00,0,0,0,15918,34.458333333333336,927.4166666666666,G:\AlphaFactory_CryptoData\gold\features\binance_universe498_replay_1h_v3_patch_age_20260613\symbol=ONGUSDT\part.parquet
ONTUSDT,ok,21432,21025,408,1,2024-01-01 00:00:00,2026-06-11 23:00:00,0,0,0,17626,184.0,1076.9583333333333,G:\AlphaFactory_CryptoData\gold\features\binance_universe498_replay_1h_v3_patch_age_20260613\symbol=ONTUSDT\part.parquet
ONUSDT,ok,5536,5129,408,1,2025-10-24 08:00:00,2026-06-11 23:00:00,0,0,0,3996,0.0,230.625,G:\AlphaFactory_CryptoData\gold\features\binance_universe498_replay_1h_v3_patch_age_20260613\symbol=ONUSDT\part.parquet
OPENUSDT,ok,6635,6228,408,1,2025-09-08 13:00:00,2026-06-11 23:00:00,0,0,0,4821,0.0,276.4166666666667,G:\AlphaFactory_CryptoData\gold\features\binance_universe498_replay_1h_v3_patch_age_20260613\symbol=OPENUSDT\part.parquet
OPUSDT,ok,21432,21025,408,1,2024-01-01 00:00:00,2026-06-11 23:00:00,0,0,0,18471,184.0,1076.9583333333333,G:\AlphaFactory_CryptoData\gold\features\binance_universe498_replay_1h_v3_patch_age_20260613\symbol=OPUSDT\part.parquet
ORCAUSDT,ok,13257,12850,408,1,2024-12-06 15:00:00,2026-06-11 23:00:00,0,0,0,8871,0.0,552.3333333333334,G:\AlphaFactory_CryptoData\gold\features\binance_universe498_replay_1h_v3_patch_age_20260613\symbol=ORCAUSDT\part.parquet
ORDERUSDT,ok,6204,5797,408,1,2025-09-26 12:00:00,2026-06-11 23:00:00,0,0,0,5002,0.0,258.4583333333333,G:\AlphaFactory_CryptoData\gold\features\binance_universe498_replay_1h_v3_patch_age_20260613\symbol=ORDERUSDT\part.parquet
ORDIUSDT,ok,21432,21025,408,1,2024-01-01 00:00:00,2026-06-11 23:00:00,0,0,0,15918,54.479166666666664,947.4375,G:\AlphaFactory_CryptoData\gold\features\binance_universe498_replay_1h_v3_patch_age_20260613\symbol=ORDIUSDT\part.parquet
PARTIUSDT,ok,10643,10236,408,1,2025-03-25 13:00:00,2026-06-11 23:00:00,0,0,0,7827,0.0,443.4166666666667,G:\AlphaFactory_CryptoData\gold\features\binance_universe498_replay_1h_v3_patch_age_20260613\symbol=PARTIUSDT\part.parquet
PAXGUSDT,ok,10598,10191,408,1,2025-03-27 10:00:00,2026-06-11 23:00:00,0,0,0,7793,0.0,441.5416666666667,G:\AlphaFactory_CryptoData\gold\features\binance_universe498_replay_1h_v3_patch_age_20260613\symbol=PAXGUSDT\part.parquet
PENDLEUSDT,ok,21432,21025,408,1,2024-01-01 00:00:00,2026-06-11 23:00:00,0,0,0,18471,156.89583333333334,1049.8541666666667,G:\AlphaFactory_CryptoData\gold\features\binance_universe498_replay_1h_v3_patch_age_20260613\symbol=PENDLEUSDT\part.parquet
PENGUUSDT,ok,12992,12585,408,1,2024-12-17 16:00:00,2026-06-11 23:00:00,0,0,0,9588,0.0,541.2916666666666,G:\AlphaFactory_CryptoData\gold\features\binance_universe498_replay_1h_v3_patch_age_20260613\symbol=PENGUUSDT\part.parquet
PEOPLEUSDT,ok,21432,21025,408,1,2024-01-01 00:00:00,2026-06-11 23:00:00,0,0,0,18471,184.0,1076.9583333333333,G:\AlphaFactory_CryptoData\gold\features\binance_universe498_replay_1h_v3_patch_age_20260613\symbol=PEOPLEUSDT\part.parquet
PHAUSDT,ok,12685,12278,408,1,2024-12-30 11:00:00,2026-06-11 23:00:00,0,0,0,9358,0.0,528.5,G:\AlphaFactory_CryptoData\gold\features\binance_universe498_replay_1h_v3_patch_age_20260613\symbol=PHAUSDT\part.parquet
PIEVERSEUSDT,ok,5029,4622,408,1,2025-11-14 11:00:00,2026-06-11 23:00:00,0,0,0,3616,0.0,209.5,G:\AlphaFactory_CryptoData\gold\features\binance_universe498_replay_1h_v3_patch_age_20260613\symbol=PIEVERSEUSDT\part.parquet
PIPPINUSDT,ok,12086,11679,408,1,2025-01-24 10:00:00,2026-06-11 23:00:00,0,0,0,7572,0.0,503.5416666666667,G:\AlphaFactory_CryptoData\gold\features\binance_universe498_replay_1h_v3_patch_age_20260613\symbol=PIPPINUSDT\part.parquet
PIXELUSDT,ok,20241,19834,408,1,2024-02-19 15:00:00,2026-06-11 23:00:00,0,0,0,14986,0.0,843.3333333333334,G:\AlphaFactory_CryptoData\gold\features\binance_universe498_replay_1h_v3_patch_age_20260613\symbol=PIXELUSDT\part.parquet
PLAYUSDT,ok,7575,7168,408,1,2025-07-31 09:00:00,2026-06-11 23:00:00,0,0,0,5526,0.0,315.5833333333333,G:\AlphaFactory_CryptoData\gold\features\binance_universe498_replay_1h_v3_patch_age_20260613\symbol=PLAYUSDT\part.parquet
PLUMEUSDT,ok,10739,10332,408,1,2025-03-21 13:00:00,2026-06-11 23:00:00,0,0,0,7271,0.0,447.4166666666667,G:\AlphaFactory_CryptoData\gold\features\binance_universe498_replay_1h_v3_patch_age_20260613\symbol=PLUMEUSDT\part.parquet
PNUTUSDT,ok,13860,13453,408,1,2024-11-11 12:00:00,2026-06-11 23:00:00,0,0,0,10240,0.0,577.4583333333334,G:\AlphaFactory_CryptoData\gold\features\binance_universe498_replay_1h_v3_patch_age_20260613\symbol=PNUTUSDT\part.parquet
POLUSDT,ok,15276,14869,408,1,2024-09-13 12:00:00,2026-06-11 23:00:00,0,0,0,11302,0.0,636.4583333333334,G:\AlphaFactory_CryptoData\gold\features\binance_universe498_replay_1h_v3_patch_age_20260613\symbol=POLUSDT\part.parquet
POLYXUSDT,ok,21432,21025,408,1,2024-01-01 00:00:00,2026-06-11 23:00:00,0,0,0,15819,67.89583333333333,960.8541666666666,G:\AlphaFactory_CryptoData\gold\features\binance_universe498_replay_1h_v3_patch_age_20260613\symbol=POLYXUSDT\part.parquet
POPCATUSDT,ok,15803,15396,408,1,2024-08-22 13:00:00,2026-06-11 23:00:00,0,0,0,11697,0.0,658.4166666666666,G:\AlphaFactory_CryptoData\gold\features\binance_universe498_replay_1h_v3_patch_age_20260613\symbol=POPCATUSDT\part.parquet
PORTALUSDT,ok,20001,19594,408,1,2024-02-29 15:00:00,2026-06-11 23:00:00,0,0,0,14845,0.0,833.3333333333334,G:\AlphaFactory_CryptoData\gold\features\binance_universe498_replay_1h_v3_patch_age_20260613\symbol=PORTALUSDT\part.parquet
POWERUSDT,ok,4503,4096,408,1,2025-12-06 09:00:00,2026-06-11 23:00:00,0,0,0,3037,0.0,187.58333333333334,G:\AlphaFactory_CryptoData\gold\features\binance_universe498_replay_1h_v3_patch_age_20260613\symbol=POWERUSDT\part.parquet
POWRUSDT,ok,21432,21025,408,1,2024-01-01 00:00:00,2026-06-11 23:00:00,0,0,0,15918,65.89583333333333,958.8541666666666,G:\AlphaFactory_CryptoData\gold\features\binance_universe498_replay_1h_v3_patch_age_20260613\symbol=POWRUSDT\part.parquet
PROMPTUSDT,ok,10242,9835,408,1,2025-04-11 06:00:00,2026-06-11 23:00:00,0,0,0,7526,0.0,426.7083333333333,G:\AlphaFactory_CryptoData\gold\features\binance_universe498_replay_1h_v3_patch_age_20260613\symbol=PROMPTUSDT\part.parquet
PROMUSDT,ok,12300,11893,408,1,2025-01-15 12:00:00,2026-06-11 23:00:00,0,0,0,9070,0.0,512.4583333333334,G:\AlphaFactory_CryptoData\gold\features\binance_universe498_replay_1h_v3_patch_age_20260613\symbol=PROMUSDT\part.parquet
PROVEUSDT,ok,7447,7040,408,1,2025-08-05 17:00:00,2026-06-11 23:00:00,0,0,0,5430,0.0,310.25,G:\AlphaFactory_CryptoData\gold\features\binance_universe498_replay_1h_v3_patch_age_20260613\symbol=PROVEUSDT\part.parquet
PTBUSDT,ok,6756,6349,408,1,2025-09-03 12:00:00,2026-06-11 23:00:00,0,0,0,4889,0.0,281.4583333333333,G:\AlphaFactory_CryptoData\gold\features\binance_universe498_replay_1h_v3_patch_age_20260613\symbol=PTBUSDT\part.parquet
PUMPBTCUSDT,ok,8726,8319,408,1,2025-06-13 10:00:00,2026-06-11 23:00:00,0,0,0,6389,0.0,363.5416666666667,G:\AlphaFactory_CryptoData\gold\features\binance_universe498_replay_1h_v3_patch_age_20260613\symbol=PUMPBTCUSDT\part.parquet
PUMPUSDT,ok,8297,7890,408,1,2025-07-01 00:00:00,2026-06-11 23:00:00,0,0,0,6121,0.0,345.9583333333333,G:\AlphaFactory_CryptoData\gold\features\binance_universe498_replay_1h_v3_patch_age_20260613\symbol=PUMPUSDT\part.parquet
PUNDIXUSDT,ok,9782,9375,408,1,2025-04-30 10:00:00,2026-06-11 23:00:00,0,0,0,7181,0.0,407.5416666666667,G:\AlphaFactory_CryptoData\gold\features\binance_universe498_replay_1h_v3_patch_age_20260613\symbol=PUNDIXUSDT\part.parquet
PYTHUSDT,ok,21432,21025,408,1,2024-01-01 00:00:00,2026-06-11 23:00:00,0,0,0,15918,39.395833333333336,932.3541666666666,G:\AlphaFactory_CryptoData\gold\features\binance_universe498_replay_1h_v3_patch_age_20260613\symbol=PYTHUSDT\part.parquet
QNTUSDT,ok,21432,21025,408,1,2024-01-01 00:00:00,2026-06-11 23:00:00,0,0,0,18471,184.0,1076.9583333333333,G:\AlphaFactory_CryptoData\gold\features\binance_universe498_replay_1h_v3_patch_age_20260613\symbol=QNTUSDT\part.parquet
QTUMUSDT,ok,21432,21025,408,1,2024-01-01 00:00:00,2026-06-11 23:00:00,0,0,744,18471,184.0,1076.9583333333333,G:\AlphaFactory_CryptoData\gold\features\binance_universe498_replay_1h_v3_patch_age_20260613\symbol=QTUMUSDT\part.parquet
QUSDT,ok,6785,6378,408,1,2025-09-02 07:00:00,2026-06-11 23:00:00,0,0,0,4933,0.0,282.6666666666667,G:\AlphaFactory_CryptoData\gold\features\binance_universe498_replay_1h_v3_patch_age_20260613\symbol=QUSDT\part.parquet
RAREUSDT,ok,15971,15564,408,1,2024-08-15 13:00:00,2026-06-11 23:00:00,0,0,0,11823,0.0,665.4166666666666,G:\AlphaFactory_CryptoData\gold\features\binance_universe498_replay_1h_v3_patch_age_20260613\symbol=RAREUSDT\part.parquet
RAVEUSDT,ok,4305,3898,408,1,2025-12-14 15:00:00,2026-06-11 23:00:00,0,0,0,2863,0.0,179.33333333333334,G:\AlphaFactory_CryptoData\gold\features\binance_universe498_replay_1h_v3_patch_age_20260613\symbol=RAVEUSDT\part.parquet
RAYSOLUSDT,ok,13164,12757,408,1,2024-12-10 12:00:00,2026-06-11 23:00:00,0,0,0,9722,0.0,548.4583333333334,G:\AlphaFactory_CryptoData\gold\features\binance_universe498_replay_1h_v3_patch_age_20260613\symbol=RAYSOLUSDT\part.parquet
RECALLUSDT,ok,5748,5341,408,1,2025-10-15 12:00:00,2026-06-11 23:00:00,0,0,0,4155,0.0,239.45833333333334,G:\AlphaFactory_CryptoData\gold\features\binance_universe498_replay_1h_v3_patch_age_20260613\symbol=RECALLUSDT\part.parquet
REDUSDT,ok,11096,10689,408,1,2025-03-06 16:00:00,2026-06-11 23:00:00,0,0,0,7767,0.0,462.2916666666667,G:\AlphaFactory_CryptoData\gold\features\binance_universe498_replay_1h_v3_patch_age_20260613\symbol=REDUSDT\part.parquet
RENDERUSDT,ok,16454,16047,408,1,2024-07-26 10:00:00,2026-06-11 23:00:00,0,0,0,12185,0.0,685.5416666666666,G:\AlphaFactory_CryptoData\gold\features\binance_universe498_replay_1h_v3_patch_age_20260613\symbol=RENDERUSDT\part.parquet
RESOLVUSDT,ok,8795,8388,408,1,2025-06-10 13:00:00,2026-06-11 23:00:00,0,0,0,5664,0.0,366.4166666666667,G:\AlphaFactory_CryptoData\gold\features\binance_universe498_replay_1h_v3_patch_age_20260613\symbol=RESOLVUSDT\part.parquet
REZUSDT,ok,18538,18131,408,1,2024-04-30 14:00:00,2026-06-11 23:00:00,0,0,0,13748,0.0,772.375,G:\AlphaFactory_CryptoData\gold\features\binance_universe498_replay_1h_v3_patch_age_20260613\symbol=REZUSDT\part.parquet
RIFUSDT,ok,21432,21025,408,1,2024-01-01 00:00:00,2026-06-11 23:00:00,0,0,0,15918,71.47916666666667,964.4375,G:\AlphaFactory_CryptoData\gold\features\binance_universe498_replay_1h_v3_patch_age_20260613\symbol=RIFUSDT\part.parquet
RIVERUSDT,ok,5698,5291,408,1,2025-10-17 14:00:00,2026-06-11 23:00:00,0,0,0,3086,0.0,237.375,G:\AlphaFactory_CryptoData\gold\features\binance_universe498_replay_1h_v3_patch_age_20260613\symbol=RIVERUSDT\part.parquet
RLCUSDT,ok,21432,21025,408,1,2024-01-01 00:00:00,2026-06-11 23:00:00,0,0,0,18471,184.0,1076.9583333333333,G:\AlphaFactory_CryptoData\gold\features\binance_universe498_replay_1h_v3_patch_age_20260613\symbol=RLCUSDT\part.parquet
RONINUSDT,ok,20564,20157,408,1,2024-02-06 04:00:00,2026-06-11 23:00:00,0,0,0,15268,0.0,856.7916666666666,G:\AlphaFactory_CryptoData\gold\features\binance_universe498_replay_1h_v3_patch_age_20260613\symbol=RONINUSDT\part.parquet
ROSEUSDT,ok,21432,21025,408,1,2024-01-01 00:00:00,2026-06-11 23:00:00,0,0,0,18471,184.0,1076.9583333333333,G:\AlphaFactory_CryptoData\gold\features\binance_universe498_replay_1h_v3_patch_age_20260613\symbol=ROSEUSDT\part.parquet
RPLUSDT,ok,15372,14965,408,1,2024-09-09 12:00:00,2026-06-11 23:00:00,0,0,0,11271,0.0,640.4583333333334,G:\AlphaFactory_CryptoData\gold\features\binance_universe498_replay_1h_v3_patch_age_20260613\symbol=RPLUSDT\part.parquet
RSRUSDT,ok,21432,21025,408,1,2024-01-01 00:00:00,2026-06-11 23:00:00,0,0,0,18471,184.0,1076.9583333333333,G:\AlphaFactory_CryptoData\gold\features\binance_universe498_replay_1h_v3_patch_age_20260613\symbol=RSRUSDT\part.parquet
RUNEUSDT,ok,21432,21025,408,1,2024-01-01 00:00:00,2026-06-11 23:00:00,0,0,0,18471,184.0,1076.9583333333333,G:\AlphaFactory_CryptoData\gold\features\binance_universe498_replay_1h_v3_patch_age_20260613\symbol=RUNEUSDT\part.parquet
RVNUSDT,ok,21432,21025,408,1,2024-01-01 00:00:00,2026-06-11 23:00:00,0,0,0,16709,184.0,1076.9583333333333,G:\AlphaFactory_CryptoData\gold\features\binance_universe498_replay_1h_v3_patch_age_20260613\symbol=RVNUSDT\part.parquet
SAFEUSDT,ok,14268,13861,408,1,2024-10-25 12:00:00,2026-06-11 23:00:00,0,0,0,10546,0.0,594.4583333333334,G:\AlphaFactory_CryptoData\gold\features\binance_universe498_replay_1h_v3_patch_age_20260613\symbol=SAFEUSDT\part.parquet
SAGAUSDT,ok,19046,18639,408,1,2024-04-09 10:00:00,2026-06-11 23:00:00,0,0,0,14129,0.0,793.5416666666666,G:\AlphaFactory_CryptoData\gold\features\binance_universe498_replay_1h_v3_patch_age_20260613\symbol=SAGAUSDT\part.parquet
SAHARAUSDT,ok,8412,8005,408,1,2025-06-26 12:00:00,2026-06-11 23:00:00,0,0,0,5318,0.0,350.4583333333333,G:\AlphaFactory_CryptoData\gold\features\binance_universe498_replay_1h_v3_patch_age_20260613\symbol=SAHARAUSDT\part.parquet
SANDUSDT,ok,21432,21025,408,1,2024-01-01 00:00:00,2026-06-11 23:00:00,0,0,0,18471,184.0,1076.9583333333333,G:\AlphaFactory_CryptoData\gold\features\binance_universe498_replay_1h_v3_patch_age_20260613\symbol=SANDUSDT\part.parquet
SANTOSUSDT,ok,14194,13787,408,1,2024-10-28 14:00:00,2026-06-11 23:00:00,0,0,0,10490,0.0,591.375,G:\AlphaFactory_CryptoData\gold\features\binance_universe498_replay_1h_v3_patch_age_20260613\symbol=SANTOSUSDT\part.parquet
SAPIENUSDT,ok,7087,6680,408,1,2025-08-20 17:00:00,2026-06-11 23:00:00,0,0,0,5160,0.0,295.25,G:\AlphaFactory_CryptoData\gold\features\binance_universe498_replay_1h_v3_patch_age_20260613\symbol=SAPIENUSDT\part.parquet
SCRTUSDT,ok,13621,13214,408,1,2024-11-21 11:00:00,2026-06-11 23:00:00,0,0,0,10060,0.0,567.5,G:\AlphaFactory_CryptoData\gold\features\binance_universe498_replay_1h_v3_patch_age_20260613\symbol=SCRTUSDT\part.parquet
SCRUSDT,ok,14342,13935,408,1,2024-10-22 10:00:00,2026-06-11 23:00:00,0,0,0,10601,0.0,597.5416666666666,G:\AlphaFactory_CryptoData\gold\features\binance_universe498_replay_1h_v3_patch_age_20260613\symbol=SCRUSDT\part.parquet
SEIUSDT,ok,21432,21025,408,1,2024-01-01 00:00:00,2026-06-11 23:00:00,0,0,0,18471,136.89583333333334,1029.8541666666667,G:\AlphaFactory_CryptoData\gold\features\binance_universe498_replay_1h_v3_patch_age_20260613\symbol=SEIUSDT\part.parquet
SENTUSDT,ok,5028,4621,408,1,2025-11-14 12:00:00,2026-06-11 23:00:00,0,0,0,3137,0.0,209.45833333333334,G:\AlphaFactory_CryptoData\gold\features\binance_universe498_replay_1h_v3_patch_age_20260613\symbol=SENTUSDT\part.parquet
SFPUSDT,ok,21432,21025,408,1,2024-01-01 00:00:00,2026-06-11 23:00:00,0,0,672,18471,184.0,1076.9583333333333,G:\AlphaFactory_CryptoData\gold\features\binance_universe498_replay_1h_v3_patch_age_20260613\symbol=SFPUSDT\part.parquet
SHELLUSDT,ok,11503,11096,408,1,2025-02-17 17:00:00,2026-06-11 23:00:00,0,0,0,8472,0.0,479.25,G:\AlphaFactory_CryptoData\gold\features\binance_universe498_replay_1h_v3_patch_age_20260613\symbol=SHELLUSDT\part.parquet
SIGNUSDT,ok,9829,9422,408,1,2025-04-28 11:00:00,2026-06-11 23:00:00,0,0,0,5630,0.0,409.5,G:\AlphaFactory_CryptoData\gold\features\binance_universe498_replay_1h_v3_patch_age_20260613\symbol=SIGNUSDT\part.parquet
SIRENUSDT,ok,10719,10312,408,1,2025-03-22 09:00:00,2026-06-11 23:00:00,0,0,0,7415,0.0,446.5833333333333,G:\AlphaFactory_CryptoData\gold\features\binance_universe498_replay_1h_v3_patch_age_20260613\symbol=SIRENUSDT\part.parquet
SKLUSDT,ok,21432,21025,408,1,2024-01-01 00:00:00,2026-06-11 23:00:00,0,0,0,17813,184.0,1076.9583333333333,G:\AlphaFactory_CryptoData\gold\features\binance_universe498_replay_1h_v3_patch_age_20260613\symbol=SKLUSDT\part.parquet
SKRUSDT,ok,3374,2967,408,1,2026-01-22 10:00:00,2026-06-11 23:00:00,0,0,48,2272,0.0,140.54166666666666,G:\AlphaFactory_CryptoData\gold\features\binance_universe498_replay_1h_v3_patch_age_20260613\symbol=SKRUSDT\part.parquet
SKYAIUSDT,ok,9471,9064,408,1,2025-05-13 09:00:00,2026-06-11 23:00:00,0,0,0,6948,0.0,394.5833333333333,G:\AlphaFactory_CryptoData\gold\features\binance_universe498_replay_1h_v3_patch_age_20260613\symbol=SKYAIUSDT\part.parquet
SKYUSDT,ok,6617,6210,408,1,2025-09-09 07:00:00,2026-06-11 23:00:00,0,0,0,4807,0.0,275.6666666666667,G:\AlphaFactory_CryptoData\gold\features\binance_universe498_replay_1h_v3_patch_age_20260613\symbol=SKYUSDT\part.parquet
SLPUSDT,ok,8293,7886,408,1,2025-07-01 00:00:00,2026-06-11 23:00:00,0,0,300,6196,0.0,345.9583333333333,G:\AlphaFactory_CryptoData\gold\features\binance_universe498_replay_1h_v3_patch_age_20260613\symbol=SLPUSDT\part.parquet
SNXUSDT,ok,21432,21025,408,1,2024-01-01 00:00:00,2026-06-11 23:00:00,0,0,0,18471,184.0,1076.9583333333333,G:\AlphaFactory_CryptoData\gold\features\binance_universe498_replay_1h_v3_patch_age_20260613\symbol=SNXUSDT\part.parquet
SOLUSDT,ok,21432,21025,408,1,2024-01-01 00:00:00,2026-06-11 23:00:00,0,0,0,18471,184.0,1076.9583333333333,G:\AlphaFactory_CryptoData\gold\features\binance_universe498_replay_1h_v3_patch_age_20260613\symbol=SOLUSDT\part.parquet
SOLVUSDT,ok,12252,11845,408,1,2025-01-17 12:00:00,2026-06-11 23:00:00,0,0,0,9034,0.0,510.4583333333333,G:\AlphaFactory_CryptoData\gold\features\binance_universe498_replay_1h_v3_patch_age_20260613\symbol=SOLVUSDT\part.parquet
SOMIUSDT,ok,6975,6568,408,1,2025-08-25 09:00:00,2026-06-11 23:00:00,0,0,0,5076,0.0,290.5833333333333,G:\AlphaFactory_CryptoData\gold\features\binance_universe498_replay_1h_v3_patch_age_20260613\symbol=SOMIUSDT\part.parquet
SONICUSDT,ok,12473,12066,408,1,2025-01-08 07:00:00,2026-06-11 23:00:00,0,0,0,9199,0.0,519.6666666666666,G:\AlphaFactory_CryptoData\gold\features\binance_universe498_replay_1h_v3_patch_age_20260613\symbol=SONICUSDT\part.parquet
SOONUSDT,ok,9232,8825,408,1,2025-05-23 08:00:00,2026-06-11 23:00:00,0,0,0,5680,0.0,384.625,G:\AlphaFactory_CryptoData\gold\features\binance_universe498_replay_1h_v3_patch_age_20260613\symbol=SOONUSDT\part.parquet
SOPHUSDT,ok,9107,8700,408,1,2025-05-28 13:00:00,2026-06-11 23:00:00,0,0,0,5511,0.0,379.4166666666667,G:\AlphaFactory_CryptoData\gold\features\binance_universe498_replay_1h_v3_patch_age_20260613\symbol=SOPHUSDT\part.parquet
SPACEUSDT,ok,3349,2942,408,1,2026-01-23 11:00:00,2026-06-11 23:00:00,0,0,48,2356,0.0,139.5,G:\AlphaFactory_CryptoData\gold\features\binance_universe498_replay_1h_v3_patch_age_20260613\symbol=SPACEUSDT\part.parquet
SPELLUSDT,ok,21432,21025,408,1,2024-01-01 00:00:00,2026-06-11 23:00:00,0,0,0,18471,184.0,1076.9583333333333,G:\AlphaFactory_CryptoData\gold\features\binance_universe498_replay_1h_v3_patch_age_20260613\symbol=SPELLUSDT\part.parquet
SPKUSDT,ok,8631,8224,408,1,2025-06-17 09:00:00,2026-06-11 23:00:00,0,0,0,6318,0.0,359.5833333333333,G:\AlphaFactory_CryptoData\gold\features\binance_universe498_replay_1h_v3_patch_age_20260613\symbol=SPKUSDT\part.parquet
SPORTFUNUSDT,ok,3515,3108,408,1,2026-01-16 13:00:00,2026-06-11 23:00:00,0,0,0,2481,0.0,146.41666666666666,G:\AlphaFactory_CryptoData\gold\features\binance_universe498_replay_1h_v3_patch_age_20260613\symbol=SPORTFUNUSDT\part.parquet
SPXUSDT,ok,13164,12757,408,1,2024-12-10 12:00:00,2026-06-11 23:00:00,0,0,0,9718,0.0,548.4583333333334,G:\AlphaFactory_CryptoData\gold\features\binance_universe498_replay_1h_v3_patch_age_20260613\symbol=SPXUSDT\part.parquet
SQDUSDT,ok,8772,8365,408,1,2025-06-11 12:00:00,2026-06-11 23:00:00,0,0,0,6013,0.0,365.4583333333333,G:\AlphaFactory_CryptoData\gold\features\binance_universe498_replay_1h_v3_patch_age_20260613\symbol=SQDUSDT\part.parquet
SSVUSDT,ok,21432,21025,408,1,2024-01-01 00:00:00,2026-06-11 23:00:00,0,0,0,18471,184.0,1076.9583333333333,G:\AlphaFactory_CryptoData\gold\features\binance_universe498_replay_1h_v3_patch_age_20260613\symbol=SSVUSDT\part.parquet
STABLEUSDT,ok,5220,4813,408,1,2025-11-06 12:00:00,2026-06-11 23:00:00,0,0,0,3743,0.0,217.45833333333334,G:\AlphaFactory_CryptoData\gold\features\binance_universe498_replay_1h_v3_patch_age_20260613\symbol=STABLEUSDT\part.parquet
STBLUSDT,ok,6427,6020,408,1,2025-09-17 05:00:00,2026-06-11 23:00:00,0,0,0,4665,0.0,267.75,G:\AlphaFactory_CryptoData\gold\features\binance_universe498_replay_1h_v3_patch_age_20260613\symbol=STBLUSDT\part.parquet
STEEMUSDT,ok,21432,21025,408,1,2024-01-01 00:00:00,2026-06-11 23:00:00,0,0,0,15752,53.395833333333336,946.3541666666666,G:\AlphaFactory_CryptoData\gold\features\binance_universe498_replay_1h_v3_patch_age_20260613\symbol=STEEMUSDT\part.parquet
STGUSDT,ok,21432,21025,408,1,2024-01-01 00:00:00,2026-06-11 23:00:00,0,0,0,18471,184.0,1076.9583333333333,G:\AlphaFactory_CryptoData\gold\features\binance_universe498_replay_1h_v3_patch_age_20260613\symbol=STGUSDT\part.parquet
STORJUSDT,ok,21432,21025,408,1,2024-01-01 00:00:00,2026-06-11 23:00:00,0,0,0,17967,184.0,1076.9583333333333,G:\AlphaFactory_CryptoData\gold\features\binance_universe498_replay_1h_v3_patch_age_20260613\symbol=STORJUSDT\part.parquet
STOUSDT,ok,10210,9803,408,1,2025-04-12 14:00:00,2026-06-11 23:00:00,0,0,0,7380,0.0,425.375,G:\AlphaFactory_CryptoData\gold\features\binance_universe498_replay_1h_v3_patch_age_20260613\symbol=STOUSDT\part.parquet
STRKUSDT,ok,20215,19808,408,1,2024-02-20 17:00:00,2026-06-11 23:00:00,0,0,0,15006,0.0,842.25,G:\AlphaFactory_CryptoData\gold\features\binance_universe498_replay_1h_v3_patch_age_20260613\symbol=STRKUSDT\part.parquet
STXUSDT,ok,21432,21025,408,1,2024-01-01 00:00:00,2026-06-11 23:00:00,0,0,0,18471,184.0,1076.9583333333333,G:\AlphaFactory_CryptoData\gold\features\binance_universe498_replay_1h_v3_patch_age_20260613\symbol=STXUSDT\part.parquet
SUIUSDT,ok,21432,21025,408,1,2024-01-01 00:00:00,2026-06-11 23:00:00,0,0,0,18471,184.0,1076.9583333333333,G:\AlphaFactory_CryptoData\gold\features\binance_universe498_replay_1h_v3_patch_age_20260613\symbol=SUIUSDT\part.parquet
SUNUSDT,ok,15803,15396,408,1,2024-08-22 13:00:00,2026-06-11 23:00:00,0,0,0,11697,0.0,658.4166666666666,G:\AlphaFactory_CryptoData\gold\features\binance_universe498_replay_1h_v3_patch_age_20260613\symbol=SUNUSDT\part.parquet
SUPERUSDT,ok,21432,21025,408,1,2024-01-01 00:00:00,2026-06-11 23:00:00,0,0,0,14592,35.458333333333336,928.4166666666666,G:\AlphaFactory_CryptoData\gold\features\binance_universe498_replay_1h_v3_patch_age_20260613\symbol=SUPERUSDT\part.parquet
SUSDT,ok,12278,11871,408,1,2025-01-16 10:00:00,2026-06-11 23:00:00,0,0,0,9053,0.0,511.5416666666667,G:\AlphaFactory_CryptoData\gold\features\binance_universe498_replay_1h_v3_patch_age_20260613\symbol=SUSDT\part.parquet
SUSHIUSDT,ok,21432,21025,408,1,2024-01-01 00:00:00,2026-06-11 23:00:00,0,0,0,18471,184.0,1076.9583333333333,G:\AlphaFactory_CryptoData\gold\features\binance_universe498_replay_1h_v3_patch_age_20260613\symbol=SUSHIUSDT\part.parquet
SWARMSUSDT,ok,12492,12085,408,1,2025-01-07 12:00:00,2026-06-11 23:00:00,0,0,0,9214,0.0,520.4583333333334,G:\AlphaFactory_CryptoData\gold\features\binance_universe498_replay_1h_v3_patch_age_20260613\symbol=SWARMSUSDT\part.parquet
SXTUSDT,ok,9736,9329,408,1,2025-05-02 08:00:00,2026-06-11 23:00:00,0,0,0,7146,0.0,405.625,G:\AlphaFactory_CryptoData\gold\features\binance_universe498_replay_1h_v3_patch_age_20260613\symbol=SXTUSDT\part.parquet
SYNUSDT,ok,15948,15541,408,1,2024-08-16 12:00:00,2026-06-11 23:00:00,0,0,0,11806,0.0,664.4583333333334,G:\AlphaFactory_CryptoData\gold\features\binance_universe498_replay_1h_v3_patch_age_20260613\symbol=SYNUSDT\part.parquet
SYRUPUSDT,ok,9616,9209,408,1,2025-05-07 08:00:00,2026-06-11 23:00:00,0,0,0,7056,0.0,400.625,G:\AlphaFactory_CryptoData\gold\features\binance_universe498_replay_1h_v3_patch_age_20260613\symbol=SYRUPUSDT\part.parquet
TACUSDT,ok,7958,7551,408,1,2025-07-15 10:00:00,2026-06-11 23:00:00,0,0,0,5813,0.0,331.5416666666667,G:\AlphaFactory_CryptoData\gold\features\binance_universe498_replay_1h_v3_patch_age_20260613\symbol=TACUSDT\part.parquet
TAGUSDT,ok,7717,7310,408,1,2025-07-25 11:00:00,2026-06-11 23:00:00,0,0,0,5632,0.0,321.5,G:\AlphaFactory_CryptoData\gold\features\binance_universe498_replay_1h_v3_patch_age_20260613\symbol=TAGUSDT\part.parquet
TAIKOUSDT,ok,8772,8365,408,1,2025-06-11 12:00:00,2026-06-11 23:00:00,0,0,0,6423,0.0,365.4583333333333,G:\AlphaFactory_CryptoData\gold\features\binance_universe498_replay_1h_v3_patch_age_20260613\symbol=TAIKOUSDT\part.parquet
TAKEUSDT,ok,6757,6350,408,1,2025-09-03 11:00:00,2026-06-11 23:00:00,0,0,0,4912,0.0,281.5,G:\AlphaFactory_CryptoData\gold\features\binance_universe498_replay_1h_v3_patch_age_20260613\symbol=TAKEUSDT\part.parquet
TAOUSDT,ok,18994,18587,408,1,2024-04-11 14:00:00,2026-06-11 23:00:00,0,0,0,14090,0.0,791.375,G:\AlphaFactory_CryptoData\gold\features\binance_universe498_replay_1h_v3_patch_age_20260613\symbol=TAOUSDT\part.parquet
TAUSDT,ok,7817,7410,408,1,2025-07-21 07:00:00,2026-06-11 23:00:00,0,0,0,5707,0.0,325.6666666666667,G:\AlphaFactory_CryptoData\gold\features\binance_universe498_replay_1h_v3_patch_age_20260613\symbol=TAUSDT\part.parquet
THETAUSDT,ok,21432,21025,408,1,2024-01-01 00:00:00,2026-06-11 23:00:00,0,0,0,18471,184.0,1076.9583333333333,G:\AlphaFactory_CryptoData\gold\features\binance_universe498_replay_1h_v3_patch_age_20260613\symbol=THETAUSDT\part.parquet
THEUSDT,ok,13476,13069,408,1,2024-11-27 12:00:00,2026-06-11 23:00:00,0,0,0,9952,0.0,561.4583333333334,G:\AlphaFactory_CryptoData\gold\features\binance_universe498_replay_1h_v3_patch_age_20260613\symbol=THEUSDT\part.parquet
TIAUSDT,ok,21432,21025,408,1,2024-01-01 00:00:00,2026-06-11 23:00:00,0,0,0,15918,61.25,954.2083333333334,G:\AlphaFactory_CryptoData\gold\features\binance_universe498_replay_1h_v3_patch_age_20260613\symbol=TIAUSDT\part.parquet
TLMUSDT,ok,21432,21025,408,1,2024-01-01 00:00:00,2026-06-11 23:00:00,0,0,0,18270,184.0,1076.9583333333333,G:\AlphaFactory_CryptoData\gold\features\binance_universe498_replay_1h_v3_patch_age_20260613\symbol=TLMUSDT\part.parquet
TNSRUSDT,ok,19063,18656,408,1,2024-04-08 17:00:00,2026-06-11 23:00:00,0,0,0,13353,0.0,794.25,G:\AlphaFactory_CryptoData\gold\features\binance_universe498_replay_1h_v3_patch_age_20260613\symbol=TNSRUSDT\part.parquet
TONUSDT,ok,19980,19573,408,1,2024-03-01 12:00:00,2026-06-11 23:00:00,0,0,0,14830,0.0,832.4583333333334,G:\AlphaFactory_CryptoData\gold\features\binance_universe498_replay_1h_v3_patch_age_20260613\symbol=TONUSDT\part.parquet
TOSHIUSDT,ok,6427,6020,408,1,2025-09-17 05:00:00,2026-06-11 23:00:00,0,0,0,4665,0.0,267.75,G:\AlphaFactory_CryptoData\gold\features\binance_universe498_replay_1h_v3_patch_age_20260613\symbol=TOSHIUSDT\part.parquet
TOWNSUSDT,ok,7450,7043,408,1,2025-08-05 14:00:00,2026-06-11 23:00:00,0,0,0,5432,0.0,310.375,G:\AlphaFactory_CryptoData\gold\features\binance_universe498_replay_1h_v3_patch_age_20260613\symbol=TOWNSUSDT\part.parquet
TRADOORUSDT,ok,6372,5965,408,1,2025-09-19 12:00:00,2026-06-11 23:00:00,0,0,0,4623,0.0,265.4583333333333,G:\AlphaFactory_CryptoData\gold\features\binance_universe498_replay_1h_v3_patch_age_20260613\symbol=TRADOORUSDT\part.parquet
TRBUSDT,ok,21432,21025,408,1,2024-01-01 00:00:00,2026-06-11 23:00:00,0,0,0,15918,184.0,1076.9583333333333,G:\AlphaFactory_CryptoData\gold\features\binance_universe498_replay_1h_v3_patch_age_20260613\symbol=TRBUSDT\part.parquet
TREEUSDT,ok,7618,7211,408,1,2025-07-29 14:00:00,2026-06-11 23:00:00,0,0,0,5499,0.0,317.375,G:\AlphaFactory_CryptoData\gold\features\binance_universe498_replay_1h_v3_patch_age_20260613\symbol=TREEUSDT\part.parquet
TRUMPUSDT,ok,12227,11820,408,1,2025-01-18 13:00:00,2026-06-11 23:00:00,0,0,0,9015,0.0,509.4166666666667,G:\AlphaFactory_CryptoData\gold\features\binance_universe498_replay_1h_v3_patch_age_20260613\symbol=TRUMPUSDT\part.parquet
TRUSTUSDT,ok,5247,4840,408,1,2025-11-05 09:00:00,2026-06-11 23:00:00,0,0,0,3236,0.0,218.58333333333334,G:\AlphaFactory_CryptoData\gold\features\binance_universe498_replay_1h_v3_patch_age_20260613\symbol=TRUSTUSDT\part.parquet
TRUTHUSDT,ok,6084,5677,408,1,2025-10-01 12:00:00,2026-06-11 23:00:00,0,0,0,4407,0.0,253.45833333333334,G:\AlphaFactory_CryptoData\gold\features\binance_universe498_replay_1h_v3_patch_age_20260613\symbol=TRUTHUSDT\part.parquet
TRXUSDT,ok,21432,21025,408,1,2024-01-01 00:00:00,2026-06-11 23:00:00,0,0,0,18471,184.0,1076.9583333333333,G:\AlphaFactory_CryptoData\gold\features\binance_universe498_replay_1h_v3_patch_age_20260613\symbol=TRXUSDT\part.parquet
TSTUSDT,ok,11699,11292,408,1,2025-02-09 13:00:00,2026-06-11 23:00:00,0,0,0,8619,0.0,487.4166666666667,G:\AlphaFactory_CryptoData\gold\features\binance_universe498_replay_1h_v3_patch_age_20260613\symbol=TSTUSDT\part.parquet
TURBOUSDT,ok,17817,17410,408,1,2024-05-30 15:00:00,2026-06-11 23:00:00,0,0,0,13207,0.0,742.3333333333334,G:\AlphaFactory_CryptoData\gold\features\binance_universe498_replay_1h_v3_patch_age_20260613\symbol=TURBOUSDT\part.parquet
TURTLEUSDT,ok,5577,5170,408,1,2025-10-22 15:00:00,2026-06-11 23:00:00,0,0,0,3987,0.0,232.33333333333334,G:\AlphaFactory_CryptoData\gold\features\binance_universe498_replay_1h_v3_patch_age_20260613\symbol=TURTLEUSDT\part.parquet
TUSDT,ok,21432,21025,408,1,2024-01-01 00:00:00,2026-06-11 23:00:00,0,0,0,17297,184.0,1076.9583333333333,G:\AlphaFactory_CryptoData\gold\features\binance_universe498_replay_1h_v3_patch_age_20260613\symbol=TUSDT\part.parquet
TUTUSDT,ok,10767,10360,408,1,2025-03-20 09:00:00,2026-06-11 23:00:00,0,0,0,7920,0.0,448.5833333333333,G:\AlphaFactory_CryptoData\gold\features\binance_universe498_replay_1h_v3_patch_age_20260613\symbol=TUTUSDT\part.parquet
TWTUSDT,ok,21432,21025,408,1,2024-01-01 00:00:00,2026-06-11 23:00:00,0,0,0,15918,58.395833333333336,951.3541666666666,G:\AlphaFactory_CryptoData\gold\features\binance_universe498_replay_1h_v3_patch_age_20260613\symbol=TWTUSDT\part.parquet
UAIUSDT,ok,5221,4814,408,1,2025-11-06 11:00:00,2026-06-11 23:00:00,0,0,0,3406,0.0,217.5,G:\AlphaFactory_CryptoData\gold\features\binance_universe498_replay_1h_v3_patch_age_20260613\symbol=UAIUSDT\part.parquet
UBUSDT,ok,6542,6135,408,1,2025-09-12 10:00:00,2026-06-11 23:00:00,0,0,0,4751,0.0,272.5416666666667,G:\AlphaFactory_CryptoData\gold\features\binance_universe498_replay_1h_v3_patch_age_20260613\symbol=UBUSDT\part.parquet
UMAUSDT,ok,21432,21025,408,1,2024-01-01 00:00:00,2026-06-11 23:00:00,0,0,0,15975,184.0,1076.9583333333333,G:\AlphaFactory_CryptoData\gold\features\binance_universe498_replay_1h_v3_patch_age_20260613\symbol=UMAUSDT\part.parquet
UNIUSDT,ok,21432,21025,408,1,2024-01-01 00:00:00,2026-06-11 23:00:00,0,0,0,18471,184.0,1076.9583333333333,G:\AlphaFactory_CryptoData\gold\features\binance_universe498_replay_1h_v3_patch_age_20260613\symbol=UNIUSDT\part.parquet
USDCUSDT,ok,21432,21025,408,1,2024-01-01 00:00:00,2026-06-11 23:00:00,0,0,0,18471,184.0,1076.9583333333333,G:\AlphaFactory_CryptoData\gold\features\binance_universe498_replay_1h_v3_patch_age_20260613\symbol=USDCUSDT\part.parquet
USELESSUSDT,ok,7212,6805,408,1,2025-08-15 12:00:00,2026-06-11 23:00:00,0,0,0,5253,0.0,300.4583333333333,G:\AlphaFactory_CryptoData\gold\features\binance_universe498_replay_1h_v3_patch_age_20260613\symbol=USELESSUSDT\part.parquet
USTCUSDT,ok,21432,21025,408,1,2024-01-01 00:00:00,2026-06-11 23:00:00,0,0,0,15918,34.479166666666664,927.4375,G:\AlphaFactory_CryptoData\gold\features\binance_universe498_replay_1h_v3_patch_age_20260613\symbol=USTCUSDT\part.parquet
USUALUSDT,ok,12971,12564,408,1,2024-12-18 13:00:00,2026-06-11 23:00:00,0,0,0,9573,0.0,540.4166666666666,G:\AlphaFactory_CryptoData\gold\features\binance_universe498_replay_1h_v3_patch_age_20260613\symbol=USUALUSDT\part.parquet
USUSDT,ok,4358,3951,408,1,2025-12-12 10:00:00,2026-06-11 23:00:00,0,0,0,3113,0.0,181.54166666666666,G:\AlphaFactory_CryptoData\gold\features\binance_universe498_replay_1h_v3_patch_age_20260613\symbol=USUSDT\part.parquet
VANAUSDT,ok,13019,12612,408,1,2024-12-16 13:00:00,2026-06-11 23:00:00,0,0,0,9609,0.0,542.4166666666666,G:\AlphaFactory_CryptoData\gold\features\binance_universe498_replay_1h_v3_patch_age_20260613\symbol=VANAUSDT\part.parquet
VANRYUSDT,ok,19687,19280,408,1,2024-03-13 17:00:00,2026-06-11 23:00:00,0,0,0,14610,0.0,820.25,G:\AlphaFactory_CryptoData\gold\features\binance_universe498_replay_1h_v3_patch_age_20260613\symbol=VANRYUSDT\part.parquet
VELODROMEUSDT,ok,13088,12681,408,1,2024-12-13 16:00:00,2026-06-11 23:00:00,0,0,0,9660,0.0,545.2916666666666,G:\AlphaFactory_CryptoData\gold\features\binance_universe498_replay_1h_v3_patch_age_20260613\symbol=VELODROMEUSDT\part.parquet
VELVETUSDT,ok,7959,7552,408,1,2025-07-15 09:00:00,2026-06-11 23:00:00,0,0,0,5814,0.0,331.5833333333333,G:\AlphaFactory_CryptoData\gold\features\binance_universe498_replay_1h_v3_patch_age_20260613\symbol=VELVETUSDT\part.parquet
VETUSDT,ok,21432,21025,408,1,2024-01-01 00:00:00,2026-06-11 23:00:00,0,0,0,18471,184.0,1076.9583333333333,G:\AlphaFactory_CryptoData\gold\features\binance_universe498_replay_1h_v3_patch_age_20260613\symbol=VETUSDT\part.parquet
VICUSDT,ok,10951,10544,408,1,2025-03-12 17:00:00,2026-06-11 23:00:00,0,0,0,7854,0.0,456.25,G:\AlphaFactory_CryptoData\gold\features\binance_universe498_replay_1h_v3_patch_age_20260613\symbol=VICUSDT\part.parquet
VIRTUALUSDT,ok,13164,12757,408,1,2024-12-10 12:00:00,2026-06-11 23:00:00,0,0,0,9718,0.0,548.4583333333334,G:\AlphaFactory_CryptoData\gold\features\binance_universe498_replay_1h_v3_patch_age_20260613\symbol=VIRTUALUSDT\part.parquet
VTHOUSDT,ok,12135,11728,408,1,2025-01-22 09:00:00,2026-06-11 23:00:00,0,0,0,8946,0.0,505.5833333333333,G:\AlphaFactory_CryptoData\gold\features\binance_universe498_replay_1h_v3_patch_age_20260613\symbol=VTHOUSDT\part.parquet
VVVUSDT,ok,11968,11561,408,1,2025-01-29 08:00:00,2026-06-11 23:00:00,0,0,0,8820,0.0,498.625,G:\AlphaFactory_CryptoData\gold\features\binance_universe498_replay_1h_v3_patch_age_20260613\symbol=VVVUSDT\part.parquet
WALUSDT,ok,10593,10186,408,1,2025-03-27 15:00:00,2026-06-11 23:00:00,0,0,0,7789,0.0,441.3333333333333,G:\AlphaFactory_CryptoData\gold\features\binance_universe498_replay_1h_v3_patch_age_20260613\symbol=WALUSDT\part.parquet
WAXPUSDT,ok,21432,21025,408,1,2024-01-01 00:00:00,2026-06-11 23:00:00,0,0,0,15876,74.38541666666667,967.34375,G:\AlphaFactory_CryptoData\gold\features\binance_universe498_replay_1h_v3_patch_age_20260613\symbol=WAXPUSDT\part.parquet
WCTUSDT,ok,10141,9734,408,1,2025-04-15 11:00:00,2026-06-11 23:00:00,0,0,0,6583,0.0,422.5,G:\AlphaFactory_CryptoData\gold\features\binance_universe498_replay_1h_v3_patch_age_20260613\symbol=WCTUSDT\part.parquet
WETUSDT,ok,4409,4002,408,1,2025-12-10 07:00:00,2026-06-11 23:00:00,0,0,0,2827,0.0,183.66666666666666,G:\AlphaFactory_CryptoData\gold\features\binance_universe498_replay_1h_v3_patch_age_20260613\symbol=WETUSDT\part.parquet
WIFUSDT,ok,21010,20603,408,1,2024-01-18 14:00:00,2026-06-11 23:00:00,0,0,0,15602,0.0,875.375,G:\AlphaFactory_CryptoData\gold\features\binance_universe498_replay_1h_v3_patch_age_20260613\symbol=WIFUSDT\part.parquet
WLDUSDT,ok,21432,21025,408,1,2024-01-01 00:00:00,2026-06-11 23:00:00,0,0,0,18471,160.5,1053.4583333333333,G:\AlphaFactory_CryptoData\gold\features\binance_universe498_replay_1h_v3_patch_age_20260613\symbol=WLDUSDT\part.parquet
WLFIUSDT,ok,7024,6617,408,1,2025-08-23 08:00:00,2026-06-11 23:00:00,0,0,0,5113,0.0,292.625,G:\AlphaFactory_CryptoData\gold\features\binance_universe498_replay_1h_v3_patch_age_20260613\symbol=WLFIUSDT\part.parquet
WOOUSDT,ok,21432,21025,408,1,2024-01-01 00:00:00,2026-06-11 23:00:00,0,0,0,18471,184.0,1076.9583333333333,G:\AlphaFactory_CryptoData\gold\features\binance_universe498_replay_1h_v3_patch_age_20260613\symbol=WOOUSDT\part.parquet
WUSDT,ok,19185,18778,408,1,2024-04-03 15:00:00,2026-06-11 23:00:00,0,0,0,14233,0.0,799.3333333333334,G:\AlphaFactory_CryptoData\gold\features\binance_universe498_replay_1h_v3_patch_age_20260613\symbol=WUSDT\part.parquet
XAIUSDT,ok,21226,20819,408,1,2024-01-09 14:00:00,2026-06-11 23:00:00,0,0,0,15764,0.0,884.375,G:\AlphaFactory_CryptoData\gold\features\binance_universe498_replay_1h_v3_patch_age_20260613\symbol=XAIUSDT\part.parquet
XANUSDT,ok,6134,5727,408,1,2025-09-29 10:00:00,2026-06-11 23:00:00,0,0,0,4445,0.0,255.54166666666666,G:\AlphaFactory_CryptoData\gold\features\binance_universe498_replay_1h_v3_patch_age_20260613\symbol=XANUSDT\part.parquet
XLMUSDT,ok,21432,21025,408,1,2024-01-01 00:00:00,2026-06-11 23:00:00,0,0,0,18471,184.0,1076.9583333333333,G:\AlphaFactory_CryptoData\gold\features\binance_universe498_replay_1h_v3_patch_age_20260613\symbol=XLMUSDT\part.parquet
XMRUSDT,ok,21432,21025,408,1,2024-01-01 00:00:00,2026-06-11 23:00:00,0,0,0,18471,184.0,1076.9583333333333,G:\AlphaFactory_CryptoData\gold\features\binance_universe498_replay_1h_v3_patch_age_20260613\symbol=XMRUSDT\part.parquet
XNYUSDT,ok,7261,6854,408,1,2025-08-13 11:00:00,2026-06-11 23:00:00,0,0,0,5290,0.0,302.5,G:\AlphaFactory_CryptoData\gold\features\binance_universe498_replay_1h_v3_patch_age_20260613\symbol=XNYUSDT\part.parquet
XPINUSDT,ok,6544,6137,408,1,2025-09-12 08:00:00,2026-06-11 23:00:00,0,0,0,4752,0.0,272.625,G:\AlphaFactory_CryptoData\gold\features\binance_universe498_replay_1h_v3_patch_age_20260613\symbol=XPINUSDT\part.parquet
XPLUSDT,ok,7047,6640,408,1,2025-08-22 09:00:00,2026-06-11 23:00:00,0,0,0,5130,0.0,293.5833333333333,G:\AlphaFactory_CryptoData\gold\features\binance_universe498_replay_1h_v3_patch_age_20260613\symbol=XPLUSDT\part.parquet
XRPUSDT,ok,21432,21025,408,1,2024-01-01 00:00:00,2026-06-11 23:00:00,0,0,0,18471,184.0,1076.9583333333333,G:\AlphaFactory_CryptoData\gold\features\binance_universe498_replay_1h_v3_patch_age_20260613\symbol=XRPUSDT\part.parquet
XTZUSDT,ok,21432,21025,408,1,2024-01-01 00:00:00,2026-06-11 23:00:00,0,0,0,17578,184.0,1076.9583333333333,G:\AlphaFactory_CryptoData\gold\features\binance_universe498_replay_1h_v3_patch_age_20260613\symbol=XTZUSDT\part.parquet
XVGUSDT,ok,21432,21025,408,1,2024-01-01 00:00:00,2026-06-11 23:00:00,0,0,0,18471,179.5,1072.4583333333333,G:\AlphaFactory_CryptoData\gold\features\binance_universe498_replay_1h_v3_patch_age_20260613\symbol=XVGUSDT\part.parquet
XVSUSDT,ok,21432,21025,408,1,2024-01-01 00:00:00,2026-06-11 23:00:00,0,0,0,18471,184.0,1076.9583333333333,G:\AlphaFactory_CryptoData\gold\features\binance_universe498_replay_1h_v3_patch_age_20260613\symbol=XVSUSDT\part.parquet
YBUSDT,ok,5866,5459,408,1,2025-10-10 14:00:00,2026-06-11 23:00:00,0,0,0,4244,0.0,244.375,G:\AlphaFactory_CryptoData\gold\features\binance_universe498_replay_1h_v3_patch_age_20260613\symbol=YBUSDT\part.parquet
YFIUSDT,ok,21432,21025,408,1,2024-01-01 00:00:00,2026-06-11 23:00:00,0,0,0,18471,184.0,1076.9583333333333,G:\AlphaFactory_CryptoData\gold\features\binance_universe498_replay_1h_v3_patch_age_20260613\symbol=YFIUSDT\part.parquet
YGGUSDT,ok,21432,21025,408,1,2024-01-01 00:00:00,2026-06-11 23:00:00,0,0,0,15918,148.85416666666666,1041.8125,G:\AlphaFactory_CryptoData\gold\features\binance_universe498_replay_1h_v3_patch_age_20260613\symbol=YGGUSDT\part.parquet
ZAMAUSDT,ok,3687,3280,408,1,2026-01-09 09:00:00,2026-06-11 23:00:00,0,0,0,2610,0.0,153.58333333333334,G:\AlphaFactory_CryptoData\gold\features\binance_universe498_replay_1h_v3_patch_age_20260613\symbol=ZAMAUSDT\part.parquet
ZBTUSDT,ok,5701,5294,408,1,2025-10-17 11:00:00,2026-06-11 23:00:00,0,0,0,3737,0.0,237.5,G:\AlphaFactory_CryptoData\gold\features\binance_universe498_replay_1h_v3_patch_age_20260613\symbol=ZBTUSDT\part.parquet
ZECUSDT,ok,21432,21025,408,1,2024-01-01 00:00:00,2026-06-11 23:00:00,0,0,0,18471,184.0,1076.9583333333333,G:\AlphaFactory_CryptoData\gold\features\binance_universe498_replay_1h_v3_patch_age_20260613\symbol=ZECUSDT\part.parquet
ZENUSDT,ok,21432,21025,408,1,2024-01-01 00:00:00,2026-06-11 23:00:00,0,0,0,18471,184.0,1076.9583333333333,G:\AlphaFactory_CryptoData\gold\features\binance_universe498_replay_1h_v3_patch_age_20260613\symbol=ZENUSDT\part.parquet
ZEREBROUSDT,ok,12610,12203,408,1,2025-01-02 14:00:00,2026-06-11 23:00:00,0,0,0,9302,0.0,525.375,G:\AlphaFactory_CryptoData\gold\features\binance_universe498_replay_1h_v3_patch_age_20260613\symbol=ZEREBROUSDT\part.parquet
ZETAUSDT,ok,20656,20249,408,1,2024-02-02 08:00:00,2026-06-11 23:00:00,0,0,0,15336,0.0,860.625,G:\AlphaFactory_CryptoData\gold\features\binance_universe498_replay_1h_v3_patch_age_20260613\symbol=ZETAUSDT\part.parquet
ZILUSDT,ok,21432,21025,408,1,2024-01-01 00:00:00,2026-06-11 23:00:00,0,0,0,18041,184.0,1076.9583333333333,G:\AlphaFactory_CryptoData\gold\features\binance_universe498_replay_1h_v3_patch_age_20260613\symbol=ZILUSDT\part.parquet
ZKCUSDT,ok,6466,6059,408,1,2025-09-15 14:00:00,2026-06-11 23:00:00,0,0,0,4694,0.0,269.375,G:\AlphaFactory_CryptoData\gold\features\binance_universe498_replay_1h_v3_patch_age_20260613\symbol=ZKCUSDT\part.parquet
ZKPUSDT,ok,4142,3735,408,1,2025-12-21 10:00:00,2026-06-11 23:00:00,0,0,0,2569,0.0,172.54166666666666,G:\AlphaFactory_CryptoData\gold\features\binance_universe498_replay_1h_v3_patch_age_20260613\symbol=ZKPUSDT\part.parquet
ZKUSDT,ok,17389,16982,408,1,2024-06-17 11:00:00,2026-06-11 23:00:00,0,0,0,12841,0.0,724.5,G:\AlphaFactory_CryptoData\gold\features\binance_universe498_replay_1h_v3_patch_age_20260613\symbol=ZKUSDT\part.parquet
ZORAUSDT,ok,7717,7310,408,1,2025-07-25 11:00:00,2026-06-11 23:00:00,0,0,0,5632,0.0,321.5,G:\AlphaFactory_CryptoData\gold\features\binance_universe498_replay_1h_v3_patch_age_20260613\symbol=ZORAUSDT\part.parquet
ZROUSDT,ok,17314,16907,408,1,2024-06-20 14:00:00,2026-06-11 23:00:00,0,0,0,12830,0.0,721.375,G:\AlphaFactory_CryptoData\gold\features\binance_universe498_replay_1h_v3_patch_age_20260613\symbol=ZROUSDT\part.parquet
ZRXUSDT,ok,21432,21025,408,1,2024-01-01 00:00:00,2026-06-11 23:00:00,0,0,0,17974,184.0,1076.9583333333333,G:\AlphaFactory_CryptoData\gold\features\binance_universe498_replay_1h_v3_patch_age_20260613\symbol=ZRXUSDT\part.parquet
