memory_id,run_id,source_type,blueprint_id,semantic_pair,motif,horizon_h,memory_status,rejection_class,expression_key,skeleton_key,expression_duplicate_count,source_record_count,source_types,run_ids,all_memory_statuses,hard_reject_reasons_all,train_sortino,validation_sortino,test_sortino,recent_sortino,min_oos_floor_sortino,stress_floor_sortino,recent_control_ratio,recent_shuffle_control_ratio,hard_reject,hard_reject_reasons,gate_pass,proxy_strict_pass,proxy_near_miss,proxy_selectable,expression,source_path
mem-5fcd11e7080a8e94,A7REWARD1,accepted_prior,a7ls30_32f8844234cc65fc,open_interest_like|positioning_like,safe_div_abs,4,accepted_prior,,expr-a040edd14b8d968b,open_interest_like|positioning_like|safe_div_abs|7946a7d9baa2,3,,,,,,0.748960699121523,8.735881716209885,15.61990075469818,8.039814440490163,7.160915978307452,3.3254023671840964,1.020662458440381,0.6043078091368217,False,,True,False,False,False,"SafeDiv(ZScore(Mean(open_interest_value_last,504)),Abs(Mean(account_position_divergence,96)))",G:\Project_V7_Rotation\alpha_pit_engine_crypto_20260519\runtime\a7reward1_portfolio_reward_model_20260610\a7reward1_accepted_for_next_search.csv
mem-4d94de062e91bac0,A7REWARD1,accepted_prior,a7ls30_c94e306c3e19bd08,open_interest_like|positioning_like,safe_div_abs,8,accepted_prior,,expr-a2d6eca018c9b1ee,open_interest_like|positioning_like|safe_div_abs|7946a7d9baa2,1,,,,,,2.547988241840184,8.591166489821287,20.780366292578343,8.048541921401895,7.04953819525488,2.745436025608579,1.011809179730249,0.580652538125856,False,,True,False,False,False,"SafeDiv(ZScore(Mean(open_interest_value_last,240)),Abs(Mean(account_position_divergence,72)))",G:\Project_V7_Rotation\alpha_pit_engine_crypto_20260519\runtime\a7reward1_portfolio_reward_model_20260610\a7reward1_accepted_for_next_search.csv
mem-4feecb3a4be9be00,A7REWARD1,accepted_prior,a7ls30_32f8844234cc65fc,open_interest_like|positioning_like,safe_div_abs,8,accepted_prior,,expr-a040edd14b8d968b,open_interest_like|positioning_like|safe_div_abs|7946a7d9baa2,3,,,,,,1.6595007452975743,7.888749865330507,17.00626977919223,7.698355664713439,6.7927000450826345,2.843192549727933,1.0104284990021695,0.7802251486595619,False,,True,False,False,False,"SafeDiv(ZScore(Mean(open_interest_value_last,504)),Abs(Mean(account_position_divergence,96)))",G:\Project_V7_Rotation\alpha_pit_engine_crypto_20260519\runtime\a7reward1_portfolio_reward_model_20260610\a7reward1_accepted_for_next_search.csv
mem-075b93e7e4947959,A7REWARD1,accepted_prior,a7ls30_c139d322017158f7,open_interest_like|positioning_like,safe_div_abs,8,accepted_prior,,expr-c7d4781a0d3008a2,open_interest_like|positioning_like|safe_div_abs|c35df304e3ff,2,,,,,,1.3220587797779657,7.835980280939494,14.841925988578875,7.768149918057752,6.616169898012441,1.5695771442849566,1.0107398901957578,0.5735134392544343,False,,True,False,False,False,"SafeDiv(SafeDiv(ZScore(Mean(open_interest_value_last,4)),Abs(Mean(account_position_divergence,96))),Abs(ZScore(Mean(open_interest_last,168))))",G:\Project_V7_Rotation\alpha_pit_engine_crypto_20260519\runtime\a7reward1_portfolio_reward_model_20260610\a7reward1_accepted_for_next_search.csv
mem-b053db2531962db1,A7REWARD1,accepted_prior,a7ls30_32f8844234cc65fc,open_interest_like|positioning_like,safe_div_abs,24,accepted_prior,,expr-a040edd14b8d968b,open_interest_like|positioning_like|safe_div_abs|7946a7d9baa2,3,,,,,,2.60547134675401,5.807372950621256,25.16428009751352,7.307378412929296,2.585305985784468,0.7953057164334593,1.0038939110655867,0.8269167529191586,False,,True,False,False,False,"SafeDiv(ZScore(Mean(open_interest_value_last,504)),Abs(Mean(account_position_divergence,96)))",G:\Project_V7_Rotation\alpha_pit_engine_crypto_20260519\runtime\a7reward1_portfolio_reward_model_20260610\a7reward1_accepted_for_next_search.csv
mem-7dcd734fb70e87a0,A7REWARD1,accepted_prior,a7ls30_c139d322017158f7,open_interest_like|positioning_like,safe_div_abs,24,accepted_prior,,expr-c7d4781a0d3008a2,open_interest_like|positioning_like|safe_div_abs|c35df304e3ff,2,,,,,,1.4631902341038934,5.289023567273699,21.38203076941563,7.333923899304577,2.5229011674735253,-0.4745585707396623,1.004024944843695,0.5678125422504314,False,,True,False,False,False,"SafeDiv(SafeDiv(ZScore(Mean(open_interest_value_last,4)),Abs(Mean(account_position_divergence,96))),Abs(ZScore(Mean(open_interest_last,168))))",G:\Project_V7_Rotation\alpha_pit_engine_crypto_20260519\runtime\a7reward1_portfolio_reward_model_20260610\a7reward1_accepted_for_next_search.csv
mem-48f50b745efcd39a,A7V3S0,accepted_prior,a7v3s0_3ca94bc0070251af,age|positioning,safe_div_abs,24,accepted_prior,,expr-8215681fe5c6845a,age|positioning|safe_div_abs|a850b291064d,3,,,,,,0.3697474200577449,8.18343648575841,13.058364940414569,24.77058997190764,6.416625252888201,5.595190678481434,1.0085087605348486,0.1248396951907451,False,,True,False,False,False,"SafeDiv(Sign(TSRank(listing_age_days,8)),Abs(Decay(account_position_divergence,3)))",G:\Project_V7_Rotation\alpha_pit_engine_crypto_20260519\runtime\a7v3s0_reward_sharded_720h_r2_aggregate_20260613\a7v3s0_reward_accepted_enriched.csv
mem-59739711ee22f776,A7V3S0,accepted_prior,a7v3s0_6a69bfab2eae84f8,age|positioning,safe_div_abs,24,accepted_prior,,expr-150339a0f77466c2,age|positioning|safe_div_abs|a850b291064d,3,,,,,,0.3697474200577449,8.18343648575841,13.058364940414569,24.77058997190764,6.416625252888201,5.595190678481434,1.0085087605348486,0.1755329856658922,False,,True,False,False,False,"SafeDiv(Sign(TSRank(sqrt_listing_age_days,8)),Abs(Decay(account_position_divergence,3)))",G:\Project_V7_Rotation\alpha_pit_engine_crypto_20260519\runtime\a7v3s0_reward_sharded_720h_r2_aggregate_20260613\a7v3s0_reward_accepted_enriched.csv
mem-4319768c8680332a,A7V3S0,accepted_prior,a7v3s0_6a69bfab2eae84f8,age|positioning,safe_div_abs,8,accepted_prior,,expr-150339a0f77466c2,age|positioning|safe_div_abs|a850b291064d,3,,,,,,0.2508946708436174,6.067588863209308,8.265186642090002,18.569043013441465,4.3080822056077945,8.629927504871972,1.0428521627153091,0.2809139238919069,False,,True,False,False,False,"SafeDiv(Sign(TSRank(sqrt_listing_age_days,8)),Abs(Decay(account_position_divergence,3)))",G:\Project_V7_Rotation\alpha_pit_engine_crypto_20260519\runtime\a7v3s0_reward_sharded_720h_r2_aggregate_20260613\a7v3s0_reward_accepted_enriched.csv
mem-0960bd2ee360d4df,A7V3S0,accepted_prior,a7v3s0_3ca94bc0070251af,age|positioning,safe_div_abs,8,accepted_prior,,expr-8215681fe5c6845a,age|positioning|safe_div_abs|a850b291064d,3,,,,,,0.2508946708436174,6.067588863209308,8.265186642090002,18.569043013441465,4.3080822056077945,8.629927504871972,1.0428521627153091,0.4738603387995046,False,,True,False,False,False,"SafeDiv(Sign(TSRank(listing_age_days,8)),Abs(Decay(account_position_divergence,3)))",G:\Project_V7_Rotation\alpha_pit_engine_crypto_20260519\runtime\a7v3s0_reward_sharded_720h_r2_aggregate_20260613\a7v3s0_reward_accepted_enriched.csv
mem-1c032460a424370d,A7V3S0,accepted_prior,a7v3s0_6a69bfab2eae84f8,age|positioning,safe_div_abs,4,accepted_prior,,expr-150339a0f77466c2,age|positioning|safe_div_abs|a850b291064d,3,,,,,,0.2932023482303739,4.9229942187680304,7.577923838532994,14.85350162352974,3.293678082647738,9.471925570486452,1.0579936170651612,0.626812351024374,False,,True,False,False,False,"SafeDiv(Sign(TSRank(sqrt_listing_age_days,8)),Abs(Decay(account_position_divergence,3)))",G:\Project_V7_Rotation\alpha_pit_engine_crypto_20260519\runtime\a7v3s0_reward_sharded_720h_r2_aggregate_20260613\a7v3s0_reward_accepted_enriched.csv
mem-d1e80dffa9544d35,A7V3S0,accepted_prior,a7v3s0_3ca94bc0070251af,age|positioning,safe_div_abs,4,accepted_prior,,expr-8215681fe5c6845a,age|positioning|safe_div_abs|a850b291064d,3,,,,,,0.2932023482303739,4.9229942187680304,7.577923838532994,14.85350162352974,3.293678082647738,9.471925570486452,1.0579936170651612,0.6932817611509492,False,,True,False,False,False,"SafeDiv(Sign(TSRank(listing_age_days,8)),Abs(Decay(account_position_divergence,3)))",G:\Project_V7_Rotation\alpha_pit_engine_crypto_20260519\runtime\a7v3s0_reward_sharded_720h_r2_aggregate_20260613\a7v3s0_reward_accepted_enriched.csv
mem-66bf2dbfca1f3981,A7V3S0,accepted_prior,a7v3s0_e963df5fb6bbf714,age|positioning,state_conditioned_signed,4,accepted_prior,,expr-eef7d370b4d6dd36,age|positioning|state_conditioned_signed|ec6842ed1f90,3,,,,,,0.6175716750183878,3.490799372700345,3.5798801214827174,15.67699574398873,2.667253447385216,-1.116128084698661,1.0325175043514063,0.6188542342104173,False,,True,False,False,False,"Mul(ZScore(Mean(account_position_divergence,3)),Sign(CSRank(log1p_listing_age_days)))",G:\Project_V7_Rotation\alpha_pit_engine_crypto_20260519\runtime\a7v3s0_reward_sharded_720h_r2_aggregate_20260613\a7v3s0_reward_accepted_enriched.csv
mem-aa06381b3dc93dd0,A7V3S0,accepted_prior,a7v3s0_814c94c49814ca36,positioning|universe_state,smooth_mul,4,accepted_prior,,expr-e90623e7beafe1d6,positioning|universe_state|smooth_mul|9f31bdc28835,3,,,,,,0.6175716750183878,3.490799372700345,3.5798801214827174,15.67699574398873,2.667253447385216,-1.116128084698661,1.0325175043514063,0.4745795314769758,False,,True,False,False,False,"Mul(ZScore(Mean(account_position_divergence,3)),CSRank(active_universe_size))",G:\Project_V7_Rotation\alpha_pit_engine_crypto_20260519\runtime\a7v3s0_reward_sharded_720h_r2_aggregate_20260613\a7v3s0_reward_accepted_enriched.csv
mem-c5306eb4171667f0,A7V3S0,accepted_prior,a7v3s0_640ff34abc50d93a,positioning|universe_state,state_conditioned_signed,4,accepted_prior,,expr-099bc74627577ddb,positioning|universe_state|state_conditioned_signed|b0b58ece36f4,3,,,,,,0.6371579390439059,3.490799372700345,3.5798801214827174,15.67699574398873,2.667253447385216,-1.116128084698661,1.0325175043514063,0.6822079936038257,False,,True,False,False,False,"Mul(ZScore(Mean(account_position_divergence,3)),Sign(Sign(TSRank(active_universe_size,6))))",G:\Project_V7_Rotation\alpha_pit_engine_crypto_20260519\runtime\a7v3s0_reward_sharded_720h_r2_aggregate_20260613\a7v3s0_reward_accepted_enriched.csv
mem-30eae2e7a2c8e77c,A7V3S0,accepted_prior,a7v3s0_93fc86066fa283e2,positioning|universe_state,spread_rank,4,accepted_prior,,expr-ba44380f7b3decf0,positioning|universe_state|spread_rank|98a4dc5d1a15,3,,,,,,0.6371579390439059,3.490799372700345,3.5798801214827174,15.67699574398873,2.667253447385216,-1.116128084698661,1.0325175043514063,0.6518531615070566,False,,True,False,False,False,"Sub(CSRank(Sign(TSRank(active_universe_size,6))),CSRank(ZScore(Mean(account_position_divergence,3))))",G:\Project_V7_Rotation\alpha_pit_engine_crypto_20260519\runtime\a7v3s0_reward_sharded_720h_r2_aggregate_20260613\a7v3s0_reward_accepted_enriched.csv
mem-b3835d66dbb92954,A7V3S0,accepted_prior,a7v3s0_213b4211c299271b,positioning|universe_state,state_conditioned_signed,4,accepted_prior,,expr-7341c4f112052686,positioning|universe_state|state_conditioned_signed|6b14db5c9c5f,3,,,,,,0.701695217603017,3.519928777011621,3.63781035051712,15.610282297306563,2.5903159777503992,-0.9799677281886864,1.0343319321284694,0.589164267001114,False,,True,False,False,False,"Mul(Decay(account_position_divergence,3),Sign(CSRank(active_universe_size)))",G:\Project_V7_Rotation\alpha_pit_engine_crypto_20260519\runtime\a7v3s0_reward_sharded_720h_r2_aggregate_20260613\a7v3s0_reward_accepted_enriched.csv
mem-2eea2489d2afec7d,A7V3S0,accepted_prior,a7v3s0_3df8b6fe945cb8d3,positioning|universe_state,state_conditioned_rank_mul,4,accepted_prior,,expr-0015f0b9774a11a6,positioning|universe_state|state_conditioned_rank_mul|6c51e3adab31,3,,,,,,0.701695217603017,3.519928777011621,3.63781035051712,15.610282297306563,2.5903159777503992,-0.9799677281886864,1.0343319321284694,0.3274953593634479,False,,True,False,False,False,"Mul(CSRank(Decay(account_position_divergence,3)),CSRank(CSRank(active_universe_size)))",G:\Project_V7_Rotation\alpha_pit_engine_crypto_20260519\runtime\a7v3s0_reward_sharded_720h_r2_aggregate_20260613\a7v3s0_reward_accepted_enriched.csv
mem-1f0786ee281faa2c,A7V3S0,accepted_prior,a7v3s0_043becf950a92ed6,open_interest|positioning,smooth_mul,4,accepted_prior,,expr-aa3a29149a815bd7,open_interest|positioning|smooth_mul|6a9722cefb74,3,,,,,,1.503386170912726,4.589945882571701,3.285526052556344,15.027973216025645,2.544948970433533,-1.3422894847089235,1.0342963395859075,0.6195221082239283,False,,True,False,False,False,"Mul(Decay(account_position_divergence,3),Abs(ZScore(Mean(open_interest_value_mean,4))))",G:\Project_V7_Rotation\alpha_pit_engine_crypto_20260519\runtime\a7v3s0_reward_sharded_720h_r2_aggregate_20260613\a7v3s0_reward_accepted_enriched.csv
mem-6f1aa97696ab997e,A7V3S0,accepted_prior,a7v3s0_fa0f17d41e8adb0f,age|positioning,smooth_mul,4,accepted_prior,,expr-3e30e4e01499a881,age|positioning|smooth_mul|e84b1d05c3ed,3,,,,,,0.8706854070449,3.3681467813819257,3.6206181098550703,15.590914615385373,2.5433712418553056,-0.966632575174342,1.0341653251531813,0.4734921815644917,False,,True,False,False,False,"Mul(Decay(log1p_listing_age_days,3),Decay(account_position_divergence,3))",G:\Project_V7_Rotation\alpha_pit_engine_crypto_20260519\runtime\a7v3s0_reward_sharded_720h_r2_aggregate_20260613\a7v3s0_reward_accepted_enriched.csv
mem-f64f70b6a6dce975,A7V3S0,accepted_prior,a7v3s0_1472c56cba9ece8d,open_interest|positioning,safe_div_abs,4,accepted_prior,,expr-35a3a8f3af024b5b,open_interest|positioning|safe_div_abs|c0a76179a960,2,,,,,,0.7382564491614338,3.4803184466149064,2.965576225135542,12.34275261324051,1.8652087154206216,-0.3965925076759266,1.0389761906499253,0.1131043886242932,False,,True,False,False,False,"SafeDiv(ZScore(Mean(account_position_divergence,3)),Abs(Abs(ZScore(Mean(open_interest_mean,3)))))",G:\Project_V7_Rotation\alpha_pit_engine_crypto_20260519\runtime\a7v3s0_reward_sharded_720h_r2_aggregate_20260613\a7v3s0_reward_accepted_enriched.csv
mem-13d06d7d0555b0e4,A7V3S0,accepted_prior,a7v3s0_cb342fafc984f5ee,open_interest|regime,safe_div_abs,4,accepted_prior,,expr-98a9d18cd01cd1aa,open_interest|regime|safe_div_abs|8c5dd79d525b,2,,,,,,2.526311972469162,2.423020573800538,2.567765830542168,4.331580035752396,1.7988240224581489,-1.140500837826403,1.0280047538749593,0.5014989285549625,False,,True,False,False,False,"SafeDiv(Abs(ZScore(Mean(open_interest_value_last,336))),Abs(Decay(basis_dislocation_state,720)))",G:\Project_V7_Rotation\alpha_pit_engine_crypto_20260519\runtime\a7v3s0_reward_sharded_720h_r2_aggregate_20260613\a7v3s0_reward_accepted_enriched.csv
mem-34be445fa950904c,A7V3S0,accepted_prior,a7v3s0_043becf950a92ed6,open_interest|positioning,smooth_mul,24,accepted_prior,,expr-aa3a29149a815bd7,open_interest|positioning|smooth_mul|6a9722cefb74,3,,,,,,1.364024019603705,4.268803019728696,4.031131765302202,16.866108738513574,1.6302188893118712,-1.641543944280974,1.0062686997892876,0.2272856421723228,False,,True,False,False,False,"Mul(Decay(account_position_divergence,3),Abs(ZScore(Mean(open_interest_value_mean,4))))",G:\Project_V7_Rotation\alpha_pit_engine_crypto_20260519\runtime\a7v3s0_reward_sharded_720h_r2_aggregate_20260613\a7v3s0_reward_accepted_enriched.csv
mem-d543d108803e8f10,A7V3S0,accepted_prior,a7v3s0_fa0f17d41e8adb0f,age|positioning,smooth_mul,24,accepted_prior,,expr-3e30e4e01499a881,age|positioning|smooth_mul|e84b1d05c3ed,3,,,,,,0.5251927802405572,3.4678216837503824,3.9253396433641896,16.520721406956046,1.544680792413721,-1.1732791907259956,1.0064744974192612,0.3801177105486157,False,,True,False,False,False,"Mul(Decay(log1p_listing_age_days,3),Decay(account_position_divergence,3))",G:\Project_V7_Rotation\alpha_pit_engine_crypto_20260519\runtime\a7v3s0_reward_sharded_720h_r2_aggregate_20260613\a7v3s0_reward_accepted_enriched.csv
mem-0db0a45bf711c324,A7V3S0,accepted_prior,a7v3s0_e963df5fb6bbf714,age|positioning,state_conditioned_signed,24,accepted_prior,,expr-eef7d370b4d6dd36,age|positioning|state_conditioned_signed|ec6842ed1f90,3,,,,,,0.370438817456955,3.40922063766894,4.013897514876165,16.344675625473656,1.4948983635028097,-1.164649439219186,1.006175535733888,0.2426840643358183,False,,True,False,False,False,"Mul(ZScore(Mean(account_position_divergence,3)),Sign(CSRank(log1p_listing_age_days)))",G:\Project_V7_Rotation\alpha_pit_engine_crypto_20260519\runtime\a7v3s0_reward_sharded_720h_r2_aggregate_20260613\a7v3s0_reward_accepted_enriched.csv
mem-ff4d8041e49f4cf6,A7V3S0,accepted_prior,a7v3s0_814c94c49814ca36,positioning|universe_state,smooth_mul,24,accepted_prior,,expr-e90623e7beafe1d6,positioning|universe_state|smooth_mul|9f31bdc28835,3,,,,,,0.370438817456955,3.40922063766894,4.013897514876165,16.344675625473656,1.4948983635028097,-1.164649439219186,1.006175535733888,0.3804737783893943,False,,True,False,False,False,"Mul(ZScore(Mean(account_position_divergence,3)),CSRank(active_universe_size))",G:\Project_V7_Rotation\alpha_pit_engine_crypto_20260519\runtime\a7v3s0_reward_sharded_720h_r2_aggregate_20260613\a7v3s0_reward_accepted_enriched.csv
mem-04be9dd9f400fed6,A7V3S0,accepted_prior,a7v3s0_640ff34abc50d93a,positioning|universe_state,state_conditioned_signed,24,accepted_prior,,expr-099bc74627577ddb,positioning|universe_state|state_conditioned_signed|b0b58ece36f4,3,,,,,,0.3582686616375439,3.40922063766894,4.013897514876165,16.344675625473656,1.4948983635028097,-1.164649439219186,1.006175535733888,0.2603893724440684,False,,True,False,False,False,"Mul(ZScore(Mean(account_position_divergence,3)),Sign(Sign(TSRank(active_universe_size,6))))",G:\Project_V7_Rotation\alpha_pit_engine_crypto_20260519\runtime\a7v3s0_reward_sharded_720h_r2_aggregate_20260613\a7v3s0_reward_accepted_enriched.csv
mem-06d148ea29568c15,A7V3S0,accepted_prior,a7v3s0_93fc86066fa283e2,positioning|universe_state,spread_rank,24,accepted_prior,,expr-ba44380f7b3decf0,positioning|universe_state|spread_rank|98a4dc5d1a15,3,,,,,,0.3582686616375439,3.40922063766894,4.013897514876165,16.344675625473656,1.4948983635028097,-1.164649439219186,1.006175535733888,0.2285301354135149,False,,True,False,False,False,"Sub(CSRank(Sign(TSRank(active_universe_size,6))),CSRank(ZScore(Mean(account_position_divergence,3))))",G:\Project_V7_Rotation\alpha_pit_engine_crypto_20260519\runtime\a7v3s0_reward_sharded_720h_r2_aggregate_20260613\a7v3s0_reward_accepted_enriched.csv
mem-f2bc9d865aea881a,A7V3S0,accepted_prior,a7v3s0_213b4211c299271b,positioning|universe_state,state_conditioned_signed,24,accepted_prior,,expr-7341c4f112052686,positioning|universe_state|state_conditioned_signed|6b14db5c9c5f,3,,,,,,0.4143146072999428,3.4988241332429344,3.9616378696636136,16.457788541831043,1.4694840194114998,-1.1799172756863248,1.0064914985594602,0.0921651734470729,False,,True,False,False,False,"Mul(Decay(account_position_divergence,3),Sign(CSRank(active_universe_size)))",G:\Project_V7_Rotation\alpha_pit_engine_crypto_20260519\runtime\a7v3s0_reward_sharded_720h_r2_aggregate_20260613\a7v3s0_reward_accepted_enriched.csv
mem-99b694a312c36165,A7V3S0,accepted_prior,a7v3s0_3df8b6fe945cb8d3,positioning|universe_state,state_conditioned_rank_mul,24,accepted_prior,,expr-0015f0b9774a11a6,positioning|universe_state|state_conditioned_rank_mul|6c51e3adab31,3,,,,,,0.4143146072999428,3.4988241332429344,3.9616378696636136,16.457788541831043,1.4694840194114998,-1.1799172756863248,1.0064914985594602,0.5777595474482637,False,,True,False,False,False,"Mul(CSRank(Decay(account_position_divergence,3)),CSRank(CSRank(active_universe_size)))",G:\Project_V7_Rotation\alpha_pit_engine_crypto_20260519\runtime\a7v3s0_reward_sharded_720h_r2_aggregate_20260613\a7v3s0_reward_accepted_enriched.csv
mem-208781cb8f68983c,A7V3S0,accepted_prior,a7v3s0_1472c56cba9ece8d,open_interest|positioning,safe_div_abs,24,accepted_prior,,expr-35a3a8f3af024b5b,open_interest|positioning|safe_div_abs|c0a76179a960,2,,,,,,0.7273390615695863,3.4639203286765032,3.218127148110708,11.735069325065924,1.3267292363469811,-0.9800306710974052,1.007667874602476,0.5504351965268647,False,,True,False,False,False,"SafeDiv(ZScore(Mean(account_position_divergence,3)),Abs(Abs(ZScore(Mean(open_interest_mean,3)))))",G:\Project_V7_Rotation\alpha_pit_engine_crypto_20260519\runtime\a7v3s0_reward_sharded_720h_r2_aggregate_20260613\a7v3s0_reward_accepted_enriched.csv
mem-6f737907168ff925,A7V3S0,accepted_prior,a7v3s0_bb440efd170fa0e6,positioning|positioning,signed_rank_gate,24,accepted_prior,,expr-f1d633ee5f40a3f6,positioning|positioning|signed_rank_gate|45df18a90709,2,,,,,,0.3488870512124599,3.090132587507425,8.916434246815175,9.443743679699846,1.143920279422443,-1.4255016478496032,1.0203300105495994,0.794710601070395,False,,True,False,False,False,"Mul(CSRank(ZScore(Mean(top_global_account_divergence,3))),Sign(ZScore(Mean(account_position_divergence,3))))",G:\Project_V7_Rotation\alpha_pit_engine_crypto_20260519\runtime\a7v3s0_reward_sharded_720h_r2_aggregate_20260613\a7v3s0_reward_accepted_enriched.csv
mem-52f8183084e445cb,A7V3S0,accepted_prior,a7v3s0_cb342fafc984f5ee,open_interest|regime,safe_div_abs,8,accepted_prior,,expr-98a9d18cd01cd1aa,open_interest|regime|safe_div_abs|8c5dd79d525b,2,,,,,,2.5453624160400503,1.79396492617271,2.6913828914689826,4.401523757155036,1.0138376141207668,-1.2702921254343686,1.050744858538948,0.2966964525957145,False,,True,False,False,False,"SafeDiv(Abs(ZScore(Mean(open_interest_value_last,336))),Abs(Decay(basis_dislocation_state,720)))",G:\Project_V7_Rotation\alpha_pit_engine_crypto_20260519\runtime\a7v3s0_reward_sharded_720h_r2_aggregate_20260613\a7v3s0_reward_accepted_enriched.csv
mem-99a5b9f05508e2f5,A7V3S0,accepted_prior,a7v3s0_9d2520948ffed845,age|positioning,state_conditioned_signed,4,accepted_prior,,expr-b472fb52ae93a867,age|positioning|state_conditioned_signed|a51d2558c117,1,,,,,,0.6271665237317879,2.425494645322741,3.533368218545806,14.79984871116637,0.7708088163133646,4.0434483689448,1.0323565009280726,0.4471766806481082,False,,True,False,False,False,"Mul(Sign(TSRank(sqrt_listing_age_days,4)),Sign(ZScore(Mean(account_position_divergence,3))))",G:\Project_V7_Rotation\alpha_pit_engine_crypto_20260519\runtime\a7v3s0_reward_sharded_720h_r2_aggregate_20260613\a7v3s0_reward_accepted_enriched.csv
mem-02cabdfa6d9f1016,A7V3S0,accepted_prior,a7v3s0_213b4211c299271b,positioning|universe_state,state_conditioned_signed,8,accepted_prior,,expr-7341c4f112052686,positioning|universe_state|state_conditioned_signed|6b14db5c9c5f,3,,,,,,0.4984552434266242,3.5055827046614576,3.639809640046197,15.200631914027486,0.649312902808652,-0.4622330145696153,1.0169273134538468,0.336263512856265,False,,True,False,False,False,"Mul(Decay(account_position_divergence,3),Sign(CSRank(active_universe_size)))",G:\Project_V7_Rotation\alpha_pit_engine_crypto_20260519\runtime\a7v3s0_reward_sharded_720h_r2_aggregate_20260613\a7v3s0_reward_accepted_enriched.csv
mem-b464f2b4019e80db,A7V3S0,accepted_prior,a7v3s0_3df8b6fe945cb8d3,positioning|universe_state,state_conditioned_rank_mul,8,accepted_prior,,expr-0015f0b9774a11a6,positioning|universe_state|state_conditioned_rank_mul|6c51e3adab31,3,,,,,,0.4984552434266242,3.5055827046614576,3.639809640046197,15.200631914027486,0.649312902808652,-0.4622330145696153,1.0169273134538468,0.2646421429902528,False,,True,False,False,False,"Mul(CSRank(Decay(account_position_divergence,3)),CSRank(CSRank(active_universe_size)))",G:\Project_V7_Rotation\alpha_pit_engine_crypto_20260519\runtime\a7v3s0_reward_sharded_720h_r2_aggregate_20260613\a7v3s0_reward_accepted_enriched.csv
mem-2e593fc3fd37cada,A7V3S0,accepted_prior,a7v3s0_fa0f17d41e8adb0f,age|positioning,smooth_mul,8,accepted_prior,,expr-3e30e4e01499a881,age|positioning|smooth_mul|e84b1d05c3ed,3,,,,,,0.5849210752556139,3.415548112048617,3.6536718200619176,15.259485795294072,0.5424696835664911,-0.3909227023568336,1.0168744222130377,0.2820123584015576,False,,True,False,False,False,"Mul(Decay(log1p_listing_age_days,3),Decay(account_position_divergence,3))",G:\Project_V7_Rotation\alpha_pit_engine_crypto_20260519\runtime\a7v3s0_reward_sharded_720h_r2_aggregate_20260613\a7v3s0_reward_accepted_enriched.csv
mem-adbe8cfbe0bcb36d,A7V3S0,accepted_prior,a7v3s0_ad86fd762a93c7e1,age|positioning,smooth_mul,24,accepted_prior,,expr-d6aaa6e7861442e6,age|positioning|smooth_mul|541dd55da124,1,,,,,,2.2699232102629643,2.1071201380373257,3.188121047545625,7.667149745610097,0.3815932260361217,-0.1293900581215897,1.0193203519649523,0.3071905064925042,False,,True,False,False,False,"Mul(CSRank(log1p_listing_age_days),Abs(ZScore(Mean(account_position_divergence,3))))",G:\Project_V7_Rotation\alpha_pit_engine_crypto_20260519\runtime\a7v3s0_reward_sharded_720h_r2_aggregate_20260613\a7v3s0_reward_accepted_enriched.csv
mem-6872cda3d946bcc9,A7V3S0,accepted_prior,a7v3s0_9eead78d83f800ff,age|positioning,smooth_mul,24,accepted_prior,,expr-126b87469d1209ad,age|positioning|smooth_mul|9766b1fc40c0,1,,,,,,2.2699232102629643,2.1071201380373257,3.188121047545625,7.667149745610097,0.3815932260361217,-0.1293900581215897,1.0193203519649523,0.5430950809026783,False,,True,False,False,False,"Mul(Abs(ZScore(Mean(account_position_divergence,3))),CSRank(log1p_listing_age_days))",G:\Project_V7_Rotation\alpha_pit_engine_crypto_20260519\runtime\a7v3s0_reward_sharded_720h_r2_aggregate_20260613\a7v3s0_reward_accepted_enriched.csv
mem-44dbb0e79ea6f4ad,A7V3S0,accepted_prior,a7v3s0_bb440efd170fa0e6,positioning|positioning,signed_rank_gate,4,accepted_prior,,expr-f1d633ee5f40a3f6,positioning|positioning|signed_rank_gate|45df18a90709,2,,,,,,0.1507943749267837,1.8241075893074608,6.756354699915108,9.84426698779744,0.2901550802292249,-1.734648044207216,1.1002250890009542,0.6690308506134568,False,,True,False,False,False,"Mul(CSRank(ZScore(Mean(top_global_account_divergence,3))),Sign(ZScore(Mean(account_position_divergence,3))))",G:\Project_V7_Rotation\alpha_pit_engine_crypto_20260519\runtime\a7v3s0_reward_sharded_720h_r2_aggregate_20260613\a7v3s0_reward_accepted_enriched.csv
mem-0c60d51a5e6bb287,A7V3S0,accepted_prior,a7v3s0_043becf950a92ed6,open_interest|positioning,smooth_mul,8,accepted_prior,,expr-aa3a29149a815bd7,open_interest|positioning|smooth_mul|6a9722cefb74,3,,,,,,1.3277370033968092,4.423209259884678,3.509167611687035,14.962822001969336,0.2740288968003668,-0.6605145385498957,1.0168031834165367,0.3209871719823138,False,,True,False,False,False,"Mul(Decay(account_position_divergence,3),Abs(ZScore(Mean(open_interest_value_mean,4))))",G:\Project_V7_Rotation\alpha_pit_engine_crypto_20260519\runtime\a7v3s0_reward_sharded_720h_r2_aggregate_20260613\a7v3s0_reward_accepted_enriched.csv
mem-3191605e4f3e78a0,A7V3S0,accepted_prior,a7v3s0_e963df5fb6bbf714,age|positioning,state_conditioned_signed,8,accepted_prior,,expr-eef7d370b4d6dd36,age|positioning|state_conditioned_signed|ec6842ed1f90,3,,,,,,0.4058421448071772,3.555440502827857,3.852437622603171,15.396198279051193,0.2161175755041808,-0.460189074853468,1.0160145357518595,0.4032465024119835,False,,True,False,False,False,"Mul(ZScore(Mean(account_position_divergence,3)),Sign(CSRank(log1p_listing_age_days)))",G:\Project_V7_Rotation\alpha_pit_engine_crypto_20260519\runtime\a7v3s0_reward_sharded_720h_r2_aggregate_20260613\a7v3s0_reward_accepted_enriched.csv
mem-753876dc7eaf2ae6,A7V3S0,accepted_prior,a7v3s0_814c94c49814ca36,positioning|universe_state,smooth_mul,8,accepted_prior,,expr-e90623e7beafe1d6,positioning|universe_state|smooth_mul|9f31bdc28835,3,,,,,,0.4058421448071772,3.555440502827857,3.852437622603171,15.396198279051193,0.2161175755041808,-0.460189074853468,1.0160145357518595,0.287139814784876,False,,True,False,False,False,"Mul(ZScore(Mean(account_position_divergence,3)),CSRank(active_universe_size))",G:\Project_V7_Rotation\alpha_pit_engine_crypto_20260519\runtime\a7v3s0_reward_sharded_720h_r2_aggregate_20260613\a7v3s0_reward_accepted_enriched.csv
mem-e188e2b56fa626e1,A7V3S0,accepted_prior,a7v3s0_640ff34abc50d93a,positioning|universe_state,state_conditioned_signed,8,accepted_prior,,expr-099bc74627577ddb,positioning|universe_state|state_conditioned_signed|b0b58ece36f4,3,,,,,,0.3911947851285701,3.555440502827857,3.852437622603171,15.396198279051193,0.2161175755041808,-0.460189074853468,1.0160145357518595,0.26298340558885,False,,True,False,False,False,"Mul(ZScore(Mean(account_position_divergence,3)),Sign(Sign(TSRank(active_universe_size,6))))",G:\Project_V7_Rotation\alpha_pit_engine_crypto_20260519\runtime\a7v3s0_reward_sharded_720h_r2_aggregate_20260613\a7v3s0_reward_accepted_enriched.csv
mem-506cf1c7262dd219,A7V3S0,accepted_prior,a7v3s0_93fc86066fa283e2,positioning|universe_state,spread_rank,8,accepted_prior,,expr-ba44380f7b3decf0,positioning|universe_state|spread_rank|98a4dc5d1a15,3,,,,,,0.3911947851285701,3.555440502827857,3.852437622603171,15.396198279051193,0.2161175755041808,-0.460189074853468,1.0160145357518595,0.1417900767122181,False,,True,False,False,False,"Sub(CSRank(Sign(TSRank(active_universe_size,6))),CSRank(ZScore(Mean(account_position_divergence,3))))",G:\Project_V7_Rotation\alpha_pit_engine_crypto_20260519\runtime\a7v3s0_reward_sharded_720h_r2_aggregate_20260613\a7v3s0_reward_accepted_enriched.csv
mem-23dd679e58541519,A7V3S0,accepted_prior,a7v3s0_eace78457955d882,open_interest|positioning,spread_rank,4,accepted_prior,,expr-7ff8a1cc4517572b,open_interest|positioning|spread_rank|ed9c3f1ac0ad,1,,,,,,0.8996590558123405,0.8780608097051049,5.430722329888667,9.716466037052104,0.0025195130008287,5.530633466474444,1.1022894643185244,0.1821939262122262,False,,True,False,False,False,"Sub(CSRank(Decay(open_interest_value_mean,4)),CSRank(Abs(ZScore(Mean(account_position_divergence,3)))))",G:\Project_V7_Rotation\alpha_pit_engine_crypto_20260519\runtime\a7v3s0_reward_sharded_720h_r2_aggregate_20260613\a7v3s0_reward_accepted_enriched.csv
mem-7286e703651a924a,A7V3S9,accepted_prior,a7v3s0_37b921db0b74a15a,basis|premium,smooth_mul,24,accepted_prior,,expr-ffceedcf3c8011b1,basis|premium|smooth_mul|75c12e3de14a,1,,,,,,1.200553313309487,6.330483749690659,5.510858270897706,1.8147482368255796,0.8522200631450245,6.497715977476842,0.9814668328005476,0.3563163175560782,False,,True,False,False,False,"Mul(Decay(premium_abs_state,336),Abs(ZScore(Mean(mark_trade_basis_bps,168))))",G:\Project_V7_Rotation\alpha_pit_engine_crypto_20260519\runtime\a7v3s9_selected_full_reward_aggregate_20260614\a7v3s0_reward_accepted_enriched.csv
mem-73a64f2ceb2892cc,A7SEARCH4,strict_pass,a7search1_68ab9585afc936e9,open_interest|taker_flow,additive_composite,24,strict_pass,,expr-e05bc81e70254965,skeleton-d93c080507e9ffc7,2,,,,,,0.9446108630183228,4.206179605207081,4.958534135754857,12.667583628300484,0.318659423253377,7.4149648502729,0.9878756071874394,0.13376402364511505,False,,True,True,True,True,"Add(Delta(open_interest_value_mean,240),Abs(ZScore(taker_buy_sell_volume_ratio_last)))",G:\Project_V7_Rotation\alpha_pit_engine_crypto_20260519\runtime\a7mem0_search_memory_registry_20260628\remote_inputs\a7search4_strict_pass_rows.csv
mem-c0dc4e83cb3c2e87,A7SEARCH4,strict_pass,a7search1_ae5ab13047296944,liquidity|positioning,additive_composite,24,strict_pass,,expr-4540b6e742c91d56,skeleton-ce64926dfc55eaac,3,,,,,,0.031767546491378286,3.2430824574298294,8.078859355269593,2.9026690735988696,0.9616605485257532,0.8881388154152337,0.9848304384743757,0.3122831384416318,False,,True,True,True,True,"Add(Mean(quote_volume_z_168h,120),Decay(top_long_short_account_ratio_last,12))",G:\Project_V7_Rotation\alpha_pit_engine_crypto_20260519\runtime\a7mem0_search_memory_registry_20260628\remote_inputs\a7search4_strict_pass_rows.csv
mem-b7ddf35f8a78c5ea,A7SEARCH4,strict_pass,a7search1_311cebe5f84b60ed,open_interest|taker_flow,additive_composite,24,strict_pass,,expr-08dea0383562b11e,skeleton-51f87c69a1e4ad1c,2,,,,,,0.9282679467783026,4.206179605207081,4.958534135754857,12.667583628300484,0.318659423253377,7.4094843693365116,0.9878734662822551,0.009092994835034661,False,,True,True,True,True,"Add(Delta(open_interest_value_mean,240),Delta(kline_taker_buy_quote_share,6))",G:\Project_V7_Rotation\alpha_pit_engine_crypto_20260519\runtime\a7mem0_search_memory_registry_20260628\remote_inputs\a7search4_strict_pass_rows.csv
mem-d95b08d95c37d519,A7SEARCH4,strict_pass,a7search1_6489ac6e6ff91e90,liquidity|open_interest,spread,8,strict_pass,,expr-101b5a848741ed2f,skeleton-40b595326008ce1b,3,,,,,,2.5957937474206605,0.38940556772231194,8.456564178641221,15.516001651173726,0.004702216479586793,3.15442730836295,1.0401501383313396,0.32112265596686856,False,,True,True,True,True,"Sub(Abs(ZScore(quote_volume_z_168h)),Delta(open_interest_value_mean,120))",G:\Project_V7_Rotation\alpha_pit_engine_crypto_20260519\runtime\a7mem0_search_memory_registry_20260628\remote_inputs\a7search4_strict_pass_rows.csv
mem-f986b04dc7898190,A7SEARCH4,strict_pass,a7search1_3d16677134cbe755,open_interest|taker_flow,spread,8,strict_pass,,expr-84b3acc638809a86,skeleton-dee68e6eeec51d13,3,,,,,,2.595833511816182,0.39001301729186544,8.456564178641221,15.516568500650472,0.004702216479586793,3.15442730836295,1.040131479272609,0.21504522197692216,False,,True,True,True,True,"Sub(Delta(open_interest_value_mean,120),ZScore(taker_buy_sell_volume_ratio_last))",G:\Project_V7_Rotation\alpha_pit_engine_crypto_20260519\runtime\a7mem0_search_memory_registry_20260628\remote_inputs\a7search4_strict_pass_rows.csv
mem-7f9aba7d784da4cd,A7SEARCH4,strict_pass,a7search1_f31a64c99d36e65c,liquidity|positioning,safe_div_abs,24,strict_pass,,expr-59ef07927a86d198,skeleton-677127d6451577d5,2,,,,,,0.685708039841556,1.2015974490561767,2.0441451553845322,18.81717997010891,0.19426970532461044,4.862332635796044,0.9877207878929519,0.031401361084459595,False,,True,True,True,True,"SafeDiv(Decay(trade_quote_volume,504),Abs(Decay(account_position_divergence,120)))",G:\Project_V7_Rotation\alpha_pit_engine_crypto_20260519\runtime\a7mem0_search_memory_registry_20260628\remote_inputs\a7search4_strict_pass_rows.csv
mem-96c7afc4abc263b3,A7SEARCH4,strict_pass,a7search1_96dfd944abce6a21,positioning|premium,smooth_mul,24,strict_pass,,expr-8d8ff0f8fa0be523,skeleton-8ce6e6e3b2c45751,3,,,,,,0.678828095625756,3.5896497532068325,4.0444422075358215,13.827187818023711,1.878597434717679,0.015042273179483647,0.9657720733803804,0.012276357618157306,False,,True,True,True,True,"Mul(ZScore(account_position_divergence),Decay(premium_abs_state,96))",G:\Project_V7_Rotation\alpha_pit_engine_crypto_20260519\runtime\a7mem0_search_memory_registry_20260628\remote_inputs\a7search4_strict_pass_rows.csv
mem-0444862338d16008,A7SEARCH4,strict_pass,a7search1_66a63617afe7c6d3,open_interest|taker_flow,additive_composite,8,strict_pass,,expr-942ea748a116e368,skeleton-51f87c69a1e4ad1c,3,,,,,,2.634536172682842,0.3885847456818229,8.457413028093558,15.466373313176724,0.004702216479586793,3.1555321198101636,1.0401948673503219,0.39647650525966294,False,,True,True,True,True,"Add(Delta(open_interest_value_mean,120),Delta(taker_buy_sell_volume_ratio_mean,16))",G:\Project_V7_Rotation\alpha_pit_engine_crypto_20260519\runtime\a7mem0_search_memory_registry_20260628\remote_inputs\a7search4_strict_pass_rows.csv
mem-5c5153e5510543e4,A7SEARCH4,strict_pass,a7search1_a4234f64ce341dcd,basis|open_interest,additive_composite,24,strict_pass,,expr-6cf8372e179a4959,skeleton-2d919dceda7ef6c1,2,,,,,,0.9967563438264592,4.206179605207081,4.958534135754857,12.667583628300484,0.318659423253377,7.4094843693365116,0.987873879179183,0.009652183753348628,False,,True,True,True,True,"Add(TSRank(mark_index_basis_bps,36),Delta(open_interest_value_mean,240))",G:\Project_V7_Rotation\alpha_pit_engine_crypto_20260519\runtime\a7mem0_search_memory_registry_20260628\remote_inputs\a7search4_strict_pass_rows.csv
mem-aeedf9eac27dd2f4,A7SEARCH4,strict_pass,a7search1_4b3d2a1098f9a380,basis|open_interest,additive_composite,24,strict_pass,,expr-f2ecfb4699931dee,skeleton-9518dbfa73ba4dcd,2,,,,,,0.9446108630183228,4.206179605207081,4.958534135754857,12.667583628300484,0.318659423253377,7.4094843693365116,0.987874011896241,0.027920905010153898,False,,True,True,True,True,"Add(Mean(mark_trade_basis_bps,36),Delta(open_interest_value_mean,240))",G:\Project_V7_Rotation\alpha_pit_engine_crypto_20260519\runtime\a7mem0_search_memory_registry_20260628\remote_inputs\a7search4_strict_pass_rows.csv
mem-7a2252020e57d87f,A7SEARCH4,strict_pass,a7search1_4b1fd5ea85387c39,open_interest|taker_flow,additive_composite,8,strict_pass,,expr-b24eb1168924db69,skeleton-51f87c69a1e4ad1c,3,,,,,,2.6126408330033963,0.388424279117067,8.457307928547943,15.478193474309508,0.004702216479586793,3.1558428256218223,1.0402524469276793,0.47450250638094665,False,,True,True,True,True,"Add(Delta(open_interest_value_mean,120),Delta(taker_buy_sell_volume_ratio_mean,72))",G:\Project_V7_Rotation\alpha_pit_engine_crypto_20260519\runtime\a7mem0_search_memory_registry_20260628\remote_inputs\a7search4_strict_pass_rows.csv
mem-dc0f728eadfcce47,A7SEARCH4,strict_pass,a7search1_e1d3979967b59c42,basis|open_interest,spread,8,strict_pass,,expr-66c7f34247a55a6a,skeleton-2c761a1d27b69791,3,,,,,,2.647356740646957,0.38794992473065926,8.456564178641221,15.516021628329643,0.004702216479586793,3.15442730836295,1.0401355375891048,0.41098734349208144,False,,True,True,True,True,"Sub(TSRank(mark_index_basis_bps,504),Delta(open_interest_value_mean,120))",G:\Project_V7_Rotation\alpha_pit_engine_crypto_20260519\runtime\a7mem0_search_memory_registry_20260628\remote_inputs\a7search4_strict_pass_rows.csv
mem-b2c890bf729856a6,A7SEARCH4,strict_pass,a7search1_7d9d9838de42ce26,positioning|taker_flow,smooth_mul,8,strict_pass,,expr-60d8d1f11cc0caa3,skeleton-8ce6e6e3b2c45751,2,,,,,,0.14998309701948975,1.7195169962965844,4.482736597029978,17.29330709823371,0.333422735748654,5.393880164591996,0.9960052347557838,0.12119632789645156,False,,True,True,True,True,"Mul(ZScore(top_long_short_account_ratio_last),Decay(taker_buy_sell_volume_ratio_mean,240))",G:\Project_V7_Rotation\alpha_pit_engine_crypto_20260519\runtime\a7mem0_search_memory_registry_20260628\remote_inputs\a7search4_strict_pass_rows.csv
mem-622c48444b195340,A7SEARCH4,strict_pass,a7search1_f70b47f4dbe3c114,liquidity|open_interest,additive_composite,24,strict_pass,,expr-f9e73737b1138e85,skeleton-2a48587931282d3a,2,,,,,,0.9446108630183228,4.206179605207081,4.958534135754857,12.667583628300484,0.318659423253377,7.4094843693365116,0.987873879179183,0.1274199784150473,False,,True,True,True,True,"Add(CSRank(trade_quote_volume),Delta(open_interest_value_mean,240))",G:\Project_V7_Rotation\alpha_pit_engine_crypto_20260519\runtime\a7mem0_search_memory_registry_20260628\remote_inputs\a7search4_strict_pass_rows.csv
mem-1987de937714d80f,A7SEARCH4,strict_pass,a7search1_629fb7ade7a5b5f3,open_interest|premium,additive_composite,24,strict_pass,,expr-1e35cf0b729e15ab,skeleton-01b5b94516fb0eba,2,,,,,,0.9446108630183228,4.206179605207081,4.958534135754857,12.667583628300484,0.318659423253377,7.4094843693365116,0.987873879179183,0.015365786944546793,False,,True,True,True,True,"Add(Delta(open_interest_value_mean,240),Sign(Delta(premium_close_bps,36)))",G:\Project_V7_Rotation\alpha_pit_engine_crypto_20260519\runtime\a7mem0_search_memory_registry_20260628\remote_inputs\a7search4_strict_pass_rows.csv
mem-a23d12de94aa46f3,A7SEARCH4,strict_pass,a7search1_068a2859ab1346da,open_interest|premium,smooth_mul,24,strict_pass,,expr-416fec0c836ee1f1,skeleton-e29a029adda15d7b,3,,,,,,1.1405291508059197,6.9448534912225615,2.684165907156439,2.0326692275911915,1.228935023718658,6.330554127992623,0.9766916826766616,0.3465876740566002,False,,True,True,True,True,"Mul(Decay(open_interest_mean,120),Decay(premium_close_bps,720))",G:\Project_V7_Rotation\alpha_pit_engine_crypto_20260519\runtime\a7mem0_search_memory_registry_20260628\remote_inputs\a7search4_strict_pass_rows.csv
mem-75b2067ca32c42a2,A7SEARCH4,strict_pass,a7search1_7a81585720899bb8,basis|positioning,safe_div_abs_gated,24,strict_pass,,expr-971776cb3c19ff6d,skeleton-33ec088cb9b28bdb,3,,,,,,2.744799358279943,4.696449546937649,17.758177612042765,10.414196829973271,2.8686834174757037,3.159366564750951,0.9896467883407984,0.09762081882767433,False,,True,True,True,True,"Mul(SafeDiv(Decay(mark_index_basis_bps,240),Abs(Decay(account_position_divergence,120))),Sign(Decay(trade_quote_volume,336)))",G:\Project_V7_Rotation\alpha_pit_engine_crypto_20260519\runtime\a7mem0_search_memory_registry_20260628\remote_inputs\a7search4_strict_pass_rows.csv
mem-2a90b7bcce44034b,A7SEARCH4,strict_pass,a7search1_93a23e26826fb3ce,open_interest|taker_flow,additive_composite,8,strict_pass,,expr-023e0d8cc36c4853,skeleton-4c10da649dae0392,3,,,,,,2.5959230209230366,0.3895386629054578,8.456564178641221,15.516021628329643,0.004702216479586793,3.15442730836295,1.0401350019969915,0.21509414111770042,False,,True,True,True,True,"Add(Delta(open_interest_value_mean,120),Mean(kline_taker_buy_quote_share,12))",G:\Project_V7_Rotation\alpha_pit_engine_crypto_20260519\runtime\a7mem0_search_memory_registry_20260628\remote_inputs\a7search4_strict_pass_rows.csv
mem-7953530c732ac34d,A7SEARCH4,strict_pass,a7search1_4fe2ba7c32485a1f,liquidity|open_interest,spread,24,strict_pass,,expr-15f4298450135227,skeleton-6782a3c619c21840,2,,,,,,0.9446108630183228,4.206179605207081,4.958534135754857,12.667583628300484,0.318659423253377,7.4149648502729,0.987873879179183,0.06616715030661113,False,,True,True,True,True,"Sub(Sign(Delta(trade_quote_volume,120)),Delta(open_interest_value_mean,240))",G:\Project_V7_Rotation\alpha_pit_engine_crypto_20260519\runtime\a7mem0_search_memory_registry_20260628\remote_inputs\a7search4_strict_pass_rows.csv
mem-b025aa75b0ce9043,A7SEARCH4,strict_pass,a7search1_932ef19cc0418d76,basis|open_interest,spread,24,strict_pass,,expr-9f31bb396c7a8b44,skeleton-aee02eb8c6122850,2,,,,,,0.9972601249337234,4.206179605207081,4.958534135754857,12.667583628300484,0.318659423253377,7.4149648502729,0.9878734662822551,0.24373140438047833,False,,True,True,True,True,"Sub(CSRank(mark_index_basis_bps),Delta(open_interest_value_mean,240))",G:\Project_V7_Rotation\alpha_pit_engine_crypto_20260519\runtime\a7mem0_search_memory_registry_20260628\remote_inputs\a7search4_strict_pass_rows.csv
mem-1e348adb2001b11e,A7SEARCH4,strict_pass,a7search1_3b7486c1e12003f2,liquidity|open_interest,additive_composite,8,strict_pass,,expr-a95f700b79124ef6,skeleton-1915efa598604387,3,,,,,,2.595790475039389,0.388424279117067,8.456564178641221,15.516021628329643,0.004702216479586793,3.15442730836295,1.0401408862470047,0.2261461527633167,False,,True,True,True,True,"Add(ZScore(quote_volume_z_168h),Delta(open_interest_value_mean,120))",G:\Project_V7_Rotation\alpha_pit_engine_crypto_20260519\runtime\a7mem0_search_memory_registry_20260628\remote_inputs\a7search4_strict_pass_rows.csv
mem-4250562c77812bd5,A7SEARCH4,strict_pass,a7search1_c6b58f22978b65fb,open_interest|taker_flow,safe_div_abs,8,strict_pass,,expr-7be48087dc7cf7fa,skeleton-263d93cb1cd147f9,3,,,,,,2.0388551422102097,0.3895386629054578,8.456564178641221,15.516568500650472,0.004702216479586793,3.15442730836295,1.040130979964223,0.21128938943527045,False,,True,True,True,True,"SafeDiv(Delta(open_interest_value_mean,120),Abs(Sign(Delta(taker_buy_sell_volume_ratio_last,240))))",G:\Project_V7_Rotation\alpha_pit_engine_crypto_20260519\runtime\a7mem0_search_memory_registry_20260628\remote_inputs\a7search4_strict_pass_rows.csv
mem-e8a503641fb207cf,A7SEARCH4,strict_pass,a7search1_c5bea32a78d41849,liquidity|open_interest,additive_composite,24,strict_pass,,expr-0efaf73c9febdcd3,skeleton-51f87c69a1e4ad1c,2,,,,,,0.9446108630183228,4.206179605207081,4.958534135754857,12.667583628300484,0.318659423253377,7.4094843693365116,0.9878734662822551,0.12741437075068884,False,,True,True,True,True,"Add(Delta(quote_volume_z_168h,6),Delta(open_interest_value_mean,240))",G:\Project_V7_Rotation\alpha_pit_engine_crypto_20260519\runtime\a7mem0_search_memory_registry_20260628\remote_inputs\a7search4_strict_pass_rows.csv
mem-6dff7df7f45f0f32,A7SEARCH4,strict_pass,a7search1_d8c53aaa51c1a278,liquidity|positioning,additive_composite,8,strict_pass,,expr-02f20c71c4546d24,skeleton-cb65f2fc2ef4cb87,2,,,,,,0.5877064278060737,1.6191559296405649,4.896423029272821,16.51132000216252,0.8589838397044028,0.52766384083034,1.002753189911921,0.16435768816168375,False,,True,True,True,True,"Add(CSRank(trade_quote_volume),Decay(account_position_divergence,12))",G:\Project_V7_Rotation\alpha_pit_engine_crypto_20260519\runtime\a7mem0_search_memory_registry_20260628\remote_inputs\a7search4_strict_pass_rows.csv
mem-89a92045c993a056,A7SEARCH4,strict_pass,a7search1_2207aed6d1196ee3,liquidity|open_interest,spread,8,strict_pass,,expr-4af77d45244a7a35,skeleton-aee02eb8c6122850,3,,,,,,2.595832173215326,0.3895386629054578,8.456564178641221,15.516568500650472,0.004702216479586793,3.15442730836295,1.040130979964223,0.18701915871668945,False,,True,True,True,True,"Sub(CSRank(quote_volume_z_168h),Delta(open_interest_value_mean,120))",G:\Project_V7_Rotation\alpha_pit_engine_crypto_20260519\runtime\a7mem0_search_memory_registry_20260628\remote_inputs\a7search4_strict_pass_rows.csv
mem-f73e7b776e98aefd,A7SEARCH4,strict_pass,a7search1_f685e458063b51ea,open_interest|premium,spread,8,strict_pass,,expr-cf09d914e2a13183,skeleton-d0f4a0719a2fd0d2,3,,,,,,1.896896644084726,0.38956444443878663,8.456564178641221,15.516021628329643,0.004702216479586793,3.15442730836295,1.040141385662558,0.25795652751202763,False,,True,True,True,True,"Sub(Delta(open_interest_value_mean,120),Sign(Delta(premium_close_bps,504)))",G:\Project_V7_Rotation\alpha_pit_engine_crypto_20260519\runtime\a7mem0_search_memory_registry_20260628\remote_inputs\a7search4_strict_pass_rows.csv
mem-8c5eee14d228f615,A7SEARCH4,strict_pass,a7search1_c3705eab75614299,funding_dense|positioning,safe_div_abs_gated,8,strict_pass,,expr-24923f6ec7d575c6,skeleton-5704a747fbe108b8,2,,,,,,1.1636733571993043,5.513673130828353,3.838292323613524,9.760585754781541,1.167541941483944,0.5336620552779218,0.987143996925743,0.2565732302556463,False,,True,True,True,True,"Mul(SafeDiv(Decay(funding_rate_update_age_hours,120),Abs(CSRank(account_position_divergence))),Sign(Decay(age_percentile_active_universe,240)))",G:\Project_V7_Rotation\alpha_pit_engine_crypto_20260519\runtime\a7mem0_search_memory_registry_20260628\remote_inputs\a7search4_strict_pass_rows.csv
mem-089ba75620ab7bf2,A7SEARCH4,strict_pass,a7search1_912fbe702c0187da,liquidity|open_interest,spread,24,strict_pass,,expr-f58193907052ed60,skeleton-6782a3c619c21840,2,,,,,,0.9446108630183228,4.206179605207081,4.958534135754857,12.667583628300484,0.318659423253377,7.4094843693365116,0.987873879179183,0.026804842769122535,False,,True,True,True,True,"Sub(Sign(Delta(quote_volume_z_168h,12)),Delta(open_interest_value_mean,240))",G:\Project_V7_Rotation\alpha_pit_engine_crypto_20260519\runtime\a7mem0_search_memory_registry_20260628\remote_inputs\a7search4_strict_pass_rows.csv
mem-b6d9af14c1b1c3fc,A7SEARCH4,strict_pass,a7search1_5f1e121e6d9a85c4,basis|open_interest,additive_composite_gated,8,strict_pass,,expr-01f552ec405a5a4b,skeleton-78a3999411b7ce88,2,,,,,,2.5958193059224954,0.38794992473065926,8.456564178641221,15.516021628329643,0.004702216479586793,50.0,1.0401355375891048,0.45078625754718155,False,,True,True,True,True,"Mul(Add(TSRank(mark_trade_basis_bps,36),Delta(open_interest_value_mean,120)),Sign(Decay(age_percentile_active_universe,36)))",G:\Project_V7_Rotation\alpha_pit_engine_crypto_20260519\runtime\a7mem0_search_memory_registry_20260628\remote_inputs\a7search4_strict_pass_rows.csv
mem-08289f6da3c1a71a,A7SEARCH4,strict_pass,a7search1_e057c3e4e24035af,open_interest|premium,additive_composite_gated,24,strict_pass,,expr-a58ba93ef52e6809,skeleton-b800ca27a5d6b1d7,2,,,,,,0.9446108630183228,4.206179605207081,4.958534135754857,12.667583628300484,0.318659423253377,7.4094843693365116,0.9878753629578524,0.07067429701811183,False,,True,True,True,True,"Mul(Add(Delta(open_interest_value_mean,240),Decay(premium_abs_state,504)),Sign(Abs(ZScore(quote_volume_z_168h))))",G:\Project_V7_Rotation\alpha_pit_engine_crypto_20260519\runtime\a7mem0_search_memory_registry_20260628\remote_inputs\a7search4_strict_pass_rows.csv
mem-738e506bc9d25e34,A7SEARCH4,strict_pass,a7search1_160b8bd4d2a0ab07,open_interest|taker_flow,smooth_mul_gated,8,strict_pass,,expr-a01a04dfd6365a47,skeleton-84317c981d9a0b4a,2,,,,,,2.3556866805722674,1.1154520932234706,1.8898127696318419,24.397160396899917,0.03998648330151647,4.970946588024582,1.0037956554961567,0.2004137760009201,False,,True,True,True,True,"Mul(Mul(Mean(open_interest_value_change_24h,120),Mean(taker_buy_sell_volume_ratio_last,168)),Sign(Mean(trade_quote_volume,3)))",G:\Project_V7_Rotation\alpha_pit_engine_crypto_20260519\runtime\a7mem0_search_memory_registry_20260628\remote_inputs\a7search4_strict_pass_rows.csv
mem-a3ccc25c591d7075,A7SEARCH4,strict_pass,a7search1_ba273161b3046a03,open_interest|taker_flow,spread_gated,8,strict_pass,,expr-ad27bb6b98943287,skeleton-1b8609a3b16e4571,2,,,,,,2.5957891604275716,0.3886592980251806,8.455836469932247,15.517884588732645,0.004702216479586793,0.10627491050839948,1.0401780146178445,0.24020931946377524,False,,True,True,True,True,"Mul(Sub(Delta(open_interest_value_mean,120),Decay(taker_buy_sell_volume_ratio_mean,72)),Sign(Decay(log1p_listing_age_days,72)))",G:\Project_V7_Rotation\alpha_pit_engine_crypto_20260519\runtime\a7mem0_search_memory_registry_20260628\remote_inputs\a7search4_strict_pass_rows.csv
mem-5892f6827912dab3,A7SEARCH4,strict_pass,a7search1_db9601bbd48fd8e7,positioning|positioning,safe_div_abs_gated,24,strict_pass,,expr-0a0b771d5a8aea77,skeleton-7513f01ff673e273,2,,,,,,2.6063232773322516,2.4273933507317267,13.45699353177001,16.894260138807173,0.3733987644855309,2.0560717765356693,0.9806922690184225,0.02014981717110651,False,,True,True,True,True,"Mul(SafeDiv(ZScore(global_long_short_account_ratio_last),Abs(Sign(Delta(global_long_short_account_ratio_last,720)))),Sign(Decay(liquidity_cycle_state,720)))",G:\Project_V7_Rotation\alpha_pit_engine_crypto_20260519\runtime\a7mem0_search_memory_registry_20260628\remote_inputs\a7search4_strict_pass_rows.csv
mem-0cb9be5f40909914,A7SEARCH4,strict_pass,a7search1_0571ae5365c19207,positioning|positioning,spread_gated,8,strict_pass,,expr-aaaa4f373d84c4a3,skeleton-86b4f95436687260,2,,,,,,0.5446732977174243,2.3303005558862506,3.3308417601578224,12.334125567877912,0.35228673663795734,0.7017562146041108,1.0313936000406319,0.1759993037811195,False,,True,True,True,True,"Mul(Sub(Mean(account_position_divergence,720),ZScore(account_position_divergence)),Sign(CSRank(quote_volume_z_168h)))",G:\Project_V7_Rotation\alpha_pit_engine_crypto_20260519\runtime\a7mem0_search_memory_registry_20260628\remote_inputs\a7search4_strict_pass_rows.csv
mem-1d41e7bf1b3e311a,A7SEARCH4,strict_pass,a7search1_b49a560b18ef80ef,open_interest|positioning,smooth_mul_gated,24,strict_pass,,expr-7f42cc8ce852b55e,skeleton-5e7b7e4e8493cd94,3,,,,,,0.44800669575773955,5.483597951534053,4.804671580960772,8.715946507957426,1.2865896887819508,6.222606662595975,0.9802301012980708,0.000392199994193274,False,,True,True,True,True,"Mul(Mul(Delta(open_interest_value_last,240),TSRank(top_long_short_position_ratio_last,504)),Sign(CSRank(quote_volume_z_168h)))",G:\Project_V7_Rotation\alpha_pit_engine_crypto_20260519\runtime\a7mem0_search_memory_registry_20260628\remote_inputs\a7search4_strict_pass_rows.csv
mem-0e3d06dc36f0f316,A7SEARCH4,strict_pass,a7search1_a86382a5da04df4f,open_interest|open_interest,safe_div_abs_gated,8,strict_pass,,expr-97c9674451e7b313,skeleton-c9ec07b528c76248,2,,,,,,2.740981753932732,0.47718832523661514,8.040221088334373,15.467996373427074,0.0657195172760543,18.16521456324074,1.031208020298472,0.31780131528915917,False,,True,True,True,True,"Mul(SafeDiv(Delta(open_interest_value_mean,120),Abs(ZScore(open_interest_mean))),Sign(Decay(log1p_listing_age_days,48)))",G:\Project_V7_Rotation\alpha_pit_engine_crypto_20260519\runtime\a7mem0_search_memory_registry_20260628\remote_inputs\a7search4_strict_pass_rows.csv
mem-756f8901e73ac75e,A7SEARCH4,strict_pass,a7search1_5b21af418d9af176,positioning|positioning,smooth_mul_gated,24,strict_pass,,expr-6ec8a5be2698c203,skeleton-6a26976338896d7d,2,,,,,,0.3078998202205484,3.93612612975162,3.9006203974760005,14.529889092786835,0.8312523547668085,2.936250496331934,0.9714435972693429,0.14125710657578466,False,,True,True,True,True,"Mul(Mul(ZScore(account_position_divergence),TSRank(account_position_divergence,120)),Sign(Abs(ZScore(trade_quote_volume))))",G:\Project_V7_Rotation\alpha_pit_engine_crypto_20260519\runtime\a7mem0_search_memory_registry_20260628\remote_inputs\a7search4_strict_pass_rows.csv
mem-30432bfcbc524f10,A7SEARCH4,strict_pass,a7search1_efe06e08631bf4d8,open_interest|positioning,safe_div_abs_gated,8,strict_pass,,expr-910aa36fcaf04d14,skeleton-ee2f57c71a5e1378,3,,,,,,1.0515297291702725,3.9922087738545606,4.767248629219651,14.746325701068896,1.441404324352584,0.37520791372467666,1.0003679539944588,0.06191167859967141,False,,True,True,True,True,"Mul(SafeDiv(Abs(ZScore(open_interest_mean)),Abs(CSRank(account_position_divergence))),Sign(CSRank(quote_volume_z_168h)))",G:\Project_V7_Rotation\alpha_pit_engine_crypto_20260519\runtime\a7mem0_search_memory_registry_20260628\remote_inputs\a7search4_strict_pass_rows.csv
mem-20a969d3c8cc5494,A7SEARCH4,strict_pass,a7search1_fdc36f4e21c0b0dd,open_interest|positioning,safe_div_abs_gated,8,strict_pass,,expr-102509be7b74aa2d,skeleton-ee2f57c71a5e1378,3,,,,,,1.023824630412784,3.9922087738545606,4.767248629219651,14.746325701068896,1.441404324352584,0.37520791372467666,1.0003679539944588,0.11183175433097367,False,,True,True,True,True,"Mul(SafeDiv(Abs(ZScore(open_interest_mean)),Abs(CSRank(account_position_divergence))),Sign(CSRank(trade_quote_volume)))",G:\Project_V7_Rotation\alpha_pit_engine_crypto_20260519\runtime\a7mem0_search_memory_registry_20260628\remote_inputs\a7search4_strict_pass_rows.csv
mem-a60e0672b2d2f75a,A7SEARCH4,strict_pass,a7search1_9c7de5c59d2c03fe,open_interest|premium,additive_composite_gated,8,strict_pass,,expr-e1760672b1f145f5,skeleton-4838824538f0c860,3,,,,,,2.068506070771723,0.3888374339922281,8.459446386755422,15.510349596054716,0.004752100546043977,3.154784394649665,1.0399639306059107,0.2942736102865949,False,,True,True,True,True,"Mul(Add(Delta(open_interest_value_mean,120),Delta(premium_close_bps,240)),Sign(TSRank(quote_volume_z_168h,3)))",G:\Project_V7_Rotation\alpha_pit_engine_crypto_20260519\runtime\a7mem0_search_memory_registry_20260628\remote_inputs\a7search4_strict_pass_rows.csv
mem-3d63645c0995cb13,A7SEARCH4,strict_pass,a7search1_8ac126f5a49a024f,open_interest|premium,spread_gated,8,strict_pass,,expr-5af60a104cf31c6d,skeleton-1318c797e088bef7,3,,,,,,2.5959766224701486,0.3889601728809398,8.463079071513562,15.509704115298586,0.003654612590698863,3.154784394649665,1.0399919011993821,0.4135082096212316,False,,True,True,True,True,"Mul(Sub(Delta(open_interest_value_mean,120),Delta(premium_abs_state,36)),Sign(CSRank(quote_volume_z_168h)))",G:\Project_V7_Rotation\alpha_pit_engine_crypto_20260519\runtime\a7mem0_search_memory_registry_20260628\remote_inputs\a7search4_strict_pass_rows.csv
mem-4ecd580baffbff06,A7SEARCH4,strict_pass,a7search1_c92f5a189adfc26d,open_interest|taker_flow,spread_gated,24,strict_pass,,expr-ce2866c6cccf3cb5,skeleton-bcd3d9894b968b7f,2,,,,,,0.9446108630183228,4.206179605207081,4.958534135754857,12.667583628300484,0.318659423253377,7.4149648502729,0.987873879179183,0.10674538543933874,False,,True,True,True,True,"Mul(Sub(Delta(open_interest_value_mean,240),ZScore(taker_buy_sell_volume_ratio_mean)),Sign(CSRank(trade_quote_volume)))",G:\Project_V7_Rotation\alpha_pit_engine_crypto_20260519\runtime\a7mem0_search_memory_registry_20260628\remote_inputs\a7search4_strict_pass_rows.csv
mem-b5021fce5351a8d2,A7SEARCH4,selected_or_nearmiss,a7search1_68ab9585afc936e9,open_interest|taker_flow,additive_composite,24,strict_pass,,expr-e05bc81e70254965,skeleton-d93c080507e9ffc7,2,,,,,,0.9446108630183228,4.206179605207081,4.958534135754857,12.667583628300484,0.318659423253377,7.4149648502729,0.9878756071874394,0.13376402364511505,False,,True,True,True,True,"Add(Delta(open_interest_value_mean,240),Abs(ZScore(taker_buy_sell_volume_ratio_last)))",G:\Project_V7_Rotation\alpha_pit_engine_crypto_20260519\runtime\a7mem0_search_memory_registry_20260628\remote_inputs\a7search4_selected_rows.csv
mem-291637b403fc931e,A7SEARCH4,selected_or_nearmiss,a7search1_25c3c0a58278cbc0,liquidity|open_interest,smooth_mul,8,rejected,control_dominated,expr-8c3508adc62ad50f,skeleton-e29a029adda15d7b,1,,,,,,3.6111498457085096,2.6791044108032165,2.8700189944148025,4.8404037483549605,0.5271438069735886,0.5533116402915896,1.2456009125427057,0.779643823046667,True,oos_control_dominated;oos_lag_stale_dominated,False,False,True,True,"Mul(Decay(trade_quote_volume,48),Decay(open_interest_value_change_24h,12))",G:\Project_V7_Rotation\alpha_pit_engine_crypto_20260519\runtime\a7mem0_search_memory_registry_20260628\remote_inputs\a7search4_selected_rows.csv
mem-082960719e4cb562,A7SEARCH4,selected_or_nearmiss,a7search1_d74d2ada44aa6f5b,basis|positioning,safe_div_abs,24,rejected,control_dominated,expr-f2cfeba421c6ac0d,skeleton-7314e6e19bde0054,1,,,,,,1.9381606438472203,1.6935634954956709,3.2551806516784465,4.622495591486715,-0.7394983251332595,3.150655901585819,0.9906207691201809,0.3425452613722089,True,oos_nonoverlap_floor_not_positive;oos_control_dominated;oos_lag_stale_dominated,False,False,True,True,"SafeDiv(Decay(mark_index_basis_bps,336),Abs(Sign(Delta(account_position_divergence,96))))",G:\Project_V7_Rotation\alpha_pit_engine_crypto_20260519\runtime\a7mem0_search_memory_registry_20260628\remote_inputs\a7search4_selected_rows.csv
mem-407c82c2e96fbe03,A7SEARCH4,selected_or_nearmiss,a7search1_ae5ab13047296944,liquidity|positioning,additive_composite,24,strict_pass,,expr-4540b6e742c91d56,skeleton-ce64926dfc55eaac,3,,,,,,0.031767546491378286,3.2430824574298294,8.078859355269593,2.9026690735988696,0.9616605485257532,0.8881388154152337,0.9848304384743757,0.3122831384416318,False,,True,True,True,True,"Add(Mean(quote_volume_z_168h,120),Decay(top_long_short_account_ratio_last,12))",G:\Project_V7_Rotation\alpha_pit_engine_crypto_20260519\runtime\a7mem0_search_memory_registry_20260628\remote_inputs\a7search4_selected_rows.csv
mem-c7e005239dfb070f,A7SEARCH4,selected_or_nearmiss,a7search1_cf9181156d7757b9,basis|open_interest,smooth_mul,24,rejected,control_dominated,expr-75c75f5424e4202f,skeleton-e29a029adda15d7b,1,,,,,,2.4807273514889174,6.5287202937818165,4.080787288690524,2.8494015108144617,2.216768720629675,7.282721934249025,0.9908244286937563,0.09713895235076954,True,oos_control_dominated;oos_lag_stale_dominated,False,False,True,True,"Mul(Decay(mark_index_basis_bps,168),Decay(open_interest_last,24))",G:\Project_V7_Rotation\alpha_pit_engine_crypto_20260519\runtime\a7mem0_search_memory_registry_20260628\remote_inputs\a7search4_selected_rows.csv
mem-e6bf65dd7ff71897,A7SEARCH4,selected_or_nearmiss,a7search1_ae5ab13047296944,liquidity|positioning,additive_composite,8,rejected,control_dominated,expr-4540b6e742c91d56,skeleton-ce64926dfc55eaac,3,,,,,,0.06136063169080394,4.516095712813306,5.689864312139172,3.5044909857105426,3.020374640350238,2.001249345687774,0.9738055225314456,0.9629380085905147,True,oos_control_dominated;oos_lag_stale_dominated,False,False,True,True,"Add(Mean(quote_volume_z_168h,120),Decay(top_long_short_account_ratio_last,12))",G:\Project_V7_Rotation\alpha_pit_engine_crypto_20260519\runtime\a7mem0_search_memory_registry_20260628\remote_inputs\a7search4_selected_rows.csv
mem-b51eb4e6d77da326,A7SEARCH4,selected_or_nearmiss,a7search1_1faa05fee7cae213,open_interest|taker_flow,spread,8,rejected,control_dominated,expr-37b94c295d6149a1,skeleton-e3a5d54a138fa2b2,1,,,,,,3.638508761615011,2.978789889754065,3.2762789999525745,4.371698586636649,0.5317274827785671,0.5191455411121831,1.3102956368683252,0.8266943750412472,True,oos_control_dominated;oos_lag_stale_dominated,False,False,True,True,"Sub(Decay(open_interest_value_change_24h,12),CSRank(kline_taker_buy_quote_share))",G:\Project_V7_Rotation\alpha_pit_engine_crypto_20260519\runtime\a7mem0_search_memory_registry_20260628\remote_inputs\a7search4_selected_rows.csv
mem-94c49394a3fd0d19,A7SEARCH4,selected_or_nearmiss,a7search1_0435583e91cd89c4,open_interest|taker_flow,spread,8,rejected,control_dominated,expr-474c0993ee3fc962,skeleton-f5f3e6bf426c8aca,1,,,,,,3.928271083582781,1.745808384613115,4.54950221563122,9.659225530369909,-0.3423186226208403,0.5534401532521818,1.1238985994764998,0.6401157161516363,True,oos_nonoverlap_floor_not_positive;oos_control_dominated;oos_lag_stale_dominated,False,False,True,True,"Sub(Mean(open_interest_value_change_24h,16),Decay(taker_buy_sell_volume_ratio_mean,240))",G:\Project_V7_Rotation\alpha_pit_engine_crypto_20260519\runtime\a7mem0_search_memory_registry_20260628\remote_inputs\a7search4_selected_rows.csv
mem-f056347560ecb74d,A7SEARCH4,selected_or_nearmiss,a7search1_80acc678234b49f1,liquidity|positioning,additive_composite,8,rejected,control_dominated,expr-909ccb2b667878e5,skeleton-f669dde2283054e6,1,,,,,,0.6874761285296171,2.1626341628806167,4.365128550853266,15.73866828586511,0.663052114785855,0.6679719994839232,1.009415325441683,0.22791520816102134,True,oos_control_dominated;oos_lag_stale_dominated,False,False,True,True,"Add(CSRank(trade_quote_volume),ZScore(account_position_divergence))",G:\Project_V7_Rotation\alpha_pit_engine_crypto_20260519\runtime\a7mem0_search_memory_registry_20260628\remote_inputs\a7search4_selected_rows.csv
mem-90ffbe4f28b589a0,A7SEARCH4,selected_or_nearmiss,a7search1_0a6358bb9ce391f0,open_interest|taker_flow,smooth_mul,8,rejected,control_dominated,expr-294dbaf952b14441,skeleton-a95a855a3cfd4559,1,,,,,,2.6288589453343434,0.20733175039161075,9.348519138971668,16.59770867565581,-0.45089891835752094,2.30137652252401,1.0303724305857682,0.23673522154522544,True,oos_nonoverlap_floor_not_positive;oos_control_dominated;oos_lag_stale_dominated,False,False,True,True,"Mul(Delta(open_interest_value_last,120),Decay(taker_buy_sell_volume_ratio_mean,4))",G:\Project_V7_Rotation\alpha_pit_engine_crypto_20260519\runtime\a7mem0_search_memory_registry_20260628\remote_inputs\a7search4_selected_rows.csv
mem-f8cc644e68c26cc4,A7SEARCH4,selected_or_nearmiss,a7search1_311cebe5f84b60ed,open_interest|taker_flow,additive_composite,24,strict_pass,,expr-08dea0383562b11e,skeleton-51f87c69a1e4ad1c,2,,,,,,0.9282679467783026,4.206179605207081,4.958534135754857,12.667583628300484,0.318659423253377,7.4094843693365116,0.9878734662822551,0.009092994835034661,False,,True,True,True,True,"Add(Delta(open_interest_value_mean,240),Delta(kline_taker_buy_quote_share,6))",G:\Project_V7_Rotation\alpha_pit_engine_crypto_20260519\runtime\a7mem0_search_memory_registry_20260628\remote_inputs\a7search4_selected_rows.csv
mem-f48b139770c9598f,A7SEARCH4,selected_or_nearmiss,a7search1_6489ac6e6ff91e90,liquidity|open_interest,spread,8,strict_pass,,expr-101b5a848741ed2f,skeleton-40b595326008ce1b,3,,,,,,2.5957937474206605,0.38940556772231194,8.456564178641221,15.516001651173726,0.004702216479586793,3.15442730836295,1.0401501383313396,0.32112265596686856,False,,True,True,True,True,"Sub(Abs(ZScore(quote_volume_z_168h)),Delta(open_interest_value_mean,120))",G:\Project_V7_Rotation\alpha_pit_engine_crypto_20260519\runtime\a7mem0_search_memory_registry_20260628\remote_inputs\a7search4_selected_rows.csv
mem-c85fe65c32368c00,A7SEARCH4,selected_or_nearmiss,a7search1_368c829b36558870,basis|open_interest,spread,8,rejected,control_dominated,expr-a2a3dabb2a3bf348,skeleton-73f44b3fdf875d58,1,,,,,,3.9207213010119286,2.0597462458370073,3.285465335578797,6.6486622124506365,0.23078263139332508,0.5548075564225782,1.2201015243342477,0.9222688744780503,True,oos_control_dominated;oos_lag_stale_dominated,False,False,True,True,"Sub(Abs(ZScore(mark_trade_basis_bps)),Mean(open_interest_value_change_24h,12))",G:\Project_V7_Rotation\alpha_pit_engine_crypto_20260519\runtime\a7mem0_search_memory_registry_20260628\remote_inputs\a7search4_selected_rows.csv
mem-a471ab1f0c838c79,A7SEARCH4,selected_or_nearmiss,a7search1_6489ac6e6ff91e90,liquidity|open_interest,spread,24,rejected,control_dominated,expr-101b5a848741ed2f,skeleton-40b595326008ce1b,3,,,,,,1.9969928450962502,2.6004487270473833,4.3276498596675275,20.7497278012695,-0.2948466741368785,-0.07515068617149472,0.9934588160986313,0.17332965864546956,True,oos_nonoverlap_floor_not_positive;stress_floor_not_positive;oos_control_dominated;oos_lag_stale_dominated,False,False,True,True,"Sub(Abs(ZScore(quote_volume_z_168h)),Delta(open_interest_value_mean,120))",G:\Project_V7_Rotation\alpha_pit_engine_crypto_20260519\runtime\a7mem0_search_memory_registry_20260628\remote_inputs\a7search4_selected_rows.csv
mem-7991c1fd4f99869a,A7SEARCH4,selected_or_nearmiss,a7search1_43cbf49c58b83227,liquidity|positioning,additive_composite,24,rejected,control_dominated,expr-194f873852169ded,skeleton-9d1ccaa56ae53ecb,1,,,,,,0.1727437396126742,2.387336913877803,13.052388549942084,9.408540533682647,0.5028595754063214,0.3876019034327545,0.9962672290942861,0.06014646504137591,True,oos_control_dominated;oos_lag_stale_dominated,False,False,True,True,"Add(Abs(ZScore(trade_quote_volume)),Decay(global_long_short_account_ratio_last,16))",G:\Project_V7_Rotation\alpha_pit_engine_crypto_20260519\runtime\a7mem0_search_memory_registry_20260628\remote_inputs\a7search4_selected_rows.csv
mem-7b6cc66cc8c95189,A7SEARCH4,selected_or_nearmiss,a7search1_4eb5cb02e35e7b90,open_interest|premium,additive_composite,8,rejected,control_dominated,expr-fe22c61514e02780,skeleton-b2b5d97089e90c87,1,,,,,,3.6836041592478255,2.9760439552031706,3.2735352923692798,4.37201015899622,0.5320559249627277,0.5175441927992571,1.3101997051994987,0.3332707496719085,True,oos_control_dominated;oos_lag_stale_dominated,False,False,True,True,"Add(Decay(open_interest_value_change_24h,12),Delta(premium_close_bps,48))",G:\Project_V7_Rotation\alpha_pit_engine_crypto_20260519\runtime\a7mem0_search_memory_registry_20260628\remote_inputs\a7search4_selected_rows.csv
mem-771d999c088da6b1,A7SEARCH4,selected_or_nearmiss,a7search1_cd6db8b4c8f56b8a,positioning|taker_flow,smooth_mul,8,rejected,control_dominated,expr-3e3bc641a3f672fc,skeleton-fb4470928a5857b3,1,,,,,,0.48330453706732046,3.2555788758945394,3.494105534821061,15.52368826148009,0.8580693635376426,-0.46317264840592687,0.9940553669988259,0.23173337425213825,True,stress_floor_not_positive;oos_control_dominated;oos_lag_stale_dominated,False,False,True,True,"Mul(ZScore(account_position_divergence),Mean(kline_taker_buy_quote_share,168))",G:\Project_V7_Rotation\alpha_pit_engine_crypto_20260519\runtime\a7mem0_search_memory_registry_20260628\remote_inputs\a7search4_selected_rows.csv
mem-ce9f67fc38d3c5b8,A7SEARCH4,selected_or_nearmiss,a7search1_6f1fccd24d841db6,funding_dense|positioning,additive_composite,8,rejected,control_dominated,expr-3ea060a98089371c,skeleton-0efd62ac68151610,1,,,,,,1.116115681631601,1.1889131124676506,3.3536422992078205,5.409538878703337,0.24417522946367662,0.4712053610351345,0.9978008920702007,0.41471197457949577,True,oos_control_dominated;oos_lag_stale_dominated,False,False,True,True,"Add(Decay(funding_rate_delta_state_24h,72),Decay(account_position_divergence,504))",G:\Project_V7_Rotation\alpha_pit_engine_crypto_20260519\runtime\a7mem0_search_memory_registry_20260628\remote_inputs\a7search4_selected_rows.csv
mem-854d3b9c0d559ddb,A7SEARCH4,selected_or_nearmiss,a7search1_ffc512999b650a94,funding_dense|positioning,spread,8,rejected,other_hard_reject,expr-5f00a5afe0904113,skeleton-ba5985e1bc0cffba,1,,,,,,0.09163653492334577,0.46585739764134915,4.065782094939339,15.707514415350925,-0.7044722005985211,-0.21988948470281647,1.0029749213579964,0.042766471923874415,True,oos_nonoverlap_floor_not_positive;stress_floor_not_positive,False,False,True,True,"Sub(Mean(funding_rate_state_last_ffill_8h,96),CSRank(top_long_short_account_ratio_last))",G:\Project_V7_Rotation\alpha_pit_engine_crypto_20260519\runtime\a7mem0_search_memory_registry_20260628\remote_inputs\a7search4_selected_rows.csv
mem-e0172d35a45e9be4,A7SEARCH4,selected_or_nearmiss,a7search1_3d16677134cbe755,open_interest|taker_flow,spread,8,strict_pass,,expr-84b3acc638809a86,skeleton-dee68e6eeec51d13,3,,,,,,2.595833511816182,0.39001301729186544,8.456564178641221,15.516568500650472,0.004702216479586793,3.15442730836295,1.040131479272609,0.21504522197692216,False,,True,True,True,True,"Sub(Delta(open_interest_value_mean,120),ZScore(taker_buy_sell_volume_ratio_last))",G:\Project_V7_Rotation\alpha_pit_engine_crypto_20260519\runtime\a7mem0_search_memory_registry_20260628\remote_inputs\a7search4_selected_rows.csv
mem-af1cd1ce6dedb1f2,A7SEARCH4,selected_or_nearmiss,a7search1_cde3fe57c579f60c,basis|positioning,smooth_mul,8,rejected,control_dominated,expr-153450df5f0bce71,skeleton-fb3d7bd996d38b1e,1,,,,,,1.8680254301226369,3.492097800852103,9.584307398497987,7.726939278676095,1.995003994864168,-0.6202115406290115,1.007009965287803,0.5593131283362001,True,stress_floor_not_positive;oos_control_dominated;oos_lag_stale_dominated,False,False,True,True,"Mul(Decay(mark_trade_basis_bps,240),CSRank(account_position_divergence))",G:\Project_V7_Rotation\alpha_pit_engine_crypto_20260519\runtime\a7mem0_search_memory_registry_20260628\remote_inputs\a7search4_selected_rows.csv
mem-045589b990175a0a,A7SEARCH4,selected_or_nearmiss,a7search1_3d16677134cbe755,open_interest|taker_flow,spread,24,rejected,control_dominated,expr-84b3acc638809a86,skeleton-dee68e6eeec51d13,3,,,,,,1.9968772683885065,2.6004487270473833,4.3276498596675275,20.7497278012695,-0.2948466741368785,-0.07515068617149472,0.9934540339184762,0.03324585984916584,True,oos_nonoverlap_floor_not_positive;stress_floor_not_positive;oos_control_dominated;oos_lag_stale_dominated,False,False,True,True,"Sub(Delta(open_interest_value_mean,120),ZScore(taker_buy_sell_volume_ratio_last))",G:\Project_V7_Rotation\alpha_pit_engine_crypto_20260519\runtime\a7mem0_search_memory_registry_20260628\remote_inputs\a7search4_selected_rows.csv
mem-062de01396e88133,A7SEARCH4,selected_or_nearmiss,a7search1_86099908364c859e,liquidity|positioning,spread,8,rejected,control_dominated,expr-e6edad333d7df02b,skeleton-f24f66de9e61280b,1,,,,,,0.26859466349227734,1.3955372707354066,8.893310840818657,4.123999620608986,-0.4393411593254746,2.0365988905324,1.3380410069923454,0.054206655325949364,True,oos_nonoverlap_floor_not_positive;oos_control_dominated;oos_lag_stale_dominated,False,False,True,True,"Sub(Decay(quote_volume_z_168h,3),ZScore(top_long_short_account_ratio_last))",G:\Project_V7_Rotation\alpha_pit_engine_crypto_20260519\runtime\a7mem0_search_memory_registry_20260628\remote_inputs\a7search4_selected_rows.csv
mem-d9b8f6b3b0747562,A7SEARCH4,selected_or_nearmiss,a7search1_5951786f4a72cbe4,liquidity|positioning,smooth_mul_gated,24,rejected,control_dominated,expr-27183aaf93b271b7,skeleton-7e703179860a08be,1,,,,,,0.19465717971474866,0.9576403194940475,1.5778214383213958,14.35712179823857,-0.2426743910314212,-0.21786432657555055,0.9944011364020664,0.07488055380133088,True,oos_nonoverlap_floor_not_positive;stress_floor_not_positive;oos_control_dominated;oos_lag_stale_dominated,False,False,True,True,"Mul(Mul(Decay(trade_quote_volume,720),CSRank(top_long_short_position_ratio_last)),Sign(TSRank(trade_quote_volume,336)))",G:\Project_V7_Rotation\alpha_pit_engine_crypto_20260519\runtime\a7mem0_search_memory_registry_20260628\remote_inputs\a7search4_selected_rows.csv
mem-c66231ad7221994d,A7SEARCH4,selected_or_nearmiss,a7search1_a1b8a0dfa911d799,funding_dense|positioning,additive_composite_gated,8,rejected,other_hard_reject,expr-753f938ea96d6859,skeleton-e5ae9cbad1aed939,1,,,,,,0.0919340865625285,0.4664856316449726,4.063249779455207,15.706698966831322,-0.7044722005985211,4.5257441066718265,1.0030064539619932,0.04609042836194295,True,oos_nonoverlap_floor_not_positive,False,False,True,True,"Mul(Add(Decay(funding_rate_delta_state_24h,720),ZScore(top_long_short_account_ratio_last)),Sign(CSRank(quote_volume_z_168h)))",G:\Project_V7_Rotation\alpha_pit_engine_crypto_20260519\runtime\a7mem0_search_memory_registry_20260628\remote_inputs\a7search4_selected_rows.csv
mem-e8a63d9f8e68cbaa,A7SEARCH4,selected_or_nearmiss,a7search1_2acf544f6a4721ae,open_interest|taker_flow,additive_composite,8,rejected,control_dominated,expr-9e9d94f2759a3b24,skeleton-4c10da649dae0392,1,,,,,,2.6251577139929956,0.6028400947195596,8.665501000416526,14.96521417231684,-0.7149601953347736,3.2963576380258215,1.030697106795756,0.4296286932649676,True,oos_nonoverlap_floor_not_positive;oos_control_dominated;oos_lag_stale_dominated,False,False,True,True,"Add(Delta(open_interest_value_last,120),Mean(taker_buy_sell_volume_ratio_last,336))",G:\Project_V7_Rotation\alpha_pit_engine_crypto_20260519\runtime\a7mem0_search_memory_registry_20260628\remote_inputs\a7search4_selected_rows.csv
mem-ed0213282c82712d,A7SEARCH4,selected_or_nearmiss,a7search1_8c02b422d94ad210,basis|positioning,safe_div_abs,24,rejected,control_dominated,expr-ce721f3f66cd014e,skeleton-7314e6e19bde0054,1,,,,,,1.8463666296100756,1.7134016848040534,3.2551806516784465,4.622495591486715,-0.7394983251332595,3.150655901585819,0.9906207691201809,0.6033369337547906,True,oos_nonoverlap_floor_not_positive;oos_control_dominated;oos_lag_stale_dominated,False,False,True,True,"SafeDiv(Decay(mark_index_basis_bps,336),Abs(Sign(Delta(top_long_short_position_ratio_last,3))))",G:\Project_V7_Rotation\alpha_pit_engine_crypto_20260519\runtime\a7mem0_search_memory_registry_20260628\remote_inputs\a7search4_selected_rows.csv
mem-8056d670ac3ee08d,A7SEARCH4,selected_or_nearmiss,a7search1_267755055d2a3eba,open_interest|taker_flow,safe_div_abs,8,rejected,control_dominated,expr-57dbabdacf982540,skeleton-7df38c2438a1592e,1,,,,,,2.5586178451268378,1.1460678046101282,1.8164758135530663,4.205483568031765,-0.3143762755832941,1.858612905943612,1.032864670051434,0.2708478797005528,True,oos_nonoverlap_floor_not_positive;oos_control_dominated;oos_lag_stale_dominated,False,False,True,True,"SafeDiv(Abs(ZScore(open_interest_value_mean)),Abs(Mean(kline_taker_buy_quote_share,48)))",G:\Project_V7_Rotation\alpha_pit_engine_crypto_20260519\runtime\a7mem0_search_memory_registry_20260628\remote_inputs\a7search4_selected_rows.csv
mem-e54fb3b3ac3dbbbe,A7SEARCH4,selected_or_nearmiss,a7search1_6b0f76e2cc691e75,funding_dense|positioning,smooth_mul,8,rejected,control_dominated,expr-f8600b316ccde272,skeleton-805cd512c9f020d1,1,,,,,,1.2078296172310234,0.6818138491908851,5.741869601697635,2.357654736816483,-0.7225068922365527,0.9466913175474322,0.9832280417353568,0.21412183404134527,True,oos_nonoverlap_floor_not_positive;oos_control_dominated;oos_lag_stale_dominated,False,False,True,True,"Mul(Decay(funding_rate_update_age_hours,240),Mean(top_long_short_account_ratio_last,120))",G:\Project_V7_Rotation\alpha_pit_engine_crypto_20260519\runtime\a7mem0_search_memory_registry_20260628\remote_inputs\a7search4_selected_rows.csv
mem-da0736d15bc10e65,A7SEARCH4,selected_or_nearmiss,a7search1_f31a64c99d36e65c,liquidity|positioning,safe_div_abs,24,strict_pass,,expr-59ef07927a86d198,skeleton-677127d6451577d5,2,,,,,,0.685708039841556,1.2015974490561767,2.0441451553845322,18.81717997010891,0.19426970532461044,4.862332635796044,0.9877207878929519,0.031401361084459595,False,,True,True,True,True,"SafeDiv(Decay(trade_quote_volume,504),Abs(Decay(account_position_divergence,120)))",G:\Project_V7_Rotation\alpha_pit_engine_crypto_20260519\runtime\a7mem0_search_memory_registry_20260628\remote_inputs\a7search4_selected_rows.csv
mem-8015ef3fe7ae8a40,A7SEARCH4,selected_or_nearmiss,a7search1_52f82dc5cfd4470e,open_interest|taker_flow,additive_composite,8,rejected,control_dominated,expr-14ebd9a3638ce165,skeleton-5becf8fb12f217d0,1,,,,,,2.6251929059776424,0.6028145024174003,8.666007647661278,14.972230199889815,-0.7149601953347736,3.2963576380258215,1.0308596043861686,0.5239742663312341,True,oos_nonoverlap_floor_not_positive;oos_control_dominated;oos_lag_stale_dominated,False,False,True,True,"Add(Delta(open_interest_value_last,120),Decay(taker_buy_sell_volume_ratio_mean,240))",G:\Project_V7_Rotation\alpha_pit_engine_crypto_20260519\runtime\a7mem0_search_memory_registry_20260628\remote_inputs\a7search4_selected_rows.csv
mem-e63ce3d1254088b8,A7SEARCH4,selected_or_nearmiss,a7search1_e496cd6c5c3cc120,open_interest|premium,spread,8,rejected,control_dominated,expr-e409136f88bc4f8e,skeleton-17ee35677bc15f36,1,,,,,,2.6252033288583494,0.6024387658084813,8.665353425708965,14.964827401553833,-0.7148243916848197,3.2963013846287113,1.030686904320413,0.14983809325442152,True,oos_nonoverlap_floor_not_positive;oos_control_dominated;oos_lag_stale_dominated,False,False,True,True,"Sub(Delta(open_interest_value_last,120),CSRank(premium_close_bps))",G:\Project_V7_Rotation\alpha_pit_engine_crypto_20260519\runtime\a7mem0_search_memory_registry_20260628\remote_inputs\a7search4_selected_rows.csv
mem-73a081b20477b494,A7SEARCH4,selected_or_nearmiss,a7search1_2c878dff6305560d,positioning|taker_flow,safe_div_abs,8,rejected,control_dominated,expr-91a94a763c035183,skeleton-91425c3a2f8738cc,1,,,,,,0.4892104738302918,3.4050440196262124,3.555606402003901,13.879365364622629,0.4129768940175933,-0.6074109580571931,0.9776071545672719,0.09958724722291801,True,stress_floor_not_positive;oos_control_dominated;oos_lag_stale_dominated,False,False,True,True,"SafeDiv(Mean(account_position_divergence,16),Abs(Sign(Delta(taker_buy_sell_volume_ratio_last,16))))",G:\Project_V7_Rotation\alpha_pit_engine_crypto_20260519\runtime\a7mem0_search_memory_registry_20260628\remote_inputs\a7search4_selected_rows.csv
mem-8e6ca95c12c77d78,A7SEARCH4,selected_or_nearmiss,a7search1_6520a51f103b5613,basis|positioning,safe_div_abs,8,rejected,control_dominated,expr-55f7957a255ade37,skeleton-692501bf12ae7e96,1,,,,,,0.1262890676837107,1.4390360547905852,4.755400901404117,8.192222636775682,1.2299221021727005,3.565200897727905,1.0915522898030068,0.5358672226038849,True,oos_control_dominated;oos_lag_stale_dominated,False,False,True,True,"SafeDiv(Mean(mark_trade_basis_bps,36),Abs(CSRank(top_long_short_account_ratio_last)))",G:\Project_V7_Rotation\alpha_pit_engine_crypto_20260519\runtime\a7mem0_search_memory_registry_20260628\remote_inputs\a7search4_selected_rows.csv
mem-ca08c2d19a50e7a6,A7SEARCH4,selected_or_nearmiss,a7search1_959fb89e3fd13f6b,liquidity|positioning,additive_composite,8,rejected,control_dominated,expr-1c7f33a8b8fc895a,skeleton-a5a775423efb185f,1,,,,,,0.772563443384467,2.106215993701451,8.418096698906588,8.975721084445045,0.36151432421812396,0.8365536060573892,1.0628270591782856,0.049881968992225516,True,oos_control_dominated;oos_lag_stale_dominated,False,False,True,True,"Add(Abs(ZScore(trade_quote_volume)),CSRank(global_long_short_account_ratio_last))",G:\Project_V7_Rotation\alpha_pit_engine_crypto_20260519\runtime\a7mem0_search_memory_registry_20260628\remote_inputs\a7search4_selected_rows.csv
mem-1d6a6ce05290c182,A7SEARCH4,selected_or_nearmiss,a7search1_6e2b8bd1bfa1a019,open_interest|premium,spread,24,rejected,control_dominated,expr-1cd603227cbc9c01,skeleton-3f38f8035e0eea90,2,,,,,,1.014195983868363,4.2576710589429325,5.011369867961557,12.414965977956218,0.007221933688572964,6.728536417644294,0.9835064625991355,0.012039501409157792,True,oos_control_dominated;oos_lag_stale_dominated,False,False,True,True,"Sub(Delta(open_interest_value_last,240),Abs(ZScore(premium_abs_state)))",G:\Project_V7_Rotation\alpha_pit_engine_crypto_20260519\runtime\a7mem0_search_memory_registry_20260628\remote_inputs\a7search4_selected_rows.csv
mem-26ed11fdf90b3990,A7SEARCH4,selected_or_nearmiss,a7search1_6e2b8bd1bfa1a019,open_interest|premium,spread,8,rejected,control_dominated,expr-1cd603227cbc9c01,skeleton-3f38f8035e0eea90,2,,,,,,1.0550129101602364,0.3461391040234841,6.208198133645103,10.615576523241172,-0.35511446407064473,11.685467391604716,1.0279027260744402,0.0363391515260243,True,oos_nonoverlap_floor_not_positive;oos_control_dominated;oos_lag_stale_dominated,False,False,True,True,"Sub(Delta(open_interest_value_last,240),Abs(ZScore(premium_abs_state)))",G:\Project_V7_Rotation\alpha_pit_engine_crypto_20260519\runtime\a7mem0_search_memory_registry_20260628\remote_inputs\a7search4_selected_rows.csv
mem-e435bb4cf1b798a1,A7SEARCH4,selected_or_nearmiss,a7search1_47da6001641a6e3e,basis|open_interest,spread,24,rejected,control_dominated,expr-efa10bc079a35fea,skeleton-e742de09e8166a7a,1,,,,,,1.5546326801357293,3.787697199300516,3.1771019414376735,3.773356983718243,0.27215966600381997,2.635337407996234,0.9826635144709923,0.7032683524415723,True,oos_control_dominated;oos_lag_stale_dominated,False,False,True,True,"Sub(Mean(mark_index_basis_bps,240),ZScore(open_interest_last))",G:\Project_V7_Rotation\alpha_pit_engine_crypto_20260519\runtime\a7mem0_search_memory_registry_20260628\remote_inputs\a7search4_selected_rows.csv
mem-7ff748d2f01dfa66,A7SEARCH4,selected_or_nearmiss,a7search1_c743fdd0715b00af,basis|open_interest,spread,24,rejected,control_dominated,expr-9a343c84b4237d1b,skeleton-f24f66de9e61280b,1,,,,,,1.3409520496074472,3.105859844387452,3.1801915243718746,4.767225561940464,-0.1135974080785761,3.3310954599741396,0.9930138700853326,0.3202045792065159,True,oos_nonoverlap_floor_not_positive;oos_control_dominated;oos_lag_stale_dominated,False,False,True,True,"Sub(Decay(mark_index_basis_bps,336),ZScore(open_interest_mean))",G:\Project_V7_Rotation\alpha_pit_engine_crypto_20260519\runtime\a7mem0_search_memory_registry_20260628\remote_inputs\a7search4_selected_rows.csv
mem-527db93b6eebeda3,A7SEARCH4,selected_or_nearmiss,a7search1_8fc646ea21744687,open_interest|taker_flow,spread,8,rejected,control_dominated,expr-a844c7aa3970d2c5,skeleton-67af30cc152dc212,1,,,,,,4.439732444730895,2.0484815151099665,5.665125064459769,8.606808790142379,-0.31607373351622464,-0.3849416736871639,1.1364637397051751,0.4377246494097976,True,oos_nonoverlap_floor_not_positive;stress_floor_not_positive;oos_control_dominated;oos_lag_stale_dominated,False,False,True,True,"Sub(Decay(open_interest_value_change_24h,24),Delta(taker_buy_sell_volume_ratio_mean,72))",G:\Project_V7_Rotation\alpha_pit_engine_crypto_20260519\runtime\a7mem0_search_memory_registry_20260628\remote_inputs\a7search4_selected_rows.csv
mem-2cc9b4c19d564a2b,A7SEARCH4,selected_or_nearmiss,a7search1_fcac354ae5b5d12d,positioning|taker_flow,smooth_mul,8,rejected,control_dominated,expr-41b46979d97325be,skeleton-fb4470928a5857b3,1,,,,,,0.5684804677005661,3.211808770096665,4.196738340951665,15.100255346439058,0.8370588134258231,-0.732777578536954,0.9936610611108004,0.1430765410546693,True,stress_floor_not_positive;oos_control_dominated;oos_lag_stale_dominated,False,False,True,True,"Mul(ZScore(account_position_divergence),Mean(taker_buy_sell_volume_ratio_last,48))",G:\Project_V7_Rotation\alpha_pit_engine_crypto_20260519\runtime\a7mem0_search_memory_registry_20260628\remote_inputs\a7search4_selected_rows.csv
mem-e14d434f0a9164e9,A7SEARCH4,selected_or_nearmiss,a7search1_981ae021331b6ea1,open_interest|premium,spread_gated,8,rejected,control_dominated,expr-0c851244a1c37dfa,skeleton-a3dbfecacbc1d22e,1,,,,,,0.43591956497473533,1.6742440302256663,5.249269094342478,12.822108839611602,0.29120023758162283,1.145892052326815,1.0115823994614905,0.05884356755748294,True,oos_control_dominated;oos_lag_stale_dominated,False,False,True,True,"Mul(Sub(Mean(open_interest_value_last,6),Mean(premium_close_bps,96)),Sign(Decay(market_breadth_state,720)))",G:\Project_V7_Rotation\alpha_pit_engine_crypto_20260519\runtime\a7mem0_search_memory_registry_20260628\remote_inputs\a7search4_selected_rows.csv
mem-2785d5ef28fbf371,A7SEARCH4,selected_or_nearmiss,a7search1_eb1ccc409cb3d9c8,liquidity|open_interest,additive_composite,24,rejected,control_dominated,expr-909e30701dca9b86,skeleton-9518dbfa73ba4dcd,1,,,,,,1.2771156293914931,6.2600065302399726,6.328727586400825,15.410173357211857,-0.039608060046022776,2.296060695289079,1.0014842100870316,0.04781712260894245,True,oos_nonoverlap_floor_not_positive;oos_control_dominated;oos_lag_stale_dominated,False,False,True,True,"Add(Mean(trade_quote_volume,8),Delta(open_interest_value_last,240))",G:\Project_V7_Rotation\alpha_pit_engine_crypto_20260519\runtime\a7mem0_search_memory_registry_20260628\remote_inputs\a7search4_selected_rows.csv
mem-0bba5a13b90cbeed,A7SEARCH4,selected_or_nearmiss,a7search1_37a6ee6e9b15c824,liquidity|positioning,additive_composite,8,rejected,control_dominated,expr-46dd01ee61f5ad71,skeleton-ce64926dfc55eaac,1,,,,,,0.987716167050477,2.283256974144744,3.8770742191455807,18.086625094669657,0.6111277925061135,-0.30012060755754977,0.9924704304352143,0.27409159909127556,True,stress_floor_not_positive;oos_control_dominated;oos_lag_stale_dominated,False,False,True,True,"Add(Mean(quote_volume_z_168h,720),Decay(account_position_divergence,12))",G:\Project_V7_Rotation\alpha_pit_engine_crypto_20260519\runtime\a7mem0_search_memory_registry_20260628\remote_inputs\a7search4_selected_rows.csv
mem-26fb68e85ec77e4c,A7SEARCH4,selected_or_nearmiss,a7search1_96dfd944abce6a21,positioning|premium,smooth_mul,24,strict_pass,,expr-8d8ff0f8fa0be523,skeleton-8ce6e6e3b2c45751,3,,,,,,0.678828095625756,3.5896497532068325,4.0444422075358215,13.827187818023711,1.878597434717679,0.015042273179483647,0.9657720733803804,0.012276357618157306,False,,True,True,True,True,"Mul(ZScore(account_position_divergence),Decay(premium_abs_state,96))",G:\Project_V7_Rotation\alpha_pit_engine_crypto_20260519\runtime\a7mem0_search_memory_registry_20260628\remote_inputs\a7search4_selected_rows.csv
mem-639f60040d28fed8,A7SEARCH4,selected_or_nearmiss,a7search1_7cc8cb2996489f22,open_interest|taker_flow,additive_composite_gated,8,rejected,control_dominated,expr-34b3e8fdadef711b,skeleton-e4db43c9cd3089e5,1,,,,,,3.134894231795923,7.231641299860781,9.523497942491847,4.541187242657932,2.7076794569247333,-0.028778331459276867,1.1266200700067708,0.2962249636040074,True,stress_floor_not_positive;oos_control_dominated;oos_lag_stale_dominated,False,False,True,True,"Mul(Add(TSRank(open_interest_value_mean,336),Mean(kline_taker_buy_quote_share,720)),Sign(Mean(trade_quote_volume,16)))",G:\Project_V7_Rotation\alpha_pit_engine_crypto_20260519\runtime\a7mem0_search_memory_registry_20260628\remote_inputs\a7search4_selected_rows.csv
mem-8cde67277effd8fe,A7SEARCH4,selected_or_nearmiss,a7search1_96dfd944abce6a21,positioning|premium,smooth_mul,8,rejected,control_dominated,expr-8d8ff0f8fa0be523,skeleton-8ce6e6e3b2c45751,3,,,,,,0.5907217148958481,2.8691638458743336,3.908781737037762,14.080628843481538,1.2428555139337933,1.804613567038848,0.9817136391514694,0.18416869461441893,True,oos_control_dominated;oos_lag_stale_dominated,False,False,True,True,"Mul(ZScore(account_position_divergence),Decay(premium_abs_state,96))",G:\Project_V7_Rotation\alpha_pit_engine_crypto_20260519\runtime\a7mem0_search_memory_registry_20260628\remote_inputs\a7search4_selected_rows.csv
mem-639b829b200e2b1b,A7SEARCH4,selected_or_nearmiss,a7search1_d57b139f26a1cb98,open_interest|taker_flow,safe_div_abs,8,rejected,control_dominated,expr-cb3da2c8622336b6,skeleton-dc63136227d41afd,1,,,,,,2.6807304225448334,4.765935955294958,3.564171778333212,10.990139946358902,2.2040049225660288,8.732447922035801,1.1081179743011758,0.09666669245406086,True,oos_control_dominated;oos_lag_stale_dominated,False,False,True,True,"SafeDiv(TSRank(open_interest_value_mean,504),Abs(Mean(taker_buy_sell_volume_ratio_mean,4)))",G:\Project_V7_Rotation\alpha_pit_engine_crypto_20260519\runtime\a7mem0_search_memory_registry_20260628\remote_inputs\a7search4_selected_rows.csv
mem-84debd3362eec9d8,A7SEARCH4,selected_or_nearmiss,a7search1_efe04877d420a869,open_interest|premium,additive_composite,24,rejected,control_dominated,expr-31c8624556dced98,skeleton-3aab66d027e1c375,2,,,,,,1.014195983868363,4.2576710589429325,5.011369867961557,12.414965977956218,0.007221933688572964,6.728536417644294,0.9835064625991355,0.1412611562457616,True,oos_control_dominated;oos_lag_stale_dominated,False,False,True,True,"Add(Delta(open_interest_value_last,240),ZScore(premium_close_bps))",G:\Project_V7_Rotation\alpha_pit_engine_crypto_20260519\runtime\a7mem0_search_memory_registry_20260628\remote_inputs\a7search4_selected_rows.csv
mem-29f24f6af4e953dc,A7SEARCH4,selected_or_nearmiss,a7search1_efe04877d420a869,open_interest|premium,additive_composite,8,rejected,control_dominated,expr-31c8624556dced98,skeleton-3aab66d027e1c375,2,,,,,,1.0550141349513602,0.3461391040234841,6.208030861275467,10.615576523241172,-0.3520496094719522,11.685467391604716,1.0279027260744402,0.33695848735031225,True,oos_nonoverlap_floor_not_positive;oos_control_dominated;oos_lag_stale_dominated,False,False,True,True,"Add(Delta(open_interest_value_last,240),ZScore(premium_close_bps))",G:\Project_V7_Rotation\alpha_pit_engine_crypto_20260519\runtime\a7mem0_search_memory_registry_20260628\remote_inputs\a7search4_selected_rows.csv
mem-aa44ac69c6fa873a,A7SEARCH4,selected_or_nearmiss,a7search1_4fdd50c88cf28722,open_interest|premium,safe_div_abs,8,rejected,control_dominated,expr-9afe1c8dd4f0b136,skeleton-5e0f8d47f166d49e,1,,,,,,0.26820523881758773,1.0543480295224728,4.485565802365318,10.81224553268085,-0.5801856882633012,8.854002894765518,0.9954904079259991,0.7116364516039142,True,oos_nonoverlap_floor_not_positive;oos_control_dominated;oos_lag_stale_dominated,False,False,True,True,"SafeDiv(Delta(open_interest_value_last,240),Abs(Decay(premium_close_bps,6)))",G:\Project_V7_Rotation\alpha_pit_engine_crypto_20260519\runtime\a7mem0_search_memory_registry_20260628\remote_inputs\a7search4_selected_rows.csv
mem-afa052fa7ab604a1,A7SEARCH4,selected_or_nearmiss,a7search1_b1f0d4a6ecd4788e,open_interest|taker_flow,spread,8,rejected,control_dominated,expr-9ff42b68bbbe8d7c,skeleton-ba5985e1bc0cffba,1,,,,,,3.9207056433193554,2.0597462458370073,3.285465335578797,6.6486622124506365,0.23078263139332508,0.5550463337085462,1.2201262087556666,0.7896932749662888,True,oos_control_dominated;oos_lag_stale_dominated,False,False,True,True,"Sub(Mean(open_interest_value_change_24h,12),CSRank(kline_taker_buy_quote_share))",G:\Project_V7_Rotation\alpha_pit_engine_crypto_20260519\runtime\a7mem0_search_memory_registry_20260628\remote_inputs\a7search4_selected_rows.csv
mem-62852999739a8ba4,A7SEARCH4,selected_or_nearmiss,a7search1_af219eb7560c5fe9,positioning|taker_flow,safe_div_abs,8,rejected,control_dominated,expr-ee2a87d64d4b310c,skeleton-1469f9f099198bd6,1,,,,,,0.39388482869532493,2.654522217142624,3.827733522902105,12.799517592622514,0.6491343000853743,0.2619674687610229,0.9951061216883745,0.19552482473214253,True,oos_control_dominated;oos_lag_stale_dominated,False,False,True,True,"SafeDiv(ZScore(account_position_divergence),Abs(Decay(taker_buy_sell_volume_ratio_last,504)))",G:\Project_V7_Rotation\alpha_pit_engine_crypto_20260519\runtime\a7mem0_search_memory_registry_20260628\remote_inputs\a7search4_selected_rows.csv
mem-de7a306e489a8935,A7SEARCH4,selected_or_nearmiss,a7search1_d91cb6ddcb9c3935,liquidity|positioning,smooth_mul,8,rejected,control_dominated,expr-3e760ecfb6c18e00,skeleton-1e6af707ca45ce1a,1,,,,,,0.5495247122758521,2.253149477642718,1.0654808593230658,17.334666987896025,-0.6083768486935252,3.946108357995415,0.9856264027478857,0.04733933632333209,True,oos_nonoverlap_floor_not_positive;oos_control_dominated;oos_lag_stale_dominated,False,False,True,True,"Mul(ZScore(trade_quote_volume),CSRank(global_long_short_account_ratio_last))",G:\Project_V7_Rotation\alpha_pit_engine_crypto_20260519\runtime\a7mem0_search_memory_registry_20260628\remote_inputs\a7search4_selected_rows.csv
mem-381ea3bf9814022d,A7SEARCH4,selected_or_nearmiss,a7search1_9f40c97c82ea7b82,liquidity|positioning,additive_composite,8,rejected,control_dominated,expr-abc9a4e1c947a7d5,skeleton-9a2446218c0991db,1,,,,,,0.3908395146590721,1.8308452685485976,8.02552983643032,14.44833917566648,-0.08775613983945237,-0.5807378037788288,1.0131255890711588,0.1883056608929628,True,oos_nonoverlap_floor_not_positive;stress_floor_not_positive;oos_control_dominated;oos_lag_stale_dominated,False,False,True,True,"Add(TSRank(quote_volume_z_168h,504),Decay(account_position_divergence,8))",G:\Project_V7_Rotation\alpha_pit_engine_crypto_20260519\runtime\a7mem0_search_memory_registry_20260628\remote_inputs\a7search4_selected_rows.csv
mem-83930b079fe30200,A7SEARCH4,selected_or_nearmiss,a7search1_66a63617afe7c6d3,open_interest|taker_flow,additive_composite,8,strict_pass,,expr-942ea748a116e368,skeleton-51f87c69a1e4ad1c,3,,,,,,2.634536172682842,0.3885847456818229,8.457413028093558,15.466373313176724,0.004702216479586793,3.1555321198101636,1.0401948673503219,0.39647650525966294,False,,True,True,True,True,"Add(Delta(open_interest_value_mean,120),Delta(taker_buy_sell_volume_ratio_mean,16))",G:\Project_V7_Rotation\alpha_pit_engine_crypto_20260519\runtime\a7mem0_search_memory_registry_20260628\remote_inputs\a7search4_selected_rows.csv
mem-f6e11abe70e9e1ad,A7SEARCH4,selected_or_nearmiss,a7search1_572710e1acf134eb,open_interest|taker_flow,spread,24,rejected,control_dominated,expr-28bff518aa8ae532,skeleton-00f253dd1bed99c8,2,,,,,,1.0309474921737531,4.2576710589429325,5.010684190037228,12.41470043460162,0.007221933688572964,6.728536417644294,0.9835115938214913,0.04739233400712475,True,oos_control_dominated;oos_lag_stale_dominated,False,False,True,True,"Sub(Delta(open_interest_value_last,240),Mean(taker_buy_sell_volume_ratio_last,3))",G:\Project_V7_Rotation\alpha_pit_engine_crypto_20260519\runtime\a7mem0_search_memory_registry_20260628\remote_inputs\a7search4_selected_rows.csv
mem-d9a0af94d9d81b21,A7SEARCH4,selected_or_nearmiss,a7search1_572710e1acf134eb,open_interest|taker_flow,spread,8,rejected,control_dominated,expr-28bff518aa8ae532,skeleton-00f253dd1bed99c8,2,,,,,,1.073036942501191,0.3456113317499752,6.208124281397863,10.614186443067675,-0.3529514846518799,11.685406647998873,1.0279253179232646,0.2852965870532549,True,oos_nonoverlap_floor_not_positive;oos_control_dominated;oos_lag_stale_dominated,False,False,True,True,"Sub(Delta(open_interest_value_last,240),Mean(taker_buy_sell_volume_ratio_last,3))",G:\Project_V7_Rotation\alpha_pit_engine_crypto_20260519\runtime\a7mem0_search_memory_registry_20260628\remote_inputs\a7search4_selected_rows.csv
mem-84c7eeb3af98ea9a,A7SEARCH4,selected_or_nearmiss,a7search1_fc2a8cd2c7bcde37,liquidity|open_interest,safe_div_abs,24,rejected,control_dominated,expr-9efdf09e99b8f6d7,skeleton-677127d6451577d5,1,,,,,,1.0593222252989516,2.085697960428417,7.107169682405247,12.32610858442789,-0.5502743194217015,7.376084318540255,0.9883906344106775,0.07334417586415375,True,oos_nonoverlap_floor_not_positive;oos_control_dominated;oos_lag_stale_dominated,False,False,True,True,"SafeDiv(Decay(trade_quote_volume,504),Abs(Decay(open_interest_value_mean,720)))",G:\Project_V7_Rotation\alpha_pit_engine_crypto_20260519\runtime\a7mem0_search_memory_registry_20260628\remote_inputs\a7search4_selected_rows.csv
mem-f8cc2a187822cfd4,A7SEARCH4,selected_or_nearmiss,a7search1_a732e8ef616427c7,positioning|taker_flow,safe_div_abs_gated,8,rejected,other_hard_reject,expr-efe233286bea0bff,skeleton-63c94d70a0905e73,1,,,,,,0.0849850420022209,0.46585739764134915,4.0659265159695845,15.707438229412983,-0.7044722005985211,4.525678966575855,1.0029760615286287,0.3464424703895009,True,oos_nonoverlap_floor_not_positive,False,False,True,True,"Mul(SafeDiv(ZScore(top_long_short_account_ratio_last),Abs(Sign(Delta(kline_taker_buy_quote_share,168)))),Sign(TSRank(quote_volume_z_168h,504)))",G:\Project_V7_Rotation\alpha_pit_engine_crypto_20260519\runtime\a7mem0_search_memory_registry_20260628\remote_inputs\a7search4_selected_rows.csv
mem-60ff6db87db8bdd7,A7SEARCH4,selected_or_nearmiss,a7search1_298a92be70aa83dd,funding_dense|positioning,spread,8,rejected,control_dominated,expr-26a8e945b47b5711,skeleton-e742de09e8166a7a,1,,,,,,0.5364250775027113,3.237488129652478,3.596729569385886,15.736232782952499,0.8019593888867006,-0.1866086184588478,0.9960780679300983,0.1110563539023917,True,stress_floor_not_positive;oos_control_dominated;oos_lag_stale_dominated,False,False,True,True,"Sub(Mean(funding_rate_delta_state_24h,72),ZScore(account_position_divergence))",G:\Project_V7_Rotation\alpha_pit_engine_crypto_20260519\runtime\a7mem0_search_memory_registry_20260628\remote_inputs\a7search4_selected_rows.csv
mem-a80e266f7c78f418,A7SEARCH4,selected_or_nearmiss,a7search1_66a63617afe7c6d3,open_interest|taker_flow,additive_composite,24,rejected,control_dominated,expr-942ea748a116e368,skeleton-51f87c69a1e4ad1c,3,,,,,,1.972926442319253,2.6004487270473833,4.3276498596675275,20.74834627864424,-0.2948466741368785,-0.07515068617149472,0.9932654600683409,0.05909206102263062,True,oos_nonoverlap_floor_not_positive;stress_floor_not_positive;oos_control_dominated;oos_lag_stale_dominated,False,False,True,True,"Add(Delta(open_interest_value_mean,120),Delta(taker_buy_sell_volume_ratio_mean,16))",G:\Project_V7_Rotation\alpha_pit_engine_crypto_20260519\runtime\a7mem0_search_memory_registry_20260628\remote_inputs\a7search4_selected_rows.csv
mem-86e8afbb53e55c7c,A7SEARCH4,selected_or_nearmiss,a7search1_4f466cede49a2313,funding_dense|positioning,spread,8,rejected,control_dominated,expr-6b3f3ab26b472bd8,skeleton-f5f3e6bf426c8aca,1,,,,,,0.7876616187409302,1.9786029447324047,4.720995059989922,5.921143703309562,1.1106831102553547,-0.7161564291626176,0.9893290583637411,0.6233771302093551,True,stress_floor_not_positive;oos_control_dominated;oos_lag_stale_dominated,False,False,True,True,"Sub(Mean(funding_rate_state_last_ffill_8h,336),Decay(account_position_divergence,240))",G:\Project_V7_Rotation\alpha_pit_engine_crypto_20260519\runtime\a7mem0_search_memory_registry_20260628\remote_inputs\a7search4_selected_rows.csv
mem-bc9af62612ed631a,A7SEARCH4,selected_or_nearmiss,a7search1_a4234f64ce341dcd,basis|open_interest,additive_composite,24,strict_pass,,expr-6cf8372e179a4959,skeleton-2d919dceda7ef6c1,2,,,,,,0.9967563438264592,4.206179605207081,4.958534135754857,12.667583628300484,0.318659423253377,7.4094843693365116,0.987873879179183,0.009652183753348628,False,,True,True,True,True,"Add(TSRank(mark_index_basis_bps,36),Delta(open_interest_value_mean,240))",G:\Project_V7_Rotation\alpha_pit_engine_crypto_20260519\runtime\a7mem0_search_memory_registry_20260628\remote_inputs\a7search4_selected_rows.csv
mem-656b5e7ac93715bb,A7SEARCH4,selected_or_nearmiss,a7search1_4b3d2a1098f9a380,basis|open_interest,additive_composite,24,strict_pass,,expr-f2ecfb4699931dee,skeleton-9518dbfa73ba4dcd,2,,,,,,0.9446108630183228,4.206179605207081,4.958534135754857,12.667583628300484,0.318659423253377,7.4094843693365116,0.987874011896241,0.027920905010153898,False,,True,True,True,True,"Add(Mean(mark_trade_basis_bps,36),Delta(open_interest_value_mean,240))",G:\Project_V7_Rotation\alpha_pit_engine_crypto_20260519\runtime\a7mem0_search_memory_registry_20260628\remote_inputs\a7search4_selected_rows.csv
mem-04b270d4c3868c06,A7SEARCH4,selected_or_nearmiss,a7search1_4b1fd5ea85387c39,open_interest|taker_flow,additive_composite,8,strict_pass,,expr-b24eb1168924db69,skeleton-51f87c69a1e4ad1c,3,,,,,,2.6126408330033963,0.388424279117067,8.457307928547943,15.478193474309508,0.004702216479586793,3.1558428256218223,1.0402524469276793,0.47450250638094665,False,,True,True,True,True,"Add(Delta(open_interest_value_mean,120),Delta(taker_buy_sell_volume_ratio_mean,72))",G:\Project_V7_Rotation\alpha_pit_engine_crypto_20260519\runtime\a7mem0_search_memory_registry_20260628\remote_inputs\a7search4_selected_rows.csv
mem-13ab087f2ce37a82,A7SEARCH4,selected_or_nearmiss,a7search1_d469ff95e149d30b,basis|positioning,safe_div_abs,24,rejected,other_hard_reject,expr-53f669582fc910a3,skeleton-2b8999b49e66c6e9,1,,,,,,1.7609217668914692,3.189359276999701,16.53082928924703,4.873150273408532,0.5772644589846124,-0.20745647226079542,0.9755541438915287,0.3458273310429076,True,stress_floor_not_positive,False,False,True,True,"SafeDiv(Decay(mark_trade_basis_bps,504),Abs(Abs(ZScore(account_position_divergence))))",G:\Project_V7_Rotation\alpha_pit_engine_crypto_20260519\runtime\a7mem0_search_memory_registry_20260628\remote_inputs\a7search4_selected_rows.csv
mem-3617fbe19a7bfd25,A7SEARCH4,selected_or_nearmiss,a7search1_e625bd779b4abbb8,liquidity|positioning,smooth_mul,8,rejected,other_hard_reject,expr-0dfd94b643e50522,skeleton-70bb3c4eb08705b2,1,,,,,,0.16240745985693758,1.4922942057028576,3.699764834490965,16.690721518929106,-0.6867678369712464,3.6291380242378612,0.9871683428245999,0.19042308803601177,True,oos_nonoverlap_floor_not_positive,False,False,True,True,"Mul(Abs(ZScore(trade_quote_volume)),ZScore(top_long_short_account_ratio_last))",G:\Project_V7_Rotation\alpha_pit_engine_crypto_20260519\runtime\a7mem0_search_memory_registry_20260628\remote_inputs\a7search4_selected_rows.csv
mem-3297cdf4b04b0d57,A7SEARCH4,selected_or_nearmiss,a7search1_a356f68340ece195,basis|positioning,smooth_mul,8,rejected,control_dominated,expr-bc9719c034f81dac,skeleton-2d42977c834917c5,1,,,,,,1.8793170750268413,1.2282004719364374,8.726424347374806,8.764711241367262,-0.5292546840783959,6.343655257084995,0.9362860009131431,0.20879402216003315,True,oos_nonoverlap_floor_not_positive;oos_control_dominated;oos_lag_stale_dominated,False,False,True,True,"Mul(Decay(mark_index_basis_bps,96),ZScore(global_long_short_account_ratio_last))",G:\Project_V7_Rotation\alpha_pit_engine_crypto_20260519\runtime\a7mem0_search_memory_registry_20260628\remote_inputs\a7search4_selected_rows.csv
mem-3030f7941f6bde6e,A7SEARCH4,selected_or_nearmiss,a7search1_abe95d94557b998b,positioning|taker_flow,safe_div_abs,8,rejected,other_hard_reject,expr-95f16c153c186622,skeleton-78bfb00a98adff4e,1,,,,,,0.049309574743111866,0.4640008353876395,4.116739225263048,15.43876793558318,-0.6970678857115712,4.611540157210691,1.0026326015838,0.15635471303996573,True,oos_nonoverlap_floor_not_positive,False,False,True,True,"SafeDiv(CSRank(top_long_short_account_ratio_last),Abs(Decay(kline_taker_buy_quote_share,168)))",G:\Project_V7_Rotation\alpha_pit_engine_crypto_20260519\runtime\a7mem0_search_memory_registry_20260628\remote_inputs\a7search4_selected_rows.csv
mem-1c6060cfc80df1cc,A7SEARCH4,selected_or_nearmiss,a7search1_4b1fd5ea85387c39,open_interest|taker_flow,additive_composite,24,rejected,control_dominated,expr-b24eb1168924db69,skeleton-51f87c69a1e4ad1c,3,,,,,,2.086839529302172,2.59724285915104,4.3276498596675275,20.7550661094136,-0.2948466741368785,-0.07515068617149472,0.993330734715229,0.0453296330738328,True,oos_nonoverlap_floor_not_positive;stress_floor_not_positive;oos_control_dominated;oos_lag_stale_dominated,False,False,True,True,"Add(Delta(open_interest_value_mean,120),Delta(taker_buy_sell_volume_ratio_mean,72))",G:\Project_V7_Rotation\alpha_pit_engine_crypto_20260519\runtime\a7mem0_search_memory_registry_20260628\remote_inputs\a7search4_selected_rows.csv
mem-b28432029b83e750,A7SEARCH4,selected_or_nearmiss,a7search1_a605e224503fb63a,positioning|taker_flow,safe_div_abs,8,rejected,control_dominated,expr-4cb165c381ded263,skeleton-91425c3a2f8738cc,1,,,,,,0.5752478890324566,3.4050440196262124,3.555606402003901,13.879365364622629,0.4129768940175933,-0.6074109580571931,0.9776071545672719,0.02935370550214404,True,stress_floor_not_positive;oos_control_dominated;oos_lag_stale_dominated,False,False,True,True,"SafeDiv(Mean(account_position_divergence,16),Abs(Sign(Delta(kline_taker_buy_quote_share,48))))",G:\Project_V7_Rotation\alpha_pit_engine_crypto_20260519\runtime\a7mem0_search_memory_registry_20260628\remote_inputs\a7search4_selected_rows.csv
mem-211159a1237b28f0,A7SEARCH4,selected_or_nearmiss,a7search1_da21e6a4043c5c0e,funding_dense|positioning,spread,8,rejected,other_hard_reject,expr-5f49852f41117630,skeleton-f24f66de9e61280b,1,,,,,,0.08957389721489936,0.4674763722399682,4.076317389435934,15.709418034086674,-0.694408122954881,0.6320509063280503,1.0029388865007824,0.00764485753695436,True,oos_nonoverlap_floor_not_positive,False,False,True,True,"Sub(Decay(funding_rate_state_last_ffill_8h,120),ZScore(top_long_short_account_ratio_last))",G:\Project_V7_Rotation\alpha_pit_engine_crypto_20260519\runtime\a7mem0_search_memory_registry_20260628\remote_inputs\a7search4_selected_rows.csv
mem-50e01b5399937687,A7SEARCH4,selected_or_nearmiss,a7search1_e1d3979967b59c42,basis|open_interest,spread,8,strict_pass,,expr-66c7f34247a55a6a,skeleton-2c761a1d27b69791,3,,,,,,2.647356740646957,0.38794992473065926,8.456564178641221,15.516021628329643,0.004702216479586793,3.15442730836295,1.0401355375891048,0.41098734349208144,False,,True,True,True,True,"Sub(TSRank(mark_index_basis_bps,504),Delta(open_interest_value_mean,120))",G:\Project_V7_Rotation\alpha_pit_engine_crypto_20260519\runtime\a7mem0_search_memory_registry_20260628\remote_inputs\a7search4_selected_rows.csv
mem-f29dcec795c0ce24,A7SEARCH4,selected_or_nearmiss,a7search1_f41552e3e70630b5,basis|positioning,smooth_mul,8,rejected,control_dominated,expr-9dfdb7bf96249702,skeleton-fb3d7bd996d38b1e,1,,,,,,2.639380995845459,1.8341204715898742,5.719400592717242,10.230235842057983,0.02653650666498378,2.788198315187044,0.9757272446468435,0.3080455328533953,True,oos_control_dominated;oos_lag_stale_dominated,False,False,True,True,"Mul(Decay(mark_index_basis_bps,336),CSRank(account_position_divergence))",G:\Project_V7_Rotation\alpha_pit_engine_crypto_20260519\runtime\a7mem0_search_memory_registry_20260628\remote_inputs\a7search4_selected_rows.csv
mem-5dfa58eb34f8b5c5,A7SEARCH4,selected_or_nearmiss,a7search1_b74907d713a50459,open_interest|premium,additive_composite,8,rejected,control_dominated,expr-b49608c8367106e3,skeleton-5ba56e244be625c6,1,,,,,,4.145374805764961,2.045992276833251,5.664564599297009,8.602089672181986,-0.3134831535676616,-0.38519288503382415,1.1368567563778107,0.4264202839355142,True,oos_nonoverlap_floor_not_positive;stress_floor_not_positive;oos_control_dominated;oos_lag_stale_dominated,False,False,True,True,"Add(Decay(open_interest_value_change_24h,24),Abs(ZScore(premium_close_bps)))",G:\Project_V7_Rotation\alpha_pit_engine_crypto_20260519\runtime\a7mem0_search_memory_registry_20260628\remote_inputs\a7search4_selected_rows.csv
mem-9e1dda974bbba882,A7SEARCH4,selected_or_nearmiss,a7search1_e1d3979967b59c42,basis|open_interest,spread,24,rejected,control_dominated,expr-66c7f34247a55a6a,skeleton-2c761a1d27b69791,3,,,,,,2.050042027258507,2.6004487270473833,4.3276498596675275,20.7497278012695,-0.2948466741368785,-0.07515068617149472,0.9934544061092484,0.11569900179400269,True,oos_nonoverlap_floor_not_positive;stress_floor_not_positive;oos_control_dominated;oos_lag_stale_dominated,False,False,True,True,"Sub(TSRank(mark_index_basis_bps,504),Delta(open_interest_value_mean,120))",G:\Project_V7_Rotation\alpha_pit_engine_crypto_20260519\runtime\a7mem0_search_memory_registry_20260628\remote_inputs\a7search4_selected_rows.csv
mem-45f2453a666da351,A7SEARCH4,selected_or_nearmiss,a7search1_7d9d9838de42ce26,positioning|taker_flow,smooth_mul,8,strict_pass,,expr-60d8d1f11cc0caa3,skeleton-8ce6e6e3b2c45751,2,,,,,,0.14998309701948975,1.7195169962965844,4.482736597029978,17.29330709823371,0.333422735748654,5.393880164591996,0.9960052347557838,0.12119632789645156,False,,True,True,True,True,"Mul(ZScore(top_long_short_account_ratio_last),Decay(taker_buy_sell_volume_ratio_mean,240))",G:\Project_V7_Rotation\alpha_pit_engine_crypto_20260519\runtime\a7mem0_search_memory_registry_20260628\remote_inputs\a7search4_selected_rows.csv
mem-7d9fe63f7db244da,A7SEARCH4,selected_or_nearmiss,a7search1_aa6549542bbf04db,open_interest|taker_flow,smooth_mul,24,rejected,other_hard_reject,expr-3bad89a7261022a6,skeleton-a95a855a3cfd4559,1,,,,,,0.9651829361783582,2.510908465442671,3.948079215483743,12.955220821396395,-0.7088117227880535,8.680446697738924,0.9882346788953424,0.2663145260083649,True,oos_nonoverlap_floor_not_positive,False,False,True,True,"Mul(Delta(open_interest_value_mean,240),Decay(taker_buy_sell_volume_ratio_mean,720))",G:\Project_V7_Rotation\alpha_pit_engine_crypto_20260519\runtime\a7mem0_search_memory_registry_20260628\remote_inputs\a7search4_selected_rows.csv
mem-ed7dc9e6196c4d88,A7SEARCH4,selected_or_nearmiss,a7search1_b1e78d082eacaf70,liquidity|open_interest,additive_composite,8,rejected,control_dominated,expr-43ba1831184398ad,skeleton-15e04d96db5bfa7b,1,,,,,,2.277066597846498,2.294079664263495,10.044387062934392,11.920851835323742,0.6808684250888276,2.172983550090614,1.0966646204873671,0.07252224518941183,True,oos_control_dominated;oos_lag_stale_dominated,False,False,True,True,"Add(CSRank(trade_quote_volume),TSRank(open_interest_value_mean,240))",G:\Project_V7_Rotation\alpha_pit_engine_crypto_20260519\runtime\a7mem0_search_memory_registry_20260628\remote_inputs\a7search4_selected_rows.csv
mem-4c1aafc9ccd855f2,A7SEARCH4,selected_or_nearmiss,a7search1_1f64091f666e3381,open_interest|premium,spread,8,rejected,control_dominated,expr-18c920f33b3ed9b0,skeleton-0e0e2e14133685d1,1,,,,,,2.625195613525573,0.6024387658084813,8.665709967228898,14.964827401553833,-0.7148243916848197,3.2963013846287113,1.0306938288544483,0.34961084358680516,True,oos_nonoverlap_floor_not_positive;oos_control_dominated;oos_lag_stale_dominated,False,False,True,True,"Sub(Delta(open_interest_value_last,120),TSRank(premium_abs_state,504))",G:\Project_V7_Rotation\alpha_pit_engine_crypto_20260519\runtime\a7mem0_search_memory_registry_20260628\remote_inputs\a7search4_selected_rows.csv
mem-0c015a74ec62695a,A7SEARCH4,selected_or_nearmiss,a7search1_73c0076df66f2480,positioning|taker_flow,safe_div_abs,8,rejected,other_hard_reject,expr-96cc06c0abe7fa46,skeleton-084b7088d9e0955c,1,,,,,,0.24336004392069344,0.46585739764134915,4.0659265159695845,15.707438229412983,-0.7044722005985211,4.525678966575855,1.0029760615286287,0.048717788673446824,True,oos_nonoverlap_floor_not_positive,False,False,True,True,"SafeDiv(ZScore(top_long_short_account_ratio_last),Abs(Sign(Delta(taker_buy_sell_volume_ratio_mean,120))))",G:\Project_V7_Rotation\alpha_pit_engine_crypto_20260519\runtime\a7mem0_search_memory_registry_20260628\remote_inputs\a7search4_selected_rows.csv
mem-8568b43fb55443f5,A7SEARCH4,selected_or_nearmiss,a7search1_44b1348fbd622bf3,open_interest|premium,safe_div_abs,8,rejected,control_dominated,expr-01956b316f89425c,skeleton-2b8999b49e66c6e9,1,,,,,,2.4708205723165984,1.1448634208444108,1.9762953483202041,4.237463077432915,-0.5790313797903237,-0.017337048540778468,1.3490397340469173,0.9772809498343639,True,oos_nonoverlap_floor_not_positive;stress_floor_not_positive;oos_control_dominated;oos_lag_stale_dominated,False,False,True,True,"SafeDiv(Decay(open_interest_value_change_24h,12),Abs(Abs(ZScore(premium_abs_state))))",G:\Project_V7_Rotation\alpha_pit_engine_crypto_20260519\runtime\a7mem0_search_memory_registry_20260628\remote_inputs\a7search4_selected_rows.csv
mem-fcaee2b11c148e65,A7SEARCH4,selected_or_nearmiss,a7search1_f70b47f4dbe3c114,liquidity|open_interest,additive_composite,24,strict_pass,,expr-f9e73737b1138e85,skeleton-2a48587931282d3a,2,,,,,,0.9446108630183228,4.206179605207081,4.958534135754857,12.667583628300484,0.318659423253377,7.4094843693365116,0.987873879179183,0.1274199784150473,False,,True,True,True,True,"Add(CSRank(trade_quote_volume),Delta(open_interest_value_mean,240))",G:\Project_V7_Rotation\alpha_pit_engine_crypto_20260519\runtime\a7mem0_search_memory_registry_20260628\remote_inputs\a7search4_selected_rows.csv
mem-026050823341da64,A7SEARCH4,selected_or_nearmiss,a7search1_7506a96e429fdbf9,open_interest|premium,safe_div_abs,24,rejected,other_hard_reject,expr-4d74fe13ddde3fed,skeleton-5e0f8d47f166d49e,2,,,,,,2.1141822822410754,3.5097464146307225,4.432358172866663,21.61316254481353,0.506775109278272,-0.06050165699424414,1.004752537258604,0.1264070166568988,True,stress_floor_not_positive,False,False,True,True,"SafeDiv(Delta(open_interest_value_last,120),Abs(Decay(premium_abs_state,504)))",G:\Project_V7_Rotation\alpha_pit_engine_crypto_20260519\runtime\a7mem0_search_memory_registry_20260628\remote_inputs\a7search4_selected_rows.csv
mem-b5feb3b844276dc2,A7SEARCH4,selected_or_nearmiss,a7search1_7506a96e429fdbf9,open_interest|premium,safe_div_abs,8,rejected,control_dominated,expr-4d74fe13ddde3fed,skeleton-5e0f8d47f166d49e,2,,,,,,2.666647655534718,1.2972006469904478,8.744040417614592,11.858643914051482,0.39482258315822794,4.12209809076538,1.0700011933178457,0.5205717631646478,True,oos_control_dominated;oos_lag_stale_dominated,False,False,True,True,"SafeDiv(Delta(open_interest_value_last,120),Abs(Decay(premium_abs_state,504)))",G:\Project_V7_Rotation\alpha_pit_engine_crypto_20260519\runtime\a7mem0_search_memory_registry_20260628\remote_inputs\a7search4_selected_rows.csv
mem-29c08e3152a9383c,A7SEARCH4,selected_or_nearmiss,a7search1_6771b6fd988e6bef,open_interest|premium,additive_composite,8,rejected,control_dominated,expr-0a0d56f3ac70273f,skeleton-9518dbfa73ba4dcd,1,,,,,,3.9283451939741676,2.0613415033268763,3.2908541220953103,6.643103281446292,0.22970970461092802,0.5563735363502802,1.2204614212493106,0.9264305168579717,True,oos_control_dominated;oos_lag_stale_dominated,False,False,True,True,"Add(Mean(open_interest_value_change_24h,12),Delta(premium_abs_state,48))",G:\Project_V7_Rotation\alpha_pit_engine_crypto_20260519\runtime\a7mem0_search_memory_registry_20260628\remote_inputs\a7search4_selected_rows.csv
mem-f48ff26f9359bac8,A7SEARCH4,selected_or_nearmiss,a7search1_8d26c8d52085d2ad,positioning|taker_flow,safe_div_abs,8,rejected,other_hard_reject,expr-9c40509b77d72f3c,skeleton-78bfb00a98adff4e,1,,,,,,0.025441502500022712,0.6667443248237339,3.84907400813923,15.43187645562962,-0.4221199119024979,4.619087863260757,0.9995167599005845,0.06003129757814264,True,oos_nonoverlap_floor_not_positive,False,False,True,True,"SafeDiv(CSRank(top_long_short_account_ratio_last),Abs(Decay(kline_taker_buy_quote_share,48)))",G:\Project_V7_Rotation\alpha_pit_engine_crypto_20260519\runtime\a7mem0_search_memory_registry_20260628\remote_inputs\a7search4_selected_rows.csv
mem-e39d4aa8d80985fe,A7SEARCH4,selected_or_nearmiss,a7search1_c74993535495bcd0,positioning|taker_flow,safe_div_abs,8,rejected,control_dominated,expr-18c226f9bdb664cd,skeleton-677127d6451577d5,1,,,,,,0.295840238416897,4.2752311383063715,4.0256960502748615,14.06072010409053,1.100968522992168,-0.6071160399443222,0.9929235395569036,0.07562284308548334,True,stress_floor_not_positive;oos_control_dominated;oos_lag_stale_dominated,False,False,True,True,"SafeDiv(Decay(account_position_divergence,12),Abs(Decay(taker_buy_sell_volume_ratio_mean,720)))",G:\Project_V7_Rotation\alpha_pit_engine_crypto_20260519\runtime\a7mem0_search_memory_registry_20260628\remote_inputs\a7search4_selected_rows.csv
mem-95d808b254726bfd,A7SEARCH4,selected_or_nearmiss,a7search1_a95e58e00735ede6,positioning|taker_flow,spread,8,rejected,control_dominated,expr-7cfeb8ebb055989c,skeleton-f023bff846b7d4e3,1,,,,,,0.492953820336424,3.221530930179549,3.3351742573371155,15.57653645841798,0.7645738745550883,-0.39897385609309316,0.9969529906355246,0.06262235562104518,True,stress_floor_not_positive;oos_control_dominated;oos_lag_stale_dominated,False,False,True,True,"Sub(CSRank(account_position_divergence),Decay(kline_taker_buy_quote_share,504))",G:\Project_V7_Rotation\alpha_pit_engine_crypto_20260519\runtime\a7mem0_search_memory_registry_20260628\remote_inputs\a7search4_selected_rows.csv
mem-55a89497e842ed0c,A7SEARCH4,selected_or_nearmiss,a7search1_629fb7ade7a5b5f3,open_interest|premium,additive_composite,24,strict_pass,,expr-1e35cf0b729e15ab,skeleton-01b5b94516fb0eba,2,,,,,,0.9446108630183228,4.206179605207081,4.958534135754857,12.667583628300484,0.318659423253377,7.4094843693365116,0.987873879179183,0.015365786944546793,False,,True,True,True,True,"Add(Delta(open_interest_value_mean,240),Sign(Delta(premium_close_bps,36)))",G:\Project_V7_Rotation\alpha_pit_engine_crypto_20260519\runtime\a7mem0_search_memory_registry_20260628\remote_inputs\a7search4_selected_rows.csv
mem-59cefac24d1da6a3,A7SEARCH4,selected_or_nearmiss,a7search1_4914f342f2786a26,liquidity|open_interest,additive_composite,24,rejected,control_dominated,expr-8aac6aa191896e31,skeleton-b1639f0dfa7d87c9,2,,,,,,0.9895191941361473,4.2576710589429325,5.011369867961557,12.414965977956218,0.007221933688572964,6.728536417644294,0.9835064625991355,0.10091758637390284,True,oos_control_dominated;oos_lag_stale_dominated,False,False,True,True,"Add(Abs(ZScore(trade_quote_volume)),Delta(open_interest_value_last,240))",G:\Project_V7_Rotation\alpha_pit_engine_crypto_20260519\runtime\a7mem0_search_memory_registry_20260628\remote_inputs\a7search4_selected_rows.csv
mem-a29e1d1874890dea,A7SEARCH4,selected_or_nearmiss,a7search1_4914f342f2786a26,liquidity|open_interest,additive_composite,8,rejected,control_dominated,expr-8aac6aa191896e31,skeleton-b1639f0dfa7d87c9,2,,,,,,1.0280892674293274,0.3461391040234841,6.208198133645103,10.615576523241172,-0.3520496094719522,11.685467391604716,1.0279027260744402,0.5547410954955933,True,oos_nonoverlap_floor_not_positive;oos_control_dominated;oos_lag_stale_dominated,False,False,True,True,"Add(Abs(ZScore(trade_quote_volume)),Delta(open_interest_value_last,240))",G:\Project_V7_Rotation\alpha_pit_engine_crypto_20260519\runtime\a7mem0_search_memory_registry_20260628\remote_inputs\a7search4_selected_rows.csv
mem-ae7969354316e6de,A7SEARCH4,selected_or_nearmiss,a7search1_59ed360d5e954a88,open_interest|premium,smooth_mul,24,rejected,control_dominated,expr-763d874fba1a23c6,skeleton-e29a029adda15d7b,1,,,,,,1.988834197681513,6.731859991131088,3.0811935148017455,6.049376681916572,0.7886928252713197,2.3516768594851163,1.0323468656767978,0.31796622368087635,True,oos_control_dominated;oos_lag_stale_dominated,False,False,True,True,"Mul(Decay(open_interest_last,16),Decay(premium_close_bps,24))",G:\Project_V7_Rotation\alpha_pit_engine_crypto_20260519\runtime\a7mem0_search_memory_registry_20260628\remote_inputs\a7search4_selected_rows.csv
mem-1f03f8dd4ba686b4,A7SEARCH4,selected_or_nearmiss,a7search1_2455900a679a5664,open_interest|taker_flow,additive_composite,8,rejected,control_dominated,expr-bf1a88a0cd1b8e78,skeleton-5becf8fb12f217d0,1,,,,,,2.62538867130656,0.6028400947195596,8.665501000416526,14.965218254060364,-0.7149601953347736,3.2952735267062336,1.0307123391332182,0.4179187391673496,True,oos_nonoverlap_floor_not_positive;oos_control_dominated;oos_lag_stale_dominated,False,False,True,True,"Add(Delta(open_interest_value_last,120),Decay(taker_buy_sell_volume_ratio_last,120))",G:\Project_V7_Rotation\alpha_pit_engine_crypto_20260519\runtime\a7mem0_search_memory_registry_20260628\remote_inputs\a7search4_selected_rows.csv
mem-26efd0a347e84cec,A7SEARCH4,selected_or_nearmiss,a7search1_cbc735277b4d6cca,open_interest|premium,safe_div_abs,24,rejected,control_dominated,expr-51b30a691d69572e,skeleton-00ae1a76babdf9ac,2,,,,,,0.5933000353908637,3.8157983775421243,4.477719238076023,12.305754188250848,-0.2440146815510576,7.770667319587954,0.9960906704858542,0.038354929613102356,True,oos_nonoverlap_floor_not_positive;oos_control_dominated;oos_lag_stale_dominated,False,False,True,True,"SafeDiv(Delta(open_interest_value_last,240),Abs(Mean(premium_close_bps,336)))",G:\Project_V7_Rotation\alpha_pit_engine_crypto_20260519\runtime\a7mem0_search_memory_registry_20260628\remote_inputs\a7search4_selected_rows.csv
mem-acf1ccddd9ff1ece,A7SEARCH4,selected_or_nearmiss,a7search1_9ceabd16980c876b,positioning|taker_flow,spread,8,rejected,control_dominated,expr-d72e8c86859c2a26,skeleton-c503c7265e75b733,1,,,,,,2.0367880998449666,2.9887105951759905,2.231985452102905,10.611985753126103,0.4303545905306104,3.950137170869186,1.0642042120642667,0.2573761281815035,True,oos_control_dominated;oos_lag_stale_dominated,False,False,True,True,"Sub(Delta(top_global_account_divergence,720),Decay(kline_taker_buy_quote_share,36))",G:\Project_V7_Rotation\alpha_pit_engine_crypto_20260519\runtime\a7mem0_search_memory_registry_20260628\remote_inputs\a7search4_selected_rows.csv
mem-15ea827c8af99dd0,A7SEARCH4,selected_or_nearmiss,a7search1_cbc735277b4d6cca,open_interest|premium,safe_div_abs,8,rejected,control_dominated,expr-51b30a691d69572e,skeleton-00ae1a76babdf9ac,2,,,,,,0.6522361396079989,0.5722340373057431,5.7948339076580915,8.283662871528824,-0.4005898095246596,10.019876793355396,1.0488775868945848,0.382897921346898,True,oos_nonoverlap_floor_not_positive;oos_control_dominated;oos_lag_stale_dominated,False,False,True,True,"SafeDiv(Delta(open_interest_value_last,240),Abs(Mean(premium_close_bps,336)))",G:\Project_V7_Rotation\alpha_pit_engine_crypto_20260519\runtime\a7mem0_search_memory_registry_20260628\remote_inputs\a7search4_selected_rows.csv
mem-7f282df123f33789,A7SEARCH4,selected_or_nearmiss,a7search1_eebc410422893dd9,open_interest|premium,safe_div_abs,8,rejected,control_dominated,expr-e25e46a882bbfe12,skeleton-677127d6451577d5,1,,,,,,3.4033810588169064,6.071417861883471,3.7151904244053284,2.6622265965284493,0.12102100768645001,1.22394591327021,1.475109177665061,0.6006989353913537,True,oos_control_dominated;oos_lag_stale_dominated,False,False,True,True,"SafeDiv(Decay(open_interest_value_change_24h,6),Abs(Decay(premium_abs_state,240)))",G:\Project_V7_Rotation\alpha_pit_engine_crypto_20260519\runtime\a7mem0_search_memory_registry_20260628\remote_inputs\a7search4_selected_rows.csv
mem-828a894e767ce08e,A7SEARCH4,selected_or_nearmiss,a7search1_63743f9db6f1dcee,basis|open_interest,additive_composite,24,rejected,control_dominated,expr-c0124ca7a20aab51,skeleton-45980d21e2cca1c1,1,,,,,,1.9522433154463479,1.5916215527428417,3.256119173987319,5.720944028196918,-0.3836400800683735,2.4186643337778593,0.9929544378866457,0.3262513487741953,True,oos_nonoverlap_floor_not_positive;oos_control_dominated;oos_lag_stale_dominated,False,False,True,True,"Add(Decay(mark_index_basis_bps,240),Sign(Delta(open_interest_value_mean,720)))",G:\Project_V7_Rotation\alpha_pit_engine_crypto_20260519\runtime\a7mem0_search_memory_registry_20260628\remote_inputs\a7search4_selected_rows.csv
mem-62dc738a2c7ad5b3,A7SEARCH4,selected_or_nearmiss,a7search1_068a2859ab1346da,open_interest|premium,smooth_mul,24,strict_pass,,expr-416fec0c836ee1f1,skeleton-e29a029adda15d7b,3,,,,,,1.1405291508059197,6.9448534912225615,2.684165907156439,2.0326692275911915,1.228935023718658,6.330554127992623,0.9766916826766616,0.3465876740566002,False,,True,True,True,True,"Mul(Decay(open_interest_mean,120),Decay(premium_close_bps,720))",G:\Project_V7_Rotation\alpha_pit_engine_crypto_20260519\runtime\a7mem0_search_memory_registry_20260628\remote_inputs\a7search4_selected_rows.csv
mem-fcba5dbaca5559d3,A7SEARCH4,selected_or_nearmiss,a7search1_cb32e718d1c9d506,liquidity|open_interest,additive_composite,24,rejected,control_dominated,expr-ce0b52ada56cc73c,skeleton-2d919dceda7ef6c1,2,,,,,,1.014195983868363,4.2576710589429325,5.011369867961557,12.414965977956218,0.007221933688572964,6.728536417644294,0.9835064625991355,0.14779912217596106,True,oos_control_dominated;oos_lag_stale_dominated,False,False,True,True,"Add(TSRank(quote_volume_z_168h,48),Delta(open_interest_value_last,240))",G:\Project_V7_Rotation\alpha_pit_engine_crypto_20260519\runtime\a7mem0_search_memory_registry_20260628\remote_inputs\a7search4_selected_rows.csv
mem-90b4b2f46fdd13fa,A7SEARCH4,selected_or_nearmiss,a7search1_b60f8ac2ac2cbb84,liquidity|positioning,safe_div_abs,24,rejected,control_dominated,expr-0d130b4c56918aec,skeleton-78bfb00a98adff4e,1,,,,,,0.8195818794402223,3.9942515678442674,11.910787695954927,29.570660709479295,0.8349720682727046,4.9532235701010805,0.9909191618219324,0.04567063016298239,True,oos_control_dominated;oos_lag_stale_dominated,False,False,True,True,"SafeDiv(CSRank(trade_quote_volume),Abs(Decay(account_position_divergence,12)))",G:\Project_V7_Rotation\alpha_pit_engine_crypto_20260519\runtime\a7mem0_search_memory_registry_20260628\remote_inputs\a7search4_selected_rows.csv
mem-46f2087022a5f4ff,A7SEARCH4,selected_or_nearmiss,a7search1_cb32e718d1c9d506,liquidity|open_interest,additive_composite,8,rejected,control_dominated,expr-ce0b52ada56cc73c,skeleton-2d919dceda7ef6c1,2,,,,,,1.0550129101602364,0.3461391040234841,6.208198133645103,10.615576523241172,-0.3520496094719522,11.685467391604716,1.0279027260744402,0.38254561241466284,True,oos_nonoverlap_floor_not_positive;oos_control_dominated;oos_lag_stale_dominated,False,False,True,True,"Add(TSRank(quote_volume_z_168h,48),Delta(open_interest_value_last,240))",G:\Project_V7_Rotation\alpha_pit_engine_crypto_20260519\runtime\a7mem0_search_memory_registry_20260628\remote_inputs\a7search4_selected_rows.csv
mem-f75155d855318fd0,A7SEARCH4,selected_or_nearmiss,a7search1_068a2859ab1346da,open_interest|premium,smooth_mul,8,rejected,control_dominated,expr-416fec0c836ee1f1,skeleton-e29a029adda15d7b,3,,,,,,1.1437207239442468,6.417299555332493,1.2020489230081446,2.743600007069518,0.2769407773517576,7.580790912840874,0.9892769926181171,0.7625802255221532,True,oos_control_dominated;oos_lag_stale_dominated,False,False,True,True,"Mul(Decay(open_interest_mean,120),Decay(premium_close_bps,720))",G:\Project_V7_Rotation\alpha_pit_engine_crypto_20260519\runtime\a7mem0_search_memory_registry_20260628\remote_inputs\a7search4_selected_rows.csv
mem-7d334191dec4cfa8,A7SEARCH4,selected_or_nearmiss,a7search1_94f9c7398df9a978,positioning|taker_flow,spread,8,rejected,other_hard_reject,expr-5dc29f0ceca1b582,skeleton-acb500c300a68e1f,1,,,,,,0.06065195750280375,0.4924518889118041,4.053159301348117,15.902737789410907,-0.6618664194275717,4.417571739593933,1.0022229696904796,0.13925636755257706,True,oos_nonoverlap_floor_not_positive,False,False,True,True,"Sub(ZScore(top_long_short_account_ratio_last),Decay(kline_taker_buy_quote_share,240))",G:\Project_V7_Rotation\alpha_pit_engine_crypto_20260519\runtime\a7mem0_search_memory_registry_20260628\remote_inputs\a7search4_selected_rows.csv
mem-6461c55d78e48e40,A7SEARCH4,selected_or_nearmiss,a7search1_b3ea1eb52ff1466a,basis|open_interest,smooth_mul,8,rejected,control_dominated,expr-497d45b9a220c0e6,skeleton-5c28f9054fd7ade7,1,,,,,,2.0516300900721918,5.516510345244212,11.142756784166334,5.96350926521291,-0.2994898303013356,-0.5371704115176686,1.0560874996745366,0.1840224107120041,True,oos_nonoverlap_floor_not_positive;stress_floor_not_positive;oos_control_dominated;oos_lag_stale_dominated,False,False,True,True,"Mul(Mean(mark_index_basis_bps,96),TSRank(open_interest_value_last,96))",G:\Project_V7_Rotation\alpha_pit_engine_crypto_20260519\runtime\a7mem0_search_memory_registry_20260628\remote_inputs\a7search4_selected_rows.csv
mem-bd65519c82bd3b6f,A7SEARCH4,selected_or_nearmiss,a7search1_4a37d360123436f4,basis|positioning,additive_composite,24,rejected,control_dominated,expr-6184f201bd8c718a,skeleton-b2b5d97089e90c87,1,,,,,,1.500821782144151,1.9908952457200324,3.1507134605065783,4.1755282485471135,-0.33667893055794756,0.5000184816671073,1.118486162039371,0.5133292411599123,True,oos_nonoverlap_floor_not_positive;oos_control_dominated;oos_lag_stale_dominated,False,False,True,True,"Add(Decay(mark_index_basis_bps,24),Delta(top_long_short_position_ratio_last,96))",G:\Project_V7_Rotation\alpha_pit_engine_crypto_20260519\runtime\a7mem0_search_memory_registry_20260628\remote_inputs\a7search4_selected_rows.csv
mem-4e52912b8337781a,A7SEARCH4,selected_or_nearmiss,a7search1_e9a170543dca37cb,basis|open_interest,smooth_mul_gated,8,rejected,control_dominated,expr-ab671c36b3a5d69a,skeleton-2e766fa410075548,1,,,,,,0.24789713280482586,1.7854509886657943,5.133763014127009,1.0941966896052682,-0.6930929387773607,-0.07687299849984099,4.003105748010715,0.9702403737553563,True,oos_nonoverlap_floor_not_positive;stress_floor_not_positive;oos_control_dominated;oos_lag_stale_dominated,False,False,True,True,"Mul(Mul(Decay(mark_index_basis_bps,8),Decay(open_interest_value_change_24h,12)),Sign(TSRank(trade_quote_volume,240)))",G:\Project_V7_Rotation\alpha_pit_engine_crypto_20260519\runtime\a7mem0_search_memory_registry_20260628\remote_inputs\a7search4_selected_rows.csv
mem-efe5a4d598bc18b5,A7SEARCH4,selected_or_nearmiss,a7search1_e90bdcbb91534f21,basis|open_interest,additive_composite,8,rejected,control_dominated,expr-4848422eb9a78631,skeleton-9a2446218c0991db,1,,,,,,3.4117435365675806,3.8554383181804064,2.904813079024943,2.0029619397794285,0.4603791919456904,0.531253091502065,1.5354436830854152,0.9725721375017125,True,oos_control_dominated;oos_lag_stale_dominated,False,False,True,True,"Add(TSRank(mark_index_basis_bps,240),Decay(open_interest_value_change_24h,8))",G:\Project_V7_Rotation\alpha_pit_engine_crypto_20260519\runtime\a7mem0_search_memory_registry_20260628\remote_inputs\a7search4_selected_rows.csv
mem-2bc15c865f74deba,A7SEARCH4,selected_or_nearmiss,a7search1_bac455c85e70ea46,basis|positioning,spread,24,rejected,control_dominated,expr-4ce80fbe353dcb2a,skeleton-e3a5d54a138fa2b2,1,,,,,,2.1751108267413626,2.0559800608509953,3.2899185986402384,4.641150181450658,-0.49048533844114467,2.5080580582501986,0.989308933054494,0.6261303279557069,True,oos_nonoverlap_floor_not_positive;oos_control_dominated;oos_lag_stale_dominated,False,False,True,True,"Sub(Decay(mark_index_basis_bps,336),CSRank(top_long_short_position_ratio_last))",G:\Project_V7_Rotation\alpha_pit_engine_crypto_20260519\runtime\a7mem0_search_memory_registry_20260628\remote_inputs\a7search4_selected_rows.csv
mem-36f1037b2c66181c,A7SEARCH4,selected_or_nearmiss,a7search1_72d2ba8ab1e1ceb5,basis|open_interest,additive_composite,8,rejected,control_dominated,expr-bf7292a8e1982bb1,skeleton-51f87c69a1e4ad1c,1,,,,,,2.397563838492995,0.601856815478169,8.667899580894339,14.970841079254619,-0.7144062562423431,3.2988201196992653,1.030674966654597,0.3336219085787155,True,oos_nonoverlap_floor_not_positive;oos_control_dominated;oos_lag_stale_dominated,False,False,True,True,"Add(Delta(mark_index_basis_bps,168),Delta(open_interest_value_last,120))",G:\Project_V7_Rotation\alpha_pit_engine_crypto_20260519\runtime\a7mem0_search_memory_registry_20260628\remote_inputs\a7search4_selected_rows.csv
mem-7d82accd843871bf,A7SEARCH4,selected_or_nearmiss,a7search1_7a81585720899bb8,basis|positioning,safe_div_abs_gated,24,strict_pass,,expr-971776cb3c19ff6d,skeleton-33ec088cb9b28bdb,3,,,,,,2.744799358279943,4.696449546937649,17.758177612042765,10.414196829973271,2.8686834174757037,3.159366564750951,0.9896467883407984,0.09762081882767433,False,,True,True,True,True,"Mul(SafeDiv(Decay(mark_index_basis_bps,240),Abs(Decay(account_position_divergence,120))),Sign(Decay(trade_quote_volume,336)))",G:\Project_V7_Rotation\alpha_pit_engine_crypto_20260519\runtime\a7mem0_search_memory_registry_20260628\remote_inputs\a7search4_selected_rows.csv
mem-fe15e7c0558e8452,A7SEARCH4,selected_or_nearmiss,a7search1_93a23e26826fb3ce,open_interest|taker_flow,additive_composite,8,strict_pass,,expr-023e0d8cc36c4853,skeleton-4c10da649dae0392,3,,,,,,2.5959230209230366,0.3895386629054578,8.456564178641221,15.516021628329643,0.004702216479586793,3.15442730836295,1.0401350019969915,0.21509414111770042,False,,True,True,True,True,"Add(Delta(open_interest_value_mean,120),Mean(kline_taker_buy_quote_share,12))",G:\Project_V7_Rotation\alpha_pit_engine_crypto_20260519\runtime\a7mem0_search_memory_registry_20260628\remote_inputs\a7search4_selected_rows.csv
mem-899516e05a2f5872,A7SEARCH4,selected_or_nearmiss,a7search1_7a81585720899bb8,basis|positioning,safe_div_abs_gated,8,rejected,control_dominated,expr-971776cb3c19ff6d,skeleton-33ec088cb9b28bdb,3,,,,,,2.58460779534363,5.334306429525386,14.849117547383486,9.020396290767549,3.8423224223722987,5.335096507435836,1.0029950330596555,0.6439111284707588,True,oos_control_dominated;oos_lag_stale_dominated,False,False,True,True,"Mul(SafeDiv(Decay(mark_index_basis_bps,240),Abs(Decay(account_position_divergence,120))),Sign(Decay(trade_quote_volume,336)))",G:\Project_V7_Rotation\alpha_pit_engine_crypto_20260519\runtime\a7mem0_search_memory_registry_20260628\remote_inputs\a7search4_selected_rows.csv
mem-b3a2e02cc871799b,A7SEARCH4,selected_or_nearmiss,a7search1_e1aadfd52dc1251a,open_interest|premium,smooth_mul,24,rejected,control_dominated,expr-e595026dade927a1,skeleton-e29a029adda15d7b,2,,,,,,2.405735019135707,6.572627026634327,2.7901801997095603,6.065543662840909,1.5503016434007018,5.482650858527626,0.9773451803670256,0.24378864424521565,True,oos_control_dominated;oos_lag_stale_dominated,False,False,True,True,"Mul(Decay(open_interest_mean,4),Decay(premium_close_bps,168))",G:\Project_V7_Rotation\alpha_pit_engine_crypto_20260519\runtime\a7mem0_search_memory_registry_20260628\remote_inputs\a7search4_selected_rows.csv
mem-50f573c98449094d,A7SEARCH4,selected_or_nearmiss,a7search1_e1aadfd52dc1251a,open_interest|premium,smooth_mul,8,rejected,control_dominated,expr-e595026dade927a1,skeleton-e29a029adda15d7b,2,,,,,,2.1814832923535405,5.836501547692935,1.324661187474572,7.176308009453795,0.21741365517702804,8.979511795745676,1.0195954348774467,0.8126818431065315,True,oos_control_dominated;oos_lag_stale_dominated,False,False,True,True,"Mul(Decay(open_interest_mean,4),Decay(premium_close_bps,168))",G:\Project_V7_Rotation\alpha_pit_engine_crypto_20260519\runtime\a7mem0_search_memory_registry_20260628\remote_inputs\a7search4_selected_rows.csv
mem-ebc6871de7755fdd,A7SEARCH4,selected_or_nearmiss,a7search1_e01df4acd0f7eae0,open_interest|taker_flow,smooth_mul,8,rejected,control_dominated,expr-3a9ba08cc82be754,skeleton-a95a855a3cfd4559,1,,,,,,0.9811415476533535,0.28406357073828004,6.447825943618872,10.636734874030537,-0.40386352036759277,11.502822445470551,1.02900944310202,0.20777836154244092,True,oos_nonoverlap_floor_not_positive;oos_control_dominated;oos_lag_stale_dominated,False,False,True,True,"Mul(Delta(open_interest_value_last,240),Decay(kline_taker_buy_quote_share,24))",G:\Project_V7_Rotation\alpha_pit_engine_crypto_20260519\runtime\a7mem0_search_memory_registry_20260628\remote_inputs\a7search4_selected_rows.csv
mem-82a9619dce60f860,A7SEARCH4,selected_or_nearmiss,a7search1_0e8d3a0650041d47,open_interest|premium,spread,8,rejected,control_dominated,expr-d0936984da1ae7ce,skeleton-bdd2b784d74ebf71,1,,,,,,3.9206946732894155,2.0594168932422803,3.288697539373989,6.649036711550969,0.23078263139332508,0.55584762563893,1.2201677000910476,0.5726646486315158,True,oos_control_dominated;oos_lag_stale_dominated,False,False,True,True,"Sub(Mean(open_interest_value_change_24h,12),Mean(premium_close_bps,3))",G:\Project_V7_Rotation\alpha_pit_engine_crypto_20260519\runtime\a7mem0_search_memory_registry_20260628\remote_inputs\a7search4_selected_rows.csv
mem-64f648b4fedcb309,A7SEARCH4,selected_or_nearmiss,a7search1_9406261f935fa489,open_interest|taker_flow,spread,8,rejected,control_dominated,expr-d66ee0df511ece51,skeleton-bdd2b784d74ebf71,1,,,,,,3.928256879409583,1.747770664549201,4.54906793127404,9.70266177033893,-0.3422306423236818,0.5541038974506126,1.1232009116114086,0.2524149491480214,True,oos_nonoverlap_floor_not_positive;oos_control_dominated;oos_lag_stale_dominated,False,False,True,True,"Sub(Mean(open_interest_value_change_24h,16),Mean(taker_buy_sell_volume_ratio_last,48))",G:\Project_V7_Rotation\alpha_pit_engine_crypto_20260519\runtime\a7mem0_search_memory_registry_20260628\remote_inputs\a7search4_selected_rows.csv
mem-8cc84f38ddaa97f2,A7SEARCH4,selected_or_nearmiss,a7search1_7d6c2adaf5708875,positioning|taker_flow,spread,8,rejected,other_hard_reject,expr-fcbd4637dc7893c8,skeleton-96d37f4f56573af6,1,,,,,,0.09235503436319331,0.6173277552496302,3.9353158098920242,15.71315300761166,-0.5718604932667648,4.064023787456679,1.0012257537196327,0.2626979600747819,True,oos_nonoverlap_floor_not_positive,False,False,True,True,"Sub(ZScore(top_long_short_account_ratio_last),Mean(kline_taker_buy_quote_share,3))",G:\Project_V7_Rotation\alpha_pit_engine_crypto_20260519\runtime\a7mem0_search_memory_registry_20260628\remote_inputs\a7search4_selected_rows.csv
mem-1a4d88f214b861e4,A7SEARCH4,selected_or_nearmiss,a7search1_7136be23552a8417,basis|open_interest,additive_composite,24,rejected,control_dominated,expr-765925bc46757ba4,skeleton-5ba56e244be625c6,1,,,,,,2.567698997240935,2.3001782818886944,3.3110831759531685,4.618421934764777,-0.46725205050455415,3.122645352753603,0.9909322415877826,0.07581953869715503,True,oos_nonoverlap_floor_not_positive;oos_control_dominated;oos_lag_stale_dominated,False,False,True,True,"Add(Decay(mark_index_basis_bps,336),Abs(ZScore(open_interest_value_last)))",G:\Project_V7_Rotation\alpha_pit_engine_crypto_20260519\runtime\a7mem0_search_memory_registry_20260628\remote_inputs\a7search4_selected_rows.csv
mem-aa26e3cb2d31a291,A7SEARCH4,selected_or_nearmiss,a7search1_78cadf22f8dd6096,positioning|taker_flow,safe_div_abs,8,rejected,control_dominated,expr-74cfdd3bc7277a32,skeleton-582da8da4ef0dfdb,1,,,,,,0.5374201790970203,3.236003339270629,3.6025284758931493,15.715507211810973,0.8240694117737289,-0.4455581975052572,0.9960687253768027,0.2155390106066017,True,stress_floor_not_positive;oos_control_dominated;oos_lag_stale_dominated,False,False,True,True,"SafeDiv(CSRank(account_position_divergence),Abs(Sign(Delta(kline_taker_buy_quote_share,12))))",G:\Project_V7_Rotation\alpha_pit_engine_crypto_20260519\runtime\a7mem0_search_memory_registry_20260628\remote_inputs\a7search4_selected_rows.csv
mem-599a7b34cb606b33,A7SEARCH4,selected_or_nearmiss,a7search1_baca21b52be0359b,basis|positioning,smooth_mul,8,rejected,control_dominated,expr-8ce1add1ac27f4c2,skeleton-2d42977c834917c5,1,,,,,,0.8171286392607834,2.8485835372153225,4.782622256268949,3.0739360633290325,1.289756331080794,0.51087226634125,1.095457071525102,0.8377235186865638,True,oos_control_dominated;oos_lag_stale_dominated,False,False,True,True,"Mul(Decay(mark_trade_basis_bps,168),ZScore(account_position_divergence))",G:\Project_V7_Rotation\alpha_pit_engine_crypto_20260519\runtime\a7mem0_search_memory_registry_20260628\remote_inputs\a7search4_selected_rows.csv
mem-cabb48f5d34fc01e,A7SEARCH4,selected_or_nearmiss,a7search1_93a23e26826fb3ce,open_interest|taker_flow,additive_composite,24,rejected,control_dominated,expr-023e0d8cc36c4853,skeleton-4c10da649dae0392,3,,,,,,1.9968772683885065,2.6004487270473833,4.3276498596675275,20.7497278012695,-0.2948466741368785,-0.07515068617149472,0.9934550525689235,0.03323886057291032,True,oos_nonoverlap_floor_not_positive;stress_floor_not_positive;oos_control_dominated;oos_lag_stale_dominated,False,False,True,True,"Add(Delta(open_interest_value_mean,120),Mean(kline_taker_buy_quote_share,12))",G:\Project_V7_Rotation\alpha_pit_engine_crypto_20260519\runtime\a7mem0_search_memory_registry_20260628\remote_inputs\a7search4_selected_rows.csv
mem-d9ad7c4f3670bff6,A7SEARCH4,selected_or_nearmiss,a7search1_cd6959329997115a,positioning|premium,safe_div_abs,24,rejected,control_dominated,expr-f7d09a23979c38a0,skeleton-7df38c2438a1592e,1,,,,,,0.18650316073107254,2.0069698228133843,8.721769308188644,8.457558740822485,-0.5504218873584572,4.3277911562417675,0.988613068049399,0.03090923636523415,True,oos_nonoverlap_floor_not_positive;oos_control_dominated;oos_lag_stale_dominated,False,False,True,True,"SafeDiv(Abs(ZScore(account_position_divergence)),Abs(Mean(premium_abs_state,12)))",G:\Project_V7_Rotation\alpha_pit_engine_crypto_20260519\runtime\a7mem0_search_memory_registry_20260628\remote_inputs\a7search4_selected_rows.csv
mem-a720acf0a8143a9f,A7SEARCH4,selected_or_nearmiss,a7search1_5b72f31a47715d8f,open_interest|taker_flow,safe_div_abs,8,rejected,control_dominated,expr-7cf25a37ab845034,skeleton-62a53b4c4fcf3315,1,,,,,,0.21783538629156235,5.387320849184526,-0.224314683686953,1.084168606761014,-0.7148935551747863,4.795150348264974,1.1330120052151198,0.8786439701512663,True,oos_nonoverlap_floor_not_positive;oos_control_dominated;oos_lag_stale_dominated;oos_net_mean_not_all_positive,False,False,True,True,"SafeDiv(Abs(ZScore(open_interest_last)),Abs(Sign(Delta(taker_buy_sell_volume_ratio_mean,72))))",G:\Project_V7_Rotation\alpha_pit_engine_crypto_20260519\runtime\a7mem0_search_memory_registry_20260628\remote_inputs\a7search4_selected_rows.csv
mem-b027466ae0695ab4,A7SEARCH4,selected_or_nearmiss,a7search1_17f6e31b9d7087fd,open_interest|taker_flow,safe_div_abs,24,rejected,control_dominated,expr-ab883159cbf7d031,skeleton-c6f0de8338c568ef,1,,,,,,2.9195430956021795,5.730805835115401,4.280644912679523,22.29267807623021,-0.4100057135897447,2.144254730047516,0.9912463410169015,0.02926607359057909,True,oos_nonoverlap_floor_not_positive;oos_control_dominated;oos_lag_stale_dominated,False,False,True,True,"SafeDiv(TSRank(open_interest_value_last,504),Abs(Decay(taker_buy_sell_volume_ratio_last,48)))",G:\Project_V7_Rotation\alpha_pit_engine_crypto_20260519\runtime\a7mem0_search_memory_registry_20260628\remote_inputs\a7search4_selected_rows.csv
mem-949fbdb4b759e873,A7SEARCH4,selected_or_nearmiss,a7search1_979a299b14cd82c6,positioning|taker_flow,safe_div_abs,8,rejected,other_hard_reject,expr-daa395a4e1639360,skeleton-084b7088d9e0955c,1,,,,,,0.0717752795986222,0.46585739764134915,4.0659265159695845,15.707438229412983,-0.7044722005985211,4.525678966575855,1.0029760615286287,0.28367780889233196,True,oos_nonoverlap_floor_not_positive,False,False,True,True,"SafeDiv(ZScore(top_long_short_account_ratio_last),Abs(Sign(Delta(taker_buy_sell_volume_ratio_mean,48))))",G:\Project_V7_Rotation\alpha_pit_engine_crypto_20260519\runtime\a7mem0_search_memory_registry_20260628\remote_inputs\a7search4_selected_rows.csv
mem-0c6cd68e46e08ff4,A7SEARCH4,selected_or_nearmiss,a7search1_d0aad89c105ab572,positioning|taker_flow,spread,8,rejected,control_dominated,expr-1baf33674b65f827,skeleton-d4514d525ee0b200,1,,,,,,0.5361425860587935,3.0066181947675874,4.190981389985274,16.546808371026096,1.2709542858074614,-0.282209330457725,0.9923326183331961,0.3519883368010157,True,stress_floor_not_positive;oos_control_dominated;oos_lag_stale_dominated,False,False,True,True,"Sub(CSRank(account_position_divergence),Mean(kline_taker_buy_quote_share,16))",G:\Project_V7_Rotation\alpha_pit_engine_crypto_20260519\runtime\a7mem0_search_memory_registry_20260628\remote_inputs\a7search4_selected_rows.csv
mem-d7eea144eb621270,A7SEARCH4,selected_or_nearmiss,a7search1_1d794c3439fff1f1,funding_dense|positioning,smooth_mul,8,rejected,control_dominated,expr-9ec1357d23c21dd3,skeleton-90d014e2e6c7e4cb,1,,,,,,1.0253565179295658,0.5431347257036141,4.142906932038655,3.907763602244089,-0.49697787312141933,3.282569599684548,0.9975632969762759,0.12359269151500148,True,oos_nonoverlap_floor_not_positive;oos_control_dominated;oos_lag_stale_dominated,False,False,True,True,"Mul(Mean(funding_rate_update_age_hours,504),Decay(top_long_short_account_ratio_last,120))",G:\Project_V7_Rotation\alpha_pit_engine_crypto_20260519\runtime\a7mem0_search_memory_registry_20260628\remote_inputs\a7search4_selected_rows.csv
mem-3a8391ed342270f3,A7SEARCH4,selected_or_nearmiss,a7search1_39cf2b1f7a2a8a05,liquidity|positioning,spread,8,rejected,control_dominated,expr-9a15730d6287f731,skeleton-f24f66de9e61280b,1,,,,,,0.7397022551497607,0.356438559391013,6.079463433874222,14.267757160728056,-0.6498032246344222,0.9476414915786162,1.0622235181369815,0.05991885512469964,True,oos_nonoverlap_floor_not_positive;oos_control_dominated;oos_lag_stale_dominated,False,False,True,True,"Sub(Decay(quote_volume_z_168h,36),ZScore(top_long_short_account_ratio_last))",G:\Project_V7_Rotation\alpha_pit_engine_crypto_20260519\runtime\a7mem0_search_memory_registry_20260628\remote_inputs\a7search4_selected_rows.csv
mem-42f72a1b3b626bfa,A7SEARCH4,selected_or_nearmiss,a7search1_4fe2ba7c32485a1f,liquidity|open_interest,spread,24,strict_pass,,expr-15f4298450135227,skeleton-6782a3c619c21840,2,,,,,,0.9446108630183228,4.206179605207081,4.958534135754857,12.667583628300484,0.318659423253377,7.4149648502729,0.987873879179183,0.06616715030661113,False,,True,True,True,True,"Sub(Sign(Delta(trade_quote_volume,120)),Delta(open_interest_value_mean,240))",G:\Project_V7_Rotation\alpha_pit_engine_crypto_20260519\runtime\a7mem0_search_memory_registry_20260628\remote_inputs\a7search4_selected_rows.csv
mem-3553eb88edf03e6c,A7SEARCH4,selected_or_nearmiss,a7search1_0c8ee3caac3e3b8b,open_interest|taker_flow,additive_composite,8,rejected,control_dominated,expr-e9145de4dcd7f95e,skeleton-45980d21e2cca1c1,1,,,,,,3.9604187398663253,2.978225436886494,3.276967812341816,4.371715398908066,0.5329139095461496,0.518969997848527,1.3101746913162,0.6838179910270078,True,oos_control_dominated;oos_lag_stale_dominated,False,False,True,True,"Add(Decay(open_interest_value_change_24h,12),Sign(Delta(kline_taker_buy_quote_share,336)))",G:\Project_V7_Rotation\alpha_pit_engine_crypto_20260519\runtime\a7mem0_search_memory_registry_20260628\remote_inputs\a7search4_selected_rows.csv
mem-ab27dfab8321ad0a,A7SEARCH4,selected_or_nearmiss,a7search1_048e2d7acaa5c977,open_interest|taker_flow,spread,8,rejected,control_dominated,expr-04d234932fe0ffc4,skeleton-f24f66de9e61280b,1,,,,,,4.142872791177352,2.047313482473248,5.664158914518519,8.60021755615779,-0.31292355994111126,-0.3857678539005637,1.1368676205459984,0.4394804886873725,True,oos_nonoverlap_floor_not_positive;stress_floor_not_positive;oos_control_dominated;oos_lag_stale_dominated,False,False,True,True,"Sub(Decay(open_interest_value_change_24h,24),ZScore(kline_taker_buy_quote_share))",G:\Project_V7_Rotation\alpha_pit_engine_crypto_20260519\runtime\a7mem0_search_memory_registry_20260628\remote_inputs\a7search4_selected_rows.csv
mem-878eb3726c9afe67,A7SEARCH4,selected_or_nearmiss,a7search1_c78646aa152b64ac,basis|positioning,spread,8,rejected,other_hard_reject,expr-1dc67ac9e30e94d7,skeleton-e742de09e8166a7a,1,,,,,,1.7940465928086113,0.8799412933136732,10.30503901647776,6.530106665065116,-0.5051047868155578,0.5086214027204939,1.0352441283970304,0.5923244831292116,True,oos_nonoverlap_floor_not_positive,False,False,True,True,"Sub(Mean(mark_trade_basis_bps,168),ZScore(top_long_short_account_ratio_last))",G:\Project_V7_Rotation\alpha_pit_engine_crypto_20260519\runtime\a7mem0_search_memory_registry_20260628\remote_inputs\a7search4_selected_rows.csv
mem-0b933610393597dc,A7SEARCH4,selected_or_nearmiss,a7search1_932ef19cc0418d76,basis|open_interest,spread,24,strict_pass,,expr-9f31bb396c7a8b44,skeleton-aee02eb8c6122850,2,,,,,,0.9972601249337234,4.206179605207081,4.958534135754857,12.667583628300484,0.318659423253377,7.4149648502729,0.9878734662822551,0.24373140438047833,False,,True,True,True,True,"Sub(CSRank(mark_index_basis_bps),Delta(open_interest_value_mean,240))",G:\Project_V7_Rotation\alpha_pit_engine_crypto_20260519\runtime\a7mem0_search_memory_registry_20260628\remote_inputs\a7search4_selected_rows.csv
mem-296326a8c05b91bc,A7SEARCH4,selected_or_nearmiss,a7search1_3b7486c1e12003f2,liquidity|open_interest,additive_composite,8,strict_pass,,expr-a95f700b79124ef6,skeleton-1915efa598604387,3,,,,,,2.595790475039389,0.388424279117067,8.456564178641221,15.516021628329643,0.004702216479586793,3.15442730836295,1.0401408862470047,0.2261461527633167,False,,True,True,True,True,"Add(ZScore(quote_volume_z_168h),Delta(open_interest_value_mean,120))",G:\Project_V7_Rotation\alpha_pit_engine_crypto_20260519\runtime\a7mem0_search_memory_registry_20260628\remote_inputs\a7search4_selected_rows.csv
mem-11309e92d17b5edd,A7SEARCH4,selected_or_nearmiss,a7search1_e07618c26469c9d8,funding_dense|open_interest,spread,8,rejected,control_dominated,expr-6921c3d21d8db750,skeleton-75593a614d8c257f,1,,,,,,1.7303971767804764,1.616823021616563,10.151311112636836,10.847213206628858,0.32148638371320765,2.635079474920071,0.998840153681315,0.4852721562346937,True,oos_control_dominated;oos_lag_stale_dominated,False,False,True,True,"Sub(Mean(funding_rate_state_last_ffill_8h,72),Sign(Delta(open_interest_value_last,96)))",G:\Project_V7_Rotation\alpha_pit_engine_crypto_20260519\runtime\a7mem0_search_memory_registry_20260628\remote_inputs\a7search4_selected_rows.csv
mem-c20e5b1789f8f93a,A7SEARCH4,selected_or_nearmiss,a7search1_ec16b4a415602d84,liquidity|positioning,safe_div_abs,24,rejected,control_dominated,expr-dc1de619055bdcbf,skeleton-dc63136227d41afd,1,,,,,,0.18443170568931228,4.4911989003889525,15.746415791080125,18.787417011773954,0.6125594710110032,0.6129552567245755,0.985795502011721,0.06530256826207663,True,oos_control_dominated;oos_lag_stale_dominated,False,False,True,True,"SafeDiv(TSRank(trade_quote_volume,504),Abs(Mean(account_position_divergence,16)))",G:\Project_V7_Rotation\alpha_pit_engine_crypto_20260519\runtime\a7mem0_search_memory_registry_20260628\remote_inputs\a7search4_selected_rows.csv
mem-066892a2b29aa01a,A7SEARCH4,selected_or_nearmiss,a7search1_cf8dcec7ba969fa7,basis|open_interest,spread,8,rejected,control_dominated,expr-f5820c716152eaab,skeleton-2c761a1d27b69791,1,,,,,,2.6708113139569702,0.6024387658084813,8.665353425708965,14.964827401553833,-0.7148243916848197,3.2963013846287113,1.0306961987790553,0.42986837570445335,True,oos_nonoverlap_floor_not_positive;oos_control_dominated;oos_lag_stale_dominated,False,False,True,True,"Sub(TSRank(mark_index_basis_bps,96),Delta(open_interest_value_last,120))",G:\Project_V7_Rotation\alpha_pit_engine_crypto_20260519\runtime\a7mem0_search_memory_registry_20260628\remote_inputs\a7search4_selected_rows.csv
mem-91059797b29b513a,A7SEARCH4,selected_or_nearmiss,a7search1_3b7486c1e12003f2,liquidity|open_interest,additive_composite,24,rejected,control_dominated,expr-a95f700b79124ef6,skeleton-1915efa598604387,3,,,,,,1.9968772683885065,2.6004824069606496,4.3276498596675275,20.7497278012695,-0.2948466741368785,-0.07515068617149472,0.9934563592802707,0.07309916795136008,True,oos_nonoverlap_floor_not_positive;stress_floor_not_positive;oos_control_dominated;oos_lag_stale_dominated,False,False,True,True,"Add(ZScore(quote_volume_z_168h),Delta(open_interest_value_mean,120))",G:\Project_V7_Rotation\alpha_pit_engine_crypto_20260519\runtime\a7mem0_search_memory_registry_20260628\remote_inputs\a7search4_selected_rows.csv
mem-455f0b0e99d1befb,A7SEARCH4,selected_or_nearmiss,a7search1_75641c1bc151efbd,open_interest|taker_flow,additive_composite,8,rejected,control_dominated,expr-07ad8b49f930e835,skeleton-01b5b94516fb0eba,1,,,,,,2.6224964358755507,0.6024387658084813,8.665373007867252,14.964827401553833,-0.7148243916848197,3.296345340173277,1.030691581632622,0.36583156506587433,True,oos_nonoverlap_floor_not_positive;oos_control_dominated;oos_lag_stale_dominated,False,False,True,True,"Add(Delta(open_interest_value_last,120),Sign(Delta(taker_buy_sell_volume_ratio_last,48)))",G:\Project_V7_Rotation\alpha_pit_engine_crypto_20260519\runtime\a7mem0_search_memory_registry_20260628\remote_inputs\a7search4_selected_rows.csv
mem-c42e24a3ca833552,A7SEARCH4,selected_or_nearmiss,a7search1_1fe5ad9e8f7da368,basis|positioning,smooth_mul,8,rejected,control_dominated,expr-ea3d681cb284eb3a,skeleton-7521893f4716532a,1,,,,,,0.7587273897121383,0.9045630252528669,8.26743802280025,3.092851472091602,-0.5107560692316765,3.4980461979893755,1.2787657055130033,0.1754553486935794,True,oos_nonoverlap_floor_not_positive;oos_control_dominated;oos_lag_stale_dominated,False,False,True,True,"Mul(Mean(mark_trade_basis_bps,72),ZScore(global_long_short_account_ratio_last))",G:\Project_V7_Rotation\alpha_pit_engine_crypto_20260519\runtime\a7mem0_search_memory_registry_20260628\remote_inputs\a7search4_selected_rows.csv
mem-fb2393e39a5578f0,A7SEARCH4,selected_or_nearmiss,a7search1_99d9c4a3433588c7,liquidity|positioning,spread,8,rejected,control_dominated,expr-5ff63259482fa441,skeleton-cbe2a121b642cda8,1,,,,,,0.40171788687004395,0.6562243784567325,3.81650057896656,5.891154889639832,-0.06920204251414916,0.9102671719166365,1.134095009727801,0.3055481709977628,True,oos_nonoverlap_floor_not_positive;oos_control_dominated;oos_lag_stale_dominated,False,False,True,True,"Sub(Mean(quote_volume_z_168h,16),Delta(top_long_short_position_ratio_last,240))",G:\Project_V7_Rotation\alpha_pit_engine_crypto_20260519\runtime\a7mem0_search_memory_registry_20260628\remote_inputs\a7search4_selected_rows.csv
mem-be62d7bc24d4420d,A7SEARCH4,selected_or_nearmiss,a7search1_c6b58f22978b65fb,open_interest|taker_flow,safe_div_abs,8,strict_pass,,expr-7be48087dc7cf7fa,skeleton-263d93cb1cd147f9,3,,,,,,2.0388551422102097,0.3895386629054578,8.456564178641221,15.516568500650472,0.004702216479586793,3.15442730836295,1.040130979964223,0.21128938943527045,False,,True,True,True,True,"SafeDiv(Delta(open_interest_value_mean,120),Abs(Sign(Delta(taker_buy_sell_volume_ratio_last,240))))",G:\Project_V7_Rotation\alpha_pit_engine_crypto_20260519\runtime\a7mem0_search_memory_registry_20260628\remote_inputs\a7search4_selected_rows.csv
mem-f2a4dc9e74f46d3f,A7SEARCH4,selected_or_nearmiss,a7search1_c6b58f22978b65fb,open_interest|taker_flow,safe_div_abs,24,rejected,control_dominated,expr-7be48087dc7cf7fa,skeleton-263d93cb1cd147f9,3,,,,,,1.554284857471535,2.6004487270473833,4.3276498596675275,20.7497278012695,-0.2948466741368785,-0.07515068617149472,0.9934546861363379,0.02546077483797304,True,oos_nonoverlap_floor_not_positive;stress_floor_not_positive;oos_control_dominated;oos_lag_stale_dominated,False,False,True,True,"SafeDiv(Delta(open_interest_value_mean,120),Abs(Sign(Delta(taker_buy_sell_volume_ratio_last,240))))",G:\Project_V7_Rotation\alpha_pit_engine_crypto_20260519\runtime\a7mem0_search_memory_registry_20260628\remote_inputs\a7search4_selected_rows.csv
mem-2b10121861293409,A7SEARCH4,selected_or_nearmiss,a7search1_c5bea32a78d41849,liquidity|open_interest,additive_composite,24,strict_pass,,expr-0efaf73c9febdcd3,skeleton-51f87c69a1e4ad1c,2,,,,,,0.9446108630183228,4.206179605207081,4.958534135754857,12.667583628300484,0.318659423253377,7.4094843693365116,0.9878734662822551,0.12741437075068884,False,,True,True,True,True,"Add(Delta(quote_volume_z_168h,6),Delta(open_interest_value_mean,240))",G:\Project_V7_Rotation\alpha_pit_engine_crypto_20260519\runtime\a7mem0_search_memory_registry_20260628\remote_inputs\a7search4_selected_rows.csv
mem-9a61da7bdac6d1b6,A7SEARCH4,selected_or_nearmiss,a7search1_90e6738dc0183445,positioning|taker_flow,safe_div_abs,8,rejected,other_hard_reject,expr-e1363e5d61a406a0,skeleton-91425c3a2f8738cc,1,,,,,,0.5048270819725864,3.4815956606190643,3.521568500635847,14.643221906257748,0.8208884157650622,-0.5250587405571975,0.9850329697170266,0.24704777481721346,True,stress_floor_not_positive,False,False,True,True,"SafeDiv(Mean(account_position_divergence,12),Abs(Sign(Delta(taker_buy_sell_volume_ratio_last,48))))",G:\Project_V7_Rotation\alpha_pit_engine_crypto_20260519\runtime\a7mem0_search_memory_registry_20260628\remote_inputs\a7search4_selected_rows.csv
mem-8e5ea5cf155375fa,A7SEARCH4,selected_or_nearmiss,a7search1_e534581347c04b6d,open_interest|premium,smooth_mul,24,rejected,control_dominated,expr-5aa8eaa8eaa89d6a,skeleton-47ccb738c8e1e5a9,1,,,,,,1.1505484424979078,4.341077857288774,0.9081044111735905,4.472375187642901,-0.25427518321660364,5.243840891576219,0.9767101630833194,0.1663509918941388,True,oos_nonoverlap_floor_not_positive;oos_control_dominated;oos_lag_stale_dominated,False,False,True,True,"Mul(CSRank(open_interest_last),Mean(premium_close_bps,240))",G:\Project_V7_Rotation\alpha_pit_engine_crypto_20260519\runtime\a7mem0_search_memory_registry_20260628\remote_inputs\a7search4_selected_rows.csv
mem-41c7b2672105bc9b,A7SEARCH4,selected_or_nearmiss,a7search1_7280702d3c7be262,liquidity|open_interest,additive_composite,8,rejected,control_dominated,expr-5a3544b964e97a79,skeleton-1e8459e976593a76,1,,,,,,3.2115042240826632,4.9655213648327585,3.392998766935677,1.6640500689975455,-0.1401879881874271,0.3696340823438168,1.5562627642661264,0.620221563098275,True,oos_nonoverlap_floor_not_positive;oos_control_dominated;oos_lag_stale_dominated,False,False,True,True,"Add(ZScore(trade_quote_volume),Decay(open_interest_value_change_24h,6))",G:\Project_V7_Rotation\alpha_pit_engine_crypto_20260519\runtime\a7mem0_search_memory_registry_20260628\remote_inputs\a7search4_selected_rows.csv
mem-568ae7174294d35b,A7SEARCH4,selected_or_nearmiss,a7search1_d8c53aaa51c1a278,liquidity|positioning,additive_composite,8,strict_pass,,expr-02f20c71c4546d24,skeleton-cb65f2fc2ef4cb87,2,,,,,,0.5877064278060737,1.6191559296405649,4.896423029272821,16.51132000216252,0.8589838397044028,0.52766384083034,1.002753189911921,0.16435768816168375,False,,True,True,True,True,"Add(CSRank(trade_quote_volume),Decay(account_position_divergence,12))",G:\Project_V7_Rotation\alpha_pit_engine_crypto_20260519\runtime\a7mem0_search_memory_registry_20260628\remote_inputs\a7search4_selected_rows.csv
mem-7ca8536af6f5b15e,A7SEARCH4,selected_or_nearmiss,a7search1_3427bef8e5850d48,open_interest|taker_flow,smooth_mul,8,rejected,other_hard_reject,expr-657c478d96c158a3,skeleton-43f349acd173b4c8,1,,,,,,2.0301028647162513,1.06773313279049,2.060445804865501,25.73267994991698,-0.11356204869085439,4.979935096961563,0.989856540271231,0.26887811797151756,True,oos_nonoverlap_floor_not_positive,False,False,True,True,"Mul(Mean(open_interest_value_change_24h,120),Mean(taker_buy_sell_volume_ratio_last,12))",G:\Project_V7_Rotation\alpha_pit_engine_crypto_20260519\runtime\a7mem0_search_memory_registry_20260628\remote_inputs\a7search4_selected_rows.csv
mem-9f1f06629b583d5f,A7SEARCH4,selected_or_nearmiss,a7search1_a7bf6f52978aaed6,basis|open_interest,spread_gated,24,rejected,control_dominated,expr-374c3da44626885a,skeleton-84babf29fefdd50b,1,,,,,,1.249604265335356,3.117512792980217,3.1791272258794123,4.764407111611753,-0.10654941802287025,3.3352491833454363,0.9927818044826866,0.055344224267417245,True,oos_nonoverlap_floor_not_positive;oos_control_dominated;oos_lag_stale_dominated,False,False,True,True,"Mul(Sub(Decay(mark_index_basis_bps,336),ZScore(open_interest_last)),Sign(CSRank(quote_volume_z_168h)))",G:\Project_V7_Rotation\alpha_pit_engine_crypto_20260519\runtime\a7mem0_search_memory_registry_20260628\remote_inputs\a7search4_selected_rows.csv
mem-ee5239aeaec45d77,A7SEARCH4,selected_or_nearmiss,a7search1_896e6b046c3fdc40,funding_dense|positioning,safe_div_abs,8,rejected,control_dominated,expr-bbc0b2bbd23c1c02,skeleton-879977ea91e9aa98,1,,,,,,1.798268516445678,1.6381639801952113,2.583943241953447,12.068618928510041,0.42376789990655966,0.445350427246508,1.0200710114684879,0.3103472120458383,True,oos_control_dominated;oos_lag_stale_dominated,False,False,True,True,"SafeDiv(Mean(funding_rate_delta_state_24h,240),Abs(Mean(top_long_short_account_ratio_last,8)))",G:\Project_V7_Rotation\alpha_pit_engine_crypto_20260519\runtime\a7mem0_search_memory_registry_20260628\remote_inputs\a7search4_selected_rows.csv
mem-1ee7cb27f6fe51f4,A7SEARCH4,selected_or_nearmiss,a7search1_3be742ca2fe2e6aa,funding_dense|open_interest,smooth_mul,24,rejected,control_dominated,expr-29c95456886b36cf,skeleton-90d014e2e6c7e4cb,1,,,,,,0.5709690834772103,6.780318060888591,2.433170818552073,11.332182312147783,0.6887203250478798,1.4166947977507836,0.9833053142276375,0.27798763684505756,True,oos_control_dominated;oos_lag_stale_dominated,False,False,True,True,"Mul(Mean(funding_rate_delta_state_24h,240),Decay(open_interest_value_mean,504))",G:\Project_V7_Rotation\alpha_pit_engine_crypto_20260519\runtime\a7mem0_search_memory_registry_20260628\remote_inputs\a7search4_selected_rows.csv
mem-67269a3d0ca58dfd,A7SEARCH4,selected_or_nearmiss,a7search1_341f7f1959c21aef,liquidity|positioning,additive_composite,8,rejected,control_dominated,expr-df3f7f12afa15dd1,skeleton-a5a775423efb185f,1,,,,,,1.1847887758841404,1.2279705760790787,4.47481093170958,9.231140389305047,-0.22753870417685226,1.3925674626732267,1.0588349942311892,0.06452108879962795,True,oos_nonoverlap_floor_not_positive;oos_control_dominated;oos_lag_stale_dominated,False,False,True,True,"Add(Abs(ZScore(trade_quote_volume)),CSRank(top_long_short_account_ratio_last))",G:\Project_V7_Rotation\alpha_pit_engine_crypto_20260519\runtime\a7mem0_search_memory_registry_20260628\remote_inputs\a7search4_selected_rows.csv
mem-4954e5cfc21ad841,A7SEARCH4,selected_or_nearmiss,a7search1_2207aed6d1196ee3,liquidity|open_interest,spread,8,strict_pass,,expr-4af77d45244a7a35,skeleton-aee02eb8c6122850,3,,,,,,2.595832173215326,0.3895386629054578,8.456564178641221,15.516568500650472,0.004702216479586793,3.15442730836295,1.040130979964223,0.18701915871668945,False,,True,True,True,True,"Sub(CSRank(quote_volume_z_168h),Delta(open_interest_value_mean,120))",G:\Project_V7_Rotation\alpha_pit_engine_crypto_20260519\runtime\a7mem0_search_memory_registry_20260628\remote_inputs\a7search4_selected_rows.csv
mem-0b31d3b97a0a33f7,A7SEARCH4,selected_or_nearmiss,a7search1_f685e458063b51ea,open_interest|premium,spread,8,strict_pass,,expr-cf09d914e2a13183,skeleton-d0f4a0719a2fd0d2,3,,,,,,1.896896644084726,0.38956444443878663,8.456564178641221,15.516021628329643,0.004702216479586793,3.15442730836295,1.040141385662558,0.25795652751202763,False,,True,True,True,True,"Sub(Delta(open_interest_value_mean,120),Sign(Delta(premium_close_bps,504)))",G:\Project_V7_Rotation\alpha_pit_engine_crypto_20260519\runtime\a7mem0_search_memory_registry_20260628\remote_inputs\a7search4_selected_rows.csv
mem-15a0b5ae7ebd558e,A7SEARCH4,selected_or_nearmiss,a7search1_2176bf32fb2243e1,open_interest|taker_flow,spread,24,rejected,control_dominated,expr-cb81115a92881fcd,skeleton-00f253dd1bed99c8,2,,,,,,1.014195983868363,4.2576710589429325,5.011369867961557,12.414965977956218,0.007221933688572964,6.728536417644294,0.9835064625991355,0.13339652810547345,True,oos_control_dominated;oos_lag_stale_dominated,False,False,True,True,"Sub(Delta(open_interest_value_last,240),Mean(kline_taker_buy_quote_share,336))",G:\Project_V7_Rotation\alpha_pit_engine_crypto_20260519\runtime\a7mem0_search_memory_registry_20260628\remote_inputs\a7search4_selected_rows.csv
mem-2ec8226758c6d8f6,A7SEARCH4,selected_or_nearmiss,a7search1_cbf77465aea70bbd,liquidity|open_interest,spread,24,rejected,control_dominated,expr-19dba81b679ffcab,skeleton-aee02eb8c6122850,2,,,,,,1.014195983868363,4.2576710589429325,5.011369867961557,12.414965977956218,0.007221933688572964,6.728536417644294,0.9835064625991355,0.1630776755901416,True,oos_control_dominated;oos_lag_stale_dominated,False,False,True,True,"Sub(CSRank(quote_volume_z_168h),Delta(open_interest_value_last,240))",G:\Project_V7_Rotation\alpha_pit_engine_crypto_20260519\runtime\a7mem0_search_memory_registry_20260628\remote_inputs\a7search4_selected_rows.csv
mem-9c5de1cbe25cea79,A7SEARCH4,selected_or_nearmiss,a7search1_2176bf32fb2243e1,open_interest|taker_flow,spread,8,rejected,control_dominated,expr-cb81115a92881fcd,skeleton-00f253dd1bed99c8,2,,,,,,1.0550129101602364,0.3461391040234841,6.208198133645103,10.615576523241172,-0.3520496094719522,11.685467391604716,1.0279027260744402,0.05194085453562574,True,oos_nonoverlap_floor_not_positive;oos_control_dominated;oos_lag_stale_dominated,False,False,True,True,"Sub(Delta(open_interest_value_last,240),Mean(kline_taker_buy_quote_share,336))",G:\Project_V7_Rotation\alpha_pit_engine_crypto_20260519\runtime\a7mem0_search_memory_registry_20260628\remote_inputs\a7search4_selected_rows.csv
mem-b32d36185b90803a,A7SEARCH4,selected_or_nearmiss,a7search1_cbf77465aea70bbd,liquidity|open_interest,spread,8,rejected,control_dominated,expr-19dba81b679ffcab,skeleton-aee02eb8c6122850,2,,,,,,1.0550129101602364,0.3461391040234841,6.208180369483671,10.615576523241172,-0.35511446407064473,11.685467391604716,1.0279027260744402,0.16196150281687702,True,oos_nonoverlap_floor_not_positive;oos_control_dominated;oos_lag_stale_dominated,False,False,True,True,"Sub(CSRank(quote_volume_z_168h),Delta(open_interest_value_last,240))",G:\Project_V7_Rotation\alpha_pit_engine_crypto_20260519\runtime\a7mem0_search_memory_registry_20260628\remote_inputs\a7search4_selected_rows.csv
mem-739b945cad50f0e5,A7SEARCH4,selected_or_nearmiss,a7search1_6fce30951887488d,open_interest|taker_flow,additive_composite,8,rejected,control_dominated,expr-f85fe47c7cfe4634,skeleton-45980d21e2cca1c1,1,,,,,,3.8970173099685175,2.978789889754065,3.276990736848785,4.370958023024576,0.5331504795772836,0.5179414538350073,1.3101884125259937,0.5100231640939493,True,oos_control_dominated;oos_lag_stale_dominated,False,False,True,True,"Add(Decay(open_interest_value_change_24h,12),Sign(Delta(taker_buy_sell_volume_ratio_mean,504)))",G:\Project_V7_Rotation\alpha_pit_engine_crypto_20260519\runtime\a7mem0_search_memory_registry_20260628\remote_inputs\a7search4_selected_rows.csv
mem-e9e91533fbb99fb0,A7SEARCH4,selected_or_nearmiss,a7search1_2207aed6d1196ee3,liquidity|open_interest,spread,24,rejected,control_dominated,expr-4af77d45244a7a35,skeleton-aee02eb8c6122850,3,,,,,,1.9968772683885065,2.6004487270473833,4.3276498596675275,20.7497278012695,-0.2948466741368785,-0.07515068617149472,0.9934546861363379,0.0293283057550598,True,oos_nonoverlap_floor_not_positive;stress_floor_not_positive;oos_control_dominated;oos_lag_stale_dominated,False,False,True,True,"Sub(CSRank(quote_volume_z_168h),Delta(open_interest_value_mean,120))",G:\Project_V7_Rotation\alpha_pit_engine_crypto_20260519\runtime\a7mem0_search_memory_registry_20260628\remote_inputs\a7search4_selected_rows.csv
mem-bf84a8a48846d4ed,A7SEARCH4,selected_or_nearmiss,a7search1_f685e458063b51ea,open_interest|premium,spread,24,rejected,control_dominated,expr-cf09d914e2a13183,skeleton-d0f4a0719a2fd0d2,3,,,,,,1.3041500785918532,2.6004487270473833,4.3276498596675275,20.7497278012695,-0.2948466741368785,-0.07515068617149472,0.9934557070787946,0.2134696336650209,True,oos_nonoverlap_floor_not_positive;stress_floor_not_positive;oos_control_dominated;oos_lag_stale_dominated,False,False,True,True,"Sub(Delta(open_interest_value_mean,120),Sign(Delta(premium_close_bps,504)))",G:\Project_V7_Rotation\alpha_pit_engine_crypto_20260519\runtime\a7mem0_search_memory_registry_20260628\remote_inputs\a7search4_selected_rows.csv
mem-33d0988066abd81f,A7SEARCH4,selected_or_nearmiss,a7search1_e2c8bd0ec59ce2f8,positioning|taker_flow,smooth_mul,8,rejected,control_dominated,expr-77a6ab06401e56ec,skeleton-8ce6e6e3b2c45751,1,,,,,,0.2651380866702292,1.6927619234197686,4.425656934919433,16.401884613675563,0.4867859107379432,5.522181378249874,1.0008111315643249,0.15081420574889826,True,oos_control_dominated;oos_lag_stale_dominated,False,False,True,True,"Mul(ZScore(top_long_short_account_ratio_last),Decay(taker_buy_sell_volume_ratio_last,504))",G:\Project_V7_Rotation\alpha_pit_engine_crypto_20260519\runtime\a7mem0_search_memory_registry_20260628\remote_inputs\a7search4_selected_rows.csv
mem-3cc14f5b825d5496,A7SEARCH4,selected_or_nearmiss,a7search1_e73ac8ad2872956a,open_interest|taker_flow,additive_composite,8,rejected,control_dominated,expr-b3b5b39d5b87c7e2,skeleton-953f07d9f41912be,1,,,,,,3.6385331895679247,2.978789889754065,3.2750993540825135,4.371698586636649,0.5317274827785671,0.519003293114198,1.310234356750827,0.6533677070778213,True,oos_control_dominated;oos_lag_stale_dominated,False,False,True,True,"Add(Decay(open_interest_value_change_24h,12),CSRank(taker_buy_sell_volume_ratio_mean))",G:\Project_V7_Rotation\alpha_pit_engine_crypto_20260519\runtime\a7mem0_search_memory_registry_20260628\remote_inputs\a7search4_selected_rows.csv
mem-8a7c7eac931365f3,A7SEARCH4,selected_or_nearmiss,a7search1_f9f383b9ed02ca7e,open_interest|taker_flow,safe_div_abs,8,rejected,control_dominated,expr-b28a2ef649731e3f,skeleton-879977ea91e9aa98,1,,,,,,3.8316894566798476,1.2354347504183611,5.776431789051501,12.680641663166524,-0.741356815141011,0.2003232335170034,1.0873599756466525,0.45884450383185893,True,oos_nonoverlap_floor_not_positive;oos_control_dominated;oos_lag_stale_dominated,False,False,True,True,"SafeDiv(Mean(open_interest_value_change_24h,16),Abs(Mean(taker_buy_sell_volume_ratio_mean,336)))",G:\Project_V7_Rotation\alpha_pit_engine_crypto_20260519\runtime\a7mem0_search_memory_registry_20260628\remote_inputs\a7search4_selected_rows.csv
mem-efba201bad5f3a9a,A7SEARCH4,selected_or_nearmiss,a7search1_c3705eab75614299,funding_dense|positioning,safe_div_abs_gated,8,strict_pass,,expr-24923f6ec7d575c6,skeleton-5704a747fbe108b8,2,,,,,,1.1636733571993043,5.513673130828353,3.838292323613524,9.760585754781541,1.167541941483944,0.5336620552779218,0.987143996925743,0.2565732302556463,False,,True,True,True,True,"Mul(SafeDiv(Decay(funding_rate_update_age_hours,120),Abs(CSRank(account_position_divergence))),Sign(Decay(age_percentile_active_universe,240)))",G:\Project_V7_Rotation\alpha_pit_engine_crypto_20260519\runtime\a7mem0_search_memory_registry_20260628\remote_inputs\a7search4_selected_rows.csv
mem-df54bb48d79fa1eb,A7SEARCH4,selected_or_nearmiss,a7search1_c89f9555713915b2,basis|open_interest,spread,8,rejected,control_dominated,expr-e1ee0a113bbd0c1c,skeleton-453e9f32b37d681e,1,,,,,,3.831654329498691,2.978225436886494,3.2768522766389103,4.370939809834203,0.5336806142407895,0.5179414538350073,1.3102277315116388,0.901136407914409,True,oos_control_dominated;oos_lag_stale_dominated,False,False,True,True,"Sub(Sign(Delta(mark_trade_basis_bps,168)),Decay(open_interest_value_change_24h,12))",G:\Project_V7_Rotation\alpha_pit_engine_crypto_20260519\runtime\a7mem0_search_memory_registry_20260628\remote_inputs\a7search4_selected_rows.csv
mem-5d11e6a733b0e7b3,A7SEARCH4,selected_or_nearmiss,a7search1_fa3bc8591b212f40,basis|open_interest,additive_composite,24,rejected,control_dominated,expr-b326ae19f9729288,skeleton-fed9e8352718094f,1,,,,,,1.9224254555218905,2.5107545830165106,6.0576245877366155,6.8367444283879095,0.6384961578550806,1.6068182047309045,1.0039313955236069,0.38229585314870734,True,oos_control_dominated;oos_lag_stale_dominated,False,False,True,True,"Add(Decay(mark_trade_basis_bps,96),TSRank(open_interest_value_last,720))",G:\Project_V7_Rotation\alpha_pit_engine_crypto_20260519\runtime\a7mem0_search_memory_registry_20260628\remote_inputs\a7search4_selected_rows.csv
mem-011d9abd26537886,A7SEARCH4,selected_or_nearmiss,a7search1_7ecb3711511fcb31,positioning|taker_flow,additive_composite,8,rejected,other_hard_reject,expr-c55e3a7268f281a3,skeleton-bb1b9f680a41010c,1,,,,,,0.10507235686904895,0.4241447142716837,3.93342735334219,15.680078578819339,-0.7399229427920225,4.339463840845885,1.0011985237604681,0.2433658130051763,True,oos_nonoverlap_floor_not_positive,False,False,True,True,"Add(CSRank(top_long_short_account_ratio_last),Mean(kline_taker_buy_quote_share,96))",G:\Project_V7_Rotation\alpha_pit_engine_crypto_20260519\runtime\a7mem0_search_memory_registry_20260628\remote_inputs\a7search4_selected_rows.csv
mem-e314b62a80f91b7a,A7SEARCH4,selected_or_nearmiss,a7search1_f9bfc4d212581e5e,liquidity|positioning,additive_composite_gated,8,rejected,control_dominated,expr-4abe261db12c8aa2,skeleton-07f4d7464a09a813,1,,,,,,0.9967088462268362,1.459696802614192,3.4430003827837936,20.184822610542746,0.36095223182691905,-0.014341926810770797,0.9990139057816396,0.36667102126205603,True,stress_floor_not_positive;oos_control_dominated;oos_lag_stale_dominated,False,False,True,True,"Mul(Add(Mean(quote_volume_z_168h,336),ZScore(account_position_divergence)),Sign(CSRank(trade_quote_volume)))",G:\Project_V7_Rotation\alpha_pit_engine_crypto_20260519\runtime\a7mem0_search_memory_registry_20260628\remote_inputs\a7search4_selected_rows.csv
mem-113e96d4f5309280,A7SEARCH4,selected_or_nearmiss,a7search1_cb0a40b993441b8b,basis|positioning,smooth_mul,24,rejected,control_dominated,expr-aa0c8d1553d44a5e,skeleton-43f349acd173b4c8,1,,,,,,0.7529840532397769,1.7979460262480684,1.2802392086304621,3.663141101812408,-0.4034363064086803,2.301665621888642,1.103087957326679,0.9717684020390664,True,oos_nonoverlap_floor_not_positive;oos_control_dominated;oos_lag_stale_dominated,False,False,True,True,"Mul(Mean(mark_trade_basis_bps,36),Mean(top_long_short_account_ratio_last,12))",G:\Project_V7_Rotation\alpha_pit_engine_crypto_20260519\runtime\a7mem0_search_memory_registry_20260628\remote_inputs\a7search4_selected_rows.csv
mem-9f22993530520750,A7SEARCH4,selected_or_nearmiss,a7search1_b60256683c9a6287,positioning|taker_flow,smooth_mul,8,rejected,control_dominated,expr-f6100d99a7119361,skeleton-c3c4e5e3f6c3df3b,1,,,,,,0.9173149005373886,1.6014997681234795,4.731350594626949,5.721105185765069,-0.275265443726882,-0.49604766206852946,1.0220773056258017,0.8007819937028854,True,oos_nonoverlap_floor_not_positive;stress_floor_not_positive;oos_control_dominated;oos_lag_stale_dominated,False,False,True,True,"Mul(TSRank(account_position_divergence,720),Mean(taker_buy_sell_volume_ratio_last,720))",G:\Project_V7_Rotation\alpha_pit_engine_crypto_20260519\runtime\a7mem0_search_memory_registry_20260628\remote_inputs\a7search4_selected_rows.csv
mem-1a7b09737e348967,A7SEARCH4,selected_or_nearmiss,a7search1_b2fa4e180b472a3f,liquidity|open_interest,spread,8,rejected,control_dominated,expr-475bca65f1847f15,skeleton-dfd9e27fbf52f8d1,1,,,,,,4.127232037854691,1.7477944015012614,4.557164663113056,9.70230802825494,-0.3429016721463953,0.5540639612486706,1.1232247330207252,0.6607617338037023,True,oos_nonoverlap_floor_not_positive;oos_control_dominated;oos_lag_stale_dominated,False,False,True,True,"Sub(Sign(Delta(trade_quote_volume,336)),Mean(open_interest_value_change_24h,16))",G:\Project_V7_Rotation\alpha_pit_engine_crypto_20260519\runtime\a7mem0_search_memory_registry_20260628\remote_inputs\a7search4_selected_rows.csv
mem-477691dc8c81a8f0,A7SEARCH4,selected_or_nearmiss,a7search1_120c8f1ac82f80bb,basis|positioning,smooth_mul_gated,8,rejected,control_dominated,expr-d23179dd5990a07a,skeleton-dad27dc6a26ba229,1,,,,,,0.6835276671584369,5.000258230911797,3.6186449383188632,3.912782408243807,1.4717782952502358,0.15073672373724553,0.9933789124685166,0.7419050696540491,True,oos_control_dominated;oos_lag_stale_dominated,False,False,True,True,"Mul(Mul(Decay(mark_index_basis_bps,72),Mean(account_position_divergence,8)),Sign(Decay(age_percentile_active_universe,120)))",G:\Project_V7_Rotation\alpha_pit_engine_crypto_20260519\runtime\a7mem0_search_memory_registry_20260628\remote_inputs\a7search4_selected_rows.csv
mem-78fb54934d808598,A7SEARCH4,selected_or_nearmiss,a7search1_4bb9b0c4b3941b14,positioning|taker_flow,smooth_mul,8,rejected,control_dominated,expr-ae0593f22b684ad8,skeleton-47ccb738c8e1e5a9,1,,,,,,0.4618500907641331,3.144994595196611,3.8182925762349402,15.493707789570188,1.0404500631471214,-0.4297653149846012,0.9952062495349996,0.1610432399451186,True,stress_floor_not_positive;oos_control_dominated;oos_lag_stale_dominated,False,False,True,True,"Mul(CSRank(account_position_divergence),Mean(kline_taker_buy_quote_share,336))",G:\Project_V7_Rotation\alpha_pit_engine_crypto_20260519\runtime\a7mem0_search_memory_registry_20260628\remote_inputs\a7search4_selected_rows.csv
mem-cbe94e33147a63e0,A7SEARCH4,selected_or_nearmiss,a7search1_327968c8ab1b5828,liquidity|open_interest,additive_composite,8,rejected,control_dominated,expr-077ee64bfa4878c4,skeleton-fdef5328bb5383c5,1,,,,,,1.4779099291085753,2.1233073786852357,9.944003922708966,9.025560020109511,0.4910598794344184,-0.18406719274090808,1.0864507128980592,0.1320635410328174,True,stress_floor_not_positive;oos_control_dominated;oos_lag_stale_dominated,False,False,True,True,"Add(Mean(quote_volume_z_168h,96),TSRank(open_interest_value_mean,168))",G:\Project_V7_Rotation\alpha_pit_engine_crypto_20260519\runtime\a7mem0_search_memory_registry_20260628\remote_inputs\a7search4_selected_rows.csv
mem-e2d7f26a4b7355b7,A7SEARCH4,selected_or_nearmiss,a7search1_77f72a67170be649,liquidity|open_interest,spread,8,rejected,control_dominated,expr-ae3edaf6f75a6a6d,skeleton-51d7db21d21f3b2a,1,,,,,,4.278938875354271,1.7477944015012614,4.556833518635269,9.70230802825494,-0.3429016721463953,0.5541038974506126,1.123217552870515,0.3702746830222733,True,oos_nonoverlap_floor_not_positive;oos_control_dominated;oos_lag_stale_dominated,False,False,True,True,"Sub(TSRank(quote_volume_z_168h,240),Mean(open_interest_value_change_24h,16))",G:\Project_V7_Rotation\alpha_pit_engine_crypto_20260519\runtime\a7mem0_search_memory_registry_20260628\remote_inputs\a7search4_selected_rows.csv
mem-a3beeefafd3d6ff5,A7SEARCH4,selected_or_nearmiss,a7search1_912fbe702c0187da,liquidity|open_interest,spread,24,strict_pass,,expr-f58193907052ed60,skeleton-6782a3c619c21840,2,,,,,,0.9446108630183228,4.206179605207081,4.958534135754857,12.667583628300484,0.318659423253377,7.4094843693365116,0.987873879179183,0.026804842769122535,False,,True,True,True,True,"Sub(Sign(Delta(quote_volume_z_168h,12)),Delta(open_interest_value_mean,240))",G:\Project_V7_Rotation\alpha_pit_engine_crypto_20260519\runtime\a7mem0_search_memory_registry_20260628\remote_inputs\a7search4_selected_rows.csv
mem-467d8a53a5a39f16,A7SEARCH4,selected_or_nearmiss,a7search1_7713829c00525942,liquidity|open_interest,additive_composite_gated,8,rejected,control_dominated,expr-0e69edc20ab42dd2,skeleton-f5b63e71404b85fd,1,,,,,,3.0591961294167245,4.7367057317036725,3.8349173167761377,3.7958744501645345,-0.4091606231627248,2.3381781557732615,1.0892873839550503,0.62424871129969,True,oos_nonoverlap_floor_not_positive;oos_control_dominated;oos_lag_stale_dominated,False,False,True,True,"Mul(Add(Mean(trade_quote_volume,24),Delta(open_interest_value_change_24h,36)),Sign(Decay(log1p_listing_age_days,36)))",G:\Project_V7_Rotation\alpha_pit_engine_crypto_20260519\runtime\a7mem0_search_memory_registry_20260628\remote_inputs\a7search4_selected_rows.csv
mem-6278f83be7dce63d,A7SEARCH4,selected_or_nearmiss,a7search1_408e084a06134eea,funding_dense|open_interest,spread_gated,8,rejected,control_dominated,expr-488212e1453ddad5,skeleton-0bcf4662de4d9fa5,1,,,,,,1.2141726486574362,1.5444060384185223,9.008677620090497,20.287949454472493,0.7307727696386701,0.09670778516668593,1.0425758955378448,0.29239509646310796,True,oos_control_dominated;oos_lag_stale_dominated,False,False,True,True,"Mul(Sub(Mean(funding_rate_delta_state_24h,720),Sign(Delta(open_interest_value_last,120))),Sign(Decay(sqrt_listing_age_days,240)))",G:\Project_V7_Rotation\alpha_pit_engine_crypto_20260519\runtime\a7mem0_search_memory_registry_20260628\remote_inputs\a7search4_selected_rows.csv
mem-c22588fdfa7f9f78,A7SEARCH4,selected_or_nearmiss,a7search1_0d80b71809ecf2d1,basis|open_interest,spread_gated,8,rejected,control_dominated,expr-94d1c0eecabaf6d7,skeleton-bc4a6e509c5e5489,1,,,,,,4.145180985500728,2.0460161228457325,5.662971306643173,8.60137314150413,-0.31292355994111126,-0.3845510359516952,1.136886344042882,0.44828942673475997,True,oos_nonoverlap_floor_not_positive;stress_floor_not_positive;oos_control_dominated;oos_lag_stale_dominated,False,False,True,True,"Mul(Sub(Decay(mark_trade_basis_bps,336),Decay(open_interest_value_change_24h,24)),Sign(CSRank(trade_quote_volume)))",G:\Project_V7_Rotation\alpha_pit_engine_crypto_20260519\runtime\a7mem0_search_memory_registry_20260628\remote_inputs\a7search4_selected_rows.csv
mem-ab3d54cf2c676387,A7SEARCH4,selected_or_nearmiss,a7search1_5f1e121e6d9a85c4,basis|open_interest,additive_composite_gated,8,strict_pass,,expr-01f552ec405a5a4b,skeleton-78a3999411b7ce88,2,,,,,,2.5958193059224954,0.38794992473065926,8.456564178641221,15.516021628329643,0.004702216479586793,50.0,1.0401355375891048,0.45078625754718155,False,,True,True,True,True,"Mul(Add(TSRank(mark_trade_basis_bps,36),Delta(open_interest_value_mean,120)),Sign(Decay(age_percentile_active_universe,36)))",G:\Project_V7_Rotation\alpha_pit_engine_crypto_20260519\runtime\a7mem0_search_memory_registry_20260628\remote_inputs\a7search4_selected_rows.csv
mem-395300a7bccd4aec,A7SEARCH4,selected_or_nearmiss,a7search1_e057c3e4e24035af,open_interest|premium,additive_composite_gated,24,strict_pass,,expr-a58ba93ef52e6809,skeleton-b800ca27a5d6b1d7,2,,,,,,0.9446108630183228,4.206179605207081,4.958534135754857,12.667583628300484,0.318659423253377,7.4094843693365116,0.9878753629578524,0.07067429701811183,False,,True,True,True,True,"Mul(Add(Delta(open_interest_value_mean,240),Decay(premium_abs_state,504)),Sign(Abs(ZScore(quote_volume_z_168h))))",G:\Project_V7_Rotation\alpha_pit_engine_crypto_20260519\runtime\a7mem0_search_memory_registry_20260628\remote_inputs\a7search4_selected_rows.csv
mem-da5531023cb027ef,A7SEARCH4,selected_or_nearmiss,a7search1_63760aa4884026bc,liquidity|open_interest,spread_gated,24,rejected,control_dominated,expr-1de293c75197f7ba,skeleton-b1c8a391b6677792,1,,,,,,0.6929264562473783,1.224536721452535,6.243056532424459,1.7346707464022928,-0.49445758442055526,3.3579711440105386,1.083140206681268,0.7230070726671213,True,oos_nonoverlap_floor_not_positive;oos_control_dominated;oos_lag_stale_dominated,False,False,True,True,"Mul(Sub(Decay(trade_quote_volume,120),Delta(open_interest_mean,504)),Sign(CSRank(quote_volume_z_168h)))",G:\Project_V7_Rotation\alpha_pit_engine_crypto_20260519\runtime\a7mem0_search_memory_registry_20260628\remote_inputs\a7search4_selected_rows.csv
mem-209db45f6842e3cb,A7SEARCH4,selected_or_nearmiss,a7search1_432abfc2497b590c,liquidity|positioning,smooth_mul_gated,8,rejected,control_dominated,expr-8b996be3aad11fa8,skeleton-7f2f6282360c7641,1,,,,,,0.8932407144173131,2.232989286832167,5.995850195268279,14.138473891596377,0.796675350063778,6.67554740690579,0.9831506007207977,0.2609141130819377,True,oos_control_dominated;oos_lag_stale_dominated,False,False,True,True,"Mul(Mul(Mean(trade_quote_volume,336),ZScore(account_position_divergence)),Sign(Decay(basis_dislocation_state,336)))",G:\Project_V7_Rotation\alpha_pit_engine_crypto_20260519\runtime\a7mem0_search_memory_registry_20260628\remote_inputs\a7search4_selected_rows.csv
mem-d044fded4790e4cc,A7SEARCH4,selected_or_nearmiss,a7search1_95d5d9f77709f443,open_interest|premium,additive_composite_gated,8,rejected,control_dominated,expr-12f9da6c226f9cd9,skeleton-04f878759e1f58f9,1,,,,,,2.62519686403371,0.6024131742489389,8.665709967228898,14.964827401553833,-0.7148243916848197,3.2963013846287113,1.0306938288544483,0.28334655886082966,True,oos_nonoverlap_floor_not_positive;oos_control_dominated;oos_lag_stale_dominated,False,False,True,True,"Mul(Add(Delta(open_interest_value_last,120),CSRank(premium_close_bps)),Sign(TSRank(quote_volume_z_168h,36)))",G:\Project_V7_Rotation\alpha_pit_engine_crypto_20260519\runtime\a7mem0_search_memory_registry_20260628\remote_inputs\a7search4_selected_rows.csv
mem-db791d1bae4de627,A7SEARCH4,selected_or_nearmiss,a7search1_160b8bd4d2a0ab07,open_interest|taker_flow,smooth_mul_gated,8,strict_pass,,expr-a01a04dfd6365a47,skeleton-84317c981d9a0b4a,2,,,,,,2.3556866805722674,1.1154520932234706,1.8898127696318419,24.397160396899917,0.03998648330151647,4.970946588024582,1.0037956554961567,0.2004137760009201,False,,True,True,True,True,"Mul(Mul(Mean(open_interest_value_change_24h,120),Mean(taker_buy_sell_volume_ratio_last,168)),Sign(Mean(trade_quote_volume,3)))",G:\Project_V7_Rotation\alpha_pit_engine_crypto_20260519\runtime\a7mem0_search_memory_registry_20260628\remote_inputs\a7search4_selected_rows.csv
mem-bf08b96b093fda84,A7SEARCH4,selected_or_nearmiss,a7search1_ba273161b3046a03,open_interest|taker_flow,spread_gated,8,strict_pass,,expr-ad27bb6b98943287,skeleton-1b8609a3b16e4571,2,,,,,,2.5957891604275716,0.3886592980251806,8.455836469932247,15.517884588732645,0.004702216479586793,0.10627491050839948,1.0401780146178445,0.24020931946377524,False,,True,True,True,True,"Mul(Sub(Delta(open_interest_value_mean,120),Decay(taker_buy_sell_volume_ratio_mean,72)),Sign(Decay(log1p_listing_age_days,72)))",G:\Project_V7_Rotation\alpha_pit_engine_crypto_20260519\runtime\a7mem0_search_memory_registry_20260628\remote_inputs\a7search4_selected_rows.csv
mem-43522295342f71ba,A7SEARCH4,selected_or_nearmiss,a7search1_8d1b3491d0b1aeb5,open_interest|premium,additive_composite_gated,8,rejected,control_dominated,expr-badebc435aaa41b8,skeleton-07cb682fc0f6abbd,1,,,,,,2.625205870737987,0.6024387658084813,8.665353425708965,14.964827401553833,-0.7148243916848197,22.62792480356062,1.0306845342836728,0.4910342107010187,True,oos_nonoverlap_floor_not_positive;oos_control_dominated;oos_lag_stale_dominated,False,False,True,True,"Mul(Add(Delta(open_interest_value_last,120),TSRank(premium_abs_state,720)),Sign(Decay(age_percentile_active_universe,48)))",G:\Project_V7_Rotation\alpha_pit_engine_crypto_20260519\runtime\a7mem0_search_memory_registry_20260628\remote_inputs\a7search4_selected_rows.csv
mem-44cc2f8380be89d4,A7SEARCH4,selected_or_nearmiss,a7search1_110aa1822bd1d062,liquidity|positioning,smooth_mul_gated,8,rejected,control_dominated,expr-ba4e75dcd7ae59d0,skeleton-355b8efd4176ac82,1,,,,,,0.558890500514376,2.253149477642718,1.0654808593230658,17.334666987896025,-0.6083768486935252,3.946108357995415,0.9856264027478857,0.23743352328385905,True,oos_nonoverlap_floor_not_positive;oos_control_dominated;oos_lag_stale_dominated,False,False,True,True,"Mul(Mul(ZScore(trade_quote_volume),CSRank(global_long_short_account_ratio_last)),Sign(CSRank(quote_volume_z_168h)))",G:\Project_V7_Rotation\alpha_pit_engine_crypto_20260519\runtime\a7mem0_search_memory_registry_20260628\remote_inputs\a7search4_selected_rows.csv
mem-e94aee759d47120b,A7SEARCH4,selected_or_nearmiss,a7search1_7ab55109820a34eb,basis|open_interest,additive_composite_gated,8,rejected,control_dominated,expr-628aa0ebbfdb2fc3,skeleton-444aa5044486f198,1,,,,,,4.229686891614373,2.0595815471027907,3.2861002188849477,6.648646294809248,0.2293437232843023,0.5550491085165676,1.2201193798148136,0.23624003805115296,True,oos_control_dominated;oos_lag_stale_dominated,False,False,True,True,"Mul(Add(ZScore(mark_index_basis_bps),Mean(open_interest_value_change_24h,12)),Sign(TSRank(quote_volume_z_168h,504)))",G:\Project_V7_Rotation\alpha_pit_engine_crypto_20260519\runtime\a7mem0_search_memory_registry_20260628\remote_inputs\a7search4_selected_rows.csv
mem-158a492f6f360e87,A7SEARCH4,selected_or_nearmiss,a7search1_01808ea10399579c,funding_dense|positioning,spread_gated,8,rejected,control_dominated,expr-83b5fc5486951006,skeleton-17e23329acc454d0,1,,,,,,1.7145592950553716,2.737099703951028,2.8182994505919976,5.110371443743609,0.5534288910634295,-0.3650666924466334,1.0145819675833039,0.37381723706240233,True,stress_floor_not_positive;oos_control_dominated;oos_lag_stale_dominated,False,False,True,True,"Mul(Sub(Mean(funding_rate_update_age_hours,72),ZScore(account_position_divergence)),Sign(TSRank(trade_quote_volume,24)))",G:\Project_V7_Rotation\alpha_pit_engine_crypto_20260519\runtime\a7mem0_search_memory_registry_20260628\remote_inputs\a7search4_selected_rows.csv
mem-09a978a621c730ec,A7SEARCH4,selected_or_nearmiss,a7search1_bafb8bd41add2bef,open_interest|premium,smooth_mul_gated,24,rejected,control_dominated,expr-43810480a2f2c189,skeleton-7110c421bfa4ecc5,1,,,,,,2.0240406183025406,6.66009488520352,1.5890314626015276,5.327496526107445,-0.20130326818874897,2.123642622247736,1.0427794401185178,0.5339404510811674,True,oos_nonoverlap_floor_not_positive;oos_control_dominated;oos_lag_stale_dominated,False,False,True,True,"Mul(Mul(Decay(open_interest_last,36),Mean(premium_close_bps,12)),Sign(Abs(ZScore(quote_volume_z_168h))))",G:\Project_V7_Rotation\alpha_pit_engine_crypto_20260519\runtime\a7mem0_search_memory_registry_20260628\remote_inputs\a7search4_selected_rows.csv
mem-cecd5c3b474a385f,A7SEARCH4,selected_or_nearmiss,a7search1_c0ace5aa4267c05a,positioning|positioning,safe_div_abs_gated,24,rejected,control_dominated,expr-6317c2134c0a9162,skeleton-85a469a665ee5973,2,,,,,,0.17878663434111952,8.912813441743413,9.363998888338674,16.280942295537223,2.6643438943736855,1.4587261436768764,0.9811102004300214,0.14361448289430553,True,oos_control_dominated;oos_lag_stale_dominated,False,False,True,True,"Mul(SafeDiv(CSRank(global_long_short_account_ratio_last),Abs(Decay(top_long_short_position_ratio_last,504))),Sign(CSRank(trade_quote_volume)))",G:\Project_V7_Rotation\alpha_pit_engine_crypto_20260519\runtime\a7mem0_search_memory_registry_20260628\remote_inputs\a7search4_selected_rows.csv
mem-1a365cec6f6d3abc,A7SEARCH4,selected_or_nearmiss,a7search1_c0ace5aa4267c05a,positioning|positioning,safe_div_abs_gated,8,rejected,control_dominated,expr-6317c2134c0a9162,skeleton-85a469a665ee5973,2,,,,,,0.18353818365421054,5.576634317786083,5.253964379883765,14.39393550461193,3.1189232095317037,3.50222089246319,0.9936146412063543,0.18757141209040612,True,oos_control_dominated;oos_lag_stale_dominated,False,False,True,True,"Mul(SafeDiv(CSRank(global_long_short_account_ratio_last),Abs(Decay(top_long_short_position_ratio_last,504))),Sign(CSRank(trade_quote_volume)))",G:\Project_V7_Rotation\alpha_pit_engine_crypto_20260519\runtime\a7mem0_search_memory_registry_20260628\remote_inputs\a7search4_selected_rows.csv
mem-468668521b0a034b,A7SEARCH4,selected_or_nearmiss,a7search1_5c63195c20535580,open_interest|positioning,safe_div_abs_gated,24,rejected,control_dominated,expr-af13aa89d80f49b2,skeleton-3f0e227260eb2a0e,1,,,,,,0.6201831105874976,9.397246551979695,10.94197883004671,8.040125459016506,6.342282655049551,2.6315923028320496,0.9903567924729847,0.12715777905643624,True,oos_control_dominated;oos_lag_stale_dominated,False,False,True,True,"Mul(SafeDiv(CSRank(open_interest_mean),Abs(Decay(account_position_divergence,96))),Sign(Abs(ZScore(trade_quote_volume))))",G:\Project_V7_Rotation\alpha_pit_engine_crypto_20260519\runtime\a7mem0_search_memory_registry_20260628\remote_inputs\a7search4_selected_rows.csv
mem-912518b66305d3cc,A7SEARCH4,selected_or_nearmiss,a7search1_aa0c597d0834e0c7,open_interest|positioning,smooth_mul_gated,24,rejected,control_dominated,expr-a8b6bbd7df451611,skeleton-683a24571a7b73e6,1,,,,,,0.20760044214901358,1.6688363099087415,0.17783927946073863,15.116581240674739,-0.5721638564570513,3.248974482822754,0.9843352174208196,0.1768256657526258,True,oos_nonoverlap_floor_not_positive;oos_control_dominated;oos_lag_stale_dominated,False,False,True,True,"Mul(Mul(ZScore(open_interest_value_mean),Decay(top_long_short_account_ratio_last,24)),Sign(Decay(listing_age_days,720)))",G:\Project_V7_Rotation\alpha_pit_engine_crypto_20260519\runtime\a7mem0_search_memory_registry_20260628\remote_inputs\a7search4_selected_rows.csv
mem-f4702fba71411165,A7SEARCH4,selected_or_nearmiss,a7search1_b2c65b98fc669e88,open_interest|positioning,safe_div_abs_gated,8,rejected,control_dominated,expr-534966bca6051207,skeleton-80102f85e849f8a3,1,,,,,,1.256985411243165,6.166182404341458,12.115265802672951,2.1349959732632877,0.5941096817549192,0.1185249421629401,1.6290653820507304,0.5617915492689667,True,oos_control_dominated;oos_lag_stale_dominated,False,False,True,True,"Mul(SafeDiv(CSRank(open_interest_value_change_24h),Abs(ZScore(account_position_divergence))),Sign(Abs(ZScore(quote_volume_z_168h))))",G:\Project_V7_Rotation\alpha_pit_engine_crypto_20260519\runtime\a7mem0_search_memory_registry_20260628\remote_inputs\a7search4_selected_rows.csv
mem-deef2e685f9fdea8,A7SEARCH4,selected_or_nearmiss,a7search1_e06c763d2571ad11,open_interest|open_interest,spread_gated,8,rejected,control_dominated,expr-7f10e29580ceb346,skeleton-b41b9a882ea67b2a,1,,,,,,1.2487067434096644,2.7663558178924443,1.1725702084896144,6.816289742498168,-0.2910546189133494,3.075760216003059,0.9721525599072365,0.5148919052552487,True,oos_nonoverlap_floor_not_positive;oos_control_dominated;oos_lag_stale_dominated,False,False,True,True,"Mul(Sub(Delta(open_interest_value_mean,16),Mean(open_interest_value_last,12)),Sign(Decay(basis_dislocation_state,72)))",G:\Project_V7_Rotation\alpha_pit_engine_crypto_20260519\runtime\a7mem0_search_memory_registry_20260628\remote_inputs\a7search4_selected_rows.csv
mem-79821fb8b2d5523a,A7SEARCH4,selected_or_nearmiss,a7search1_c3767cb885e3c902,open_interest|positioning,spread_gated,8,rejected,control_dominated,expr-fdf3391cd9696d5c,skeleton-2871cdfb04a4b852,1,,,,,,0.09166920230955218,0.3404867134102768,3.394580192809433,13.69804532916546,-0.6585546501166332,1.4765336402355282,1.002690443413495,0.043928022894182045,True,oos_nonoverlap_floor_not_positive;oos_control_dominated;oos_lag_stale_dominated,False,False,True,True,"Mul(Sub(ZScore(open_interest_last),ZScore(top_long_short_account_ratio_last)),Sign(Decay(liquidity_cycle_state,120)))",G:\Project_V7_Rotation\alpha_pit_engine_crypto_20260519\runtime\a7mem0_search_memory_registry_20260628\remote_inputs\a7search4_selected_rows.csv
mem-9d71b47c075b0508,A7SEARCH4,selected_or_nearmiss,a7search1_83eefb759d03153e,positioning|positioning,spread_gated,24,rejected,control_dominated,expr-b1294440425ec0ca,skeleton-526eda67cfbd902c,1,,,,,,0.06761888804133712,0.030718279295095744,9.544619472428078,5.687592428158723,-0.6638782519802128,0.12118514867101587,0.9826603290722402,0.22555066872118623,True,oos_nonoverlap_floor_not_positive;oos_control_dominated;oos_lag_stale_dominated,False,False,True,True,"Mul(Sub(CSRank(account_position_divergence),Decay(top_long_short_account_ratio_last,336)),Sign(Decay(listing_age_days,336)))",G:\Project_V7_Rotation\alpha_pit_engine_crypto_20260519\runtime\a7mem0_search_memory_registry_20260628\remote_inputs\a7search4_selected_rows.csv
mem-586d69f83be3928f,A7SEARCH4,selected_or_nearmiss,a7search1_7733e082361a0d1c,positioning|positioning,additive_composite_gated,8,rejected,control_dominated,expr-98541ad3ffb070de,skeleton-b25ce5a2f44885b3,1,,,,,,1.0099850726362933,3.9649406004421897,2.86518161096146,12.769450237949673,1.3241552463066029,4.52625224269892,1.0377635315524514,0.5302443217338124,True,oos_control_dominated;oos_lag_stale_dominated,False,False,True,True,"Mul(Add(CSRank(top_long_short_account_ratio_last),Delta(top_long_short_position_ratio_last,96)),Sign(TSRank(trade_quote_volume,336)))",G:\Project_V7_Rotation\alpha_pit_engine_crypto_20260519\runtime\a7mem0_search_memory_registry_20260628\remote_inputs\a7search4_selected_rows.csv
mem-af61d4b87ffc3652,A7SEARCH4,selected_or_nearmiss,a7search1_db9601bbd48fd8e7,positioning|positioning,safe_div_abs_gated,24,strict_pass,,expr-0a0b771d5a8aea77,skeleton-7513f01ff673e273,2,,,,,,2.6063232773322516,2.4273933507317267,13.45699353177001,16.894260138807173,0.3733987644855309,2.0560717765356693,0.9806922690184225,0.02014981717110651,False,,True,True,True,True,"Mul(SafeDiv(ZScore(global_long_short_account_ratio_last),Abs(Sign(Delta(global_long_short_account_ratio_last,720)))),Sign(Decay(liquidity_cycle_state,720)))",G:\Project_V7_Rotation\alpha_pit_engine_crypto_20260519\runtime\a7mem0_search_memory_registry_20260628\remote_inputs\a7search4_selected_rows.csv
mem-3d92c93790bd2be1,A7SEARCH4,selected_or_nearmiss,a7search1_0571ae5365c19207,positioning|positioning,spread_gated,8,strict_pass,,expr-aaaa4f373d84c4a3,skeleton-86b4f95436687260,2,,,,,,0.5446732977174243,2.3303005558862506,3.3308417601578224,12.334125567877912,0.35228673663795734,0.7017562146041108,1.0313936000406319,0.1759993037811195,False,,True,True,True,True,"Mul(Sub(Mean(account_position_divergence,720),ZScore(account_position_divergence)),Sign(CSRank(quote_volume_z_168h)))",G:\Project_V7_Rotation\alpha_pit_engine_crypto_20260519\runtime\a7mem0_search_memory_registry_20260628\remote_inputs\a7search4_selected_rows.csv
mem-0d6c37832fd326c7,A7SEARCH4,selected_or_nearmiss,a7search1_5630ec917390bb00,open_interest|open_interest,spread_gated,24,rejected,control_dominated,expr-4cdacb905e3d1824,skeleton-bb535fdcbbbfceb5,1,,,,,,0.2507314447909634,3.6846226579352486,6.778327360563992,18.1996665898495,-0.6490193484463778,1.8616061392059418,1.0126516459574746,0.07968815383293046,True,oos_nonoverlap_floor_not_positive;oos_control_dominated;oos_lag_stale_dominated,False,False,True,True,"Mul(Sub(TSRank(open_interest_mean,48),Delta(open_interest_value_last,96)),Sign(Decay(liquidity_cycle_state,720)))",G:\Project_V7_Rotation\alpha_pit_engine_crypto_20260519\runtime\a7mem0_search_memory_registry_20260628\remote_inputs\a7search4_selected_rows.csv
mem-c9a1efd34a754bfd,A7SEARCH4,selected_or_nearmiss,a7search1_4bbd9eb22e3ee61e,positioning|positioning,safe_div_abs_gated,8,rejected,other_hard_reject,expr-c9491e2e759aaba9,skeleton-ad1d69c5cb70ac87,1,,,,,,0.08538034879991838,0.5106226856922813,4.028445952316606,15.614206439258027,-0.7203664636833629,4.526280723560755,1.0036045170095245,0.17561927451245274,True,oos_nonoverlap_floor_not_positive,False,False,True,True,"Mul(SafeDiv(ZScore(top_long_short_account_ratio_last),Abs(CSRank(top_long_short_account_ratio_last))),Sign(Abs(ZScore(quote_volume_z_168h))))",G:\Project_V7_Rotation\alpha_pit_engine_crypto_20260519\runtime\a7mem0_search_memory_registry_20260628\remote_inputs\a7search4_selected_rows.csv
mem-180dd1ad15fd672d,A7SEARCH4,selected_or_nearmiss,a7search1_3ad5c09f6df4ddb2,open_interest|positioning,safe_div_abs_gated,8,rejected,control_dominated,expr-65da569ead83e1e0,skeleton-394649dc0bfe1ef6,1,,,,,,0.49176632092618644,1.2886395579109053,4.189027389796713,10.843038759645168,0.3342734521633204,-0.4045490299560499,1.0479485470736707,0.43444297319256847,True,stress_floor_not_positive;oos_control_dominated;oos_lag_stale_dominated,False,False,True,True,"Mul(SafeDiv(Mean(open_interest_value_last,504),Abs(ZScore(global_long_short_account_ratio_last))),Sign(Decay(quote_volume_z_168h,336)))",G:\Project_V7_Rotation\alpha_pit_engine_crypto_20260519\runtime\a7mem0_search_memory_registry_20260628\remote_inputs\a7search4_selected_rows.csv
mem-282ea7ff3fdccb89,A7SEARCH4,selected_or_nearmiss,a7search1_f2be5b051ba77ea5,positioning|positioning,spread_gated,8,rejected,control_dominated,expr-1a651240c02564e3,skeleton-53ea207db4affa75,1,,,,,,0.2635420086731569,2.8361132003314222,16.040388206346687,14.730503938626004,0.8377650060397703,1.5437412859129163,1.0069463213056102,0.15467759282133967,True,oos_control_dominated;oos_lag_stale_dominated,False,False,True,True,"Mul(Sub(CSRank(global_long_short_account_ratio_last),Mean(top_global_account_divergence,336)),Sign(Abs(ZScore(quote_volume_z_168h))))",G:\Project_V7_Rotation\alpha_pit_engine_crypto_20260519\runtime\a7mem0_search_memory_registry_20260628\remote_inputs\a7search4_selected_rows.csv
mem-661cf4864c555b04,A7SEARCH4,selected_or_nearmiss,a7search1_8168258910f9cb89,open_interest|positioning,safe_div_abs_gated,24,rejected,control_dominated,expr-7a061a267916874c,skeleton-08c20f7d7a2974b2,1,,,,,,0.7109081227384642,3.9188393161917663,8.129135237714014,9.847541209247758,0.6154422228347319,4.934844064974197,0.9955826934598792,0.2596474802247932,True,oos_control_dominated;oos_lag_stale_dominated,False,False,True,True,"Mul(SafeDiv(Delta(open_interest_value_mean,240),Abs(Delta(top_long_short_account_ratio_last,36))),Sign(CSRank(trade_quote_volume)))",G:\Project_V7_Rotation\alpha_pit_engine_crypto_20260519\runtime\a7mem0_search_memory_registry_20260628\remote_inputs\a7search4_selected_rows.csv
mem-c7dcb5b8f622d9bc,A7SEARCH4,selected_or_nearmiss,a7search1_ab4bf257eb3e3b65,open_interest|positioning,additive_composite_gated,8,rejected,control_dominated,expr-7626570d82bbd107,skeleton-6b73645d617d64f0,1,,,,,,0.6993043705135591,4.7623209816936924,3.3569499319569887,10.836087532852424,0.6612891652439469,1.3095460453141003,1.0044361652635505,0.7256236044540683,True,oos_control_dominated;oos_lag_stale_dominated,False,False,True,True,"Mul(Add(TSRank(open_interest_value_change_24h,36),ZScore(account_position_divergence)),Sign(TSRank(quote_volume_z_168h,96)))",G:\Project_V7_Rotation\alpha_pit_engine_crypto_20260519\runtime\a7mem0_search_memory_registry_20260628\remote_inputs\a7search4_selected_rows.csv
mem-4acfd4cf76e0f697,A7SEARCH4,selected_or_nearmiss,a7search1_5fcb2eb60adcead6,positioning|positioning,spread_gated,8,rejected,control_dominated,expr-54b4f64dd3eeb4db,skeleton-dd1c6c08f2c1f5e7,1,,,,,,0.5993576748323342,2.5703495601242827,3.133503549065391,14.952547267999245,-0.20914311060044255,1.5461724649612658,0.9563539192490323,0.17281262055000365,True,oos_nonoverlap_floor_not_positive;oos_control_dominated;oos_lag_stale_dominated,False,False,True,True,"Mul(Sub(Mean(account_position_divergence,24),TSRank(top_long_short_account_ratio_last,36)),Sign(Mean(trade_quote_volume,24)))",G:\Project_V7_Rotation\alpha_pit_engine_crypto_20260519\runtime\a7mem0_search_memory_registry_20260628\remote_inputs\a7search4_selected_rows.csv
mem-943b58981945f55c,A7SEARCH4,selected_or_nearmiss,a7search1_ba9b407fdbcde4b4,open_interest|positioning,safe_div_abs_gated,8,rejected,control_dominated,expr-d352612a93b4956d,skeleton-0d102b2d38582f85,1,,,,,,0.5939474649549945,0.687304282626765,2.622884330329703,12.645341699451057,-0.2657553261702165,1.4122584794905297,1.0006415396290285,0.7507502592991986,True,oos_nonoverlap_floor_not_positive;oos_control_dominated;oos_lag_stale_dominated,False,False,True,True,"Mul(SafeDiv(Abs(ZScore(open_interest_mean)),Abs(CSRank(top_long_short_account_ratio_last))),Sign(Decay(basis_dislocation_state,240)))",G:\Project_V7_Rotation\alpha_pit_engine_crypto_20260519\runtime\a7mem0_search_memory_registry_20260628\remote_inputs\a7search4_selected_rows.csv
mem-6d6a1c40571e20d5,A7SEARCH4,selected_or_nearmiss,a7search1_082bb625beaf59e8,positioning|positioning,smooth_mul_gated,24,rejected,control_dominated,expr-ef28b4296ecb48d6,skeleton-183d170a15e44214,1,,,,,,0.3951152414246091,16.16426660383475,14.510950427240704,2.971041818983078,0.9661298217439336,-0.7493846943993292,3.6900788627421415,0.9085462629416001,True,stress_floor_not_positive;oos_control_dominated;oos_lag_stale_dominated,False,False,True,True,"Mul(Mul(ZScore(top_long_short_account_ratio_last),ZScore(top_long_short_position_ratio_last)),Sign(Decay(sqrt_listing_age_days,168)))",G:\Project_V7_Rotation\alpha_pit_engine_crypto_20260519\runtime\a7mem0_search_memory_registry_20260628\remote_inputs\a7search4_selected_rows.csv
mem-259b232abcc9207f,A7SEARCH4,selected_or_nearmiss,a7search1_6af3bf47e6da4b81,open_interest|open_interest,additive_composite_gated,24,rejected,control_dominated,expr-c65e00e67247c487,skeleton-b5731d7c96c30642,2,,,,,,1.014195983868363,4.2576710589429325,5.011369867961557,12.414965977956218,0.007221933688572964,6.728536417644294,0.9835064625991355,0.16886745902223826,True,oos_control_dominated;oos_lag_stale_dominated,False,False,True,True,"Mul(Add(Delta(open_interest_value_last,240),ZScore(open_interest_last)),Sign(CSRank(trade_quote_volume)))",G:\Project_V7_Rotation\alpha_pit_engine_crypto_20260519\runtime\a7mem0_search_memory_registry_20260628\remote_inputs\a7search4_selected_rows.csv
mem-6ba14ad982b11880,A7SEARCH4,selected_or_nearmiss,a7search1_6af3bf47e6da4b81,open_interest|open_interest,additive_composite_gated,8,rejected,control_dominated,expr-c65e00e67247c487,skeleton-b5731d7c96c30642,2,,,,,,1.0550129101602364,0.3461391040234841,6.208198133645103,10.615576523241172,-0.3520496094719522,11.685467391604716,1.0279027260744402,0.19712748365717092,True,oos_nonoverlap_floor_not_positive;oos_control_dominated;oos_lag_stale_dominated,False,False,True,True,"Mul(Add(Delta(open_interest_value_last,240),ZScore(open_interest_last)),Sign(CSRank(trade_quote_volume)))",G:\Project_V7_Rotation\alpha_pit_engine_crypto_20260519\runtime\a7mem0_search_memory_registry_20260628\remote_inputs\a7search4_selected_rows.csv
mem-1a58022eff102088,A7SEARCH4,selected_or_nearmiss,a7search1_de9398a988153d21,open_interest|positioning,smooth_mul_gated,24,rejected,control_dominated,expr-1d5cd51759d048d1,skeleton-368327c4885dba6c,1,,,,,,0.5326023277089489,10.604307625368039,2.1639870216656543,15.449495857828671,-0.7241603005314988,3.4875661676021323,0.979696173400134,0.1340304613175303,True,oos_nonoverlap_floor_not_positive;oos_control_dominated;oos_lag_stale_dominated,False,False,True,True,"Mul(Mul(CSRank(open_interest_last),ZScore(account_position_divergence)),Sign(Decay(age_percentile_active_universe,72)))",G:\Project_V7_Rotation\alpha_pit_engine_crypto_20260519\runtime\a7mem0_search_memory_registry_20260628\remote_inputs\a7search4_selected_rows.csv
mem-1b9de00576351f44,A7SEARCH4,selected_or_nearmiss,a7search1_eb3ddd00ed944343,open_interest|positioning,smooth_mul_gated,24,rejected,control_dominated,expr-d4b634600018af2f,skeleton-f904272e9405a967,1,,,,,,0.5776045864140462,8.207872662350653,1.3871901413279368,0.259247269760782,-0.4608139618369194,3.707741724779645,1.0663315098849169,0.27463939842476554,True,oos_nonoverlap_floor_not_positive;oos_control_dominated;oos_lag_stale_dominated,False,False,True,True,"Mul(Mul(CSRank(open_interest_mean),Mean(top_long_short_position_ratio_last,72)),Sign(Decay(leverage_crowding_state,720)))",G:\Project_V7_Rotation\alpha_pit_engine_crypto_20260519\runtime\a7mem0_search_memory_registry_20260628\remote_inputs\a7search4_selected_rows.csv
mem-7dcb5605b7b32637,A7SEARCH4,selected_or_nearmiss,a7search1_b49a560b18ef80ef,open_interest|positioning,smooth_mul_gated,24,strict_pass,,expr-7f42cc8ce852b55e,skeleton-5e7b7e4e8493cd94,3,,,,,,0.44800669575773955,5.483597951534053,4.804671580960772,8.715946507957426,1.2865896887819508,6.222606662595975,0.9802301012980708,0.000392199994193274,False,,True,True,True,True,"Mul(Mul(Delta(open_interest_value_last,240),TSRank(top_long_short_position_ratio_last,504)),Sign(CSRank(quote_volume_z_168h)))",G:\Project_V7_Rotation\alpha_pit_engine_crypto_20260519\runtime\a7mem0_search_memory_registry_20260628\remote_inputs\a7search4_selected_rows.csv
mem-8d32bd3538cec930,A7SEARCH4,selected_or_nearmiss,a7search1_0e492b7059acbb7f,open_interest|positioning,safe_div_abs_gated,8,rejected,control_dominated,expr-a114be6f7168e707,skeleton-04fd9924557215ec,1,,,,,,2.2055737198103853,4.194771366985639,4.076301791223019,12.390218320737887,2.604815794057333,5.570525486968402,1.0303892825524492,0.4963971459611749,True,oos_control_dominated;oos_lag_stale_dominated,False,False,True,True,"Mul(SafeDiv(TSRank(open_interest_value_mean,720),Abs(Decay(top_long_short_position_ratio_last,48))),Sign(Mean(trade_quote_volume,720)))",G:\Project_V7_Rotation\alpha_pit_engine_crypto_20260519\runtime\a7mem0_search_memory_registry_20260628\remote_inputs\a7search4_selected_rows.csv
mem-7dac7311584de1f5,A7SEARCH4,selected_or_nearmiss,a7search1_a9e5745719f81f73,open_interest|positioning,spread_gated,8,rejected,control_dominated,expr-156d90501b4abb1f,skeleton-953747cdea986c2d,1,,,,,,1.377167450784964,5.279011950687144,5.987683685805841,15.239674693264003,3.2420621995393835,0.40384332282583346,0.9932474353249813,0.11168911507067612,True,oos_control_dominated;oos_lag_stale_dominated,False,False,True,True,"Mul(Sub(Abs(ZScore(open_interest_value_last)),CSRank(account_position_divergence)),Sign(Decay(age_percentile_active_universe,72)))",G:\Project_V7_Rotation\alpha_pit_engine_crypto_20260519\runtime\a7mem0_search_memory_registry_20260628\remote_inputs\a7search4_selected_rows.csv
mem-d41431a82a0d3dfe,A7SEARCH4,selected_or_nearmiss,a7search1_b49a560b18ef80ef,open_interest|positioning,smooth_mul_gated,8,rejected,control_dominated,expr-7f42cc8ce852b55e,skeleton-5e7b7e4e8493cd94,3,,,,,,0.06178642055617378,1.6232558170038303,4.872033910387497,10.401249398900088,0.003445440244786913,9.467708702523552,1.0083341434885362,0.641453661731716,True,oos_control_dominated;oos_lag_stale_dominated,False,False,True,True,"Mul(Mul(Delta(open_interest_value_last,240),TSRank(top_long_short_position_ratio_last,504)),Sign(CSRank(quote_volume_z_168h)))",G:\Project_V7_Rotation\alpha_pit_engine_crypto_20260519\runtime\a7mem0_search_memory_registry_20260628\remote_inputs\a7search4_selected_rows.csv
mem-a2aa3b8abeee6eb0,A7SEARCH4,selected_or_nearmiss,a7search1_3ac5d8b2880d77b8,open_interest|open_interest,spread_gated,8,rejected,control_dominated,expr-6836f29f0526088c,skeleton-d2215b11ff7933de,1,,,,,,4.352237244316713,1.91657284204575,10.79822794320251,3.629291763618904,-0.7216439289689398,3.320014865406094,1.219335572425809,0.6361753442780649,True,oos_nonoverlap_floor_not_positive;oos_control_dominated;oos_lag_stale_dominated,False,False,True,True,"Mul(Sub(Abs(ZScore(open_interest_value_mean)),Sign(Delta(open_interest_value_last,24))),Sign(CSRank(quote_volume_z_168h)))",G:\Project_V7_Rotation\alpha_pit_engine_crypto_20260519\runtime\a7mem0_search_memory_registry_20260628\remote_inputs\a7search4_selected_rows.csv
mem-d6b981479f64c01b,A7SEARCH4,selected_or_nearmiss,a7search1_a27fa2d9cb27719b,positioning|positioning,additive_composite_gated,8,rejected,control_dominated,expr-7ad5a9032eaf89f6,skeleton-4086058b097ceb6b,1,,,,,,1.374826108938512,1.2846283632373545,1.9333634683784224,12.183755869930298,-0.7269800396831972,0.5844364567043592,0.9872025541323253,0.14257345089849396,True,oos_nonoverlap_floor_not_positive;oos_control_dominated;oos_lag_stale_dominated,False,False,True,True,"Mul(Add(CSRank(global_long_short_account_ratio_last),Decay(top_global_account_divergence,120)),Sign(Decay(age_percentile_active_universe,120)))",G:\Project_V7_Rotation\alpha_pit_engine_crypto_20260519\runtime\a7mem0_search_memory_registry_20260628\remote_inputs\a7search4_selected_rows.csv
mem-dc02a6d0c71fc056,A7SEARCH4,selected_or_nearmiss,a7search1_a86382a5da04df4f,open_interest|open_interest,safe_div_abs_gated,8,strict_pass,,expr-97c9674451e7b313,skeleton-c9ec07b528c76248,2,,,,,,2.740981753932732,0.47718832523661514,8.040221088334373,15.467996373427074,0.0657195172760543,18.16521456324074,1.031208020298472,0.31780131528915917,False,,True,True,True,True,"Mul(SafeDiv(Delta(open_interest_value_mean,120),Abs(ZScore(open_interest_mean))),Sign(Decay(log1p_listing_age_days,48)))",G:\Project_V7_Rotation\alpha_pit_engine_crypto_20260519\runtime\a7mem0_search_memory_registry_20260628\remote_inputs\a7search4_selected_rows.csv
mem-05d5029452b8e9c7,A7SEARCH4,selected_or_nearmiss,a7search1_70575e446eb7032c,positioning|positioning,safe_div_abs_gated,24,rejected,control_dominated,expr-9cf9d13c33bdf4c2,skeleton-3f0e227260eb2a0e,2,,,,,,0.5932186521800021,8.5944946406541,9.484272117234243,15.59524556974602,3.148281852786018,1.532932362318111,0.9805976598577478,0.0003571781788592281,True,oos_control_dominated;oos_lag_stale_dominated,False,False,True,True,"Mul(SafeDiv(CSRank(global_long_short_account_ratio_last),Abs(Decay(top_long_short_position_ratio_last,240))),Sign(Abs(ZScore(quote_volume_z_168h))))",G:\Project_V7_Rotation\alpha_pit_engine_crypto_20260519\runtime\a7mem0_search_memory_registry_20260628\remote_inputs\a7search4_selected_rows.csv
mem-94530cb2d70bf771,A7SEARCH4,selected_or_nearmiss,a7search1_70575e446eb7032c,positioning|positioning,safe_div_abs_gated,8,rejected,control_dominated,expr-9cf9d13c33bdf4c2,skeleton-3f0e227260eb2a0e,2,,,,,,0.3038702645944866,5.4914390116529805,5.514168226413405,14.181005086338182,3.1526512160243128,3.8407309074796743,0.9947198545942428,0.5175353993479711,True,oos_control_dominated;oos_lag_stale_dominated,False,False,True,True,"Mul(SafeDiv(CSRank(global_long_short_account_ratio_last),Abs(Decay(top_long_short_position_ratio_last,240))),Sign(Abs(ZScore(quote_volume_z_168h))))",G:\Project_V7_Rotation\alpha_pit_engine_crypto_20260519\runtime\a7mem0_search_memory_registry_20260628\remote_inputs\a7search4_selected_rows.csv
mem-530d1f4b6050334c,A7SEARCH4,selected_or_nearmiss,a7search1_e8c814e2b0f37557,open_interest|open_interest,safe_div_abs_gated,24,rejected,other_hard_reject,expr-9aa312bb1712b365,skeleton-a8774b94b25355c8,1,,,,,,1.3515107236041697,3.7127073457367503,5.70356591621565,12.997075339704052,-0.018583627315189387,4.908441139304103,0.9921614056815001,0.3205098516682003,True,oos_nonoverlap_floor_not_positive,False,False,True,True,"Mul(SafeDiv(Delta(open_interest_value_mean,240),Abs(CSRank(open_interest_mean))),Sign(Mean(trade_quote_volume,3)))",G:\Project_V7_Rotation\alpha_pit_engine_crypto_20260519\runtime\a7mem0_search_memory_registry_20260628\remote_inputs\a7search4_selected_rows.csv
mem-f799b68cbc5152f4,A7SEARCH4,selected_or_nearmiss,a7search1_5b21af418d9af176,positioning|positioning,smooth_mul_gated,24,strict_pass,,expr-6ec8a5be2698c203,skeleton-6a26976338896d7d,2,,,,,,0.3078998202205484,3.93612612975162,3.9006203974760005,14.529889092786835,0.8312523547668085,2.936250496331934,0.9714435972693429,0.14125710657578466,False,,True,True,True,True,"Mul(Mul(ZScore(account_position_divergence),TSRank(account_position_divergence,120)),Sign(Abs(ZScore(trade_quote_volume))))",G:\Project_V7_Rotation\alpha_pit_engine_crypto_20260519\runtime\a7mem0_search_memory_registry_20260628\remote_inputs\a7search4_selected_rows.csv
mem-1818ced3b81a7792,A7SEARCH4,selected_or_nearmiss,a7search1_efe06e08631bf4d8,open_interest|positioning,safe_div_abs_gated,8,strict_pass,,expr-910aa36fcaf04d14,skeleton-ee2f57c71a5e1378,3,,,,,,1.0515297291702725,3.9922087738545606,4.767248629219651,14.746325701068896,1.441404324352584,0.37520791372467666,1.0003679539944588,0.06191167859967141,False,,True,True,True,True,"Mul(SafeDiv(Abs(ZScore(open_interest_mean)),Abs(CSRank(account_position_divergence))),Sign(CSRank(quote_volume_z_168h)))",G:\Project_V7_Rotation\alpha_pit_engine_crypto_20260519\runtime\a7mem0_search_memory_registry_20260628\remote_inputs\a7search4_selected_rows.csv
mem-a6b7451b75fe2437,A7SEARCH4,selected_or_nearmiss,a7search1_efe06e08631bf4d8,open_interest|positioning,safe_div_abs_gated,24,rejected,control_dominated,expr-910aa36fcaf04d14,skeleton-ee2f57c71a5e1378,3,,,,,,0.9594877237727455,3.9242238180593096,6.5800618740322125,14.671429557806235,1.7942467540118447,-0.6510923509881276,0.9811726559055229,0.13221019373528983,True,stress_floor_not_positive;oos_control_dominated;oos_lag_stale_dominated,False,False,True,True,"Mul(SafeDiv(Abs(ZScore(open_interest_mean)),Abs(CSRank(account_position_divergence))),Sign(CSRank(quote_volume_z_168h)))",G:\Project_V7_Rotation\alpha_pit_engine_crypto_20260519\runtime\a7mem0_search_memory_registry_20260628\remote_inputs\a7search4_selected_rows.csv
mem-974531fb609380b3,A7SEARCH4,selected_or_nearmiss,a7search1_50d8e8c8b85ca3ea,open_interest|positioning,spread_gated,8,rejected,control_dominated,expr-56a0b60c4a9a8ff5,skeleton-49426952c4e70af0,1,,,,,,0.8201904707942702,2.4852871647938084,8.05899560869637,12.867905277108889,0.2952726516729817,1.7679709407981836,1.0291311503350744,0.27641598408518897,True,oos_control_dominated;oos_lag_stale_dominated,False,False,True,True,"Mul(Sub(CSRank(open_interest_value_change_24h),ZScore(global_long_short_account_ratio_last)),Sign(CSRank(trade_quote_volume)))",G:\Project_V7_Rotation\alpha_pit_engine_crypto_20260519\runtime\a7mem0_search_memory_registry_20260628\remote_inputs\a7search4_selected_rows.csv
mem-7f0c0198d227302e,A7SEARCH4,selected_or_nearmiss,a7search1_05ca3f7355116cd5,positioning|positioning,spread_gated,24,rejected,control_dominated,expr-52071ef6bd7f0cb6,skeleton-9f6aa25a3ce9d559,1,,,,,,0.12840306826773445,4.645949760479593,3.489724279579378,23.686769811634292,-0.09357675197166106,-0.6306563593695708,0.9847446570098268,0.07150818632826063,True,oos_nonoverlap_floor_not_positive;stress_floor_not_positive;oos_control_dominated;oos_lag_stale_dominated,False,False,True,True,"Mul(Sub(TSRank(top_long_short_account_ratio_last,504),ZScore(account_position_divergence)),Sign(Decay(age_percentile_active_universe,720)))",G:\Project_V7_Rotation\alpha_pit_engine_crypto_20260519\runtime\a7mem0_search_memory_registry_20260628\remote_inputs\a7search4_selected_rows.csv
mem-ed46e458ace0366d,A7SEARCH4,selected_or_nearmiss,a7search1_fdc36f4e21c0b0dd,open_interest|positioning,safe_div_abs_gated,8,strict_pass,,expr-102509be7b74aa2d,skeleton-ee2f57c71a5e1378,3,,,,,,1.023824630412784,3.9922087738545606,4.767248629219651,14.746325701068896,1.441404324352584,0.37520791372467666,1.0003679539944588,0.11183175433097367,False,,True,True,True,True,"Mul(SafeDiv(Abs(ZScore(open_interest_mean)),Abs(CSRank(account_position_divergence))),Sign(CSRank(trade_quote_volume)))",G:\Project_V7_Rotation\alpha_pit_engine_crypto_20260519\runtime\a7mem0_search_memory_registry_20260628\remote_inputs\a7search4_selected_rows.csv
mem-bf9d85d1a373bda9,A7SEARCH4,selected_or_nearmiss,a7search1_fdc36f4e21c0b0dd,open_interest|positioning,safe_div_abs_gated,24,rejected,control_dominated,expr-102509be7b74aa2d,skeleton-ee2f57c71a5e1378,3,,,,,,0.8059890644383709,3.9242238180593096,6.5800618740322125,14.671429557806235,1.7942467540118447,-0.6510923509881276,0.9811726559055229,0.17226561355550885,True,stress_floor_not_positive;oos_control_dominated;oos_lag_stale_dominated,False,False,True,True,"Mul(SafeDiv(Abs(ZScore(open_interest_mean)),Abs(CSRank(account_position_divergence))),Sign(CSRank(trade_quote_volume)))",G:\Project_V7_Rotation\alpha_pit_engine_crypto_20260519\runtime\a7mem0_search_memory_registry_20260628\remote_inputs\a7search4_selected_rows.csv
mem-07a6ddeb863166e9,A7SEARCH4,selected_or_nearmiss,a7search1_2432b22ea74fc05c,open_interest|open_interest,spread_gated,8,rejected,control_dominated,expr-f89963c9ab3bc498,skeleton-a4959d3499bcfa9f,1,,,,,,3.9282509925121687,1.7477944015012614,4.556810810374429,9.70230802825494,-0.3429016721463953,0.5540639612486706,1.123217552870515,0.36513382126563265,True,oos_nonoverlap_floor_not_positive;oos_control_dominated;oos_lag_stale_dominated,False,False,True,True,"Mul(Sub(Mean(open_interest_value_change_24h,16),ZScore(open_interest_value_mean)),Sign(Mean(trade_quote_volume,96)))",G:\Project_V7_Rotation\alpha_pit_engine_crypto_20260519\runtime\a7mem0_search_memory_registry_20260628\remote_inputs\a7search4_selected_rows.csv
mem-e2a207f4d7f2f726,A7SEARCH4,selected_or_nearmiss,a7search1_f6cb156dbe6d81c0,open_interest|positioning,safe_div_abs_gated,8,rejected,control_dominated,expr-0020f317825b983d,skeleton-08a8c6712c4540a4,1,,,,,,1.833690292503988,6.927928984442431,13.136204322269869,16.305201566894674,5.921268397327206,3.3433239177336107,1.0249040483604244,0.2909491708550109,True,oos_control_dominated;oos_lag_stale_dominated,False,False,True,True,"Mul(SafeDiv(TSRank(open_interest_value_mean,336),Abs(Decay(global_long_short_account_ratio_last,168))),Sign(Decay(trade_quote_volume,8)))",G:\Project_V7_Rotation\alpha_pit_engine_crypto_20260519\runtime\a7mem0_search_memory_registry_20260628\remote_inputs\a7search4_selected_rows.csv
mem-0dd9a024575de81d,A7SEARCH4,selected_or_nearmiss,a7search1_5ab98739e3e9b4fc,positioning|positioning,safe_div_abs_gated,8,rejected,control_dominated,expr-ad61d3ff654caddf,skeleton-5263430b6553e78b,1,,,,,,0.5219196081194393,3.1656843544687705,3.5340217147405344,15.180230110257835,0.5799481023367676,-0.4428346018107906,0.9963718936623907,0.15930638754256432,True,stress_floor_not_positive;oos_control_dominated;oos_lag_stale_dominated,False,False,True,True,"Mul(SafeDiv(ZScore(account_position_divergence),Abs(CSRank(account_position_divergence))),Sign(CSRank(trade_quote_volume)))",G:\Project_V7_Rotation\alpha_pit_engine_crypto_20260519\runtime\a7mem0_search_memory_registry_20260628\remote_inputs\a7search4_selected_rows.csv
mem-7cbbafdf19c29a01,A7SEARCH4,selected_or_nearmiss,a7search1_bdbb09df6f9e7382,positioning|positioning,smooth_mul_gated,8,rejected,control_dominated,expr-5e611261a3c60a38,skeleton-f717010e6b9fc383,1,,,,,,0.3709643567830496,2.935937906406111,3.559723886965044,18.552247371375564,0.3458465728860346,-0.6804598418458248,0.991281329930686,0.19837859070692915,True,stress_floor_not_positive;oos_control_dominated;oos_lag_stale_dominated,False,False,True,True,"Mul(Mul(ZScore(account_position_divergence),Mean(top_long_short_account_ratio_last,36)),Sign(Decay(listing_age_days,720)))",G:\Project_V7_Rotation\alpha_pit_engine_crypto_20260519\runtime\a7mem0_search_memory_registry_20260628\remote_inputs\a7search4_selected_rows.csv
mem-e882543c7bb40d36,A7SEARCH4,selected_or_nearmiss,a7search1_284645b447814ac1,age|positioning,safe_div_abs_gated,8,rejected,other_hard_reject,expr-59d03561701b6bc9,skeleton-a46b9c5d8e75b131,1,,,,,,0.05431817715573132,0.46692331179800917,4.0659265159695845,15.707438229412983,-0.706096650055891,3.1981381841439918,1.0029760615286287,0.19986004788571524,True,oos_nonoverlap_floor_not_positive,False,False,True,True,"Mul(SafeDiv(Decay(log1p_listing_age_days,504),Abs(CSRank(top_long_short_account_ratio_last))),Sign(Abs(ZScore(quote_volume_z_168h))))",G:\Project_V7_Rotation\alpha_pit_engine_crypto_20260519\runtime\a7mem0_search_memory_registry_20260628\remote_inputs\a7search4_selected_rows.csv
mem-e673df41e5ad43b7,A7SEARCH4,selected_or_nearmiss,a7search1_a098ad3c36d0bdd6,open_interest|open_interest,safe_div_abs_gated,8,rejected,control_dominated,expr-1da06d75a29a8e46,skeleton-84892aebeb8cfc21,1,,,,,,2.1075554283160414,2.5463482979917718,8.40060780915161,8.655895033346322,0.7051321300853294,-0.15705594119742253,1.095412863705095,0.8578559146472894,True,stress_floor_not_positive;oos_control_dominated;oos_lag_stale_dominated,False,False,True,True,"Mul(SafeDiv(ZScore(open_interest_mean),Abs(TSRank(open_interest_mean,336))),Sign(CSRank(trade_quote_volume)))",G:\Project_V7_Rotation\alpha_pit_engine_crypto_20260519\runtime\a7mem0_search_memory_registry_20260628\remote_inputs\a7search4_selected_rows.csv
mem-f338050a63742555,A7SEARCH4,selected_or_nearmiss,a7search1_c02723b552b839c8,open_interest|positioning,spread_gated,8,rejected,control_dominated,expr-fa674e0f029fc48f,skeleton-a730bb1bd16d47a4,1,,,,,,3.1231136688593866,4.965948494754918,3.3916611351074804,1.6640500689975455,-0.1401879881874271,0.3701332665737672,1.5563215831409756,0.6634691122409686,True,oos_nonoverlap_floor_not_positive;oos_control_dominated;oos_lag_stale_dominated,False,False,True,True,"Mul(Sub(Decay(open_interest_value_change_24h,6),Delta(top_long_short_account_ratio_last,720)),Sign(Decay(trade_quote_volume,3)))",G:\Project_V7_Rotation\alpha_pit_engine_crypto_20260519\runtime\a7mem0_search_memory_registry_20260628\remote_inputs\a7search4_selected_rows.csv
mem-24f4bfdfcb317f77,A7SEARCH4,selected_or_nearmiss,a7search1_e36a2b99443c4089,positioning|positioning,additive_composite_gated,8,rejected,control_dominated,expr-f4ea9e617389290f,skeleton-ff44edc5165a0d4d,1,,,,,,0.1453297131548115,0.19516993784639824,4.181894455428603,4.157799914970329,-0.3411200303430052,-0.23853742908135425,0.9826041163819749,0.28833039301561075,True,oos_nonoverlap_floor_not_positive;stress_floor_not_positive;oos_control_dominated;oos_lag_stale_dominated,False,False,True,True,"Mul(Add(Decay(top_global_account_divergence,120),Mean(top_long_short_account_ratio_last,168)),Sign(TSRank(quote_volume_z_168h,16)))",G:\Project_V7_Rotation\alpha_pit_engine_crypto_20260519\runtime\a7mem0_search_memory_registry_20260628\remote_inputs\a7search4_selected_rows.csv
mem-f7298d3f739f3ada,A7SEARCH4,selected_or_nearmiss,a7search1_f20042f47a10900d,open_interest|positioning,additive_composite_gated,24,rejected,control_dominated,expr-324d3080424cf9a0,skeleton-0b7024be8d5dfaf9,2,,,,,,0.9895191941361473,4.2576710589429325,5.011369867961557,12.414965977956218,0.007221933688572964,6.728536417644294,0.9835064625991355,0.13717620563186073,True,oos_control_dominated;oos_lag_stale_dominated,False,False,True,True,"Mul(Add(Delta(open_interest_value_last,240),Mean(top_global_account_divergence,36)),Sign(Abs(ZScore(trade_quote_volume))))",G:\Project_V7_Rotation\alpha_pit_engine_crypto_20260519\runtime\a7mem0_search_memory_registry_20260628\remote_inputs\a7search4_selected_rows.csv
mem-dc753847f73bb366,A7SEARCH4,selected_or_nearmiss,a7search1_f20042f47a10900d,open_interest|positioning,additive_composite_gated,8,rejected,control_dominated,expr-324d3080424cf9a0,skeleton-0b7024be8d5dfaf9,2,,,,,,1.0280892674293274,0.3461145497743182,6.208198133645103,10.615576523241172,-0.3498865842286283,11.685467391604716,1.0279027260744402,0.3436496971721943,True,oos_nonoverlap_floor_not_positive;oos_control_dominated;oos_lag_stale_dominated,False,False,True,True,"Mul(Add(Delta(open_interest_value_last,240),Mean(top_global_account_divergence,36)),Sign(Abs(ZScore(trade_quote_volume))))",G:\Project_V7_Rotation\alpha_pit_engine_crypto_20260519\runtime\a7mem0_search_memory_registry_20260628\remote_inputs\a7search4_selected_rows.csv
mem-f14f710b14164ab7,A7SEARCH4,selected_or_nearmiss,a7search1_4dd6845f81fb7d3b,open_interest|open_interest,spread_gated,8,rejected,control_dominated,expr-2122756767788ad1,skeleton-d5e7d1c8d421d04b,1,,,,,,3.6296598456768243,0.7147957418619969,9.98026360283172,3.9509213630800764,-0.5007363922115536,-0.31312036619354533,1.1636991673397974,0.485309973650913,True,oos_nonoverlap_floor_not_positive;stress_floor_not_positive;oos_control_dominated;oos_lag_stale_dominated,False,False,True,True,"Mul(Sub(Delta(open_interest_value_last,36),CSRank(open_interest_value_change_24h)),Sign(Decay(trade_quote_volume,240)))",G:\Project_V7_Rotation\alpha_pit_engine_crypto_20260519\runtime\a7mem0_search_memory_registry_20260628\remote_inputs\a7search4_selected_rows.csv
mem-36cd84edc91facf2,A7SEARCH4,selected_or_nearmiss,a7search1_9c7de5c59d2c03fe,open_interest|premium,additive_composite_gated,8,strict_pass,,expr-e1760672b1f145f5,skeleton-4838824538f0c860,3,,,,,,2.068506070771723,0.3888374339922281,8.459446386755422,15.510349596054716,0.004752100546043977,3.154784394649665,1.0399639306059107,0.2942736102865949,False,,True,True,True,True,"Mul(Add(Delta(open_interest_value_mean,120),Delta(premium_close_bps,240)),Sign(TSRank(quote_volume_z_168h,3)))",G:\Project_V7_Rotation\alpha_pit_engine_crypto_20260519\runtime\a7mem0_search_memory_registry_20260628\remote_inputs\a7search4_selected_rows.csv
mem-80d6cec9aec7b974,A7SEARCH4,selected_or_nearmiss,a7search1_2cb86f16d1617b55,basis|open_interest,smooth_mul_gated,8,rejected,control_dominated,expr-050cb99598ed0f5a,skeleton-190354049b5c3449,1,,,,,,2.4723185001344428,6.163837739488141,1.8930862672928694,2.827663110216125,1.1321391971027481,6.552475503963632,0.9805312028472721,0.9517744421646243,True,oos_control_dominated;oos_lag_stale_dominated,False,False,True,True,"Mul(Mul(Mean(mark_index_basis_bps,72),Decay(open_interest_mean,120)),Sign(Decay(stress_proxy_state,336)))",G:\Project_V7_Rotation\alpha_pit_engine_crypto_20260519\runtime\a7mem0_search_memory_registry_20260628\remote_inputs\a7search4_selected_rows.csv
mem-42fb47b2fefc0b2d,A7SEARCH4,selected_or_nearmiss,a7search1_6b93af919f8ffe52,basis|positioning,spread_gated,8,rejected,control_dominated,expr-cb9bba99338e2b9e,skeleton-e0e8f0327440db17,1,,,,,,0.9848182261920959,3.407670990107861,11.337410428809036,5.79784073083688,2.398347179411736,2.6708458671789463,1.0868669233941763,0.47973551728540303,True,oos_control_dominated;oos_lag_stale_dominated,False,False,True,True,"Mul(Sub(Mean(mark_trade_basis_bps,96),Abs(ZScore(account_position_divergence))),Sign(Decay(trade_quote_volume,240)))",G:\Project_V7_Rotation\alpha_pit_engine_crypto_20260519\runtime\a7mem0_search_memory_registry_20260628\remote_inputs\a7search4_selected_rows.csv
mem-cf5bcaf869bf6795,A7SEARCH4,selected_or_nearmiss,a7search1_9c7de5c59d2c03fe,open_interest|premium,additive_composite_gated,24,rejected,control_dominated,expr-e1760672b1f145f5,skeleton-4838824538f0c860,3,,,,,,1.5185731315267648,2.5959685230723455,4.325811580996064,20.748463459766434,-0.29478788548113294,-0.07515068617149472,0.9934470127183586,0.028227007673662652,True,oos_nonoverlap_floor_not_positive;stress_floor_not_positive;oos_control_dominated;oos_lag_stale_dominated,False,False,True,True,"Mul(Add(Delta(open_interest_value_mean,120),Delta(premium_close_bps,240)),Sign(TSRank(quote_volume_z_168h,3)))",G:\Project_V7_Rotation\alpha_pit_engine_crypto_20260519\runtime\a7mem0_search_memory_registry_20260628\remote_inputs\a7search4_selected_rows.csv
mem-87b84af0b43c6a0f,A7SEARCH4,selected_or_nearmiss,a7search1_0957335da0902f8a,basis|open_interest,spread_gated,8,rejected,control_dominated,expr-28d27f89b2364a7e,skeleton-1b8609a3b16e4571,1,,,,,,1.9650785236618025,1.7299568446270652,4.0180203154171155,7.265415172126491,0.2995616625930915,7.189475326779409,1.0003953786390605,0.4483380755776485,True,oos_control_dominated;oos_lag_stale_dominated,False,False,True,True,"Mul(Sub(Delta(mark_trade_basis_bps,168),Decay(open_interest_value_mean,24)),Sign(Decay(quote_volume_z_168h,720)))",G:\Project_V7_Rotation\alpha_pit_engine_crypto_20260519\runtime\a7mem0_search_memory_registry_20260628\remote_inputs\a7search4_selected_rows.csv
mem-a6dd5b11f55b28ec,A7SEARCH4,selected_or_nearmiss,a7search1_1b49d313ec35cc84,open_interest|premium,smooth_mul_gated,24,rejected,control_dominated,expr-d7886a6178db16a2,skeleton-2407c9e8236f9c11,1,,,,,,0.8925138880941399,6.910520069580121,2.4399953328693575,5.330373979355793,1.4821775651669686,8.397385501188708,0.985993227515645,0.5749675899685197,True,oos_control_dominated;oos_lag_stale_dominated,False,False,True,True,"Mul(Mul(Mean(open_interest_mean,6),Mean(premium_close_bps,336)),Sign(Decay(listing_age_days,504)))",G:\Project_V7_Rotation\alpha_pit_engine_crypto_20260519\runtime\a7mem0_search_memory_registry_20260628\remote_inputs\a7search4_selected_rows.csv
mem-4223792a3177e73b,A7SEARCH4,selected_or_nearmiss,a7search1_e8eac59573f398b6,positioning|taker_flow,spread_gated,8,rejected,other_hard_reject,expr-b0f99e23eff1996b,skeleton-e5c71cb2c5f2f136,1,,,,,,0.3276070954742085,0.8522544458683052,6.9678226333237205,15.387192741686835,-0.22806368947761743,6.022303249316898,0.9948696841644527,0.40689406364874653,True,oos_nonoverlap_floor_not_positive,False,False,True,True,"Mul(Sub(ZScore(global_long_short_account_ratio_last),Mean(kline_taker_buy_quote_share,120)),Sign(Decay(stress_proxy_state,336)))",G:\Project_V7_Rotation\alpha_pit_engine_crypto_20260519\runtime\a7mem0_search_memory_registry_20260628\remote_inputs\a7search4_selected_rows.csv
mem-09fd0a945c1f333a,A7SEARCH4,selected_or_nearmiss,a7search1_987c1006f40127d1,positioning|taker_flow,additive_composite_gated,8,rejected,control_dominated,expr-94c3eebd7574c83f,skeleton-fe8fd2ab44567b2c,1,,,,,,0.4525105680746665,3.100403651863771,3.869660436544632,15.562727243344067,0.9422051429776854,-0.5760977652094524,0.9956831651088275,0.30188427776059573,True,stress_floor_not_positive;oos_control_dominated;oos_lag_stale_dominated,False,False,True,True,"Mul(Add(CSRank(account_position_divergence),Mean(kline_taker_buy_quote_share,120)),Sign(Decay(listing_age_days,720)))",G:\Project_V7_Rotation\alpha_pit_engine_crypto_20260519\runtime\a7mem0_search_memory_registry_20260628\remote_inputs\a7search4_selected_rows.csv
mem-535e4b641145bc8a,A7SEARCH4,selected_or_nearmiss,a7search1_8ac126f5a49a024f,open_interest|premium,spread_gated,8,strict_pass,,expr-5af60a104cf31c6d,skeleton-1318c797e088bef7,3,,,,,,2.5959766224701486,0.3889601728809398,8.463079071513562,15.509704115298586,0.003654612590698863,3.154784394649665,1.0399919011993821,0.4135082096212316,False,,True,True,True,True,"Mul(Sub(Delta(open_interest_value_mean,120),Delta(premium_abs_state,36)),Sign(CSRank(quote_volume_z_168h)))",G:\Project_V7_Rotation\alpha_pit_engine_crypto_20260519\runtime\a7mem0_search_memory_registry_20260628\remote_inputs\a7search4_selected_rows.csv
mem-d8261cd096daad19,A7SEARCH4,selected_or_nearmiss,a7search1_a6593840385c73e6,basis|open_interest,spread_gated,8,rejected,control_dominated,expr-77860058a5e1e045,skeleton-1d91872115686b3f,1,,,,,,4.1563919528411315,2.044832788834116,5.664721648728248,8.614325348252969,-0.3109891235705953,-0.3852531314411462,1.136988809470591,0.8816332643947798,True,oos_nonoverlap_floor_not_positive;stress_floor_not_positive;oos_control_dominated;oos_lag_stale_dominated,False,False,True,True,"Mul(Sub(Decay(mark_index_basis_bps,36),Decay(open_interest_value_change_24h,24)),Sign(Mean(trade_quote_volume,504)))",G:\Project_V7_Rotation\alpha_pit_engine_crypto_20260519\runtime\a7mem0_search_memory_registry_20260628\remote_inputs\a7search4_selected_rows.csv
mem-10108a8919bfaa80,A7SEARCH4,selected_or_nearmiss,a7search1_8ac126f5a49a024f,open_interest|premium,spread_gated,24,rejected,control_dominated,expr-5af60a104cf31c6d,skeleton-1318c797e088bef7,3,,,,,,1.9968231154000982,2.5971751045331395,4.326303415569279,20.74961054104214,-0.2948466741368785,-0.07515068617149472,0.9934311910295004,0.032318022735727765,True,oos_nonoverlap_floor_not_positive;stress_floor_not_positive;oos_control_dominated;oos_lag_stale_dominated,False,False,True,True,"Mul(Sub(Delta(open_interest_value_mean,120),Delta(premium_abs_state,36)),Sign(CSRank(quote_volume_z_168h)))",G:\Project_V7_Rotation\alpha_pit_engine_crypto_20260519\runtime\a7mem0_search_memory_registry_20260628\remote_inputs\a7search4_selected_rows.csv
mem-7654982c932183c0,A7SEARCH4,selected_or_nearmiss,a7search1_4bd552c5b7e71881,basis|open_interest,smooth_mul_gated,24,rejected,control_dominated,expr-86b34fb687ff41af,skeleton-85557936a67c3cd4,1,,,,,,1.5503362694350353,7.505423860717814,3.6301804157766075,3.4519143622292,2.0576623729213392,4.920861959747612,1.0013249075215958,0.31821669030322886,True,oos_control_dominated;oos_lag_stale_dominated,False,False,True,True,"Mul(Mul(Decay(mark_index_basis_bps,504),Decay(open_interest_mean,720)),Sign(CSRank(quote_volume_z_168h)))",G:\Project_V7_Rotation\alpha_pit_engine_crypto_20260519\runtime\a7mem0_search_memory_registry_20260628\remote_inputs\a7search4_selected_rows.csv
mem-73f3c8ba6d8cfc24,A7SEARCH4,selected_or_nearmiss,a7search1_04522abeb4112d9c,open_interest|premium,safe_div_abs_gated,24,rejected,control_dominated,expr-1d40af51d76c406d,skeleton-e788708f1af444f6,2,,,,,,0.8829732432475229,3.4982688900436556,5.233252033185067,11.321697002983427,-0.0909084557931852,6.001595165274348,0.9818960863166064,0.23995295458848315,True,oos_nonoverlap_floor_not_positive;oos_control_dominated;oos_lag_stale_dominated,False,False,True,True,"Mul(SafeDiv(Delta(open_interest_value_last,240),Abs(TSRank(premium_close_bps,3))),Sign(Mean(trade_quote_volume,120)))",G:\Project_V7_Rotation\alpha_pit_engine_crypto_20260519\runtime\a7mem0_search_memory_registry_20260628\remote_inputs\a7search4_selected_rows.csv
mem-97d4739278e4a21b,A7SEARCH4,selected_or_nearmiss,a7search1_04522abeb4112d9c,open_interest|premium,safe_div_abs_gated,8,rejected,control_dominated,expr-1d40af51d76c406d,skeleton-e788708f1af444f6,2,,,,,,0.3862809979508439,0.20295600922960638,5.980232691137953,10.181855119384524,-0.6958796435563457,10.217948834168828,1.0205166478946888,0.4975202051087443,True,oos_nonoverlap_floor_not_positive;oos_control_dominated;oos_lag_stale_dominated,False,False,True,True,"Mul(SafeDiv(Delta(open_interest_value_last,240),Abs(TSRank(premium_close_bps,3))),Sign(Mean(trade_quote_volume,120)))",G:\Project_V7_Rotation\alpha_pit_engine_crypto_20260519\runtime\a7mem0_search_memory_registry_20260628\remote_inputs\a7search4_selected_rows.csv
mem-664945790aefa414,A7SEARCH4,selected_or_nearmiss,a7search1_6342db1cfc15b403,liquidity|open_interest,smooth_mul_gated,8,rejected,control_dominated,expr-8a5073cdf36b75de,skeleton-49c359baeca8502a,1,,,,,,1.5622970912712058,2.8818301945072586,0.8287236457271205,6.516761373738799,-0.7085959164375907,-0.1363623368292794,1.0614402378534984,0.24464313540840543,True,oos_nonoverlap_floor_not_positive;stress_floor_not_positive;oos_control_dominated;oos_lag_stale_dominated,False,False,True,True,"Mul(Mul(Decay(trade_quote_volume,720),TSRank(open_interest_value_change_24h,336)),Sign(CSRank(quote_volume_z_168h)))",G:\Project_V7_Rotation\alpha_pit_engine_crypto_20260519\runtime\a7mem0_search_memory_registry_20260628\remote_inputs\a7search4_selected_rows.csv
mem-b258b294fea8185e,A7SEARCH4,selected_or_nearmiss,a7search1_7cfe1db3f3b9d8de,basis|positioning,smooth_mul_gated,8,rejected,control_dominated,expr-885e8c6efac5c89d,skeleton-7f2f6282360c7641,1,,,,,,0.9858624585676778,-0.04180808233242076,5.7009675674022,4.685696094763131,-0.6486999986081912,1.9115485716004352,1.592882223153994,0.7735767595060588,True,oos_nonoverlap_floor_not_positive;oos_control_dominated;oos_lag_stale_dominated,False,False,True,True,"Mul(Mul(Mean(mark_trade_basis_bps,24),ZScore(global_long_short_account_ratio_last)),Sign(Decay(log1p_listing_age_days,504)))",G:\Project_V7_Rotation\alpha_pit_engine_crypto_20260519\runtime\a7mem0_search_memory_registry_20260628\remote_inputs\a7search4_selected_rows.csv
mem-f8a7030120414045,A7SEARCH4,selected_or_nearmiss,a7search1_c92f5a189adfc26d,open_interest|taker_flow,spread_gated,24,strict_pass,,expr-ce2866c6cccf3cb5,skeleton-bcd3d9894b968b7f,2,,,,,,0.9446108630183228,4.206179605207081,4.958534135754857,12.667583628300484,0.318659423253377,7.4149648502729,0.987873879179183,0.10674538543933874,False,,True,True,True,True,"Mul(Sub(Delta(open_interest_value_mean,240),ZScore(taker_buy_sell_volume_ratio_mean)),Sign(CSRank(trade_quote_volume)))",G:\Project_V7_Rotation\alpha_pit_engine_crypto_20260519\runtime\a7mem0_search_memory_registry_20260628\remote_inputs\a7search4_selected_rows.csv
