timestamp,n_obs,ic_spearman,decile_spread,signal_name,field_family,label_horizon
2026-04-26 17:00:00+00:00,99,-0.004231521120486996,0.003911556078980401,mark_basis_okx_minus_binance,basis,1h
2026-04-26 18:00:00+00:00,194,0.05059992022702589,0.002606731025729802,mark_basis_okx_minus_binance,basis,1h
2026-04-26 19:00:00+00:00,214,0.11697111953120164,0.0016230656222116307,mark_basis_okx_minus_binance,basis,1h
2026-04-26 20:00:00+00:00,214,-0.017082790839545756,-0.0035940842327037534,mark_basis_okx_minus_binance,basis,1h
2026-04-26 21:00:00+00:00,214,0.016723008145018068,0.007780930681034242,mark_basis_okx_minus_binance,basis,1h
2026-04-26 22:00:00+00:00,214,-0.12396444042488239,-0.002051107406224954,mark_basis_okx_minus_binance,basis,1h
2026-04-26 23:00:00+00:00,214,-0.012792966847687198,-0.010148580351814686,mark_basis_okx_minus_binance,basis,1h
2026-04-27 00:00:00+00:00,214,0.04330792446001682,-0.0007756704959455975,mark_basis_okx_minus_binance,basis,1h
2026-04-27 01:00:00+00:00,214,-0.03503904826923254,-0.0006058560184379323,mark_basis_okx_minus_binance,basis,1h
2026-04-27 02:00:00+00:00,214,-0.011750515836674141,9.543303181958648e-05,mark_basis_okx_minus_binance,basis,1h
2026-04-27 03:00:00+00:00,214,0.1193562313923151,0.00278137938874917,mark_basis_okx_minus_binance,basis,1h
2026-04-27 04:00:00+00:00,214,-0.12995377790219448,-0.02366242015314209,mark_basis_okx_minus_binance,basis,1h
2026-04-27 05:00:00+00:00,214,0.03358633649406871,0.0173565897876738,mark_basis_okx_minus_binance,basis,1h
2026-04-27 06:00:00+00:00,214,-0.04421334919125428,-0.0005468821166213552,mark_basis_okx_minus_binance,basis,1h
2026-04-27 07:00:00+00:00,214,-0.1605837137715987,-0.0078038180050462765,mark_basis_okx_minus_binance,basis,1h
2026-04-27 08:00:00+00:00,214,0.18318674287533637,0.003236805155223784,mark_basis_okx_minus_binance,basis,1h
2026-04-27 09:00:00+00:00,214,0.05819464238757889,0.0031123458369260895,mark_basis_okx_minus_binance,basis,1h
2026-04-27 10:00:00+00:00,214,0.15807040209651052,0.008712237889854521,mark_basis_okx_minus_binance,basis,1h
2026-04-27 11:00:00+00:00,214,-0.0166993522842467,0.0020855954376775856,mark_basis_okx_minus_binance,basis,1h
2026-04-27 12:00:00+00:00,214,0.052116965323957015,0.0035070914852070576,mark_basis_okx_minus_binance,basis,1h
2026-04-27 13:00:00+00:00,214,-0.0534678304708662,-0.00472924104871891,mark_basis_okx_minus_binance,basis,1h
2026-04-27 14:00:00+00:00,214,0.05782591688315556,0.00014765712795558952,mark_basis_okx_minus_binance,basis,1h
2026-04-27 15:00:00+00:00,214,0.24263432296610515,0.009408579014838598,mark_basis_okx_minus_binance,basis,1h
2026-04-27 16:00:00+00:00,214,0.0037514675755990555,0.003262883433864823,mark_basis_okx_minus_binance,basis,1h
2026-04-27 17:00:00+00:00,214,0.13661557545662467,0.0021908920814935184,mark_basis_okx_minus_binance,basis,1h
2026-04-27 18:00:00+00:00,214,-0.041305974535721754,-0.001278255286766137,mark_basis_okx_minus_binance,basis,1h
2026-04-27 19:00:00+00:00,214,0.005292409809664736,-0.000682597237047081,mark_basis_okx_minus_binance,basis,1h
2026-04-27 20:00:00+00:00,214,0.08904661490022188,0.0008909766469529941,mark_basis_okx_minus_binance,basis,1h
2026-04-27 21:00:00+00:00,214,0.009714599244199111,-0.004793312970048563,mark_basis_okx_minus_binance,basis,1h
2026-04-27 22:00:00+00:00,214,0.06608118073863314,0.001173052331678979,mark_basis_okx_minus_binance,basis,1h
2026-04-27 23:00:00+00:00,214,0.07698603485408605,0.005683803455972817,mark_basis_okx_minus_binance,basis,1h
2026-04-28 00:00:00+00:00,214,-0.032346791151345894,0.00106030390058985,mark_basis_okx_minus_binance,basis,1h
2026-04-28 01:00:00+00:00,214,-0.08026281864768914,-0.004296369614307036,mark_basis_okx_minus_binance,basis,1h
2026-04-28 02:00:00+00:00,214,0.09721733254069925,0.005624585153049988,mark_basis_okx_minus_binance,basis,1h
2026-04-28 03:00:00+00:00,214,0.17485944495849504,0.0027692940524349247,mark_basis_okx_minus_binance,basis,1h
2026-04-28 04:00:00+00:00,214,0.15485120494861146,0.00385107379901459,mark_basis_okx_minus_binance,basis,1h
2026-04-28 05:00:00+00:00,214,0.030975567220100173,0.0027020281761348224,mark_basis_okx_minus_binance,basis,1h
2026-04-28 06:00:00+00:00,214,0.08535702511666067,0.005205917608112991,mark_basis_okx_minus_binance,basis,1h
2026-04-28 07:00:00+00:00,214,0.05581987598633492,-0.0009563314680751868,mark_basis_okx_minus_binance,basis,1h
2026-04-28 08:00:00+00:00,214,0.12836192676521693,0.007028278273451081,mark_basis_okx_minus_binance,basis,1h
2026-04-28 09:00:00+00:00,214,0.0651150526639461,0.0003091733192805827,mark_basis_okx_minus_binance,basis,1h
2026-04-28 10:00:00+00:00,214,-0.06749897926174926,-0.002666388634216895,mark_basis_okx_minus_binance,basis,1h
2026-04-28 11:00:00+00:00,214,0.11025036674154638,0.0019545355024005754,mark_basis_okx_minus_binance,basis,1h
2026-04-28 12:00:00+00:00,214,-0.16099457205388876,-0.0005995218489101358,mark_basis_okx_minus_binance,basis,1h
2026-04-28 13:00:00+00:00,214,0.134094182787993,0.0062695282077288115,mark_basis_okx_minus_binance,basis,1h
2026-04-28 14:00:00+00:00,214,0.029963525170078345,-0.0006463643519563703,mark_basis_okx_minus_binance,basis,1h
2026-04-28 15:00:00+00:00,214,-0.1288142235134524,-0.004354024319637517,mark_basis_okx_minus_binance,basis,1h
2026-04-28 16:00:00+00:00,214,0.04872675753135885,0.0008293366313761557,mark_basis_okx_minus_binance,basis,1h
2026-04-28 17:00:00+00:00,214,-0.04378420141778979,0.0010646769707856117,mark_basis_okx_minus_binance,basis,1h
2026-04-28 18:00:00+00:00,214,-0.02474707575479209,-0.0008594532069758745,mark_basis_okx_minus_binance,basis,1h
2026-04-28 19:00:00+00:00,214,0.10124891178829683,-0.001143659386796473,mark_basis_okx_minus_binance,basis,1h
2026-04-28 20:00:00+00:00,214,-0.042706978029480876,-0.0011585917289297582,mark_basis_okx_minus_binance,basis,1h
2026-04-28 21:00:00+00:00,214,-0.049613171313675826,-0.004096273763524718,mark_basis_okx_minus_binance,basis,1h
2026-04-28 22:00:00+00:00,214,0.05355178387639765,0.000783654307121066,mark_basis_okx_minus_binance,basis,1h
2026-04-28 23:00:00+00:00,214,0.04809782340564423,0.005613423710946563,mark_basis_okx_minus_binance,basis,1h
2026-04-29 00:00:00+00:00,214,-0.016903302548491518,-0.0004831915486995192,mark_basis_okx_minus_binance,basis,1h
2026-04-29 01:00:00+00:00,214,-0.02591531640707193,-0.00031855148929509964,mark_basis_okx_minus_binance,basis,1h
2026-04-29 02:00:00+00:00,214,-0.04860397900117371,-0.001598467881117162,mark_basis_okx_minus_binance,basis,1h
2026-04-29 03:00:00+00:00,214,-0.008185426573186135,-0.001284076020214021,mark_basis_okx_minus_binance,basis,1h
2026-04-29 04:00:00+00:00,214,0.00669810203095179,0.0011082119796217804,mark_basis_okx_minus_binance,basis,1h
2026-04-29 05:00:00+00:00,214,0.00585442191546087,0.0006302120491191621,mark_basis_okx_minus_binance,basis,1h
2026-04-29 06:00:00+00:00,214,-0.07096013794035955,0.0005533069438920383,mark_basis_okx_minus_binance,basis,1h
2026-04-29 07:00:00+00:00,214,0.1763258956954117,0.0044115035364963445,mark_basis_okx_minus_binance,basis,1h
2026-04-29 08:00:00+00:00,214,-0.09795670216189188,-0.006876590881421335,mark_basis_okx_minus_binance,basis,1h
2026-04-29 09:00:00+00:00,214,-0.07756105105485273,-0.001056173367573234,mark_basis_okx_minus_binance,basis,1h
2026-04-29 10:00:00+00:00,214,0.11145299109639932,0.0005248151708668438,mark_basis_okx_minus_binance,basis,1h
2026-04-29 11:00:00+00:00,214,0.07009089914068586,-0.0005245938320939201,mark_basis_okx_minus_binance,basis,1h
2026-04-29 12:00:00+00:00,214,0.16723254882251487,0.0016090937024479997,mark_basis_okx_minus_binance,basis,1h
2026-04-29 13:00:00+00:00,214,-0.0053861354676460575,0.00016499771433463447,mark_basis_okx_minus_binance,basis,1h
2026-04-29 14:00:00+00:00,214,0.08754326065148785,0.006590058141865616,mark_basis_okx_minus_binance,basis,1h
2026-04-29 15:00:00+00:00,214,-0.04803570450590647,-0.0005066476256300493,mark_basis_okx_minus_binance,basis,1h
2026-04-29 16:00:00+00:00,214,-0.0805189908357747,-0.006413033248562637,mark_basis_okx_minus_binance,basis,1h
2026-04-29 17:00:00+00:00,214,-2.3878842481350908e-05,-0.002211102328753878,mark_basis_okx_minus_binance,basis,1h
2026-04-29 18:00:00+00:00,214,-0.02280229915184585,-0.0013090591896224428,mark_basis_okx_minus_binance,basis,1h
2026-04-29 19:00:00+00:00,214,-0.09429256876771276,-0.0019300028788643885,mark_basis_okx_minus_binance,basis,1h
2026-04-29 20:00:00+00:00,214,0.08212355851399707,0.0035878107780072553,mark_basis_okx_minus_binance,basis,1h
2026-04-29 21:00:00+00:00,214,0.02600557346288584,0.002997293131384438,mark_basis_okx_minus_binance,basis,1h
2026-04-29 22:00:00+00:00,214,-0.08115393449400524,-0.001297583971365937,mark_basis_okx_minus_binance,basis,1h
2026-04-29 23:00:00+00:00,214,0.051452591657091096,-0.0032473781786181363,mark_basis_okx_minus_binance,basis,1h
2026-04-30 00:00:00+00:00,214,0.14337739408634134,0.002437070170832392,mark_basis_okx_minus_binance,basis,1h
2026-04-30 01:00:00+00:00,214,0.053774635151135716,-0.0023485743754326858,mark_basis_okx_minus_binance,basis,1h
2026-04-30 02:00:00+00:00,214,-0.06552292960578346,-0.0013467688914096387,mark_basis_okx_minus_binance,basis,1h
2026-04-30 03:00:00+00:00,214,0.09208797793886313,0.0004964454462527291,mark_basis_okx_minus_binance,basis,1h
2026-04-30 04:00:00+00:00,214,0.054930459161802475,0.0018456620297925754,mark_basis_okx_minus_binance,basis,1h
2026-04-30 05:00:00+00:00,214,-0.024999848952151505,-0.0005416908096730643,mark_basis_okx_minus_binance,basis,1h
2026-04-30 06:00:00+00:00,214,0.05043408559129544,0.0026067456788774063,mark_basis_okx_minus_binance,basis,1h
2026-04-30 07:00:00+00:00,214,0.05645205939342855,0.0013875507290338587,mark_basis_okx_minus_binance,basis,1h
2026-04-30 08:00:00+00:00,214,9.184693169632433e-05,0.0017419901521518795,mark_basis_okx_minus_binance,basis,1h
2026-04-30 09:00:00+00:00,214,-0.06258552716952473,-0.002697815936892894,mark_basis_okx_minus_binance,basis,1h
2026-04-30 10:00:00+00:00,214,-0.014217593165169904,0.0031897245040413353,mark_basis_okx_minus_binance,basis,1h
2026-04-30 11:00:00+00:00,214,0.23039052468382817,0.002960423575430947,mark_basis_okx_minus_binance,basis,1h
2026-04-30 12:00:00+00:00,214,-0.02437668764910003,-0.002046522991380888,mark_basis_okx_minus_binance,basis,1h
2026-04-30 13:00:00+00:00,214,0.08229630355316896,0.00028676426301845696,mark_basis_okx_minus_binance,basis,1h
2026-04-30 14:00:00+00:00,214,-0.04083584385526303,-0.006843810461031599,mark_basis_okx_minus_binance,basis,1h
2026-04-30 15:00:00+00:00,214,0.06930749503876885,0.0006034039766751699,mark_basis_okx_minus_binance,basis,1h
2026-04-30 16:00:00+00:00,214,0.058653703237690355,0.0023448236569980655,mark_basis_okx_minus_binance,basis,1h
2026-04-30 17:00:00+00:00,214,-0.09703450474537126,0.0008194102144015119,mark_basis_okx_minus_binance,basis,1h
2026-04-30 18:00:00+00:00,214,0.1020870338713953,0.0035435073020171188,mark_basis_okx_minus_binance,basis,1h
2026-04-30 19:00:00+00:00,214,0.07893813632493228,0.0015651679188342508,mark_basis_okx_minus_binance,basis,1h
2026-04-30 20:00:00+00:00,214,0.09391251109564731,0.0006090953281826274,mark_basis_okx_minus_binance,basis,1h
2026-04-30 21:00:00+00:00,214,0.0746301192906663,0.0006330605020608684,mark_basis_okx_minus_binance,basis,1h
2026-04-30 22:00:00+00:00,214,0.05808629638966417,0.0006395275167378068,mark_basis_okx_minus_binance,basis,1h
2026-04-26 17:00:00+00:00,99,-0.033846306608849165,-0.0036560895084448803,mark_basis_okx_minus_binance,basis,4h
2026-04-26 18:00:00+00:00,194,0.07043339270160993,0.0012499661527127304,mark_basis_okx_minus_binance,basis,4h
2026-04-26 19:00:00+00:00,214,0.03221097202251132,-0.0035893375229194852,mark_basis_okx_minus_binance,basis,4h
2026-04-26 20:00:00+00:00,214,-0.12725822739542647,-0.0016461823834385157,mark_basis_okx_minus_binance,basis,4h
2026-04-26 21:00:00+00:00,214,-0.1083314081212839,0.003605727628808587,mark_basis_okx_minus_binance,basis,4h
2026-04-26 22:00:00+00:00,214,-0.0360959305389932,-0.006911482575907137,mark_basis_okx_minus_binance,basis,4h
2026-04-26 23:00:00+00:00,214,-0.025434568855493066,-0.01174604016824303,mark_basis_okx_minus_binance,basis,4h
2026-04-27 00:00:00+00:00,214,0.057215545060489016,-0.004549628071079237,mark_basis_okx_minus_binance,basis,4h
2026-04-27 01:00:00+00:00,214,-0.013688284638707247,-0.0015317057283190522,mark_basis_okx_minus_binance,basis,4h
2026-04-27 02:00:00+00:00,214,-0.020063672819759112,0.0020304692904037705,mark_basis_okx_minus_binance,basis,4h
2026-04-27 03:00:00+00:00,214,-0.030668426857988658,-0.008147918684570248,mark_basis_okx_minus_binance,basis,4h
2026-04-27 04:00:00+00:00,214,-0.2048570494843194,-0.007516503717845645,mark_basis_okx_minus_binance,basis,4h
2026-04-27 05:00:00+00:00,214,-0.05027298819209749,0.01946027597355706,mark_basis_okx_minus_binance,basis,4h
2026-04-27 06:00:00+00:00,214,-0.07188619293975342,0.0013358348037043463,mark_basis_okx_minus_binance,basis,4h
2026-04-27 07:00:00+00:00,214,0.027346892881649258,-0.005994700125432403,mark_basis_okx_minus_binance,basis,4h
2026-04-27 08:00:00+00:00,214,0.11605327404177582,0.01620130622423007,mark_basis_okx_minus_binance,basis,4h
2026-04-27 09:00:00+00:00,214,0.13390518531553014,0.011261721360547386,mark_basis_okx_minus_binance,basis,4h
2026-04-27 10:00:00+00:00,214,0.10089330822835281,0.002902402582640784,mark_basis_okx_minus_binance,basis,4h
2026-04-27 11:00:00+00:00,214,0.0877971133808008,0.002026097622417398,mark_basis_okx_minus_binance,basis,4h
2026-04-27 12:00:00+00:00,214,0.0909872493204779,-0.00048443404187924633,mark_basis_okx_minus_binance,basis,4h
2026-04-27 13:00:00+00:00,214,0.10625412996075692,-0.008447877747403486,mark_basis_okx_minus_binance,basis,4h
2026-04-27 14:00:00+00:00,214,0.19177287263982173,0.007471875467497429,mark_basis_okx_minus_binance,basis,4h
2026-04-27 15:00:00+00:00,214,0.21986808259536095,0.010891685009603533,mark_basis_okx_minus_binance,basis,4h
2026-04-27 16:00:00+00:00,214,0.07969128864647784,0.003777357086377004,mark_basis_okx_minus_binance,basis,4h
2026-04-27 17:00:00+00:00,214,-0.009967583929782795,-0.008984304655985207,mark_basis_okx_minus_binance,basis,4h
2026-04-27 18:00:00+00:00,214,-0.11698985477192549,-0.004338716005370704,mark_basis_okx_minus_binance,basis,4h
2026-04-27 19:00:00+00:00,214,0.015223523721865598,0.004604587424837681,mark_basis_okx_minus_binance,basis,4h
2026-04-27 20:00:00+00:00,214,0.02206705528238523,-0.0029735010581589966,mark_basis_okx_minus_binance,basis,4h
2026-04-27 21:00:00+00:00,214,0.019287153023292897,-0.0021963134199921228,mark_basis_okx_minus_binance,basis,4h
2026-04-27 22:00:00+00:00,214,0.06585696283927246,0.004057327096091287,mark_basis_okx_minus_binance,basis,4h
2026-04-27 23:00:00+00:00,214,0.028062238929882046,0.008536557904640408,mark_basis_okx_minus_binance,basis,4h
2026-04-28 00:00:00+00:00,214,0.052704314868716774,0.003996345893403739,mark_basis_okx_minus_binance,basis,4h
2026-04-28 01:00:00+00:00,214,0.07442388323749562,0.0015716503496252068,mark_basis_okx_minus_binance,basis,4h
2026-04-28 02:00:00+00:00,214,0.22749233300210187,0.014322875963553357,mark_basis_okx_minus_binance,basis,4h
2026-04-28 03:00:00+00:00,214,0.2580936666968923,0.014239090262202093,mark_basis_okx_minus_binance,basis,4h
2026-04-28 04:00:00+00:00,214,0.10222564681944125,0.009805920894979555,mark_basis_okx_minus_binance,basis,4h
2026-04-28 05:00:00+00:00,214,0.07337624536170957,0.007208084709534068,mark_basis_okx_minus_binance,basis,4h
2026-04-28 06:00:00+00:00,214,0.1722291658680768,0.0024920508786603944,mark_basis_okx_minus_binance,basis,4h
2026-04-28 07:00:00+00:00,214,0.03028681242439116,0.0010235894167146555,mark_basis_okx_minus_binance,basis,4h
2026-04-28 08:00:00+00:00,214,0.07952152931540053,0.01136594582321003,mark_basis_okx_minus_binance,basis,4h
2026-04-28 09:00:00+00:00,214,-0.003961409862916869,-0.003528440383231768,mark_basis_okx_minus_binance,basis,4h
2026-04-28 10:00:00+00:00,214,-0.10529077513404081,5.139099981948947e-05,mark_basis_okx_minus_binance,basis,4h
2026-04-28 11:00:00+00:00,214,-0.008863171347019845,-0.003548404181244956,mark_basis_okx_minus_binance,basis,4h
2026-04-28 12:00:00+00:00,214,-0.11275467276761976,-0.0044196613586395,mark_basis_okx_minus_binance,basis,4h
2026-04-28 13:00:00+00:00,214,0.029520883783140668,-0.000488503998610502,mark_basis_okx_minus_binance,basis,4h
2026-04-28 14:00:00+00:00,214,-0.018329083443281012,-0.006944468081368968,mark_basis_okx_minus_binance,basis,4h
2026-04-28 15:00:00+00:00,214,-0.1003026143509429,-0.00340353375821435,mark_basis_okx_minus_binance,basis,4h
2026-04-28 16:00:00+00:00,214,-0.012224851303070017,0.0029289679512243825,mark_basis_okx_minus_binance,basis,4h
2026-04-28 17:00:00+00:00,214,0.003810840671989003,-0.0017581802719964551,mark_basis_okx_minus_binance,basis,4h
2026-04-28 18:00:00+00:00,214,-0.057591533803960995,-0.00938448079120846,mark_basis_okx_minus_binance,basis,4h
2026-04-28 19:00:00+00:00,214,-0.0013494388427225505,-0.0035233280877439133,mark_basis_okx_minus_binance,basis,4h
2026-04-28 20:00:00+00:00,214,-0.03282113745969811,0.00041128709650097527,mark_basis_okx_minus_binance,basis,4h
2026-04-28 21:00:00+00:00,214,-0.019821046753768355,-0.004637028620710639,mark_basis_okx_minus_binance,basis,4h
2026-04-28 22:00:00+00:00,214,0.046840384684700774,0.0067688417441009955,mark_basis_okx_minus_binance,basis,4h
2026-04-28 23:00:00+00:00,214,-0.07615180304168204,-0.0008150534310724729,mark_basis_okx_minus_binance,basis,4h
2026-04-29 00:00:00+00:00,214,-0.12868244126129424,-0.009322688495976977,mark_basis_okx_minus_binance,basis,4h
2026-04-29 01:00:00+00:00,214,-0.029100596490361896,-0.002644067461815164,mark_basis_okx_minus_binance,basis,4h
2026-04-29 02:00:00+00:00,214,-0.02086051032620661,-0.00015990633536656137,mark_basis_okx_minus_binance,basis,4h
2026-04-29 03:00:00+00:00,214,-0.027016509354955153,-0.0029028473704776044,mark_basis_okx_minus_binance,basis,4h
2026-04-29 04:00:00+00:00,214,0.047211057205252996,0.0051885636668759965,mark_basis_okx_minus_binance,basis,4h
2026-04-29 05:00:00+00:00,214,0.017514435850307857,0.0001928490594984289,mark_basis_okx_minus_binance,basis,4h
2026-04-29 06:00:00+00:00,214,-0.037498565025732185,-0.004986643317963139,mark_basis_okx_minus_binance,basis,4h
2026-04-29 07:00:00+00:00,214,0.1174502151260278,0.0036534296270244043,mark_basis_okx_minus_binance,basis,4h
2026-04-29 08:00:00+00:00,214,-0.020326351400565313,-0.0032295162702080807,mark_basis_okx_minus_binance,basis,4h
2026-04-29 09:00:00+00:00,214,0.06481079616167376,0.006319779197363644,mark_basis_okx_minus_binance,basis,4h
2026-04-29 10:00:00+00:00,214,0.16082275411192554,0.009063900937763094,mark_basis_okx_minus_binance,basis,4h
2026-04-29 11:00:00+00:00,214,0.08556432120478147,0.005435635127451394,mark_basis_okx_minus_binance,basis,4h
2026-04-29 12:00:00+00:00,214,0.10258131760816744,0.003718987132055096,mark_basis_okx_minus_binance,basis,4h
2026-04-29 13:00:00+00:00,214,-0.07349661501870586,-0.005092860359053724,mark_basis_okx_minus_binance,basis,4h
2026-04-29 14:00:00+00:00,214,-0.012206168918801401,0.005028531228435485,mark_basis_okx_minus_binance,basis,4h
2026-04-29 15:00:00+00:00,214,-0.09402729302391848,-0.007815356873251246,mark_basis_okx_minus_binance,basis,4h
2026-04-29 16:00:00+00:00,214,-0.15745148481272467,-0.009301081295878113,mark_basis_okx_minus_binance,basis,4h
2026-04-29 17:00:00+00:00,214,0.026082439032086378,-0.000465641520354458,mark_basis_okx_minus_binance,basis,4h
2026-04-29 18:00:00+00:00,214,-0.03303444878996517,-0.004712825184618921,mark_basis_okx_minus_binance,basis,4h
2026-04-29 19:00:00+00:00,214,-0.102206548795321,-0.0013382464014758313,mark_basis_okx_minus_binance,basis,4h
2026-04-29 20:00:00+00:00,214,-0.032241294328872086,-0.0011065986254510229,mark_basis_okx_minus_binance,basis,4h
2026-04-29 21:00:00+00:00,214,0.07097319755461531,0.0026995822907380685,mark_basis_okx_minus_binance,basis,4h
2026-04-29 22:00:00+00:00,214,0.10066535968016779,0.013494394209516447,mark_basis_okx_minus_binance,basis,4h
2026-04-29 23:00:00+00:00,214,0.03171121474663553,0.0030605778369832796,mark_basis_okx_minus_binance,basis,4h
2026-04-30 00:00:00+00:00,214,0.175722408881492,0.01500545366355556,mark_basis_okx_minus_binance,basis,4h
2026-04-30 01:00:00+00:00,214,0.08265471616744813,-0.0015839537268948906,mark_basis_okx_minus_binance,basis,4h
2026-04-30 02:00:00+00:00,214,0.0735209392954902,0.0022672268517955393,mark_basis_okx_minus_binance,basis,4h
2026-04-30 03:00:00+00:00,214,0.0476799643773944,-0.008449124437144144,mark_basis_okx_minus_binance,basis,4h
2026-04-30 04:00:00+00:00,214,0.12851601473459381,0.004628899267770631,mark_basis_okx_minus_binance,basis,4h
2026-04-30 05:00:00+00:00,214,0.06815930104961844,0.0023106213843039807,mark_basis_okx_minus_binance,basis,4h
2026-04-30 06:00:00+00:00,214,0.0555241738003373,0.003828942467677087,mark_basis_okx_minus_binance,basis,4h
2026-04-30 07:00:00+00:00,214,-0.11242339680591523,0.0013946618383252995,mark_basis_okx_minus_binance,basis,4h
2026-04-30 08:00:00+00:00,214,-0.05792057584650591,-0.007609589860859136,mark_basis_okx_minus_binance,basis,4h
2026-04-30 09:00:00+00:00,214,0.042042207528506445,0.002943420731502777,mark_basis_okx_minus_binance,basis,4h
2026-04-30 10:00:00+00:00,214,0.06073624461428029,0.0024526102788602023,mark_basis_okx_minus_binance,basis,4h
2026-04-30 11:00:00+00:00,214,0.10701927034417553,-0.0021227635888681584,mark_basis_okx_minus_binance,basis,4h
2026-04-30 12:00:00+00:00,214,0.02668075779502021,-0.0036609770543745207,mark_basis_okx_minus_binance,basis,4h
2026-04-30 13:00:00+00:00,214,0.02078967712382621,-0.0013684624428407662,mark_basis_okx_minus_binance,basis,4h
2026-04-30 14:00:00+00:00,214,0.024341337108171268,-0.003921286828454422,mark_basis_okx_minus_binance,basis,4h
2026-04-30 15:00:00+00:00,214,0.02409834813717737,0.0004978887909102344,mark_basis_okx_minus_binance,basis,4h
2026-04-30 16:00:00+00:00,214,0.059707569977779304,0.0014395511807816406,mark_basis_okx_minus_binance,basis,4h
2026-04-30 17:00:00+00:00,214,0.14658942508682601,0.005025292592301302,mark_basis_okx_minus_binance,basis,4h
2026-04-30 18:00:00+00:00,214,0.11524076171065448,0.0028776762854018398,mark_basis_okx_minus_binance,basis,4h
2026-04-30 19:00:00+00:00,214,0.0030043157576257282,0.004388097739821744,mark_basis_okx_minus_binance,basis,4h
2026-04-26 17:00:00+00:00,99,-0.08384878150393994,-0.007175464010075313,mark_basis_okx_minus_binance,basis,12h
2026-04-26 18:00:00+00:00,194,-0.13040955633229048,-0.006636772225510703,mark_basis_okx_minus_binance,basis,12h
2026-04-26 19:00:00+00:00,214,-0.004375181853265145,-0.002344176900390571,mark_basis_okx_minus_binance,basis,12h
2026-04-26 20:00:00+00:00,214,-0.1527492636079557,0.002104311331129434,mark_basis_okx_minus_binance,basis,12h
2026-04-26 21:00:00+00:00,214,-0.11845921514215807,0.02056716729967685,mark_basis_okx_minus_binance,basis,12h
2026-04-26 22:00:00+00:00,214,-0.15212834906642866,-0.003743219116807188,mark_basis_okx_minus_binance,basis,12h
2026-04-26 23:00:00+00:00,214,-0.06255001805339634,-0.015199622833274511,mark_basis_okx_minus_binance,basis,12h
2026-04-27 00:00:00+00:00,214,-0.011088578867543547,-0.0036368248325104463,mark_basis_okx_minus_binance,basis,12h
2026-04-27 01:00:00+00:00,214,-0.08065352559634699,0.0001650089330609561,mark_basis_okx_minus_binance,basis,12h
2026-04-27 02:00:00+00:00,214,-0.06717792706906425,0.0027571586226408096,mark_basis_okx_minus_binance,basis,12h
2026-04-27 03:00:00+00:00,214,0.04072038618217467,-0.00605180985491028,mark_basis_okx_minus_binance,basis,12h
2026-04-27 04:00:00+00:00,214,-0.059337884147843314,0.00751923711312788,mark_basis_okx_minus_binance,basis,12h
2026-04-27 05:00:00+00:00,214,0.10592886976176781,0.027927939882969086,mark_basis_okx_minus_binance,basis,12h
2026-04-27 06:00:00+00:00,214,0.15031153301679764,0.00990689709206427,mark_basis_okx_minus_binance,basis,12h
2026-04-27 07:00:00+00:00,214,0.11179936015330465,0.0035875408485287683,mark_basis_okx_minus_binance,basis,12h
2026-04-27 08:00:00+00:00,214,0.18480739866568507,0.022508524124022534,mark_basis_okx_minus_binance,basis,12h
2026-04-27 09:00:00+00:00,214,0.18785277626333657,0.026370579648253175,mark_basis_okx_minus_binance,basis,12h
2026-04-27 10:00:00+00:00,214,0.13511221662902506,0.01066755971284215,mark_basis_okx_minus_binance,basis,12h
2026-04-27 11:00:00+00:00,214,0.09839943792133361,-0.0007118501489050725,mark_basis_okx_minus_binance,basis,12h
2026-04-27 12:00:00+00:00,214,0.027481982178549913,-0.008917537489531745,mark_basis_okx_minus_binance,basis,12h
2026-04-27 13:00:00+00:00,214,-0.011353845740464993,-0.006433717104368632,mark_basis_okx_minus_binance,basis,12h
2026-04-27 14:00:00+00:00,214,0.06757930235994254,0.0003327787915840566,mark_basis_okx_minus_binance,basis,12h
2026-04-27 15:00:00+00:00,214,0.15099862679598922,0.004424295625015916,mark_basis_okx_minus_binance,basis,12h
2026-04-27 16:00:00+00:00,214,0.13185411032089486,-0.0004467599653658061,mark_basis_okx_minus_binance,basis,12h
2026-04-27 17:00:00+00:00,214,0.04485472621261493,-0.01445278832508234,mark_basis_okx_minus_binance,basis,12h
2026-04-27 18:00:00+00:00,214,0.062006666243456236,0.005932159357972665,mark_basis_okx_minus_binance,basis,12h
2026-04-27 19:00:00+00:00,214,0.12259326847028756,0.014225355969659787,mark_basis_okx_minus_binance,basis,12h
2026-04-27 20:00:00+00:00,214,0.1014311561057763,0.007248063939287041,mark_basis_okx_minus_binance,basis,12h
2026-04-27 21:00:00+00:00,214,0.07087674140695317,0.007578794842621479,mark_basis_okx_minus_binance,basis,12h
2026-04-27 22:00:00+00:00,214,0.10348758766476385,0.0033973280250702755,mark_basis_okx_minus_binance,basis,12h
2026-04-27 23:00:00+00:00,214,0.1135458057757672,0.01737814348373123,mark_basis_okx_minus_binance,basis,12h
2026-04-28 00:00:00+00:00,214,0.059266856745216624,0.019207172241530825,mark_basis_okx_minus_binance,basis,12h
2026-04-28 01:00:00+00:00,214,0.0011763088752759412,0.016126017488853256,mark_basis_okx_minus_binance,basis,12h
2026-04-28 02:00:00+00:00,214,0.23276791263344296,0.018737505067693932,mark_basis_okx_minus_binance,basis,12h
2026-04-28 03:00:00+00:00,214,0.1634396779813117,0.010510824110658635,mark_basis_okx_minus_binance,basis,12h
2026-04-28 04:00:00+00:00,214,0.023558409671445193,0.013092211765837995,mark_basis_okx_minus_binance,basis,12h
2026-04-28 05:00:00+00:00,214,-0.010468553178855656,-0.0008283275879455588,mark_basis_okx_minus_binance,basis,12h
2026-04-28 06:00:00+00:00,214,-0.012606404867157223,-0.007066702733619738,mark_basis_okx_minus_binance,basis,12h
2026-04-28 07:00:00+00:00,214,-0.04364218138117957,-0.009193074485988002,mark_basis_okx_minus_binance,basis,12h
2026-04-28 08:00:00+00:00,214,-0.0013544568312006048,0.014049942765688606,mark_basis_okx_minus_binance,basis,12h
2026-04-28 09:00:00+00:00,214,0.020457284140632574,-0.00506067294195958,mark_basis_okx_minus_binance,basis,12h
2026-04-28 10:00:00+00:00,214,-0.10330807391454554,-0.010550193239812836,mark_basis_okx_minus_binance,basis,12h
2026-04-28 11:00:00+00:00,214,-0.0446205555197619,-0.007074388991693183,mark_basis_okx_minus_binance,basis,12h
2026-04-28 12:00:00+00:00,214,-0.0553658658212371,-0.0007333256633336935,mark_basis_okx_minus_binance,basis,12h
2026-04-28 13:00:00+00:00,214,0.029407253763745124,-0.005741959778854335,mark_basis_okx_minus_binance,basis,12h
2026-04-28 14:00:00+00:00,214,-0.11694568029237956,-0.0023679412272529527,mark_basis_okx_minus_binance,basis,12h
2026-04-28 15:00:00+00:00,214,-0.18323984025758666,-0.0011448374384646631,mark_basis_okx_minus_binance,basis,12h
2026-04-28 16:00:00+00:00,214,-0.10341373640927617,-0.010896744898411758,mark_basis_okx_minus_binance,basis,12h
2026-04-28 17:00:00+00:00,214,-0.11607906690935138,-0.015924293063733996,mark_basis_okx_minus_binance,basis,12h
2026-04-28 18:00:00+00:00,214,-0.1991902669801313,-0.01565240236510705,mark_basis_okx_minus_binance,basis,12h
2026-04-28 19:00:00+00:00,214,-0.17655729642492335,-0.01667875394920581,mark_basis_okx_minus_binance,basis,12h
2026-04-28 20:00:00+00:00,214,-0.1262411435294904,-0.012691415664453346,mark_basis_okx_minus_binance,basis,12h
2026-04-28 21:00:00+00:00,214,-0.055138678241166784,0.004805483285981386,mark_basis_okx_minus_binance,basis,12h
2026-04-28 22:00:00+00:00,214,-0.015067409151308978,0.0009357344604106212,mark_basis_okx_minus_binance,basis,12h
2026-04-28 23:00:00+00:00,214,-0.05170002652118905,-0.0057619232858275886,mark_basis_okx_minus_binance,basis,12h
2026-04-29 00:00:00+00:00,214,-0.1118846761304021,-0.004247425124747731,mark_basis_okx_minus_binance,basis,12h
2026-04-29 01:00:00+00:00,214,0.0010068690020026297,0.00038153158711857517,mark_basis_okx_minus_binance,basis,12h
2026-04-29 02:00:00+00:00,214,0.03380121230043572,0.0039039196421655356,mark_basis_okx_minus_binance,basis,12h
2026-04-29 03:00:00+00:00,214,-0.000908264156251773,0.002622700114858892,mark_basis_okx_minus_binance,basis,12h
2026-04-29 04:00:00+00:00,214,0.04810365591920352,0.0039106129944478304,mark_basis_okx_minus_binance,basis,12h
2026-04-29 05:00:00+00:00,214,-0.08628999444826774,0.00016416527747199414,mark_basis_okx_minus_binance,basis,12h
2026-04-29 06:00:00+00:00,214,-0.020488926399416636,-0.0007208747083345748,mark_basis_okx_minus_binance,basis,12h
2026-04-29 07:00:00+00:00,214,0.06530843491084495,0.008709137598842343,mark_basis_okx_minus_binance,basis,12h
2026-04-29 08:00:00+00:00,214,-0.030816065414681505,-0.00027863748995132775,mark_basis_okx_minus_binance,basis,12h
2026-04-29 09:00:00+00:00,214,0.031932959054421436,0.0023175555785552304,mark_basis_okx_minus_binance,basis,12h
2026-04-29 10:00:00+00:00,214,0.07925022735472714,0.009222369625290796,mark_basis_okx_minus_binance,basis,12h
2026-04-29 11:00:00+00:00,214,-0.013337499345421054,0.004062368829755511,mark_basis_okx_minus_binance,basis,12h
2026-04-29 12:00:00+00:00,214,-0.1584730763345814,-0.010981310691011919,mark_basis_okx_minus_binance,basis,12h
2026-04-29 13:00:00+00:00,214,-0.16095599499493912,-0.009207113995325512,mark_basis_okx_minus_binance,basis,12h
2026-04-29 14:00:00+00:00,214,-0.07917049981859213,-0.003889839084135021,mark_basis_okx_minus_binance,basis,12h
2026-04-29 15:00:00+00:00,214,-0.1334352734521719,-0.015191933151319626,mark_basis_okx_minus_binance,basis,12h
2026-04-29 16:00:00+00:00,214,-0.10162125924847905,-0.015510481520154468,mark_basis_okx_minus_binance,basis,12h
2026-04-29 17:00:00+00:00,214,-0.04967596718209967,-0.009120604044642232,mark_basis_okx_minus_binance,basis,12h
2026-04-29 18:00:00+00:00,214,-0.049173663299016214,-0.006204806004732211,mark_basis_okx_minus_binance,basis,12h
2026-04-29 19:00:00+00:00,214,-0.003925603557900458,0.004015808968874796,mark_basis_okx_minus_binance,basis,12h
2026-04-29 20:00:00+00:00,214,0.14331729448153152,0.009823309291897174,mark_basis_okx_minus_binance,basis,12h
2026-04-29 21:00:00+00:00,214,0.17430843392516415,0.015111571246080209,mark_basis_okx_minus_binance,basis,12h
2026-04-29 22:00:00+00:00,214,0.18502430719478774,0.02130483380110714,mark_basis_okx_minus_binance,basis,12h
2026-04-29 23:00:00+00:00,214,0.12390438199978003,0.004869794374428587,mark_basis_okx_minus_binance,basis,12h
2026-04-30 00:00:00+00:00,214,0.14977982199884704,0.022152104115535563,mark_basis_okx_minus_binance,basis,12h
2026-04-30 01:00:00+00:00,214,0.01582851570274867,0.0028361886154695416,mark_basis_okx_minus_binance,basis,12h
2026-04-30 02:00:00+00:00,214,0.08375754870881903,0.009746804603824417,mark_basis_okx_minus_binance,basis,12h
2026-04-30 03:00:00+00:00,214,0.05489923630989051,-0.006222229903330795,mark_basis_okx_minus_binance,basis,12h
2026-04-30 04:00:00+00:00,214,0.039610625978384356,0.0016321413434010291,mark_basis_okx_minus_binance,basis,12h
2026-04-30 05:00:00+00:00,214,0.040512299171562086,-0.003071995777032677,mark_basis_okx_minus_binance,basis,12h
2026-04-30 06:00:00+00:00,214,0.013068617780499572,-0.002538052868095067,mark_basis_okx_minus_binance,basis,12h
2026-04-30 07:00:00+00:00,214,-0.084913205626114,-0.001281869073666122,mark_basis_okx_minus_binance,basis,12h
2026-04-30 08:00:00+00:00,214,0.00048616005370686824,-0.004386617320714003,mark_basis_okx_minus_binance,basis,12h
2026-04-30 09:00:00+00:00,214,0.06329485928344569,-0.0003999296467555374,mark_basis_okx_minus_binance,basis,12h
2026-04-30 10:00:00+00:00,214,0.02009034858347003,-0.0028037509264312544,mark_basis_okx_minus_binance,basis,12h
2026-04-30 11:00:00+00:00,214,0.10188088468580674,-0.0020575889111845783,mark_basis_okx_minus_binance,basis,12h
2026-04-26 17:00:00+00:00,99,0.004231521120486996,-0.003911556078980401,mark_basis_binance_minus_okx,basis,1h
2026-04-26 18:00:00+00:00,194,-0.05059992022702589,-0.002606731025729802,mark_basis_binance_minus_okx,basis,1h
2026-04-26 19:00:00+00:00,214,-0.11697111953120164,-0.0016230656222116307,mark_basis_binance_minus_okx,basis,1h
2026-04-26 20:00:00+00:00,214,0.017082790839545756,0.0035940842327037534,mark_basis_binance_minus_okx,basis,1h
2026-04-26 21:00:00+00:00,214,-0.016723008145018068,-0.007780930681034242,mark_basis_binance_minus_okx,basis,1h
2026-04-26 22:00:00+00:00,214,0.12396444042488239,0.002051107406224954,mark_basis_binance_minus_okx,basis,1h
2026-04-26 23:00:00+00:00,214,0.012792966847687198,0.010148580351814686,mark_basis_binance_minus_okx,basis,1h
2026-04-27 00:00:00+00:00,214,-0.04330792446001682,0.0007756704959455975,mark_basis_binance_minus_okx,basis,1h
2026-04-27 01:00:00+00:00,214,0.03503904826923254,0.0006058560184379323,mark_basis_binance_minus_okx,basis,1h
2026-04-27 02:00:00+00:00,214,0.011750515836674141,-9.543303181958648e-05,mark_basis_binance_minus_okx,basis,1h
2026-04-27 03:00:00+00:00,214,-0.1193562313923151,-0.00278137938874917,mark_basis_binance_minus_okx,basis,1h
2026-04-27 04:00:00+00:00,214,0.12995377790219448,0.02366242015314209,mark_basis_binance_minus_okx,basis,1h
2026-04-27 05:00:00+00:00,214,-0.03358633649406871,-0.0173565897876738,mark_basis_binance_minus_okx,basis,1h
2026-04-27 06:00:00+00:00,214,0.04421334919125428,0.0005468821166213552,mark_basis_binance_minus_okx,basis,1h
2026-04-27 07:00:00+00:00,214,0.1605837137715987,0.0078038180050462765,mark_basis_binance_minus_okx,basis,1h
2026-04-27 08:00:00+00:00,214,-0.18318674287533637,-0.003236805155223784,mark_basis_binance_minus_okx,basis,1h
2026-04-27 09:00:00+00:00,214,-0.05819464238757889,-0.0031123458369260895,mark_basis_binance_minus_okx,basis,1h
2026-04-27 10:00:00+00:00,214,-0.15807040209651052,-0.008712237889854521,mark_basis_binance_minus_okx,basis,1h
2026-04-27 11:00:00+00:00,214,0.0166993522842467,-0.0020855954376775856,mark_basis_binance_minus_okx,basis,1h
2026-04-27 12:00:00+00:00,214,-0.052116965323957015,-0.0035070914852070576,mark_basis_binance_minus_okx,basis,1h
2026-04-27 13:00:00+00:00,214,0.0534678304708662,0.00472924104871891,mark_basis_binance_minus_okx,basis,1h
2026-04-27 14:00:00+00:00,214,-0.05782591688315556,-0.00014765712795558952,mark_basis_binance_minus_okx,basis,1h
2026-04-27 15:00:00+00:00,214,-0.24263432296610515,-0.009408579014838598,mark_basis_binance_minus_okx,basis,1h
2026-04-27 16:00:00+00:00,214,-0.0037514675755990555,-0.003262883433864823,mark_basis_binance_minus_okx,basis,1h
2026-04-27 17:00:00+00:00,214,-0.13661557545662467,-0.0021908920814935184,mark_basis_binance_minus_okx,basis,1h
2026-04-27 18:00:00+00:00,214,0.041305974535721754,0.001278255286766137,mark_basis_binance_minus_okx,basis,1h
2026-04-27 19:00:00+00:00,214,-0.005292409809664736,0.000682597237047081,mark_basis_binance_minus_okx,basis,1h
2026-04-27 20:00:00+00:00,214,-0.08904661490022188,-0.0008909766469529941,mark_basis_binance_minus_okx,basis,1h
2026-04-27 21:00:00+00:00,214,-0.009714599244199111,0.004793312970048563,mark_basis_binance_minus_okx,basis,1h
2026-04-27 22:00:00+00:00,214,-0.06608118073863314,-0.001173052331678979,mark_basis_binance_minus_okx,basis,1h
2026-04-27 23:00:00+00:00,214,-0.07698603485408605,-0.005683803455972817,mark_basis_binance_minus_okx,basis,1h
2026-04-28 00:00:00+00:00,214,0.032346791151345894,-0.00106030390058985,mark_basis_binance_minus_okx,basis,1h
2026-04-28 01:00:00+00:00,214,0.08026281864768914,0.004296369614307036,mark_basis_binance_minus_okx,basis,1h
2026-04-28 02:00:00+00:00,214,-0.09721733254069925,-0.005624585153049988,mark_basis_binance_minus_okx,basis,1h
2026-04-28 03:00:00+00:00,214,-0.17485944495849504,-0.0027692940524349247,mark_basis_binance_minus_okx,basis,1h
2026-04-28 04:00:00+00:00,214,-0.15485120494861146,-0.00385107379901459,mark_basis_binance_minus_okx,basis,1h
2026-04-28 05:00:00+00:00,214,-0.030975567220100173,-0.0027020281761348224,mark_basis_binance_minus_okx,basis,1h
2026-04-28 06:00:00+00:00,214,-0.08535702511666067,-0.005205917608112991,mark_basis_binance_minus_okx,basis,1h
2026-04-28 07:00:00+00:00,214,-0.05581987598633492,0.0009563314680751868,mark_basis_binance_minus_okx,basis,1h
2026-04-28 08:00:00+00:00,214,-0.12836192676521693,-0.007028278273451081,mark_basis_binance_minus_okx,basis,1h
2026-04-28 09:00:00+00:00,214,-0.0651150526639461,-0.0003091733192805827,mark_basis_binance_minus_okx,basis,1h
2026-04-28 10:00:00+00:00,214,0.06749897926174926,0.002666388634216895,mark_basis_binance_minus_okx,basis,1h
2026-04-28 11:00:00+00:00,214,-0.11025036674154638,-0.0019545355024005754,mark_basis_binance_minus_okx,basis,1h
2026-04-28 12:00:00+00:00,214,0.16099457205388876,0.0005995218489101358,mark_basis_binance_minus_okx,basis,1h
2026-04-28 13:00:00+00:00,214,-0.134094182787993,-0.0062695282077288115,mark_basis_binance_minus_okx,basis,1h
2026-04-28 14:00:00+00:00,214,-0.029963525170078345,0.0006463643519563703,mark_basis_binance_minus_okx,basis,1h
2026-04-28 15:00:00+00:00,214,0.1288142235134524,0.004354024319637517,mark_basis_binance_minus_okx,basis,1h
2026-04-28 16:00:00+00:00,214,-0.04872675753135885,-0.0008293366313761557,mark_basis_binance_minus_okx,basis,1h
2026-04-28 17:00:00+00:00,214,0.04378420141778979,-0.0010646769707856117,mark_basis_binance_minus_okx,basis,1h
2026-04-28 18:00:00+00:00,214,0.02474707575479209,0.0008594532069758745,mark_basis_binance_minus_okx,basis,1h
2026-04-28 19:00:00+00:00,214,-0.10124891178829683,0.001143659386796473,mark_basis_binance_minus_okx,basis,1h
2026-04-28 20:00:00+00:00,214,0.042706978029480876,0.0011585917289297582,mark_basis_binance_minus_okx,basis,1h
2026-04-28 21:00:00+00:00,214,0.049613171313675826,0.004096273763524718,mark_basis_binance_minus_okx,basis,1h
2026-04-28 22:00:00+00:00,214,-0.05355178387639765,-0.000783654307121066,mark_basis_binance_minus_okx,basis,1h
2026-04-28 23:00:00+00:00,214,-0.04809782340564423,-0.005613423710946563,mark_basis_binance_minus_okx,basis,1h
2026-04-29 00:00:00+00:00,214,0.016903302548491518,0.0004831915486995192,mark_basis_binance_minus_okx,basis,1h
2026-04-29 01:00:00+00:00,214,0.02591531640707193,0.00031855148929509964,mark_basis_binance_minus_okx,basis,1h
2026-04-29 02:00:00+00:00,214,0.04860397900117371,0.001598467881117162,mark_basis_binance_minus_okx,basis,1h
2026-04-29 03:00:00+00:00,214,0.008185426573186135,0.001284076020214021,mark_basis_binance_minus_okx,basis,1h
2026-04-29 04:00:00+00:00,214,-0.00669810203095179,-0.0011082119796217804,mark_basis_binance_minus_okx,basis,1h
2026-04-29 05:00:00+00:00,214,-0.00585442191546087,-0.0006302120491191621,mark_basis_binance_minus_okx,basis,1h
2026-04-29 06:00:00+00:00,214,0.07096013794035955,-0.0005533069438920383,mark_basis_binance_minus_okx,basis,1h
2026-04-29 07:00:00+00:00,214,-0.1763258956954117,-0.0044115035364963445,mark_basis_binance_minus_okx,basis,1h
2026-04-29 08:00:00+00:00,214,0.09795670216189188,0.006876590881421335,mark_basis_binance_minus_okx,basis,1h
2026-04-29 09:00:00+00:00,214,0.07756105105485273,0.001056173367573234,mark_basis_binance_minus_okx,basis,1h
2026-04-29 10:00:00+00:00,214,-0.11145299109639932,-0.0005248151708668438,mark_basis_binance_minus_okx,basis,1h
2026-04-29 11:00:00+00:00,214,-0.07009089914068586,0.0005245938320939201,mark_basis_binance_minus_okx,basis,1h
2026-04-29 12:00:00+00:00,214,-0.16723254882251487,-0.0016090937024479997,mark_basis_binance_minus_okx,basis,1h
2026-04-29 13:00:00+00:00,214,0.0053861354676460575,-0.00016499771433463447,mark_basis_binance_minus_okx,basis,1h
2026-04-29 14:00:00+00:00,214,-0.08754326065148785,-0.006590058141865616,mark_basis_binance_minus_okx,basis,1h
2026-04-29 15:00:00+00:00,214,0.04803570450590647,0.0005066476256300493,mark_basis_binance_minus_okx,basis,1h
2026-04-29 16:00:00+00:00,214,0.0805189908357747,0.006413033248562637,mark_basis_binance_minus_okx,basis,1h
2026-04-29 17:00:00+00:00,214,2.3878842481350908e-05,0.002211102328753878,mark_basis_binance_minus_okx,basis,1h
2026-04-29 18:00:00+00:00,214,0.02280229915184585,0.0013090591896224428,mark_basis_binance_minus_okx,basis,1h
2026-04-29 19:00:00+00:00,214,0.09429256876771276,0.0019300028788643885,mark_basis_binance_minus_okx,basis,1h
2026-04-29 20:00:00+00:00,214,-0.08212355851399707,-0.0035878107780072553,mark_basis_binance_minus_okx,basis,1h
2026-04-29 21:00:00+00:00,214,-0.02600557346288584,-0.002997293131384438,mark_basis_binance_minus_okx,basis,1h
2026-04-29 22:00:00+00:00,214,0.08115393449400524,0.001297583971365937,mark_basis_binance_minus_okx,basis,1h
2026-04-29 23:00:00+00:00,214,-0.051452591657091096,0.0032473781786181363,mark_basis_binance_minus_okx,basis,1h
2026-04-30 00:00:00+00:00,214,-0.14337739408634134,-0.002437070170832392,mark_basis_binance_minus_okx,basis,1h
2026-04-30 01:00:00+00:00,214,-0.053774635151135716,0.0023485743754326858,mark_basis_binance_minus_okx,basis,1h
2026-04-30 02:00:00+00:00,214,0.06552292960578346,0.0013467688914096387,mark_basis_binance_minus_okx,basis,1h
2026-04-30 03:00:00+00:00,214,-0.09208797793886313,-0.0004964454462527291,mark_basis_binance_minus_okx,basis,1h
2026-04-30 04:00:00+00:00,214,-0.054930459161802475,-0.0018456620297925754,mark_basis_binance_minus_okx,basis,1h
2026-04-30 05:00:00+00:00,214,0.024999848952151505,0.0005416908096730643,mark_basis_binance_minus_okx,basis,1h
2026-04-30 06:00:00+00:00,214,-0.05043408559129544,-0.0026067456788774063,mark_basis_binance_minus_okx,basis,1h
2026-04-30 07:00:00+00:00,214,-0.05645205939342855,-0.0013875507290338587,mark_basis_binance_minus_okx,basis,1h
2026-04-30 08:00:00+00:00,214,-9.184693169632433e-05,-0.0017419901521518795,mark_basis_binance_minus_okx,basis,1h
2026-04-30 09:00:00+00:00,214,0.06258552716952473,0.002697815936892894,mark_basis_binance_minus_okx,basis,1h
2026-04-30 10:00:00+00:00,214,0.014217593165169904,-0.0031897245040413353,mark_basis_binance_minus_okx,basis,1h
2026-04-30 11:00:00+00:00,214,-0.23039052468382817,-0.002960423575430947,mark_basis_binance_minus_okx,basis,1h
2026-04-30 12:00:00+00:00,214,0.02437668764910003,0.002046522991380888,mark_basis_binance_minus_okx,basis,1h
2026-04-30 13:00:00+00:00,214,-0.08229630355316896,-0.00028676426301845696,mark_basis_binance_minus_okx,basis,1h
2026-04-30 14:00:00+00:00,214,0.04083584385526303,0.006843810461031599,mark_basis_binance_minus_okx,basis,1h
2026-04-30 15:00:00+00:00,214,-0.06930749503876885,-0.0006034039766751699,mark_basis_binance_minus_okx,basis,1h
2026-04-30 16:00:00+00:00,214,-0.058653703237690355,-0.0023448236569980655,mark_basis_binance_minus_okx,basis,1h
2026-04-30 17:00:00+00:00,214,0.09703450474537126,-0.0008194102144015119,mark_basis_binance_minus_okx,basis,1h
2026-04-30 18:00:00+00:00,214,-0.1020870338713953,-0.0035435073020171188,mark_basis_binance_minus_okx,basis,1h
2026-04-30 19:00:00+00:00,214,-0.07893813632493228,-0.0015651679188342508,mark_basis_binance_minus_okx,basis,1h
2026-04-30 20:00:00+00:00,214,-0.09391251109564731,-0.0006090953281826274,mark_basis_binance_minus_okx,basis,1h
2026-04-30 21:00:00+00:00,214,-0.0746301192906663,-0.0006330605020608684,mark_basis_binance_minus_okx,basis,1h
2026-04-30 22:00:00+00:00,214,-0.05808629638966417,-0.0006395275167378068,mark_basis_binance_minus_okx,basis,1h
2026-04-26 17:00:00+00:00,99,0.033846306608849165,0.0036560895084448803,mark_basis_binance_minus_okx,basis,4h
2026-04-26 18:00:00+00:00,194,-0.07043339270160993,-0.0012499661527127304,mark_basis_binance_minus_okx,basis,4h
2026-04-26 19:00:00+00:00,214,-0.03221097202251132,0.0035893375229194852,mark_basis_binance_minus_okx,basis,4h
2026-04-26 20:00:00+00:00,214,0.12725822739542647,0.0016461823834385157,mark_basis_binance_minus_okx,basis,4h
2026-04-26 21:00:00+00:00,214,0.1083314081212839,-0.003605727628808587,mark_basis_binance_minus_okx,basis,4h
2026-04-26 22:00:00+00:00,214,0.0360959305389932,0.006911482575907137,mark_basis_binance_minus_okx,basis,4h
2026-04-26 23:00:00+00:00,214,0.025434568855493066,0.01174604016824303,mark_basis_binance_minus_okx,basis,4h
2026-04-27 00:00:00+00:00,214,-0.057215545060489016,0.004549628071079237,mark_basis_binance_minus_okx,basis,4h
2026-04-27 01:00:00+00:00,214,0.013688284638707247,0.0015317057283190522,mark_basis_binance_minus_okx,basis,4h
2026-04-27 02:00:00+00:00,214,0.020063672819759112,-0.0020304692904037705,mark_basis_binance_minus_okx,basis,4h
2026-04-27 03:00:00+00:00,214,0.030668426857988658,0.008147918684570248,mark_basis_binance_minus_okx,basis,4h
2026-04-27 04:00:00+00:00,214,0.2048570494843194,0.007516503717845645,mark_basis_binance_minus_okx,basis,4h
2026-04-27 05:00:00+00:00,214,0.05027298819209749,-0.01946027597355706,mark_basis_binance_minus_okx,basis,4h
2026-04-27 06:00:00+00:00,214,0.07188619293975342,-0.0013358348037043463,mark_basis_binance_minus_okx,basis,4h
2026-04-27 07:00:00+00:00,214,-0.027346892881649258,0.005994700125432403,mark_basis_binance_minus_okx,basis,4h
2026-04-27 08:00:00+00:00,214,-0.11605327404177582,-0.01620130622423007,mark_basis_binance_minus_okx,basis,4h
2026-04-27 09:00:00+00:00,214,-0.13390518531553014,-0.011261721360547386,mark_basis_binance_minus_okx,basis,4h
2026-04-27 10:00:00+00:00,214,-0.10089330822835281,-0.002902402582640784,mark_basis_binance_minus_okx,basis,4h
2026-04-27 11:00:00+00:00,214,-0.0877971133808008,-0.002026097622417398,mark_basis_binance_minus_okx,basis,4h
2026-04-27 12:00:00+00:00,214,-0.0909872493204779,0.00048443404187924633,mark_basis_binance_minus_okx,basis,4h
2026-04-27 13:00:00+00:00,214,-0.10625412996075692,0.008447877747403486,mark_basis_binance_minus_okx,basis,4h
2026-04-27 14:00:00+00:00,214,-0.19177287263982173,-0.007471875467497429,mark_basis_binance_minus_okx,basis,4h
2026-04-27 15:00:00+00:00,214,-0.21986808259536095,-0.010891685009603533,mark_basis_binance_minus_okx,basis,4h
2026-04-27 16:00:00+00:00,214,-0.07969128864647784,-0.003777357086377004,mark_basis_binance_minus_okx,basis,4h
2026-04-27 17:00:00+00:00,214,0.009967583929782795,0.008984304655985207,mark_basis_binance_minus_okx,basis,4h
2026-04-27 18:00:00+00:00,214,0.11698985477192549,0.004338716005370704,mark_basis_binance_minus_okx,basis,4h
2026-04-27 19:00:00+00:00,214,-0.015223523721865598,-0.004604587424837681,mark_basis_binance_minus_okx,basis,4h
2026-04-27 20:00:00+00:00,214,-0.02206705528238523,0.0029735010581589966,mark_basis_binance_minus_okx,basis,4h
2026-04-27 21:00:00+00:00,214,-0.019287153023292897,0.0021963134199921228,mark_basis_binance_minus_okx,basis,4h
2026-04-27 22:00:00+00:00,214,-0.06585696283927246,-0.004057327096091287,mark_basis_binance_minus_okx,basis,4h
2026-04-27 23:00:00+00:00,214,-0.028062238929882046,-0.008536557904640408,mark_basis_binance_minus_okx,basis,4h
2026-04-28 00:00:00+00:00,214,-0.052704314868716774,-0.003996345893403739,mark_basis_binance_minus_okx,basis,4h
2026-04-28 01:00:00+00:00,214,-0.07442388323749562,-0.0015716503496252068,mark_basis_binance_minus_okx,basis,4h
2026-04-28 02:00:00+00:00,214,-0.22749233300210187,-0.014322875963553357,mark_basis_binance_minus_okx,basis,4h
2026-04-28 03:00:00+00:00,214,-0.2580936666968923,-0.014239090262202093,mark_basis_binance_minus_okx,basis,4h
2026-04-28 04:00:00+00:00,214,-0.10222564681944125,-0.009805920894979555,mark_basis_binance_minus_okx,basis,4h
2026-04-28 05:00:00+00:00,214,-0.07337624536170957,-0.007208084709534068,mark_basis_binance_minus_okx,basis,4h
2026-04-28 06:00:00+00:00,214,-0.1722291658680768,-0.0024920508786603944,mark_basis_binance_minus_okx,basis,4h
2026-04-28 07:00:00+00:00,214,-0.03028681242439116,-0.0010235894167146555,mark_basis_binance_minus_okx,basis,4h
2026-04-28 08:00:00+00:00,214,-0.07952152931540053,-0.01136594582321003,mark_basis_binance_minus_okx,basis,4h
2026-04-28 09:00:00+00:00,214,0.003961409862916869,0.003528440383231768,mark_basis_binance_minus_okx,basis,4h
2026-04-28 10:00:00+00:00,214,0.10529077513404081,-5.139099981948947e-05,mark_basis_binance_minus_okx,basis,4h
2026-04-28 11:00:00+00:00,214,0.008863171347019845,0.003548404181244956,mark_basis_binance_minus_okx,basis,4h
2026-04-28 12:00:00+00:00,214,0.11275467276761976,0.0044196613586395,mark_basis_binance_minus_okx,basis,4h
2026-04-28 13:00:00+00:00,214,-0.029520883783140668,0.000488503998610502,mark_basis_binance_minus_okx,basis,4h
2026-04-28 14:00:00+00:00,214,0.018329083443281012,0.006944468081368968,mark_basis_binance_minus_okx,basis,4h
2026-04-28 15:00:00+00:00,214,0.1003026143509429,0.00340353375821435,mark_basis_binance_minus_okx,basis,4h
2026-04-28 16:00:00+00:00,214,0.012224851303070017,-0.0029289679512243825,mark_basis_binance_minus_okx,basis,4h
2026-04-28 17:00:00+00:00,214,-0.003810840671989003,0.0017581802719964551,mark_basis_binance_minus_okx,basis,4h
2026-04-28 18:00:00+00:00,214,0.057591533803960995,0.00938448079120846,mark_basis_binance_minus_okx,basis,4h
2026-04-28 19:00:00+00:00,214,0.0013494388427225505,0.0035233280877439133,mark_basis_binance_minus_okx,basis,4h
2026-04-28 20:00:00+00:00,214,0.03282113745969811,-0.00041128709650097527,mark_basis_binance_minus_okx,basis,4h
2026-04-28 21:00:00+00:00,214,0.019821046753768355,0.004637028620710639,mark_basis_binance_minus_okx,basis,4h
2026-04-28 22:00:00+00:00,214,-0.046840384684700774,-0.0067688417441009955,mark_basis_binance_minus_okx,basis,4h
2026-04-28 23:00:00+00:00,214,0.07615180304168204,0.0008150534310724729,mark_basis_binance_minus_okx,basis,4h
2026-04-29 00:00:00+00:00,214,0.12868244126129424,0.009322688495976977,mark_basis_binance_minus_okx,basis,4h
2026-04-29 01:00:00+00:00,214,0.029100596490361896,0.002644067461815164,mark_basis_binance_minus_okx,basis,4h
2026-04-29 02:00:00+00:00,214,0.02086051032620661,0.00015990633536656137,mark_basis_binance_minus_okx,basis,4h
2026-04-29 03:00:00+00:00,214,0.027016509354955153,0.0029028473704776044,mark_basis_binance_minus_okx,basis,4h
2026-04-29 04:00:00+00:00,214,-0.047211057205252996,-0.0051885636668759965,mark_basis_binance_minus_okx,basis,4h
2026-04-29 05:00:00+00:00,214,-0.017514435850307857,-0.0001928490594984289,mark_basis_binance_minus_okx,basis,4h
2026-04-29 06:00:00+00:00,214,0.037498565025732185,0.004986643317963139,mark_basis_binance_minus_okx,basis,4h
2026-04-29 07:00:00+00:00,214,-0.1174502151260278,-0.0036534296270244043,mark_basis_binance_minus_okx,basis,4h
2026-04-29 08:00:00+00:00,214,0.020326351400565313,0.0032295162702080807,mark_basis_binance_minus_okx,basis,4h
2026-04-29 09:00:00+00:00,214,-0.06481079616167376,-0.006319779197363644,mark_basis_binance_minus_okx,basis,4h
2026-04-29 10:00:00+00:00,214,-0.16082275411192554,-0.009063900937763094,mark_basis_binance_minus_okx,basis,4h
2026-04-29 11:00:00+00:00,214,-0.08556432120478147,-0.005435635127451394,mark_basis_binance_minus_okx,basis,4h
2026-04-29 12:00:00+00:00,214,-0.10258131760816744,-0.003718987132055096,mark_basis_binance_minus_okx,basis,4h
2026-04-29 13:00:00+00:00,214,0.07349661501870586,0.005092860359053724,mark_basis_binance_minus_okx,basis,4h
2026-04-29 14:00:00+00:00,214,0.012206168918801401,-0.005028531228435485,mark_basis_binance_minus_okx,basis,4h
2026-04-29 15:00:00+00:00,214,0.09402729302391848,0.007815356873251246,mark_basis_binance_minus_okx,basis,4h
2026-04-29 16:00:00+00:00,214,0.15745148481272467,0.009301081295878113,mark_basis_binance_minus_okx,basis,4h
2026-04-29 17:00:00+00:00,214,-0.026082439032086378,0.000465641520354458,mark_basis_binance_minus_okx,basis,4h
2026-04-29 18:00:00+00:00,214,0.03303444878996517,0.004712825184618921,mark_basis_binance_minus_okx,basis,4h
2026-04-29 19:00:00+00:00,214,0.102206548795321,0.0013382464014758313,mark_basis_binance_minus_okx,basis,4h
2026-04-29 20:00:00+00:00,214,0.032241294328872086,0.0011065986254510229,mark_basis_binance_minus_okx,basis,4h
2026-04-29 21:00:00+00:00,214,-0.07097319755461531,-0.0026995822907380685,mark_basis_binance_minus_okx,basis,4h
2026-04-29 22:00:00+00:00,214,-0.10066535968016779,-0.013494394209516447,mark_basis_binance_minus_okx,basis,4h
2026-04-29 23:00:00+00:00,214,-0.03171121474663553,-0.0030605778369832796,mark_basis_binance_minus_okx,basis,4h
2026-04-30 00:00:00+00:00,214,-0.175722408881492,-0.01500545366355556,mark_basis_binance_minus_okx,basis,4h
2026-04-30 01:00:00+00:00,214,-0.08265471616744813,0.0015839537268948906,mark_basis_binance_minus_okx,basis,4h
2026-04-30 02:00:00+00:00,214,-0.0735209392954902,-0.0022672268517955393,mark_basis_binance_minus_okx,basis,4h
2026-04-30 03:00:00+00:00,214,-0.0476799643773944,0.008449124437144144,mark_basis_binance_minus_okx,basis,4h
2026-04-30 04:00:00+00:00,214,-0.12851601473459381,-0.004628899267770631,mark_basis_binance_minus_okx,basis,4h
2026-04-30 05:00:00+00:00,214,-0.06815930104961844,-0.0023106213843039807,mark_basis_binance_minus_okx,basis,4h
2026-04-30 06:00:00+00:00,214,-0.0555241738003373,-0.003828942467677087,mark_basis_binance_minus_okx,basis,4h
2026-04-30 07:00:00+00:00,214,0.11242339680591523,-0.0013946618383252995,mark_basis_binance_minus_okx,basis,4h
2026-04-30 08:00:00+00:00,214,0.05792057584650591,0.007609589860859136,mark_basis_binance_minus_okx,basis,4h
2026-04-30 09:00:00+00:00,214,-0.042042207528506445,-0.002943420731502777,mark_basis_binance_minus_okx,basis,4h
2026-04-30 10:00:00+00:00,214,-0.06073624461428029,-0.0024526102788602023,mark_basis_binance_minus_okx,basis,4h
2026-04-30 11:00:00+00:00,214,-0.10701927034417553,0.0021227635888681584,mark_basis_binance_minus_okx,basis,4h
2026-04-30 12:00:00+00:00,214,-0.02668075779502021,0.0036609770543745207,mark_basis_binance_minus_okx,basis,4h
2026-04-30 13:00:00+00:00,214,-0.02078967712382621,0.0013684624428407662,mark_basis_binance_minus_okx,basis,4h
2026-04-30 14:00:00+00:00,214,-0.024341337108171268,0.003921286828454422,mark_basis_binance_minus_okx,basis,4h
2026-04-30 15:00:00+00:00,214,-0.02409834813717737,-0.0004978887909102344,mark_basis_binance_minus_okx,basis,4h
2026-04-30 16:00:00+00:00,214,-0.059707569977779304,-0.0014395511807816406,mark_basis_binance_minus_okx,basis,4h
2026-04-30 17:00:00+00:00,214,-0.14658942508682601,-0.005025292592301302,mark_basis_binance_minus_okx,basis,4h
2026-04-30 18:00:00+00:00,214,-0.11524076171065448,-0.0028776762854018398,mark_basis_binance_minus_okx,basis,4h
2026-04-30 19:00:00+00:00,214,-0.0030043157576257282,-0.004388097739821744,mark_basis_binance_minus_okx,basis,4h
2026-04-26 17:00:00+00:00,99,0.08384878150393994,0.007175464010075313,mark_basis_binance_minus_okx,basis,12h
2026-04-26 18:00:00+00:00,194,0.13040955633229048,0.006636772225510703,mark_basis_binance_minus_okx,basis,12h
2026-04-26 19:00:00+00:00,214,0.004375181853265145,0.002344176900390571,mark_basis_binance_minus_okx,basis,12h
2026-04-26 20:00:00+00:00,214,0.1527492636079557,-0.002104311331129434,mark_basis_binance_minus_okx,basis,12h
2026-04-26 21:00:00+00:00,214,0.11845921514215807,-0.02056716729967685,mark_basis_binance_minus_okx,basis,12h
2026-04-26 22:00:00+00:00,214,0.15212834906642866,0.003743219116807188,mark_basis_binance_minus_okx,basis,12h
2026-04-26 23:00:00+00:00,214,0.06255001805339634,0.015199622833274511,mark_basis_binance_minus_okx,basis,12h
2026-04-27 00:00:00+00:00,214,0.011088578867543547,0.0036368248325104463,mark_basis_binance_minus_okx,basis,12h
2026-04-27 01:00:00+00:00,214,0.08065352559634699,-0.0001650089330609561,mark_basis_binance_minus_okx,basis,12h
2026-04-27 02:00:00+00:00,214,0.06717792706906425,-0.0027571586226408096,mark_basis_binance_minus_okx,basis,12h
2026-04-27 03:00:00+00:00,214,-0.04072038618217467,0.00605180985491028,mark_basis_binance_minus_okx,basis,12h
2026-04-27 04:00:00+00:00,214,0.059337884147843314,-0.00751923711312788,mark_basis_binance_minus_okx,basis,12h
2026-04-27 05:00:00+00:00,214,-0.10592886976176781,-0.027927939882969086,mark_basis_binance_minus_okx,basis,12h
2026-04-27 06:00:00+00:00,214,-0.15031153301679764,-0.00990689709206427,mark_basis_binance_minus_okx,basis,12h
2026-04-27 07:00:00+00:00,214,-0.11179936015330465,-0.0035875408485287683,mark_basis_binance_minus_okx,basis,12h
2026-04-27 08:00:00+00:00,214,-0.18480739866568507,-0.022508524124022534,mark_basis_binance_minus_okx,basis,12h
2026-04-27 09:00:00+00:00,214,-0.18785277626333657,-0.026370579648253175,mark_basis_binance_minus_okx,basis,12h
2026-04-27 10:00:00+00:00,214,-0.13511221662902506,-0.01066755971284215,mark_basis_binance_minus_okx,basis,12h
2026-04-27 11:00:00+00:00,214,-0.09839943792133361,0.0007118501489050725,mark_basis_binance_minus_okx,basis,12h
2026-04-27 12:00:00+00:00,214,-0.027481982178549913,0.008917537489531745,mark_basis_binance_minus_okx,basis,12h
2026-04-27 13:00:00+00:00,214,0.011353845740464993,0.006433717104368632,mark_basis_binance_minus_okx,basis,12h
2026-04-27 14:00:00+00:00,214,-0.06757930235994254,-0.0003327787915840566,mark_basis_binance_minus_okx,basis,12h
2026-04-27 15:00:00+00:00,214,-0.15099862679598922,-0.004424295625015916,mark_basis_binance_minus_okx,basis,12h
2026-04-27 16:00:00+00:00,214,-0.13185411032089486,0.0004467599653658061,mark_basis_binance_minus_okx,basis,12h
2026-04-27 17:00:00+00:00,214,-0.04485472621261493,0.01445278832508234,mark_basis_binance_minus_okx,basis,12h
2026-04-27 18:00:00+00:00,214,-0.062006666243456236,-0.005932159357972665,mark_basis_binance_minus_okx,basis,12h
2026-04-27 19:00:00+00:00,214,-0.12259326847028756,-0.014225355969659787,mark_basis_binance_minus_okx,basis,12h
2026-04-27 20:00:00+00:00,214,-0.1014311561057763,-0.007248063939287041,mark_basis_binance_minus_okx,basis,12h
2026-04-27 21:00:00+00:00,214,-0.07087674140695317,-0.007578794842621479,mark_basis_binance_minus_okx,basis,12h
2026-04-27 22:00:00+00:00,214,-0.10348758766476385,-0.0033973280250702755,mark_basis_binance_minus_okx,basis,12h
2026-04-27 23:00:00+00:00,214,-0.1135458057757672,-0.01737814348373123,mark_basis_binance_minus_okx,basis,12h
2026-04-28 00:00:00+00:00,214,-0.059266856745216624,-0.019207172241530825,mark_basis_binance_minus_okx,basis,12h
2026-04-28 01:00:00+00:00,214,-0.0011763088752759412,-0.016126017488853256,mark_basis_binance_minus_okx,basis,12h
2026-04-28 02:00:00+00:00,214,-0.23276791263344296,-0.018737505067693932,mark_basis_binance_minus_okx,basis,12h
2026-04-28 03:00:00+00:00,214,-0.1634396779813117,-0.010510824110658635,mark_basis_binance_minus_okx,basis,12h
2026-04-28 04:00:00+00:00,214,-0.023558409671445193,-0.013092211765837995,mark_basis_binance_minus_okx,basis,12h
2026-04-28 05:00:00+00:00,214,0.010468553178855656,0.0008283275879455588,mark_basis_binance_minus_okx,basis,12h
2026-04-28 06:00:00+00:00,214,0.012606404867157223,0.007066702733619738,mark_basis_binance_minus_okx,basis,12h
2026-04-28 07:00:00+00:00,214,0.04364218138117957,0.009193074485988002,mark_basis_binance_minus_okx,basis,12h
2026-04-28 08:00:00+00:00,214,0.0013544568312006048,-0.014049942765688606,mark_basis_binance_minus_okx,basis,12h
2026-04-28 09:00:00+00:00,214,-0.020457284140632574,0.00506067294195958,mark_basis_binance_minus_okx,basis,12h
2026-04-28 10:00:00+00:00,214,0.10330807391454554,0.010550193239812836,mark_basis_binance_minus_okx,basis,12h
2026-04-28 11:00:00+00:00,214,0.0446205555197619,0.007074388991693183,mark_basis_binance_minus_okx,basis,12h
2026-04-28 12:00:00+00:00,214,0.0553658658212371,0.0007333256633336935,mark_basis_binance_minus_okx,basis,12h
2026-04-28 13:00:00+00:00,214,-0.029407253763745124,0.005741959778854335,mark_basis_binance_minus_okx,basis,12h
2026-04-28 14:00:00+00:00,214,0.11694568029237956,0.0023679412272529527,mark_basis_binance_minus_okx,basis,12h
2026-04-28 15:00:00+00:00,214,0.18323984025758666,0.0011448374384646631,mark_basis_binance_minus_okx,basis,12h
2026-04-28 16:00:00+00:00,214,0.10341373640927617,0.010896744898411758,mark_basis_binance_minus_okx,basis,12h
2026-04-28 17:00:00+00:00,214,0.11607906690935138,0.015924293063733996,mark_basis_binance_minus_okx,basis,12h
2026-04-28 18:00:00+00:00,214,0.1991902669801313,0.01565240236510705,mark_basis_binance_minus_okx,basis,12h
2026-04-28 19:00:00+00:00,214,0.17655729642492335,0.01667875394920581,mark_basis_binance_minus_okx,basis,12h
2026-04-28 20:00:00+00:00,214,0.1262411435294904,0.012691415664453346,mark_basis_binance_minus_okx,basis,12h
2026-04-28 21:00:00+00:00,214,0.055138678241166784,-0.004805483285981386,mark_basis_binance_minus_okx,basis,12h
2026-04-28 22:00:00+00:00,214,0.015067409151308978,-0.0009357344604106212,mark_basis_binance_minus_okx,basis,12h
2026-04-28 23:00:00+00:00,214,0.05170002652118905,0.0057619232858275886,mark_basis_binance_minus_okx,basis,12h
2026-04-29 00:00:00+00:00,214,0.1118846761304021,0.004247425124747731,mark_basis_binance_minus_okx,basis,12h
2026-04-29 01:00:00+00:00,214,-0.0010068690020026297,-0.00038153158711857517,mark_basis_binance_minus_okx,basis,12h
2026-04-29 02:00:00+00:00,214,-0.03380121230043572,-0.0039039196421655356,mark_basis_binance_minus_okx,basis,12h
2026-04-29 03:00:00+00:00,214,0.000908264156251773,-0.002622700114858892,mark_basis_binance_minus_okx,basis,12h
2026-04-29 04:00:00+00:00,214,-0.04810365591920352,-0.0039106129944478304,mark_basis_binance_minus_okx,basis,12h
2026-04-29 05:00:00+00:00,214,0.08628999444826774,-0.00016416527747199414,mark_basis_binance_minus_okx,basis,12h
2026-04-29 06:00:00+00:00,214,0.020488926399416636,0.0007208747083345748,mark_basis_binance_minus_okx,basis,12h
2026-04-29 07:00:00+00:00,214,-0.06530843491084495,-0.008709137598842343,mark_basis_binance_minus_okx,basis,12h
2026-04-29 08:00:00+00:00,214,0.030816065414681505,0.00027863748995132775,mark_basis_binance_minus_okx,basis,12h
2026-04-29 09:00:00+00:00,214,-0.031932959054421436,-0.0023175555785552304,mark_basis_binance_minus_okx,basis,12h
2026-04-29 10:00:00+00:00,214,-0.07925022735472714,-0.009222369625290796,mark_basis_binance_minus_okx,basis,12h
2026-04-29 11:00:00+00:00,214,0.013337499345421054,-0.004062368829755511,mark_basis_binance_minus_okx,basis,12h
2026-04-29 12:00:00+00:00,214,0.1584730763345814,0.010981310691011919,mark_basis_binance_minus_okx,basis,12h
2026-04-29 13:00:00+00:00,214,0.16095599499493912,0.009207113995325512,mark_basis_binance_minus_okx,basis,12h
2026-04-29 14:00:00+00:00,214,0.07917049981859213,0.003889839084135021,mark_basis_binance_minus_okx,basis,12h
2026-04-29 15:00:00+00:00,214,0.1334352734521719,0.015191933151319626,mark_basis_binance_minus_okx,basis,12h
2026-04-29 16:00:00+00:00,214,0.10162125924847905,0.015510481520154468,mark_basis_binance_minus_okx,basis,12h
2026-04-29 17:00:00+00:00,214,0.04967596718209967,0.009120604044642232,mark_basis_binance_minus_okx,basis,12h
2026-04-29 18:00:00+00:00,214,0.049173663299016214,0.006204806004732211,mark_basis_binance_minus_okx,basis,12h
2026-04-29 19:00:00+00:00,214,0.003925603557900458,-0.004015808968874796,mark_basis_binance_minus_okx,basis,12h
2026-04-29 20:00:00+00:00,214,-0.14331729448153152,-0.009823309291897174,mark_basis_binance_minus_okx,basis,12h
2026-04-29 21:00:00+00:00,214,-0.17430843392516415,-0.015111571246080209,mark_basis_binance_minus_okx,basis,12h
2026-04-29 22:00:00+00:00,214,-0.18502430719478774,-0.02130483380110714,mark_basis_binance_minus_okx,basis,12h
2026-04-29 23:00:00+00:00,214,-0.12390438199978003,-0.004869794374428587,mark_basis_binance_minus_okx,basis,12h
2026-04-30 00:00:00+00:00,214,-0.14977982199884704,-0.022152104115535563,mark_basis_binance_minus_okx,basis,12h
2026-04-30 01:00:00+00:00,214,-0.01582851570274867,-0.0028361886154695416,mark_basis_binance_minus_okx,basis,12h
2026-04-30 02:00:00+00:00,214,-0.08375754870881903,-0.009746804603824417,mark_basis_binance_minus_okx,basis,12h
2026-04-30 03:00:00+00:00,214,-0.05489923630989051,0.006222229903330795,mark_basis_binance_minus_okx,basis,12h
2026-04-30 04:00:00+00:00,214,-0.039610625978384356,-0.0016321413434010291,mark_basis_binance_minus_okx,basis,12h
2026-04-30 05:00:00+00:00,214,-0.040512299171562086,0.003071995777032677,mark_basis_binance_minus_okx,basis,12h
2026-04-30 06:00:00+00:00,214,-0.013068617780499572,0.002538052868095067,mark_basis_binance_minus_okx,basis,12h
2026-04-30 07:00:00+00:00,214,0.084913205626114,0.001281869073666122,mark_basis_binance_minus_okx,basis,12h
2026-04-30 08:00:00+00:00,214,-0.00048616005370686824,0.004386617320714003,mark_basis_binance_minus_okx,basis,12h
2026-04-30 09:00:00+00:00,214,-0.06329485928344569,0.0003999296467555374,mark_basis_binance_minus_okx,basis,12h
2026-04-30 10:00:00+00:00,214,-0.02009034858347003,0.0028037509264312544,mark_basis_binance_minus_okx,basis,12h
2026-04-30 11:00:00+00:00,214,-0.10188088468580674,0.0020575889111845783,mark_basis_binance_minus_okx,basis,12h
2026-04-26 17:00:00+00:00,100,0.04706165141064746,0.00399329236777593,index_spread_okx_minus_binance,index_spread,1h
2026-04-26 18:00:00+00:00,187,0.07555497655003902,-0.002924489095730824,index_spread_okx_minus_binance,index_spread,1h
2026-04-26 19:00:00+00:00,214,0.037317356171714326,0.001995653162797123,index_spread_okx_minus_binance,index_spread,1h
2026-04-26 20:00:00+00:00,214,-0.02968787931064176,0.0014237262621950085,index_spread_okx_minus_binance,index_spread,1h
2026-04-26 21:00:00+00:00,214,-0.1214142814470395,0.004230233008066234,index_spread_okx_minus_binance,index_spread,1h
2026-04-26 22:00:00+00:00,214,-0.0158754892604134,-0.00045843173417236356,index_spread_okx_minus_binance,index_spread,1h
2026-04-26 23:00:00+00:00,214,0.06781484249150961,0.001151513561516168,index_spread_okx_minus_binance,index_spread,1h
2026-04-27 00:00:00+00:00,214,-0.05966249212893133,-0.0008319070888374589,index_spread_okx_minus_binance,index_spread,1h
2026-04-27 01:00:00+00:00,214,-0.004598679359863375,-0.004760549563265115,index_spread_okx_minus_binance,index_spread,1h
2026-04-27 02:00:00+00:00,214,-0.12205449727973953,-0.0020254918644432253,index_spread_okx_minus_binance,index_spread,1h
2026-04-27 03:00:00+00:00,214,0.025439099996731888,-0.002247940011679878,index_spread_okx_minus_binance,index_spread,1h
2026-04-27 04:00:00+00:00,214,-0.14167342678107334,-0.023501260117545785,index_spread_okx_minus_binance,index_spread,1h
2026-04-27 05:00:00+00:00,214,0.15066351160647867,0.019695693258982808,index_spread_okx_minus_binance,index_spread,1h
2026-04-27 06:00:00+00:00,214,0.0029467136459781643,-0.001066122495402378,index_spread_okx_minus_binance,index_spread,1h
2026-04-27 07:00:00+00:00,214,0.09166259775450229,0.0005841320287749462,index_spread_okx_minus_binance,index_spread,1h
2026-04-27 08:00:00+00:00,214,-0.11232447299709425,-0.0017991819528559237,index_spread_okx_minus_binance,index_spread,1h
2026-04-27 09:00:00+00:00,214,-0.0032259101381695017,0.0016588321128801079,index_spread_okx_minus_binance,index_spread,1h
2026-04-27 10:00:00+00:00,214,-0.08769571530943236,0.003067100351782504,index_spread_okx_minus_binance,index_spread,1h
2026-04-27 11:00:00+00:00,214,-0.03774663840359922,-0.001568024567663387,index_spread_okx_minus_binance,index_spread,1h
2026-04-27 12:00:00+00:00,214,0.0705892076846443,0.003958837028746452,index_spread_okx_minus_binance,index_spread,1h
2026-04-27 13:00:00+00:00,214,-0.01769124804857219,-0.0010093305837046104,index_spread_okx_minus_binance,index_spread,1h
2026-04-27 14:00:00+00:00,214,0.019461176370470398,-0.0024169552893209857,index_spread_okx_minus_binance,index_spread,1h
2026-04-27 15:00:00+00:00,214,-0.06449159990545884,-0.0038853911813068387,index_spread_okx_minus_binance,index_spread,1h
2026-04-27 16:00:00+00:00,214,-0.03669541659543125,-0.0031560210576504835,index_spread_okx_minus_binance,index_spread,1h
2026-04-27 17:00:00+00:00,214,0.036059617628174605,0.0019804484680927357,index_spread_okx_minus_binance,index_spread,1h
2026-04-27 18:00:00+00:00,214,0.06745727326563891,0.004296817869223381,index_spread_okx_minus_binance,index_spread,1h
2026-04-27 19:00:00+00:00,214,-0.038406955031251064,-0.0019924783955844916,index_spread_okx_minus_binance,index_spread,1h
2026-04-27 20:00:00+00:00,214,0.08284596820047031,0.0024842978495213802,index_spread_okx_minus_binance,index_spread,1h
2026-04-27 21:00:00+00:00,214,-0.05200645297562379,-0.0008867309511356143,index_spread_okx_minus_binance,index_spread,1h
2026-04-27 22:00:00+00:00,214,0.05862357983857242,-0.0022037726458699865,index_spread_okx_minus_binance,index_spread,1h
2026-04-27 23:00:00+00:00,214,0.034145423100370324,0.001030821340294898,index_spread_okx_minus_binance,index_spread,1h
2026-04-28 00:00:00+00:00,214,-0.16368144737506143,-0.00277425311306445,index_spread_okx_minus_binance,index_spread,1h
2026-04-28 01:00:00+00:00,214,-0.11416734217099757,0.0009375716853377344,index_spread_okx_minus_binance,index_spread,1h
2026-04-28 02:00:00+00:00,214,-0.007371217247054811,9.787763203195706e-05,index_spread_okx_minus_binance,index_spread,1h
2026-04-28 03:00:00+00:00,214,0.00016103621700399624,0.0002571280989527127,index_spread_okx_minus_binance,index_spread,1h
2026-04-28 04:00:00+00:00,214,0.021009271572379296,0.004168357449089792,index_spread_okx_minus_binance,index_spread,1h
2026-04-28 05:00:00+00:00,214,0.0669341969270384,0.006991681441860616,index_spread_okx_minus_binance,index_spread,1h
2026-04-28 06:00:00+00:00,214,0.04368972758044094,0.0025383467100548677,index_spread_okx_minus_binance,index_spread,1h
2026-04-28 07:00:00+00:00,214,0.11806373228593466,0.006920550065470019,index_spread_okx_minus_binance,index_spread,1h
2026-04-28 08:00:00+00:00,214,0.0010989932735449139,0.0015567513715734338,index_spread_okx_minus_binance,index_spread,1h
2026-04-28 09:00:00+00:00,214,-0.03327993515546616,-0.005478835584128496,index_spread_okx_minus_binance,index_spread,1h
2026-04-28 10:00:00+00:00,214,0.12368713476249805,0.003054667076219168,index_spread_okx_minus_binance,index_spread,1h
2026-04-28 11:00:00+00:00,214,0.07295352204511572,0.002722475053094659,index_spread_okx_minus_binance,index_spread,1h
2026-04-28 12:00:00+00:00,214,0.08903180106403183,-0.000670184750534645,index_spread_okx_minus_binance,index_spread,1h
2026-04-28 13:00:00+00:00,214,-0.02589716195953259,0.0007219229102162772,index_spread_okx_minus_binance,index_spread,1h
2026-04-28 14:00:00+00:00,214,-0.09350244316345854,-0.0010785787504267045,index_spread_okx_minus_binance,index_spread,1h
2026-04-28 15:00:00+00:00,214,0.06297637601866421,0.0016518695532522474,index_spread_okx_minus_binance,index_spread,1h
2026-04-28 16:00:00+00:00,214,-0.04553811793856467,-0.00025435415884680164,index_spread_okx_minus_binance,index_spread,1h
2026-04-28 17:00:00+00:00,214,0.00724827341523261,0.00040754671458916036,index_spread_okx_minus_binance,index_spread,1h
2026-04-28 18:00:00+00:00,214,0.021923034146113303,0.002085169849581625,index_spread_okx_minus_binance,index_spread,1h
2026-04-28 19:00:00+00:00,214,0.036045660899016084,0.0014139084693609546,index_spread_okx_minus_binance,index_spread,1h
2026-04-28 20:00:00+00:00,214,-0.014178521931811358,0.0023344550415362168,index_spread_okx_minus_binance,index_spread,1h
2026-04-28 21:00:00+00:00,214,-0.0357197317070001,-0.0007336162221455761,index_spread_okx_minus_binance,index_spread,1h
2026-04-28 22:00:00+00:00,214,-0.037734705451946834,0.00024483413955601007,index_spread_okx_minus_binance,index_spread,1h
2026-04-28 23:00:00+00:00,214,0.09919862446249685,0.003595110907130046,index_spread_okx_minus_binance,index_spread,1h
2026-04-29 00:00:00+00:00,214,-0.13210786691900078,-0.0015663551240300178,index_spread_okx_minus_binance,index_spread,1h
2026-04-29 01:00:00+00:00,214,0.026601194874356165,-1.790795013015137e-05,index_spread_okx_minus_binance,index_spread,1h
2026-04-29 02:00:00+00:00,214,0.033693226518423734,-0.006035098561310348,index_spread_okx_minus_binance,index_spread,1h
2026-04-29 03:00:00+00:00,214,0.027070131937556047,-0.0037631996503055985,index_spread_okx_minus_binance,index_spread,1h
2026-04-29 04:00:00+00:00,214,-0.0515585988421014,-0.00037063273462778994,index_spread_okx_minus_binance,index_spread,1h
2026-04-29 05:00:00+00:00,214,-0.04490333687822227,-0.0030740096094218077,index_spread_okx_minus_binance,index_spread,1h
2026-04-29 06:00:00+00:00,214,0.01519098165653097,0.00039456187802724757,index_spread_okx_minus_binance,index_spread,1h
2026-04-29 07:00:00+00:00,214,0.08752986302310779,0.0015287254069474968,index_spread_okx_minus_binance,index_spread,1h
2026-04-29 08:00:00+00:00,214,0.01108026796395845,-0.008256008092166853,index_spread_okx_minus_binance,index_spread,1h
2026-04-29 09:00:00+00:00,214,0.03883704378528073,-0.0006972653539761495,index_spread_okx_minus_binance,index_spread,1h
2026-04-29 10:00:00+00:00,214,-0.05613742072296222,-0.00011797720631362158,index_spread_okx_minus_binance,index_spread,1h
2026-04-29 11:00:00+00:00,214,0.07581988980407667,0.00041175523612165107,index_spread_okx_minus_binance,index_spread,1h
2026-04-29 12:00:00+00:00,214,-0.08650666052796882,-0.005349064929144623,index_spread_okx_minus_binance,index_spread,1h
2026-04-29 13:00:00+00:00,214,0.01637064927916569,0.0015884194252666077,index_spread_okx_minus_binance,index_spread,1h
2026-04-29 14:00:00+00:00,214,0.02339420811057294,0.0008826220514251554,index_spread_okx_minus_binance,index_spread,1h
2026-04-29 15:00:00+00:00,214,-0.0365986821483197,-0.00038263280535958885,index_spread_okx_minus_binance,index_spread,1h
2026-04-29 16:00:00+00:00,214,0.14333368333041305,0.00394215404096849,index_spread_okx_minus_binance,index_spread,1h
2026-04-29 17:00:00+00:00,214,0.05831126729951541,0.00036877149194133527,index_spread_okx_minus_binance,index_spread,1h
2026-04-29 18:00:00+00:00,214,0.061674337949427366,0.002178810687033247,index_spread_okx_minus_binance,index_spread,1h
2026-04-29 19:00:00+00:00,214,-0.0901120975269036,-0.0016812434451459052,index_spread_okx_minus_binance,index_spread,1h
2026-04-29 20:00:00+00:00,214,-0.03323159998897974,-0.0013409683366374008,index_spread_okx_minus_binance,index_spread,1h
2026-04-29 21:00:00+00:00,214,0.09057399364213739,8.775326788443912e-05,index_spread_okx_minus_binance,index_spread,1h
2026-04-29 22:00:00+00:00,214,0.01497108600587392,0.0018266837272275377,index_spread_okx_minus_binance,index_spread,1h
2026-04-29 23:00:00+00:00,214,-0.0725434122324377,-0.001469204966016973,index_spread_okx_minus_binance,index_spread,1h
2026-04-30 00:00:00+00:00,214,0.058468959087853586,0.0035166314351089034,index_spread_okx_minus_binance,index_spread,1h
2026-04-30 01:00:00+00:00,214,0.025960103529427764,0.0024919409239306037,index_spread_okx_minus_binance,index_spread,1h
2026-04-30 02:00:00+00:00,214,-0.021961025951950677,-0.0002575564539265589,index_spread_okx_minus_binance,index_spread,1h
2026-04-30 03:00:00+00:00,214,0.03195081043337649,0.0021490406767094928,index_spread_okx_minus_binance,index_spread,1h
2026-04-30 04:00:00+00:00,214,0.030938694788151897,0.0010214366378780172,index_spread_okx_minus_binance,index_spread,1h
2026-04-30 05:00:00+00:00,214,-0.006942152808177035,0.0012588742133782405,index_spread_okx_minus_binance,index_spread,1h
2026-04-30 06:00:00+00:00,214,-0.0757656371074705,-0.00184725152815814,index_spread_okx_minus_binance,index_spread,1h
2026-04-30 07:00:00+00:00,214,0.19493244062641463,0.005015553170743914,index_spread_okx_minus_binance,index_spread,1h
2026-04-30 08:00:00+00:00,214,-0.064971116712904,-0.0017720794989972703,index_spread_okx_minus_binance,index_spread,1h
2026-04-30 09:00:00+00:00,214,0.07344600949671824,0.003785074577767071,index_spread_okx_minus_binance,index_spread,1h
2026-04-30 10:00:00+00:00,214,-0.09400769586515878,0.0010462092091911262,index_spread_okx_minus_binance,index_spread,1h
2026-04-30 11:00:00+00:00,214,-0.038644766814975716,0.0010334411770371878,index_spread_okx_minus_binance,index_spread,1h
2026-04-30 12:00:00+00:00,214,-0.017071865577283817,0.0008743297307098822,index_spread_okx_minus_binance,index_spread,1h
2026-04-30 13:00:00+00:00,214,-0.04640382599946374,-0.0009659157616541023,index_spread_okx_minus_binance,index_spread,1h
2026-04-30 14:00:00+00:00,214,0.017055267836036815,-0.004316378336978337,index_spread_okx_minus_binance,index_spread,1h
2026-04-30 15:00:00+00:00,214,-0.01104069223472936,0.0011792245727128205,index_spread_okx_minus_binance,index_spread,1h
2026-04-30 16:00:00+00:00,214,-0.021902739075442865,0.0012483990699030225,index_spread_okx_minus_binance,index_spread,1h
2026-04-30 17:00:00+00:00,214,-0.03181320283229088,-0.0012920971764824596,index_spread_okx_minus_binance,index_spread,1h
2026-04-30 18:00:00+00:00,214,-0.00045616723067671937,0.0017262134529516199,index_spread_okx_minus_binance,index_spread,1h
2026-04-30 19:00:00+00:00,214,0.07703883747913534,0.0012633815090996264,index_spread_okx_minus_binance,index_spread,1h
2026-04-30 20:00:00+00:00,214,0.011402453423851228,0.0021003264987846204,index_spread_okx_minus_binance,index_spread,1h
2026-04-30 21:00:00+00:00,214,-0.006353125032006175,-4.764368709057757e-05,index_spread_okx_minus_binance,index_spread,1h
2026-04-30 22:00:00+00:00,214,0.027258241561850912,-0.000838517736910128,index_spread_okx_minus_binance,index_spread,1h
2026-04-26 17:00:00+00:00,100,0.24630063006300626,0.019677051047419077,index_spread_okx_minus_binance,index_spread,4h
2026-04-26 18:00:00+00:00,187,0.08787601013460611,0.0031291940496662013,index_spread_okx_minus_binance,index_spread,4h
2026-04-26 19:00:00+00:00,214,-0.009238380090664156,0.004481688481684707,index_spread_okx_minus_binance,index_spread,4h
2026-04-26 20:00:00+00:00,214,-0.006408352961187398,0.0023677640103707425,index_spread_okx_minus_binance,index_spread,4h
2026-04-26 21:00:00+00:00,214,0.03462872431284075,0.017136739902252385,index_spread_okx_minus_binance,index_spread,4h
2026-04-26 22:00:00+00:00,214,0.002530390089097808,0.0007782006236736402,index_spread_okx_minus_binance,index_spread,4h
2026-04-26 23:00:00+00:00,214,-0.013385965368779378,-0.002354952227245253,index_spread_okx_minus_binance,index_spread,4h
2026-04-27 00:00:00+00:00,214,0.03282878838808279,-0.0004605053411139942,index_spread_okx_minus_binance,index_spread,4h
2026-04-27 01:00:00+00:00,214,-0.09666119632939903,-0.00971053035262522,index_spread_okx_minus_binance,index_spread,4h
2026-04-27 02:00:00+00:00,214,-0.025513743185039385,0.0010811180819622138,index_spread_okx_minus_binance,index_spread,4h
2026-04-27 03:00:00+00:00,214,-0.0061340021409929495,-0.009131944358816986,index_spread_okx_minus_binance,index_spread,4h
2026-04-27 04:00:00+00:00,214,-0.0009557016080398933,0.0034817420364529894,index_spread_okx_minus_binance,index_spread,4h
2026-04-27 05:00:00+00:00,214,0.08440604902365435,0.016281023095581736,index_spread_okx_minus_binance,index_spread,4h
2026-04-27 06:00:00+00:00,214,-0.019153886184924595,-0.007748128497288211,index_spread_okx_minus_binance,index_spread,4h
2026-04-27 07:00:00+00:00,214,-0.07272131729807611,-0.008326906005419174,index_spread_okx_minus_binance,index_spread,4h
2026-04-27 08:00:00+00:00,214,-0.1456617155019021,-0.007887695027718295,index_spread_okx_minus_binance,index_spread,4h
2026-04-27 09:00:00+00:00,214,0.11717819205981374,0.00901682472171508,index_spread_okx_minus_binance,index_spread,4h
2026-04-27 10:00:00+00:00,214,-0.03554256239346253,0.005696425461747907,index_spread_okx_minus_binance,index_spread,4h
2026-04-27 11:00:00+00:00,214,0.04630652858686568,0.005094543604106478,index_spread_okx_minus_binance,index_spread,4h
2026-04-27 12:00:00+00:00,214,0.02121584101435389,-0.007811120682002563,index_spread_okx_minus_binance,index_spread,4h
2026-04-27 13:00:00+00:00,214,0.04364589452557714,-0.008796642707759348,index_spread_okx_minus_binance,index_spread,4h
2026-04-27 14:00:00+00:00,214,-0.01384575165320476,-0.004118242544335685,index_spread_okx_minus_binance,index_spread,4h
2026-04-27 15:00:00+00:00,214,-0.06794063130894695,-0.005003938105016605,index_spread_okx_minus_binance,index_spread,4h
2026-04-27 16:00:00+00:00,214,0.004615667187091146,0.0024583944862178585,index_spread_okx_minus_binance,index_spread,4h
2026-04-27 17:00:00+00:00,214,0.11564727681590789,-0.0008436659228345392,index_spread_okx_minus_binance,index_spread,4h
2026-04-27 18:00:00+00:00,214,0.04090665030771064,0.007087832153758637,index_spread_okx_minus_binance,index_spread,4h
2026-04-27 19:00:00+00:00,214,-0.10859308251822143,-0.002245398597166815,index_spread_okx_minus_binance,index_spread,4h
2026-04-27 20:00:00+00:00,214,-0.01704896273283069,0.00262504767975141,index_spread_okx_minus_binance,index_spread,4h
2026-04-27 21:00:00+00:00,214,-0.04709755291946947,0.0013531757066372477,index_spread_okx_minus_binance,index_spread,4h
2026-04-27 22:00:00+00:00,214,-0.007973169302661313,-0.0002995105594090472,index_spread_okx_minus_binance,index_spread,4h
2026-04-27 23:00:00+00:00,214,-0.0917909355785996,-0.003569062228622943,index_spread_okx_minus_binance,index_spread,4h
2026-04-28 00:00:00+00:00,214,-0.05675520464723767,-0.0030684134783116605,index_spread_okx_minus_binance,index_spread,4h
2026-04-28 01:00:00+00:00,214,-0.12762192807436093,-0.008526149514699375,index_spread_okx_minus_binance,index_spread,4h
2026-04-28 02:00:00+00:00,214,-0.036252396571287274,-0.002323617546818796,index_spread_okx_minus_binance,index_spread,4h
2026-04-28 03:00:00+00:00,214,0.08754445609743099,0.0026024403163351414,index_spread_okx_minus_binance,index_spread,4h
2026-04-28 04:00:00+00:00,214,-0.006135245396063752,0.015967208243004016,index_spread_okx_minus_binance,index_spread,4h
2026-04-28 05:00:00+00:00,214,0.013441720148376513,0.0055489306887345005,index_spread_okx_minus_binance,index_spread,4h
2026-04-28 06:00:00+00:00,214,-0.04299581533681873,0.007109811588441519,index_spread_okx_minus_binance,index_spread,4h
2026-04-28 07:00:00+00:00,214,0.10147396003930559,0.01772286262873002,index_spread_okx_minus_binance,index_spread,4h
2026-04-28 08:00:00+00:00,214,0.017693138926890287,0.010594857415327733,index_spread_okx_minus_binance,index_spread,4h
2026-04-28 09:00:00+00:00,214,-0.05729042464806584,-0.0019891520496308083,index_spread_okx_minus_binance,index_spread,4h
2026-04-28 10:00:00+00:00,214,0.022782701384042932,0.008078330540617167,index_spread_okx_minus_binance,index_spread,4h
2026-04-28 11:00:00+00:00,214,0.03437057082309748,8.977460204209016e-05,index_spread_okx_minus_binance,index_spread,4h
2026-04-28 12:00:00+00:00,214,0.050002923450246685,-0.004668170977642113,index_spread_okx_minus_binance,index_spread,4h
2026-04-28 13:00:00+00:00,214,-0.0890017448805713,-0.0062937092209210885,index_spread_okx_minus_binance,index_spread,4h
2026-04-28 14:00:00+00:00,214,-0.04241271567195195,-0.003244091864954843,index_spread_okx_minus_binance,index_spread,4h
2026-04-28 15:00:00+00:00,214,-0.051246211773589366,-0.004512435640720585,index_spread_okx_minus_binance,index_spread,4h
2026-04-28 16:00:00+00:00,214,0.07298720829015236,0.006790832700392226,index_spread_okx_minus_binance,index_spread,4h
2026-04-28 17:00:00+00:00,214,-0.017936689863059678,0.0017859284056953519,index_spread_okx_minus_binance,index_spread,4h
2026-04-28 18:00:00+00:00,214,0.01837273153336691,0.0008671049265620725,index_spread_okx_minus_binance,index_spread,4h
2026-04-28 19:00:00+00:00,214,-0.12194290951536198,0.004598969086989573,index_spread_okx_minus_binance,index_spread,4h
2026-04-28 20:00:00+00:00,214,-0.13176408935161446,-0.0034269566140810374,index_spread_okx_minus_binance,index_spread,4h
2026-04-28 21:00:00+00:00,214,-0.09580890748919113,-0.006360334106570952,index_spread_okx_minus_binance,index_spread,4h
2026-04-28 22:00:00+00:00,214,0.10503037646810912,0.004716241220445439,index_spread_okx_minus_binance,index_spread,4h
2026-04-28 23:00:00+00:00,214,0.07204008682744958,0.003614302331637831,index_spread_okx_minus_binance,index_spread,4h
2026-04-29 00:00:00+00:00,214,-0.08825209461507143,-0.005491540818233549,index_spread_okx_minus_binance,index_spread,4h
2026-04-29 01:00:00+00:00,214,0.026127824670028454,-0.004803786256084141,index_spread_okx_minus_binance,index_spread,4h
2026-04-29 02:00:00+00:00,214,0.08123711049867387,-0.004095659184592759,index_spread_okx_minus_binance,index_spread,4h
2026-04-29 03:00:00+00:00,214,0.029704603944394673,-0.004070763414151577,index_spread_okx_minus_binance,index_spread,4h
2026-04-29 04:00:00+00:00,214,-0.025679698656608223,0.0006644644808309792,index_spread_okx_minus_binance,index_spread,4h
2026-04-29 05:00:00+00:00,214,-0.08533080273244185,-0.009564173098338992,index_spread_okx_minus_binance,index_spread,4h
2026-04-29 06:00:00+00:00,214,0.055140218387228636,0.0028009001331564583,index_spread_okx_minus_binance,index_spread,4h
2026-04-29 07:00:00+00:00,214,-0.08851470097241912,-0.0014410374034108109,index_spread_okx_minus_binance,index_spread,4h
2026-04-29 08:00:00+00:00,214,0.0008651128108740742,-0.008514405606421586,index_spread_okx_minus_binance,index_spread,4h
2026-04-29 09:00:00+00:00,214,-0.12819809533138846,-0.010881122998597599,index_spread_okx_minus_binance,index_spread,4h
2026-04-29 10:00:00+00:00,214,-0.028001882016428243,-0.0011422320597977813,index_spread_okx_minus_binance,index_spread,4h
2026-04-29 11:00:00+00:00,214,0.04811998864912894,0.0022580076469905785,index_spread_okx_minus_binance,index_spread,4h
2026-04-29 12:00:00+00:00,214,-0.02243236235612154,-0.006135565393063036,index_spread_okx_minus_binance,index_spread,4h
2026-04-29 13:00:00+00:00,214,0.08295134860455933,0.0011628833566468752,index_spread_okx_minus_binance,index_spread,4h
2026-04-29 14:00:00+00:00,214,-0.02018608347370392,0.0016867826642267443,index_spread_okx_minus_binance,index_spread,4h
2026-04-29 15:00:00+00:00,214,-0.0361923770398964,0.001720588592636206,index_spread_okx_minus_binance,index_spread,4h
2026-04-29 16:00:00+00:00,214,0.035277262477985134,0.0050532749427089985,index_spread_okx_minus_binance,index_spread,4h
2026-04-29 17:00:00+00:00,214,0.1285722113601241,0.002974089703910541,index_spread_okx_minus_binance,index_spread,4h
2026-04-29 18:00:00+00:00,214,0.04107190414821028,0.0023680553193273744,index_spread_okx_minus_binance,index_spread,4h
2026-04-29 19:00:00+00:00,214,-0.0465832738698204,-0.004195316969712421,index_spread_okx_minus_binance,index_spread,4h
2026-04-29 20:00:00+00:00,214,-0.04450656608838032,-0.007499625487085505,index_spread_okx_minus_binance,index_spread,4h
2026-04-29 21:00:00+00:00,214,-0.02994083648099802,-0.005853616446787354,index_spread_okx_minus_binance,index_spread,4h
2026-04-29 22:00:00+00:00,214,0.042458356436034864,0.003182158343652093,index_spread_okx_minus_binance,index_spread,4h
2026-04-29 23:00:00+00:00,214,0.09919627756621006,0.0021196852134034113,index_spread_okx_minus_binance,index_spread,4h
2026-04-30 00:00:00+00:00,214,0.05245523859027786,0.005831423441168621,index_spread_okx_minus_binance,index_spread,4h
2026-04-30 01:00:00+00:00,214,0.10226619442803309,0.00535507518012953,index_spread_okx_minus_binance,index_spread,4h
2026-04-30 02:00:00+00:00,214,0.05766817716751929,0.0044356307315985,index_spread_okx_minus_binance,index_spread,4h
2026-04-30 03:00:00+00:00,214,-0.07257035068358698,-0.009231835220674778,index_spread_okx_minus_binance,index_spread,4h
2026-04-30 04:00:00+00:00,214,0.03550054948250687,-0.0005080654120472976,index_spread_okx_minus_binance,index_spread,4h
2026-04-30 05:00:00+00:00,214,0.023741929953990406,0.002025499639618117,index_spread_okx_minus_binance,index_spread,4h
2026-04-30 06:00:00+00:00,214,0.022290956088504624,0.004474895564759799,index_spread_okx_minus_binance,index_spread,4h
2026-04-30 07:00:00+00:00,214,0.1147657609837803,0.006632244360715895,index_spread_okx_minus_binance,index_spread,4h
2026-04-30 08:00:00+00:00,214,-0.0024556967450692743,-0.008922844032963001,index_spread_okx_minus_binance,index_spread,4h
2026-04-30 09:00:00+00:00,214,-0.0354834503013393,0.0004965604446280471,index_spread_okx_minus_binance,index_spread,4h
2026-04-30 10:00:00+00:00,214,-0.10289131967371924,-0.0030216273079945477,index_spread_okx_minus_binance,index_spread,4h
2026-04-30 11:00:00+00:00,214,-0.00025163085570268555,0.0026145989222919287,index_spread_okx_minus_binance,index_spread,4h
2026-04-30 12:00:00+00:00,214,0.036259229452677934,0.0011671059766170757,index_spread_okx_minus_binance,index_spread,4h
2026-04-30 13:00:00+00:00,214,0.1353255256260634,0.005559450971970074,index_spread_okx_minus_binance,index_spread,4h
2026-04-30 14:00:00+00:00,214,0.05687215399991396,-0.004693889285845375,index_spread_okx_minus_binance,index_spread,4h
2026-04-30 15:00:00+00:00,214,0.0471278780348467,-0.00048705404125413076,index_spread_okx_minus_binance,index_spread,4h
2026-04-30 16:00:00+00:00,214,0.0807431341367253,0.004003241529370374,index_spread_okx_minus_binance,index_spread,4h
2026-04-30 17:00:00+00:00,214,0.11369003905981925,0.0037379295040368575,index_spread_okx_minus_binance,index_spread,4h
2026-04-30 18:00:00+00:00,214,0.10677963663124457,0.004758162822992781,index_spread_okx_minus_binance,index_spread,4h
2026-04-30 19:00:00+00:00,214,-0.09394892077477567,-0.004619118200196804,index_spread_okx_minus_binance,index_spread,4h
2026-04-26 17:00:00+00:00,100,0.07421542154215421,-0.001803290109593918,index_spread_okx_minus_binance,index_spread,12h
2026-04-26 18:00:00+00:00,187,-0.03359771561959781,-0.003927701792638193,index_spread_okx_minus_binance,index_spread,12h
2026-04-26 19:00:00+00:00,214,-0.06201774874414931,-0.009191018405636867,index_spread_okx_minus_binance,index_spread,12h
2026-04-26 20:00:00+00:00,214,-0.21731657150974673,-0.01808349880869748,index_spread_okx_minus_binance,index_spread,12h
2026-04-26 21:00:00+00:00,214,-0.03298915422550517,0.00359366978516475,index_spread_okx_minus_binance,index_spread,12h
2026-04-26 22:00:00+00:00,214,-0.06065858310042826,-0.018975900598634524,index_spread_okx_minus_binance,index_spread,12h
2026-04-26 23:00:00+00:00,214,-0.16625233530137684,-0.01186826212958179,index_spread_okx_minus_binance,index_spread,12h
2026-04-27 00:00:00+00:00,214,-0.0371144056252315,-0.011368140353683553,index_spread_okx_minus_binance,index_spread,12h
2026-04-27 01:00:00+00:00,214,-0.07086824358452389,-0.02925738143185705,index_spread_okx_minus_binance,index_spread,12h
2026-04-27 02:00:00+00:00,214,-0.041477230288114335,0.007569056142340484,index_spread_okx_minus_binance,index_spread,12h
2026-04-27 03:00:00+00:00,214,0.000361219808682088,-0.016335037490240588,index_spread_okx_minus_binance,index_spread,12h
2026-04-27 04:00:00+00:00,214,-0.052788295498622025,-0.006784524327517687,index_spread_okx_minus_binance,index_spread,12h
2026-04-27 05:00:00+00:00,214,0.06486464975464612,0.010698201396052535,index_spread_okx_minus_binance,index_spread,12h
2026-04-27 06:00:00+00:00,214,0.007979896587054806,-0.003497068132502208,index_spread_okx_minus_binance,index_spread,12h
2026-04-27 07:00:00+00:00,214,-0.09581692155622513,0.00031266604619052066,index_spread_okx_minus_binance,index_spread,12h
2026-04-27 08:00:00+00:00,214,-0.11656192315816219,-0.013788502182759073,index_spread_okx_minus_binance,index_spread,12h
2026-04-27 09:00:00+00:00,214,0.08602355274879007,0.009038078571270378,index_spread_okx_minus_binance,index_spread,12h
2026-04-27 10:00:00+00:00,214,0.028958196153989972,0.009389913534257699,index_spread_okx_minus_binance,index_spread,12h
2026-04-27 11:00:00+00:00,214,0.0009324525953613634,0.002422714390244607,index_spread_okx_minus_binance,index_spread,12h
2026-04-27 12:00:00+00:00,214,-0.0688070529895776,-0.01408676921967729,index_spread_okx_minus_binance,index_spread,12h
2026-04-27 13:00:00+00:00,214,-0.047772223429689196,-0.009059460622967924,index_spread_okx_minus_binance,index_spread,12h
2026-04-27 14:00:00+00:00,214,-0.061862871777072725,-0.006862320796967733,index_spread_okx_minus_binance,index_spread,12h
2026-04-27 15:00:00+00:00,214,-0.15373227763150077,-0.018701730700759478,index_spread_okx_minus_binance,index_spread,12h
2026-04-27 16:00:00+00:00,214,-0.12477266876235964,-0.013725390271761452,index_spread_okx_minus_binance,index_spread,12h
2026-04-27 17:00:00+00:00,214,-0.07510492207756428,-0.012026800346864434,index_spread_okx_minus_binance,index_spread,12h
2026-04-27 18:00:00+00:00,214,-0.0554398937891341,0.004564424768078711,index_spread_okx_minus_binance,index_spread,12h
2026-04-27 19:00:00+00:00,214,0.00010101968659596864,-0.0008910956217452574,index_spread_okx_minus_binance,index_spread,12h
2026-04-27 20:00:00+00:00,214,-0.011334339442435969,0.00043093717841868363,index_spread_okx_minus_binance,index_spread,12h
2026-04-27 21:00:00+00:00,214,-0.07926864173643423,0.010874804772025614,index_spread_okx_minus_binance,index_spread,12h
2026-04-27 22:00:00+00:00,214,-0.08903831566116388,-0.012359784144357133,index_spread_okx_minus_binance,index_spread,12h
2026-04-27 23:00:00+00:00,214,-0.041953525106299606,0.004742681990654133,index_spread_okx_minus_binance,index_spread,12h
2026-04-28 00:00:00+00:00,214,0.011094971844722827,0.003232906020674426,index_spread_okx_minus_binance,index_spread,12h
2026-04-28 01:00:00+00:00,214,-0.14839991428728422,-0.005961040532392199,index_spread_okx_minus_binance,index_spread,12h
2026-04-28 02:00:00+00:00,214,0.0629349179663441,0.007392293868200709,index_spread_okx_minus_binance,index_spread,12h
2026-04-28 03:00:00+00:00,214,0.10333180273719093,0.019815340587118927,index_spread_okx_minus_binance,index_spread,12h
2026-04-28 04:00:00+00:00,214,-0.048432526023345385,0.029472064792280574,index_spread_okx_minus_binance,index_spread,12h
2026-04-28 05:00:00+00:00,214,0.021323620797234953,0.011549092769178114,index_spread_okx_minus_binance,index_spread,12h
2026-04-28 06:00:00+00:00,214,-0.07035894873924138,0.010258362598126585,index_spread_okx_minus_binance,index_spread,12h
2026-04-28 07:00:00+00:00,214,-0.019107303405354725,0.013461259830713114,index_spread_okx_minus_binance,index_spread,12h
2026-04-28 08:00:00+00:00,214,-0.010291091125656304,0.01689429394821948,index_spread_okx_minus_binance,index_spread,12h
2026-04-28 09:00:00+00:00,214,-0.0733754654920175,-0.007855660208734464,index_spread_okx_minus_binance,index_spread,12h
2026-04-28 10:00:00+00:00,214,0.002069360937873657,0.013759216242484775,index_spread_okx_minus_binance,index_spread,12h
2026-04-28 11:00:00+00:00,214,0.015608976615616324,0.011062953853668858,index_spread_okx_minus_binance,index_spread,12h
2026-04-28 12:00:00+00:00,214,0.08680995503354474,-0.006934329586075892,index_spread_okx_minus_binance,index_spread,12h
2026-04-28 13:00:00+00:00,214,-0.0947113085781922,-0.0057053271508312325,index_spread_okx_minus_binance,index_spread,12h
2026-04-28 14:00:00+00:00,214,0.041018152876183246,0.0021136655740632664,index_spread_okx_minus_binance,index_spread,12h
2026-04-28 15:00:00+00:00,214,-0.051941571777592656,-0.01255836716486802,index_spread_okx_minus_binance,index_spread,12h
2026-04-28 16:00:00+00:00,214,0.15166757991985821,0.005758154873486651,index_spread_okx_minus_binance,index_spread,12h
2026-04-28 17:00:00+00:00,214,0.04681471377301817,0.00115716021950661,index_spread_okx_minus_binance,index_spread,12h
2026-04-28 18:00:00+00:00,214,-0.023548542427781666,0.0029425897534635613,index_spread_okx_minus_binance,index_spread,12h
2026-04-28 19:00:00+00:00,214,-0.031967340831400924,0.010552263840899445,index_spread_okx_minus_binance,index_spread,12h
2026-04-28 20:00:00+00:00,214,-0.012307810987591214,0.007210333078494966,index_spread_okx_minus_binance,index_spread,12h
2026-04-28 21:00:00+00:00,214,-0.013724511817700376,-0.008905284562750679,index_spread_okx_minus_binance,index_spread,12h
2026-04-28 22:00:00+00:00,214,0.13833126856417916,0.01454929350338346,index_spread_okx_minus_binance,index_spread,12h
2026-04-28 23:00:00+00:00,214,0.043642127574414984,-0.00872906301021283,index_spread_okx_minus_binance,index_spread,12h
2026-04-29 00:00:00+00:00,214,-0.042647853831996034,0.001929000039733927,index_spread_okx_minus_binance,index_spread,12h
2026-04-29 01:00:00+00:00,214,-0.05543744484127863,-0.0031803391694836232,index_spread_okx_minus_binance,index_spread,12h
2026-04-29 02:00:00+00:00,214,0.010341291391032568,-0.004553705392525865,index_spread_okx_minus_binance,index_spread,12h
2026-04-29 03:00:00+00:00,214,-0.011686987825671699,-0.00773255590419784,index_spread_okx_minus_binance,index_spread,12h
2026-04-29 04:00:00+00:00,214,-0.057768843199687774,-0.005980983361953018,index_spread_okx_minus_binance,index_spread,12h
2026-04-29 05:00:00+00:00,214,-0.10738816729982154,-0.019662898817854553,index_spread_okx_minus_binance,index_spread,12h
2026-04-29 06:00:00+00:00,214,0.02478395694750988,0.005393861913532805,index_spread_okx_minus_binance,index_spread,12h
2026-04-29 07:00:00+00:00,214,-0.05368277370283309,0.006460347090681454,index_spread_okx_minus_binance,index_spread,12h
2026-04-29 08:00:00+00:00,214,0.04740120794315994,-0.0014420283838126463,index_spread_okx_minus_binance,index_spread,12h
2026-04-29 09:00:00+00:00,214,-0.011292707341637306,-0.0030411086666496667,index_spread_okx_minus_binance,index_spread,12h
2026-04-29 10:00:00+00:00,214,-0.05377583372134102,0.0022488830529811057,index_spread_okx_minus_binance,index_spread,12h
2026-04-29 11:00:00+00:00,214,0.08003222815378175,0.008078654178034845,index_spread_okx_minus_binance,index_spread,12h
2026-04-29 12:00:00+00:00,214,0.05944698471764981,0.002712847564717038,index_spread_okx_minus_binance,index_spread,12h
2026-04-29 13:00:00+00:00,214,0.15567773080561176,0.008026569665857165,index_spread_okx_minus_binance,index_spread,12h
2026-04-29 14:00:00+00:00,214,0.02465419293932799,-0.0005971895120583885,index_spread_okx_minus_binance,index_spread,12h
2026-04-29 15:00:00+00:00,214,0.01272350858310365,0.004199941653630225,index_spread_okx_minus_binance,index_spread,12h
2026-04-29 16:00:00+00:00,214,0.09335476168654265,0.004076533133006844,index_spread_okx_minus_binance,index_spread,12h
2026-04-29 17:00:00+00:00,214,0.10157745914925863,2.9461970127143272e-05,index_spread_okx_minus_binance,index_spread,12h
2026-04-29 18:00:00+00:00,214,0.06950181620267333,0.001380479463494229,index_spread_okx_minus_binance,index_spread,12h
2026-04-29 19:00:00+00:00,214,-0.01625550362765783,-0.004235137171704326,index_spread_okx_minus_binance,index_spread,12h
2026-04-29 20:00:00+00:00,214,-0.006666654421921141,-0.0009080168435867319,index_spread_okx_minus_binance,index_spread,12h
2026-04-29 21:00:00+00:00,214,-0.01675815017499341,-0.008657400083814553,index_spread_okx_minus_binance,index_spread,12h
2026-04-29 22:00:00+00:00,214,0.15900001959173202,0.008306979720502783,index_spread_okx_minus_binance,index_spread,12h
2026-04-29 23:00:00+00:00,214,0.04611810083592184,0.001636040689754135,index_spread_okx_minus_binance,index_spread,12h
2026-04-30 00:00:00+00:00,214,-0.035280155042890386,-0.00404595163556859,index_spread_okx_minus_binance,index_spread,12h
2026-04-30 01:00:00+00:00,214,0.038610712306877557,-0.0022161902992323367,index_spread_okx_minus_binance,index_spread,12h
2026-04-30 02:00:00+00:00,214,0.08978979843592817,0.015100638040554679,index_spread_okx_minus_binance,index_spread,12h
2026-04-30 03:00:00+00:00,214,0.008062570790131755,0.004958885233188442,index_spread_okx_minus_binance,index_spread,12h
2026-04-30 04:00:00+00:00,214,0.02286031599386523,0.004979083054522102,index_spread_okx_minus_binance,index_spread,12h
2026-04-30 05:00:00+00:00,214,-0.02917064238045215,0.001961751338220251,index_spread_okx_minus_binance,index_spread,12h
2026-04-30 06:00:00+00:00,214,-0.053376704239723655,-0.0011111708105917375,index_spread_okx_minus_binance,index_spread,12h
2026-04-30 07:00:00+00:00,214,0.060951232279571804,-0.0012340614624071723,index_spread_okx_minus_binance,index_spread,12h
2026-04-30 08:00:00+00:00,214,-0.006332996602105162,-0.00637531258954298,index_spread_okx_minus_binance,index_spread,12h
2026-04-30 09:00:00+00:00,214,0.009252762726954303,0.004534684663571318,index_spread_okx_minus_binance,index_spread,12h
2026-04-30 10:00:00+00:00,214,0.013665778920687289,0.006399259154833732,index_spread_okx_minus_binance,index_spread,12h
2026-04-30 11:00:00+00:00,214,0.019054091284872083,0.0052086070451720316,index_spread_okx_minus_binance,index_spread,12h
2026-04-26 17:00:00+00:00,100,-0.04706165141064746,-0.00399329236777593,index_spread_binance_minus_okx,index_spread,1h
2026-04-26 18:00:00+00:00,187,-0.07555497655003902,0.002924489095730824,index_spread_binance_minus_okx,index_spread,1h
2026-04-26 19:00:00+00:00,214,-0.037317356171714326,-0.001995653162797123,index_spread_binance_minus_okx,index_spread,1h
2026-04-26 20:00:00+00:00,214,0.02968787931064176,-0.0014237262621950085,index_spread_binance_minus_okx,index_spread,1h
2026-04-26 21:00:00+00:00,214,0.1214142814470395,-0.004230233008066234,index_spread_binance_minus_okx,index_spread,1h
2026-04-26 22:00:00+00:00,214,0.0158754892604134,0.00045843173417236356,index_spread_binance_minus_okx,index_spread,1h
2026-04-26 23:00:00+00:00,214,-0.06781484249150961,-0.001151513561516168,index_spread_binance_minus_okx,index_spread,1h
2026-04-27 00:00:00+00:00,214,0.05966249212893133,0.0008319070888374589,index_spread_binance_minus_okx,index_spread,1h
2026-04-27 01:00:00+00:00,214,0.004598679359863375,0.004760549563265115,index_spread_binance_minus_okx,index_spread,1h
2026-04-27 02:00:00+00:00,214,0.12205449727973953,0.0020254918644432253,index_spread_binance_minus_okx,index_spread,1h
2026-04-27 03:00:00+00:00,214,-0.025439099996731888,0.002247940011679878,index_spread_binance_minus_okx,index_spread,1h
2026-04-27 04:00:00+00:00,214,0.14167342678107334,0.023501260117545785,index_spread_binance_minus_okx,index_spread,1h
2026-04-27 05:00:00+00:00,214,-0.15066351160647867,-0.019695693258982808,index_spread_binance_minus_okx,index_spread,1h
2026-04-27 06:00:00+00:00,214,-0.0029467136459781643,0.001066122495402378,index_spread_binance_minus_okx,index_spread,1h
2026-04-27 07:00:00+00:00,214,-0.09166259775450229,-0.0005841320287749462,index_spread_binance_minus_okx,index_spread,1h
2026-04-27 08:00:00+00:00,214,0.11232447299709425,0.0017991819528559237,index_spread_binance_minus_okx,index_spread,1h
2026-04-27 09:00:00+00:00,214,0.0032259101381695017,-0.0016588321128801079,index_spread_binance_minus_okx,index_spread,1h
2026-04-27 10:00:00+00:00,214,0.08769571530943236,-0.003067100351782504,index_spread_binance_minus_okx,index_spread,1h
2026-04-27 11:00:00+00:00,214,0.03774663840359922,0.001568024567663387,index_spread_binance_minus_okx,index_spread,1h
2026-04-27 12:00:00+00:00,214,-0.0705892076846443,-0.003958837028746452,index_spread_binance_minus_okx,index_spread,1h
2026-04-27 13:00:00+00:00,214,0.01769124804857219,0.0010093305837046104,index_spread_binance_minus_okx,index_spread,1h
2026-04-27 14:00:00+00:00,214,-0.019461176370470398,0.0024169552893209857,index_spread_binance_minus_okx,index_spread,1h
2026-04-27 15:00:00+00:00,214,0.06449159990545884,0.0038853911813068387,index_spread_binance_minus_okx,index_spread,1h
2026-04-27 16:00:00+00:00,214,0.03669541659543125,0.0031560210576504835,index_spread_binance_minus_okx,index_spread,1h
2026-04-27 17:00:00+00:00,214,-0.036059617628174605,-0.0019804484680927357,index_spread_binance_minus_okx,index_spread,1h
2026-04-27 18:00:00+00:00,214,-0.06745727326563891,-0.004296817869223381,index_spread_binance_minus_okx,index_spread,1h
2026-04-27 19:00:00+00:00,214,0.038406955031251064,0.0019924783955844916,index_spread_binance_minus_okx,index_spread,1h
2026-04-27 20:00:00+00:00,214,-0.08284596820047031,-0.0024842978495213802,index_spread_binance_minus_okx,index_spread,1h
2026-04-27 21:00:00+00:00,214,0.05200645297562379,0.0008867309511356143,index_spread_binance_minus_okx,index_spread,1h
2026-04-27 22:00:00+00:00,214,-0.05862357983857242,0.0022037726458699865,index_spread_binance_minus_okx,index_spread,1h
2026-04-27 23:00:00+00:00,214,-0.034145423100370324,-0.001030821340294898,index_spread_binance_minus_okx,index_spread,1h
2026-04-28 00:00:00+00:00,214,0.16368144737506143,0.00277425311306445,index_spread_binance_minus_okx,index_spread,1h
2026-04-28 01:00:00+00:00,214,0.11416734217099757,-0.0009375716853377344,index_spread_binance_minus_okx,index_spread,1h
2026-04-28 02:00:00+00:00,214,0.007371217247054811,-9.787763203195706e-05,index_spread_binance_minus_okx,index_spread,1h
2026-04-28 03:00:00+00:00,214,-0.00016103621700399624,-0.0002571280989527127,index_spread_binance_minus_okx,index_spread,1h
2026-04-28 04:00:00+00:00,214,-0.021009271572379296,-0.004168357449089792,index_spread_binance_minus_okx,index_spread,1h
2026-04-28 05:00:00+00:00,214,-0.0669341969270384,-0.006991681441860616,index_spread_binance_minus_okx,index_spread,1h
2026-04-28 06:00:00+00:00,214,-0.04368972758044094,-0.0025383467100548677,index_spread_binance_minus_okx,index_spread,1h
2026-04-28 07:00:00+00:00,214,-0.11806373228593466,-0.006920550065470019,index_spread_binance_minus_okx,index_spread,1h
2026-04-28 08:00:00+00:00,214,-0.0010989932735449139,-0.0015567513715734338,index_spread_binance_minus_okx,index_spread,1h
2026-04-28 09:00:00+00:00,214,0.03327993515546616,0.005478835584128496,index_spread_binance_minus_okx,index_spread,1h
2026-04-28 10:00:00+00:00,214,-0.12368713476249805,-0.003054667076219168,index_spread_binance_minus_okx,index_spread,1h
2026-04-28 11:00:00+00:00,214,-0.07295352204511572,-0.002722475053094659,index_spread_binance_minus_okx,index_spread,1h
2026-04-28 12:00:00+00:00,214,-0.08903180106403183,0.000670184750534645,index_spread_binance_minus_okx,index_spread,1h
2026-04-28 13:00:00+00:00,214,0.02589716195953259,-0.0007219229102162772,index_spread_binance_minus_okx,index_spread,1h
2026-04-28 14:00:00+00:00,214,0.09350244316345854,0.0010785787504267045,index_spread_binance_minus_okx,index_spread,1h
2026-04-28 15:00:00+00:00,214,-0.06297637601866421,-0.0016518695532522474,index_spread_binance_minus_okx,index_spread,1h
2026-04-28 16:00:00+00:00,214,0.04553811793856467,0.00025435415884680164,index_spread_binance_minus_okx,index_spread,1h
2026-04-28 17:00:00+00:00,214,-0.00724827341523261,-0.00040754671458916036,index_spread_binance_minus_okx,index_spread,1h
2026-04-28 18:00:00+00:00,214,-0.021923034146113303,-0.002085169849581625,index_spread_binance_minus_okx,index_spread,1h
2026-04-28 19:00:00+00:00,214,-0.036045660899016084,-0.0014139084693609546,index_spread_binance_minus_okx,index_spread,1h
2026-04-28 20:00:00+00:00,214,0.014178521931811358,-0.0023344550415362168,index_spread_binance_minus_okx,index_spread,1h
2026-04-28 21:00:00+00:00,214,0.0357197317070001,0.0007336162221455761,index_spread_binance_minus_okx,index_spread,1h
2026-04-28 22:00:00+00:00,214,0.037734705451946834,-0.00024483413955601007,index_spread_binance_minus_okx,index_spread,1h
2026-04-28 23:00:00+00:00,214,-0.09919862446249685,-0.003595110907130046,index_spread_binance_minus_okx,index_spread,1h
2026-04-29 00:00:00+00:00,214,0.13210786691900078,0.0015663551240300178,index_spread_binance_minus_okx,index_spread,1h
2026-04-29 01:00:00+00:00,214,-0.026601194874356165,1.790795013015137e-05,index_spread_binance_minus_okx,index_spread,1h
2026-04-29 02:00:00+00:00,214,-0.033693226518423734,0.006035098561310348,index_spread_binance_minus_okx,index_spread,1h
2026-04-29 03:00:00+00:00,214,-0.027070131937556047,0.0037631996503055985,index_spread_binance_minus_okx,index_spread,1h
2026-04-29 04:00:00+00:00,214,0.0515585988421014,0.00037063273462778994,index_spread_binance_minus_okx,index_spread,1h
2026-04-29 05:00:00+00:00,214,0.04490333687822227,0.0030740096094218077,index_spread_binance_minus_okx,index_spread,1h
2026-04-29 06:00:00+00:00,214,-0.01519098165653097,-0.00039456187802724757,index_spread_binance_minus_okx,index_spread,1h
2026-04-29 07:00:00+00:00,214,-0.08752986302310779,-0.0015287254069474968,index_spread_binance_minus_okx,index_spread,1h
2026-04-29 08:00:00+00:00,214,-0.01108026796395845,0.008256008092166853,index_spread_binance_minus_okx,index_spread,1h
2026-04-29 09:00:00+00:00,214,-0.03883704378528073,0.0006972653539761495,index_spread_binance_minus_okx,index_spread,1h
2026-04-29 10:00:00+00:00,214,0.05613742072296222,0.00011797720631362158,index_spread_binance_minus_okx,index_spread,1h
2026-04-29 11:00:00+00:00,214,-0.07581988980407667,-0.00041175523612165107,index_spread_binance_minus_okx,index_spread,1h
2026-04-29 12:00:00+00:00,214,0.08650666052796882,0.005349064929144623,index_spread_binance_minus_okx,index_spread,1h
2026-04-29 13:00:00+00:00,214,-0.01637064927916569,-0.0015884194252666077,index_spread_binance_minus_okx,index_spread,1h
2026-04-29 14:00:00+00:00,214,-0.02339420811057294,-0.0008826220514251554,index_spread_binance_minus_okx,index_spread,1h
2026-04-29 15:00:00+00:00,214,0.0365986821483197,0.00038263280535958885,index_spread_binance_minus_okx,index_spread,1h
2026-04-29 16:00:00+00:00,214,-0.14333368333041305,-0.00394215404096849,index_spread_binance_minus_okx,index_spread,1h
2026-04-29 17:00:00+00:00,214,-0.05831126729951541,-0.00036877149194133527,index_spread_binance_minus_okx,index_spread,1h
2026-04-29 18:00:00+00:00,214,-0.061674337949427366,-0.002178810687033247,index_spread_binance_minus_okx,index_spread,1h
2026-04-29 19:00:00+00:00,214,0.0901120975269036,0.0016812434451459052,index_spread_binance_minus_okx,index_spread,1h
2026-04-29 20:00:00+00:00,214,0.03323159998897974,0.0013409683366374008,index_spread_binance_minus_okx,index_spread,1h
2026-04-29 21:00:00+00:00,214,-0.09057399364213739,-8.775326788443912e-05,index_spread_binance_minus_okx,index_spread,1h
2026-04-29 22:00:00+00:00,214,-0.01497108600587392,-0.0018266837272275377,index_spread_binance_minus_okx,index_spread,1h
2026-04-29 23:00:00+00:00,214,0.0725434122324377,0.001469204966016973,index_spread_binance_minus_okx,index_spread,1h
2026-04-30 00:00:00+00:00,214,-0.058468959087853586,-0.0035166314351089034,index_spread_binance_minus_okx,index_spread,1h
2026-04-30 01:00:00+00:00,214,-0.025960103529427764,-0.0024919409239306037,index_spread_binance_minus_okx,index_spread,1h
2026-04-30 02:00:00+00:00,214,0.021961025951950677,0.0002575564539265589,index_spread_binance_minus_okx,index_spread,1h
2026-04-30 03:00:00+00:00,214,-0.03195081043337649,-0.0021490406767094928,index_spread_binance_minus_okx,index_spread,1h
2026-04-30 04:00:00+00:00,214,-0.030938694788151897,-0.0010214366378780172,index_spread_binance_minus_okx,index_spread,1h
2026-04-30 05:00:00+00:00,214,0.006942152808177035,-0.0012588742133782405,index_spread_binance_minus_okx,index_spread,1h
2026-04-30 06:00:00+00:00,214,0.0757656371074705,0.00184725152815814,index_spread_binance_minus_okx,index_spread,1h
2026-04-30 07:00:00+00:00,214,-0.19493244062641463,-0.005015553170743914,index_spread_binance_minus_okx,index_spread,1h
2026-04-30 08:00:00+00:00,214,0.064971116712904,0.0017720794989972703,index_spread_binance_minus_okx,index_spread,1h
2026-04-30 09:00:00+00:00,214,-0.07344600949671824,-0.003785074577767071,index_spread_binance_minus_okx,index_spread,1h
2026-04-30 10:00:00+00:00,214,0.09400769586515878,-0.0010462092091911262,index_spread_binance_minus_okx,index_spread,1h
2026-04-30 11:00:00+00:00,214,0.038644766814975716,-0.0010334411770371878,index_spread_binance_minus_okx,index_spread,1h
2026-04-30 12:00:00+00:00,214,0.017071865577283817,-0.0008743297307098822,index_spread_binance_minus_okx,index_spread,1h
2026-04-30 13:00:00+00:00,214,0.04640382599946374,0.0009659157616541023,index_spread_binance_minus_okx,index_spread,1h
2026-04-30 14:00:00+00:00,214,-0.017055267836036815,0.004316378336978337,index_spread_binance_minus_okx,index_spread,1h
2026-04-30 15:00:00+00:00,214,0.01104069223472936,-0.0011792245727128205,index_spread_binance_minus_okx,index_spread,1h
2026-04-30 16:00:00+00:00,214,0.021902739075442865,-0.0012483990699030225,index_spread_binance_minus_okx,index_spread,1h
2026-04-30 17:00:00+00:00,214,0.03181320283229088,0.0012920971764824596,index_spread_binance_minus_okx,index_spread,1h
2026-04-30 18:00:00+00:00,214,0.00045616723067671937,-0.0017262134529516199,index_spread_binance_minus_okx,index_spread,1h
2026-04-30 19:00:00+00:00,214,-0.07703883747913534,-0.0012633815090996264,index_spread_binance_minus_okx,index_spread,1h
2026-04-30 20:00:00+00:00,214,-0.011402453423851228,-0.0021003264987846204,index_spread_binance_minus_okx,index_spread,1h
2026-04-30 21:00:00+00:00,214,0.006353125032006175,4.764368709057757e-05,index_spread_binance_minus_okx,index_spread,1h
2026-04-30 22:00:00+00:00,214,-0.027258241561850912,0.000838517736910128,index_spread_binance_minus_okx,index_spread,1h
2026-04-26 17:00:00+00:00,100,-0.24630063006300626,-0.019677051047419077,index_spread_binance_minus_okx,index_spread,4h
2026-04-26 18:00:00+00:00,187,-0.08787601013460611,-0.0031291940496662013,index_spread_binance_minus_okx,index_spread,4h
2026-04-26 19:00:00+00:00,214,0.009238380090664156,-0.004481688481684707,index_spread_binance_minus_okx,index_spread,4h
2026-04-26 20:00:00+00:00,214,0.006408352961187398,-0.0023677640103707425,index_spread_binance_minus_okx,index_spread,4h
2026-04-26 21:00:00+00:00,214,-0.03462872431284075,-0.017136739902252385,index_spread_binance_minus_okx,index_spread,4h
2026-04-26 22:00:00+00:00,214,-0.002530390089097808,-0.0007782006236736402,index_spread_binance_minus_okx,index_spread,4h
2026-04-26 23:00:00+00:00,214,0.013385965368779378,0.002354952227245253,index_spread_binance_minus_okx,index_spread,4h
2026-04-27 00:00:00+00:00,214,-0.03282878838808279,0.0004605053411139942,index_spread_binance_minus_okx,index_spread,4h
2026-04-27 01:00:00+00:00,214,0.09666119632939903,0.00971053035262522,index_spread_binance_minus_okx,index_spread,4h
2026-04-27 02:00:00+00:00,214,0.025513743185039385,-0.0010811180819622138,index_spread_binance_minus_okx,index_spread,4h
2026-04-27 03:00:00+00:00,214,0.0061340021409929495,0.009131944358816986,index_spread_binance_minus_okx,index_spread,4h
2026-04-27 04:00:00+00:00,214,0.0009557016080398933,-0.0034817420364529894,index_spread_binance_minus_okx,index_spread,4h
2026-04-27 05:00:00+00:00,214,-0.08440604902365435,-0.016281023095581736,index_spread_binance_minus_okx,index_spread,4h
2026-04-27 06:00:00+00:00,214,0.019153886184924595,0.007748128497288211,index_spread_binance_minus_okx,index_spread,4h
2026-04-27 07:00:00+00:00,214,0.07272131729807611,0.008326906005419174,index_spread_binance_minus_okx,index_spread,4h
2026-04-27 08:00:00+00:00,214,0.1456617155019021,0.007887695027718295,index_spread_binance_minus_okx,index_spread,4h
2026-04-27 09:00:00+00:00,214,-0.11717819205981374,-0.00901682472171508,index_spread_binance_minus_okx,index_spread,4h
2026-04-27 10:00:00+00:00,214,0.03554256239346253,-0.005696425461747907,index_spread_binance_minus_okx,index_spread,4h
2026-04-27 11:00:00+00:00,214,-0.04630652858686568,-0.005094543604106478,index_spread_binance_minus_okx,index_spread,4h
2026-04-27 12:00:00+00:00,214,-0.02121584101435389,0.007811120682002563,index_spread_binance_minus_okx,index_spread,4h
2026-04-27 13:00:00+00:00,214,-0.04364589452557714,0.008796642707759348,index_spread_binance_minus_okx,index_spread,4h
2026-04-27 14:00:00+00:00,214,0.01384575165320476,0.004118242544335685,index_spread_binance_minus_okx,index_spread,4h
2026-04-27 15:00:00+00:00,214,0.06794063130894695,0.005003938105016605,index_spread_binance_minus_okx,index_spread,4h
2026-04-27 16:00:00+00:00,214,-0.004615667187091146,-0.0024583944862178585,index_spread_binance_minus_okx,index_spread,4h
2026-04-27 17:00:00+00:00,214,-0.11564727681590789,0.0008436659228345392,index_spread_binance_minus_okx,index_spread,4h
2026-04-27 18:00:00+00:00,214,-0.04090665030771064,-0.007087832153758637,index_spread_binance_minus_okx,index_spread,4h
2026-04-27 19:00:00+00:00,214,0.10859308251822143,0.002245398597166815,index_spread_binance_minus_okx,index_spread,4h
2026-04-27 20:00:00+00:00,214,0.01704896273283069,-0.00262504767975141,index_spread_binance_minus_okx,index_spread,4h
2026-04-27 21:00:00+00:00,214,0.04709755291946947,-0.0013531757066372477,index_spread_binance_minus_okx,index_spread,4h
2026-04-27 22:00:00+00:00,214,0.007973169302661313,0.0002995105594090472,index_spread_binance_minus_okx,index_spread,4h
2026-04-27 23:00:00+00:00,214,0.0917909355785996,0.003569062228622943,index_spread_binance_minus_okx,index_spread,4h
2026-04-28 00:00:00+00:00,214,0.05675520464723767,0.0030684134783116605,index_spread_binance_minus_okx,index_spread,4h
2026-04-28 01:00:00+00:00,214,0.12762192807436093,0.008526149514699375,index_spread_binance_minus_okx,index_spread,4h
2026-04-28 02:00:00+00:00,214,0.036252396571287274,0.002323617546818796,index_spread_binance_minus_okx,index_spread,4h
2026-04-28 03:00:00+00:00,214,-0.08754445609743099,-0.0026024403163351414,index_spread_binance_minus_okx,index_spread,4h
2026-04-28 04:00:00+00:00,214,0.006135245396063752,-0.015967208243004016,index_spread_binance_minus_okx,index_spread,4h
2026-04-28 05:00:00+00:00,214,-0.013441720148376513,-0.0055489306887345005,index_spread_binance_minus_okx,index_spread,4h
2026-04-28 06:00:00+00:00,214,0.04299581533681873,-0.007109811588441519,index_spread_binance_minus_okx,index_spread,4h
2026-04-28 07:00:00+00:00,214,-0.10147396003930559,-0.01772286262873002,index_spread_binance_minus_okx,index_spread,4h
2026-04-28 08:00:00+00:00,214,-0.017693138926890287,-0.010594857415327733,index_spread_binance_minus_okx,index_spread,4h
2026-04-28 09:00:00+00:00,214,0.05729042464806584,0.0019891520496308083,index_spread_binance_minus_okx,index_spread,4h
2026-04-28 10:00:00+00:00,214,-0.022782701384042932,-0.008078330540617167,index_spread_binance_minus_okx,index_spread,4h
2026-04-28 11:00:00+00:00,214,-0.03437057082309748,-8.977460204209016e-05,index_spread_binance_minus_okx,index_spread,4h
2026-04-28 12:00:00+00:00,214,-0.050002923450246685,0.004668170977642113,index_spread_binance_minus_okx,index_spread,4h
2026-04-28 13:00:00+00:00,214,0.0890017448805713,0.0062937092209210885,index_spread_binance_minus_okx,index_spread,4h
2026-04-28 14:00:00+00:00,214,0.04241271567195195,0.003244091864954843,index_spread_binance_minus_okx,index_spread,4h
2026-04-28 15:00:00+00:00,214,0.051246211773589366,0.004512435640720585,index_spread_binance_minus_okx,index_spread,4h
2026-04-28 16:00:00+00:00,214,-0.07298720829015236,-0.006790832700392226,index_spread_binance_minus_okx,index_spread,4h
2026-04-28 17:00:00+00:00,214,0.017936689863059678,-0.0017859284056953519,index_spread_binance_minus_okx,index_spread,4h
2026-04-28 18:00:00+00:00,214,-0.01837273153336691,-0.0008671049265620725,index_spread_binance_minus_okx,index_spread,4h
2026-04-28 19:00:00+00:00,214,0.12194290951536198,-0.004598969086989573,index_spread_binance_minus_okx,index_spread,4h
2026-04-28 20:00:00+00:00,214,0.13176408935161446,0.0034269566140810374,index_spread_binance_minus_okx,index_spread,4h
2026-04-28 21:00:00+00:00,214,0.09580890748919113,0.006360334106570952,index_spread_binance_minus_okx,index_spread,4h
2026-04-28 22:00:00+00:00,214,-0.10503037646810912,-0.004716241220445439,index_spread_binance_minus_okx,index_spread,4h
2026-04-28 23:00:00+00:00,214,-0.07204008682744958,-0.003614302331637831,index_spread_binance_minus_okx,index_spread,4h
2026-04-29 00:00:00+00:00,214,0.08825209461507143,0.005491540818233549,index_spread_binance_minus_okx,index_spread,4h
2026-04-29 01:00:00+00:00,214,-0.026127824670028454,0.004803786256084141,index_spread_binance_minus_okx,index_spread,4h
2026-04-29 02:00:00+00:00,214,-0.08123711049867387,0.004095659184592759,index_spread_binance_minus_okx,index_spread,4h
2026-04-29 03:00:00+00:00,214,-0.029704603944394673,0.004070763414151577,index_spread_binance_minus_okx,index_spread,4h
2026-04-29 04:00:00+00:00,214,0.025679698656608223,-0.0006644644808309792,index_spread_binance_minus_okx,index_spread,4h
2026-04-29 05:00:00+00:00,214,0.08533080273244185,0.009564173098338992,index_spread_binance_minus_okx,index_spread,4h
2026-04-29 06:00:00+00:00,214,-0.055140218387228636,-0.0028009001331564583,index_spread_binance_minus_okx,index_spread,4h
2026-04-29 07:00:00+00:00,214,0.08851470097241912,0.0014410374034108109,index_spread_binance_minus_okx,index_spread,4h
2026-04-29 08:00:00+00:00,214,-0.0008651128108740742,0.008514405606421586,index_spread_binance_minus_okx,index_spread,4h
2026-04-29 09:00:00+00:00,214,0.12819809533138846,0.010881122998597599,index_spread_binance_minus_okx,index_spread,4h
2026-04-29 10:00:00+00:00,214,0.028001882016428243,0.0011422320597977813,index_spread_binance_minus_okx,index_spread,4h
2026-04-29 11:00:00+00:00,214,-0.04811998864912894,-0.0022580076469905785,index_spread_binance_minus_okx,index_spread,4h
2026-04-29 12:00:00+00:00,214,0.02243236235612154,0.006135565393063036,index_spread_binance_minus_okx,index_spread,4h
2026-04-29 13:00:00+00:00,214,-0.08295134860455933,-0.0011628833566468752,index_spread_binance_minus_okx,index_spread,4h
2026-04-29 14:00:00+00:00,214,0.02018608347370392,-0.0016867826642267443,index_spread_binance_minus_okx,index_spread,4h
2026-04-29 15:00:00+00:00,214,0.0361923770398964,-0.001720588592636206,index_spread_binance_minus_okx,index_spread,4h
2026-04-29 16:00:00+00:00,214,-0.035277262477985134,-0.0050532749427089985,index_spread_binance_minus_okx,index_spread,4h
2026-04-29 17:00:00+00:00,214,-0.1285722113601241,-0.002974089703910541,index_spread_binance_minus_okx,index_spread,4h
2026-04-29 18:00:00+00:00,214,-0.04107190414821028,-0.0023680553193273744,index_spread_binance_minus_okx,index_spread,4h
2026-04-29 19:00:00+00:00,214,0.0465832738698204,0.004195316969712421,index_spread_binance_minus_okx,index_spread,4h
2026-04-29 20:00:00+00:00,214,0.04450656608838032,0.007499625487085505,index_spread_binance_minus_okx,index_spread,4h
2026-04-29 21:00:00+00:00,214,0.02994083648099802,0.005853616446787354,index_spread_binance_minus_okx,index_spread,4h
2026-04-29 22:00:00+00:00,214,-0.042458356436034864,-0.003182158343652093,index_spread_binance_minus_okx,index_spread,4h
2026-04-29 23:00:00+00:00,214,-0.09919627756621006,-0.0021196852134034113,index_spread_binance_minus_okx,index_spread,4h
2026-04-30 00:00:00+00:00,214,-0.05245523859027786,-0.005831423441168621,index_spread_binance_minus_okx,index_spread,4h
2026-04-30 01:00:00+00:00,214,-0.10226619442803309,-0.00535507518012953,index_spread_binance_minus_okx,index_spread,4h
2026-04-30 02:00:00+00:00,214,-0.05766817716751929,-0.0044356307315985,index_spread_binance_minus_okx,index_spread,4h
2026-04-30 03:00:00+00:00,214,0.07257035068358698,0.009231835220674778,index_spread_binance_minus_okx,index_spread,4h
2026-04-30 04:00:00+00:00,214,-0.03550054948250687,0.0005080654120472976,index_spread_binance_minus_okx,index_spread,4h
2026-04-30 05:00:00+00:00,214,-0.023741929953990406,-0.002025499639618117,index_spread_binance_minus_okx,index_spread,4h
2026-04-30 06:00:00+00:00,214,-0.022290956088504624,-0.004474895564759799,index_spread_binance_minus_okx,index_spread,4h
2026-04-30 07:00:00+00:00,214,-0.1147657609837803,-0.006632244360715895,index_spread_binance_minus_okx,index_spread,4h
2026-04-30 08:00:00+00:00,214,0.0024556967450692743,0.008922844032963001,index_spread_binance_minus_okx,index_spread,4h
2026-04-30 09:00:00+00:00,214,0.0354834503013393,-0.0004965604446280471,index_spread_binance_minus_okx,index_spread,4h
2026-04-30 10:00:00+00:00,214,0.10289131967371924,0.0030216273079945477,index_spread_binance_minus_okx,index_spread,4h
2026-04-30 11:00:00+00:00,214,0.00025163085570268555,-0.0026145989222919287,index_spread_binance_minus_okx,index_spread,4h
2026-04-30 12:00:00+00:00,214,-0.036259229452677934,-0.0011671059766170757,index_spread_binance_minus_okx,index_spread,4h
2026-04-30 13:00:00+00:00,214,-0.1353255256260634,-0.005559450971970074,index_spread_binance_minus_okx,index_spread,4h
2026-04-30 14:00:00+00:00,214,-0.05687215399991396,0.004693889285845375,index_spread_binance_minus_okx,index_spread,4h
2026-04-30 15:00:00+00:00,214,-0.0471278780348467,0.00048705404125413076,index_spread_binance_minus_okx,index_spread,4h
2026-04-30 16:00:00+00:00,214,-0.0807431341367253,-0.004003241529370374,index_spread_binance_minus_okx,index_spread,4h
2026-04-30 17:00:00+00:00,214,-0.11369003905981925,-0.0037379295040368575,index_spread_binance_minus_okx,index_spread,4h
2026-04-30 18:00:00+00:00,214,-0.10677963663124457,-0.004758162822992781,index_spread_binance_minus_okx,index_spread,4h
2026-04-30 19:00:00+00:00,214,0.09394892077477567,0.004619118200196804,index_spread_binance_minus_okx,index_spread,4h
2026-04-26 17:00:00+00:00,100,-0.07421542154215421,0.001803290109593918,index_spread_binance_minus_okx,index_spread,12h
2026-04-26 18:00:00+00:00,187,0.03359771561959781,0.003927701792638193,index_spread_binance_minus_okx,index_spread,12h
2026-04-26 19:00:00+00:00,214,0.06201774874414931,0.009191018405636867,index_spread_binance_minus_okx,index_spread,12h
2026-04-26 20:00:00+00:00,214,0.21731657150974673,0.01808349880869748,index_spread_binance_minus_okx,index_spread,12h
2026-04-26 21:00:00+00:00,214,0.03298915422550517,-0.00359366978516475,index_spread_binance_minus_okx,index_spread,12h
2026-04-26 22:00:00+00:00,214,0.06065858310042826,0.018975900598634524,index_spread_binance_minus_okx,index_spread,12h
2026-04-26 23:00:00+00:00,214,0.16625233530137684,0.01186826212958179,index_spread_binance_minus_okx,index_spread,12h
2026-04-27 00:00:00+00:00,214,0.0371144056252315,0.011368140353683553,index_spread_binance_minus_okx,index_spread,12h
2026-04-27 01:00:00+00:00,214,0.07086824358452389,0.02925738143185705,index_spread_binance_minus_okx,index_spread,12h
2026-04-27 02:00:00+00:00,214,0.041477230288114335,-0.007569056142340484,index_spread_binance_minus_okx,index_spread,12h
2026-04-27 03:00:00+00:00,214,-0.000361219808682088,0.016335037490240588,index_spread_binance_minus_okx,index_spread,12h
2026-04-27 04:00:00+00:00,214,0.052788295498622025,0.006784524327517687,index_spread_binance_minus_okx,index_spread,12h
2026-04-27 05:00:00+00:00,214,-0.06486464975464612,-0.010698201396052535,index_spread_binance_minus_okx,index_spread,12h
2026-04-27 06:00:00+00:00,214,-0.007979896587054806,0.003497068132502208,index_spread_binance_minus_okx,index_spread,12h
2026-04-27 07:00:00+00:00,214,0.09581692155622513,-0.00031266604619052066,index_spread_binance_minus_okx,index_spread,12h
2026-04-27 08:00:00+00:00,214,0.11656192315816219,0.013788502182759073,index_spread_binance_minus_okx,index_spread,12h
2026-04-27 09:00:00+00:00,214,-0.08602355274879007,-0.009038078571270378,index_spread_binance_minus_okx,index_spread,12h
2026-04-27 10:00:00+00:00,214,-0.028958196153989972,-0.009389913534257699,index_spread_binance_minus_okx,index_spread,12h
2026-04-27 11:00:00+00:00,214,-0.0009324525953613634,-0.002422714390244607,index_spread_binance_minus_okx,index_spread,12h
2026-04-27 12:00:00+00:00,214,0.0688070529895776,0.01408676921967729,index_spread_binance_minus_okx,index_spread,12h
2026-04-27 13:00:00+00:00,214,0.047772223429689196,0.009059460622967924,index_spread_binance_minus_okx,index_spread,12h
2026-04-27 14:00:00+00:00,214,0.061862871777072725,0.006862320796967733,index_spread_binance_minus_okx,index_spread,12h
2026-04-27 15:00:00+00:00,214,0.15373227763150077,0.018701730700759478,index_spread_binance_minus_okx,index_spread,12h
2026-04-27 16:00:00+00:00,214,0.12477266876235964,0.013725390271761452,index_spread_binance_minus_okx,index_spread,12h
2026-04-27 17:00:00+00:00,214,0.07510492207756428,0.012026800346864434,index_spread_binance_minus_okx,index_spread,12h
2026-04-27 18:00:00+00:00,214,0.0554398937891341,-0.004564424768078711,index_spread_binance_minus_okx,index_spread,12h
2026-04-27 19:00:00+00:00,214,-0.00010101968659596864,0.0008910956217452574,index_spread_binance_minus_okx,index_spread,12h
2026-04-27 20:00:00+00:00,214,0.011334339442435969,-0.00043093717841868363,index_spread_binance_minus_okx,index_spread,12h
2026-04-27 21:00:00+00:00,214,0.07926864173643423,-0.010874804772025614,index_spread_binance_minus_okx,index_spread,12h
2026-04-27 22:00:00+00:00,214,0.08903831566116388,0.012359784144357133,index_spread_binance_minus_okx,index_spread,12h
2026-04-27 23:00:00+00:00,214,0.041953525106299606,-0.004742681990654133,index_spread_binance_minus_okx,index_spread,12h
2026-04-28 00:00:00+00:00,214,-0.011094971844722827,-0.003232906020674426,index_spread_binance_minus_okx,index_spread,12h
2026-04-28 01:00:00+00:00,214,0.14839991428728422,0.005961040532392199,index_spread_binance_minus_okx,index_spread,12h
2026-04-28 02:00:00+00:00,214,-0.0629349179663441,-0.007392293868200709,index_spread_binance_minus_okx,index_spread,12h
2026-04-28 03:00:00+00:00,214,-0.10333180273719093,-0.019815340587118927,index_spread_binance_minus_okx,index_spread,12h
2026-04-28 04:00:00+00:00,214,0.048432526023345385,-0.029472064792280574,index_spread_binance_minus_okx,index_spread,12h
2026-04-28 05:00:00+00:00,214,-0.021323620797234953,-0.011549092769178114,index_spread_binance_minus_okx,index_spread,12h
2026-04-28 06:00:00+00:00,214,0.07035894873924138,-0.010258362598126585,index_spread_binance_minus_okx,index_spread,12h
2026-04-28 07:00:00+00:00,214,0.019107303405354725,-0.013461259830713114,index_spread_binance_minus_okx,index_spread,12h
2026-04-28 08:00:00+00:00,214,0.010291091125656304,-0.01689429394821948,index_spread_binance_minus_okx,index_spread,12h
2026-04-28 09:00:00+00:00,214,0.0733754654920175,0.007855660208734464,index_spread_binance_minus_okx,index_spread,12h
2026-04-28 10:00:00+00:00,214,-0.002069360937873657,-0.013759216242484775,index_spread_binance_minus_okx,index_spread,12h
2026-04-28 11:00:00+00:00,214,-0.015608976615616324,-0.011062953853668858,index_spread_binance_minus_okx,index_spread,12h
2026-04-28 12:00:00+00:00,214,-0.08680995503354474,0.006934329586075892,index_spread_binance_minus_okx,index_spread,12h
2026-04-28 13:00:00+00:00,214,0.0947113085781922,0.0057053271508312325,index_spread_binance_minus_okx,index_spread,12h
2026-04-28 14:00:00+00:00,214,-0.041018152876183246,-0.0021136655740632664,index_spread_binance_minus_okx,index_spread,12h
2026-04-28 15:00:00+00:00,214,0.051941571777592656,0.01255836716486802,index_spread_binance_minus_okx,index_spread,12h
2026-04-28 16:00:00+00:00,214,-0.15166757991985821,-0.005758154873486651,index_spread_binance_minus_okx,index_spread,12h
2026-04-28 17:00:00+00:00,214,-0.04681471377301817,-0.00115716021950661,index_spread_binance_minus_okx,index_spread,12h
2026-04-28 18:00:00+00:00,214,0.023548542427781666,-0.0029425897534635613,index_spread_binance_minus_okx,index_spread,12h
2026-04-28 19:00:00+00:00,214,0.031967340831400924,-0.010552263840899445,index_spread_binance_minus_okx,index_spread,12h
2026-04-28 20:00:00+00:00,214,0.012307810987591214,-0.007210333078494966,index_spread_binance_minus_okx,index_spread,12h
2026-04-28 21:00:00+00:00,214,0.013724511817700376,0.008905284562750679,index_spread_binance_minus_okx,index_spread,12h
2026-04-28 22:00:00+00:00,214,-0.13833126856417916,-0.01454929350338346,index_spread_binance_minus_okx,index_spread,12h
2026-04-28 23:00:00+00:00,214,-0.043642127574414984,0.00872906301021283,index_spread_binance_minus_okx,index_spread,12h
2026-04-29 00:00:00+00:00,214,0.042647853831996034,-0.001929000039733927,index_spread_binance_minus_okx,index_spread,12h
2026-04-29 01:00:00+00:00,214,0.05543744484127863,0.0031803391694836232,index_spread_binance_minus_okx,index_spread,12h
2026-04-29 02:00:00+00:00,214,-0.010341291391032568,0.004553705392525865,index_spread_binance_minus_okx,index_spread,12h
2026-04-29 03:00:00+00:00,214,0.011686987825671699,0.00773255590419784,index_spread_binance_minus_okx,index_spread,12h
2026-04-29 04:00:00+00:00,214,0.057768843199687774,0.005980983361953018,index_spread_binance_minus_okx,index_spread,12h
2026-04-29 05:00:00+00:00,214,0.10738816729982154,0.019662898817854553,index_spread_binance_minus_okx,index_spread,12h
2026-04-29 06:00:00+00:00,214,-0.02478395694750988,-0.005393861913532805,index_spread_binance_minus_okx,index_spread,12h
2026-04-29 07:00:00+00:00,214,0.05368277370283309,-0.006460347090681454,index_spread_binance_minus_okx,index_spread,12h
2026-04-29 08:00:00+00:00,214,-0.04740120794315994,0.0014420283838126463,index_spread_binance_minus_okx,index_spread,12h
2026-04-29 09:00:00+00:00,214,0.011292707341637306,0.0030411086666496667,index_spread_binance_minus_okx,index_spread,12h
2026-04-29 10:00:00+00:00,214,0.05377583372134102,-0.0022488830529811057,index_spread_binance_minus_okx,index_spread,12h
2026-04-29 11:00:00+00:00,214,-0.08003222815378175,-0.008078654178034845,index_spread_binance_minus_okx,index_spread,12h
2026-04-29 12:00:00+00:00,214,-0.05944698471764981,-0.002712847564717038,index_spread_binance_minus_okx,index_spread,12h
2026-04-29 13:00:00+00:00,214,-0.15567773080561176,-0.008026569665857165,index_spread_binance_minus_okx,index_spread,12h
2026-04-29 14:00:00+00:00,214,-0.02465419293932799,0.0005971895120583885,index_spread_binance_minus_okx,index_spread,12h
2026-04-29 15:00:00+00:00,214,-0.01272350858310365,-0.004199941653630225,index_spread_binance_minus_okx,index_spread,12h
2026-04-29 16:00:00+00:00,214,-0.09335476168654265,-0.004076533133006844,index_spread_binance_minus_okx,index_spread,12h
2026-04-29 17:00:00+00:00,214,-0.10157745914925863,-2.9461970127143272e-05,index_spread_binance_minus_okx,index_spread,12h
2026-04-29 18:00:00+00:00,214,-0.06950181620267333,-0.001380479463494229,index_spread_binance_minus_okx,index_spread,12h
2026-04-29 19:00:00+00:00,214,0.01625550362765783,0.004235137171704326,index_spread_binance_minus_okx,index_spread,12h
2026-04-29 20:00:00+00:00,214,0.006666654421921141,0.0009080168435867319,index_spread_binance_minus_okx,index_spread,12h
2026-04-29 21:00:00+00:00,214,0.01675815017499341,0.008657400083814553,index_spread_binance_minus_okx,index_spread,12h
2026-04-29 22:00:00+00:00,214,-0.15900001959173202,-0.008306979720502783,index_spread_binance_minus_okx,index_spread,12h
2026-04-29 23:00:00+00:00,214,-0.04611810083592184,-0.001636040689754135,index_spread_binance_minus_okx,index_spread,12h
2026-04-30 00:00:00+00:00,214,0.035280155042890386,0.00404595163556859,index_spread_binance_minus_okx,index_spread,12h
2026-04-30 01:00:00+00:00,214,-0.038610712306877557,0.0022161902992323367,index_spread_binance_minus_okx,index_spread,12h
2026-04-30 02:00:00+00:00,214,-0.08978979843592817,-0.015100638040554679,index_spread_binance_minus_okx,index_spread,12h
2026-04-30 03:00:00+00:00,214,-0.008062570790131755,-0.004958885233188442,index_spread_binance_minus_okx,index_spread,12h
2026-04-30 04:00:00+00:00,214,-0.02286031599386523,-0.004979083054522102,index_spread_binance_minus_okx,index_spread,12h
2026-04-30 05:00:00+00:00,214,0.02917064238045215,-0.001961751338220251,index_spread_binance_minus_okx,index_spread,12h
2026-04-30 06:00:00+00:00,214,0.053376704239723655,0.0011111708105917375,index_spread_binance_minus_okx,index_spread,12h
2026-04-30 07:00:00+00:00,214,-0.060951232279571804,0.0012340614624071723,index_spread_binance_minus_okx,index_spread,12h
2026-04-30 08:00:00+00:00,214,0.006332996602105162,0.00637531258954298,index_spread_binance_minus_okx,index_spread,12h
2026-04-30 09:00:00+00:00,214,-0.009252762726954303,-0.004534684663571318,index_spread_binance_minus_okx,index_spread,12h
2026-04-30 10:00:00+00:00,214,-0.013665778920687289,-0.006399259154833732,index_spread_binance_minus_okx,index_spread,12h
2026-04-30 11:00:00+00:00,214,-0.019054091284872083,-0.0052086070451720316,index_spread_binance_minus_okx,index_spread,12h
2026-04-26 20:00:00+00:00,140,-0.01150436572365259,-0.0016673362372623792,funding_spread_okx_minus_binance,funding,1h
2026-04-27 00:00:00+00:00,214,-0.025191882760626873,0.0015706177421956928,funding_spread_okx_minus_binance,funding,1h
2026-04-27 04:00:00+00:00,144,0.09805628342097229,0.010570130229350546,funding_spread_okx_minus_binance,funding,1h
2026-04-27 08:00:00+00:00,214,0.02084839284659901,0.0005157013099864067,funding_spread_okx_minus_binance,funding,1h
2026-04-27 12:00:00+00:00,144,-0.042974120113792855,0.012883115478195538,funding_spread_okx_minus_binance,funding,1h
2026-04-27 16:00:00+00:00,214,0.08691707155856114,0.0035257474006553206,funding_spread_okx_minus_binance,funding,1h
2026-04-27 20:00:00+00:00,144,-0.18070861265931745,-0.0070456002643580675,funding_spread_okx_minus_binance,funding,1h
2026-04-28 00:00:00+00:00,214,0.03434079545833679,0.001892613007940846,funding_spread_okx_minus_binance,funding,1h
2026-04-28 04:00:00+00:00,144,0.06965804613894985,6.644206775575367e-05,funding_spread_okx_minus_binance,funding,1h
2026-04-28 08:00:00+00:00,214,-0.05350582441942431,-0.0018886823116801604,funding_spread_okx_minus_binance,funding,1h
2026-04-28 12:00:00+00:00,144,-0.008104413466235475,-0.004584997371371176,funding_spread_okx_minus_binance,funding,1h
2026-04-28 16:00:00+00:00,214,-0.05700323655669845,-0.0013031259295749806,funding_spread_okx_minus_binance,funding,1h
2026-04-28 20:00:00+00:00,144,-0.09963637033563154,0.00022666036918825663,funding_spread_okx_minus_binance,funding,1h
2026-04-29 00:00:00+00:00,214,0.07546899488899254,0.0030944215992287677,funding_spread_okx_minus_binance,funding,1h
2026-04-29 04:00:00+00:00,144,-0.03195089378731894,-0.0014179574023685166,funding_spread_okx_minus_binance,funding,1h
2026-04-29 08:00:00+00:00,214,0.05982612076614887,-0.0047500515849260945,funding_spread_okx_minus_binance,funding,1h
2026-04-29 12:00:00+00:00,144,0.02275782452277234,0.0016899758423862005,funding_spread_okx_minus_binance,funding,1h
2026-04-29 16:00:00+00:00,214,-0.12303028309618604,-0.0005031191427260157,funding_spread_okx_minus_binance,funding,1h
2026-04-29 20:00:00+00:00,144,0.11198031314477015,0.0018698989032750702,funding_spread_okx_minus_binance,funding,1h
2026-04-30 00:00:00+00:00,214,0.01437395847985798,0.0013903927017051838,funding_spread_okx_minus_binance,funding,1h
2026-04-30 04:00:00+00:00,144,0.002044660526199329,-0.0067737141393460435,funding_spread_okx_minus_binance,funding,1h
2026-04-30 08:00:00+00:00,214,0.03502835126374156,-0.0023396281134097276,funding_spread_okx_minus_binance,funding,1h
2026-04-30 12:00:00+00:00,144,0.055301433875059015,-0.0003489190668660194,funding_spread_okx_minus_binance,funding,1h
2026-04-30 16:00:00+00:00,214,-0.03398649314521794,-0.00111566612157986,funding_spread_okx_minus_binance,funding,1h
2026-04-30 20:00:00+00:00,144,-0.12933844856986326,0.0009829238128218874,funding_spread_okx_minus_binance,funding,1h
2026-04-26 20:00:00+00:00,140,-0.09750038443547286,-0.007688770856377634,funding_spread_okx_minus_binance,funding,4h
2026-04-27 00:00:00+00:00,214,0.11449350578122877,0.02020958017808217,funding_spread_okx_minus_binance,funding,4h
2026-04-27 04:00:00+00:00,144,0.10419137444659622,0.011972082475035586,funding_spread_okx_minus_binance,funding,4h
2026-04-27 08:00:00+00:00,214,-0.0055969006414934965,0.0028583696891399894,funding_spread_okx_minus_binance,funding,4h
2026-04-27 12:00:00+00:00,144,0.06424863068240227,0.014814547369214504,funding_spread_okx_minus_binance,funding,4h
2026-04-27 16:00:00+00:00,214,0.019717095922315433,0.002033145308003877,funding_spread_okx_minus_binance,funding,4h
2026-04-27 20:00:00+00:00,144,0.019588611885483078,-0.0019528108677175238,funding_spread_okx_minus_binance,funding,4h
2026-04-28 00:00:00+00:00,214,0.12680199346735366,0.0027707981432756874,funding_spread_okx_minus_binance,funding,4h
2026-04-28 04:00:00+00:00,144,0.12696950095223208,0.003527687160472305,funding_spread_okx_minus_binance,funding,4h
2026-04-28 08:00:00+00:00,214,0.016898330328285874,0.005162299135657426,funding_spread_okx_minus_binance,funding,4h
2026-04-28 12:00:00+00:00,144,-0.05901788736795724,-0.007314636498750915,funding_spread_okx_minus_binance,funding,4h
2026-04-28 16:00:00+00:00,214,-0.06316045080704016,-0.009172115606700585,funding_spread_okx_minus_binance,funding,4h
2026-04-28 20:00:00+00:00,144,0.012632506936462775,0.004533831241517281,funding_spread_okx_minus_binance,funding,4h
2026-04-29 00:00:00+00:00,214,-0.02461537690186802,-0.0010430739728446558,funding_spread_okx_minus_binance,funding,4h
2026-04-29 04:00:00+00:00,144,0.016930805632279042,-0.0005147656852026866,funding_spread_okx_minus_binance,funding,4h
2026-04-29 08:00:00+00:00,214,0.08476518656463813,-0.0025672889794600487,funding_spread_okx_minus_binance,funding,4h
2026-04-29 12:00:00+00:00,144,0.04953965105407618,0.0030253101970741728,funding_spread_okx_minus_binance,funding,4h
2026-04-29 16:00:00+00:00,214,-0.0141801607310161,-2.2904222605300752e-05,funding_spread_okx_minus_binance,funding,4h
2026-04-29 20:00:00+00:00,144,-0.10614754069217441,-0.004550917979010547,funding_spread_okx_minus_binance,funding,4h
2026-04-30 00:00:00+00:00,214,0.2056171780455924,0.01024730802939395,funding_spread_okx_minus_binance,funding,4h
2026-04-30 04:00:00+00:00,144,-0.06667545716347581,-0.00943988163907427,funding_spread_okx_minus_binance,funding,4h
2026-04-30 08:00:00+00:00,214,0.005698495048194099,0.003019630407954798,funding_spread_okx_minus_binance,funding,4h
2026-04-30 12:00:00+00:00,144,0.038726463161938444,0.0009175443305126725,funding_spread_okx_minus_binance,funding,4h
2026-04-30 16:00:00+00:00,214,-0.034018839358264025,-0.004231598441323658,funding_spread_okx_minus_binance,funding,4h
2026-04-26 20:00:00+00:00,140,-0.0423825920763258,0.014012670496386,funding_spread_okx_minus_binance,funding,12h
2026-04-27 00:00:00+00:00,214,0.0209021159894442,0.04904869548978418,funding_spread_okx_minus_binance,funding,12h
2026-04-27 04:00:00+00:00,144,0.12393322092547897,-0.0002744404452053109,funding_spread_okx_minus_binance,funding,12h
2026-04-27 08:00:00+00:00,214,-0.07652153671937312,0.001794891829419264,funding_spread_okx_minus_binance,funding,12h
2026-04-27 12:00:00+00:00,144,-0.2093592047921902,0.0004222834580724535,funding_spread_okx_minus_binance,funding,12h
2026-04-27 16:00:00+00:00,214,-0.004441262532231433,-0.0036409752405413363,funding_spread_okx_minus_binance,funding,12h
2026-04-27 20:00:00+00:00,144,0.022448587269216606,0.0002866935639410841,funding_spread_okx_minus_binance,funding,12h
2026-04-28 00:00:00+00:00,214,-0.0470569529432879,-0.015361916104849067,funding_spread_okx_minus_binance,funding,12h
2026-04-28 04:00:00+00:00,144,0.02035786995548126,0.007141612516103235,funding_spread_okx_minus_binance,funding,12h
2026-04-28 08:00:00+00:00,214,0.039447952672845926,0.005151592021312046,funding_spread_okx_minus_binance,funding,12h
2026-04-28 12:00:00+00:00,144,-0.04407695572687208,-0.011076496731732062,funding_spread_okx_minus_binance,funding,12h
2026-04-28 16:00:00+00:00,214,-0.0569972241281155,-0.0024054393779075808,funding_spread_okx_minus_binance,funding,12h
2026-04-28 20:00:00+00:00,144,-0.10322587762806085,-0.0005728662013647819,funding_spread_okx_minus_binance,funding,12h
2026-04-29 00:00:00+00:00,214,-0.050787791796221074,-0.006585591003277718,funding_spread_okx_minus_binance,funding,12h
2026-04-29 04:00:00+00:00,144,-0.09916231619792577,-0.010684489994198,funding_spread_okx_minus_binance,funding,12h
2026-04-29 08:00:00+00:00,214,0.020866033819763683,-0.003059158719339001,funding_spread_okx_minus_binance,funding,12h
2026-04-29 12:00:00+00:00,144,0.027546472348211625,-0.0011510227798345023,funding_spread_okx_minus_binance,funding,12h
2026-04-29 16:00:00+00:00,214,-0.004784825306758062,0.004496545677749079,funding_spread_okx_minus_binance,funding,12h
2026-04-29 20:00:00+00:00,144,-0.04545259443189289,-0.000841059424219621,funding_spread_okx_minus_binance,funding,12h
2026-04-30 00:00:00+00:00,214,0.08361233406071056,0.003963666312165539,funding_spread_okx_minus_binance,funding,12h
2026-04-30 04:00:00+00:00,144,0.08108167882045685,0.0006931207254315765,funding_spread_okx_minus_binance,funding,12h
2026-04-30 08:00:00+00:00,214,-0.0949465818023977,-0.007677308945922511,funding_spread_okx_minus_binance,funding,12h
2026-04-26 20:00:00+00:00,140,0.01150436572365259,0.0016673362372623792,funding_spread_binance_minus_okx,funding,1h
2026-04-27 00:00:00+00:00,214,0.025191882760626873,-0.0015706177421956928,funding_spread_binance_minus_okx,funding,1h
2026-04-27 04:00:00+00:00,144,-0.09805628342097229,-0.010570130229350546,funding_spread_binance_minus_okx,funding,1h
2026-04-27 08:00:00+00:00,214,-0.02084839284659901,-0.0005157013099864067,funding_spread_binance_minus_okx,funding,1h
2026-04-27 12:00:00+00:00,144,0.042974120113792855,-0.012883115478195538,funding_spread_binance_minus_okx,funding,1h
2026-04-27 16:00:00+00:00,214,-0.08691707155856114,-0.0035257474006553206,funding_spread_binance_minus_okx,funding,1h
2026-04-27 20:00:00+00:00,144,0.18070861265931745,0.0070456002643580675,funding_spread_binance_minus_okx,funding,1h
2026-04-28 00:00:00+00:00,214,-0.03434079545833679,-0.001892613007940846,funding_spread_binance_minus_okx,funding,1h
2026-04-28 04:00:00+00:00,144,-0.06965804613894985,-6.644206775575367e-05,funding_spread_binance_minus_okx,funding,1h
2026-04-28 08:00:00+00:00,214,0.05350582441942431,0.0018886823116801604,funding_spread_binance_minus_okx,funding,1h
2026-04-28 12:00:00+00:00,144,0.008104413466235475,0.004584997371371176,funding_spread_binance_minus_okx,funding,1h
2026-04-28 16:00:00+00:00,214,0.05700323655669845,0.0013031259295749806,funding_spread_binance_minus_okx,funding,1h
2026-04-28 20:00:00+00:00,144,0.09963637033563154,-0.00022666036918825663,funding_spread_binance_minus_okx,funding,1h
2026-04-29 00:00:00+00:00,214,-0.07546899488899254,-0.0030944215992287677,funding_spread_binance_minus_okx,funding,1h
2026-04-29 04:00:00+00:00,144,0.03195089378731894,0.0014179574023685166,funding_spread_binance_minus_okx,funding,1h
2026-04-29 08:00:00+00:00,214,-0.05982612076614887,0.0047500515849260945,funding_spread_binance_minus_okx,funding,1h
2026-04-29 12:00:00+00:00,144,-0.02275782452277234,-0.0016899758423862005,funding_spread_binance_minus_okx,funding,1h
2026-04-29 16:00:00+00:00,214,0.12303028309618604,0.0005031191427260157,funding_spread_binance_minus_okx,funding,1h
2026-04-29 20:00:00+00:00,144,-0.11198031314477015,-0.0018698989032750702,funding_spread_binance_minus_okx,funding,1h
2026-04-30 00:00:00+00:00,214,-0.01437395847985798,-0.0013903927017051838,funding_spread_binance_minus_okx,funding,1h
2026-04-30 04:00:00+00:00,144,-0.002044660526199329,0.0067737141393460435,funding_spread_binance_minus_okx,funding,1h
2026-04-30 08:00:00+00:00,214,-0.03502835126374156,0.0023396281134097276,funding_spread_binance_minus_okx,funding,1h
2026-04-30 12:00:00+00:00,144,-0.055301433875059015,0.0003489190668660194,funding_spread_binance_minus_okx,funding,1h
2026-04-30 16:00:00+00:00,214,0.03398649314521794,0.00111566612157986,funding_spread_binance_minus_okx,funding,1h
2026-04-30 20:00:00+00:00,144,0.12933844856986326,-0.0009829238128218874,funding_spread_binance_minus_okx,funding,1h
2026-04-26 20:00:00+00:00,140,0.09750038443547286,0.007688770856377634,funding_spread_binance_minus_okx,funding,4h
2026-04-27 00:00:00+00:00,214,-0.11449350578122877,-0.02020958017808217,funding_spread_binance_minus_okx,funding,4h
2026-04-27 04:00:00+00:00,144,-0.10419137444659622,-0.011972082475035586,funding_spread_binance_minus_okx,funding,4h
2026-04-27 08:00:00+00:00,214,0.0055969006414934965,-0.0028583696891399894,funding_spread_binance_minus_okx,funding,4h
2026-04-27 12:00:00+00:00,144,-0.06424863068240227,-0.014814547369214504,funding_spread_binance_minus_okx,funding,4h
2026-04-27 16:00:00+00:00,214,-0.019717095922315433,-0.002033145308003877,funding_spread_binance_minus_okx,funding,4h
2026-04-27 20:00:00+00:00,144,-0.019588611885483078,0.0019528108677175238,funding_spread_binance_minus_okx,funding,4h
2026-04-28 00:00:00+00:00,214,-0.12680199346735366,-0.0027707981432756874,funding_spread_binance_minus_okx,funding,4h
2026-04-28 04:00:00+00:00,144,-0.12696950095223208,-0.003527687160472305,funding_spread_binance_minus_okx,funding,4h
2026-04-28 08:00:00+00:00,214,-0.016898330328285874,-0.005162299135657426,funding_spread_binance_minus_okx,funding,4h
2026-04-28 12:00:00+00:00,144,0.05901788736795724,0.007314636498750915,funding_spread_binance_minus_okx,funding,4h
2026-04-28 16:00:00+00:00,214,0.06316045080704016,0.009172115606700585,funding_spread_binance_minus_okx,funding,4h
2026-04-28 20:00:00+00:00,144,-0.012632506936462775,-0.004533831241517281,funding_spread_binance_minus_okx,funding,4h
2026-04-29 00:00:00+00:00,214,0.02461537690186802,0.0010430739728446558,funding_spread_binance_minus_okx,funding,4h
2026-04-29 04:00:00+00:00,144,-0.016930805632279042,0.0005147656852026866,funding_spread_binance_minus_okx,funding,4h
2026-04-29 08:00:00+00:00,214,-0.08476518656463813,0.0025672889794600487,funding_spread_binance_minus_okx,funding,4h
2026-04-29 12:00:00+00:00,144,-0.04953965105407618,-0.0030253101970741728,funding_spread_binance_minus_okx,funding,4h
2026-04-29 16:00:00+00:00,214,0.0141801607310161,2.2904222605300752e-05,funding_spread_binance_minus_okx,funding,4h
2026-04-29 20:00:00+00:00,144,0.10614754069217441,0.004550917979010547,funding_spread_binance_minus_okx,funding,4h
2026-04-30 00:00:00+00:00,214,-0.2056171780455924,-0.01024730802939395,funding_spread_binance_minus_okx,funding,4h
2026-04-30 04:00:00+00:00,144,0.06667545716347581,0.00943988163907427,funding_spread_binance_minus_okx,funding,4h
2026-04-30 08:00:00+00:00,214,-0.005698495048194099,-0.003019630407954798,funding_spread_binance_minus_okx,funding,4h
2026-04-30 12:00:00+00:00,144,-0.038726463161938444,-0.0009175443305126725,funding_spread_binance_minus_okx,funding,4h
2026-04-30 16:00:00+00:00,214,0.034018839358264025,0.004231598441323658,funding_spread_binance_minus_okx,funding,4h
2026-04-26 20:00:00+00:00,140,0.0423825920763258,-0.014012670496386,funding_spread_binance_minus_okx,funding,12h
2026-04-27 00:00:00+00:00,214,-0.0209021159894442,-0.04904869548978418,funding_spread_binance_minus_okx,funding,12h
2026-04-27 04:00:00+00:00,144,-0.12393322092547897,0.0002744404452053109,funding_spread_binance_minus_okx,funding,12h
2026-04-27 08:00:00+00:00,214,0.07652153671937312,-0.001794891829419264,funding_spread_binance_minus_okx,funding,12h
2026-04-27 12:00:00+00:00,144,0.2093592047921902,-0.0004222834580724535,funding_spread_binance_minus_okx,funding,12h
2026-04-27 16:00:00+00:00,214,0.004441262532231433,0.0036409752405413363,funding_spread_binance_minus_okx,funding,12h
2026-04-27 20:00:00+00:00,144,-0.022448587269216606,-0.0002866935639410841,funding_spread_binance_minus_okx,funding,12h
2026-04-28 00:00:00+00:00,214,0.0470569529432879,0.015361916104849067,funding_spread_binance_minus_okx,funding,12h
2026-04-28 04:00:00+00:00,144,-0.02035786995548126,-0.007141612516103235,funding_spread_binance_minus_okx,funding,12h
2026-04-28 08:00:00+00:00,214,-0.039447952672845926,-0.005151592021312046,funding_spread_binance_minus_okx,funding,12h
2026-04-28 12:00:00+00:00,144,0.04407695572687208,0.011076496731732062,funding_spread_binance_minus_okx,funding,12h
2026-04-28 16:00:00+00:00,214,0.0569972241281155,0.0024054393779075808,funding_spread_binance_minus_okx,funding,12h
2026-04-28 20:00:00+00:00,144,0.10322587762806085,0.0005728662013647819,funding_spread_binance_minus_okx,funding,12h
2026-04-29 00:00:00+00:00,214,0.050787791796221074,0.006585591003277718,funding_spread_binance_minus_okx,funding,12h
2026-04-29 04:00:00+00:00,144,0.09916231619792577,0.010684489994198,funding_spread_binance_minus_okx,funding,12h
2026-04-29 08:00:00+00:00,214,-0.020866033819763683,0.003059158719339001,funding_spread_binance_minus_okx,funding,12h
2026-04-29 12:00:00+00:00,144,-0.027546472348211625,0.0011510227798345023,funding_spread_binance_minus_okx,funding,12h
2026-04-29 16:00:00+00:00,214,0.004784825306758062,-0.004496545677749079,funding_spread_binance_minus_okx,funding,12h
2026-04-29 20:00:00+00:00,144,0.04545259443189289,0.000841059424219621,funding_spread_binance_minus_okx,funding,12h
2026-04-30 00:00:00+00:00,214,-0.08361233406071056,-0.003963666312165539,funding_spread_binance_minus_okx,funding,12h
2026-04-30 04:00:00+00:00,144,-0.08108167882045685,-0.0006931207254315765,funding_spread_binance_minus_okx,funding,12h
2026-04-30 08:00:00+00:00,214,0.0949465818023977,0.007677308945922511,funding_spread_binance_minus_okx,funding,12h
2026-04-26 17:00:00+00:00,90,0.010086704599165141,0.0011957686575035807,okx_internal_basis,basis,1h
2026-04-26 18:00:00+00:00,171,-0.032948504090960964,-0.00019433413854223237,okx_internal_basis,basis,1h
2026-04-26 19:00:00+00:00,214,0.03138584032848834,0.0015737994668070295,okx_internal_basis,basis,1h
2026-04-26 20:00:00+00:00,214,0.1018411090633295,0.004472447587124852,okx_internal_basis,basis,1h
2026-04-26 21:00:00+00:00,214,0.08185332682267285,0.004811528420746344,okx_internal_basis,basis,1h
2026-04-26 22:00:00+00:00,214,-0.056200224460069524,-0.005796437613445149,okx_internal_basis,basis,1h
2026-04-26 23:00:00+00:00,214,0.1307099066357871,0.006646798615904521,okx_internal_basis,basis,1h
2026-04-27 00:00:00+00:00,214,0.09546905843115401,7.960795184977238e-05,okx_internal_basis,basis,1h
2026-04-27 01:00:00+00:00,214,0.09811092421223998,-4.500857079857293e-05,okx_internal_basis,basis,1h
2026-04-27 02:00:00+00:00,214,-0.07680020086519875,-0.0053077655388692295,okx_internal_basis,basis,1h
2026-04-27 03:00:00+00:00,214,0.1277514254420718,-0.0009151089914663107,okx_internal_basis,basis,1h
2026-04-27 04:00:00+00:00,214,-0.06000643047035939,-0.015240090754118864,okx_internal_basis,basis,1h
2026-04-27 05:00:00+00:00,214,-0.018263151683492147,0.016053613631759202,okx_internal_basis,basis,1h
2026-04-27 06:00:00+00:00,214,0.033573705298342006,-0.0019131457722381968,okx_internal_basis,basis,1h
2026-04-27 07:00:00+00:00,214,-0.17578749367340277,-0.012252589994333636,okx_internal_basis,basis,1h
2026-04-27 08:00:00+00:00,214,0.1272029484958088,0.0013581180657599263,okx_internal_basis,basis,1h
2026-04-27 09:00:00+00:00,214,0.21224098959020946,0.008606384869911301,okx_internal_basis,basis,1h
2026-04-27 10:00:00+00:00,214,0.0013506716481799515,0.0030565996688963508,okx_internal_basis,basis,1h
2026-04-27 11:00:00+00:00,214,-0.006465173538836072,-0.0004730873140950955,okx_internal_basis,basis,1h
2026-04-27 12:00:00+00:00,214,0.043827922594022434,0.010169536028462548,okx_internal_basis,basis,1h
2026-04-27 13:00:00+00:00,214,-0.10463019391141652,-0.006758677566577256,okx_internal_basis,basis,1h
2026-04-27 14:00:00+00:00,214,0.029702542947515526,0.005783286681981522,okx_internal_basis,basis,1h
2026-04-27 15:00:00+00:00,214,0.06678770452502127,-0.002145237812524493,okx_internal_basis,basis,1h
2026-04-27 16:00:00+00:00,214,-0.012173172240822455,-0.0014327191835787642,okx_internal_basis,basis,1h
2026-04-27 17:00:00+00:00,214,-0.031442374337270394,-0.002830186700853003,okx_internal_basis,basis,1h
2026-04-27 18:00:00+00:00,214,-0.003150059466031898,0.004898482835564849,okx_internal_basis,basis,1h
2026-04-27 19:00:00+00:00,214,-0.004421751320981082,0.0008203886311390679,okx_internal_basis,basis,1h
2026-04-27 20:00:00+00:00,214,0.042255927137799215,0.004494158896471493,okx_internal_basis,basis,1h
2026-04-27 21:00:00+00:00,214,-0.07387210334623034,1.1030022936056247e-05,okx_internal_basis,basis,1h
2026-04-27 22:00:00+00:00,214,-0.07088478949737365,-0.003567530959047458,okx_internal_basis,basis,1h
2026-04-27 23:00:00+00:00,214,0.19443816880583736,0.002175288682156183,okx_internal_basis,basis,1h
2026-04-28 00:00:00+00:00,214,-0.019614908113857632,-0.0003308802478758806,okx_internal_basis,basis,1h
2026-04-28 01:00:00+00:00,214,-0.12501136469763405,0.0019777431461910568,okx_internal_basis,basis,1h
2026-04-28 02:00:00+00:00,214,-0.04674007054556731,-0.0014230660183482237,okx_internal_basis,basis,1h
2026-04-28 03:00:00+00:00,214,-0.038812242443937134,-0.00017234042743475425,okx_internal_basis,basis,1h
2026-04-28 04:00:00+00:00,214,-0.04704273840943251,-0.004028771744254321,okx_internal_basis,basis,1h
2026-04-28 05:00:00+00:00,214,-0.07927445247108031,-0.0012523999534027634,okx_internal_basis,basis,1h
2026-04-28 06:00:00+00:00,214,-0.07272484590814303,-0.003811217313232577,okx_internal_basis,basis,1h
2026-04-28 07:00:00+00:00,214,0.03136202970245789,0.0004231221451856406,okx_internal_basis,basis,1h
2026-04-28 08:00:00+00:00,214,-0.07870607641023078,0.005119073441354011,okx_internal_basis,basis,1h
2026-04-28 09:00:00+00:00,214,-0.05360801769039864,-0.0048768776264179045,okx_internal_basis,basis,1h
2026-04-28 10:00:00+00:00,214,0.018302584180486563,0.000124617820802613,okx_internal_basis,basis,1h
2026-04-28 11:00:00+00:00,214,0.0937774627417512,0.0070581085001063075,okx_internal_basis,basis,1h
2026-04-28 12:00:00+00:00,214,-0.04318052889698005,-0.0008999630163956007,okx_internal_basis,basis,1h
2026-04-28 13:00:00+00:00,214,0.1884821963225054,0.011476983263476702,okx_internal_basis,basis,1h
2026-04-28 14:00:00+00:00,214,0.17555352470517346,-0.0008195701912357134,okx_internal_basis,basis,1h
2026-04-28 15:00:00+00:00,214,0.025634109195168037,0.005345891391564067,okx_internal_basis,basis,1h
2026-04-28 16:00:00+00:00,214,-0.011414211113771075,0.00010170213386239291,okx_internal_basis,basis,1h
2026-04-28 17:00:00+00:00,214,-0.10576983417867003,0.0027722723700360054,okx_internal_basis,basis,1h
2026-04-28 18:00:00+00:00,214,-0.06414201726988794,-0.005100779811583324,okx_internal_basis,basis,1h
2026-04-28 19:00:00+00:00,214,-0.03194262046671381,-0.0026357891215577764,okx_internal_basis,basis,1h
2026-04-28 20:00:00+00:00,214,0.006335349199182597,0.0004623376451924836,okx_internal_basis,basis,1h
2026-04-28 21:00:00+00:00,214,0.01806101181582012,0.0010293393575095803,okx_internal_basis,basis,1h
2026-04-28 22:00:00+00:00,214,0.09762634126448916,0.003768659355452236,okx_internal_basis,basis,1h
2026-04-28 23:00:00+00:00,214,-0.024384836793434995,0.0015943760713427843,okx_internal_basis,basis,1h
2026-04-29 00:00:00+00:00,214,-0.02107432197192598,0.0013567501475280647,okx_internal_basis,basis,1h
2026-04-29 01:00:00+00:00,214,-0.07338662506606039,-0.00027583149223061774,okx_internal_basis,basis,1h
2026-04-29 02:00:00+00:00,214,-0.0785375575670982,-0.005476337519477913,okx_internal_basis,basis,1h
2026-04-29 03:00:00+00:00,214,0.009347159537125168,0.0017166598732266574,okx_internal_basis,basis,1h
2026-04-29 04:00:00+00:00,214,0.12559176712855888,0.0032594056328581907,okx_internal_basis,basis,1h
2026-04-29 05:00:00+00:00,214,-0.038951294398124864,-0.0005541251409688137,okx_internal_basis,basis,1h
2026-04-29 06:00:00+00:00,214,0.11737006732387276,0.009528330037158585,okx_internal_basis,basis,1h
2026-04-29 07:00:00+00:00,214,0.13116824759220497,0.0026536946759851466,okx_internal_basis,basis,1h
2026-04-29 08:00:00+00:00,214,-0.20273601231183694,-0.012648357425888861,okx_internal_basis,basis,1h
2026-04-29 09:00:00+00:00,214,-0.08825553771124584,-0.0015806595362252178,okx_internal_basis,basis,1h
2026-04-29 10:00:00+00:00,214,-0.10968018238723837,-0.003227922962982799,okx_internal_basis,basis,1h
2026-04-29 11:00:00+00:00,214,0.10153284757602767,0.005490040412217017,okx_internal_basis,basis,1h
2026-04-29 12:00:00+00:00,214,0.04439907736110258,0.00016123007838752135,okx_internal_basis,basis,1h
2026-04-29 13:00:00+00:00,214,-0.004925642395083468,-0.001822762520755474,okx_internal_basis,basis,1h
2026-04-29 14:00:00+00:00,214,0.019807211522534587,-0.0010729397912871072,okx_internal_basis,basis,1h
2026-04-29 15:00:00+00:00,214,-0.20824262110107467,-0.005995211326114825,okx_internal_basis,basis,1h
2026-04-29 16:00:00+00:00,214,-0.09296997159677571,-0.0025131263408496637,okx_internal_basis,basis,1h
2026-04-29 17:00:00+00:00,214,-0.09792759989908376,-0.00028192150121580765,okx_internal_basis,basis,1h
2026-04-29 18:00:00+00:00,214,-0.08468958080090903,-0.002354921668863005,okx_internal_basis,basis,1h
2026-04-29 19:00:00+00:00,214,-0.05066844207422588,-0.001280593154117506,okx_internal_basis,basis,1h
2026-04-29 20:00:00+00:00,214,-0.020096127620075246,0.0007437001430845476,okx_internal_basis,basis,1h
2026-04-29 21:00:00+00:00,214,-0.07241808915315086,-0.001266789069875404,okx_internal_basis,basis,1h
2026-04-29 22:00:00+00:00,214,-0.14794443674880123,-0.0024773430489965177,okx_internal_basis,basis,1h
2026-04-29 23:00:00+00:00,214,0.0787812960357479,-0.0020113927091174955,okx_internal_basis,basis,1h
2026-04-30 00:00:00+00:00,214,0.02650539338086249,0.0005067769069980819,okx_internal_basis,basis,1h
2026-04-30 01:00:00+00:00,214,0.14237572494379436,0.002476180978662196,okx_internal_basis,basis,1h
2026-04-30 02:00:00+00:00,214,-0.14109893034916127,-0.004012589602002389,okx_internal_basis,basis,1h
2026-04-30 03:00:00+00:00,214,0.11002115591346616,0.0007070376861020239,okx_internal_basis,basis,1h
2026-04-30 04:00:00+00:00,214,-0.13343174450267042,-0.008016514341337886,okx_internal_basis,basis,1h
2026-04-30 05:00:00+00:00,214,-0.2252121862207837,-0.005158324705095373,okx_internal_basis,basis,1h
2026-04-30 06:00:00+00:00,214,-0.05324569926090486,0.001023944227710803,okx_internal_basis,basis,1h
2026-04-30 07:00:00+00:00,214,0.007551151062628927,0.0033762084323959328,okx_internal_basis,basis,1h
2026-04-30 08:00:00+00:00,214,-0.10986262505422566,-0.002447774540974702,okx_internal_basis,basis,1h
2026-04-30 09:00:00+00:00,214,0.08518085745206447,0.005647037456687346,okx_internal_basis,basis,1h
2026-04-30 10:00:00+00:00,214,-0.05064342081048922,-8.406240702266924e-05,okx_internal_basis,basis,1h
2026-04-30 11:00:00+00:00,214,-0.008006110507002956,-0.002744290222612946,okx_internal_basis,basis,1h
2026-04-30 12:00:00+00:00,214,0.15529456865840408,0.0039955728643228244,okx_internal_basis,basis,1h
2026-04-30 13:00:00+00:00,214,-0.14158049876588508,-0.0020003902847796832,okx_internal_basis,basis,1h
2026-04-30 14:00:00+00:00,214,-0.007801216529699864,-0.002444183708897365,okx_internal_basis,basis,1h
2026-04-30 15:00:00+00:00,214,0.12830078014480412,0.003945564836087273,okx_internal_basis,basis,1h
2026-04-30 16:00:00+00:00,214,-0.020124756618144828,5.721002206642261e-05,okx_internal_basis,basis,1h
2026-04-30 17:00:00+00:00,214,-0.03609521656912676,-0.0015986219071190183,okx_internal_basis,basis,1h
2026-04-30 18:00:00+00:00,214,0.028159329475800347,1.1936287360587517e-05,okx_internal_basis,basis,1h
2026-04-30 19:00:00+00:00,214,0.1802043122528619,0.003398094899124843,okx_internal_basis,basis,1h
2026-04-30 20:00:00+00:00,214,-0.09904440145056309,0.002836143992941683,okx_internal_basis,basis,1h
2026-04-30 21:00:00+00:00,214,-0.01387128538701115,-6.185855945108954e-05,okx_internal_basis,basis,1h
2026-04-30 22:00:00+00:00,214,-0.10877151196642336,-0.002485401201372475,okx_internal_basis,basis,1h
2026-04-26 17:00:00+00:00,90,-0.10042395588668644,-0.011697514672296933,okx_internal_basis,basis,4h
2026-04-26 18:00:00+00:00,171,-0.07070743438185836,0.00016469617070565142,okx_internal_basis,basis,4h
2026-04-26 19:00:00+00:00,214,0.00043837830666809615,0.0019323036320095573,okx_internal_basis,basis,4h
2026-04-26 20:00:00+00:00,214,-0.005512087500333169,0.0013984422514686482,okx_internal_basis,basis,4h
2026-04-26 21:00:00+00:00,214,0.07297705356565153,0.02241225086422426,okx_internal_basis,basis,4h
2026-04-26 22:00:00+00:00,214,0.0631362729134676,0.00023457149154540707,okx_internal_basis,basis,4h
2026-04-26 23:00:00+00:00,214,0.06651268793989693,0.0015384334527782503,okx_internal_basis,basis,4h
2026-04-27 00:00:00+00:00,214,0.08983883433937748,0.0007234993919510969,okx_internal_basis,basis,4h
2026-04-27 01:00:00+00:00,214,0.050497691028295065,0.005692717040037709,okx_internal_basis,basis,4h
2026-04-27 02:00:00+00:00,214,0.03857593289882464,5.537614433195198e-06,okx_internal_basis,basis,4h
2026-04-27 03:00:00+00:00,214,0.13279664641081293,0.008114931767165885,okx_internal_basis,basis,4h
2026-04-27 04:00:00+00:00,214,-0.0998747775805605,-0.003919775574282285,okx_internal_basis,basis,4h
2026-04-27 05:00:00+00:00,214,-0.07292403256280683,0.014305621742613715,okx_internal_basis,basis,4h
2026-04-27 06:00:00+00:00,214,0.062474170518840966,0.002723042276947622,okx_internal_basis,basis,4h
2026-04-27 07:00:00+00:00,214,-0.054971408280223774,-0.008918904204968063,okx_internal_basis,basis,4h
2026-04-27 08:00:00+00:00,214,0.1519993425896443,0.012957230883912797,okx_internal_basis,basis,4h
2026-04-27 09:00:00+00:00,214,0.21252589395563293,0.017510086768192597,okx_internal_basis,basis,4h
2026-04-27 10:00:00+00:00,214,-0.03154635646970034,-0.006037624970704622,okx_internal_basis,basis,4h
2026-04-27 11:00:00+00:00,214,-0.033782282388073445,-0.0019069053228347004,okx_internal_basis,basis,4h
2026-04-27 12:00:00+00:00,214,0.016541029808006064,0.007044972618048379,okx_internal_basis,basis,4h
2026-04-27 13:00:00+00:00,214,-0.032735805592805936,-0.011042077424277732,okx_internal_basis,basis,4h
2026-04-27 14:00:00+00:00,214,0.04610746513178129,-0.004487026653904048,okx_internal_basis,basis,4h
2026-04-27 15:00:00+00:00,214,0.08778478258228292,-0.005255513655300449,okx_internal_basis,basis,4h
2026-04-27 16:00:00+00:00,214,0.03390695828112155,-0.0010647435650689234,okx_internal_basis,basis,4h
2026-04-27 17:00:00+00:00,214,-0.00366179376466655,0.004020795479610699,okx_internal_basis,basis,4h
2026-04-27 18:00:00+00:00,214,-0.11925289163320739,0.004515687508519136,okx_internal_basis,basis,4h
2026-04-27 19:00:00+00:00,214,0.09373878805855312,0.009289971525649253,okx_internal_basis,basis,4h
2026-04-27 20:00:00+00:00,214,0.07163461229518883,0.010441752848212828,okx_internal_basis,basis,4h
2026-04-27 21:00:00+00:00,214,-0.029099099733511033,0.00034650200068249513,okx_internal_basis,basis,4h
2026-04-27 22:00:00+00:00,214,0.0628873365250768,0.005294125248698383,okx_internal_basis,basis,4h
2026-04-27 23:00:00+00:00,214,0.04852604393281005,-0.005335647020175092,okx_internal_basis,basis,4h
2026-04-28 00:00:00+00:00,214,-0.117846976250495,-0.007511112918919635,okx_internal_basis,basis,4h
2026-04-28 01:00:00+00:00,214,-0.15794205674997702,-0.008007370374622423,okx_internal_basis,basis,4h
2026-04-28 02:00:00+00:00,214,0.006625912387233498,0.0047915699248737564,okx_internal_basis,basis,4h
2026-04-28 03:00:00+00:00,214,0.0386928623236338,0.0022446480885305597,okx_internal_basis,basis,4h
2026-04-28 04:00:00+00:00,214,0.02071526540491172,-0.010505968389591676,okx_internal_basis,basis,4h
2026-04-28 05:00:00+00:00,214,0.005392005603228714,0.002131927591569901,okx_internal_basis,basis,4h
2026-04-28 06:00:00+00:00,214,0.03108067202337454,-0.0011001942170215235,okx_internal_basis,basis,4h
2026-04-28 07:00:00+00:00,214,0.03159257148604183,0.0027206517880215293,okx_internal_basis,basis,4h
2026-04-28 08:00:00+00:00,214,-0.042259074860245036,0.011218071706797499,okx_internal_basis,basis,4h
2026-04-28 09:00:00+00:00,214,-0.028747369174433463,-0.006891710216091017,okx_internal_basis,basis,4h
2026-04-28 10:00:00+00:00,214,0.004501587847056911,-0.0004785203884131533,okx_internal_basis,basis,4h
2026-04-28 11:00:00+00:00,214,0.01385482620198195,0.004353706131139145,okx_internal_basis,basis,4h
2026-04-28 12:00:00+00:00,214,0.12923333555426147,0.006003494891476039,okx_internal_basis,basis,4h
2026-04-28 13:00:00+00:00,214,0.1802937429565682,0.012963940029407275,okx_internal_basis,basis,4h
2026-04-28 14:00:00+00:00,214,0.22219926628492032,0.007974706784984784,okx_internal_basis,basis,4h
2026-04-28 15:00:00+00:00,214,0.06844740006089281,0.005893550407880263,okx_internal_basis,basis,4h
2026-04-28 16:00:00+00:00,214,-0.1501830268755171,-0.0004799077218302153,okx_internal_basis,basis,4h
2026-04-28 17:00:00+00:00,214,-0.11311881294628473,-0.0019507751851629636,okx_internal_basis,basis,4h
2026-04-28 18:00:00+00:00,214,-0.0717199946373726,-0.003916829090292481,okx_internal_basis,basis,4h
2026-04-28 19:00:00+00:00,214,-0.033476097663980166,0.001078728156400817,okx_internal_basis,basis,4h
2026-04-28 20:00:00+00:00,214,0.05876010616856562,0.004560032411087276,okx_internal_basis,basis,4h
2026-04-28 21:00:00+00:00,214,0.04133085571061767,0.0028803324598271366,okx_internal_basis,basis,4h
2026-04-28 22:00:00+00:00,214,0.035134186142421746,0.008198991460238707,okx_internal_basis,basis,4h
2026-04-28 23:00:00+00:00,214,-0.09368652987674274,-0.007384853867270559,okx_internal_basis,basis,4h
2026-04-29 00:00:00+00:00,214,-0.10524720652241457,-0.003367501515480975,okx_internal_basis,basis,4h
2026-04-29 01:00:00+00:00,214,-0.05006635888428015,-0.0069481668933100305,okx_internal_basis,basis,4h
2026-04-29 02:00:00+00:00,214,-0.038571733414765746,-0.00618596058224142,okx_internal_basis,basis,4h
2026-04-29 03:00:00+00:00,214,0.08147291460091444,0.007978520661581156,okx_internal_basis,basis,4h
2026-04-29 04:00:00+00:00,214,0.22085196569590396,0.011671701378742365,okx_internal_basis,basis,4h
2026-04-29 05:00:00+00:00,214,0.1234632682341037,0.005521166142811295,okx_internal_basis,basis,4h
2026-04-29 06:00:00+00:00,214,0.15697794718802213,0.014379283286638901,okx_internal_basis,basis,4h
2026-04-29 07:00:00+00:00,214,0.032529772682816954,-0.003340338063306583,okx_internal_basis,basis,4h
2026-04-29 08:00:00+00:00,214,-0.07393504501935438,-0.011278316895648257,okx_internal_basis,basis,4h
2026-04-29 09:00:00+00:00,214,-0.01959920478380533,-0.0006601780166620649,okx_internal_basis,basis,4h
2026-04-29 10:00:00+00:00,214,0.056775526280791404,0.004188404883676444,okx_internal_basis,basis,4h
2026-04-29 11:00:00+00:00,214,0.02477460521340774,0.009170884716155198,okx_internal_basis,basis,4h
2026-04-29 12:00:00+00:00,214,-0.026655849020921624,-0.006571848196004568,okx_internal_basis,basis,4h
2026-04-29 13:00:00+00:00,214,-0.19024554372354302,-0.010741084615752756,okx_internal_basis,basis,4h
2026-04-29 14:00:00+00:00,214,0.07223766939701821,0.00011626590471000564,okx_internal_basis,basis,4h
2026-04-29 15:00:00+00:00,214,-0.059151554619711375,-0.008861048864884416,okx_internal_basis,basis,4h
2026-04-29 16:00:00+00:00,214,-0.06952305218121005,0.0020912553117365044,okx_internal_basis,basis,4h
2026-04-29 17:00:00+00:00,214,0.004620904495081579,-0.005206286196967535,okx_internal_basis,basis,4h
2026-04-29 18:00:00+00:00,214,-0.03767356886851194,-0.002815819274211097,okx_internal_basis,basis,4h
2026-04-29 19:00:00+00:00,214,-0.01734525255760377,0.0013741523505167788,okx_internal_basis,basis,4h
2026-04-29 20:00:00+00:00,214,-0.03507272481280388,-0.001055525138936253,okx_internal_basis,basis,4h
2026-04-29 21:00:00+00:00,214,0.06771474595015643,0.0003422490077878305,okx_internal_basis,basis,4h
2026-04-29 22:00:00+00:00,214,0.004046446274285787,0.010333372158234258,okx_internal_basis,basis,4h
2026-04-29 23:00:00+00:00,214,0.02059235474172473,-0.00354879009100528,okx_internal_basis,basis,4h
2026-04-30 00:00:00+00:00,214,0.10205576031973712,0.006815912108297569,okx_internal_basis,basis,4h
2026-04-30 01:00:00+00:00,214,0.04424430099214213,0.0001974740120925314,okx_internal_basis,basis,4h
2026-04-30 02:00:00+00:00,214,-0.14058232342034102,-0.01076070209263015,okx_internal_basis,basis,4h
2026-04-30 03:00:00+00:00,214,-0.08821451399226804,-0.009050000014975672,okx_internal_basis,basis,4h
2026-04-30 04:00:00+00:00,214,-0.1541676743154198,-0.0159968153961124,okx_internal_basis,basis,4h
2026-04-30 05:00:00+00:00,214,-0.07330258676482655,-0.006788744534767991,okx_internal_basis,basis,4h
2026-04-30 06:00:00+00:00,214,0.04773244854094462,0.004813891698608761,okx_internal_basis,basis,4h
2026-04-30 07:00:00+00:00,214,-0.07630155351284844,0.0013319111750627515,okx_internal_basis,basis,4h
2026-04-30 08:00:00+00:00,214,-0.09810649127495193,-0.005825467102715823,okx_internal_basis,basis,4h
2026-04-30 09:00:00+00:00,214,0.1434618169131419,0.00798348667037101,okx_internal_basis,basis,4h
2026-04-30 10:00:00+00:00,214,-0.05219889896321528,0.0002871686482049532,okx_internal_basis,basis,4h
2026-04-30 11:00:00+00:00,214,0.11086004923609438,-0.00014200391714902,okx_internal_basis,basis,4h
2026-04-30 12:00:00+00:00,214,0.04381463656201657,0.00881035645542426,okx_internal_basis,basis,4h
2026-04-30 13:00:00+00:00,214,-0.04433127321290433,-0.0009871739509061585,okx_internal_basis,basis,4h
2026-04-30 14:00:00+00:00,214,0.03928707984107422,-0.0024125678046935687,okx_internal_basis,basis,4h
2026-04-30 15:00:00+00:00,214,-0.010432696709699641,-0.0023580202913888616,okx_internal_basis,basis,4h
2026-04-30 16:00:00+00:00,214,-0.04636525308696913,-0.0019509655845250033,okx_internal_basis,basis,4h
2026-04-30 17:00:00+00:00,214,0.04953217099344008,0.0007433602582213215,okx_internal_basis,basis,4h
2026-04-30 18:00:00+00:00,214,0.051922043771957214,0.0042915321187207344,okx_internal_basis,basis,4h
2026-04-30 19:00:00+00:00,214,-0.02460623835939953,-0.0006712016076868502,okx_internal_basis,basis,4h
2026-04-26 17:00:00+00:00,90,-0.012455237745434592,-0.006030907292442725,okx_internal_basis,basis,12h
2026-04-26 18:00:00+00:00,171,-0.14010838685379387,-0.001714306370992704,okx_internal_basis,basis,12h
2026-04-26 19:00:00+00:00,214,0.11415049721368681,0.0016264909678305635,okx_internal_basis,basis,12h
2026-04-26 20:00:00+00:00,214,0.09608304961531505,-0.012903658121278742,okx_internal_basis,basis,12h
2026-04-26 21:00:00+00:00,214,0.04297720621013495,0.026353786244436114,okx_internal_basis,basis,12h
2026-04-26 22:00:00+00:00,214,0.0787485841984894,0.006199515491430586,okx_internal_basis,basis,12h
2026-04-26 23:00:00+00:00,214,0.20843245255794757,0.005657572497809422,okx_internal_basis,basis,12h
2026-04-27 00:00:00+00:00,214,0.11443204297354682,0.012739931986651548,okx_internal_basis,basis,12h
2026-04-27 01:00:00+00:00,214,0.03180079789807926,0.011059524700093575,okx_internal_basis,basis,12h
2026-04-27 02:00:00+00:00,214,-0.06158083789827013,-0.02066027879204386,okx_internal_basis,basis,12h
2026-04-27 03:00:00+00:00,214,0.15414657381481592,0.00881234841016671,okx_internal_basis,basis,12h
2026-04-27 04:00:00+00:00,214,-0.09259957351291122,-0.004420876577837081,okx_internal_basis,basis,12h
2026-04-27 05:00:00+00:00,214,0.06291920296323268,0.02579263401193926,okx_internal_basis,basis,12h
2026-04-27 06:00:00+00:00,214,0.10936554359684157,-0.002280871653808785,okx_internal_basis,basis,12h
2026-04-27 07:00:00+00:00,214,0.0612324551483804,0.0031415712017281282,okx_internal_basis,basis,12h
2026-04-27 08:00:00+00:00,214,0.11052352112822039,0.0051818926522727805,okx_internal_basis,basis,12h
2026-04-27 09:00:00+00:00,214,0.18230513432776524,0.015063278535633698,okx_internal_basis,basis,12h
2026-04-27 10:00:00+00:00,214,0.16327245310341051,0.004856538131671695,okx_internal_basis,basis,12h
2026-04-27 11:00:00+00:00,214,0.07220919018496884,-0.002493177898620329,okx_internal_basis,basis,12h
2026-04-27 12:00:00+00:00,214,0.07704016635521842,0.009985519170467416,okx_internal_basis,basis,12h
2026-04-27 13:00:00+00:00,214,-0.032082696647661724,-0.003006821881058928,okx_internal_basis,basis,12h
2026-04-27 14:00:00+00:00,214,0.10830318728029537,0.012805790616174819,okx_internal_basis,basis,12h
2026-04-27 15:00:00+00:00,214,0.09945136861274519,0.0022933597974797906,okx_internal_basis,basis,12h
2026-04-27 16:00:00+00:00,214,0.07289802937715527,-0.0032952417312612703,okx_internal_basis,basis,12h
2026-04-27 17:00:00+00:00,214,-0.041111137641434724,1.991943666778285e-05,okx_internal_basis,basis,12h
2026-04-27 18:00:00+00:00,214,0.0193729061015051,0.005281168984178896,okx_internal_basis,basis,12h
2026-04-27 19:00:00+00:00,214,0.13210007203468357,0.010838517928372437,okx_internal_basis,basis,12h
2026-04-27 20:00:00+00:00,214,0.05196146558234216,0.008366258422106462,okx_internal_basis,basis,12h
2026-04-27 21:00:00+00:00,214,0.014585455136629627,0.0009404546475172996,okx_internal_basis,basis,12h
2026-04-27 22:00:00+00:00,214,0.09180478438004386,0.008782884218498264,okx_internal_basis,basis,12h
2026-04-27 23:00:00+00:00,214,0.06181310904293554,-0.00391699200180161,okx_internal_basis,basis,12h
2026-04-28 00:00:00+00:00,214,-0.049407160610838115,0.0060116929886554335,okx_internal_basis,basis,12h
2026-04-28 01:00:00+00:00,214,-0.08640526721366133,0.0005421377799789411,okx_internal_basis,basis,12h
2026-04-28 02:00:00+00:00,214,0.06420389982726543,0.020225975169371507,okx_internal_basis,basis,12h
2026-04-28 03:00:00+00:00,214,0.00843067332513854,0.011362848160865434,okx_internal_basis,basis,12h
2026-04-28 04:00:00+00:00,214,0.0841342490563632,0.015966812091321086,okx_internal_basis,basis,12h
2026-04-28 05:00:00+00:00,214,0.011227848050955396,0.015134013228109313,okx_internal_basis,basis,12h
2026-04-28 06:00:00+00:00,214,0.1034790702811233,0.014363685061110382,okx_internal_basis,basis,12h
2026-04-28 07:00:00+00:00,214,0.03834322164544363,0.025990042969949854,okx_internal_basis,basis,12h
2026-04-28 08:00:00+00:00,214,0.0630395511703228,0.03007204630269598,okx_internal_basis,basis,12h
2026-04-28 09:00:00+00:00,214,0.09830459816363502,-6.573719230937476e-05,okx_internal_basis,basis,12h
2026-04-28 10:00:00+00:00,214,0.006861328151714927,0.007281271999347824,okx_internal_basis,basis,12h
2026-04-28 11:00:00+00:00,214,0.09101998647999003,0.01189328241551193,okx_internal_basis,basis,12h
2026-04-28 12:00:00+00:00,214,0.13939066927453092,0.017169436727052394,okx_internal_basis,basis,12h
2026-04-28 13:00:00+00:00,214,0.212940128013078,0.014618957011167302,okx_internal_basis,basis,12h
2026-04-28 14:00:00+00:00,214,0.05265957527269722,0.013162467561112598,okx_internal_basis,basis,12h
2026-04-28 15:00:00+00:00,214,0.071703496324586,0.0009505477555604991,okx_internal_basis,basis,12h
2026-04-28 16:00:00+00:00,214,-0.20801218144490854,-0.006322566536088172,okx_internal_basis,basis,12h
2026-04-28 17:00:00+00:00,214,-0.12604294981900035,-0.008258170406941562,okx_internal_basis,basis,12h
2026-04-28 18:00:00+00:00,214,-0.10608789253601303,-0.0009781768864801105,okx_internal_basis,basis,12h
2026-04-28 19:00:00+00:00,214,-0.031071828387004962,-0.002066622781867803,okx_internal_basis,basis,12h
2026-04-28 20:00:00+00:00,214,0.08778963159087577,0.0030358950672092593,okx_internal_basis,basis,12h
2026-04-28 21:00:00+00:00,214,0.056884913292688945,0.006960999129458091,okx_internal_basis,basis,12h
2026-04-28 22:00:00+00:00,214,0.02549948663440934,0.004320183871102527,okx_internal_basis,basis,12h
2026-04-28 23:00:00+00:00,214,-0.04068150343212771,-0.0039608506635790495,okx_internal_basis,basis,12h
2026-04-29 00:00:00+00:00,214,0.07373393528620331,0.002527192667638291,okx_internal_basis,basis,12h
2026-04-29 01:00:00+00:00,214,0.05640004382195663,-0.0017719812255615956,okx_internal_basis,basis,12h
2026-04-29 02:00:00+00:00,214,0.06153144414683922,0.0025458959316273866,okx_internal_basis,basis,12h
2026-04-29 03:00:00+00:00,214,0.04440254607429328,0.0028454693844277568,okx_internal_basis,basis,12h
2026-04-29 04:00:00+00:00,214,0.008762163091741918,0.0057909142436211175,okx_internal_basis,basis,12h
2026-04-29 05:00:00+00:00,214,-0.009530559058490299,0.0028388891172464042,okx_internal_basis,basis,12h
2026-04-29 06:00:00+00:00,214,-0.055936482407661255,0.0004897360143862953,okx_internal_basis,basis,12h
2026-04-29 07:00:00+00:00,214,0.142571270178956,0.0013133478203757043,okx_internal_basis,basis,12h
2026-04-29 08:00:00+00:00,214,0.016452920942315114,-0.012676451857018583,okx_internal_basis,basis,12h
2026-04-29 09:00:00+00:00,214,-0.11106052758271294,-0.006515259189254649,okx_internal_basis,basis,12h
2026-04-29 10:00:00+00:00,214,0.060477173287721675,-0.005104999103720503,okx_internal_basis,basis,12h
2026-04-29 11:00:00+00:00,214,0.024517448448223962,0.005803140355193779,okx_internal_basis,basis,12h
2026-04-29 12:00:00+00:00,214,-0.04807188962779289,-0.0004586460241777779,okx_internal_basis,basis,12h
2026-04-29 13:00:00+00:00,214,-0.04555883831792074,-0.000722734740482088,okx_internal_basis,basis,12h
2026-04-29 14:00:00+00:00,214,0.0264928801002447,0.004019352312356325,okx_internal_basis,basis,12h
2026-04-29 15:00:00+00:00,214,-0.09965670239209018,-0.01605202350523147,okx_internal_basis,basis,12h
2026-04-29 16:00:00+00:00,214,0.009919953428447691,0.005380989879956739,okx_internal_basis,basis,12h
2026-04-29 17:00:00+00:00,214,-0.09647700906223176,-0.005856067204500921,okx_internal_basis,basis,12h
2026-04-29 18:00:00+00:00,214,-0.17575161516947022,-0.021674739945495188,okx_internal_basis,basis,12h
2026-04-29 19:00:00+00:00,214,0.01826312361997705,0.005401959446252167,okx_internal_basis,basis,12h
2026-04-29 20:00:00+00:00,214,0.08455089930361853,-0.0034409084281859167,okx_internal_basis,basis,12h
2026-04-29 21:00:00+00:00,214,0.040848275648940675,-0.005334873480814467,okx_internal_basis,basis,12h
2026-04-29 22:00:00+00:00,214,4.5918109643746295e-05,0.011667956975278131,okx_internal_basis,basis,12h
2026-04-29 23:00:00+00:00,214,0.0017884695488944854,-0.0035828214296867544,okx_internal_basis,basis,12h
2026-04-30 00:00:00+00:00,214,0.05239228490086847,0.013101930585893633,okx_internal_basis,basis,12h
2026-04-30 01:00:00+00:00,214,0.010804075879874074,-0.0007030655121729804,okx_internal_basis,basis,12h
2026-04-30 02:00:00+00:00,214,-0.08610906600232615,-0.008251245314750896,okx_internal_basis,basis,12h
2026-04-30 03:00:00+00:00,214,-0.03559015394787997,-0.011266240310225814,okx_internal_basis,basis,12h
2026-04-30 04:00:00+00:00,214,-0.1243822108584174,-0.017191680187097352,okx_internal_basis,basis,12h
2026-04-30 05:00:00+00:00,214,-0.002829150474255832,-0.0009532147487581301,okx_internal_basis,basis,12h
2026-04-30 06:00:00+00:00,214,0.06828140233688078,-0.005199697568359617,okx_internal_basis,basis,12h
2026-04-30 07:00:00+00:00,214,-0.05494310046876647,-0.004713351525356523,okx_internal_basis,basis,12h
2026-04-30 08:00:00+00:00,214,0.053494044657858536,-0.008144951618126017,okx_internal_basis,basis,12h
2026-04-30 09:00:00+00:00,214,0.11836143569223093,0.006615428450793862,okx_internal_basis,basis,12h
2026-04-30 10:00:00+00:00,214,-0.015020197259553605,-0.0049111387601496175,okx_internal_basis,basis,12h
2026-04-30 11:00:00+00:00,214,-0.011138870365910943,-0.010052840295050084,okx_internal_basis,basis,12h
2026-04-26 17:00:00+00:00,109,-0.05086207093215641,0.003457709602829176,binance_internal_basis,basis,1h
2026-04-26 18:00:00+00:00,210,0.0016737047048154114,-0.003857100984499062,binance_internal_basis,basis,1h
2026-04-26 19:00:00+00:00,214,-0.07545216230551251,0.0010758026624758635,binance_internal_basis,basis,1h
2026-04-26 20:00:00+00:00,214,0.08619645669280385,0.0038093247366377207,binance_internal_basis,basis,1h
2026-04-26 21:00:00+00:00,214,-0.06789304636399549,-0.007282228870759605,binance_internal_basis,basis,1h
2026-04-26 22:00:00+00:00,214,0.026380778501424357,-0.00019265228183885333,binance_internal_basis,basis,1h
2026-04-26 23:00:00+00:00,214,0.14376903697037044,0.008507365047130898,binance_internal_basis,basis,1h
2026-04-27 00:00:00+00:00,214,0.10294458428957577,0.002565008434929919,binance_internal_basis,basis,1h
2026-04-27 01:00:00+00:00,214,0.17508293831256438,0.0017774216791371358,binance_internal_basis,basis,1h
2026-04-27 02:00:00+00:00,214,-0.08643937567632422,-0.005398599444082424,binance_internal_basis,basis,1h
2026-04-27 03:00:00+00:00,214,0.060337855265627016,-0.004818377158538475,binance_internal_basis,basis,1h
2026-04-27 04:00:00+00:00,214,-0.06863235487692511,0.017481588272294856,binance_internal_basis,basis,1h
2026-04-27 05:00:00+00:00,214,0.0011577397442686984,0.013524199232765452,binance_internal_basis,basis,1h
2026-04-27 06:00:00+00:00,214,0.025616755799163175,-0.0005107901275418058,binance_internal_basis,basis,1h
2026-04-27 07:00:00+00:00,214,-0.017274542113060693,-0.006952508727800167,binance_internal_basis,basis,1h
2026-04-27 08:00:00+00:00,214,-0.06613685835864754,0.001594330804666499,binance_internal_basis,basis,1h
2026-04-27 09:00:00+00:00,214,0.14597411742134433,0.006383575602612773,binance_internal_basis,basis,1h
2026-04-27 10:00:00+00:00,214,-0.06887705520267674,0.0028852633346770932,binance_internal_basis,basis,1h
2026-04-27 11:00:00+00:00,214,-0.0308337152272981,-0.002881502807333531,binance_internal_basis,basis,1h
2026-04-27 12:00:00+00:00,214,0.012877926332559745,0.0074425934419027374,binance_internal_basis,basis,1h
2026-04-27 13:00:00+00:00,214,-0.09640435191647447,-0.004872465140474458,binance_internal_basis,basis,1h
2026-04-27 14:00:00+00:00,214,0.016643049625786242,0.003963059383715731,binance_internal_basis,basis,1h
2026-04-27 15:00:00+00:00,214,-0.10578238366892624,-0.007596647715386859,binance_internal_basis,basis,1h
2026-04-27 16:00:00+00:00,214,0.01625322384474962,-0.0012902908374532976,binance_internal_basis,basis,1h
2026-04-27 17:00:00+00:00,214,-0.13940627479637296,-0.0034397730095749486,binance_internal_basis,basis,1h
2026-04-27 18:00:00+00:00,214,0.02744368152523815,0.008226699395850499,binance_internal_basis,basis,1h
2026-04-27 19:00:00+00:00,214,-0.02634356594475223,0.002393088081195604,binance_internal_basis,basis,1h
2026-04-27 20:00:00+00:00,214,0.0355905201797734,0.0005279751181027422,binance_internal_basis,basis,1h
2026-04-27 21:00:00+00:00,214,-0.09106348589253407,0.0012682566345875194,binance_internal_basis,basis,1h
2026-04-27 22:00:00+00:00,214,-0.1096033741635361,-0.002717111607373841,binance_internal_basis,basis,1h
2026-04-27 23:00:00+00:00,214,0.10806233233050573,0.0015004631484236022,binance_internal_basis,basis,1h
2026-04-28 00:00:00+00:00,214,-0.07891316314426887,-0.002653047866669063,binance_internal_basis,basis,1h
2026-04-28 01:00:00+00:00,214,-0.0931501028865861,0.002067302641343118,binance_internal_basis,basis,1h
2026-04-28 02:00:00+00:00,214,-0.10802237288352043,-0.00530020377402709,binance_internal_basis,basis,1h
2026-04-28 03:00:00+00:00,214,-0.08060704994674366,-0.004815201224378486,binance_internal_basis,basis,1h
2026-04-28 04:00:00+00:00,214,-0.13034315849262423,-0.005294658698067195,binance_internal_basis,basis,1h
2026-04-28 05:00:00+00:00,214,0.02194525014092762,-2.7719169285579746e-05,binance_internal_basis,basis,1h
2026-04-28 06:00:00+00:00,214,-0.09820346746338915,-0.003376989311466398,binance_internal_basis,basis,1h
2026-04-28 07:00:00+00:00,214,0.03602154525341755,0.00382850521385823,binance_internal_basis,basis,1h
2026-04-28 08:00:00+00:00,214,-0.11112628140473314,-0.00010540449726186875,binance_internal_basis,basis,1h
2026-04-28 09:00:00+00:00,214,-0.13103499791006243,-0.000505493901812122,binance_internal_basis,basis,1h
2026-04-28 10:00:00+00:00,214,0.06857358014638582,-0.0003958485983973116,binance_internal_basis,basis,1h
2026-04-28 11:00:00+00:00,214,0.044286906425124235,0.006024909894429291,binance_internal_basis,basis,1h
2026-04-28 12:00:00+00:00,214,0.08588176159496028,-0.004892064595277149,binance_internal_basis,basis,1h
2026-04-28 13:00:00+00:00,214,0.07052214933290812,0.0014584533228086563,binance_internal_basis,basis,1h
2026-04-28 14:00:00+00:00,214,0.08462001412347415,0.000284647665941001,binance_internal_basis,basis,1h
2026-04-28 15:00:00+00:00,214,0.10556715290657248,0.004722625618921348,binance_internal_basis,basis,1h
2026-04-28 16:00:00+00:00,214,-0.08872518620001933,0.0030495164161413024,binance_internal_basis,basis,1h
2026-04-28 17:00:00+00:00,214,-0.04850508569940188,0.00043230515242067484,binance_internal_basis,basis,1h
2026-04-28 18:00:00+00:00,214,-0.05523267526583381,-0.0002493513735874475,binance_internal_basis,basis,1h
2026-04-28 19:00:00+00:00,214,-0.0731622200612078,-0.0023178206102444842,binance_internal_basis,basis,1h
2026-04-28 20:00:00+00:00,214,-0.001117407372524754,0.0009817658015394061,binance_internal_basis,basis,1h
2026-04-28 21:00:00+00:00,214,0.06697610434773713,-0.00042826175000359795,binance_internal_basis,basis,1h
2026-04-28 22:00:00+00:00,214,0.10151263305629676,0.003968686435387593,binance_internal_basis,basis,1h
2026-04-28 23:00:00+00:00,214,-0.041997643022219554,0.0019471395021995871,binance_internal_basis,basis,1h
2026-04-29 00:00:00+00:00,214,-0.06141847839931502,0.0015174638929055663,binance_internal_basis,basis,1h
2026-04-29 01:00:00+00:00,214,-0.019748082479284727,-0.000615418055398701,binance_internal_basis,basis,1h
2026-04-29 02:00:00+00:00,214,0.005052790116049481,-0.006540947691257197,binance_internal_basis,basis,1h
2026-04-29 03:00:00+00:00,214,0.102731181627562,0.0022945657828462637,binance_internal_basis,basis,1h
2026-04-29 04:00:00+00:00,214,0.11955233692083399,0.00040335642124848423,binance_internal_basis,basis,1h
2026-04-29 05:00:00+00:00,214,-0.0504146990883549,-0.0033661995596890207,binance_internal_basis,basis,1h
2026-04-29 06:00:00+00:00,214,0.12385927587630344,0.007002450753586462,binance_internal_basis,basis,1h
2026-04-29 07:00:00+00:00,214,0.019315584942829308,0.005108286962601963,binance_internal_basis,basis,1h
2026-04-29 08:00:00+00:00,214,-0.06638181312809122,-0.00649307932680827,binance_internal_basis,basis,1h
2026-04-29 09:00:00+00:00,214,0.032286040088485575,0.000343501921293142,binance_internal_basis,basis,1h
2026-04-29 10:00:00+00:00,214,-0.2132978887874121,-0.004472005551528829,binance_internal_basis,basis,1h
2026-04-29 11:00:00+00:00,214,0.024276023363283692,0.0025612015643091805,binance_internal_basis,basis,1h
2026-04-29 12:00:00+00:00,214,-0.14212958668801592,-0.0034256296935602604,binance_internal_basis,basis,1h
2026-04-29 13:00:00+00:00,214,-0.0357008601954714,0.0007074115796323289,binance_internal_basis,basis,1h
2026-04-29 14:00:00+00:00,214,-0.0848603028735333,-0.004414643981737208,binance_internal_basis,basis,1h
2026-04-29 15:00:00+00:00,214,-0.10415227879411261,-0.0063362668617979205,binance_internal_basis,basis,1h
2026-04-29 16:00:00+00:00,214,0.020987483121393185,0.004647205660550236,binance_internal_basis,basis,1h
2026-04-29 17:00:00+00:00,214,-0.11560928273400455,0.002025312195453928,binance_internal_basis,basis,1h
2026-04-29 18:00:00+00:00,214,-0.024746636003216037,0.0007241011782793357,binance_internal_basis,basis,1h
2026-04-29 19:00:00+00:00,214,-0.06713178308812026,0.002874510818768502,binance_internal_basis,basis,1h
2026-04-29 20:00:00+00:00,214,-0.07546981519632902,-0.0020734898123652397,binance_internal_basis,basis,1h
2026-04-29 21:00:00+00:00,214,-0.06627528171975493,0.0013512581265954855,binance_internal_basis,basis,1h
2026-04-29 22:00:00+00:00,214,-0.0996665698279953,-0.001847468651714855,binance_internal_basis,basis,1h
2026-04-29 23:00:00+00:00,214,-0.017297843358535264,-0.0003668303401159704,binance_internal_basis,basis,1h
2026-04-30 00:00:00+00:00,214,-0.0039790741990857114,0.0003079031923984817,binance_internal_basis,basis,1h
2026-04-30 01:00:00+00:00,214,0.10119983285922274,0.00304880226392518,binance_internal_basis,basis,1h
2026-04-30 02:00:00+00:00,214,-0.12844872607116262,-0.004819728459822635,binance_internal_basis,basis,1h
2026-04-30 03:00:00+00:00,214,0.011151297714368258,0.0008588251693304738,binance_internal_basis,basis,1h
2026-04-30 04:00:00+00:00,214,-0.1153123335254045,-0.006110186956344623,binance_internal_basis,basis,1h
2026-04-30 05:00:00+00:00,214,-0.19247928343807683,-0.004403644169716793,binance_internal_basis,basis,1h
2026-04-30 06:00:00+00:00,214,-0.054173327481783315,-0.0010124238374816068,binance_internal_basis,basis,1h
2026-04-30 07:00:00+00:00,214,0.046930043984669365,0.003149304341172593,binance_internal_basis,basis,1h
2026-04-30 08:00:00+00:00,214,-0.08777165184288828,-0.0020985039231451595,binance_internal_basis,basis,1h
2026-04-30 09:00:00+00:00,214,0.08830431740580681,0.0035186279966734433,binance_internal_basis,basis,1h
2026-04-30 10:00:00+00:00,214,-0.039502370902172686,-0.002797039501473266,binance_internal_basis,basis,1h
2026-04-30 11:00:00+00:00,214,-0.16433631729784084,-0.004437967000305826,binance_internal_basis,basis,1h
2026-04-30 12:00:00+00:00,214,0.1406391158199498,0.006107257179402556,binance_internal_basis,basis,1h
2026-04-30 13:00:00+00:00,214,-0.22575902090459296,-0.0013821026642633137,binance_internal_basis,basis,1h
2026-04-30 14:00:00+00:00,214,0.014998125005644007,-0.0016957479149275695,binance_internal_basis,basis,1h
2026-04-30 15:00:00+00:00,214,0.09937020780137296,0.004513981220282726,binance_internal_basis,basis,1h
2026-04-30 16:00:00+00:00,214,-0.08468064445215208,-0.001044049259400316,binance_internal_basis,basis,1h
2026-04-30 17:00:00+00:00,214,-0.001684498011754826,-0.0029348106322144795,binance_internal_basis,basis,1h
2026-04-30 18:00:00+00:00,214,-0.02826338684672039,-0.003572624798221213,binance_internal_basis,basis,1h
2026-04-30 19:00:00+00:00,214,0.18177048257031056,0.00416426186603171,binance_internal_basis,basis,1h
2026-04-30 20:00:00+00:00,214,-0.18064221881539494,0.0013145269740770366,binance_internal_basis,basis,1h
2026-04-30 21:00:00+00:00,214,-0.0909710439119427,-0.0033027333573030456,binance_internal_basis,basis,1h
2026-04-30 22:00:00+00:00,214,-0.10228972826832833,-0.005620799278881546,binance_internal_basis,basis,1h
2026-04-26 17:00:00+00:00,109,0.039801686590677426,-0.0009542119300761528,binance_internal_basis,basis,4h
2026-04-26 18:00:00+00:00,210,-0.05805222698548425,-0.000811698814294071,binance_internal_basis,basis,4h
2026-04-26 19:00:00+00:00,214,-0.022235419825876478,0.00517772948092115,binance_internal_basis,basis,4h
2026-04-26 20:00:00+00:00,214,0.09778689340639488,0.0014853986496619455,binance_internal_basis,basis,4h
2026-04-26 21:00:00+00:00,214,0.13133029867971138,-0.0008968295200936826,binance_internal_basis,basis,4h
2026-04-26 22:00:00+00:00,214,0.08217675996345879,0.013124273296686997,binance_internal_basis,basis,4h
2026-04-26 23:00:00+00:00,214,0.05277948355062839,0.003421717279206063,binance_internal_basis,basis,4h
2026-04-27 00:00:00+00:00,214,0.11833877918621688,0.008561884561230314,binance_internal_basis,basis,4h
2026-04-27 01:00:00+00:00,214,0.009772529408811561,-0.01419464420223123,binance_internal_basis,basis,4h
2026-04-27 02:00:00+00:00,214,0.01965953512861564,0.0031020919311811057,binance_internal_basis,basis,4h
2026-04-27 03:00:00+00:00,214,0.13617270080979127,0.0001392356838729944,binance_internal_basis,basis,4h
2026-04-27 04:00:00+00:00,214,-0.052683586850378515,-0.00560277164067538,binance_internal_basis,basis,4h
2026-04-27 05:00:00+00:00,214,0.031850403571302144,0.01210609621930733,binance_internal_basis,basis,4h
2026-04-27 06:00:00+00:00,214,0.057567575841332576,0.004890137896562287,binance_internal_basis,basis,4h
2026-04-27 07:00:00+00:00,214,-0.09625106300506735,-0.008152288794515973,binance_internal_basis,basis,4h
2026-04-27 08:00:00+00:00,214,-0.04322825500675784,0.0002966960895051207,binance_internal_basis,basis,4h
2026-04-27 09:00:00+00:00,214,0.17562433036479877,0.009237418731219227,binance_internal_basis,basis,4h
2026-04-27 10:00:00+00:00,214,-0.006634881033847578,-2.73792785018621e-05,binance_internal_basis,basis,4h
2026-04-27 11:00:00+00:00,214,-0.07622907110351756,-0.00055694805658053,binance_internal_basis,basis,4h
2026-04-27 12:00:00+00:00,214,-0.10556002828533906,-0.000666303801949519,binance_internal_basis,basis,4h
2026-04-27 13:00:00+00:00,214,-0.03869840432160926,-0.008694941216201795,binance_internal_basis,basis,4h
2026-04-27 14:00:00+00:00,214,-0.060108868076939645,-0.007618160647146123,binance_internal_basis,basis,4h
2026-04-27 15:00:00+00:00,214,-0.07507179141501887,-0.007519579722822596,binance_internal_basis,basis,4h
2026-04-27 16:00:00+00:00,214,-0.013444760767810263,0.0011179406543771154,binance_internal_basis,basis,4h
2026-04-27 17:00:00+00:00,214,0.023128475784039388,0.0012768958110964312,binance_internal_basis,basis,4h
2026-04-27 18:00:00+00:00,214,-0.021732595464683147,0.013147653862010899,binance_internal_basis,basis,4h
2026-04-27 19:00:00+00:00,214,0.03280140839908924,0.006857496782733549,binance_internal_basis,basis,4h
2026-04-27 20:00:00+00:00,214,0.044106163114010694,0.0029853941475707435,binance_internal_basis,basis,4h
2026-04-27 21:00:00+00:00,214,-0.0739747556332723,0.00019578528609932953,binance_internal_basis,basis,4h
2026-04-27 22:00:00+00:00,214,-0.06382147643533159,0.0049572418128032165,binance_internal_basis,basis,4h
2026-04-27 23:00:00+00:00,214,-0.01334110619407651,-0.004106995625521666,binance_internal_basis,basis,4h
2026-04-28 00:00:00+00:00,214,-0.16077754308704834,-0.0075620184541725765,binance_internal_basis,basis,4h
2026-04-28 01:00:00+00:00,214,-0.21845905182719355,-0.012632948919944063,binance_internal_basis,basis,4h
2026-04-28 02:00:00+00:00,214,-0.10857899246510898,-0.0038645244349340374,binance_internal_basis,basis,4h
2026-04-28 03:00:00+00:00,214,-0.054446604326308094,-0.005222550110180643,binance_internal_basis,basis,4h
2026-04-28 04:00:00+00:00,214,-0.03429699696957938,-0.01068854246616575,binance_internal_basis,basis,4h
2026-04-28 05:00:00+00:00,214,0.005054031608083145,0.0036486804163057824,binance_internal_basis,basis,4h
2026-04-28 06:00:00+00:00,214,-0.056411229716763364,0.001938383641751763,binance_internal_basis,basis,4h
2026-04-28 07:00:00+00:00,214,0.028186027664248905,0.0031742583924075727,binance_internal_basis,basis,4h
2026-04-28 08:00:00+00:00,214,-0.07955637051721183,0.0067906379555295986,binance_internal_basis,basis,4h
2026-04-28 09:00:00+00:00,214,-0.06680584934722612,0.007174418445967812,binance_internal_basis,basis,4h
2026-04-28 10:00:00+00:00,214,0.042113589632451286,0.0017260257282510065,binance_internal_basis,basis,4h
2026-04-28 11:00:00+00:00,214,0.04639944358909024,0.0020056407242460984,binance_internal_basis,basis,4h
2026-04-28 12:00:00+00:00,214,0.17976055273411484,0.004605315391156936,binance_internal_basis,basis,4h
2026-04-28 13:00:00+00:00,214,0.10939663881032062,0.00829908401405058,binance_internal_basis,basis,4h
2026-04-28 14:00:00+00:00,214,0.17281918897582443,0.005307867332942329,binance_internal_basis,basis,4h
2026-04-28 15:00:00+00:00,214,0.059528482934667636,-0.0012829229039966594,binance_internal_basis,basis,4h
2026-04-28 16:00:00+00:00,214,-0.1173888620818597,-0.001727396914382476,binance_internal_basis,basis,4h
2026-04-28 17:00:00+00:00,214,-0.12101862302452074,-0.0032848492274415416,binance_internal_basis,basis,4h
2026-04-28 18:00:00+00:00,214,-0.027973804749234037,0.0006541902342275608,binance_internal_basis,basis,4h
2026-04-28 19:00:00+00:00,214,-0.06298211806700842,0.004303398930196004,binance_internal_basis,basis,4h
2026-04-28 20:00:00+00:00,214,0.004984960018497318,0.0040775029880203775,binance_internal_basis,basis,4h
2026-04-28 21:00:00+00:00,214,-0.00595403910391391,0.0077888107987070234,binance_internal_basis,basis,4h
2026-04-28 22:00:00+00:00,214,0.07689041610029064,0.007469617354361913,binance_internal_basis,basis,4h
2026-04-28 23:00:00+00:00,214,-0.0032377925456245345,-0.003884914595661053,binance_internal_basis,basis,4h
2026-04-29 00:00:00+00:00,214,-0.06648952615934686,-0.002440045281046638,binance_internal_basis,basis,4h
2026-04-29 01:00:00+00:00,214,0.07254150890085742,-0.0048269062474277395,binance_internal_basis,basis,4h
2026-04-29 02:00:00+00:00,214,0.08711091193002293,-0.00818312616470347,binance_internal_basis,basis,4h
2026-04-29 03:00:00+00:00,214,0.13935749651033427,0.006181006994059303,binance_internal_basis,basis,4h
2026-04-29 04:00:00+00:00,214,0.18141761150236485,0.005137134904143939,binance_internal_basis,basis,4h
2026-04-29 05:00:00+00:00,214,0.09333955781260797,0.008037154758598224,binance_internal_basis,basis,4h
2026-04-29 06:00:00+00:00,214,0.17468752774542273,0.013764571211254026,binance_internal_basis,basis,4h
2026-04-29 07:00:00+00:00,214,-0.0657026723727271,-0.0008309321567374324,binance_internal_basis,basis,4h
2026-04-29 08:00:00+00:00,214,-0.07405133005124444,-0.003409798024104828,binance_internal_basis,basis,4h
2026-04-29 09:00:00+00:00,214,-0.16684615408162953,-0.00997215487133726,binance_internal_basis,basis,4h
2026-04-29 10:00:00+00:00,214,-0.10660450422596436,0.0001681913095486088,binance_internal_basis,basis,4h
2026-04-29 11:00:00+00:00,214,-0.050160712646024355,0.0001561995076870583,binance_internal_basis,basis,4h
2026-04-29 12:00:00+00:00,214,-0.13691267360739093,-0.01246707752852224,binance_internal_basis,basis,4h
2026-04-29 13:00:00+00:00,214,-0.14878394470277434,-0.0038339960300326856,binance_internal_basis,basis,4h
2026-04-29 14:00:00+00:00,214,0.002313642778208044,-0.0016795160383088377,binance_internal_basis,basis,4h
2026-04-29 15:00:00+00:00,214,0.011771602624138356,-0.0016120448780584367,binance_internal_basis,basis,4h
2026-04-29 16:00:00+00:00,214,0.05072261903446696,0.008501335805929948,binance_internal_basis,basis,4h
2026-04-29 17:00:00+00:00,214,0.04994078137967221,0.007995528059789059,binance_internal_basis,basis,4h
2026-04-29 18:00:00+00:00,214,0.038401327329331346,0.007238746754718731,binance_internal_basis,basis,4h
2026-04-29 19:00:00+00:00,214,0.01492633717910052,0.0017377650793569538,binance_internal_basis,basis,4h
2026-04-29 20:00:00+00:00,214,0.01817058085063676,-0.008726829100647478,binance_internal_basis,basis,4h
2026-04-29 21:00:00+00:00,214,0.013938186719417656,0.005307689618289039,binance_internal_basis,basis,4h
2026-04-29 22:00:00+00:00,214,-0.09413057659745372,-0.0015559097801250445,binance_internal_basis,basis,4h
2026-04-29 23:00:00+00:00,214,0.018422105547431004,-0.00012172862508323754,binance_internal_basis,basis,4h
2026-04-30 00:00:00+00:00,214,-0.014397972271796395,-0.0015144946692723336,binance_internal_basis,basis,4h
2026-04-30 01:00:00+00:00,214,0.029470017234465257,-0.002159978657939054,binance_internal_basis,basis,4h
2026-04-30 02:00:00+00:00,214,-0.14195470032622962,-0.01097292960212997,binance_internal_basis,basis,4h
2026-04-30 03:00:00+00:00,214,-0.1480753371443125,-0.01620080487688615,binance_internal_basis,basis,4h
2026-04-30 04:00:00+00:00,214,-0.13356618738731016,-0.013657760266522049,binance_internal_basis,basis,4h
2026-04-30 05:00:00+00:00,214,-0.06910867508900392,-0.007474663857650905,binance_internal_basis,basis,4h
2026-04-30 06:00:00+00:00,214,0.07299157010155757,0.008007457295172691,binance_internal_basis,basis,4h
2026-04-30 07:00:00+00:00,214,0.03238224122868086,0.0017236532688787668,binance_internal_basis,basis,4h
2026-04-30 08:00:00+00:00,214,-0.04802353452667384,-0.0014628979153735473,binance_internal_basis,basis,4h
2026-04-30 09:00:00+00:00,214,0.045627001634096165,-0.0020868000255049616,binance_internal_basis,basis,4h
2026-04-30 10:00:00+00:00,214,-0.10631556101263268,-0.00046526985452146783,binance_internal_basis,basis,4h
2026-04-30 11:00:00+00:00,214,0.02911282743589037,0.004612345689547888,binance_internal_basis,basis,4h
2026-04-30 12:00:00+00:00,214,0.05502557716802039,0.013675299685948175,binance_internal_basis,basis,4h
2026-04-30 13:00:00+00:00,214,0.0162017210084189,0.0034771065715171346,binance_internal_basis,basis,4h
2026-04-30 14:00:00+00:00,214,0.0009716447493681215,-0.0002607413648669062,binance_internal_basis,basis,4h
2026-04-30 15:00:00+00:00,214,-0.003421870953611208,-0.00455941682726897,binance_internal_basis,basis,4h
2026-04-30 16:00:00+00:00,214,-0.030361471157819023,-0.001673844496479037,binance_internal_basis,basis,4h
2026-04-30 17:00:00+00:00,214,0.0623989420495426,0.0012777900825314118,binance_internal_basis,basis,4h
2026-04-30 18:00:00+00:00,214,0.028851054685313078,0.002941578265515284,binance_internal_basis,basis,4h
2026-04-30 19:00:00+00:00,214,-0.06048587556813823,2.2391976885951115e-06,binance_internal_basis,basis,4h
2026-04-26 17:00:00+00:00,109,0.12111018441293671,0.002994361311003056,binance_internal_basis,basis,12h
2026-04-26 18:00:00+00:00,210,-0.005908135267077646,-0.0006359243807220298,binance_internal_basis,basis,12h
2026-04-26 19:00:00+00:00,214,0.09256836388905045,0.0019238062161446544,binance_internal_basis,basis,12h
2026-04-26 20:00:00+00:00,214,0.09138307348984147,-0.01018987306914625,binance_internal_basis,basis,12h
2026-04-26 21:00:00+00:00,214,0.0438661527959323,-0.01609233018867199,binance_internal_basis,basis,12h
2026-04-26 22:00:00+00:00,214,0.13700450912385856,0.018922348427876663,binance_internal_basis,basis,12h
2026-04-26 23:00:00+00:00,214,0.18745151820695458,-0.0026833299757881394,binance_internal_basis,basis,12h
2026-04-27 00:00:00+00:00,214,0.09486180285363562,0.017539243076649783,binance_internal_basis,basis,12h
2026-04-27 01:00:00+00:00,214,0.04370943356142426,0.0015327569165495547,binance_internal_basis,basis,12h
2026-04-27 02:00:00+00:00,214,-0.04238762693207533,-0.009877270237776261,binance_internal_basis,basis,12h
2026-04-27 03:00:00+00:00,214,0.12174586508283729,-0.004866581384473392,binance_internal_basis,basis,12h
2026-04-27 04:00:00+00:00,214,-0.14554525670943516,-0.016886132299982197,binance_internal_basis,basis,12h
2026-04-27 05:00:00+00:00,214,0.029793278252431346,0.0029667068719433157,binance_internal_basis,basis,12h
2026-04-27 06:00:00+00:00,214,0.00422627176158043,-0.009926240645317459,binance_internal_basis,basis,12h
2026-04-27 07:00:00+00:00,214,-0.05992092949932196,-0.004231086552338548,binance_internal_basis,basis,12h
2026-04-27 08:00:00+00:00,214,-0.06416057746172754,-0.00829880883231945,binance_internal_basis,basis,12h
2026-04-27 09:00:00+00:00,214,0.1231312237694806,0.01235347004265654,binance_internal_basis,basis,12h
2026-04-27 10:00:00+00:00,214,0.11470504412851512,0.014587189759078285,binance_internal_basis,basis,12h
2026-04-27 11:00:00+00:00,214,-0.004663567417845722,0.0039809586300688345,binance_internal_basis,basis,12h
2026-04-27 12:00:00+00:00,214,-0.0016310037652753435,0.013509263564544013,binance_internal_basis,basis,12h
2026-04-27 13:00:00+00:00,214,0.028971665367195067,0.0022917780567754953,binance_internal_basis,basis,12h
2026-04-27 14:00:00+00:00,214,0.03433975906638922,0.011600330260096655,binance_internal_basis,basis,12h
2026-04-27 15:00:00+00:00,214,-0.03489630862681204,-0.006382180044035866,binance_internal_basis,basis,12h
2026-04-27 16:00:00+00:00,214,-0.031231432000831654,-0.0019706473013339325,binance_internal_basis,basis,12h
2026-04-27 17:00:00+00:00,214,-0.11547948853739694,-0.016305062300509675,binance_internal_basis,basis,12h
2026-04-27 18:00:00+00:00,214,-0.03789808030038972,0.01576324958008028,binance_internal_basis,basis,12h
2026-04-27 19:00:00+00:00,214,0.012320191510008661,0.01006792564334813,binance_internal_basis,basis,12h
2026-04-27 20:00:00+00:00,214,-0.046691013282476865,-0.0037184852009790976,binance_internal_basis,basis,12h
2026-04-27 21:00:00+00:00,214,-0.07260317710222819,0.0041509266445947865,binance_internal_basis,basis,12h
2026-04-27 22:00:00+00:00,214,-0.021432599076884325,0.005257959113214701,binance_internal_basis,basis,12h
2026-04-27 23:00:00+00:00,214,0.014198368317936865,-0.00029415179428111065,binance_internal_basis,basis,12h
2026-04-28 00:00:00+00:00,214,-0.08647785890938348,-0.0021645662728483456,binance_internal_basis,basis,12h
2026-04-28 01:00:00+00:00,214,-0.11962800493462841,-0.008753429973971385,binance_internal_basis,basis,12h
2026-04-28 02:00:00+00:00,214,-0.02067340555892893,0.0007405225982859732,binance_internal_basis,basis,12h
2026-04-28 03:00:00+00:00,214,-0.002016748687843911,0.009483818392461102,binance_internal_basis,basis,12h
2026-04-28 04:00:00+00:00,214,0.04041583376521017,0.005151519575229895,binance_internal_basis,basis,12h
2026-04-28 05:00:00+00:00,214,0.09958092392651935,0.024625829996768822,binance_internal_basis,basis,12h
2026-04-28 06:00:00+00:00,214,0.07818456879810777,0.013774128775367933,binance_internal_basis,basis,12h
2026-04-28 07:00:00+00:00,214,0.06957151556416076,0.012900095809855728,binance_internal_basis,basis,12h
2026-04-28 08:00:00+00:00,214,0.04192966070746013,0.027228146469428005,binance_internal_basis,basis,12h
2026-04-28 09:00:00+00:00,214,0.024706845366574314,0.011704131604190947,binance_internal_basis,basis,12h
2026-04-28 10:00:00+00:00,214,0.07365394346420549,0.00750241238017312,binance_internal_basis,basis,12h
2026-04-28 11:00:00+00:00,214,0.1310570388118569,0.008630082178189565,binance_internal_basis,basis,12h
2026-04-28 12:00:00+00:00,214,0.2034026254686397,0.014758564202193129,binance_internal_basis,basis,12h
2026-04-28 13:00:00+00:00,214,0.16380353787589125,0.011082299882061776,binance_internal_basis,basis,12h
2026-04-28 14:00:00+00:00,214,0.15571494168499814,0.0031991691864130672,binance_internal_basis,basis,12h
2026-04-28 15:00:00+00:00,214,0.12170397432458366,-0.0008085543599162404,binance_internal_basis,basis,12h
2026-04-28 16:00:00+00:00,214,-0.0803566891459603,0.0012851641538778776,binance_internal_basis,basis,12h
2026-04-28 17:00:00+00:00,214,0.013412891510354831,-0.004393449782779446,binance_internal_basis,basis,12h
2026-04-28 18:00:00+00:00,214,0.09090371992118487,0.009673015633665584,binance_internal_basis,basis,12h
2026-04-28 19:00:00+00:00,214,0.1487731521518487,0.001936651260981003,binance_internal_basis,basis,12h
2026-04-28 20:00:00+00:00,214,0.17423116742076777,0.013276004784770734,binance_internal_basis,basis,12h
2026-04-28 21:00:00+00:00,214,0.1279017727315862,0.009636472155221643,binance_internal_basis,basis,12h
2026-04-28 22:00:00+00:00,214,0.1045118789240551,0.012690761870176552,binance_internal_basis,basis,12h
2026-04-28 23:00:00+00:00,214,0.008692697236061454,0.0018571330430047694,binance_internal_basis,basis,12h
2026-04-29 00:00:00+00:00,214,0.07968455073710189,0.0019302222566265053,binance_internal_basis,basis,12h
2026-04-29 01:00:00+00:00,214,0.0480654995593447,-0.0018000682765777608,binance_internal_basis,basis,12h
2026-04-29 02:00:00+00:00,214,0.06169938562039483,-0.009662464643238902,binance_internal_basis,basis,12h
2026-04-29 03:00:00+00:00,214,0.022210010911392495,0.0004962221541628502,binance_internal_basis,basis,12h
2026-04-29 04:00:00+00:00,214,-0.017764050068723575,-0.002959765213325978,binance_internal_basis,basis,12h
2026-04-29 05:00:00+00:00,214,-0.008678456306191858,-0.002489516633493713,binance_internal_basis,basis,12h
2026-04-29 06:00:00+00:00,214,-0.06662054482950737,-0.006153905884744609,binance_internal_basis,basis,12h
2026-04-29 07:00:00+00:00,214,0.008242553814154131,-0.0044263013171897715,binance_internal_basis,basis,12h
2026-04-29 08:00:00+00:00,214,-0.022044809609668443,-0.00014371133413513398,binance_internal_basis,basis,12h
2026-04-29 09:00:00+00:00,214,-0.16343354628969206,-0.006775463115135549,binance_internal_basis,basis,12h
2026-04-29 10:00:00+00:00,214,-0.05881819935041678,-0.0004528093853776276,binance_internal_basis,basis,12h
2026-04-29 11:00:00+00:00,214,0.05674289037893547,0.007318335431592219,binance_internal_basis,basis,12h
2026-04-29 12:00:00+00:00,214,0.06667197271872924,0.0016553919320649799,binance_internal_basis,basis,12h
2026-04-29 13:00:00+00:00,214,0.10860651848495886,0.012718753543851404,binance_internal_basis,basis,12h
2026-04-29 14:00:00+00:00,214,0.03428587171802823,0.003004344006001341,binance_internal_basis,basis,12h
2026-04-29 15:00:00+00:00,214,-0.002528565752336291,-0.005647893296626548,binance_internal_basis,basis,12h
2026-04-29 16:00:00+00:00,214,0.11422317867211966,0.010857275510046015,binance_internal_basis,basis,12h
2026-04-29 17:00:00+00:00,214,-0.04901752803815935,0.0009942722998334567,binance_internal_basis,basis,12h
2026-04-29 18:00:00+00:00,214,-0.12503053534670894,-0.0086802659905638,binance_internal_basis,basis,12h
2026-04-29 19:00:00+00:00,214,0.0413192604544838,0.001945137729033715,binance_internal_basis,basis,12h
2026-04-29 20:00:00+00:00,214,0.06053865882027591,-0.007137803016886614,binance_internal_basis,basis,12h
2026-04-29 21:00:00+00:00,214,-0.009396000684481366,0.007430406120143471,binance_internal_basis,basis,12h
2026-04-29 22:00:00+00:00,214,-0.03626590096140875,-0.006988929568310282,binance_internal_basis,basis,12h
2026-04-29 23:00:00+00:00,214,0.03657760074616235,-0.006544321612377162,binance_internal_basis,basis,12h
2026-04-30 00:00:00+00:00,214,-0.08390154008161116,-0.007737585447717814,binance_internal_basis,basis,12h
2026-04-30 01:00:00+00:00,214,-0.005273195355571815,-0.001481008227334872,binance_internal_basis,basis,12h
2026-04-30 02:00:00+00:00,214,-0.04549029211921278,-0.006217099936024666,binance_internal_basis,basis,12h
2026-04-30 03:00:00+00:00,214,-0.03777823219552972,-0.010899789992088882,binance_internal_basis,basis,12h
2026-04-30 04:00:00+00:00,214,-0.06647852624767317,-0.01089393884697248,binance_internal_basis,basis,12h
2026-04-30 05:00:00+00:00,214,-0.07426985384985664,-0.0008044690501728385,binance_internal_basis,basis,12h
2026-04-30 06:00:00+00:00,214,0.04803799301195689,-0.002225429231191866,binance_internal_basis,basis,12h
2026-04-30 07:00:00+00:00,214,0.023917287008502815,0.000426845938188352,binance_internal_basis,basis,12h
2026-04-30 08:00:00+00:00,214,0.03854593320494383,0.0034686781276317786,binance_internal_basis,basis,12h
2026-04-30 09:00:00+00:00,214,0.025027091560407465,0.003991079612376393,binance_internal_basis,basis,12h
2026-04-30 10:00:00+00:00,214,-0.0054072917623542915,0.005055214340574334,binance_internal_basis,basis,12h
2026-04-30 11:00:00+00:00,214,-0.061095668997555655,0.0021689626969362175,binance_internal_basis,basis,12h
