symbol,timestamp_min,timestamp_max,listed_split_bucket,search_eligibility,history_tier,current_universe_bias_flag,delisted_or_missing_symbol_flag,survivorship_safe_primary_proof,notes
BTCUSDT,2024-01-01 00:00:00+00:00,2026-04-30 23:00:00+00:00,before_or_at_train_start,strict_full_history,full_2024_2026apr,True,False,False,Universe498 is current/listing-aware; strict symbols are proof-style subset but not delisting-complete universe.
ETHUSDT,2024-01-01 00:00:00+00:00,2026-04-30 23:00:00+00:00,before_or_at_train_start,strict_full_history,full_2024_2026apr,True,False,False,Universe498 is current/listing-aware; strict symbols are proof-style subset but not delisting-complete universe.
SOLUSDT,2024-01-01 00:00:00+00:00,2026-04-30 23:00:00+00:00,before_or_at_train_start,strict_full_history,full_2024_2026apr,True,False,False,Universe498 is current/listing-aware; strict symbols are proof-style subset but not delisting-complete universe.
XRPUSDT,2024-01-01 00:00:00+00:00,2026-04-30 23:00:00+00:00,before_or_at_train_start,strict_full_history,full_2024_2026apr,True,False,False,Universe498 is current/listing-aware; strict symbols are proof-style subset but not delisting-complete universe.
DOGEUSDT,2024-01-01 00:00:00+00:00,2026-04-30 23:00:00+00:00,before_or_at_train_start,strict_full_history,full_2024_2026apr,True,False,False,Universe498 is current/listing-aware; strict symbols are proof-style subset but not delisting-complete universe.
1000PEPEUSDT,2024-01-01 00:00:00+00:00,2026-04-30 23:00:00+00:00,before_or_at_train_start,strict_full_history,full_2024_2026apr,True,False,False,Universe498 is current/listing-aware; strict symbols are proof-style subset but not delisting-complete universe.
SUIUSDT,2024-01-01 00:00:00+00:00,2026-04-30 23:00:00+00:00,before_or_at_train_start,strict_full_history,full_2024_2026apr,True,False,False,Universe498 is current/listing-aware; strict symbols are proof-style subset but not delisting-complete universe.
BNBUSDT,2024-01-01 00:00:00+00:00,2026-04-30 23:00:00+00:00,before_or_at_train_start,strict_full_history,full_2024_2026apr,True,False,False,Universe498 is current/listing-aware; strict symbols are proof-style subset but not delisting-complete universe.
HYPEUSDT,2025-05-30 10:00:00+00:00,2026-04-30 23:00:00+00:00,listed_during_validation,listing_aware,recent_only,True,False,False,Universe498 is current/listing-aware; strict symbols are proof-style subset but not delisting-complete universe.
WIFUSDT,2024-01-18 14:00:00+00:00,2026-04-30 23:00:00+00:00,listed_during_train,strict_full_history,full_2024_2026apr,True,False,False,Universe498 is current/listing-aware; strict symbols are proof-style subset but not delisting-complete universe.
ADAUSDT,2024-01-01 00:00:00+00:00,2026-04-30 23:00:00+00:00,before_or_at_train_start,strict_full_history,full_2024_2026apr,True,False,False,Universe498 is current/listing-aware; strict symbols are proof-style subset but not delisting-complete universe.
FARTCOINUSDT,2024-12-20 18:00:00+00:00,2026-04-30 23:00:00+00:00,listed_during_train,listing_aware,listed_by_2025H1,True,False,False,Universe498 is current/listing-aware; strict symbols are proof-style subset but not delisting-complete universe.
AVAXUSDT,2024-01-01 00:00:00+00:00,2026-04-30 23:00:00+00:00,before_or_at_train_start,strict_full_history,full_2024_2026apr,True,False,False,Universe498 is current/listing-aware; strict symbols are proof-style subset but not delisting-complete universe.
ENAUSDT,2024-04-02 12:00:00+00:00,2026-04-30 23:00:00+00:00,listed_during_train,listing_aware,listed_by_2025H1,True,False,False,Universe498 is current/listing-aware; strict symbols are proof-style subset but not delisting-complete universe.
LINKUSDT,2024-01-01 00:00:00+00:00,2026-04-30 23:00:00+00:00,before_or_at_train_start,strict_full_history,full_2024_2026apr,True,False,False,Universe498 is current/listing-aware; strict symbols are proof-style subset but not delisting-complete universe.
WLDUSDT,2024-01-01 00:00:00+00:00,2026-04-30 23:00:00+00:00,before_or_at_train_start,strict_full_history,full_2024_2026apr,True,False,False,Universe498 is current/listing-aware; strict symbols are proof-style subset but not delisting-complete universe.
TRUMPUSDT,2025-01-18 13:00:00+00:00,2026-04-30 23:00:00+00:00,listed_during_validation,listing_aware,recent_only,True,False,False,Universe498 is current/listing-aware; strict symbols are proof-style subset but not delisting-complete universe.
PUMPUSDT,2025-07-01 00:00:00+00:00,2026-04-30 23:00:00+00:00,listed_after_train,hold_quality_or_short_history,recent_only,True,False,False,Universe498 is current/listing-aware; strict symbols are proof-style subset but not delisting-complete universe.
ASTERUSDT,2025-09-19 12:00:00+00:00,2026-04-30 23:00:00+00:00,listed_during_test,listing_aware,short_history,True,False,False,Universe498 is current/listing-aware; strict symbols are proof-style subset but not delisting-complete universe.
LTCUSDT,2024-01-01 00:00:00+00:00,2026-04-30 23:00:00+00:00,before_or_at_train_start,strict_full_history,full_2024_2026apr,True,False,False,Universe498 is current/listing-aware; strict symbols are proof-style subset but not delisting-complete universe.
RIVERUSDT,2025-10-17 14:00:00+00:00,2026-04-30 23:00:00+00:00,listed_during_test,listing_aware,short_history,True,False,False,Universe498 is current/listing-aware; strict symbols are proof-style subset but not delisting-complete universe.
BCHUSDT,2024-01-01 00:00:00+00:00,2026-04-30 23:00:00+00:00,before_or_at_train_start,strict_full_history,full_2024_2026apr,True,False,False,Universe498 is current/listing-aware; strict symbols are proof-style subset but not delisting-complete universe.
NEARUSDT,2024-01-01 00:00:00+00:00,2026-04-30 23:00:00+00:00,before_or_at_train_start,strict_full_history,full_2024_2026apr,True,False,False,Universe498 is current/listing-aware; strict symbols are proof-style subset but not delisting-complete universe.
FILUSDT,2024-01-01 00:00:00+00:00,2026-04-30 23:00:00+00:00,before_or_at_train_start,strict_full_history,full_2024_2026apr,True,False,False,Universe498 is current/listing-aware; strict symbols are proof-style subset but not delisting-complete universe.
DOTUSDT,2024-01-01 00:00:00+00:00,2026-04-30 23:00:00+00:00,before_or_at_train_start,strict_full_history,full_2024_2026apr,True,False,False,Universe498 is current/listing-aware; strict symbols are proof-style subset but not delisting-complete universe.
AAVEUSDT,2024-01-01 00:00:00+00:00,2026-04-30 23:00:00+00:00,before_or_at_train_start,strict_full_history,full_2024_2026apr,True,False,False,Universe498 is current/listing-aware; strict symbols are proof-style subset but not delisting-complete universe.
1000SHIBUSDT,2024-01-01 00:00:00+00:00,2026-04-30 23:00:00+00:00,before_or_at_train_start,strict_full_history,full_2024_2026apr,True,False,False,Universe498 is current/listing-aware; strict symbols are proof-style subset but not delisting-complete universe.
TIAUSDT,2024-01-01 00:00:00+00:00,2026-04-30 23:00:00+00:00,before_or_at_train_start,strict_full_history,full_2024_2026apr,True,False,False,Universe498 is current/listing-aware; strict symbols are proof-style subset but not delisting-complete universe.
1000BONKUSDT,2024-01-01 00:00:00+00:00,2026-04-30 23:00:00+00:00,before_or_at_train_start,strict_full_history,full_2024_2026apr,True,False,False,Universe498 is current/listing-aware; strict symbols are proof-style subset but not delisting-complete universe.
ORDIUSDT,2024-01-01 00:00:00+00:00,2026-04-30 23:00:00+00:00,before_or_at_train_start,strict_full_history,full_2024_2026apr,True,False,False,Universe498 is current/listing-aware; strict symbols are proof-style subset but not delisting-complete universe.
TAOUSDT,2024-04-11 14:00:00+00:00,2026-04-30 23:00:00+00:00,listed_during_train,listing_aware,listed_by_2025H1,True,False,False,Universe498 is current/listing-aware; strict symbols are proof-style subset but not delisting-complete universe.
ARBUSDT,2024-01-01 00:00:00+00:00,2026-04-30 23:00:00+00:00,before_or_at_train_start,strict_full_history,full_2024_2026apr,True,False,False,Universe498 is current/listing-aware; strict symbols are proof-style subset but not delisting-complete universe.
PENGUUSDT,2024-12-17 16:00:00+00:00,2026-04-30 23:00:00+00:00,listed_during_train,listing_aware,listed_by_2025H1,True,False,False,Universe498 is current/listing-aware; strict symbols are proof-style subset but not delisting-complete universe.
OPUSDT,2024-01-01 00:00:00+00:00,2026-04-30 23:00:00+00:00,before_or_at_train_start,strict_full_history,full_2024_2026apr,True,False,False,Universe498 is current/listing-aware; strict symbols are proof-style subset but not delisting-complete universe.
UNIUSDT,2024-01-01 00:00:00+00:00,2026-04-30 23:00:00+00:00,before_or_at_train_start,strict_full_history,full_2024_2026apr,True,False,False,Universe498 is current/listing-aware; strict symbols are proof-style subset but not delisting-complete universe.
ONDOUSDT,2024-01-20 13:00:00+00:00,2026-04-30 23:00:00+00:00,listed_during_train,strict_full_history,full_2024_2026apr,True,False,False,Universe498 is current/listing-aware; strict symbols are proof-style subset but not delisting-complete universe.
APTUSDT,2024-01-01 00:00:00+00:00,2026-04-30 23:00:00+00:00,before_or_at_train_start,strict_full_history,full_2024_2026apr,True,False,False,Universe498 is current/listing-aware; strict symbols are proof-style subset but not delisting-complete universe.
CRVUSDT,2024-01-01 00:00:00+00:00,2026-04-30 23:00:00+00:00,before_or_at_train_start,strict_full_history,full_2024_2026apr,True,False,False,Universe498 is current/listing-aware; strict symbols are proof-style subset but not delisting-complete universe.
FETUSDT,2024-01-01 00:00:00+00:00,2026-04-30 23:00:00+00:00,before_or_at_train_start,strict_full_history,full_2024_2026apr,True,False,False,Universe498 is current/listing-aware; strict symbols are proof-style subset but not delisting-complete universe.
XPLUSDT,2025-08-22 09:00:00+00:00,2026-04-30 23:00:00+00:00,listed_during_test,listing_aware,short_history,True,False,False,Universe498 is current/listing-aware; strict symbols are proof-style subset but not delisting-complete universe.
VIRTUALUSDT,2024-12-10 12:00:00+00:00,2026-04-30 23:00:00+00:00,listed_during_train,listing_aware,listed_by_2025H1,True,False,False,Universe498 is current/listing-aware; strict symbols are proof-style subset but not delisting-complete universe.
WLFIUSDT,2025-08-23 08:00:00+00:00,2026-04-30 23:00:00+00:00,listed_during_test,listing_aware,short_history,True,False,False,Universe498 is current/listing-aware; strict symbols are proof-style subset but not delisting-complete universe.
INJUSDT,2024-01-01 00:00:00+00:00,2026-04-30 23:00:00+00:00,before_or_at_train_start,strict_full_history,full_2024_2026apr,True,False,False,Universe498 is current/listing-aware; strict symbols are proof-style subset but not delisting-complete universe.
ETCUSDT,2024-01-01 00:00:00+00:00,2026-04-30 23:00:00+00:00,before_or_at_train_start,strict_full_history,full_2024_2026apr,True,False,False,Universe498 is current/listing-aware; strict symbols are proof-style subset but not delisting-complete universe.
TRXUSDT,2024-01-01 00:00:00+00:00,2026-04-30 23:00:00+00:00,before_or_at_train_start,strict_full_history,full_2024_2026apr,True,False,False,Universe498 is current/listing-aware; strict symbols are proof-style subset but not delisting-complete universe.
NEIROUSDT,2024-09-16 11:00:00+00:00,2026-04-30 23:00:00+00:00,listed_during_train,listing_aware,listed_by_2025H1,True,False,False,Universe498 is current/listing-aware; strict symbols are proof-style subset but not delisting-complete universe.
PNUTUSDT,2024-11-11 12:00:00+00:00,2026-04-30 23:00:00+00:00,listed_during_train,listing_aware,listed_by_2025H1,True,False,False,Universe498 is current/listing-aware; strict symbols are proof-style subset but not delisting-complete universe.
SEIUSDT,2024-01-01 00:00:00+00:00,2026-04-30 23:00:00+00:00,before_or_at_train_start,strict_full_history,full_2024_2026apr,True,False,False,Universe498 is current/listing-aware; strict symbols are proof-style subset but not delisting-complete universe.
ETHFIUSDT,2024-03-18 15:00:00+00:00,2026-04-30 23:00:00+00:00,listed_during_train,listing_aware,listed_by_2025H1,True,False,False,Universe498 is current/listing-aware; strict symbols are proof-style subset but not delisting-complete universe.
PAXGUSDT,2025-03-27 10:00:00+00:00,2026-04-30 23:00:00+00:00,listed_during_validation,listing_aware,recent_only,True,False,False,Universe498 is current/listing-aware; strict symbols are proof-style subset but not delisting-complete universe.
GALAUSDT,2024-01-01 00:00:00+00:00,2026-04-30 23:00:00+00:00,before_or_at_train_start,strict_full_history,full_2024_2026apr,True,False,False,Universe498 is current/listing-aware; strict symbols are proof-style subset but not delisting-complete universe.
TONUSDT,2024-03-01 12:00:00+00:00,2026-04-30 23:00:00+00:00,listed_during_train,listing_aware,listed_by_2025H1,True,False,False,Universe498 is current/listing-aware; strict symbols are proof-style subset but not delisting-complete universe.
LDOUSDT,2024-01-01 00:00:00+00:00,2026-04-30 23:00:00+00:00,before_or_at_train_start,strict_full_history,full_2024_2026apr,True,False,False,Universe498 is current/listing-aware; strict symbols are proof-style subset but not delisting-complete universe.
POPCATUSDT,2024-08-22 13:00:00+00:00,2026-04-30 23:00:00+00:00,listed_during_train,listing_aware,listed_by_2025H1,True,False,False,Universe498 is current/listing-aware; strict symbols are proof-style subset but not delisting-complete universe.
1000FLOKIUSDT,2024-01-01 00:00:00+00:00,2026-04-30 23:00:00+00:00,before_or_at_train_start,strict_full_history,full_2024_2026apr,True,False,False,Universe498 is current/listing-aware; strict symbols are proof-style subset but not delisting-complete universe.
HBARUSDT,2024-01-01 00:00:00+00:00,2026-04-30 23:00:00+00:00,before_or_at_train_start,strict_full_history,full_2024_2026apr,True,False,False,Universe498 is current/listing-aware; strict symbols are proof-style subset but not delisting-complete universe.
1000SATSUSDT,2024-01-01 00:00:00+00:00,2026-04-30 23:00:00+00:00,before_or_at_train_start,strict_full_history,full_2024_2026apr,True,False,False,Universe498 is current/listing-aware; strict symbols are proof-style subset but not delisting-complete universe.
EIGENUSDT,2024-10-01 06:00:00+00:00,2026-04-30 23:00:00+00:00,listed_during_train,listing_aware,listed_by_2025H1,True,False,False,Universe498 is current/listing-aware; strict symbols are proof-style subset but not delisting-complete universe.
XLMUSDT,2024-01-01 00:00:00+00:00,2026-04-30 23:00:00+00:00,before_or_at_train_start,strict_full_history,full_2024_2026apr,True,False,False,Universe498 is current/listing-aware; strict symbols are proof-style subset but not delisting-complete universe.
ATOMUSDT,2024-01-01 00:00:00+00:00,2026-04-30 23:00:00+00:00,before_or_at_train_start,strict_full_history,full_2024_2026apr,True,False,False,Universe498 is current/listing-aware; strict symbols are proof-style subset but not delisting-complete universe.
BOMEUSDT,2024-03-16 12:00:00+00:00,2026-04-30 23:00:00+00:00,listed_during_train,listing_aware,listed_by_2025H1,True,False,False,Universe498 is current/listing-aware; strict symbols are proof-style subset but not delisting-complete universe.
JUPUSDT,2024-01-31 18:00:00+00:00,2026-04-30 23:00:00+00:00,listed_during_train,strict_full_history,full_2024_2026apr,True,False,False,Universe498 is current/listing-aware; strict symbols are proof-style subset but not delisting-complete universe.
PENDLEUSDT,2024-01-01 00:00:00+00:00,2026-04-30 23:00:00+00:00,before_or_at_train_start,strict_full_history,full_2024_2026apr,True,False,False,Universe498 is current/listing-aware; strict symbols are proof-style subset but not delisting-complete universe.
BEATUSDT,2025-11-12 12:00:00+00:00,2026-04-30 23:00:00+00:00,listed_during_test,listing_aware,short_history,True,False,False,Universe498 is current/listing-aware; strict symbols are proof-style subset but not delisting-complete universe.
PEOPLEUSDT,2024-01-01 00:00:00+00:00,2026-04-30 23:00:00+00:00,before_or_at_train_start,strict_full_history,full_2024_2026apr,True,False,False,Universe498 is current/listing-aware; strict symbols are proof-style subset but not delisting-complete universe.
ICPUSDT,2024-01-01 00:00:00+00:00,2026-04-30 23:00:00+00:00,before_or_at_train_start,strict_full_history,full_2024_2026apr,True,False,False,Universe498 is current/listing-aware; strict symbols are proof-style subset but not delisting-complete universe.
DYDXUSDT,2024-01-01 00:00:00+00:00,2026-04-30 23:00:00+00:00,before_or_at_train_start,strict_full_history,full_2024_2026apr,True,False,False,Universe498 is current/listing-aware; strict symbols are proof-style subset but not delisting-complete universe.
TRBUSDT,2024-01-01 00:00:00+00:00,2026-04-30 23:00:00+00:00,before_or_at_train_start,strict_full_history,full_2024_2026apr,True,False,False,Universe498 is current/listing-aware; strict symbols are proof-style subset but not delisting-complete universe.
GIGGLEUSDT,2025-10-09 09:00:00+00:00,2026-04-30 23:00:00+00:00,listed_during_test,listing_aware,short_history,True,False,False,Universe498 is current/listing-aware; strict symbols are proof-style subset but not delisting-complete universe.
RENDERUSDT,2024-07-26 10:00:00+00:00,2026-04-30 23:00:00+00:00,listed_during_train,listing_aware,listed_by_2025H1,True,False,False,Universe498 is current/listing-aware; strict symbols are proof-style subset but not delisting-complete universe.
ENSUSDT,2024-01-01 00:00:00+00:00,2026-04-30 23:00:00+00:00,before_or_at_train_start,strict_full_history,full_2024_2026apr,True,False,False,Universe498 is current/listing-aware; strict symbols are proof-style subset but not delisting-complete universe.
MOODENGUSDT,2024-10-25 10:00:00+00:00,2026-04-30 23:00:00+00:00,listed_during_train,listing_aware,listed_by_2025H1,True,False,False,Universe498 is current/listing-aware; strict symbols are proof-style subset but not delisting-complete universe.
JTOUSDT,2024-01-01 00:00:00+00:00,2026-04-30 23:00:00+00:00,before_or_at_train_start,strict_full_history,full_2024_2026apr,True,False,False,Universe498 is current/listing-aware; strict symbols are proof-style subset but not delisting-complete universe.
TURBOUSDT,2024-05-30 15:00:00+00:00,2026-04-30 23:00:00+00:00,listed_during_train,listing_aware,listed_by_2025H1,True,False,False,Universe498 is current/listing-aware; strict symbols are proof-style subset but not delisting-complete universe.
ZROUSDT,2024-06-20 14:00:00+00:00,2026-04-30 23:00:00+00:00,listed_during_train,listing_aware,listed_by_2025H1,True,False,False,Universe498 is current/listing-aware; strict symbols are proof-style subset but not delisting-complete universe.
STXUSDT,2024-01-01 00:00:00+00:00,2026-04-30 23:00:00+00:00,before_or_at_train_start,strict_full_history,full_2024_2026apr,True,False,False,Universe498 is current/listing-aware; strict symbols are proof-style subset but not delisting-complete universe.
APEUSDT,2024-01-01 00:00:00+00:00,2026-04-30 23:00:00+00:00,before_or_at_train_start,strict_full_history,full_2024_2026apr,True,False,False,Universe498 is current/listing-aware; strict symbols are proof-style subset but not delisting-complete universe.
SPXUSDT,2024-12-10 12:00:00+00:00,2026-04-30 23:00:00+00:00,listed_during_train,listing_aware,listed_by_2025H1,True,False,False,Universe498 is current/listing-aware; strict symbols are proof-style subset but not delisting-complete universe.
SANDUSDT,2024-01-01 00:00:00+00:00,2026-04-30 23:00:00+00:00,before_or_at_train_start,strict_full_history,full_2024_2026apr,True,False,False,Universe498 is current/listing-aware; strict symbols are proof-style subset but not delisting-complete universe.
RUNEUSDT,2024-01-01 00:00:00+00:00,2026-04-30 23:00:00+00:00,before_or_at_train_start,strict_full_history,full_2024_2026apr,True,False,False,Universe498 is current/listing-aware; strict symbols are proof-style subset but not delisting-complete universe.
KITEUSDT,2025-10-29 10:00:00+00:00,2026-04-30 23:00:00+00:00,listed_during_test,listing_aware,short_history,True,False,False,Universe498 is current/listing-aware; strict symbols are proof-style subset but not delisting-complete universe.
BERAUSDT,2025-02-06 15:00:00+00:00,2026-04-30 23:00:00+00:00,listed_during_validation,listing_aware,recent_only,True,False,False,Universe498 is current/listing-aware; strict symbols are proof-style subset but not delisting-complete universe.
IPUSDT,2025-02-13 17:00:00+00:00,2026-04-30 23:00:00+00:00,listed_during_validation,listing_aware,recent_only,True,False,False,Universe498 is current/listing-aware; strict symbols are proof-style subset but not delisting-complete universe.
MYXUSDT,2025-06-18 12:00:00+00:00,2026-04-30 23:00:00+00:00,listed_during_validation,listing_aware,recent_only,True,False,False,Universe498 is current/listing-aware; strict symbols are proof-style subset but not delisting-complete universe.
ALGOUSDT,2024-01-01 00:00:00+00:00,2026-04-30 23:00:00+00:00,before_or_at_train_start,strict_full_history,full_2024_2026apr,True,False,False,Universe498 is current/listing-aware; strict symbols are proof-style subset but not delisting-complete universe.
STRKUSDT,2024-02-20 17:00:00+00:00,2026-04-30 23:00:00+00:00,listed_during_train,listing_aware,listed_by_2025H1,True,False,False,Universe498 is current/listing-aware; strict symbols are proof-style subset but not delisting-complete universe.
ARKMUSDT,2024-01-01 00:00:00+00:00,2026-04-30 23:00:00+00:00,before_or_at_train_start,strict_full_history,full_2024_2026apr,True,False,False,Universe498 is current/listing-aware; strict symbols are proof-style subset but not delisting-complete universe.
AIXBTUSDT,2024-12-20 18:00:00+00:00,2026-04-30 23:00:00+00:00,listed_during_train,listing_aware,listed_by_2025H1,True,False,False,Universe498 is current/listing-aware; strict symbols are proof-style subset but not delisting-complete universe.
SUSDT,2025-01-16 10:00:00+00:00,2026-04-30 23:00:00+00:00,listed_during_validation,listing_aware,recent_only,True,False,False,Universe498 is current/listing-aware; strict symbols are proof-style subset but not delisting-complete universe.
KAITOUSDT,2025-02-20 13:00:00+00:00,2026-04-30 23:00:00+00:00,listed_during_validation,listing_aware,recent_only,True,False,False,Universe498 is current/listing-aware; strict symbols are proof-style subset but not delisting-complete universe.
POLUSDT,2024-09-13 12:00:00+00:00,2026-04-30 23:00:00+00:00,listed_during_train,listing_aware,listed_by_2025H1,True,False,False,Universe498 is current/listing-aware; strict symbols are proof-style subset but not delisting-complete universe.
NOTUSDT,2024-05-16 14:00:00+00:00,2026-04-30 23:00:00+00:00,listed_during_train,listing_aware,listed_by_2025H1,True,False,False,Universe498 is current/listing-aware; strict symbols are proof-style subset but not delisting-complete universe.
HUSDT,2025-06-25 09:00:00+00:00,2026-04-30 23:00:00+00:00,listed_during_validation,listing_aware,recent_only,True,False,False,Universe498 is current/listing-aware; strict symbols are proof-style subset but not delisting-complete universe.
PYTHUSDT,2024-01-01 00:00:00+00:00,2026-04-30 23:00:00+00:00,before_or_at_train_start,strict_full_history,full_2024_2026apr,True,False,False,Universe498 is current/listing-aware; strict symbols are proof-style subset but not delisting-complete universe.
MEMEUSDT,2024-01-01 00:00:00+00:00,2026-04-30 23:00:00+00:00,before_or_at_train_start,strict_full_history,full_2024_2026apr,True,False,False,Universe498 is current/listing-aware; strict symbols are proof-style subset but not delisting-complete universe.
ARUSDT,2024-01-01 00:00:00+00:00,2026-04-30 23:00:00+00:00,before_or_at_train_start,strict_full_history,full_2024_2026apr,True,False,False,Universe498 is current/listing-aware; strict symbols are proof-style subset but not delisting-complete universe.
CFXUSDT,2024-01-01 00:00:00+00:00,2026-04-30 23:00:00+00:00,before_or_at_train_start,strict_full_history,full_2024_2026apr,True,False,False,Universe498 is current/listing-aware; strict symbols are proof-style subset but not delisting-complete universe.
PIPPINUSDT,2025-01-24 10:00:00+00:00,2026-04-30 23:00:00+00:00,listed_during_validation,listing_aware,recent_only,True,False,False,Universe498 is current/listing-aware; strict symbols are proof-style subset but not delisting-complete universe.
WUSDT,2024-04-03 15:00:00+00:00,2026-04-30 23:00:00+00:00,listed_during_train,listing_aware,listed_by_2025H1,True,False,False,Universe498 is current/listing-aware; strict symbols are proof-style subset but not delisting-complete universe.
0GUSDT,2025-09-17 15:00:00+00:00,2026-04-30 23:00:00+00:00,listed_during_test,listing_aware,short_history,True,False,False,Universe498 is current/listing-aware; strict symbols are proof-style subset but not delisting-complete universe.
LITUSDT,2025-12-01 00:00:00+00:00,2026-04-30 23:00:00+00:00,listed_during_test,hold_quality_or_short_history,short_history,True,False,False,Universe498 is current/listing-aware; strict symbols are proof-style subset but not delisting-complete universe.
XMRUSDT,2024-01-01 00:00:00+00:00,2026-04-30 23:00:00+00:00,before_or_at_train_start,strict_full_history,full_2024_2026apr,True,False,False,Universe498 is current/listing-aware; strict symbols are proof-style subset but not delisting-complete universe.
MONUSDT,2025-10-10 07:00:00+00:00,2026-04-30 23:00:00+00:00,listed_during_test,listing_aware,short_history,True,False,False,Universe498 is current/listing-aware; strict symbols are proof-style subset but not delisting-complete universe.
ZECUSDT,2024-01-01 00:00:00+00:00,2026-04-30 23:00:00+00:00,before_or_at_train_start,strict_full_history,full_2024_2026apr,True,False,False,Universe498 is current/listing-aware; strict symbols are proof-style subset but not delisting-complete universe.
GMTUSDT,2024-01-01 00:00:00+00:00,2026-04-30 23:00:00+00:00,before_or_at_train_start,strict_full_history,full_2024_2026apr,True,False,False,Universe498 is current/listing-aware; strict symbols are proof-style subset but not delisting-complete universe.
AXSUSDT,2024-01-01 00:00:00+00:00,2026-04-30 23:00:00+00:00,before_or_at_train_start,strict_full_history,full_2024_2026apr,True,False,False,Universe498 is current/listing-aware; strict symbols are proof-style subset but not delisting-complete universe.
POWERUSDT,2025-12-06 09:00:00+00:00,2026-04-30 23:00:00+00:00,listed_during_test,listing_aware,short_history,True,False,False,Universe498 is current/listing-aware; strict symbols are proof-style subset but not delisting-complete universe.
JASMYUSDT,2024-01-01 00:00:00+00:00,2026-04-30 23:00:00+00:00,before_or_at_train_start,strict_full_history,full_2024_2026apr,True,False,False,Universe498 is current/listing-aware; strict symbols are proof-style subset but not delisting-complete universe.
AVNTUSDT,2025-09-09 15:00:00+00:00,2026-04-30 23:00:00+00:00,listed_during_test,listing_aware,short_history,True,False,False,Universe498 is current/listing-aware; strict symbols are proof-style subset but not delisting-complete universe.
1000RATSUSDT,2024-01-01 00:00:00+00:00,2026-04-30 23:00:00+00:00,before_or_at_train_start,strict_full_history,full_2024_2026apr,True,False,False,Universe498 is current/listing-aware; strict symbols are proof-style subset but not delisting-complete universe.
BIOUSDT,2025-01-03 12:00:00+00:00,2026-04-30 23:00:00+00:00,listed_during_validation,listing_aware,listed_by_2025H1,True,False,False,Universe498 is current/listing-aware; strict symbols are proof-style subset but not delisting-complete universe.
IOUSDT,2024-06-11 14:00:00+00:00,2026-04-30 23:00:00+00:00,listed_during_train,listing_aware,listed_by_2025H1,True,False,False,Universe498 is current/listing-aware; strict symbols are proof-style subset but not delisting-complete universe.
CHZUSDT,2024-01-01 00:00:00+00:00,2026-04-30 23:00:00+00:00,before_or_at_train_start,strict_full_history,full_2024_2026apr,True,False,False,Universe498 is current/listing-aware; strict symbols are proof-style subset but not delisting-complete universe.
GOATUSDT,2024-10-24 13:00:00+00:00,2026-04-30 23:00:00+00:00,listed_during_train,listing_aware,listed_by_2025H1,True,False,False,Universe498 is current/listing-aware; strict symbols are proof-style subset but not delisting-complete universe.
ARCUSDT,2025-01-17 13:00:00+00:00,2026-04-30 23:00:00+00:00,listed_during_validation,listing_aware,recent_only,True,False,False,Universe498 is current/listing-aware; strict symbols are proof-style subset but not delisting-complete universe.
SAGAUSDT,2024-04-09 10:00:00+00:00,2026-04-30 23:00:00+00:00,listed_during_train,listing_aware,listed_by_2025H1,True,False,False,Universe498 is current/listing-aware; strict symbols are proof-style subset but not delisting-complete universe.
MOVEUSDT,2024-12-09 14:00:00+00:00,2026-04-30 23:00:00+00:00,listed_during_train,listing_aware,listed_by_2025H1,True,False,False,Universe498 is current/listing-aware; strict symbols are proof-style subset but not delisting-complete universe.
GRTUSDT,2024-01-01 00:00:00+00:00,2026-04-30 23:00:00+00:00,before_or_at_train_start,strict_full_history,full_2024_2026apr,True,False,False,Universe498 is current/listing-aware; strict symbols are proof-style subset but not delisting-complete universe.
CAKEUSDT,2024-01-01 00:00:00+00:00,2026-04-30 23:00:00+00:00,before_or_at_train_start,strict_full_history,full_2024_2026apr,True,False,False,Universe498 is current/listing-aware; strict symbols are proof-style subset but not delisting-complete universe.
THETAUSDT,2024-01-01 00:00:00+00:00,2026-04-30 23:00:00+00:00,before_or_at_train_start,strict_full_history,full_2024_2026apr,True,False,False,Universe498 is current/listing-aware; strict symbols are proof-style subset but not delisting-complete universe.
ZKUSDT,2024-06-17 11:00:00+00:00,2026-04-30 23:00:00+00:00,listed_during_train,listing_aware,listed_by_2025H1,True,False,False,Universe498 is current/listing-aware; strict symbols are proof-style subset but not delisting-complete universe.
VETUSDT,2024-01-01 00:00:00+00:00,2026-04-30 23:00:00+00:00,before_or_at_train_start,strict_full_history,full_2024_2026apr,True,False,False,Universe498 is current/listing-aware; strict symbols are proof-style subset but not delisting-complete universe.
IMXUSDT,2024-01-01 00:00:00+00:00,2026-04-30 23:00:00+00:00,before_or_at_train_start,strict_full_history,full_2024_2026apr,True,False,False,Universe498 is current/listing-aware; strict symbols are proof-style subset but not delisting-complete universe.
USELESSUSDT,2025-08-15 12:00:00+00:00,2026-04-30 23:00:00+00:00,listed_during_test,listing_aware,short_history,True,False,False,Universe498 is current/listing-aware; strict symbols are proof-style subset but not delisting-complete universe.
MANAUSDT,2024-01-01 00:00:00+00:00,2026-04-30 23:00:00+00:00,before_or_at_train_start,strict_full_history,full_2024_2026apr,True,False,False,Universe498 is current/listing-aware; strict symbols are proof-style subset but not delisting-complete universe.
MASKUSDT,2024-01-01 00:00:00+00:00,2026-04-30 23:00:00+00:00,before_or_at_train_start,strict_full_history,full_2024_2026apr,True,False,False,Universe498 is current/listing-aware; strict symbols are proof-style subset but not delisting-complete universe.
SYRUPUSDT,2025-05-07 08:00:00+00:00,2026-04-30 23:00:00+00:00,listed_during_validation,listing_aware,recent_only,True,False,False,Universe498 is current/listing-aware; strict symbols are proof-style subset but not delisting-complete universe.
BIGTIMEUSDT,2024-01-01 00:00:00+00:00,2026-04-30 23:00:00+00:00,before_or_at_train_start,strict_full_history,full_2024_2026apr,True,False,False,Universe498 is current/listing-aware; strict symbols are proof-style subset but not delisting-complete universe.
ZENUSDT,2024-01-01 00:00:00+00:00,2026-04-30 23:00:00+00:00,before_or_at_train_start,strict_full_history,full_2024_2026apr,True,False,False,Universe498 is current/listing-aware; strict symbols are proof-style subset but not delisting-complete universe.
ALTUSDT,2024-01-25 14:00:00+00:00,2026-04-30 23:00:00+00:00,listed_during_train,strict_full_history,full_2024_2026apr,True,False,False,Universe498 is current/listing-aware; strict symbols are proof-style subset but not delisting-complete universe.
SUSHIUSDT,2024-01-01 00:00:00+00:00,2026-04-30 23:00:00+00:00,before_or_at_train_start,strict_full_history,full_2024_2026apr,True,False,False,Universe498 is current/listing-aware; strict symbols are proof-style subset but not delisting-complete universe.
1000LUNCUSDT,2024-01-01 00:00:00+00:00,2026-04-30 23:00:00+00:00,before_or_at_train_start,strict_full_history,full_2024_2026apr,True,False,False,Universe498 is current/listing-aware; strict symbols are proof-style subset but not delisting-complete universe.
NEOUSDT,2024-01-01 00:00:00+00:00,2026-04-30 23:00:00+00:00,before_or_at_train_start,strict_full_history,full_2024_2026apr,True,False,False,Universe498 is current/listing-aware; strict symbols are proof-style subset but not delisting-complete universe.
RESOLVUSDT,2025-06-10 13:00:00+00:00,2026-04-30 23:00:00+00:00,listed_during_validation,listing_aware,recent_only,True,False,False,Universe498 is current/listing-aware; strict symbols are proof-style subset but not delisting-complete universe.
LPTUSDT,2024-01-01 00:00:00+00:00,2026-04-30 23:00:00+00:00,before_or_at_train_start,strict_full_history,full_2024_2026apr,True,False,False,Universe498 is current/listing-aware; strict symbols are proof-style subset but not delisting-complete universe.
DOGSUSDT,2024-08-26 12:00:00+00:00,2026-04-30 23:00:00+00:00,listed_during_train,listing_aware,listed_by_2025H1,True,False,False,Universe498 is current/listing-aware; strict symbols are proof-style subset but not delisting-complete universe.
ENSOUSDT,2025-10-14 09:00:00+00:00,2026-04-30 23:00:00+00:00,listed_during_test,listing_aware,short_history,True,False,False,Universe498 is current/listing-aware; strict symbols are proof-style subset but not delisting-complete universe.
XAIUSDT,2024-01-09 14:00:00+00:00,2026-04-30 23:00:00+00:00,listed_during_train,strict_full_history,full_2024_2026apr,True,False,False,Universe498 is current/listing-aware; strict symbols are proof-style subset but not delisting-complete universe.
KASUSDT,2024-01-01 00:00:00+00:00,2026-04-30 23:00:00+00:00,before_or_at_train_start,strict_full_history,full_2024_2026apr,True,False,False,Universe498 is current/listing-aware; strict symbols are proof-style subset but not delisting-complete universe.
USUALUSDT,2024-12-18 13:00:00+00:00,2026-04-30 23:00:00+00:00,listed_during_train,listing_aware,listed_by_2025H1,True,False,False,Universe498 is current/listing-aware; strict symbols are proof-style subset but not delisting-complete universe.
FLOWUSDT,2024-01-01 00:00:00+00:00,2026-04-30 23:00:00+00:00,before_or_at_train_start,strict_full_history,full_2024_2026apr,True,False,False,Universe498 is current/listing-aware; strict symbols are proof-style subset but not delisting-complete universe.
RAYSOLUSDT,2024-12-10 12:00:00+00:00,2026-04-30 23:00:00+00:00,listed_during_train,listing_aware,listed_by_2025H1,True,False,False,Universe498 is current/listing-aware; strict symbols are proof-style subset but not delisting-complete universe.
LINEAUSDT,2025-09-01 08:00:00+00:00,2026-04-30 23:00:00+00:00,listed_during_test,listing_aware,short_history,True,False,False,Universe498 is current/listing-aware; strict symbols are proof-style subset but not delisting-complete universe.
STABLEUSDT,2025-11-06 12:00:00+00:00,2026-04-30 23:00:00+00:00,listed_during_test,listing_aware,short_history,True,False,False,Universe498 is current/listing-aware; strict symbols are proof-style subset but not delisting-complete universe.
CELOUSDT,2024-01-01 00:00:00+00:00,2026-04-30 23:00:00+00:00,before_or_at_train_start,strict_full_history,full_2024_2026apr,True,False,False,Universe498 is current/listing-aware; strict symbols are proof-style subset but not delisting-complete universe.
MUSDT,2025-07-07 09:00:00+00:00,2026-04-30 23:00:00+00:00,listed_during_test,listing_aware,recent_only,True,False,False,Universe498 is current/listing-aware; strict symbols are proof-style subset but not delisting-complete universe.
BLURUSDT,2024-01-01 00:00:00+00:00,2026-04-30 23:00:00+00:00,before_or_at_train_start,strict_full_history,full_2024_2026apr,True,False,False,Universe498 is current/listing-aware; strict symbols are proof-style subset but not delisting-complete universe.
NIGHTUSDT,2025-12-10 11:00:00+00:00,2026-04-30 23:00:00+00:00,listed_during_test,listing_aware,short_history,True,False,False,Universe498 is current/listing-aware; strict symbols are proof-style subset but not delisting-complete universe.
COMPUSDT,2024-01-01 00:00:00+00:00,2026-04-30 23:00:00+00:00,before_or_at_train_start,strict_full_history,full_2024_2026apr,True,False,False,Universe498 is current/listing-aware; strict symbols are proof-style subset but not delisting-complete universe.
PIEVERSEUSDT,2025-11-14 11:00:00+00:00,2026-04-30 23:00:00+00:00,listed_during_test,listing_aware,short_history,True,False,False,Universe498 is current/listing-aware; strict symbols are proof-style subset but not delisting-complete universe.
BBUSDT,2024-05-13 12:00:00+00:00,2026-04-30 23:00:00+00:00,listed_during_train,listing_aware,listed_by_2025H1,True,False,False,Universe498 is current/listing-aware; strict symbols are proof-style subset but not delisting-complete universe.
SNXUSDT,2024-01-01 00:00:00+00:00,2026-04-30 23:00:00+00:00,before_or_at_train_start,strict_full_history,full_2024_2026apr,True,False,False,Universe498 is current/listing-aware; strict symbols are proof-style subset but not delisting-complete universe.
GRASSUSDT,2024-11-08 15:00:00+00:00,2026-04-30 23:00:00+00:00,listed_during_train,listing_aware,listed_by_2025H1,True,False,False,Universe498 is current/listing-aware; strict symbols are proof-style subset but not delisting-complete universe.
MANTAUSDT,2024-01-18 14:00:00+00:00,2026-04-30 23:00:00+00:00,listed_during_train,strict_full_history,full_2024_2026apr,True,False,False,Universe498 is current/listing-aware; strict symbols are proof-style subset but not delisting-complete universe.
LIGHTUSDT,2025-09-27 11:00:00+00:00,2026-04-30 23:00:00+00:00,listed_during_test,listing_aware,short_history,True,False,False,Universe498 is current/listing-aware; strict symbols are proof-style subset but not delisting-complete universe.
ACTUSDT,2024-11-11 12:00:00+00:00,2026-04-30 23:00:00+00:00,listed_during_train,listing_aware,listed_by_2025H1,True,False,False,Universe498 is current/listing-aware; strict symbols are proof-style subset but not delisting-complete universe.
ZAMAUSDT,2026-01-09 09:00:00+00:00,2026-04-30 23:00:00+00:00,listed_during_recent_oos,listing_aware,short_history,True,False,False,Universe498 is current/listing-aware; strict symbols are proof-style subset but not delisting-complete universe.
BARDUSDT,2025-09-18 11:00:00+00:00,2026-04-30 23:00:00+00:00,listed_during_test,listing_aware,short_history,True,False,False,Universe498 is current/listing-aware; strict symbols are proof-style subset but not delisting-complete universe.
REZUSDT,2024-04-30 14:00:00+00:00,2026-04-30 23:00:00+00:00,listed_during_train,listing_aware,listed_by_2025H1,True,False,False,Universe498 is current/listing-aware; strict symbols are proof-style subset but not delisting-complete universe.
AUCTIONUSDT,2024-01-01 00:00:00+00:00,2026-04-30 23:00:00+00:00,before_or_at_train_start,strict_full_history,full_2024_2026apr,True,False,False,Universe498 is current/listing-aware; strict symbols are proof-style subset but not delisting-complete universe.
PIXELUSDT,2024-02-19 15:00:00+00:00,2026-04-30 23:00:00+00:00,listed_during_train,listing_aware,listed_by_2025H1,True,False,False,Universe498 is current/listing-aware; strict symbols are proof-style subset but not delisting-complete universe.
RAVEUSDT,2025-12-14 15:00:00+00:00,2026-04-30 23:00:00+00:00,listed_during_test,listing_aware,short_history,True,False,False,Universe498 is current/listing-aware; strict symbols are proof-style subset but not delisting-complete universe.
XTZUSDT,2024-01-01 00:00:00+00:00,2026-04-30 23:00:00+00:00,before_or_at_train_start,strict_full_history,full_2024_2026apr,True,False,False,Universe498 is current/listing-aware; strict symbols are proof-style subset but not delisting-complete universe.
ROSEUSDT,2024-01-01 00:00:00+00:00,2026-04-30 23:00:00+00:00,before_or_at_train_start,strict_full_history,full_2024_2026apr,True,False,False,Universe498 is current/listing-aware; strict symbols are proof-style subset but not delisting-complete universe.
SSVUSDT,2024-01-01 00:00:00+00:00,2026-04-30 23:00:00+00:00,before_or_at_train_start,strict_full_history,full_2024_2026apr,True,False,False,Universe498 is current/listing-aware; strict symbols are proof-style subset but not delisting-complete universe.
HUMAUSDT,2025-05-26 13:00:00+00:00,2026-04-30 23:00:00+00:00,listed_during_validation,listing_aware,recent_only,True,False,False,Universe498 is current/listing-aware; strict symbols are proof-style subset but not delisting-complete universe.
SAHARAUSDT,2025-06-26 12:00:00+00:00,2026-04-30 23:00:00+00:00,listed_during_validation,listing_aware,recent_only,True,False,False,Universe498 is current/listing-aware; strict symbols are proof-style subset but not delisting-complete universe.
GRIFFAINUSDT,2025-01-02 13:00:00+00:00,2026-04-30 23:00:00+00:00,listed_during_validation,listing_aware,listed_by_2025H1,True,False,False,Universe498 is current/listing-aware; strict symbols are proof-style subset but not delisting-complete universe.
CYSUSDT,2025-12-12 11:00:00+00:00,2026-04-30 23:00:00+00:00,listed_during_test,listing_aware,short_history,True,False,False,Universe498 is current/listing-aware; strict symbols are proof-style subset but not delisting-complete universe.
ZORAUSDT,2025-07-25 11:00:00+00:00,2026-04-30 23:00:00+00:00,listed_during_test,listing_aware,short_history,True,False,False,Universe498 is current/listing-aware; strict symbols are proof-style subset but not delisting-complete universe.
MEWUSDT,2024-06-17 14:00:00+00:00,2026-04-30 23:00:00+00:00,listed_during_train,listing_aware,listed_by_2025H1,True,False,False,Universe498 is current/listing-aware; strict symbols are proof-style subset but not delisting-complete universe.
4USDT,2025-10-08 11:00:00+00:00,2026-04-30 23:00:00+00:00,listed_during_test,listing_aware,short_history,True,False,False,Universe498 is current/listing-aware; strict symbols are proof-style subset but not delisting-complete universe.
SOONUSDT,2025-05-23 08:00:00+00:00,2026-04-30 23:00:00+00:00,listed_during_validation,listing_aware,recent_only,True,False,False,Universe498 is current/listing-aware; strict symbols are proof-style subset but not delisting-complete universe.
MINAUSDT,2024-01-01 00:00:00+00:00,2026-04-30 23:00:00+00:00,before_or_at_train_start,strict_full_history,full_2024_2026apr,True,False,False,Universe498 is current/listing-aware; strict symbols are proof-style subset but not delisting-complete universe.
BRETTUSDT,2024-08-20 10:00:00+00:00,2026-04-30 23:00:00+00:00,listed_during_train,listing_aware,listed_by_2025H1,True,False,False,Universe498 is current/listing-aware; strict symbols are proof-style subset but not delisting-complete universe.
AEVOUSDT,2024-03-13 13:00:00+00:00,2026-04-30 23:00:00+00:00,listed_during_train,listing_aware,listed_by_2025H1,True,False,False,Universe498 is current/listing-aware; strict symbols are proof-style subset but not delisting-complete universe.
RSRUSDT,2024-01-01 00:00:00+00:00,2026-04-30 23:00:00+00:00,before_or_at_train_start,strict_full_history,full_2024_2026apr,True,False,False,Universe498 is current/listing-aware; strict symbols are proof-style subset but not delisting-complete universe.
YGGUSDT,2024-01-01 00:00:00+00:00,2026-04-30 23:00:00+00:00,before_or_at_train_start,strict_full_history,full_2024_2026apr,True,False,False,Universe498 is current/listing-aware; strict symbols are proof-style subset but not delisting-complete universe.
MUBARAKUSDT,2025-03-17 13:00:00+00:00,2026-04-30 23:00:00+00:00,listed_during_validation,listing_aware,recent_only,True,False,False,Universe498 is current/listing-aware; strict symbols are proof-style subset but not delisting-complete universe.
API3USDT,2024-01-01 00:00:00+00:00,2026-04-30 23:00:00+00:00,before_or_at_train_start,strict_full_history,full_2024_2026apr,True,False,False,Universe498 is current/listing-aware; strict symbols are proof-style subset but not delisting-complete universe.
LYNUSDT,2025-10-06 07:00:00+00:00,2026-04-30 23:00:00+00:00,listed_during_test,listing_aware,short_history,True,False,False,Universe498 is current/listing-aware; strict symbols are proof-style subset but not delisting-complete universe.
AEROUSDT,2024-12-04 14:00:00+00:00,2026-04-30 23:00:00+00:00,listed_during_train,listing_aware,listed_by_2025H1,True,False,False,Universe498 is current/listing-aware; strict symbols are proof-style subset but not delisting-complete universe.
BEAMXUSDT,2024-01-01 00:00:00+00:00,2026-04-30 23:00:00+00:00,before_or_at_train_start,strict_full_history,full_2024_2026apr,True,False,False,Universe498 is current/listing-aware; strict symbols are proof-style subset but not delisting-complete universe.
LAUSDT,2025-06-05 09:00:00+00:00,2026-04-30 23:00:00+00:00,listed_during_validation,listing_aware,recent_only,True,False,False,Universe498 is current/listing-aware; strict symbols are proof-style subset but not delisting-complete universe.
MERLUSDT,2025-05-29 08:00:00+00:00,2026-04-30 23:00:00+00:00,listed_during_validation,listing_aware,recent_only,True,False,False,Universe498 is current/listing-aware; strict symbols are proof-style subset but not delisting-complete universe.
CHILLGUYUSDT,2024-11-27 14:00:00+00:00,2026-04-30 23:00:00+00:00,listed_during_train,listing_aware,listed_by_2025H1,True,False,False,Universe498 is current/listing-aware; strict symbols are proof-style subset but not delisting-complete universe.
LAYERUSDT,2025-02-11 15:00:00+00:00,2026-04-30 23:00:00+00:00,listed_during_validation,listing_aware,recent_only,True,False,False,Universe498 is current/listing-aware; strict symbols are proof-style subset but not delisting-complete universe.
CLOUSDT,2025-10-14 11:00:00+00:00,2026-04-30 23:00:00+00:00,listed_during_test,listing_aware,short_history,True,False,False,Universe498 is current/listing-aware; strict symbols are proof-style subset but not delisting-complete universe.
1INCHUSDT,2024-01-01 00:00:00+00:00,2026-04-30 23:00:00+00:00,before_or_at_train_start,strict_full_history,full_2024_2026apr,True,False,False,Universe498 is current/listing-aware; strict symbols are proof-style subset but not delisting-complete universe.
JELLYJELLYUSDT,2025-03-26 16:00:00+00:00,2026-04-30 23:00:00+00:00,listed_during_validation,listing_aware,recent_only,True,False,False,Universe498 is current/listing-aware; strict symbols are proof-style subset but not delisting-complete universe.
MAGICUSDT,2024-01-01 00:00:00+00:00,2026-04-30 23:00:00+00:00,before_or_at_train_start,strict_full_history,full_2024_2026apr,True,False,False,Universe498 is current/listing-aware; strict symbols are proof-style subset but not delisting-complete universe.
ZEREBROUSDT,2025-01-02 14:00:00+00:00,2026-04-30 23:00:00+00:00,listed_during_validation,listing_aware,listed_by_2025H1,True,False,False,Universe498 is current/listing-aware; strict symbols are proof-style subset but not delisting-complete universe.
SOMIUSDT,2025-08-25 09:00:00+00:00,2026-04-30 23:00:00+00:00,listed_during_test,listing_aware,short_history,True,False,False,Universe498 is current/listing-aware; strict symbols are proof-style subset but not delisting-complete universe.
IOTAUSDT,2024-01-01 00:00:00+00:00,2026-04-30 23:00:00+00:00,before_or_at_train_start,strict_full_history,full_2024_2026apr,True,False,False,Universe498 is current/listing-aware; strict symbols are proof-style subset but not delisting-complete universe.
1MBABYDOGEUSDT,2024-09-16 11:00:00+00:00,2026-04-30 23:00:00+00:00,listed_during_train,listing_aware,listed_by_2025H1,True,False,False,Universe498 is current/listing-aware; strict symbols are proof-style subset but not delisting-complete universe.
SPACEUSDT,2026-01-23 11:00:00+00:00,2026-04-30 23:00:00+00:00,listed_during_recent_oos,listing_aware,short_history,True,False,False,Universe498 is current/listing-aware; strict symbols are proof-style subset but not delisting-complete universe.
TRADOORUSDT,2025-09-19 12:00:00+00:00,2026-04-30 23:00:00+00:00,listed_during_test,listing_aware,short_history,True,False,False,Universe498 is current/listing-aware; strict symbols are proof-style subset but not delisting-complete universe.
COLLECTUSDT,2025-12-31 13:00:00+00:00,2026-04-30 23:00:00+00:00,listed_during_test,listing_aware,short_history,True,False,False,Universe498 is current/listing-aware; strict symbols are proof-style subset but not delisting-complete universe.
SUPERUSDT,2024-01-01 00:00:00+00:00,2026-04-30 23:00:00+00:00,before_or_at_train_start,strict_full_history,full_2024_2026apr,True,False,False,Universe498 is current/listing-aware; strict symbols are proof-style subset but not delisting-complete universe.
EGLDUSDT,2024-01-01 00:00:00+00:00,2026-04-30 23:00:00+00:00,before_or_at_train_start,strict_full_history,full_2024_2026apr,True,False,False,Universe498 is current/listing-aware; strict symbols are proof-style subset but not delisting-complete universe.
ACHUSDT,2024-01-01 00:00:00+00:00,2026-04-30 23:00:00+00:00,before_or_at_train_start,strict_full_history,full_2024_2026apr,True,False,False,Universe498 is current/listing-aware; strict symbols are proof-style subset but not delisting-complete universe.
CCUSDT,2025-10-31 12:00:00+00:00,2026-04-30 23:00:00+00:00,listed_during_test,listing_aware,short_history,True,False,False,Universe498 is current/listing-aware; strict symbols are proof-style subset but not delisting-complete universe.
KAVAUSDT,2024-01-01 00:00:00+00:00,2026-04-30 23:00:00+00:00,before_or_at_train_start,strict_full_history,full_2024_2026apr,True,False,False,Universe498 is current/listing-aware; strict symbols are proof-style subset but not delisting-complete universe.
DYMUSDT,2024-02-07 07:00:00+00:00,2026-04-30 23:00:00+00:00,listed_during_train,listing_aware,listed_by_2025H1,True,False,False,Universe498 is current/listing-aware; strict symbols are proof-style subset but not delisting-complete universe.
SWARMSUSDT,2025-01-07 12:00:00+00:00,2026-04-30 23:00:00+00:00,listed_during_validation,listing_aware,listed_by_2025H1,True,False,False,Universe498 is current/listing-aware; strict symbols are proof-style subset but not delisting-complete universe.
ALCHUSDT,2025-01-07 11:00:00+00:00,2026-04-30 23:00:00+00:00,listed_during_validation,listing_aware,listed_by_2025H1,True,False,False,Universe498 is current/listing-aware; strict symbols are proof-style subset but not delisting-complete universe.
LISTAUSDT,2024-06-20 12:00:00+00:00,2026-04-30 23:00:00+00:00,listed_during_train,listing_aware,listed_by_2025H1,True,False,False,Universe498 is current/listing-aware; strict symbols are proof-style subset but not delisting-complete universe.
ANIMEUSDT,2025-01-23 17:00:00+00:00,2026-04-30 23:00:00+00:00,listed_during_validation,listing_aware,recent_only,True,False,False,Universe498 is current/listing-aware; strict symbols are proof-style subset but not delisting-complete universe.
FFUSDT,2025-09-29 13:00:00+00:00,2026-04-30 23:00:00+00:00,listed_during_test,listing_aware,short_history,True,False,False,Universe498 is current/listing-aware; strict symbols are proof-style subset but not delisting-complete universe.
METUSDT,2025-10-11 12:00:00+00:00,2026-04-30 23:00:00+00:00,listed_during_test,listing_aware,short_history,True,False,False,Universe498 is current/listing-aware; strict symbols are proof-style subset but not delisting-complete universe.
COOKIEUSDT,2025-01-07 11:00:00+00:00,2026-04-30 23:00:00+00:00,listed_during_validation,listing_aware,listed_by_2025H1,True,False,False,Universe498 is current/listing-aware; strict symbols are proof-style subset but not delisting-complete universe.
PORTALUSDT,2024-02-29 15:00:00+00:00,2026-04-30 23:00:00+00:00,listed_during_train,listing_aware,listed_by_2025H1,True,False,False,Universe498 is current/listing-aware; strict symbols are proof-style subset but not delisting-complete universe.
LUNA2USDT,2024-01-01 00:00:00+00:00,2026-04-30 23:00:00+00:00,before_or_at_train_start,strict_full_history,full_2024_2026apr,True,False,False,Universe498 is current/listing-aware; strict symbols are proof-style subset but not delisting-complete universe.
WCTUSDT,2025-04-15 11:00:00+00:00,2026-04-30 23:00:00+00:00,listed_during_validation,listing_aware,recent_only,True,False,False,Universe498 is current/listing-aware; strict symbols are proof-style subset but not delisting-complete universe.
1000000MOGUSDT,2024-11-07 12:00:00+00:00,2026-04-30 23:00:00+00:00,listed_during_train,listing_aware,listed_by_2025H1,True,False,False,Universe498 is current/listing-aware; strict symbols are proof-style subset but not delisting-complete universe.
MELANIAUSDT,2025-01-20 09:00:00+00:00,2026-04-30 23:00:00+00:00,listed_during_validation,listing_aware,recent_only,True,False,False,Universe498 is current/listing-aware; strict symbols are proof-style subset but not delisting-complete universe.
BANANAS31USDT,2025-03-22 09:00:00+00:00,2026-04-30 23:00:00+00:00,listed_during_validation,listing_aware,recent_only,True,False,False,Universe498 is current/listing-aware; strict symbols are proof-style subset but not delisting-complete universe.
TNSRUSDT,2024-04-08 17:00:00+00:00,2026-04-30 23:00:00+00:00,listed_during_train,listing_aware,listed_by_2025H1,True,False,False,Universe498 is current/listing-aware; strict symbols are proof-style subset but not delisting-complete universe.
DASHUSDT,2024-01-01 00:00:00+00:00,2026-04-30 23:00:00+00:00,before_or_at_train_start,strict_full_history,full_2024_2026apr,True,False,False,Universe498 is current/listing-aware; strict symbols are proof-style subset but not delisting-complete universe.
AXLUSDT,2024-03-01 15:00:00+00:00,2026-04-30 23:00:00+00:00,listed_during_train,listing_aware,listed_by_2025H1,True,False,False,Universe498 is current/listing-aware; strict symbols are proof-style subset but not delisting-complete universe.
PARTIUSDT,2025-03-25 13:00:00+00:00,2026-04-30 23:00:00+00:00,listed_during_validation,listing_aware,recent_only,True,False,False,Universe498 is current/listing-aware; strict symbols are proof-style subset but not delisting-complete universe.
ZKPUSDT,2025-12-21 10:00:00+00:00,2026-04-30 23:00:00+00:00,listed_during_test,listing_aware,short_history,True,False,False,Universe498 is current/listing-aware; strict symbols are proof-style subset but not delisting-complete universe.
FOLKSUSDT,2025-11-06 12:00:00+00:00,2026-04-30 23:00:00+00:00,listed_during_test,listing_aware,short_history,True,False,False,Universe498 is current/listing-aware; strict symbols are proof-style subset but not delisting-complete universe.
FORMUSDT,2025-03-19 08:00:00+00:00,2026-04-30 23:00:00+00:00,listed_during_validation,listing_aware,recent_only,True,False,False,Universe498 is current/listing-aware; strict symbols are proof-style subset but not delisting-complete universe.
BANANAUSDT,2024-08-15 02:00:00+00:00,2026-04-30 23:00:00+00:00,listed_during_train,listing_aware,listed_by_2025H1,True,False,False,Universe498 is current/listing-aware; strict symbols are proof-style subset but not delisting-complete universe.
SPKUSDT,2025-06-17 09:00:00+00:00,2026-04-30 23:00:00+00:00,listed_during_validation,listing_aware,recent_only,True,False,False,Universe498 is current/listing-aware; strict symbols are proof-style subset but not delisting-complete universe.
KERNELUSDT,2025-04-14 12:00:00+00:00,2026-04-30 23:00:00+00:00,listed_during_validation,listing_aware,recent_only,True,False,False,Universe498 is current/listing-aware; strict symbols are proof-style subset but not delisting-complete universe.
COAIUSDT,2025-09-25 07:00:00+00:00,2026-04-30 23:00:00+00:00,listed_during_test,listing_aware,short_history,True,False,False,Universe498 is current/listing-aware; strict symbols are proof-style subset but not delisting-complete universe.
PLUMEUSDT,2025-03-21 13:00:00+00:00,2026-04-30 23:00:00+00:00,listed_during_validation,listing_aware,recent_only,True,False,False,Universe498 is current/listing-aware; strict symbols are proof-style subset but not delisting-complete universe.
ALICEUSDT,2024-01-01 00:00:00+00:00,2026-04-30 23:00:00+00:00,before_or_at_train_start,strict_full_history,full_2024_2026apr,True,False,False,Universe498 is current/listing-aware; strict symbols are proof-style subset but not delisting-complete universe.
ZRXUSDT,2024-01-01 00:00:00+00:00,2026-04-30 23:00:00+00:00,before_or_at_train_start,strict_full_history,full_2024_2026apr,True,False,False,Universe498 is current/listing-aware; strict symbols are proof-style subset but not delisting-complete universe.
MORPHOUSDT,2024-11-27 14:00:00+00:00,2026-04-30 23:00:00+00:00,listed_during_train,listing_aware,listed_by_2025H1,True,False,False,Universe498 is current/listing-aware; strict symbols are proof-style subset but not delisting-complete universe.
CKBUSDT,2024-01-01 00:00:00+00:00,2026-04-30 23:00:00+00:00,before_or_at_train_start,hold_quality_or_short_history,full_2024_2026apr,True,False,False,Universe498 is current/listing-aware; strict symbols are proof-style subset but not delisting-complete universe.
ZETAUSDT,2024-02-02 08:00:00+00:00,2026-04-30 23:00:00+00:00,listed_during_train,strict_full_history,full_2024_2026apr,True,False,False,Universe498 is current/listing-aware; strict symbols are proof-style subset but not delisting-complete universe.
ZILUSDT,2024-01-01 00:00:00+00:00,2026-04-30 23:00:00+00:00,before_or_at_train_start,strict_full_history,full_2024_2026apr,True,False,False,Universe498 is current/listing-aware; strict symbols are proof-style subset but not delisting-complete universe.
UMAUSDT,2024-01-01 00:00:00+00:00,2026-04-30 23:00:00+00:00,before_or_at_train_start,strict_full_history,full_2024_2026apr,True,False,False,Universe498 is current/listing-aware; strict symbols are proof-style subset but not delisting-complete universe.
COTIUSDT,2024-01-01 00:00:00+00:00,2026-04-30 23:00:00+00:00,before_or_at_train_start,strict_full_history,full_2024_2026apr,True,False,False,Universe498 is current/listing-aware; strict symbols are proof-style subset but not delisting-complete universe.
BASUSDT,2025-08-26 13:00:00+00:00,2026-04-30 23:00:00+00:00,listed_during_test,listing_aware,short_history,True,False,False,Universe498 is current/listing-aware; strict symbols are proof-style subset but not delisting-complete universe.
VANRYUSDT,2024-03-13 17:00:00+00:00,2026-04-30 23:00:00+00:00,listed_during_train,listing_aware,listed_by_2025H1,True,False,False,Universe498 is current/listing-aware; strict symbols are proof-style subset but not delisting-complete universe.
QNTUSDT,2024-01-01 00:00:00+00:00,2026-04-30 23:00:00+00:00,before_or_at_train_start,strict_full_history,full_2024_2026apr,True,False,False,Universe498 is current/listing-aware; strict symbols are proof-style subset but not delisting-complete universe.
THEUSDT,2024-11-27 12:00:00+00:00,2026-04-30 23:00:00+00:00,listed_during_train,listing_aware,listed_by_2025H1,True,False,False,Universe498 is current/listing-aware; strict symbols are proof-style subset but not delisting-complete universe.
IDUSDT,2024-01-01 00:00:00+00:00,2026-04-30 23:00:00+00:00,before_or_at_train_start,strict_full_history,full_2024_2026apr,True,False,False,Universe498 is current/listing-aware; strict symbols are proof-style subset but not delisting-complete universe.
CYBERUSDT,2024-01-01 00:00:00+00:00,2026-04-30 23:00:00+00:00,before_or_at_train_start,strict_full_history,full_2024_2026apr,True,False,False,Universe498 is current/listing-aware; strict symbols are proof-style subset but not delisting-complete universe.
UAIUSDT,2025-11-06 11:00:00+00:00,2026-04-30 23:00:00+00:00,listed_during_test,listing_aware,short_history,True,False,False,Universe498 is current/listing-aware; strict symbols are proof-style subset but not delisting-complete universe.
GUNUSDT,2025-03-31 13:00:00+00:00,2026-04-30 23:00:00+00:00,listed_during_validation,listing_aware,recent_only,True,False,False,Universe498 is current/listing-aware; strict symbols are proof-style subset but not delisting-complete universe.
FOGOUSDT,2026-01-10 14:00:00+00:00,2026-04-30 23:00:00+00:00,listed_during_recent_oos,listing_aware,short_history,True,False,False,Universe498 is current/listing-aware; strict symbols are proof-style subset but not delisting-complete universe.
ATUSDT,2025-10-29 11:00:00+00:00,2026-04-30 23:00:00+00:00,listed_during_test,listing_aware,short_history,True,False,False,Universe498 is current/listing-aware; strict symbols are proof-style subset but not delisting-complete universe.
INITUSDT,2025-04-16 06:00:00+00:00,2026-04-30 23:00:00+00:00,listed_during_validation,listing_aware,recent_only,True,False,False,Universe498 is current/listing-aware; strict symbols are proof-style subset but not delisting-complete universe.
STORJUSDT,2024-01-01 00:00:00+00:00,2026-04-30 23:00:00+00:00,before_or_at_train_start,strict_full_history,full_2024_2026apr,True,False,False,Universe498 is current/listing-aware; strict symbols are proof-style subset but not delisting-complete universe.
MEUSDT,2024-12-10 17:00:00+00:00,2026-04-30 23:00:00+00:00,listed_during_train,listing_aware,listed_by_2025H1,True,False,False,Universe498 is current/listing-aware; strict symbols are proof-style subset but not delisting-complete universe.
SENTUSDT,2025-11-14 12:00:00+00:00,2026-04-30 23:00:00+00:00,listed_during_test,listing_aware,short_history,True,False,False,Universe498 is current/listing-aware; strict symbols are proof-style subset but not delisting-complete universe.
ACEUSDT,2024-01-01 00:00:00+00:00,2026-04-30 23:00:00+00:00,before_or_at_train_start,strict_full_history,full_2024_2026apr,True,False,False,Universe498 is current/listing-aware; strict symbols are proof-style subset but not delisting-complete universe.
ZBTUSDT,2025-10-17 11:00:00+00:00,2026-04-30 23:00:00+00:00,listed_during_test,listing_aware,short_history,True,False,False,Universe498 is current/listing-aware; strict symbols are proof-style subset but not delisting-complete universe.
AVAAIUSDT,2025-01-17 13:00:00+00:00,2026-04-30 23:00:00+00:00,listed_during_validation,listing_aware,recent_only,True,False,False,Universe498 is current/listing-aware; strict symbols are proof-style subset but not delisting-complete universe.
PTBUSDT,2025-09-03 12:00:00+00:00,2026-04-30 23:00:00+00:00,listed_during_test,listing_aware,short_history,True,False,False,Universe498 is current/listing-aware; strict symbols are proof-style subset but not delisting-complete universe.
1000CATUSDT,2024-10-21 12:00:00+00:00,2026-04-30 23:00:00+00:00,listed_during_train,listing_aware,listed_by_2025H1,True,False,False,Universe498 is current/listing-aware; strict symbols are proof-style subset but not delisting-complete universe.
ENJUSDT,2024-01-01 00:00:00+00:00,2026-04-30 23:00:00+00:00,before_or_at_train_start,strict_full_history,full_2024_2026apr,True,False,False,Universe498 is current/listing-aware; strict symbols are proof-style subset but not delisting-complete universe.
MMTUSDT,2025-11-04 12:00:00+00:00,2026-04-30 23:00:00+00:00,listed_during_test,listing_aware,short_history,True,False,False,Universe498 is current/listing-aware; strict symbols are proof-style subset but not delisting-complete universe.
VANAUSDT,2024-12-16 13:00:00+00:00,2026-04-30 23:00:00+00:00,listed_during_train,listing_aware,listed_by_2025H1,True,False,False,Universe498 is current/listing-aware; strict symbols are proof-style subset but not delisting-complete universe.
RAREUSDT,2024-08-15 13:00:00+00:00,2026-04-30 23:00:00+00:00,listed_during_train,listing_aware,listed_by_2025H1,True,False,False,Universe498 is current/listing-aware; strict symbols are proof-style subset but not delisting-complete universe.
TRUTHUSDT,2025-10-01 12:00:00+00:00,2026-04-30 23:00:00+00:00,listed_during_test,listing_aware,short_history,True,False,False,Universe498 is current/listing-aware; strict symbols are proof-style subset but not delisting-complete universe.
HEMIUSDT,2025-08-29 04:00:00+00:00,2026-04-30 23:00:00+00:00,listed_during_test,listing_aware,short_history,True,False,False,Universe498 is current/listing-aware; strict symbols are proof-style subset but not delisting-complete universe.
LQTYUSDT,2024-01-01 00:00:00+00:00,2026-04-30 23:00:00+00:00,before_or_at_train_start,strict_full_history,full_2024_2026apr,True,False,False,Universe498 is current/listing-aware; strict symbols are proof-style subset but not delisting-complete universe.
VVVUSDT,2025-01-29 08:00:00+00:00,2026-04-30 23:00:00+00:00,listed_during_validation,listing_aware,recent_only,True,False,False,Universe498 is current/listing-aware; strict symbols are proof-style subset but not delisting-complete universe.
QTUMUSDT,2024-01-01 00:00:00+00:00,2026-04-30 23:00:00+00:00,before_or_at_train_start,strict_full_history,full_2024_2026apr,True,False,False,Universe498 is current/listing-aware; strict symbols are proof-style subset but not delisting-complete universe.
SAPIENUSDT,2025-08-20 17:00:00+00:00,2026-04-30 23:00:00+00:00,listed_during_test,listing_aware,short_history,True,False,False,Universe498 is current/listing-aware; strict symbols are proof-style subset but not delisting-complete universe.
KSMUSDT,2024-01-01 00:00:00+00:00,2026-04-30 23:00:00+00:00,before_or_at_train_start,strict_full_history,full_2024_2026apr,True,False,False,Universe498 is current/listing-aware; strict symbols are proof-style subset but not delisting-complete universe.
ALLOUSDT,2025-11-11 14:00:00+00:00,2026-04-30 23:00:00+00:00,listed_during_test,listing_aware,short_history,True,False,False,Universe498 is current/listing-aware; strict symbols are proof-style subset but not delisting-complete universe.
GASUSDT,2024-01-01 00:00:00+00:00,2026-04-30 23:00:00+00:00,before_or_at_train_start,strict_full_history,full_2024_2026apr,True,False,False,Universe498 is current/listing-aware; strict symbols are proof-style subset but not delisting-complete universe.
FIDAUSDT,2024-09-19 12:00:00+00:00,2026-04-30 23:00:00+00:00,listed_during_train,listing_aware,listed_by_2025H1,True,False,False,Universe498 is current/listing-aware; strict symbols are proof-style subset but not delisting-complete universe.
NXPCUSDT,2025-05-15 06:00:00+00:00,2026-04-30 23:00:00+00:00,listed_during_validation,listing_aware,recent_only,True,False,False,Universe498 is current/listing-aware; strict symbols are proof-style subset but not delisting-complete universe.
ONTUSDT,2024-01-01 00:00:00+00:00,2026-04-30 23:00:00+00:00,before_or_at_train_start,hold_quality_or_short_history,full_2024_2026apr,True,False,False,Universe498 is current/listing-aware; strict symbols are proof-style subset but not delisting-complete universe.
GLMUSDT,2024-02-22 10:00:00+00:00,2026-04-30 23:00:00+00:00,listed_during_train,listing_aware,listed_by_2025H1,True,False,False,Universe498 is current/listing-aware; strict symbols are proof-style subset but not delisting-complete universe.
CETUSUSDT,2024-11-06 14:00:00+00:00,2026-04-30 23:00:00+00:00,listed_during_train,listing_aware,listed_by_2025H1,True,False,False,Universe498 is current/listing-aware; strict symbols are proof-style subset but not delisting-complete universe.
TSTUSDT,2025-02-09 13:00:00+00:00,2026-04-30 23:00:00+00:00,listed_during_validation,listing_aware,recent_only,True,False,False,Universe498 is current/listing-aware; strict symbols are proof-style subset but not delisting-complete universe.
EDUUSDT,2024-01-01 00:00:00+00:00,2026-04-30 23:00:00+00:00,before_or_at_train_start,strict_full_history,full_2024_2026apr,True,False,False,Universe498 is current/listing-aware; strict symbols are proof-style subset but not delisting-complete universe.
HYPERUSDT,2025-04-22 13:00:00+00:00,2026-04-30 23:00:00+00:00,listed_during_validation,listing_aware,recent_only,True,False,False,Universe498 is current/listing-aware; strict symbols are proof-style subset but not delisting-complete universe.
HMSTRUSDT,2024-09-26 12:00:00+00:00,2026-04-30 23:00:00+00:00,listed_during_train,listing_aware,listed_by_2025H1,True,False,False,Universe498 is current/listing-aware; strict symbols are proof-style subset but not delisting-complete universe.
SIGNUSDT,2025-04-28 11:00:00+00:00,2026-04-30 23:00:00+00:00,listed_during_validation,listing_aware,recent_only,True,False,False,Universe498 is current/listing-aware; strict symbols are proof-style subset but not delisting-complete universe.
HIGHUSDT,2024-01-01 00:00:00+00:00,2026-04-30 23:00:00+00:00,before_or_at_train_start,strict_full_history,full_2024_2026apr,True,False,False,Universe498 is current/listing-aware; strict symbols are proof-style subset but not delisting-complete universe.
DUSKUSDT,2024-01-01 00:00:00+00:00,2026-04-30 23:00:00+00:00,before_or_at_train_start,strict_full_history,full_2024_2026apr,True,False,False,Universe498 is current/listing-aware; strict symbols are proof-style subset but not delisting-complete universe.
WALUSDT,2025-03-27 15:00:00+00:00,2026-04-30 23:00:00+00:00,listed_during_validation,listing_aware,recent_only,True,False,False,Universe498 is current/listing-aware; strict symbols are proof-style subset but not delisting-complete universe.
LABUSDT,2025-10-17 14:00:00+00:00,2026-04-30 23:00:00+00:00,listed_during_test,listing_aware,short_history,True,False,False,Universe498 is current/listing-aware; strict symbols are proof-style subset but not delisting-complete universe.
YFIUSDT,2024-01-01 00:00:00+00:00,2026-04-30 23:00:00+00:00,before_or_at_train_start,strict_full_history,full_2024_2026apr,True,False,False,Universe498 is current/listing-aware; strict symbols are proof-style subset but not delisting-complete universe.
ORCAUSDT,2024-12-06 15:00:00+00:00,2026-04-30 23:00:00+00:00,listed_during_train,listing_aware,listed_by_2025H1,True,False,False,Universe498 is current/listing-aware; strict symbols are proof-style subset but not delisting-complete universe.
C98USDT,2024-01-01 00:00:00+00:00,2026-04-30 23:00:00+00:00,before_or_at_train_start,strict_full_history,full_2024_2026apr,True,False,False,Universe498 is current/listing-aware; strict symbols are proof-style subset but not delisting-complete universe.
COWUSDT,2024-11-06 13:00:00+00:00,2026-04-30 23:00:00+00:00,listed_during_train,listing_aware,listed_by_2025H1,True,False,False,Universe498 is current/listing-aware; strict symbols are proof-style subset but not delisting-complete universe.
CHRUSDT,2024-01-01 00:00:00+00:00,2026-04-30 23:00:00+00:00,before_or_at_train_start,strict_full_history,full_2024_2026apr,True,False,False,Universe498 is current/listing-aware; strict symbols are proof-style subset but not delisting-complete universe.
BABYUSDT,2025-04-05 13:00:00+00:00,2026-04-30 23:00:00+00:00,listed_during_validation,listing_aware,recent_only,True,False,False,Universe498 is current/listing-aware; strict symbols are proof-style subset but not delisting-complete universe.
POLYXUSDT,2024-01-01 00:00:00+00:00,2026-04-30 23:00:00+00:00,before_or_at_train_start,strict_full_history,full_2024_2026apr,True,False,False,Universe498 is current/listing-aware; strict symbols are proof-style subset but not delisting-complete universe.
BATUSDT,2024-01-01 00:00:00+00:00,2026-04-30 23:00:00+00:00,before_or_at_train_start,strict_full_history,full_2024_2026apr,True,False,False,Universe498 is current/listing-aware; strict symbols are proof-style subset but not delisting-complete universe.
SKRUSDT,2026-01-22 10:00:00+00:00,2026-04-30 23:00:00+00:00,listed_during_recent_oos,listing_aware,short_history,True,False,False,Universe498 is current/listing-aware; strict symbols are proof-style subset but not delisting-complete universe.
NFPUSDT,2024-01-01 00:00:00+00:00,2026-04-30 23:00:00+00:00,before_or_at_train_start,strict_full_history,full_2024_2026apr,True,False,False,Universe498 is current/listing-aware; strict symbols are proof-style subset but not delisting-complete universe.
WOOUSDT,2024-01-01 00:00:00+00:00,2026-04-30 23:00:00+00:00,before_or_at_train_start,strict_full_history,full_2024_2026apr,True,False,False,Universe498 is current/listing-aware; strict symbols are proof-style subset but not delisting-complete universe.
ONEUSDT,2024-01-01 00:00:00+00:00,2026-04-30 23:00:00+00:00,before_or_at_train_start,strict_full_history,full_2024_2026apr,True,False,False,Universe498 is current/listing-aware; strict symbols are proof-style subset but not delisting-complete universe.
SKLUSDT,2024-01-01 00:00:00+00:00,2026-04-30 23:00:00+00:00,before_or_at_train_start,strict_full_history,full_2024_2026apr,True,False,False,Universe498 is current/listing-aware; strict symbols are proof-style subset but not delisting-complete universe.
USTCUSDT,2024-01-01 00:00:00+00:00,2026-04-30 23:00:00+00:00,before_or_at_train_start,hold_quality_or_short_history,full_2024_2026apr,True,False,False,Universe498 is current/listing-aware; strict symbols are proof-style subset but not delisting-complete universe.
BROCCOLI714USDT,2025-03-21 09:00:00+00:00,2026-04-30 23:00:00+00:00,listed_during_validation,listing_aware,recent_only,True,False,False,Universe498 is current/listing-aware; strict symbols are proof-style subset but not delisting-complete universe.
WETUSDT,2025-12-10 07:00:00+00:00,2026-04-30 23:00:00+00:00,listed_during_test,listing_aware,short_history,True,False,False,Universe498 is current/listing-aware; strict symbols are proof-style subset but not delisting-complete universe.
ARKUSDT,2024-01-01 00:00:00+00:00,2026-04-30 23:00:00+00:00,before_or_at_train_start,strict_full_history,full_2024_2026apr,True,False,False,Universe498 is current/listing-aware; strict symbols are proof-style subset but not delisting-complete universe.
DEXEUSDT,2024-12-24 11:00:00+00:00,2026-04-30 23:00:00+00:00,listed_during_train,listing_aware,listed_by_2025H1,True,False,False,Universe498 is current/listing-aware; strict symbols are proof-style subset but not delisting-complete universe.
STGUSDT,2024-01-01 00:00:00+00:00,2026-04-30 23:00:00+00:00,before_or_at_train_start,strict_full_history,full_2024_2026apr,True,False,False,Universe498 is current/listing-aware; strict symbols are proof-style subset but not delisting-complete universe.
NMRUSDT,2024-01-01 00:00:00+00:00,2026-04-30 23:00:00+00:00,before_or_at_train_start,strict_full_history,full_2024_2026apr,True,False,False,Universe498 is current/listing-aware; strict symbols are proof-style subset but not delisting-complete universe.
2ZUSDT,2025-10-02 12:00:00+00:00,2026-04-30 23:00:00+00:00,listed_during_test,listing_aware,short_history,True,False,False,Universe498 is current/listing-aware; strict symbols are proof-style subset but not delisting-complete universe.
SOLVUSDT,2025-01-17 12:00:00+00:00,2026-04-30 23:00:00+00:00,listed_during_validation,listing_aware,recent_only,True,False,False,Universe498 is current/listing-aware; strict symbols are proof-style subset but not delisting-complete universe.
TUTUSDT,2025-03-20 09:00:00+00:00,2026-04-30 23:00:00+00:00,listed_during_validation,listing_aware,recent_only,True,False,False,Universe498 is current/listing-aware; strict symbols are proof-style subset but not delisting-complete universe.
MAVUSDT,2024-01-01 00:00:00+00:00,2026-04-30 23:00:00+00:00,before_or_at_train_start,strict_full_history,full_2024_2026apr,True,False,False,Universe498 is current/listing-aware; strict symbols are proof-style subset but not delisting-complete universe.
AGLDUSDT,2024-01-01 00:00:00+00:00,2026-04-30 23:00:00+00:00,before_or_at_train_start,strict_full_history,full_2024_2026apr,True,False,False,Universe498 is current/listing-aware; strict symbols are proof-style subset but not delisting-complete universe.
CUSDT,2025-07-15 09:00:00+00:00,2026-04-30 23:00:00+00:00,listed_during_test,listing_aware,short_history,True,False,False,Universe498 is current/listing-aware; strict symbols are proof-style subset but not delisting-complete universe.
GMXUSDT,2024-01-01 00:00:00+00:00,2026-04-30 23:00:00+00:00,before_or_at_train_start,strict_full_history,full_2024_2026apr,True,False,False,Universe498 is current/listing-aware; strict symbols are proof-style subset but not delisting-complete universe.
ATHUSDT,2025-04-02 15:00:00+00:00,2026-04-30 23:00:00+00:00,listed_during_validation,listing_aware,recent_only,True,False,False,Universe498 is current/listing-aware; strict symbols are proof-style subset but not delisting-complete universe.
SKYUSDT,2025-09-09 07:00:00+00:00,2026-04-30 23:00:00+00:00,listed_during_test,listing_aware,short_history,True,False,False,Universe498 is current/listing-aware; strict symbols are proof-style subset but not delisting-complete universe.
CATIUSDT,2024-09-20 11:00:00+00:00,2026-04-30 23:00:00+00:00,listed_during_train,listing_aware,listed_by_2025H1,True,False,False,Universe498 is current/listing-aware; strict symbols are proof-style subset but not delisting-complete universe.
BELUSDT,2024-01-01 00:00:00+00:00,2026-04-30 23:00:00+00:00,before_or_at_train_start,strict_full_history,full_2024_2026apr,True,False,False,Universe498 is current/listing-aware; strict symbols are proof-style subset but not delisting-complete universe.
BREVUSDT,2025-12-30 10:00:00+00:00,2026-04-30 23:00:00+00:00,listed_during_test,listing_aware,short_history,True,False,False,Universe498 is current/listing-aware; strict symbols are proof-style subset but not delisting-complete universe.
STOUSDT,2025-04-12 14:00:00+00:00,2026-04-30 23:00:00+00:00,listed_during_validation,listing_aware,recent_only,True,False,False,Universe498 is current/listing-aware; strict symbols are proof-style subset but not delisting-complete universe.
OPENUSDT,2025-09-08 13:00:00+00:00,2026-04-30 23:00:00+00:00,listed_during_test,listing_aware,short_history,True,False,False,Universe498 is current/listing-aware; strict symbols are proof-style subset but not delisting-complete universe.
APRUSDT,2025-10-23 10:00:00+00:00,2026-04-30 23:00:00+00:00,listed_during_test,listing_aware,short_history,True,False,False,Universe498 is current/listing-aware; strict symbols are proof-style subset but not delisting-complete universe.
XVGUSDT,2024-01-01 00:00:00+00:00,2026-04-30 23:00:00+00:00,before_or_at_train_start,strict_full_history,full_2024_2026apr,True,False,False,Universe498 is current/listing-aware; strict symbols are proof-style subset but not delisting-complete universe.
IOTXUSDT,2024-01-01 00:00:00+00:00,2026-04-30 23:00:00+00:00,before_or_at_train_start,strict_full_history,full_2024_2026apr,True,False,False,Universe498 is current/listing-aware; strict symbols are proof-style subset but not delisting-complete universe.
DRIFTUSDT,2024-11-08 15:00:00+00:00,2026-04-30 23:00:00+00:00,listed_during_train,listing_aware,listed_by_2025H1,True,False,False,Universe498 is current/listing-aware; strict symbols are proof-style subset but not delisting-complete universe.
NOMUSDT,2025-10-01 08:00:00+00:00,2026-04-30 23:00:00+00:00,listed_during_test,listing_aware,short_history,True,False,False,Universe498 is current/listing-aware; strict symbols are proof-style subset but not delisting-complete universe.
GPSUSDT,2025-02-17 17:00:00+00:00,2026-04-30 23:00:00+00:00,listed_during_validation,listing_aware,recent_only,True,False,False,Universe498 is current/listing-aware; strict symbols are proof-style subset but not delisting-complete universe.
ANKRUSDT,2024-01-01 00:00:00+00:00,2026-04-30 23:00:00+00:00,before_or_at_train_start,strict_full_history,full_2024_2026apr,True,False,False,Universe498 is current/listing-aware; strict symbols are proof-style subset but not delisting-complete universe.
TAKEUSDT,2025-09-03 11:00:00+00:00,2026-04-30 23:00:00+00:00,listed_during_test,listing_aware,short_history,True,False,False,Universe498 is current/listing-aware; strict symbols are proof-style subset but not delisting-complete universe.
GTCUSDT,2024-01-01 00:00:00+00:00,2026-04-30 23:00:00+00:00,before_or_at_train_start,strict_full_history,full_2024_2026apr,True,False,False,Universe498 is current/listing-aware; strict symbols are proof-style subset but not delisting-complete universe.
HOTUSDT,2024-01-01 00:00:00+00:00,2026-04-30 23:00:00+00:00,before_or_at_train_start,strict_full_history,full_2024_2026apr,True,False,False,Universe498 is current/listing-aware; strict symbols are proof-style subset but not delisting-complete universe.
OGUSDT,2025-05-12 09:00:00+00:00,2026-04-30 23:00:00+00:00,listed_during_validation,listing_aware,recent_only,True,False,False,Universe498 is current/listing-aware; strict symbols are proof-style subset but not delisting-complete universe.
KAIAUSDT,2024-12-04 14:00:00+00:00,2026-04-30 23:00:00+00:00,listed_during_train,listing_aware,listed_by_2025H1,True,False,False,Universe498 is current/listing-aware; strict symbols are proof-style subset but not delisting-complete universe.
ASTRUSDT,2024-01-01 00:00:00+00:00,2026-04-30 23:00:00+00:00,before_or_at_train_start,strict_full_history,full_2024_2026apr,True,False,False,Universe498 is current/listing-aware; strict symbols are proof-style subset but not delisting-complete universe.
SOPHUSDT,2025-05-28 13:00:00+00:00,2026-04-30 23:00:00+00:00,listed_during_validation,listing_aware,recent_only,True,False,False,Universe498 is current/listing-aware; strict symbols are proof-style subset but not delisting-complete universe.
TREEUSDT,2025-07-29 14:00:00+00:00,2026-04-30 23:00:00+00:00,listed_during_test,listing_aware,short_history,True,False,False,Universe498 is current/listing-aware; strict symbols are proof-style subset but not delisting-complete universe.
SPELLUSDT,2024-01-01 00:00:00+00:00,2026-04-30 23:00:00+00:00,before_or_at_train_start,strict_full_history,full_2024_2026apr,True,False,False,Universe498 is current/listing-aware; strict symbols are proof-style subset but not delisting-complete universe.
RVNUSDT,2024-01-01 00:00:00+00:00,2026-04-30 23:00:00+00:00,before_or_at_train_start,strict_full_history,full_2024_2026apr,True,False,False,Universe498 is current/listing-aware; strict symbols are proof-style subset but not delisting-complete universe.
AIOTUSDT,2025-04-30 12:00:00+00:00,2026-04-30 23:00:00+00:00,listed_during_validation,listing_aware,recent_only,True,False,False,Universe498 is current/listing-aware; strict symbols are proof-style subset but not delisting-complete universe.
BSVUSDT,2024-01-01 00:00:00+00:00,2026-04-30 23:00:00+00:00,before_or_at_train_start,strict_full_history,full_2024_2026apr,True,False,False,Universe498 is current/listing-aware; strict symbols are proof-style subset but not delisting-complete universe.
BUSDT,2025-05-22 16:00:00+00:00,2026-04-30 23:00:00+00:00,listed_during_validation,listing_aware,recent_only,True,False,False,Universe498 is current/listing-aware; strict symbols are proof-style subset but not delisting-complete universe.
BLESSUSDT,2025-09-23 09:00:00+00:00,2026-04-30 23:00:00+00:00,listed_during_test,listing_aware,short_history,True,False,False,Universe498 is current/listing-aware; strict symbols are proof-style subset but not delisting-complete universe.
SHELLUSDT,2025-02-17 17:00:00+00:00,2026-04-30 23:00:00+00:00,listed_during_validation,listing_aware,recent_only,True,False,False,Universe498 is current/listing-aware; strict symbols are proof-style subset but not delisting-complete universe.
AUSDT,2025-05-28 08:00:00+00:00,2026-04-30 23:00:00+00:00,listed_during_validation,listing_aware,recent_only,True,False,False,Universe498 is current/listing-aware; strict symbols are proof-style subset but not delisting-complete universe.
NAORISUSDT,2025-07-31 12:00:00+00:00,2026-04-30 23:00:00+00:00,listed_during_test,listing_aware,short_history,True,False,False,Universe498 is current/listing-aware; strict symbols are proof-style subset but not delisting-complete universe.
REDUSDT,2025-03-06 16:00:00+00:00,2026-04-30 23:00:00+00:00,listed_during_validation,listing_aware,recent_only,True,False,False,Universe498 is current/listing-aware; strict symbols are proof-style subset but not delisting-complete universe.
KMNOUSDT,2024-12-20 19:00:00+00:00,2026-04-30 23:00:00+00:00,listed_during_train,listing_aware,listed_by_2025H1,True,False,False,Universe498 is current/listing-aware; strict symbols are proof-style subset but not delisting-complete universe.
QUSDT,2025-09-02 07:00:00+00:00,2026-04-30 23:00:00+00:00,listed_during_test,listing_aware,short_history,True,False,False,Universe498 is current/listing-aware; strict symbols are proof-style subset but not delisting-complete universe.
1000CHEEMSUSDT,2024-11-25 11:00:00+00:00,2026-04-30 23:00:00+00:00,listed_during_train,listing_aware,listed_by_2025H1,True,False,False,Universe498 is current/listing-aware; strict symbols are proof-style subset but not delisting-complete universe.
HOLOUSDT,2025-09-11 12:00:00+00:00,2026-04-30 23:00:00+00:00,listed_during_test,listing_aware,short_history,True,False,False,Universe498 is current/listing-aware; strict symbols are proof-style subset but not delisting-complete universe.
DEEPUSDT,2025-04-22 08:00:00+00:00,2026-04-30 23:00:00+00:00,listed_during_validation,listing_aware,recent_only,True,False,False,Universe498 is current/listing-aware; strict symbols are proof-style subset but not delisting-complete universe.
NILUSDT,2025-03-24 13:00:00+00:00,2026-04-30 23:00:00+00:00,listed_during_validation,listing_aware,recent_only,True,False,False,Universe498 is current/listing-aware; strict symbols are proof-style subset but not delisting-complete universe.
PROVEUSDT,2025-08-05 17:00:00+00:00,2026-04-30 23:00:00+00:00,listed_during_test,listing_aware,short_history,True,False,False,Universe498 is current/listing-aware; strict symbols are proof-style subset but not delisting-complete universe.
TAUSDT,2025-07-21 07:00:00+00:00,2026-04-30 23:00:00+00:00,listed_during_test,listing_aware,short_history,True,False,False,Universe498 is current/listing-aware; strict symbols are proof-style subset but not delisting-complete universe.
ILVUSDT,2024-01-01 00:00:00+00:00,2026-04-30 23:00:00+00:00,before_or_at_train_start,strict_full_history,full_2024_2026apr,True,False,False,Universe498 is current/listing-aware; strict symbols are proof-style subset but not delisting-complete universe.
NEWTUSDT,2025-06-19 14:00:00+00:00,2026-04-30 23:00:00+00:00,listed_during_validation,listing_aware,recent_only,True,False,False,Universe498 is current/listing-aware; strict symbols are proof-style subset but not delisting-complete universe.
ICNTUSDT,2025-07-03 13:00:00+00:00,2026-04-30 23:00:00+00:00,listed_during_test,listing_aware,recent_only,True,False,False,Universe498 is current/listing-aware; strict symbols are proof-style subset but not delisting-complete universe.
ARPAUSDT,2024-01-01 00:00:00+00:00,2026-04-30 23:00:00+00:00,before_or_at_train_start,strict_full_history,full_2024_2026apr,True,False,False,Universe498 is current/listing-aware; strict symbols are proof-style subset but not delisting-complete universe.
AIAUSDT,2026-01-01 00:00:00+00:00,2026-04-30 23:00:00+00:00,listed_after_train,hold_quality_or_short_history,short_history,True,False,False,Universe498 is current/listing-aware; strict symbols are proof-style subset but not delisting-complete universe.
STBLUSDT,2025-09-17 05:00:00+00:00,2026-04-30 23:00:00+00:00,listed_during_test,listing_aware,short_history,True,False,False,Universe498 is current/listing-aware; strict symbols are proof-style subset but not delisting-complete universe.
DOLOUSDT,2025-05-01 03:00:00+00:00,2026-04-30 23:00:00+00:00,listed_during_validation,listing_aware,recent_only,True,False,False,Universe498 is current/listing-aware; strict symbols are proof-style subset but not delisting-complete universe.
OGNUSDT,2024-01-01 00:00:00+00:00,2026-04-30 23:00:00+00:00,before_or_at_train_start,strict_full_history,full_2024_2026apr,True,False,False,Universe498 is current/listing-aware; strict symbols are proof-style subset but not delisting-complete universe.
KGENUSDT,2025-10-07 14:00:00+00:00,2026-04-30 23:00:00+00:00,listed_during_test,listing_aware,short_history,True,False,False,Universe498 is current/listing-aware; strict symbols are proof-style subset but not delisting-complete universe.
BANKUSDT,2025-04-18 18:00:00+00:00,2026-04-30 23:00:00+00:00,listed_during_validation,listing_aware,recent_only,True,False,False,Universe498 is current/listing-aware; strict symbols are proof-style subset but not delisting-complete universe.
BANDUSDT,2024-01-01 00:00:00+00:00,2026-04-30 23:00:00+00:00,before_or_at_train_start,strict_full_history,full_2024_2026apr,True,False,False,Universe498 is current/listing-aware; strict symbols are proof-style subset but not delisting-complete universe.
FHEUSDT,2025-04-12 15:00:00+00:00,2026-04-30 23:00:00+00:00,listed_during_validation,listing_aware,recent_only,True,False,False,Universe498 is current/listing-aware; strict symbols are proof-style subset but not delisting-complete universe.
YBUSDT,2025-10-10 14:00:00+00:00,2026-04-30 23:00:00+00:00,listed_during_test,listing_aware,short_history,True,False,False,Universe498 is current/listing-aware; strict symbols are proof-style subset but not delisting-complete universe.
XNYUSDT,2025-08-13 11:00:00+00:00,2026-04-30 23:00:00+00:00,listed_during_test,listing_aware,short_history,True,False,False,Universe498 is current/listing-aware; strict symbols are proof-style subset but not delisting-complete universe.
TUSDT,2024-01-01 00:00:00+00:00,2026-04-30 23:00:00+00:00,before_or_at_train_start,strict_full_history,full_2024_2026apr,True,False,False,Universe498 is current/listing-aware; strict symbols are proof-style subset but not delisting-complete universe.
METISUSDT,2024-03-12 08:00:00+00:00,2026-04-30 23:00:00+00:00,listed_during_train,listing_aware,listed_by_2025H1,True,False,False,Universe498 is current/listing-aware; strict symbols are proof-style subset but not delisting-complete universe.
INUSDT,2025-08-07 10:00:00+00:00,2026-04-30 23:00:00+00:00,listed_during_test,listing_aware,short_history,True,False,False,Universe498 is current/listing-aware; strict symbols are proof-style subset but not delisting-complete universe.
MOVRUSDT,2024-01-01 00:00:00+00:00,2026-04-30 23:00:00+00:00,before_or_at_train_start,strict_full_history,full_2024_2026apr,True,False,False,Universe498 is current/listing-aware; strict symbols are proof-style subset but not delisting-complete universe.
TWTUSDT,2024-01-01 00:00:00+00:00,2026-04-30 23:00:00+00:00,before_or_at_train_start,strict_full_history,full_2024_2026apr,True,False,False,Universe498 is current/listing-aware; strict symbols are proof-style subset but not delisting-complete universe.
IOSTUSDT,2024-01-01 00:00:00+00:00,2026-04-30 23:00:00+00:00,before_or_at_train_start,strict_full_history,full_2024_2026apr,True,False,False,Universe498 is current/listing-aware; strict symbols are proof-style subset but not delisting-complete universe.
PLAYUSDT,2025-07-31 09:00:00+00:00,2026-04-30 23:00:00+00:00,listed_during_test,listing_aware,short_history,True,False,False,Universe498 is current/listing-aware; strict symbols are proof-style subset but not delisting-complete universe.
CTSIUSDT,2024-01-01 00:00:00+00:00,2026-04-30 23:00:00+00:00,before_or_at_train_start,strict_full_history,full_2024_2026apr,True,False,False,Universe498 is current/listing-aware; strict symbols are proof-style subset but not delisting-complete universe.
AGTUSDT,2025-05-20 10:00:00+00:00,2026-04-30 23:00:00+00:00,listed_during_validation,listing_aware,recent_only,True,False,False,Universe498 is current/listing-aware; strict symbols are proof-style subset but not delisting-complete universe.
HOMEUSDT,2025-06-10 11:00:00+00:00,2026-04-30 23:00:00+00:00,listed_during_validation,listing_aware,recent_only,True,False,False,Universe498 is current/listing-aware; strict symbols are proof-style subset but not delisting-complete universe.
RONINUSDT,2024-02-06 04:00:00+00:00,2026-04-30 23:00:00+00:00,listed_during_train,listing_aware,listed_by_2025H1,True,False,False,Universe498 is current/listing-aware; strict symbols are proof-style subset but not delisting-complete universe.
ZKCUSDT,2025-09-15 14:00:00+00:00,2026-04-30 23:00:00+00:00,listed_during_test,listing_aware,short_history,True,False,False,Universe498 is current/listing-aware; strict symbols are proof-style subset but not delisting-complete universe.
KNCUSDT,2024-01-01 00:00:00+00:00,2026-04-30 23:00:00+00:00,before_or_at_train_start,strict_full_history,full_2024_2026apr,True,False,False,Universe498 is current/listing-aware; strict symbols are proof-style subset but not delisting-complete universe.
ICXUSDT,2024-01-01 00:00:00+00:00,2026-04-30 23:00:00+00:00,before_or_at_train_start,strict_full_history,full_2024_2026apr,True,False,False,Universe498 is current/listing-aware; strict symbols are proof-style subset but not delisting-complete universe.
MIRAUSDT,2025-09-26 12:00:00+00:00,2026-04-30 23:00:00+00:00,listed_during_test,listing_aware,short_history,True,False,False,Universe498 is current/listing-aware; strict symbols are proof-style subset but not delisting-complete universe.
RLCUSDT,2024-01-01 00:00:00+00:00,2026-04-30 23:00:00+00:00,before_or_at_train_start,strict_full_history,full_2024_2026apr,True,False,False,Universe498 is current/listing-aware; strict symbols are proof-style subset but not delisting-complete universe.
IRYSUSDT,2025-11-26 16:00:00+00:00,2026-04-30 23:00:00+00:00,listed_during_test,listing_aware,short_history,True,False,False,Universe498 is current/listing-aware; strict symbols are proof-style subset but not delisting-complete universe.
UBUSDT,2025-09-12 10:00:00+00:00,2026-04-30 23:00:00+00:00,listed_during_test,listing_aware,short_history,True,False,False,Universe498 is current/listing-aware; strict symbols are proof-style subset but not delisting-complete universe.
HANAUSDT,2025-09-26 11:00:00+00:00,2026-04-30 23:00:00+00:00,listed_during_test,listing_aware,short_history,True,False,False,Universe498 is current/listing-aware; strict symbols are proof-style subset but not delisting-complete universe.
BTRUSDT,2025-08-27 10:00:00+00:00,2026-04-30 23:00:00+00:00,listed_during_test,listing_aware,short_history,True,False,False,Universe498 is current/listing-aware; strict symbols are proof-style subset but not delisting-complete universe.
SCRUSDT,2024-10-22 10:00:00+00:00,2026-04-30 23:00:00+00:00,listed_during_train,listing_aware,listed_by_2025H1,True,False,False,Universe498 is current/listing-aware; strict symbols are proof-style subset but not delisting-complete universe.
BANUSDT,2024-11-18 11:00:00+00:00,2026-04-30 23:00:00+00:00,listed_during_train,listing_aware,listed_by_2025H1,True,False,False,Universe498 is current/listing-aware; strict symbols are proof-style subset but not delisting-complete universe.
EDENUSDT,2025-09-30 11:00:00+00:00,2026-04-30 23:00:00+00:00,listed_during_test,listing_aware,short_history,True,False,False,Universe498 is current/listing-aware; strict symbols are proof-style subset but not delisting-complete universe.
SXTUSDT,2025-05-02 08:00:00+00:00,2026-04-30 23:00:00+00:00,listed_during_validation,listing_aware,recent_only,True,False,False,Universe498 is current/listing-aware; strict symbols are proof-style subset but not delisting-complete universe.
HFTUSDT,2024-01-01 00:00:00+00:00,2026-04-30 23:00:00+00:00,before_or_at_train_start,strict_full_history,full_2024_2026apr,True,False,False,Universe498 is current/listing-aware; strict symbols are proof-style subset but not delisting-complete universe.
GUAUSDT,2025-12-21 10:00:00+00:00,2026-04-30 23:00:00+00:00,listed_during_test,listing_aware,short_history,True,False,False,Universe498 is current/listing-aware; strict symbols are proof-style subset but not delisting-complete universe.
SYNUSDT,2024-08-16 12:00:00+00:00,2026-04-30 23:00:00+00:00,listed_during_train,listing_aware,listed_by_2025H1,True,False,False,Universe498 is current/listing-aware; strict symbols are proof-style subset but not delisting-complete universe.
HAEDALUSDT,2025-05-01 03:00:00+00:00,2026-04-30 23:00:00+00:00,listed_during_validation,listing_aware,recent_only,True,False,False,Universe498 is current/listing-aware; strict symbols are proof-style subset but not delisting-complete universe.
BLUAIUSDT,2025-10-21 11:00:00+00:00,2026-04-30 23:00:00+00:00,listed_during_test,listing_aware,short_history,True,False,False,Universe498 is current/listing-aware; strict symbols are proof-style subset but not delisting-complete universe.
EPICUSDT,2025-03-13 08:00:00+00:00,2026-04-30 23:00:00+00:00,listed_during_validation,listing_aware,recent_only,True,False,False,Universe498 is current/listing-aware; strict symbols are proof-style subset but not delisting-complete universe.
EVAAUSDT,2025-10-03 10:00:00+00:00,2026-04-30 23:00:00+00:00,listed_during_test,listing_aware,short_history,True,False,False,Universe498 is current/listing-aware; strict symbols are proof-style subset but not delisting-complete universe.
CELRUSDT,2024-01-01 00:00:00+00:00,2026-04-30 23:00:00+00:00,before_or_at_train_start,strict_full_history,full_2024_2026apr,True,False,False,Universe498 is current/listing-aware; strict symbols are proof-style subset but not delisting-complete universe.
ARIAUSDT,2025-09-03 11:00:00+00:00,2026-04-30 23:00:00+00:00,listed_during_test,listing_aware,short_history,True,False,False,Universe498 is current/listing-aware; strict symbols are proof-style subset but not delisting-complete universe.
SUNUSDT,2024-08-22 13:00:00+00:00,2026-04-30 23:00:00+00:00,listed_during_train,listing_aware,listed_by_2025H1,True,False,False,Universe498 is current/listing-aware; strict symbols are proof-style subset but not delisting-complete universe.
PHAUSDT,2024-12-30 11:00:00+00:00,2026-04-30 23:00:00+00:00,listed_during_train,listing_aware,listed_by_2025H1,True,False,False,Universe498 is current/listing-aware; strict symbols are proof-style subset but not delisting-complete universe.
EULUSDT,2025-10-13 14:00:00+00:00,2026-04-30 23:00:00+00:00,listed_during_test,listing_aware,short_history,True,False,False,Universe498 is current/listing-aware; strict symbols are proof-style subset but not delisting-complete universe.
MTLUSDT,2024-01-01 00:00:00+00:00,2026-04-30 23:00:00+00:00,before_or_at_train_start,strict_full_history,full_2024_2026apr,True,False,False,Universe498 is current/listing-aware; strict symbols are proof-style subset but not delisting-complete universe.
SQDUSDT,2025-06-11 12:00:00+00:00,2026-04-30 23:00:00+00:00,listed_during_validation,listing_aware,recent_only,True,False,False,Universe498 is current/listing-aware; strict symbols are proof-style subset but not delisting-complete universe.
XANUSDT,2025-09-29 10:00:00+00:00,2026-04-30 23:00:00+00:00,listed_during_test,listing_aware,short_history,True,False,False,Universe498 is current/listing-aware; strict symbols are proof-style subset but not delisting-complete universe.
POWRUSDT,2024-01-01 00:00:00+00:00,2026-04-30 23:00:00+00:00,before_or_at_train_start,strict_full_history,full_2024_2026apr,True,False,False,Universe498 is current/listing-aware; strict symbols are proof-style subset but not delisting-complete universe.
ERAUSDT,2025-07-17 15:00:00+00:00,2026-04-30 23:00:00+00:00,listed_during_test,listing_aware,short_history,True,False,False,Universe498 is current/listing-aware; strict symbols are proof-style subset but not delisting-complete universe.
MAGMAUSDT,2025-12-31 13:00:00+00:00,2026-04-30 23:00:00+00:00,listed_during_test,listing_aware,short_history,True,False,False,Universe498 is current/listing-aware; strict symbols are proof-style subset but not delisting-complete universe.
SIRENUSDT,2025-03-22 09:00:00+00:00,2026-04-30 23:00:00+00:00,listed_during_validation,listing_aware,recent_only,True,False,False,Universe498 is current/listing-aware; strict symbols are proof-style subset but not delisting-complete universe.
BICOUSDT,2024-01-01 00:00:00+00:00,2026-04-30 23:00:00+00:00,before_or_at_train_start,strict_full_history,full_2024_2026apr,True,False,False,Universe498 is current/listing-aware; strict symbols are proof-style subset but not delisting-complete universe.
ESPORTSUSDT,2025-07-29 10:00:00+00:00,2026-04-30 23:00:00+00:00,listed_during_test,listing_aware,short_history,True,False,False,Universe498 is current/listing-aware; strict symbols are proof-style subset but not delisting-complete universe.
TLMUSDT,2024-01-01 00:00:00+00:00,2026-04-30 23:00:00+00:00,before_or_at_train_start,strict_full_history,full_2024_2026apr,True,False,False,Universe498 is current/listing-aware; strict symbols are proof-style subset but not delisting-complete universe.
USDCUSDT,2024-01-01 00:00:00+00:00,2026-04-30 23:00:00+00:00,before_or_at_train_start,strict_full_history,full_2024_2026apr,True,False,False,Universe498 is current/listing-aware; strict symbols are proof-style subset but not delisting-complete universe.
BMTUSDT,2025-03-17 13:00:00+00:00,2026-04-30 23:00:00+00:00,listed_during_validation,listing_aware,recent_only,True,False,False,Universe498 is current/listing-aware; strict symbols are proof-style subset but not delisting-complete universe.
JOEUSDT,2024-01-01 00:00:00+00:00,2026-04-30 23:00:00+00:00,before_or_at_train_start,strict_full_history,full_2024_2026apr,True,False,False,Universe498 is current/listing-aware; strict symbols are proof-style subset but not delisting-complete universe.
JCTUSDT,2025-11-10 10:00:00+00:00,2026-04-30 23:00:00+00:00,listed_during_test,listing_aware,short_history,True,False,False,Universe498 is current/listing-aware; strict symbols are proof-style subset but not delisting-complete universe.
SKYAIUSDT,2025-05-13 09:00:00+00:00,2026-04-30 23:00:00+00:00,listed_during_validation,listing_aware,recent_only,True,False,False,Universe498 is current/listing-aware; strict symbols are proof-style subset but not delisting-complete universe.
XPINUSDT,2025-09-12 08:00:00+00:00,2026-04-30 23:00:00+00:00,listed_during_test,listing_aware,short_history,True,False,False,Universe498 is current/listing-aware; strict symbols are proof-style subset but not delisting-complete universe.
MBOXUSDT,2024-08-28 09:00:00+00:00,2026-04-30 23:00:00+00:00,listed_during_train,listing_aware,listed_by_2025H1,True,False,False,Universe498 is current/listing-aware; strict symbols are proof-style subset but not delisting-complete universe.
FUSDT,2025-06-18 12:00:00+00:00,2026-04-30 23:00:00+00:00,listed_during_validation,listing_aware,recent_only,True,False,False,Universe498 is current/listing-aware; strict symbols are proof-style subset but not delisting-complete universe.
PROMPTUSDT,2025-04-11 06:00:00+00:00,2026-04-30 23:00:00+00:00,listed_during_validation,listing_aware,recent_only,True,False,False,Universe498 is current/listing-aware; strict symbols are proof-style subset but not delisting-complete universe.
RPLUSDT,2024-09-09 12:00:00+00:00,2026-04-30 23:00:00+00:00,listed_during_train,listing_aware,listed_by_2025H1,True,False,False,Universe498 is current/listing-aware; strict symbols are proof-style subset but not delisting-complete universe.
1000XECUSDT,2024-01-01 00:00:00+00:00,2026-04-30 23:00:00+00:00,before_or_at_train_start,strict_full_history,full_2024_2026apr,True,False,False,Universe498 is current/listing-aware; strict symbols are proof-style subset but not delisting-complete universe.
PROMUSDT,2025-01-15 12:00:00+00:00,2026-04-30 23:00:00+00:00,listed_during_validation,listing_aware,recent_only,True,False,False,Universe498 is current/listing-aware; strict symbols are proof-style subset but not delisting-complete universe.
XVSUSDT,2024-01-01 00:00:00+00:00,2026-04-30 23:00:00+00:00,before_or_at_train_start,strict_full_history,full_2024_2026apr,True,False,False,Universe498 is current/listing-aware; strict symbols are proof-style subset but not delisting-complete universe.
SFPUSDT,2024-01-01 00:00:00+00:00,2026-04-30 23:00:00+00:00,before_or_at_train_start,strict_full_history,full_2024_2026apr,True,False,False,Universe498 is current/listing-aware; strict symbols are proof-style subset but not delisting-complete universe.
DOODUSDT,2025-05-09 13:00:00+00:00,2026-04-30 23:00:00+00:00,listed_during_validation,listing_aware,recent_only,True,False,False,Universe498 is current/listing-aware; strict symbols are proof-style subset but not delisting-complete universe.
ONGUSDT,2024-01-01 00:00:00+00:00,2026-04-30 23:00:00+00:00,before_or_at_train_start,strict_full_history,full_2024_2026apr,True,False,False,Universe498 is current/listing-aware; strict symbols are proof-style subset but not delisting-complete universe.
LSKUSDT,2024-01-25 14:00:00+00:00,2026-04-30 23:00:00+00:00,listed_during_train,strict_full_history,full_2024_2026apr,True,False,False,Universe498 is current/listing-aware; strict symbols are proof-style subset but not delisting-complete universe.
MOCAUSDT,2024-12-16 11:00:00+00:00,2026-04-30 23:00:00+00:00,listed_during_train,listing_aware,listed_by_2025H1,True,False,False,Universe498 is current/listing-aware; strict symbols are proof-style subset but not delisting-complete universe.
AKTUSDT,2024-11-18 11:00:00+00:00,2026-04-30 23:00:00+00:00,listed_during_train,listing_aware,listed_by_2025H1,True,False,False,Universe498 is current/listing-aware; strict symbols are proof-style subset but not delisting-complete universe.
LUMIAUSDT,2024-12-18 11:00:00+00:00,2026-04-30 23:00:00+00:00,listed_during_train,listing_aware,listed_by_2025H1,True,False,False,Universe498 is current/listing-aware; strict symbols are proof-style subset but not delisting-complete universe.
TOWNSUSDT,2025-08-05 14:00:00+00:00,2026-04-30 23:00:00+00:00,listed_during_test,listing_aware,short_history,True,False,False,Universe498 is current/listing-aware; strict symbols are proof-style subset but not delisting-complete universe.
SONICUSDT,2025-01-08 07:00:00+00:00,2026-04-30 23:00:00+00:00,listed_during_validation,listing_aware,listed_by_2025H1,True,False,False,Universe498 is current/listing-aware; strict symbols are proof-style subset but not delisting-complete universe.
BULLAUSDT,2025-07-04 09:00:00+00:00,2026-04-30 23:00:00+00:00,listed_during_test,listing_aware,recent_only,True,False,False,Universe498 is current/listing-aware; strict symbols are proof-style subset but not delisting-complete universe.
TOSHIUSDT,2025-09-17 05:00:00+00:00,2026-04-30 23:00:00+00:00,listed_during_test,listing_aware,short_history,True,False,False,Universe498 is current/listing-aware; strict symbols are proof-style subset but not delisting-complete universe.
AWEUSDT,2025-05-21 08:00:00+00:00,2026-04-30 23:00:00+00:00,listed_during_validation,listing_aware,recent_only,True,False,False,Universe498 is current/listing-aware; strict symbols are proof-style subset but not delisting-complete universe.
RIFUSDT,2024-01-01 00:00:00+00:00,2026-04-30 23:00:00+00:00,before_or_at_train_start,strict_full_history,full_2024_2026apr,True,False,False,Universe498 is current/listing-aware; strict symbols are proof-style subset but not delisting-complete universe.
CGPTUSDT,2024-12-20 19:00:00+00:00,2026-04-30 23:00:00+00:00,listed_during_train,listing_aware,listed_by_2025H1,True,False,False,Universe498 is current/listing-aware; strict symbols are proof-style subset but not delisting-complete universe.
FRAXUSDT,2026-01-15 08:00:00+00:00,2026-04-30 23:00:00+00:00,listed_during_recent_oos,listing_aware,short_history,True,False,False,Universe498 is current/listing-aware; strict symbols are proof-style subset but not delisting-complete universe.
SAFEUSDT,2024-10-25 12:00:00+00:00,2026-04-30 23:00:00+00:00,listed_during_train,listing_aware,listed_by_2025H1,True,False,False,Universe498 is current/listing-aware; strict symbols are proof-style subset but not delisting-complete universe.
SANTOSUSDT,2024-10-28 14:00:00+00:00,2026-04-30 23:00:00+00:00,listed_during_train,listing_aware,listed_by_2025H1,True,False,False,Universe498 is current/listing-aware; strict symbols are proof-style subset but not delisting-complete universe.
WAXPUSDT,2024-01-01 00:00:00+00:00,2026-04-30 23:00:00+00:00,before_or_at_train_start,strict_full_history,full_2024_2026apr,True,False,False,Universe498 is current/listing-aware; strict symbols are proof-style subset but not delisting-complete universe.
ETHWUSDT,2024-01-01 00:00:00+00:00,2026-04-30 23:00:00+00:00,before_or_at_train_start,strict_full_history,full_2024_2026apr,True,False,False,Universe498 is current/listing-aware; strict symbols are proof-style subset but not delisting-complete universe.
B2USDT,2025-05-06 13:00:00+00:00,2026-04-30 23:00:00+00:00,listed_during_validation,listing_aware,recent_only,True,False,False,Universe498 is current/listing-aware; strict symbols are proof-style subset but not delisting-complete universe.
STEEMUSDT,2024-01-01 00:00:00+00:00,2026-04-30 23:00:00+00:00,before_or_at_train_start,strict_full_history,full_2024_2026apr,True,False,False,Universe498 is current/listing-aware; strict symbols are proof-style subset but not delisting-complete universe.
GUSDT,2024-08-15 12:00:00+00:00,2026-04-30 23:00:00+00:00,listed_during_train,listing_aware,listed_by_2025H1,True,False,False,Universe498 is current/listing-aware; strict symbols are proof-style subset but not delisting-complete universe.
JSTUSDT,2025-04-28 09:00:00+00:00,2026-04-30 23:00:00+00:00,listed_during_validation,listing_aware,recent_only,True,False,False,Universe498 is current/listing-aware; strict symbols are proof-style subset but not delisting-complete universe.
AIOUSDT,2025-08-13 11:00:00+00:00,2026-04-30 23:00:00+00:00,listed_during_test,listing_aware,short_history,True,False,False,Universe498 is current/listing-aware; strict symbols are proof-style subset but not delisting-complete universe.
TRUSTUSDT,2025-11-05 09:00:00+00:00,2026-04-30 23:00:00+00:00,listed_during_test,listing_aware,short_history,True,False,False,Universe498 is current/listing-aware; strict symbols are proof-style subset but not delisting-complete universe.
DIAUSDT,2024-10-02 12:00:00+00:00,2026-04-30 23:00:00+00:00,listed_during_train,listing_aware,listed_by_2025H1,True,False,False,Universe498 is current/listing-aware; strict symbols are proof-style subset but not delisting-complete universe.
AINUSDT,2025-07-10 10:00:00+00:00,2026-04-30 23:00:00+00:00,listed_during_test,listing_aware,recent_only,True,False,False,Universe498 is current/listing-aware; strict symbols are proof-style subset but not delisting-complete universe.
DODOXUSDT,2024-01-01 00:00:00+00:00,2026-04-30 23:00:00+00:00,before_or_at_train_start,strict_full_history,full_2024_2026apr,True,False,False,Universe498 is current/listing-aware; strict symbols are proof-style subset but not delisting-complete universe.
HEIUSDT,2025-02-13 09:00:00+00:00,2026-04-30 23:00:00+00:00,listed_during_validation,listing_aware,recent_only,True,False,False,Universe498 is current/listing-aware; strict symbols are proof-style subset but not delisting-complete universe.
KOMAUSDT,2024-12-10 12:00:00+00:00,2026-04-30 23:00:00+00:00,listed_during_train,listing_aware,listed_by_2025H1,True,False,False,Universe498 is current/listing-aware; strict symbols are proof-style subset but not delisting-complete universe.
ALPINEUSDT,2025-05-06 09:00:00+00:00,2026-04-30 23:00:00+00:00,listed_during_validation,listing_aware,recent_only,True,False,False,Universe498 is current/listing-aware; strict symbols are proof-style subset but not delisting-complete universe.
VELVETUSDT,2025-07-15 09:00:00+00:00,2026-04-30 23:00:00+00:00,listed_during_test,listing_aware,short_history,True,False,False,Universe498 is current/listing-aware; strict symbols are proof-style subset but not delisting-complete universe.
MITOUSDT,2025-08-28 16:00:00+00:00,2026-04-30 23:00:00+00:00,listed_during_test,listing_aware,short_history,True,False,False,Universe498 is current/listing-aware; strict symbols are proof-style subset but not delisting-complete universe.
BNTUSDT,2024-01-01 00:00:00+00:00,2026-04-30 23:00:00+00:00,before_or_at_train_start,strict_full_history,full_2024_2026apr,True,False,False,Universe498 is current/listing-aware; strict symbols are proof-style subset but not delisting-complete universe.
ACUUSDT,2026-01-21 12:00:00+00:00,2026-04-30 23:00:00+00:00,listed_during_recent_oos,listing_aware,short_history,True,False,False,Universe498 is current/listing-aware; strict symbols are proof-style subset but not delisting-complete universe.
ASRUSDT,2025-05-06 09:00:00+00:00,2026-04-30 23:00:00+00:00,listed_during_validation,listing_aware,recent_only,True,False,False,Universe498 is current/listing-aware; strict symbols are proof-style subset but not delisting-complete universe.
CLANKERUSDT,2025-11-12 12:00:00+00:00,2026-04-30 23:00:00+00:00,listed_during_test,listing_aware,short_history,True,False,False,Universe498 is current/listing-aware; strict symbols are proof-style subset but not delisting-complete universe.
CVXUSDT,2025-07-01 00:00:00+00:00,2026-04-30 23:00:00+00:00,listed_after_train,hold_quality_or_short_history,recent_only,True,False,False,Universe498 is current/listing-aware; strict symbols are proof-style subset but not delisting-complete universe.
FLOCKUSDT,2025-09-09 06:00:00+00:00,2026-04-30 23:00:00+00:00,listed_during_test,listing_aware,short_history,True,False,False,Universe498 is current/listing-aware; strict symbols are proof-style subset but not delisting-complete universe.
DUSDT,2025-01-09 10:00:00+00:00,2026-04-30 23:00:00+00:00,listed_during_validation,listing_aware,listed_by_2025H1,True,False,False,Universe498 is current/listing-aware; strict symbols are proof-style subset but not delisting-complete universe.
SPORTFUNUSDT,2026-01-16 13:00:00+00:00,2026-04-30 23:00:00+00:00,listed_during_recent_oos,listing_aware,short_history,True,False,False,Universe498 is current/listing-aware; strict symbols are proof-style subset but not delisting-complete universe.
AKEUSDT,2025-09-26 12:00:00+00:00,2026-04-30 23:00:00+00:00,listed_during_test,listing_aware,short_history,True,False,False,Universe498 is current/listing-aware; strict symbols are proof-style subset but not delisting-complete universe.
ACXUSDT,2024-12-06 15:00:00+00:00,2026-04-30 23:00:00+00:00,listed_during_train,listing_aware,listed_by_2025H1,True,False,False,Universe498 is current/listing-aware; strict symbols are proof-style subset but not delisting-complete universe.
ELSAUSDT,2026-01-22 07:00:00+00:00,2026-04-30 23:00:00+00:00,listed_during_recent_oos,listing_aware,short_history,True,False,False,Universe498 is current/listing-aware; strict symbols are proof-style subset but not delisting-complete universe.
RECALLUSDT,2025-10-15 12:00:00+00:00,2026-04-30 23:00:00+00:00,listed_during_test,listing_aware,short_history,True,False,False,Universe498 is current/listing-aware; strict symbols are proof-style subset but not delisting-complete universe.
HIVEUSDT,2024-12-23 11:00:00+00:00,2026-04-30 23:00:00+00:00,listed_during_train,listing_aware,listed_by_2025H1,True,False,False,Universe498 is current/listing-aware; strict symbols are proof-style subset but not delisting-complete universe.
FLUXUSDT,2024-09-03 07:00:00+00:00,2026-04-30 23:00:00+00:00,listed_during_train,listing_aware,listed_by_2025H1,True,False,False,Universe498 is current/listing-aware; strict symbols are proof-style subset but not delisting-complete universe.
TURTLEUSDT,2025-10-22 15:00:00+00:00,2026-04-30 23:00:00+00:00,listed_during_test,listing_aware,short_history,True,False,False,Universe498 is current/listing-aware; strict symbols are proof-style subset but not delisting-complete universe.
TAGUSDT,2025-07-25 11:00:00+00:00,2026-04-30 23:00:00+00:00,listed_during_test,listing_aware,short_history,True,False,False,Universe498 is current/listing-aware; strict symbols are proof-style subset but not delisting-complete universe.
BROCCOLIF3BUSDT,2025-03-21 09:00:00+00:00,2026-04-30 23:00:00+00:00,listed_during_validation,listing_aware,recent_only,True,False,False,Universe498 is current/listing-aware; strict symbols are proof-style subset but not delisting-complete universe.
BRUSDT,2025-03-21 12:00:00+00:00,2026-04-30 23:00:00+00:00,listed_during_validation,listing_aware,recent_only,True,False,False,Universe498 is current/listing-aware; strict symbols are proof-style subset but not delisting-complete universe.
VELODROMEUSDT,2024-12-13 16:00:00+00:00,2026-04-30 23:00:00+00:00,listed_during_train,listing_aware,listed_by_2025H1,True,False,False,Universe498 is current/listing-aware; strict symbols are proof-style subset but not delisting-complete universe.
CROSSUSDT,2025-07-10 10:00:00+00:00,2026-04-30 23:00:00+00:00,listed_during_test,listing_aware,recent_only,True,False,False,Universe498 is current/listing-aware; strict symbols are proof-style subset but not delisting-complete universe.
ORDERUSDT,2025-09-26 12:00:00+00:00,2026-04-30 23:00:00+00:00,listed_during_test,listing_aware,short_history,True,False,False,Universe498 is current/listing-aware; strict symbols are proof-style subset but not delisting-complete universe.
VTHOUSDT,2025-01-22 09:00:00+00:00,2026-04-30 23:00:00+00:00,listed_during_validation,listing_aware,recent_only,True,False,False,Universe498 is current/listing-aware; strict symbols are proof-style subset but not delisting-complete universe.
AVAUSDT,2024-12-13 13:00:00+00:00,2026-04-30 23:00:00+00:00,listed_during_train,listing_aware,listed_by_2025H1,True,False,False,Universe498 is current/listing-aware; strict symbols are proof-style subset but not delisting-complete universe.
AERGOUSDT,2025-04-01 00:00:00+00:00,2026-04-30 23:00:00+00:00,listed_during_validation,hold_quality_or_short_history,recent_only,True,False,False,Universe498 is current/listing-aware; strict symbols are proof-style subset but not delisting-complete universe.
ONUSDT,2025-10-24 08:00:00+00:00,2026-04-30 23:00:00+00:00,listed_during_test,listing_aware,short_history,True,False,False,Universe498 is current/listing-aware; strict symbols are proof-style subset but not delisting-complete universe.
IDOLUSDT,2025-07-04 09:00:00+00:00,2026-04-30 23:00:00+00:00,listed_during_test,listing_aware,recent_only,True,False,False,Universe498 is current/listing-aware; strict symbols are proof-style subset but not delisting-complete universe.
SCRTUSDT,2024-11-21 11:00:00+00:00,2026-04-30 23:00:00+00:00,listed_during_train,listing_aware,listed_by_2025H1,True,False,False,Universe498 is current/listing-aware; strict symbols are proof-style subset but not delisting-complete universe.
COSUSDT,2024-09-30 13:00:00+00:00,2026-04-30 23:00:00+00:00,listed_during_train,listing_aware,listed_by_2025H1,True,False,False,Universe498 is current/listing-aware; strict symbols are proof-style subset but not delisting-complete universe.
USUSDT,2025-12-12 10:00:00+00:00,2026-04-30 23:00:00+00:00,listed_during_test,listing_aware,short_history,True,False,False,Universe498 is current/listing-aware; strict symbols are proof-style subset but not delisting-complete universe.
PUMPBTCUSDT,2025-06-13 10:00:00+00:00,2026-04-30 23:00:00+00:00,listed_during_validation,listing_aware,recent_only,True,False,False,Universe498 is current/listing-aware; strict symbols are proof-style subset but not delisting-complete universe.
MAVIAUSDT,2025-03-01 00:00:00+00:00,2026-04-30 23:00:00+00:00,listed_during_validation,hold_quality_or_short_history,recent_only,True,False,False,Universe498 is current/listing-aware; strict symbols are proof-style subset but not delisting-complete universe.
PUNDIXUSDT,2025-04-30 10:00:00+00:00,2026-04-30 23:00:00+00:00,listed_during_validation,listing_aware,recent_only,True,False,False,Universe498 is current/listing-aware; strict symbols are proof-style subset but not delisting-complete universe.
FLUIDUSDT,2025-09-24 10:00:00+00:00,2026-04-30 23:00:00+00:00,listed_during_test,listing_aware,short_history,True,False,False,Universe498 is current/listing-aware; strict symbols are proof-style subset but not delisting-complete universe.
ALLUSDT,2025-08-06 09:00:00+00:00,2026-04-30 23:00:00+00:00,listed_during_test,listing_aware,short_history,True,False,False,Universe498 is current/listing-aware; strict symbols are proof-style subset but not delisting-complete universe.
TACUSDT,2025-07-15 10:00:00+00:00,2026-04-30 23:00:00+00:00,listed_during_test,listing_aware,short_history,True,False,False,Universe498 is current/listing-aware; strict symbols are proof-style subset but not delisting-complete universe.
1000000BOBUSDT,2025-06-05 08:00:00+00:00,2026-04-30 23:00:00+00:00,listed_during_validation,listing_aware,recent_only,True,False,False,Universe498 is current/listing-aware; strict symbols are proof-style subset but not delisting-complete universe.
CVCUSDT,2025-05-01 00:00:00+00:00,2026-04-30 23:00:00+00:00,listed_during_validation,hold_quality_or_short_history,recent_only,True,False,False,Universe498 is current/listing-aware; strict symbols are proof-style subset but not delisting-complete universe.
VICUSDT,2025-03-12 17:00:00+00:00,2026-04-30 23:00:00+00:00,listed_during_validation,listing_aware,recent_only,True,False,False,Universe498 is current/listing-aware; strict symbols are proof-style subset but not delisting-complete universe.
CARVUSDT,2025-08-07 16:00:00+00:00,2026-04-30 23:00:00+00:00,listed_during_test,listing_aware,short_history,True,False,False,Universe498 is current/listing-aware; strict symbols are proof-style subset but not delisting-complete universe.
SLPUSDT,2025-07-01 00:00:00+00:00,2026-04-30 23:00:00+00:00,listed_after_train,hold_quality_or_short_history,recent_only,True,False,False,Universe498 is current/listing-aware; strict symbols are proof-style subset but not delisting-complete universe.
CTKUSDT,2025-04-01 00:00:00+00:00,2026-04-30 23:00:00+00:00,listed_during_validation,hold_quality_or_short_history,recent_only,True,False,False,Universe498 is current/listing-aware; strict symbols are proof-style subset but not delisting-complete universe.
TAIKOUSDT,2025-06-11 12:00:00+00:00,2026-04-30 23:00:00+00:00,listed_during_validation,listing_aware,recent_only,True,False,False,Universe498 is current/listing-aware; strict symbols are proof-style subset but not delisting-complete universe.
