path,subsystem,status,evidence
.planning/phases/01-crypto-search-hardening/01-PLAN.md,planning,keep_core,current planning source of truth
.planning/phases/05-verified-core-extraction-or-new-repo-decision/05-PLAN.md,planning,keep_core,current planning source of truth
.planning/PROJECT.md,planning,keep_core,current planning source of truth
.planning/ROADMAP.md,planning,keep_core,current planning source of truth
.planning/STATE.md,planning,keep_core,current planning source of truth
alphafactory_crypto/__init__.py,unknown,legacy_reference,
alphafactory_crypto/engines/__init__.py,unknown,legacy_reference,
alphafactory_crypto/engines/feature_algebra.py,unknown,legacy_reference,
alphafactory_crypto/engines/formula_gen_v2_adapter.py,formula_generation,wrap_with_contract,formula adapter exists; needs stable queue contract
alphafactory_crypto/engines/search_memory.py,search_memory,keep_core,A7MEM-0/1 pass; imported by search generation
alphafactory_crypto/engines/search_memory_enforcement.py,search_memory,keep_core,A7MEM-0/1 pass; imported by search generation
reports/CRYPTO_A7AA0_LABEL_FEATURE_RESPONSE_CONTRACT_20260529.md,feature_response,archive_only,response profiling evidence
reports/CRYPTO_A7AA1_PRIMITIVE_RESPONSE_MAP_20260529.md,feature_response,archive_only,response profiling evidence
reports/CRYPTO_A7AA2_FEATURE_ROLE_CLASSIFICATION_20260529.md,feature_response,archive_only,response profiling evidence
reports/CRYPTO_A7AA3_SELECTOR_REWRITE_CONTRACT_20260529.md,feature_response,archive_only,response profiling evidence
reports/CRYPTO_A7AA4_RESPONSE_READINESS_HANDOFF_20260529.md,feature_response,archive_only,response profiling evidence
reports/CRYPTO_A7AB0_SELECTOR_REWRITE_DRYRUN_CONTRACT_20260529.md,reports,source_of_truth_evidence,human decision artifact
reports/CRYPTO_A7AB1_SELECTOR_REWRITE_DRYRUN_20260529.md,reports,source_of_truth_evidence,human decision artifact
reports/CRYPTO_A7AB2_SEED_CONSTRAINED_MICRO_GENERATION_CONTRACT_20260529.md,reports,source_of_truth_evidence,human decision artifact
reports/CRYPTO_A7AB3_SEED_CONSTRAINED_DRY_GENERATION_20260529.md,reports,source_of_truth_evidence,human decision artifact
reports/CRYPTO_A7AB4_MATERIALIZATION_PREFLIGHT_20260529.md,reports,source_of_truth_evidence,human decision artifact
reports/CRYPTO_A7AB5_NUMERIC_REPLAY_CONTRACT_20260529.md,reports,source_of_truth_evidence,human decision artifact
reports/CRYPTO_A7AB6_SMALL_NUMERIC_REPLAY_PREFLIGHT_20260529.md,reports,source_of_truth_evidence,human decision artifact
reports/CRYPTO_A7AB7_CLUE_FORENSIC_CONTRACT_20260529.md,reports,source_of_truth_evidence,human decision artifact
reports/CRYPTO_A7AB8_CLUE_FORENSIC_EXECUTION_20260529.md,reports,source_of_truth_evidence,human decision artifact
reports/CRYPTO_A7AB9_SURVIVOR_FREEZE_CONTRACT_20260529.md,reports,source_of_truth_evidence,human decision artifact
reports/CRYPTO_A7AC0_REPRESENTATIVE_FORENSIC_CONTRACT_20260529.md,reports,source_of_truth_evidence,human decision artifact
reports/CRYPTO_A7AC1_REPRESENTATIVE_FORENSIC_EXECUTION_20260529.md,reports,source_of_truth_evidence,human decision artifact
reports/CRYPTO_A7AC1R_REPRESENTATIVE_QUARANTINE_CONTRACT_20260529.md,reports,source_of_truth_evidence,human decision artifact
reports/CRYPTO_A7AC2_LABEL_DIVERSIFICATION_CONTRACT_20260529.md,reports,source_of_truth_evidence,human decision artifact
reports/CRYPTO_A7AC3_LABEL_DIVERSIFICATION_DIAGNOSTIC_20260529.md,reports,source_of_truth_evidence,human decision artifact
reports/CRYPTO_A7AD0_RANKED_LABEL_TRANSLATION_CONTRACT_20260529.md,reports,source_of_truth_evidence,human decision artifact
reports/CRYPTO_A7AD1_RANKED_LABEL_TRANSLATION_AUDIT_20260529.md,reports,source_of_truth_evidence,human decision artifact
reports/CRYPTO_A7AE0_LABEL_ADEQUACY_EXTENSION_CONTRACT_20260529.md,reports,source_of_truth_evidence,human decision artifact
reports/CRYPTO_A7AE1_LABEL_ADEQUACY_RESPONSE_MAP_20260529.md,feature_response,archive_only,response profiling evidence
reports/CRYPTO_A7AE2_LABEL_ADEQUACY_ROLE_REVIEW_20260529.md,reports,source_of_truth_evidence,human decision artifact
reports/CRYPTO_A7AF0_ROLE_AWARE_SELECTOR_CONTRACT_20260529.md,reports,source_of_truth_evidence,human decision artifact
reports/CRYPTO_A7AF1_ROLE_AWARE_SELECTOR_DRYRUN_20260529.md,reports,source_of_truth_evidence,human decision artifact
reports/CRYPTO_A7AG0_ROLE_AWARE_GENERATION_CONTRACT_20260529.md,reports,source_of_truth_evidence,human decision artifact
reports/CRYPTO_A7AG1_STATIC_BLUEPRINT_DRYRUN_20260529.md,reports,source_of_truth_evidence,human decision artifact
reports/CRYPTO_A7AG2_NUMERIC_REPLAY_CONTRACT_20260529.md,reports,source_of_truth_evidence,human decision artifact
reports/CRYPTO_A7AG3_NUMERIC_REPLAY_PILOT_20260529.md,reports,source_of_truth_evidence,human decision artifact
reports/CRYPTO_A7AG4_CLUE_FORENSIC_CONTRACT_20260529.md,reports,source_of_truth_evidence,human decision artifact
reports/CRYPTO_A7AG5_CLUE_FORENSIC_AUDIT_20260529.md,reports,source_of_truth_evidence,human decision artifact
reports/CRYPTO_A7AH0_CORE12_AGGTRADES_FINAL_HANDOFF_AUDIT_20260524.md,reports,source_of_truth_evidence,human decision artifact
reports/CRYPTO_A7AH0_POST_A7AG_ROLE_SPLIT_DECISION_20260529.md,reports,source_of_truth_evidence,human decision artifact
reports/CRYPTO_A7AH1_ORDINARY_ALPHA_OBJECTIVE_REWRITE_CONTRACT_20260529.md,reports,source_of_truth_evidence,human decision artifact
reports/CRYPTO_A7AH1D_ORDINARY_ALPHA_DRY_RERANK_20260529.md,reports,source_of_truth_evidence,human decision artifact
reports/CRYPTO_A7AH2_DOWNSIDE_RISK_DEFENSE_FORENSIC_CONTRACT_20260529.md,reports,source_of_truth_evidence,human decision artifact
reports/CRYPTO_A7AH2F_DOWNSIDE_RISK_DEFENSE_FORENSIC_AUDIT_20260529.md,reports,source_of_truth_evidence,human decision artifact
reports/CRYPTO_A7AI0_CORE12_AGGTRADES_EXPERIMENT_CONTRACT_20260524.md,field_contracts,archive_only,prior governance evidence; not all scripts are runtime core
reports/CRYPTO_A7AI0R_CORE12_AGGTRADES_UNIFIED_FEATURE_BUILD_20260524.md,field_contracts,archive_only,prior governance evidence; not all scripts are runtime core
reports/CRYPTO_A7AIF0_FIELD_CONTRACT_ENFORCEMENT_LEDGER_20260529.md,field_contracts,archive_only,prior governance evidence; not all scripts are runtime core
reports/CRYPTO_A7AIF1_ENGINE_ENFORCEMENT_GAP_AUDIT_20260529.md,field_contracts,archive_only,prior governance evidence; not all scripts are runtime core
reports/CRYPTO_A7AIF2_END_TO_END_FIELD_ENFORCEMENT_REGRESSION_20260529.md,field_contracts,archive_only,prior governance evidence; not all scripts are runtime core
reports/CRYPTO_A7AIF3_MATERIALIZATION_EVALUATOR_PARITY_20260529.md,field_contracts,archive_only,prior governance evidence; not all scripts are runtime core
reports/CRYPTO_A7AIF4_RESPONSE_BACKED_FIELD_PROMOTION_20260529.md,field_contracts,archive_only,prior governance evidence; not all scripts are runtime core
reports/CRYPTO_A7AJ0_UNIVERSE500_SILVER_ACCEPTANCE_20260525.md,reports,source_of_truth_evidence,human decision artifact
reports/CRYPTO_A7AJ1_UNIVERSE300_SEARCH_PANEL_PREP_20260525.md,reports,source_of_truth_evidence,human decision artifact
reports/CRYPTO_A7AK_LV0_LISTING_AGE_LATENT_VARIABLE_CONTRACT_20260526.md,reports,source_of_truth_evidence,human decision artifact
reports/CRYPTO_A7AK_LV1_LATENT_STATE_FEATURE_BUILD_20260527.md,reports,source_of_truth_evidence,human decision artifact
reports/CRYPTO_A7AK_LV2_RESPONSE_MERGE_AUDIT_20260527.md,feature_response,archive_only,response profiling evidence
reports/CRYPTO_A7AK_LV3_NEUTRAL_FIELD_FAMILY_SMOKE_20260527.md,field_contracts,archive_only,prior governance evidence; not all scripts are runtime core
reports/CRYPTO_A7AK_LV3R_CONTRACT_MEME_TAXONOMY_AUDIT_20260527.md,reports,source_of_truth_evidence,human decision artifact
reports/CRYPTO_A7AL0_TOP498_LATENT_NEUTRAL_ALPHA_SEARCH_CONTRACT_20260527.md,reports,source_of_truth_evidence,human decision artifact
reports/CRYPTO_A7AL0_UNIVERSE498_REPLAY_ACCEPTANCE_20260526.md,reports,source_of_truth_evidence,human decision artifact
reports/CRYPTO_A7AL0F_DERIVED_FEATURE_ENGINEERING_CONTRACT_20260527.md,reports,source_of_truth_evidence,human decision artifact
reports/CRYPTO_A7AL0G_UPPER_REGIME_STATE_BUILDER_20260527.md,reports,source_of_truth_evidence,human decision artifact
reports/CRYPTO_A7AL0L_FIXED_DELAY_STRESS_ABOLITION_20260527.md,reports,source_of_truth_evidence,human decision artifact
reports/CRYPTO_A7AL0P_PRETRAIN_READINESS_GATE_20260527.md,reports,source_of_truth_evidence,human decision artifact
reports/CRYPTO_A7AL0R_CODE_FEATURE_REGIME_READINESS_AUDIT_20260527.md,reports,source_of_truth_evidence,human decision artifact
reports/CRYPTO_A7AL1_FIELD_FAMILY_NEUTRALIZED_BASELINE_20260527.md,field_contracts,archive_only,prior governance evidence; not all scripts are runtime core
reports/CRYPTO_A7AL1B_CONTROL_LATENCY_FORENSIC_20260527.md,reports,source_of_truth_evidence,human decision artifact
reports/CRYPTO_A7AL2_SMALL_FORMULA_SEARCH_CONTRACT_20260527.md,reports,source_of_truth_evidence,human decision artifact
reports/CRYPTO_A7AL2G_MATCHED_CONTROL_GATE_20260527.md,reports,source_of_truth_evidence,human decision artifact
reports/CRYPTO_A7AL2H_SELECTOR_REPAIR_20260527.md,reports,source_of_truth_evidence,human decision artifact
reports/CRYPTO_A7AL2I_REPLAY_PREFLIGHT_20260527.md,reports,source_of_truth_evidence,human decision artifact
reports/CRYPTO_A7AL2J_DERIVED_TOLERANT_SEARCH_RESET_20260527.md,reports,source_of_truth_evidence,human decision artifact
reports/CRYPTO_A7AL2K_DERIVED_GENERATOR_SMOKE_20260527.md,reports,source_of_truth_evidence,human decision artifact
reports/CRYPTO_A7AL2L_FAST_DERIVED_REPLAY_PREFLIGHT_20260527.md,reports,source_of_truth_evidence,human decision artifact
reports/CRYPTO_A7AL2M_DERIVED_CLUE_FORENSIC_20260527.md,reports,source_of_truth_evidence,human decision artifact
reports/CRYPTO_A7AL2N_DERIVED_DEEP_AUDIT_20260527.md,reports,source_of_truth_evidence,human decision artifact
reports/CRYPTO_A7AL2O_CANDIDATE_MINI_REPLAY_20260527.md,reports,source_of_truth_evidence,human decision artifact
reports/CRYPTO_A7AL2P0_PRE_SEARCH_HARDENING_AUDIT_20260527.md,reports,source_of_truth_evidence,human decision artifact
reports/CRYPTO_A7AL2P0R_REPAIR_RERUN_DECISION_20260528.md,reports,source_of_truth_evidence,human decision artifact
reports/CRYPTO_A7AL2P1_SELECTOR_FEATURE_GENERATION_20260528.md,reports,source_of_truth_evidence,human decision artifact
reports/CRYPTO_A7AL2P1R_SELECTOR_REWEIGHTED_RETRY_20260528.md,reports,source_of_truth_evidence,human decision artifact
reports/CRYPTO_A7AL2P1S_SELECTED_POOL_PROVENANCE_AUDIT_20260528.md,reports,source_of_truth_evidence,human decision artifact
reports/CRYPTO_A7AL2P1T_REPAIRED_POOL_RERUN_STATUS_20260528.md,reports,source_of_truth_evidence,human decision artifact
reports/CRYPTO_A7AL2P2_LOCAL_OI_PRICE_SEARCH_CONTRACT_20260528.md,reports,source_of_truth_evidence,human decision artifact
reports/CRYPTO_A7AL2Q_LOCAL_OI_PRICE_FORMULA_SEARCH_20260528.md,reports,source_of_truth_evidence,human decision artifact
reports/CRYPTO_A7AL2R_LOCAL_FORENSIC_20260528.md,reports,source_of_truth_evidence,human decision artifact
reports/CRYPTO_A7AL2S_COMPANY_FULL_FOLLOWUP_CONTRACT_20260528.md,reports,source_of_truth_evidence,human decision artifact
reports/CRYPTO_A7AL2S_LOCAL_FOLLOWUP_CONTRACT_20260528.md,reports,source_of_truth_evidence,human decision artifact
reports/CRYPTO_A7AL2T_COMPANY_MAY_STRESS_FAILURE_ATTRIBUTION_20260528.md,reports,source_of_truth_evidence,human decision artifact
reports/CRYPTO_A7AL2T_MAY_STRESS_FAILURE_ATTRIBUTION_20260528.md,reports,source_of_truth_evidence,human decision artifact
reports/CRYPTO_A7AL2U_OBJECTIVE_SELECTOR_REPAIR_CONTRACT_20260528.md,reports,source_of_truth_evidence,human decision artifact
reports/CRYPTO_A7AL2V_REPLAY_AWARE_SELECTOR_DRYRUN_20260528.md,reports,source_of_truth_evidence,human decision artifact
reports/CRYPTO_A7AL2W_SIGNAL_VECTOR_SELECTOR_REPAIR_20260528.md,reports,source_of_truth_evidence,human decision artifact
reports/CRYPTO_A7AL2X0_AUTHORIZATION_ARBITRATION_20260528.md,reports,source_of_truth_evidence,human decision artifact
reports/CRYPTO_A7AL2X1_DRY_RERANK_20260529.md,reports,source_of_truth_evidence,human decision artifact
reports/CRYPTO_A7AL2X2_OBJECTIVE_FAMILY_COVERAGE_GAP_AUDIT_20260529.md,reports,source_of_truth_evidence,human decision artifact
reports/CRYPTO_A7AL2X2R0_FAMILY_BALANCED_GENERATOR_REPAIR_CONTRACT_20260529.md,reports,source_of_truth_evidence,human decision artifact
reports/CRYPTO_A7AL2X2R1_SHARED_POOL_REBUILD_CONTRACT_20260529.md,reports,source_of_truth_evidence,human decision artifact
reports/CRYPTO_A7AL2X3_FAMILY_BALANCED_DRY_GENERATION_SMOKE_20260529.md,reports,source_of_truth_evidence,human decision artifact
reports/CRYPTO_A7AL2X4_REPLAY_READINESS_AUDIT_20260529.md,reports,source_of_truth_evidence,human decision artifact
reports/CRYPTO_A7AL2X4M_MATERIALIZATION_AND_EVALUATOR_AUDIT_20260529.md,reports,source_of_truth_evidence,human decision artifact
reports/CRYPTO_A7AL2X5_EVALUATOR_PREFLIGHT_SMOKE_20260529.md,reports,source_of_truth_evidence,human decision artifact
reports/CRYPTO_A7AL2X6_SMALL_NUMERIC_REPLAY_CONTRACT_20260529.md,reports,source_of_truth_evidence,human decision artifact
reports/CRYPTO_A7AL2X7_SMALL_NUMERIC_REPLAY_PREFLIGHT_20260529.md,reports,source_of_truth_evidence,human decision artifact
reports/CRYPTO_A7AL2X7F_REPLAY_PREFLIGHT_FORENSIC_20260529.md,reports,source_of_truth_evidence,human decision artifact
reports/CRYPTO_A7AL2X7H_HEAVY_NUMERIC_REPLAY_PREFLIGHT_20260529.md,reports,source_of_truth_evidence,human decision artifact
reports/CRYPTO_A7AL2X7HF_HEAVY_REPLAY_PREFLIGHT_FORENSIC_20260529.md,reports,source_of_truth_evidence,human decision artifact
reports/CRYPTO_A7AL2X_OBJECTIVE_FAMILY_RESET_CONTRACT_20260528.md,reports,source_of_truth_evidence,human decision artifact
reports/CRYPTO_A7AL2Z0_BROADER_NON_OI_OBJECTIVE_CONTRACT_20260529.md,reports,source_of_truth_evidence,human decision artifact
reports/CRYPTO_A7AL2Z1_BROADER_NON_OI_DRY_GENERATION_20260529.md,reports,source_of_truth_evidence,human decision artifact
reports/CRYPTO_A7AL2Z2_BROADER_NON_OI_MATERIALIZATION_AUDIT_20260529.md,reports,source_of_truth_evidence,human decision artifact
reports/CRYPTO_A7AL2Z2R_BROADER_NON_OI_MATERIALIZATION_REPAIR_20260529.md,reports,source_of_truth_evidence,human decision artifact
reports/CRYPTO_A7AL2Z3_BROADER_NON_OI_NUMERIC_PREFLIGHT_CONTRACT_20260529.md,reports,source_of_truth_evidence,human decision artifact
reports/CRYPTO_A7AL2Z4_BROADER_NON_OI_NUMERIC_REPLAY_PREFLIGHT_20260529.md,reports,source_of_truth_evidence,human decision artifact
reports/CRYPTO_A7AL2Z4F_BROADER_NON_OI_PREFLIGHT_FORENSIC_20260529.md,reports,source_of_truth_evidence,human decision artifact
reports/CRYPTO_A7AL2Z5_BROADER_NON_OI_MULTI_HORIZON_DIAGNOSTIC_20260529.md,reports,source_of_truth_evidence,human decision artifact
reports/CRYPTO_A7AL2Z6_RESPONSE_GUIDED_MUTATION_CONTRACT_20260529.md,feature_response,archive_only,response profiling evidence
reports/CRYPTO_A7AL2Z7_RESPONSE_GUIDED_DRY_GENERATION_20260529.md,feature_response,archive_only,response profiling evidence
reports/CRYPTO_A7AL2Z8_RESPONSE_GUIDED_MATERIALIZATION_REPAIR_20260529.md,feature_response,archive_only,response profiling evidence
reports/CRYPTO_A7AL2Z8P_PARTIAL_VIABLE_QUEUE_AUTHORIZATION_20260529.md,reports,source_of_truth_evidence,human decision artifact
reports/CRYPTO_A7AL2Z9_RESPONSE_GUIDED_PARTIAL_NUMERIC_DIAGNOSTIC_20260529.md,feature_response,archive_only,response profiling evidence
reports/CRYPTO_A7AM0_UNIVERSE498_FEATURE_SYMBOL_CONTRACT_20260526.md,reports,source_of_truth_evidence,human decision artifact
reports/CRYPTO_A7AO0_OKX_CROSS_EXCHANGE_LIGHT_ACCEPTANCE_20260526.md,reports,source_of_truth_evidence,human decision artifact
reports/CRYPTO_A7AO1_OKX_BINANCE_SPREAD_ALIGNMENT_SAMPLE_20260526.md,reports,source_of_truth_evidence,human decision artifact
reports/CRYPTO_A7AP0_OKX_BINANCE_CROSS_EXCHANGE_ACCEPTANCE_20260527.md,reports,source_of_truth_evidence,human decision artifact
reports/CRYPTO_A7AP1_CROSS_EXCHANGE_FIELD_SMOKE_20260527.md,field_contracts,archive_only,prior governance evidence; not all scripts are runtime core
reports/CRYPTO_A7AP2_MULTIPLIER_PRICE_SCALE_REPAIR_20260527.md,reports,source_of_truth_evidence,human decision artifact
reports/CRYPTO_A7AP3_REPAIRED_OVERLAY_EXPERIMENT_HANDOFF_20260527.md,reports,source_of_truth_evidence,human decision artifact
reports/CRYPTO_A7AR0_CN_ENGINE_INHERITANCE_AUDIT_20260527.md,reports,source_of_truth_evidence,human decision artifact
reports/CRYPTO_A7AR1_FORMULA_ENGINE_ADAPTER_SMOKE_20260527.md,reports,source_of_truth_evidence,human decision artifact
reports/CRYPTO_A7AR2_FEATURE_ALGEBRA_PARITY_SMOKE_20260527.md,reports,source_of_truth_evidence,human decision artifact
reports/CRYPTO_A7AR3_FRESH_MEMORY_DEDUP_SMOKE_20260527.md,reports,source_of_truth_evidence,human decision artifact
reports/CRYPTO_A7AR4_SELECTOR_ADAPTER_SMOKE_20260527.md,reports,source_of_truth_evidence,human decision artifact
reports/CRYPTO_A7AR6_CN_MATURE_CHAIN_PARITY_GAP_AUDIT_20260528.md,reports,source_of_truth_evidence,human decision artifact
reports/CRYPTO_A7AR7_SHARED_CANDIDATE_POOL_20260528.md,reports,source_of_truth_evidence,human decision artifact
reports/CRYPTO_A7AR8_SIGNAL_VECTOR_CLUSTER_REGISTRY_20260528.md,reports,source_of_truth_evidence,human decision artifact
reports/CRYPTO_A7AS0_V2_DATA_ACCEPTANCE_20260527.md,reports,source_of_truth_evidence,human decision artifact
reports/CRYPTO_A7DATA_PRE2024_BACKFILL_ACCEPTANCE_AGE_20260612.md,reports,source_of_truth_evidence,human decision artifact
reports/CRYPTO_A7DATA_RECENT_PATCH_AND_CE_OVERLAY_ACCEPTANCE_20260613.md,reports,source_of_truth_evidence,human decision artifact
reports/CRYPTO_A7DATA_RECENT_PATCH_MERGED_PANEL_20260613.md,reports,source_of_truth_evidence,human decision artifact
reports/CRYPTO_A7FAST0_BACKTEST_ACCELERATION_AUDIT_20260615.md,reports,source_of_truth_evidence,human decision artifact
reports/CRYPTO_A7FF0_FIELD_ONTOLOGY_V2_20260530.md,field_contracts,archive_only,prior governance evidence; not all scripts are runtime core
reports/CRYPTO_A7FF10_COMPANY_PARALLEL_AGGREGATE_20260530.md,feature_factory,legacy_reference,large feature experiments; requires core extraction review
reports/CRYPTO_A7FF10S00_COMPANY_NUMERIC_PROBE_20260530.md,feature_factory,legacy_reference,large feature experiments; requires core extraction review
reports/CRYPTO_A7FF10S01_COMPANY_NUMERIC_PROBE_20260530.md,feature_factory,legacy_reference,large feature experiments; requires core extraction review
reports/CRYPTO_A7FF10S02_COMPANY_NUMERIC_PROBE_20260530.md,feature_factory,legacy_reference,large feature experiments; requires core extraction review
reports/CRYPTO_A7FF10S03_COMPANY_NUMERIC_PROBE_20260530.md,feature_factory,legacy_reference,large feature experiments; requires core extraction review
reports/CRYPTO_A7FF11_COMPANY_RUNNER_CONTRACT_20260530.md,feature_factory,legacy_reference,large feature experiments; requires core extraction review
reports/CRYPTO_A7FF11_SELECTED_QUEUE_TRIAGE_20260530.md,feature_factory,legacy_reference,large feature experiments; requires core extraction review
reports/CRYPTO_A7FF12_COMPANY_WAVE_AGGREGATE_20260530.md,feature_factory,legacy_reference,large feature experiments; requires core extraction review
reports/CRYPTO_A7FF12_NUMERIC_WAVE_QUEUE_CONTRACT_20260530.md,feature_factory,legacy_reference,large feature experiments; requires core extraction review
reports/CRYPTO_A7FF12S00_COMPANY_NUMERIC_PROBE_20260530.md,feature_factory,legacy_reference,large feature experiments; requires core extraction review
reports/CRYPTO_A7FF12S01_COMPANY_NUMERIC_PROBE_20260530.md,feature_factory,legacy_reference,large feature experiments; requires core extraction review
reports/CRYPTO_A7FF12S02_COMPANY_NUMERIC_PROBE_20260530.md,feature_factory,legacy_reference,large feature experiments; requires core extraction review
reports/CRYPTO_A7FF12S03_COMPANY_NUMERIC_PROBE_20260530.md,feature_factory,legacy_reference,large feature experiments; requires core extraction review
reports/CRYPTO_A7FF12S04_COMPANY_NUMERIC_PROBE_20260530.md,feature_factory,legacy_reference,large feature experiments; requires core extraction review
reports/CRYPTO_A7FF12S05_COMPANY_NUMERIC_PROBE_20260530.md,feature_factory,legacy_reference,large feature experiments; requires core extraction review
reports/CRYPTO_A7FF12S06_COMPANY_NUMERIC_PROBE_20260530.md,feature_factory,legacy_reference,large feature experiments; requires core extraction review
reports/CRYPTO_A7FF12S07_COMPANY_NUMERIC_PROBE_20260530.md,feature_factory,legacy_reference,large feature experiments; requires core extraction review
reports/CRYPTO_A7FF13_WAVE_TRIAGE_20260530.md,feature_factory,legacy_reference,large feature experiments; requires core extraction review
reports/CRYPTO_A7FF14_LABEL_BALANCED_SELECTOR_REPAIR_20260530.md,feature_factory,legacy_reference,large feature experiments; requires core extraction review
reports/CRYPTO_A7FF15_COST_TIERED_BALANCED_FOLLOWUP_20260530.md,feature_factory,legacy_reference,large feature experiments; requires core extraction review
reports/CRYPTO_A7FF16_COMPANY_NUMERIC_FOLLOWUP_AGGREGATE_20260530.md,feature_factory,legacy_reference,large feature experiments; requires core extraction review
reports/CRYPTO_A7FF16_COST_TIERED_NUMERIC_FOLLOWUP_CONTRACT_20260530.md,feature_factory,legacy_reference,large feature experiments; requires core extraction review
reports/CRYPTO_A7FF16S00_COMPANY_NUMERIC_FOLLOWUP_20260530.md,feature_factory,legacy_reference,large feature experiments; requires core extraction review
reports/CRYPTO_A7FF16S01_COMPANY_NUMERIC_FOLLOWUP_20260530.md,feature_factory,legacy_reference,large feature experiments; requires core extraction review
reports/CRYPTO_A7FF17_FOLLOWUP_SELECTOR_TRIAGE_20260530.md,feature_factory,legacy_reference,large feature experiments; requires core extraction review
reports/CRYPTO_A7FF18_EXTERNAL_LABEL_BALANCED_SELECTOR_20260530.md,feature_factory,legacy_reference,large feature experiments; requires core extraction review
reports/CRYPTO_A7FF19_COMPANY_NUMERIC_CONFIRMATION_AGGREGATE_20260530.md,feature_factory,legacy_reference,large feature experiments; requires core extraction review
reports/CRYPTO_A7FF19_EXTERNAL_SELECTOR_CONFIRMATION_CONTRACT_20260530.md,feature_factory,legacy_reference,large feature experiments; requires core extraction review
reports/CRYPTO_A7FF19S00_COMPANY_NUMERIC_CONFIRMATION_20260530.md,feature_factory,legacy_reference,large feature experiments; requires core extraction review
reports/CRYPTO_A7FF19S01_COMPANY_NUMERIC_CONFIRMATION_20260530.md,feature_factory,legacy_reference,large feature experiments; requires core extraction review
reports/CRYPTO_A7FF1_OPERATOR_PROBING_20260530.md,feature_factory,legacy_reference,large feature experiments; requires core extraction review
reports/CRYPTO_A7FF20_CONFIRMATION_SELECTOR_TRIAGE_20260530.md,feature_factory,legacy_reference,large feature experiments; requires core extraction review
reports/CRYPTO_A7FF21_EXTERNAL_CONFIRMATION_SELECTOR_20260530.md,feature_factory,legacy_reference,large feature experiments; requires core extraction review
reports/CRYPTO_A7FF22_LABEL_BALANCED_EXPANSION_CONTRACT_20260530.md,feature_factory,legacy_reference,large feature experiments; requires core extraction review
reports/CRYPTO_A7FF23R_DERIVED_FACTOR_EXPANSION_CONTRACT_20260530.md,feature_factory,legacy_reference,large feature experiments; requires core extraction review
reports/CRYPTO_A7FF24R2_REPAIRED_COMPANY_QUEUE_20260530.md,feature_factory,legacy_reference,large feature experiments; requires core extraction review
reports/CRYPTO_A7FF24R3_DENSE_MATERIALIZER_PREFLIGHT_20260530.md,feature_factory,legacy_reference,large feature experiments; requires core extraction review
reports/CRYPTO_A7FF24R4_REPAIRED_NUMERIC_WAVE_CONTRACT_20260531.md,feature_factory,legacy_reference,large feature experiments; requires core extraction review
reports/CRYPTO_A7FF24R_DRY_GENERATION_PLAN_20260530.md,feature_factory,legacy_reference,large feature experiments; requires core extraction review
reports/CRYPTO_A7FF25R0_COMPANY_QUEUE_COVERAGE_AUDIT_20260530.md,feature_factory,legacy_reference,large feature experiments; requires core extraction review
reports/CRYPTO_A7FF25R1_NUMERIC_ADAPTER_PARITY_SMOKE_20260530.md,feature_factory,legacy_reference,large feature experiments; requires core extraction review
reports/CRYPTO_A7FF25R2_ONE_SHARD_NUMERIC_WAVE_20260530.md,feature_factory,legacy_reference,large feature experiments; requires core extraction review
reports/CRYPTO_A7FF25R3_FULL_COMPANY_NUMERIC_WAVE_20260530.md,feature_factory,legacy_reference,large feature experiments; requires core extraction review
reports/CRYPTO_A7FF25R3S00_NUMERIC_WAVE_20260530.md,feature_factory,legacy_reference,large feature experiments; requires core extraction review
reports/CRYPTO_A7FF25R3S01_NUMERIC_WAVE_20260530.md,feature_factory,legacy_reference,large feature experiments; requires core extraction review
reports/CRYPTO_A7FF25R3S02_NUMERIC_WAVE_20260530.md,feature_factory,legacy_reference,large feature experiments; requires core extraction review
reports/CRYPTO_A7FF25R3S03_NUMERIC_WAVE_20260530.md,feature_factory,legacy_reference,large feature experiments; requires core extraction review
reports/CRYPTO_A7FF25R3S04_NUMERIC_WAVE_20260530.md,feature_factory,legacy_reference,large feature experiments; requires core extraction review
reports/CRYPTO_A7FF25R3S05_NUMERIC_WAVE_20260530.md,feature_factory,legacy_reference,large feature experiments; requires core extraction review
reports/CRYPTO_A7FF25R3S06_NUMERIC_WAVE_20260530.md,feature_factory,legacy_reference,large feature experiments; requires core extraction review
reports/CRYPTO_A7FF25R3S07_NUMERIC_WAVE_20260530.md,feature_factory,legacy_reference,large feature experiments; requires core extraction review
reports/CRYPTO_A7FF25R3S08_NUMERIC_WAVE_20260530.md,feature_factory,legacy_reference,large feature experiments; requires core extraction review
reports/CRYPTO_A7FF25R3S09_NUMERIC_WAVE_20260530.md,feature_factory,legacy_reference,large feature experiments; requires core extraction review
reports/CRYPTO_A7FF25R3S10_NUMERIC_WAVE_20260530.md,feature_factory,legacy_reference,large feature experiments; requires core extraction review
reports/CRYPTO_A7FF25R3S11_NUMERIC_WAVE_20260530.md,feature_factory,legacy_reference,large feature experiments; requires core extraction review
reports/CRYPTO_A7FF25R4_NO_ACTIVITY_TAIL_AUDIT_20260530.md,feature_factory,legacy_reference,large feature experiments; requires core extraction review
reports/CRYPTO_A7FF25R5_FUNDING_TAIL_REPAIR_CONTRACT_20260530.md,feature_factory,legacy_reference,large feature experiments; requires core extraction review
reports/CRYPTO_A7FF25R6_DENSE_FUNDING_STATE_AUDIT_20260530.md,feature_factory,legacy_reference,large feature experiments; requires core extraction review
reports/CRYPTO_A7FF26_NUMERIC_CLUE_FORENSIC_20260530.md,feature_factory,legacy_reference,large feature experiments; requires core extraction review
reports/CRYPTO_A7FF27_REPLAY_PREFLIGHT_20260530.md,feature_factory,legacy_reference,large feature experiments; requires core extraction review
reports/CRYPTO_A7FF27_REPLAY_PREFLIGHT_SUMMARY_20260530.md,feature_factory,legacy_reference,large feature experiments; requires core extraction review
reports/CRYPTO_A7FF28_DEEP_REPLAY_CONTRACT_20260530.md,feature_factory,legacy_reference,large feature experiments; requires core extraction review
reports/CRYPTO_A7FF28A_BOUNDED_DEEP_REPLAY_20260530.md,feature_factory,legacy_reference,large feature experiments; requires core extraction review
reports/CRYPTO_A7FF28A_BOUNDED_DEEP_REPLAY_SUMMARY_20260530.md,feature_factory,legacy_reference,large feature experiments; requires core extraction review
reports/CRYPTO_A7FF29_CANDIDATE_FORENSIC_20260530.md,feature_factory,legacy_reference,large feature experiments; requires core extraction review
reports/CRYPTO_A7FF2_FEATURE_PAIR_CLUSTERING_20260530.md,feature_factory,legacy_reference,large feature experiments; requires core extraction review
reports/CRYPTO_A7FF30_PORTFOLIO_REPLAY_CONTRACT_20260530.md,feature_factory,legacy_reference,large feature experiments; requires core extraction review
reports/CRYPTO_A7FF30A_PORTFOLIO_REPLAY_SMOKE_20260530.md,feature_factory,legacy_reference,large feature experiments; requires core extraction review
reports/CRYPTO_A7FF31_PORTFOLIO_FORENSIC_20260530.md,feature_factory,legacy_reference,large feature experiments; requires core extraction review
reports/CRYPTO_A7FF32_FAMILY_DIVERSIFICATION_CONTRACT_20260530.md,feature_factory,legacy_reference,large feature experiments; requires core extraction review
reports/CRYPTO_A7FF33_FAMILY_DIVERSIFIED_DRY_GENERATION_20260530.md,feature_factory,legacy_reference,large feature experiments; requires core extraction review
reports/CRYPTO_A7FF34_FAMILY_QUEUE_COVERAGE_AUDIT_20260530.md,feature_factory,legacy_reference,large feature experiments; requires core extraction review
reports/CRYPTO_A7FF35_DIVERSIFIED_NUMERIC_PREFLIGHT_20260530.md,feature_factory,legacy_reference,large feature experiments; requires core extraction review
reports/CRYPTO_A7FF36_DIVERSIFIED_CLUE_FORENSIC_20260530.md,feature_factory,legacy_reference,large feature experiments; requires core extraction review
reports/CRYPTO_A7FF37_DEEP_REPLAY_CONTRACT_20260530.md,feature_factory,legacy_reference,large feature experiments; requires core extraction review
reports/CRYPTO_A7FF37A_BOUNDED_DEEP_REPLAY_20260530.md,feature_factory,legacy_reference,large feature experiments; requires core extraction review
reports/CRYPTO_A7FF37B_DEEP_REPLAY_FORENSIC_20260530.md,feature_factory,legacy_reference,large feature experiments; requires core extraction review
reports/CRYPTO_A7FF38_FOCUSED_REPLAY_TASKFLOW_20260530.md,feature_factory,legacy_reference,large feature experiments; requires core extraction review
reports/CRYPTO_A7FF39_FOCUSED_TASKFLOW_FORENSIC_20260530.md,feature_factory,legacy_reference,large feature experiments; requires core extraction review
reports/CRYPTO_A7FF3_COARSE_TO_FINE_GENERATION_CONTRACT_20260530.md,feature_factory,legacy_reference,large feature experiments; requires core extraction review
reports/CRYPTO_A7FF40_CONTROL_STRICT_FOLLOWUP_20260530.md,feature_factory,legacy_reference,large feature experiments; requires core extraction review
reports/CRYPTO_A7FF42_FAMILY_BALANCED_NUMERIC_20260530.md,feature_factory,legacy_reference,large feature experiments; requires core extraction review
reports/CRYPTO_A7FF43_REPAIRED_SELECTOR_NUMERIC_CONFIRMATION_20260531.md,feature_factory,legacy_reference,large feature experiments; requires core extraction review
reports/CRYPTO_A7FF44_DEEP_FORENSIC_20260531.md,feature_factory,legacy_reference,large feature experiments; requires core extraction review
reports/CRYPTO_A7FF45_BOUNDED_DEEP_REPLAY_20260531.md,feature_factory,legacy_reference,large feature experiments; requires core extraction review
reports/CRYPTO_A7FF46_CANDIDATE_FREEZE_20260531.md,feature_factory,legacy_reference,large feature experiments; requires core extraction review
reports/CRYPTO_A7FF47_PORTFOLIO_MICROREPLAY_20260531.md,feature_factory,legacy_reference,large feature experiments; requires core extraction review
reports/CRYPTO_A7FF49_EXISTING_MAP_NON_L5_MINING_20260531.md,feature_factory,legacy_reference,large feature experiments; requires core extraction review
reports/CRYPTO_A7FF4_FEATURE_ROLE_PROMOTION_20260530.md,feature_factory,legacy_reference,large feature experiments; requires core extraction review
reports/CRYPTO_A7FF51_COMPACT_NON_L5_CONTRACT_20260531.md,feature_factory,legacy_reference,large feature experiments; requires core extraction review
reports/CRYPTO_A7FF51E_NON_L5_HEAVY_GENERATION_20260531.md,feature_factory,legacy_reference,large feature experiments; requires core extraction review
reports/CRYPTO_A7FF52_MATERIALIZATION_PREFLIGHT_CONTRACT_20260531.md,feature_factory,legacy_reference,large feature experiments; requires core extraction review
reports/CRYPTO_A7FF52E_MATERIALIZATION_PREFLIGHT_20260531.md,feature_factory,legacy_reference,large feature experiments; requires core extraction review
reports/CRYPTO_A7FF53_NUMERIC_RESPONSE_CONTRACT_20260531.md,feature_response,archive_only,response profiling evidence
reports/CRYPTO_A7FF53E_NUMERIC_RESPONSE_EXECUTION_S00_20260531.md,feature_response,archive_only,response profiling evidence
reports/CRYPTO_A7FF53E_NUMERIC_RESPONSE_SUMMARY_20260531.md,feature_response,archive_only,response profiling evidence
reports/CRYPTO_A7FF54_NUMERIC_CLUE_CONSOLIDATION_20260531.md,feature_factory,legacy_reference,large feature experiments; requires core extraction review
reports/CRYPTO_A7FF55_SELECTOR_REPAIR_CONTRACT_20260531.md,feature_factory,legacy_reference,large feature experiments; requires core extraction review
reports/CRYPTO_A7FF55D_SELECTOR_REPAIR_INPUTS_S01P_20260531.md,feature_factory,legacy_reference,large feature experiments; requires core extraction review
reports/CRYPTO_A7FF55D_SELECTOR_REPAIR_PARTIAL_DRYRUN_20260531.md,feature_factory,legacy_reference,large feature experiments; requires core extraction review
reports/CRYPTO_A7FF55F_FULL_PRIMARY_INPUT_REBUILD_20260531.md,feature_factory,legacy_reference,large feature experiments; requires core extraction review
reports/CRYPTO_A7FF55R1_SUPPLEMENTAL_QUEUE_FEASIBILITY_20260531.md,feature_factory,legacy_reference,large feature experiments; requires core extraction review
reports/CRYPTO_A7FF55R2_ATLAS_FIELD_FAMILY_GENERATION_REPAIR_20260531.md,field_contracts,archive_only,prior governance evidence; not all scripts are runtime core
reports/CRYPTO_A7FF55R3_REPAIRED_ATLAS_DRY_GENERATION_20260531.md,feature_factory,legacy_reference,large feature experiments; requires core extraction review
reports/CRYPTO_A7FF55R4_REPAIRED_ATLAS_COVERAGE_AUDIT_20260531.md,feature_factory,legacy_reference,large feature experiments; requires core extraction review
reports/CRYPTO_A7FF55R5_REPAIRED_ATLAS_NUMERIC_CONTRACT_20260531.md,feature_factory,legacy_reference,large feature experiments; requires core extraction review
reports/CRYPTO_A7FF55R5E_SHARDED_NUMERIC_SUMMARY_20260531.md,feature_factory,legacy_reference,large feature experiments; requires core extraction review
reports/CRYPTO_A7FF55R_SELECTOR_FIELD_FAMILY_REPAIR_CONTRACT_20260531.md,field_contracts,archive_only,prior governance evidence; not all scripts are runtime core
reports/CRYPTO_A7FF5_FACTOR_CANDIDATE_COMPILER_20260530.md,feature_factory,legacy_reference,large feature experiments; requires core extraction review
reports/CRYPTO_A7FF6_PORTFOLIO_MARGINAL_SELECTOR_DRYRUN_20260530.md,feature_factory,legacy_reference,large feature experiments; requires core extraction review
reports/CRYPTO_A7FF7E_EXPANDED_DERIVATION_PROBE_CONTRACT_20260530.md,feature_factory,legacy_reference,large feature experiments; requires core extraction review
reports/CRYPTO_A7FF8_EXPANDED_NUMERIC_PROBE_20260530.md,feature_factory,legacy_reference,large feature experiments; requires core extraction review
reports/CRYPTO_A7FF9_CONTINUATION_COMPARISON_20260530.md,feature_factory,legacy_reference,large feature experiments; requires core extraction review
reports/CRYPTO_A7FF9_EXPANDED_NUMERIC_PROBE_CONTINUATION_20260530.md,feature_factory,legacy_reference,large feature experiments; requires core extraction review
reports/CRYPTO_A7FF_VERSION_20260530_A7FFR_TO_A7FF24R.md,feature_factory,legacy_reference,large feature experiments; requires core extraction review
reports/CRYPTO_A7FFCORE0_TYPED_AST_GOVERNANCE_20260601.md,feature_factory,legacy_reference,large feature experiments; requires core extraction review
reports/CRYPTO_A7FFCORE10_REPLAY_CLEAN_CONSOLIDATION_20260601.md,feature_factory,legacy_reference,large feature experiments; requires core extraction review
reports/CRYPTO_A7FFCORE10E_SEARCH_READINESS_AUDIT_20260601.md,feature_factory,legacy_reference,large feature experiments; requires core extraction review
reports/CRYPTO_A7FFCORE10R_REPLAY_CLEAN_POOL_REPAIR_20260601.md,feature_factory,legacy_reference,large feature experiments; requires core extraction review
reports/CRYPTO_A7FFCORE11_SMALL_EXPANSION_CONTRACT_20260601.md,feature_factory,legacy_reference,large feature experiments; requires core extraction review
reports/CRYPTO_A7FFCORE11E_SMALL_DRY_GENERATION_20260601.md,feature_factory,legacy_reference,large feature experiments; requires core extraction review
reports/CRYPTO_A7FFCORE12_BLUEPRINT_REGISTRATION_AUDIT_20260601.md,feature_factory,legacy_reference,large feature experiments; requires core extraction review
reports/CRYPTO_A7FFCORE12E_MATERIALIZATION_PREFLIGHT_20260601.md,feature_factory,legacy_reference,large feature experiments; requires core extraction review
reports/CRYPTO_A7FFCORE13_NUMERIC_RESPONSE_CONTRACT_20260601.md,feature_response,archive_only,response profiling evidence
reports/CRYPTO_A7FFCORE13E_NUMERIC_RESPONSE_EXECUTION_20260601.md,feature_response,archive_only,response profiling evidence
reports/CRYPTO_A7FFCORE14_REPLAY_PREFLIGHT_CONTRACT_20260601.md,feature_factory,legacy_reference,large feature experiments; requires core extraction review
reports/CRYPTO_A7FFCORE14E_BOUNDED_REPLAY_EXECUTION_20260601.md,feature_factory,legacy_reference,large feature experiments; requires core extraction review
reports/CRYPTO_A7FFCORE14R_REPLAY_FAILURE_FORENSIC_20260601.md,feature_factory,legacy_reference,large feature experiments; requires core extraction review
reports/CRYPTO_A7FFCORE14S_REPLAY_PACKET_REPAIR_CONTRACT_20260601.md,feature_factory,legacy_reference,large feature experiments; requires core extraction review
reports/CRYPTO_A7FFCORE14SE_REPAIRED_PACKET_CONSTRUCTION_20260601.md,feature_factory,legacy_reference,large feature experiments; requires core extraction review
reports/CRYPTO_A7FFCORE14SEE_SHARDED_BOUNDED_REPLAY_20260601.md,feature_factory,legacy_reference,large feature experiments; requires core extraction review
reports/CRYPTO_A7FFCORE14SER_REPAIRED_REPLAY_FORENSIC_20260601.md,feature_factory,legacy_reference,large feature experiments; requires core extraction review
reports/CRYPTO_A7FFCORE15X_OBJECTIVE_SURFACE_RESET_CONTRACT_20260601.md,feature_factory,legacy_reference,large feature experiments; requires core extraction review
reports/CRYPTO_A7FFCORE15Y_REPLAY_STABILITY_SURFACE_20260601.md,feature_factory,legacy_reference,large feature experiments; requires core extraction review
reports/CRYPTO_A7FFCORE15YR_SURFACE_FAILURE_REPAIR_20260601.md,feature_factory,legacy_reference,large feature experiments; requires core extraction review
reports/CRYPTO_A7FFCORE16_PRIMITIVE_REPLAY_STABILITY_ATLAS_20260601.md,feature_factory,legacy_reference,large feature experiments; requires core extraction review
reports/CRYPTO_A7FFCORE16E_EXPANDED_PRIMITIVE_OPERATOR_ATLAS_20260601.md,feature_factory,legacy_reference,large feature experiments; requires core extraction review
reports/CRYPTO_A7FFCORE16ER_EXPANDED_ATLAS_FORENSIC_20260601.md,feature_factory,legacy_reference,large feature experiments; requires core extraction review
reports/CRYPTO_A7FFCORE16F_NON_BASIS_SUPPLY_REPAIR_CONTRACT_20260601.md,feature_factory,legacy_reference,large feature experiments; requires core extraction review
reports/CRYPTO_A7FFCORE16FE_NON_BASIS_ATLAS_EXECUTION_20260601.md,feature_factory,legacy_reference,large feature experiments; requires core extraction review
reports/CRYPTO_A7FFCORE16FER_NON_BASIS_ATLAS_FORENSIC_20260601.md,feature_factory,legacy_reference,large feature experiments; requires core extraction review
reports/CRYPTO_A7FFCORE16G_FAMILY_NATIVE_INTERACTION_CONTRACT_20260601.md,feature_factory,legacy_reference,large feature experiments; requires core extraction review
reports/CRYPTO_A7FFCORE16GE_FAMILY_NATIVE_INTERACTION_PROBE_20260601.md,feature_factory,legacy_reference,large feature experiments; requires core extraction review
reports/CRYPTO_A7FFCORE16GER_INTERACTION_PROBE_FORENSIC_20260601.md,feature_factory,legacy_reference,large feature experiments; requires core extraction review
reports/CRYPTO_A7FFCORE16H_SECOND_PASS_INTERACTION_CONTRACT_20260601.md,feature_factory,legacy_reference,large feature experiments; requires core extraction review
reports/CRYPTO_A7FFCORE16HE_SECOND_PASS_INTERACTION_BREADTH_20260601.md,feature_factory,legacy_reference,large feature experiments; requires core extraction review
reports/CRYPTO_A7FFCORE16HER_SECOND_PASS_FORENSIC_20260601.md,feature_factory,legacy_reference,large feature experiments; requires core extraction review
reports/CRYPTO_A7FFCORE16I_BALANCED_PRESEED_QUEUE_AUDIT_20260601.md,feature_factory,legacy_reference,large feature experiments; requires core extraction review
reports/CRYPTO_A7FFCORE16J_NEARMISS_RESOLUTION_AUDIT_20260601.md,feature_factory,legacy_reference,large feature experiments; requires core extraction review
reports/CRYPTO_A7FFCORE16K_H2_STRICT_FLOOR_REPAIR_CONTRACT_20260601.md,feature_factory,legacy_reference,large feature experiments; requires core extraction review
reports/CRYPTO_A7FFCORE16KE_H2_STRICT_FLOOR_EXECUTION_20260601.md,feature_factory,legacy_reference,large feature experiments; requires core extraction review
reports/CRYPTO_A7FFCORE16KR_H2_REPAIR_FORENSIC_20260601.md,feature_factory,legacy_reference,large feature experiments; requires core extraction review
reports/CRYPTO_A7FFCORE16L_STRICT_PRESEED_QUEUE_LOCK_20260601.md,feature_factory,legacy_reference,large feature experiments; requires core extraction review
reports/CRYPTO_A7FFCORE16M_H2_FLOOR_ARBITRATION_CONTRACT_20260601.md,feature_factory,legacy_reference,large feature experiments; requires core extraction review
reports/CRYPTO_A7FFCORE16ME_BROADER_H2_REPAIR_EXECUTION_20260601.md,feature_factory,legacy_reference,large feature experiments; requires core extraction review
reports/CRYPTO_A7FFCORE16R_PRIMITIVE_ATLAS_SUPPLY_REPAIR_20260601.md,feature_factory,legacy_reference,large feature experiments; requires core extraction review
reports/CRYPTO_A7FFCORE17_OBJECTIVE_SEED_POLICY_CONTRACT_20260601.md,feature_factory,legacy_reference,large feature experiments; requires core extraction review
reports/CRYPTO_A7FFCORE17E_OBJECTIVE_SEED_PACKET_CONSTRUCTION_20260601.md,feature_factory,legacy_reference,large feature experiments; requires core extraction review
reports/CRYPTO_A7FFCORE18_BOUNDED_REPLAY_PREFLIGHT_CONTRACT_20260601.md,feature_factory,legacy_reference,large feature experiments; requires core extraction review
reports/CRYPTO_A7FFCORE18E_BOUNDED_REPLAY_PREFLIGHT_20260601.md,feature_factory,legacy_reference,large feature experiments; requires core extraction review
reports/CRYPTO_A7FFCORE19_BOUNDED_REPLAY_CONTRACT_20260601.md,feature_factory,legacy_reference,large feature experiments; requires core extraction review
reports/CRYPTO_A7FFCORE19E_BOUNDED_REPLAY_EXECUTION_20260601.md,feature_factory,legacy_reference,large feature experiments; requires core extraction review
reports/CRYPTO_A7FFCORE19R_BOUNDED_REPLAY_FORENSIC_20260601.md,feature_factory,legacy_reference,large feature experiments; requires core extraction review
reports/CRYPTO_A7FFCORE19S_BOUNDED_REPLAY_REPAIR_CONTRACT_20260601.md,feature_factory,legacy_reference,large feature experiments; requires core extraction review
reports/CRYPTO_A7FFCORE19SE_BOUNDED_REPLAY_REPAIR_EXECUTION_20260601.md,feature_factory,legacy_reference,large feature experiments; requires core extraction review
reports/CRYPTO_A7FFCORE19SER_REPLAY_REPAIR_FORENSIC_20260601.md,feature_factory,legacy_reference,large feature experiments; requires core extraction review
reports/CRYPTO_A7FFCORE1_AST_SCHEMA_ADAPTER_20260601.md,feature_factory,legacy_reference,large feature experiments; requires core extraction review
reports/CRYPTO_A7FFCORE21_REPLAY_TRANSLATION_RESET_CONTRACT_20260601.md,feature_factory,legacy_reference,large feature experiments; requires core extraction review
reports/CRYPTO_A7FFCORE21E_REPLAY_TRANSLATION_MATRIX_AUDIT_20260601.md,feature_factory,legacy_reference,large feature experiments; requires core extraction review
reports/CRYPTO_A7FFCORE21R_TRANSLATION_MATRIX_FORENSIC_20260601.md,feature_factory,legacy_reference,large feature experiments; requires core extraction review
reports/CRYPTO_A7FFCORE22_LAG_AWARE_REPLAY_TRANSLATION_CONTRACT_20260601.md,feature_factory,legacy_reference,large feature experiments; requires core extraction review
reports/CRYPTO_A7FFCORE22E_LAG_AWARE_REPLAY_TRANSLATION_AUDIT_20260601.md,feature_factory,legacy_reference,large feature experiments; requires core extraction review
reports/CRYPTO_A7FFCORE22R_LAG_TRANSLATION_FORENSIC_20260601.md,feature_factory,legacy_reference,large feature experiments; requires core extraction review
reports/CRYPTO_A7FFCORE23_EXECUTABLE_HORIZON_REDESIGN_CONTRACT_20260601.md,feature_factory,legacy_reference,large feature experiments; requires core extraction review
reports/CRYPTO_A7FFCORE23E_EXECUTABLE_HORIZON_DIAGNOSTIC_AUDIT_20260601.md,feature_factory,legacy_reference,large feature experiments; requires core extraction review
reports/CRYPTO_A7FFCORE23R_EXECUTABLE_HORIZON_FORENSIC_20260601.md,feature_factory,legacy_reference,large feature experiments; requires core extraction review
reports/CRYPTO_A7FFCORE24_EXECUTABLE_LANE_REPAIR_CONTRACT_20260601.md,feature_factory,legacy_reference,large feature experiments; requires core extraction review
reports/CRYPTO_A7FFCORE24E_EXECUTABLE_LANE_REPAIR_PACKET_20260601.md,feature_factory,legacy_reference,large feature experiments; requires core extraction review
reports/CRYPTO_A7FFCORE24R_LANE_PACKET_FORENSIC_20260601.md,feature_factory,legacy_reference,large feature experiments; requires core extraction review
reports/CRYPTO_A7FFCORE25_TARGETED_LANE_HORIZON_GENERATION_CONTRACT_20260601.md,feature_factory,legacy_reference,large feature experiments; requires core extraction review
reports/CRYPTO_A7FFCORE25E_TARGETED_LANE_HORIZON_GENERATION_20260601.md,feature_factory,legacy_reference,large feature experiments; requires core extraction review
reports/CRYPTO_A7FFCORE26_TARGETED_NUMERIC_PROBE_CONTRACT_20260601.md,feature_factory,legacy_reference,large feature experiments; requires core extraction review
reports/CRYPTO_A7FFCORE26C_SPLIT_CONSISTENCY_REPAIR_CONTRACT_20260602.md,feature_factory,legacy_reference,large feature experiments; requires core extraction review
reports/CRYPTO_A7FFCORE26CE_SPLIT_CONSISTENCY_REPAIR_PROBE_20260602.md,feature_factory,legacy_reference,large feature experiments; requires core extraction review
reports/CRYPTO_A7FFCORE26CER_SPLIT_REPAIR_FORENSIC_20260602.md,feature_factory,legacy_reference,large feature experiments; requires core extraction review
reports/CRYPTO_A7FFCORE26D_NON_S0_LANE_REPAIR_CONTRACT_20260602.md,feature_factory,legacy_reference,large feature experiments; requires core extraction review
reports/CRYPTO_A7FFCORE26DE_NON_S0_LANE_REPAIR_PROBE_20260602.md,feature_factory,legacy_reference,large feature experiments; requires core extraction review
reports/CRYPTO_A7FFCORE26DER_NON_S0_REPAIR_FORENSIC_20260602.md,feature_factory,legacy_reference,large feature experiments; requires core extraction review
reports/CRYPTO_A7FFCORE26E_TARGETED_NUMERIC_PROBE_EXECUTION_20260602.md,feature_factory,legacy_reference,large feature experiments; requires core extraction review
reports/CRYPTO_A7FFCORE26R_TARGETED_NUMERIC_PROBE_FORENSIC_20260602.md,feature_factory,legacy_reference,large feature experiments; requires core extraction review
reports/CRYPTO_A7FFCORE27X_SEARCH_READINESS_ARBITRATION_20260602.md,feature_factory,legacy_reference,large feature experiments; requires core extraction review
reports/CRYPTO_A7FFCORE28_OBJECTIVE_DATA_FAMILY_RESET_CONTRACT_20260602.md,feature_factory,legacy_reference,large feature experiments; requires core extraction review
reports/CRYPTO_A7FFCORE28E_INDEPENDENT_DATA_FAMILY_ATLAS_AUDIT_20260602.md,feature_factory,legacy_reference,large feature experiments; requires core extraction review
reports/CRYPTO_A7FFCORE29_INDEPENDENT_FAMILY_BOUNDED_PROBE_CONTRACT_20260602.md,feature_factory,legacy_reference,large feature experiments; requires core extraction review
reports/CRYPTO_A7FFCORE29E_INDEPENDENT_FAMILY_PREFLIGHT_20260602.md,feature_factory,legacy_reference,large feature experiments; requires core extraction review
reports/CRYPTO_A7FFCORE2_FEATURE_SUBGRAPH_REGISTRY_20260601.md,feature_factory,legacy_reference,large feature experiments; requires core extraction review
reports/CRYPTO_A7FFCORE30_INDEPENDENT_FAMILY_NUMERIC_PROBE_CONTRACT_20260602.md,feature_factory,legacy_reference,large feature experiments; requires core extraction review
reports/CRYPTO_A7FFCORE30E_BOUNDED_NUMERIC_PROBE_20260602.md,feature_factory,legacy_reference,large feature experiments; requires core extraction review
reports/CRYPTO_A7FFCORE31_INDEPENDENT_FAMILY_CLUE_CONSOLIDATION_20260602.md,feature_factory,legacy_reference,large feature experiments; requires core extraction review
reports/CRYPTO_A7FFCORE32_REPLAY_PREFLIGHT_CONTRACT_20260602.md,feature_factory,legacy_reference,large feature experiments; requires core extraction review
reports/CRYPTO_A7FFCORE32E_REPLAY_PREFLIGHT_EXECUTION_20260602.md,feature_factory,legacy_reference,large feature experiments; requires core extraction review
reports/CRYPTO_A7FFCORE33_BOUNDED_REPLAY_CONTRACT_20260602.md,feature_factory,legacy_reference,large feature experiments; requires core extraction review
reports/CRYPTO_A7FFCORE33E_BOUNDED_REPLAY_EXECUTION_20260602.md,feature_factory,legacy_reference,large feature experiments; requires core extraction review
reports/CRYPTO_A7FFCORE33ER_BOUNDED_REPLAY_FORENSIC_20260602.md,feature_factory,legacy_reference,large feature experiments; requires core extraction review
reports/CRYPTO_A7FFCORE34_ORIENTATION_CONTROL_REPAIR_CONTRACT_20260602.md,feature_factory,legacy_reference,large feature experiments; requires core extraction review
reports/CRYPTO_A7FFCORE34E_ORIENTATION_CONTROL_REPAIR_EXECUTION_20260602.md,feature_factory,legacy_reference,large feature experiments; requires core extraction review
reports/CRYPTO_A7FFCORE34ER_REPAIR_FORENSIC_20260602.md,feature_factory,legacy_reference,large feature experiments; requires core extraction review
reports/CRYPTO_A7FFCORE35_SEARCH_READINESS_ARBITRATION_20260602.md,feature_factory,legacy_reference,large feature experiments; requires core extraction review
reports/CRYPTO_A7FFCORE36_REPLAY_OBJECTIVE_RESET_CONTRACT_20260602.md,feature_factory,legacy_reference,large feature experiments; requires core extraction review
reports/CRYPTO_A7FFCORE36E_REPLAY_OBJECTIVE_RESET_EXECUTION_20260602.md,feature_factory,legacy_reference,large feature experiments; requires core extraction review
reports/CRYPTO_A7FFCORE36ER_REPLAY_OBJECTIVE_FORENSIC_20260602.md,feature_factory,legacy_reference,large feature experiments; requires core extraction review
reports/CRYPTO_A7FFCORE37X_ROUTE_ARBITRATION_20260602.md,feature_factory,legacy_reference,large feature experiments; requires core extraction review
reports/CRYPTO_A7FFCORE38_PORTFOLIO_LABEL_OBJECTIVE_CONTRACT_20260602.md,feature_factory,legacy_reference,large feature experiments; requires core extraction review
reports/CRYPTO_A7FFCORE38E_PORTFOLIO_LABEL_OBJECTIVE_AUDIT_20260602.md,feature_factory,legacy_reference,large feature experiments; requires core extraction review
reports/CRYPTO_A7FFCORE39_SYMBOL_LEVEL_BOOK_PACKET_CONTRACT_20260602.md,feature_factory,legacy_reference,large feature experiments; requires core extraction review
reports/CRYPTO_A7FFCORE39E_SYMBOL_LEVEL_BOOK_PACKET_AUDIT_20260602.md,feature_factory,legacy_reference,large feature experiments; requires core extraction review
reports/CRYPTO_A7FFCORE3_FORMULAGEN_SUBGRAPH_GATE_20260601.md,feature_factory,legacy_reference,large feature experiments; requires core extraction review
reports/CRYPTO_A7FFCORE40_BOOK_OBJECTIVE_REPLAY_CONTRACT_20260602.md,feature_factory,legacy_reference,large feature experiments; requires core extraction review
reports/CRYPTO_A7FFCORE40E_BOOK_OBJECTIVE_REPLAY_EXECUTION_20260602.md,feature_factory,legacy_reference,large feature experiments; requires core extraction review
reports/CRYPTO_A7FFCORE40ER_BOOK_REPLAY_FORENSIC_20260602.md,feature_factory,legacy_reference,large feature experiments; requires core extraction review
reports/CRYPTO_A7FFCORE41_BOOK_CONTROL_REPAIR_CONTRACT_20260602.md,feature_factory,legacy_reference,large feature experiments; requires core extraction review
reports/CRYPTO_A7FFCORE41E_BOOK_CONTROL_REPAIR_EXECUTION_20260602.md,feature_factory,legacy_reference,large feature experiments; requires core extraction review
reports/CRYPTO_A7FFCORE41ER_BOOK_CONTROL_REPAIR_FORENSIC_20260602.md,feature_factory,legacy_reference,large feature experiments; requires core extraction review
reports/CRYPTO_A7FFCORE42_BOOK_CONTROL_ROUTE_ARBITRATION_20260602.md,feature_factory,legacy_reference,large feature experiments; requires core extraction review
reports/CRYPTO_A7FFCORE43_CONTROL_ORTHOGONALIZATION_CONTRACT_20260602.md,feature_factory,legacy_reference,large feature experiments; requires core extraction review
reports/CRYPTO_A7FFCORE43E_CONTROL_VECTOR_REBUILD_AUDIT_20260602.md,feature_factory,legacy_reference,large feature experiments; requires core extraction review
reports/CRYPTO_A7FFCORE44_ORTHOGONAL_SCORE_PACKET_CONTRACT_20260602.md,feature_factory,legacy_reference,large feature experiments; requires core extraction review
reports/CRYPTO_A7FFCORE44E_ORTHOGONAL_SCORE_PACKET_CONSTRUCTION_20260602.md,feature_factory,legacy_reference,large feature experiments; requires core extraction review
reports/CRYPTO_A7FFCORE45_ORTHOGONAL_BOOK_REPLAY_CONTRACT_20260602.md,feature_factory,legacy_reference,large feature experiments; requires core extraction review
reports/CRYPTO_A7FFCORE45E_ORTHOGONAL_BOOK_REPLAY_EXECUTION_20260602.md,feature_factory,legacy_reference,large feature experiments; requires core extraction review
reports/CRYPTO_A7FFCORE45R_ORTHOGONAL_BOOK_REPLAY_FORENSIC_20260602.md,feature_factory,legacy_reference,large feature experiments; requires core extraction review
reports/CRYPTO_A7FFCORE46_ORTHOGONAL_FAILURE_ROUTE_ARBITRATION_20260602.md,feature_factory,legacy_reference,large feature experiments; requires core extraction review
reports/CRYPTO_A7FFCORE47_CONTROL_NULL_AWARE_FACTOR_COMPILER_CONTRACT_20260602.md,feature_factory,legacy_reference,large feature experiments; requires core extraction review
reports/CRYPTO_A7FFCORE47E_COMPILER_READINESS_AUDIT_20260602.md,feature_factory,legacy_reference,large feature experiments; requires core extraction review
reports/CRYPTO_A7FFCORE48_NULL_FIRST_SEED_GENERATION_CONTRACT_20260602.md,feature_factory,legacy_reference,large feature experiments; requires core extraction review
reports/CRYPTO_A7FFCORE48E_NULL_FIRST_DRY_SEED_GENERATION_20260602.md,feature_factory,legacy_reference,large feature experiments; requires core extraction review
reports/CRYPTO_A7FFCORE48R_DRY_SEED_GENERATION_FORENSIC_20260602.md,feature_factory,legacy_reference,large feature experiments; requires core extraction review
reports/CRYPTO_A7FFCORE48S_OPERATOR_NULL_COVERAGE_REPAIR_CONTRACT_20260602.md,feature_factory,legacy_reference,large feature experiments; requires core extraction review
reports/CRYPTO_A7FFCORE48SE_REPAIRED_NULL_FIRST_DRY_GENERATION_20260602.md,feature_factory,legacy_reference,large feature experiments; requires core extraction review
reports/CRYPTO_A7FFCORE49_FULL_UNIVERSE_NULL_VECTOR_PREFLIGHT_CONTRACT_20260602.md,feature_factory,legacy_reference,large feature experiments; requires core extraction review
reports/CRYPTO_A7FFCORE49E_FULL_UNIVERSE_NULL_VECTOR_PREFLIGHT_EXECUTION_20260602.md,feature_factory,legacy_reference,large feature experiments; requires core extraction review
reports/CRYPTO_A7FFCORE4_GATE_IMPLEMENTATION_REGRESSION_20260601.md,feature_factory,legacy_reference,large feature experiments; requires core extraction review
reports/CRYPTO_A7FFCORE50_NULL_VECTOR_PREFLIGHT_ARBITRATION_20260602.md,feature_factory,legacy_reference,large feature experiments; requires core extraction review
reports/CRYPTO_A7FFCORE51_FILTERED_REPLAY_CONTRACT_20260602.md,feature_factory,legacy_reference,large feature experiments; requires core extraction review
reports/CRYPTO_A7FFCORE51ER_REPLAY_RUNNER_PERFORMANCE_FORENSIC_20260602.md,feature_factory,legacy_reference,large feature experiments; requires core extraction review
reports/CRYPTO_A7FFCORE51PR_LOCAL_RUNNER_BLOCKER_FORENSIC_20260602.md,feature_factory,legacy_reference,large feature experiments; requires core extraction review
reports/CRYPTO_A7FFCORE51PX_COMPANY_SHARDED_REPLAY_RUNNER_CONTRACT_20260602.md,feature_factory,legacy_reference,large feature experiments; requires core extraction review
reports/CRYPTO_A7FFCORE51PXE_COMPANY_SHARDED_REPLAY_IMPORT_20260602.md,feature_factory,legacy_reference,large feature experiments; requires core extraction review
reports/CRYPTO_A7FFCORE51PXH_COMPANY_EXECUTION_HANDOFF_20260602.md,feature_factory,legacy_reference,large feature experiments; requires core extraction review
reports/CRYPTO_A7FFCORE51PXV_COMPANY_EXECUTION_PREFLIGHT_VALIDATOR_20260602.md,feature_factory,legacy_reference,large feature experiments; requires core extraction review
reports/CRYPTO_A7FFCORE52_COMPANY_REPLAY_ARBITRATION_20260602.md,feature_factory,legacy_reference,large feature experiments; requires core extraction review
reports/CRYPTO_A7FFCORE52F_DIAGNOSTIC_CLUE_FORENSIC_20260602.md,feature_factory,legacy_reference,large feature experiments; requires core extraction review
reports/CRYPTO_A7FFCORE53_REPLAY_TARGET_REPAIR_CONTRACT_20260602.md,feature_factory,legacy_reference,large feature experiments; requires core extraction review
reports/CRYPTO_A7FFCORE53I_FACTOR_INPUT_INFORMATION_AUDIT_20260603.md,feature_factory,legacy_reference,large feature experiments; requires core extraction review
reports/CRYPTO_A7FFCORE53IA_INCREMENTAL_INPUT_APPROVAL_20260603.md,feature_factory,legacy_reference,large feature experiments; requires core extraction review
reports/CRYPTO_A7FFCORE53IAE_INPUT_APPROVAL_FILTER_EXPERIMENT_20260603.md,feature_factory,legacy_reference,large feature experiments; requires core extraction review
reports/CRYPTO_A7FFCORE54E_TAG_AWARE_NUMERIC_EXECUTION_20260604.md,feature_factory,legacy_reference,large feature experiments; requires core extraction review
reports/CRYPTO_A7FFCORE55_NUMERIC_CLUE_FORENSIC_20260604.md,feature_factory,legacy_reference,large feature experiments; requires core extraction review
reports/CRYPTO_A7FFCORE56_BOUNDED_REPLAY_PREFLIGHT_20260604.md,feature_factory,legacy_reference,large feature experiments; requires core extraction review
reports/CRYPTO_A7FFCORE57_REPLAY_FAILURE_DECOMPOSITION_20260604.md,feature_factory,legacy_reference,large feature experiments; requires core extraction review
reports/CRYPTO_A7FFCORE58_FAILURE_AWARE_QUEUE_REBUILD_20260604.md,feature_factory,legacy_reference,large feature experiments; requires core extraction review
reports/CRYPTO_A7FFCORE59_COMPANY_HANDOFF_20260604.md,feature_factory,legacy_reference,large feature experiments; requires core extraction review
reports/CRYPTO_A7FFCORE59_NUMERIC_REPAIR_EXECUTION_20260604.md,feature_factory,legacy_reference,large feature experiments; requires core extraction review
reports/CRYPTO_A7FFCORE59F_NON_L7_CLUE_FORENSIC_20260604.md,feature_factory,legacy_reference,large feature experiments; requires core extraction review
reports/CRYPTO_A7FFCORE59G_QUEUE_TARGET_ATTRITION_MAP_20260604.md,feature_factory,legacy_reference,large feature experiments; requires core extraction review
reports/CRYPTO_A7FFCORE5_GATE_NATIVE_GENERATION_DRYRUN_20260601.md,feature_factory,legacy_reference,large feature experiments; requires core extraction review
reports/CRYPTO_A7FFCORE60B_TARGET_ADEQUACY_REPAIR_AUDIT_20260605.md,feature_factory,legacy_reference,large feature experiments; requires core extraction review
reports/CRYPTO_A7FFCORE60C_MATERIALIZATION_REPAIR_AUDIT_20260605.md,feature_factory,legacy_reference,large feature experiments; requires core extraction review
reports/CRYPTO_A7FFCORE60D_SELECTOR_PORTFOLIO_PROXY_ATTRIBUTION_20260605.md,feature_factory,legacy_reference,large feature experiments; requires core extraction review
reports/CRYPTO_A7FFCORE61_INTEGRATED_REPAIR_PLAN_20260605.md,feature_factory,legacy_reference,large feature experiments; requires core extraction review
reports/CRYPTO_A7FFCORE62_DICE_BATCH_DRYRUN_20260605.md,feature_factory,legacy_reference,large feature experiments; requires core extraction review
reports/CRYPTO_A7FFCORE63_DICE_EXECUTION_AUDIT_20260605.md,feature_factory,legacy_reference,large feature experiments; requires core extraction review
reports/CRYPTO_A7FFCORE64_RETEST_AND_FUNDING_STATE_PACKAGE_20260605.md,feature_factory,legacy_reference,large feature experiments; requires core extraction review
reports/CRYPTO_A7FFCORE65A_NUMERIC_RETEST_EXECUTION_20260605.md,feature_factory,legacy_reference,large feature experiments; requires core extraction review
reports/CRYPTO_A7FFCORE65B_FUNDING_STATE_RETEST_EXECUTION_20260605.md,feature_factory,legacy_reference,large feature experiments; requires core extraction review
reports/CRYPTO_A7FFCORE6_MATERIALIZATION_PREFLIGHT_CONTRACT_20260601.md,feature_factory,legacy_reference,large feature experiments; requires core extraction review
reports/CRYPTO_A7FFCORE6E_MATERIALIZATION_PREFLIGHT_EXECUTION_20260601.md,feature_factory,legacy_reference,large feature experiments; requires core extraction review
reports/CRYPTO_A7FFCORE7_NUMERIC_RESPONSE_CONTRACT_20260601.md,feature_response,archive_only,response profiling evidence
reports/CRYPTO_A7FFCORE7E_NUMERIC_RESPONSE_EXECUTION_20260601.md,feature_response,archive_only,response profiling evidence
reports/CRYPTO_A7FFCORE7ER_REPAIRED_NUMERIC_RESPONSE_20260601.md,feature_response,archive_only,response profiling evidence
reports/CRYPTO_A7FFCORE7R_CONTROL_POLICY_FORENSIC_20260601.md,feature_factory,legacy_reference,large feature experiments; requires core extraction review
reports/CRYPTO_A7FFCORE8_NUMERIC_CLUE_CONSOLIDATION_20260601.md,feature_factory,legacy_reference,large feature experiments; requires core extraction review
reports/CRYPTO_A7FFCORE8E_REPLAY_PREFLIGHT_PACKET_AUDIT_20260601.md,feature_factory,legacy_reference,large feature experiments; requires core extraction review
reports/CRYPTO_A7FFCORE9_BOUNDED_REPLAY_CONTRACT_20260601.md,feature_factory,legacy_reference,large feature experiments; requires core extraction review
reports/CRYPTO_A7FFCORE9E_BOUNDED_REPLAY_EXECUTION_20260601.md,feature_factory,legacy_reference,large feature experiments; requires core extraction review
reports/CRYPTO_A7FFR0_DERIVED_GENERATION_FAILURE_FREEZE_20260530.md,feature_factory,legacy_reference,large feature experiments; requires core extraction review
reports/CRYPTO_A7FFR10_LABEL_FEATURE_TARGET_REDESIGN_20260531.md,feature_factory,legacy_reference,large feature experiments; requires core extraction review
reports/CRYPTO_A7FFR11_FEATURE_LABEL_OBJECTIVE_RESET_20260531.md,feature_factory,legacy_reference,large feature experiments; requires core extraction review
reports/CRYPTO_A7FFR1_FIELD_ONTOLOGY_V3_20260530.md,field_contracts,archive_only,prior governance evidence; not all scripts are runtime core
reports/CRYPTO_A7FFR2_OPERATOR_PROBING_V2_20260530.md,feature_factory,legacy_reference,large feature experiments; requires core extraction review
reports/CRYPTO_A7FFR3_FEATURE_PAIR_POLICY_V2_20260530.md,feature_factory,legacy_reference,large feature experiments; requires core extraction review
reports/CRYPTO_A7FFR4_COARSE_TO_FINE_GENERATION_REDESIGN_20260530.md,feature_factory,legacy_reference,large feature experiments; requires core extraction review
reports/CRYPTO_A7FFR5_RESPONSE_BACKED_PROMOTION_REDESIGN_20260530.md,feature_response,archive_only,response profiling evidence
reports/CRYPTO_A7FFR7_OPERATOR_PAIR_REPAIR_20260530.md,feature_factory,legacy_reference,large feature experiments; requires core extraction review
reports/CRYPTO_A7FFR8_SELECTOR_OBJECTIVE_REWRITE_20260531.md,feature_factory,legacy_reference,large feature experiments; requires core extraction review
reports/CRYPTO_A7FFR9_REFERENCE_REGIME_REPAIR_20260531.md,feature_factory,legacy_reference,large feature experiments; requires core extraction review
reports/CRYPTO_A7FIX_ACTIVE_UNIVERSE_REWARD_SMOKE_20260615.md,reports,source_of_truth_evidence,human decision artifact
reports/CRYPTO_A7GUARD0_LEAKAGE_CHAIN_AUDIT_20260612.md,reports,source_of_truth_evidence,human decision artifact
reports/CRYPTO_A7GUARD0_PRESEARCH_V3_20260613.md,reports,source_of_truth_evidence,human decision artifact
reports/CRYPTO_A7INPUT0_INPUT_APPROVAL_PACKAGE_20260603.md,reports,source_of_truth_evidence,human decision artifact
reports/CRYPTO_A7INPUT1_INTEGRATION_SMOKE_20260603.md,reports,source_of_truth_evidence,human decision artifact
reports/CRYPTO_A7INPUT2_TAG_AWARE_QUEUE_BUILDER_20260603.md,reports,source_of_truth_evidence,human decision artifact
reports/CRYPTO_A7INPUT3_NUMERIC_PROBE_DETAIL_20260603.md,reports,source_of_truth_evidence,human decision artifact
reports/CRYPTO_A7INPUT3_TAG_AWARE_NUMERIC_PREFLIGHT_20260603.md,reports,source_of_truth_evidence,human decision artifact
reports/CRYPTO_A7LS0_CHECKPOINT_LARGE_SEARCH_CONTRACT_20260605.md,reports,source_of_truth_evidence,human decision artifact
reports/CRYPTO_A7LS10_COMPANY_RESULT_AGGREGATE_20260606.md,reports,source_of_truth_evidence,human decision artifact
reports/CRYPTO_A7LS11_PROMOTION_AND_MISSING_FIELD_REPAIR_20260606.md,field_contracts,archive_only,prior governance evidence; not all scripts are runtime core
reports/CRYPTO_A7LS12_COMPANY_RESULT_AGGREGATE_20260606.md,reports,source_of_truth_evidence,human decision artifact
reports/CRYPTO_A7LS12_DEEP_AUDIT_PACKET_20260606.md,reports,source_of_truth_evidence,human decision artifact
reports/CRYPTO_A7LS13_CONSOLIDATION_REPLAY_PACKET_20260606.md,reports,source_of_truth_evidence,human decision artifact
reports/CRYPTO_A7LS14_SCALED_MULTI_AXIS_SEARCH_CONTRACT_20260606.md,reports,source_of_truth_evidence,human decision artifact
reports/CRYPTO_A7LS14X_AUTHORIZATION_ARBITRATION_20260606.md,reports,source_of_truth_evidence,human decision artifact
reports/CRYPTO_A7LS15_MILLION_SCALE_BLUEPRINT_GENERATION_20260606.md,reports,source_of_truth_evidence,human decision artifact
reports/CRYPTO_A7LS16_LOCAL_PREFLIGHT_20260606.md,reports,source_of_truth_evidence,human decision artifact
reports/CRYPTO_A7LS16X_SCALE_UP_AUTHORIZATION_20260606.md,reports,source_of_truth_evidence,human decision artifact
reports/CRYPTO_A7LS17_COMPANY_MATERIALIZATION_AGGREGATE_20260606.md,reports,source_of_truth_evidence,human decision artifact
reports/CRYPTO_A7LS18_COMPANY_NUMERIC_AGGREGATE_20260606.md,reports,source_of_truth_evidence,human decision artifact
reports/CRYPTO_A7LS19_CHECKPOINT_ARBITRATION_20260607.md,reports,source_of_truth_evidence,human decision artifact
reports/CRYPTO_A7LS1_MULTI_ARM_BLUEPRINT_GENERATION_20260605.md,reports,source_of_truth_evidence,human decision artifact
reports/CRYPTO_A7LS20_CHECKPOINT_DEEP_AUDIT_20260607.md,reports,source_of_truth_evidence,human decision artifact
reports/CRYPTO_A7LS21_COMPANY_DEEP_REPLAY_AGGREGATE_20260607.md,reports,source_of_truth_evidence,human decision artifact
reports/CRYPTO_A7LS21_COMPANY_DEEP_REPLAY_PACKET_20260607.md,reports,source_of_truth_evidence,human decision artifact
reports/CRYPTO_A7LS22_CLUE_ATTRIBUTION_PROMOTION_TRIAGE_20260607.md,reports,source_of_truth_evidence,human decision artifact
reports/CRYPTO_A7LS23_STRICT_CANDIDATE_BIAS_AUDIT_20260607.md,reports,source_of_truth_evidence,human decision artifact
reports/CRYPTO_A7LS24_LABEL_TRANSFER_DEEP_BIAS_REPLAY_20260607.md,reports,source_of_truth_evidence,human decision artifact
reports/CRYPTO_A7LS25_LARGE_SEARCH_LAUNCH_PACKET_20260607.md,reports,source_of_truth_evidence,human decision artifact
reports/CRYPTO_A7LS26_NUMERIC_WAVE_LAUNCH_20260608.md,reports,source_of_truth_evidence,human decision artifact
reports/CRYPTO_A7LS26BC_PARALLEL_NUMERIC_WAVES_20260608.md,reports,source_of_truth_evidence,human decision artifact
reports/CRYPTO_A7LS28B_TARGETED_NUMERIC_ACCEPTANCE_20260609.md,reports,source_of_truth_evidence,human decision artifact
reports/CRYPTO_A7LS29_FIELD_GATE_20260609.md,field_contracts,archive_only,prior governance evidence; not all scripts are runtime core
reports/CRYPTO_A7LS29_PRODUCTIVE_FAMILY_QUEUE_20260609.md,reports,source_of_truth_evidence,human decision artifact
reports/CRYPTO_A7LS29_PRODUCTIVE_NUMERIC_ACCEPTANCE_20260610.md,reports,source_of_truth_evidence,human decision artifact
reports/CRYPTO_A7LS2_SHARDED_MATERIALIZATION_WAVE_20260605.md,reports,source_of_truth_evidence,human decision artifact
reports/CRYPTO_A7LS30_COMPANY_NUMERIC_LAUNCH_20260610.md,reports,source_of_truth_evidence,human decision artifact
reports/CRYPTO_A7LS30_FIELD_GATE_20260610.md,field_contracts,archive_only,prior governance evidence; not all scripts are runtime core
reports/CRYPTO_A7LS30_PRODUCTIVE_FOLLOWUP_QUEUE_20260610.md,reports,source_of_truth_evidence,human decision artifact
reports/CRYPTO_A7LS30_PRODUCTIVE_NUMERIC_ACCEPTANCE_20260610.md,reports,source_of_truth_evidence,human decision artifact
reports/CRYPTO_A7LS3_NUMERIC_CHECKPOINT_FROM_MATERIALIZED_20260605.md,reports,source_of_truth_evidence,human decision artifact
reports/CRYPTO_A7LS3H_COMPANY_NUMERIC_HANDOFF_20260605.md,reports,source_of_truth_evidence,human decision artifact
reports/CRYPTO_A7LS3HR_COMPANY_HANDOFF_RESIZE_20260605.md,reports,source_of_truth_evidence,human decision artifact
reports/CRYPTO_A7LS3HR_COMPANY_RESULT_AGGREGATE_20260605.md,reports,source_of_truth_evidence,human decision artifact
reports/CRYPTO_A7LS4_COMPANY_NUMERIC_FORENSIC_20260605.md,reports,source_of_truth_evidence,human decision artifact
reports/CRYPTO_A7LS4R_COMPANY_RETRY_FORENSIC_20260605.md,reports,source_of_truth_evidence,human decision artifact
reports/CRYPTO_A7LS5_COMPANY_RESULT_AGGREGATE_20260605.md,reports,source_of_truth_evidence,human decision artifact
reports/CRYPTO_A7LS5_FOLLOWUP_QUEUE_CONTRACT_20260605.md,reports,source_of_truth_evidence,human decision artifact
reports/CRYPTO_A7LS6_COMPANY_RESULT_AGGREGATE_20260605.md,reports,source_of_truth_evidence,human decision artifact
reports/CRYPTO_A7LS6_DEEP_FOLLOWUP_QUEUE_CONTRACT_20260605.md,reports,source_of_truth_evidence,human decision artifact
reports/CRYPTO_A7LS7_CLUE_MECHANISM_QUEUE_CONTRACT_20260605.md,reports,source_of_truth_evidence,human decision artifact
reports/CRYPTO_A7LS8_COMPANY_RESULT_AGGREGATE_20260605.md,reports,source_of_truth_evidence,human decision artifact
reports/CRYPTO_A7LS9_INFO_AXIS_QUEUE_CONTRACT_20260605.md,reports,source_of_truth_evidence,human decision artifact
reports/CRYPTO_A7LS_FIELD_GATE1_CONTRACT_BACKFILL_20260609.md,field_contracts,archive_only,prior governance evidence; not all scripts are runtime core
reports/CRYPTO_A7LS_FIELD_GATE_CURRENT_QUEUE_20260609.md,field_contracts,archive_only,prior governance evidence; not all scripts are runtime core
reports/CRYPTO_A7MEM0_SEARCH_MEMORY_REGISTRY_20260628.md,reports,source_of_truth_evidence,human decision artifact
reports/CRYPTO_A7MEM1_MEMORY_ENFORCEMENT_SMOKE_20260628.md,reports,source_of_truth_evidence,human decision artifact
reports/CRYPTO_A7MEM1_SEARCH_GENERATOR_MEMORY_SMOKE_20260628.md,reports,source_of_truth_evidence,human decision artifact
reports/CRYPTO_A7NIGHT_TASKFLOW_20260531.md,reports,source_of_truth_evidence,human decision artifact
reports/CRYPTO_A7PM0_SOURCE_OF_TRUTH_REGISTRY_20260529.md,reports,source_of_truth_evidence,human decision artifact
reports/CRYPTO_A7PM1_ASSET_TAXONOMY_AND_MODULARIZATION_PLAN_20260529.md,reports,source_of_truth_evidence,human decision artifact
reports/CRYPTO_A7PM2_CANDIDATE_LIFECYCLE_STATE_MACHINE_20260529.md,reports,source_of_truth_evidence,human decision artifact
reports/CRYPTO_A7PM3_CURRENT_EXPERIMENT_BOARD_20260529.md,reports,source_of_truth_evidence,human decision artifact
reports/CRYPTO_A7POOL0_ALPHA_ELIGIBLE_POOL_REBUILD_20260529.md,reports,source_of_truth_evidence,human decision artifact
reports/CRYPTO_A7RAW0_COMPANY_NUMERIC_LAUNCH_20260610.md,reports,source_of_truth_evidence,human decision artifact
reports/CRYPTO_A7RAW0_FIELD_GATE_20260610.md,field_contracts,archive_only,prior governance evidence; not all scripts are runtime core
reports/CRYPTO_A7RAW0_LIGHT_GOVERNED_LARGE_SPACE_QUEUE_20260610.md,reports,source_of_truth_evidence,human decision artifact
reports/CRYPTO_A7REGIME2_MECHANISM_REGIME_AUDIT_20260612.md,reports,source_of_truth_evidence,human decision artifact
reports/CRYPTO_A7REGIME2_V3_PATCH_AGE_MECHANISM_AUDIT_20260613.md,reports,source_of_truth_evidence,human decision artifact
reports/CRYPTO_A7REGIME3_CANDIDATE_REGIME_ATTRIBUTION_20260612.md,reports,source_of_truth_evidence,human decision artifact
reports/CRYPTO_A7REWARD0_REWARD_MODEL_CONTRACT_20260610.md,reports,source_of_truth_evidence,human decision artifact
reports/CRYPTO_A7REWARD1_COMPANY_CHECKPOINT_STATUS_20260610.md,reports,source_of_truth_evidence,human decision artifact
reports/CRYPTO_A7REWARD1_PORTFOLIO_REWARD_MODEL_20260610.md,reports,source_of_truth_evidence,human decision artifact
reports/CRYPTO_A7REWARD1_SMOKE_STRICT_CONTROL_20260613.md,reports,source_of_truth_evidence,human decision artifact
reports/CRYPTO_A7REWARD1_SYNTHETIC_SMOKE_20260610.md,reports,source_of_truth_evidence,human decision artifact
reports/CRYPTO_A7REWARD1_V3_PATCH_AGE_SMOKE_CAP4_20260613.md,reports,source_of_truth_evidence,human decision artifact
reports/CRYPTO_A7REWARD2_ACCEPTANCE_BIAS_AUDIT_20260610.md,reports,source_of_truth_evidence,human decision artifact
reports/CRYPTO_A7REWARD2_ALGORITHM_CHAIN_AND_REWARD_OBJECTIVE_AUDIT_20260610.md,reports,source_of_truth_evidence,human decision artifact
reports/CRYPTO_A7S0_DATA_HORIZON_CONTRACT_20260522.md,reports,source_of_truth_evidence,human decision artifact
reports/CRYPTO_A7S0_DATA_HORIZON_CONTRACT_SKELETON_20260521.md,reports,source_of_truth_evidence,human decision artifact
reports/CRYPTO_A7S1_DATA_SOURCE_AVAILABILITY_AUDIT_20260521.md,reports,source_of_truth_evidence,human decision artifact
reports/CRYPTO_A7S1_METRICS_ACCEPTANCE_AUDIT_20260522.md,reports,source_of_truth_evidence,human decision artifact
reports/CRYPTO_A7S2_FIELD_SEMANTICS_BACKFILL_FEASIBILITY_20260521.md,field_contracts,archive_only,prior governance evidence; not all scripts are runtime core
reports/CRYPTO_A7S2M_METRICS_REGISTRY_DIAGNOSTIC_20260522.md,reports,source_of_truth_evidence,human decision artifact
reports/CRYPTO_A7S3_METRICS_CLUE_FORENSIC_20260522.md,reports,source_of_truth_evidence,human decision artifact
reports/CRYPTO_A7S3_SAMPLE_PACKAGE_ACCEPTANCE_AUDIT_20260521.md,reports,source_of_truth_evidence,human decision artifact
reports/CRYPTO_A7S4_CROWDING_ROBUSTNESS_AUDIT_20260522.md,reports,source_of_truth_evidence,human decision artifact
reports/CRYPTO_A7SEARCH4_FINAL_AGGREGATE_STATUS_20260628.md,search_generation,legacy_reference,historical search line
reports/CRYPTO_A7SEARCH5_MEMORY_ENFORCED_PROXY_R2_AGGREGATE_STATUS_20260630.md,search_generation,legacy_reference,historical search line
reports/CRYPTO_A7SEARCH5_SELECTED_FULL_REWARD_R3_AGGREGATE_STATUS_20260630.md,search_generation,legacy_reference,historical search line
reports/CRYPTO_A7SEARCH5_VALIDATION_PACK_20260630.md,search_generation,legacy_reference,historical search line
reports/CRYPTO_A7SEARCH6_MECHANISM_MEMORY_SEED_PROXY_CONTRACT_20260630.md,search_generation,legacy_reference,historical search line
reports/CRYPTO_A7SEL0_SELECTOR_TARGET_COUNTERFACTUAL_20260529.md,reports,source_of_truth_evidence,human decision artifact
reports/CRYPTO_A7SEL1_ROLE_STRICT_SELECTOR_COUNTERFACTUAL_20260529.md,reports,source_of_truth_evidence,human decision artifact
reports/CRYPTO_A7SSM_SEARCH_SPACE_MEMORY_MAP_20260605.md,reports,source_of_truth_evidence,human decision artifact
reports/CRYPTO_A7T0_FORWARD_LOCKED_OBSERVATION_CONTRACT_20260522.md,reports,source_of_truth_evidence,human decision artifact
reports/CRYPTO_A7T0_FORWARD_TELEMETRY_CONTRACT_20260522.md,reports,source_of_truth_evidence,human decision artifact
reports/CRYPTO_A7T1_FORWARD_HEALTH_REPORT_20260522.md,reports,source_of_truth_evidence,human decision artifact
reports/CRYPTO_A7U0R_SOURCE_TRACE_AUDIT_20260522.md,reports,source_of_truth_evidence,human decision artifact
reports/CRYPTO_A7U_ENHANCED_V1_ACCEPTANCE_CONTRACT_20260522.md,reports,source_of_truth_evidence,human decision artifact
reports/CRYPTO_A7V3S0_NEXT_LARGE_SEARCH_CONTRACT_20260613.md,reports,source_of_truth_evidence,human decision artifact
reports/CRYPTO_A7V3S0_REMOTE_LAUNCH_STATUS_20260613.md,reports,source_of_truth_evidence,human decision artifact
reports/CRYPTO_A7V3S0_REWARD_SHARDED_AGGREGATE_20260613.md,reports,source_of_truth_evidence,human decision artifact
reports/CRYPTO_A7V3S10_ACCEPTED_CANDIDATE_VALIDATION_PACK_20260614.md,reports,source_of_truth_evidence,human decision artifact
reports/CRYPTO_A7V3S1_ACCEPTED_CANDIDATE_VALIDATION_20260613.md,reports,source_of_truth_evidence,human decision artifact
reports/CRYPTO_A7V3S2_CONTROL_VARIANT_AUDIT_20260613.md,reports,source_of_truth_evidence,human decision artifact
reports/CRYPTO_A7V3S3_STRICT_REWARD_EARLY_STOP_20260613.md,reports,source_of_truth_evidence,human decision artifact
reports/CRYPTO_A7V3S3_STRICT_REWARD_LAUNCH_20260613.md,reports,source_of_truth_evidence,human decision artifact
reports/CRYPTO_A7V3S4_NEAR_MISS_PREFILTER_AUDIT_20260613.md,reports,source_of_truth_evidence,human decision artifact
reports/CRYPTO_A7V3S5_PREFILTERED_REWARD_QUEUE_20260613.md,reports,source_of_truth_evidence,human decision artifact
reports/CRYPTO_A7V3S6_PREFILTERED_REWARD_SMOKE_20260614.md,reports,source_of_truth_evidence,human decision artifact
reports/CRYPTO_A7V3S6_PREFILTERED_REWARD_SMOKE_AGGREGATE_20260614.md,reports,source_of_truth_evidence,human decision artifact
reports/CRYPTO_A7V3S7_CANDIDATE_CONSTRUCTION_REDESIGN_20260614.md,reports,source_of_truth_evidence,human decision artifact
reports/CRYPTO_A7V3S8_REDESIGNED_REWARD_SMOKE_AGGREGATE_20260614.md,reports,source_of_truth_evidence,human decision artifact
reports/CRYPTO_A7V3S8_REDESIGNED_REWARD_SMOKE_LAUNCH_20260614.md,reports,source_of_truth_evidence,human decision artifact
reports/CRYPTO_A7V3S8_REDESIGNED_REWARD_SMOKE_RESULT_20260614.md,reports,source_of_truth_evidence,human decision artifact
reports/CRYPTO_A7V3S9_PREREWARD_OOS_CONTROL_PROXY_AGGREGATE_20260614.md,reports,source_of_truth_evidence,human decision artifact
reports/CRYPTO_A7V3S9_S10_REWARD_VALIDATION_VERSION_20260614.md,reports,source_of_truth_evidence,human decision artifact
reports/CRYPTO_A7V3S9_SELECTED_FULL_REWARD_AGGREGATE_20260614.md,reports,source_of_truth_evidence,human decision artifact
reports/CRYPTO_A7W0_POST_SOURCE_TRACE_STATUS_20260522.md,reports,source_of_truth_evidence,human decision artifact
reports/CRYPTO_ALPHAFACTORY_METHOD_V1_20260519.md,reports,source_of_truth_evidence,human decision artifact
reports/crypto_bronze_build_20260519.json,reports,source_of_truth_evidence,human decision artifact
reports/CRYPTO_BRONZE_BUILD_20260519.md,reports,source_of_truth_evidence,human decision artifact
reports/CRYPTO_DEPRECATED_ACTIVE_TREE_ARCHIVE_20260527.md,reports,source_of_truth_evidence,human decision artifact
reports/CRYPTO_GIT_SYNC_STATUS_20260529.md,reports,source_of_truth_evidence,human decision artifact
reports/CRYPTO_VERIFIED_CORE_COMPONENT_AUDIT_20260618.md,reports,source_of_truth_evidence,human decision artifact
runtime/a7aa0_label_feature_response_contract/a7aa0_authorization_matrix.json,feature_response,archive_only,response profiling evidence
runtime/a7aa0_label_feature_response_contract/a7aa0_candidate_primitive_fields.csv,field_contracts,archive_only,prior governance evidence; not all scripts are runtime core
runtime/a7aa0_label_feature_response_contract/a7aa0_label_family_contract.csv,feature_response,archive_only,response profiling evidence
runtime/a7aa0_label_feature_response_contract/a7aa0_manifest.json,feature_response,archive_only,response profiling evidence
runtime/a7aa0_label_feature_response_contract/a7aa0_negative_control_contract.csv,feature_response,archive_only,response profiling evidence
runtime/a7aa0_label_feature_response_contract/a7aa0_transform_contract.csv,feature_response,archive_only,response profiling evidence
runtime/a7aa1_primitive_response_map/a7aa1_authorization_matrix.json,feature_response,archive_only,response profiling evidence
runtime/a7aa1_primitive_response_map/a7aa1_decision_counts.csv,feature_response,archive_only,response profiling evidence
runtime/a7aa1_primitive_response_map/a7aa1_field_family_label_summary.csv,field_contracts,archive_only,prior governance evidence; not all scripts are runtime core
runtime/a7aa1_primitive_response_map/a7aa1_manifest.json,feature_response,archive_only,response profiling evidence
runtime/a7aa1_primitive_response_map/a7aa1_primitive_response_candidates.csv,feature_response,archive_only,response profiling evidence
runtime/a7aa1_primitive_response_map/a7aa1_primitive_response_map.csv,feature_response,archive_only,response profiling evidence
runtime/a7aa2_feature_role_classification/a7aa2_authorization_matrix.json,feature_response,archive_only,response profiling evidence
runtime/a7aa2_feature_role_classification/a7aa2_family_role_summary.csv,feature_response,archive_only,response profiling evidence
runtime/a7aa2_feature_role_classification/a7aa2_feature_role_ledger.csv,feature_response,archive_only,response profiling evidence
runtime/a7aa2_feature_role_classification/a7aa2_manifest.json,feature_response,archive_only,response profiling evidence
runtime/a7aa2_feature_role_classification/a7aa2_selector_rewrite_seed_policy.json,feature_response,archive_only,response profiling evidence
runtime/a7aa2_feature_role_classification/a7aa2_selector_seed_fields.csv,field_contracts,archive_only,prior governance evidence; not all scripts are runtime core
runtime/a7aa3_selector_rewrite_contract/a7aa3_allowed_selector_seed_fields.csv,field_contracts,archive_only,prior governance evidence; not all scripts are runtime core
runtime/a7aa3_selector_rewrite_contract/a7aa3_authorization_matrix.json,feature_response,archive_only,response profiling evidence
runtime/a7aa3_selector_rewrite_contract/a7aa3_blocked_primary_fields_until_response_evidence.csv,field_contracts,archive_only,prior governance evidence; not all scripts are runtime core
runtime/a7aa3_selector_rewrite_contract/a7aa3_manifest.json,feature_response,archive_only,response profiling evidence
runtime/a7aa3_selector_rewrite_contract/a7aa3_selector_rewrite_contract.json,feature_response,archive_only,response profiling evidence
runtime/a7aa4_response_readiness_handoff/a7aa4_feature_role_reuse_audit.csv,feature_response,archive_only,response profiling evidence
runtime/a7aa4_response_readiness_handoff/a7aa4_label_contract_reuse_audit.csv,feature_response,archive_only,response profiling evidence
runtime/a7aa4_response_readiness_handoff/a7aa4_manifest.json,feature_response,archive_only,response profiling evidence
runtime/a7aa4_response_readiness_handoff/a7aa4_reused_stage_summary.csv,feature_response,archive_only,response profiling evidence
runtime/a7ab0_selector_rewrite_dryrun_contract/a7ab0_allowed_seed_fields.csv,field_contracts,archive_only,prior governance evidence; not all scripts are runtime core
runtime/a7ab0_selector_rewrite_dryrun_contract/a7ab0_authorization_matrix.json,runtime_artifacts,source_of_truth_evidence,machine-readable evidence or manifest
runtime/a7ab0_selector_rewrite_dryrun_contract/a7ab0_manifest.json,runtime_artifacts,source_of_truth_evidence,machine-readable evidence or manifest
runtime/a7ab0_selector_rewrite_dryrun_contract/a7ab0_selector_hard_gates.csv,runtime_artifacts,source_of_truth_evidence,machine-readable evidence or manifest
runtime/a7ab0_selector_rewrite_dryrun_contract/a7ab0_selector_score_features.csv,runtime_artifacts,source_of_truth_evidence,machine-readable evidence or manifest
runtime/a7ab1_selector_rewrite_dryrun/a7ab1_authorization_matrix.json,runtime_artifacts,source_of_truth_evidence,machine-readable evidence or manifest
runtime/a7ab1_selector_rewrite_dryrun/a7ab1_experiment_record.json,runtime_artifacts,source_of_truth_evidence,machine-readable evidence or manifest
runtime/a7ab1_selector_rewrite_dryrun/a7ab1_manifest.json,runtime_artifacts,source_of_truth_evidence,machine-readable evidence or manifest
runtime/a7ab1_selector_rewrite_dryrun/a7ab1_score_feature_weights.csv,runtime_artifacts,source_of_truth_evidence,machine-readable evidence or manifest
runtime/a7ab1_selector_rewrite_dryrun/a7ab1_seed_scoreboard.csv,runtime_artifacts,source_of_truth_evidence,machine-readable evidence or manifest
runtime/a7ab1_selector_rewrite_dryrun/a7ab1_selector_hard_gate_audit.csv,runtime_artifacts,source_of_truth_evidence,machine-readable evidence or manifest
runtime/a7ab1_selector_rewrite_dryrun/a7ab1_selector_queue.csv,runtime_artifacts,source_of_truth_evidence,machine-readable evidence or manifest
runtime/a7ab2_seed_constrained_micro_generation_contract/a7ab2_allowed_generation_families.csv,runtime_artifacts,source_of_truth_evidence,machine-readable evidence or manifest
runtime/a7ab2_seed_constrained_micro_generation_contract/a7ab2_authorization_matrix.json,runtime_artifacts,source_of_truth_evidence,machine-readable evidence or manifest
runtime/a7ab2_seed_constrained_micro_generation_contract/a7ab2_forbidden_families.csv,runtime_artifacts,source_of_truth_evidence,machine-readable evidence or manifest
runtime/a7ab2_seed_constrained_micro_generation_contract/a7ab2_generation_quota.json,runtime_artifacts,source_of_truth_evidence,machine-readable evidence or manifest
runtime/a7ab2_seed_constrained_micro_generation_contract/a7ab2_hard_gates.csv,runtime_artifacts,source_of_truth_evidence,machine-readable evidence or manifest
runtime/a7ab2_seed_constrained_micro_generation_contract/a7ab2_manifest.json,runtime_artifacts,source_of_truth_evidence,machine-readable evidence or manifest
runtime/a7ab2_seed_constrained_micro_generation_contract/a7ab2_seed_queue_input.csv,runtime_artifacts,source_of_truth_evidence,machine-readable evidence or manifest
runtime/a7ab2_seed_constrained_micro_generation_contract/a7ab2_transform_contract.csv,runtime_artifacts,source_of_truth_evidence,machine-readable evidence or manifest
runtime/a7ab3_seed_constrained_dry_generation/a7ab3_authorization_matrix.json,runtime_artifacts,source_of_truth_evidence,machine-readable evidence or manifest
runtime/a7ab3_seed_constrained_dry_generation/a7ab3_generated_pool.csv,runtime_artifacts,source_of_truth_evidence,machine-readable evidence or manifest
runtime/a7ab3_seed_constrained_dry_generation/a7ab3_generation_family_summary.csv,runtime_artifacts,source_of_truth_evidence,machine-readable evidence or manifest
runtime/a7ab3_seed_constrained_dry_generation/a7ab3_manifest.json,runtime_artifacts,source_of_truth_evidence,machine-readable evidence or manifest
runtime/a7ab3_seed_constrained_dry_generation/a7ab3_static_selected_family_summary.csv,runtime_artifacts,source_of_truth_evidence,machine-readable evidence or manifest
runtime/a7ab3_seed_constrained_dry_generation/a7ab3_static_selected_queue.csv,runtime_artifacts,source_of_truth_evidence,machine-readable evidence or manifest
runtime/a7ab3_seed_constrained_dry_generation/a7ab3_static_validity_audit.json,runtime_artifacts,source_of_truth_evidence,machine-readable evidence or manifest
runtime/a7ab4_materialization_preflight/a7ab4_authorization_matrix.json,runtime_artifacts,source_of_truth_evidence,machine-readable evidence or manifest
runtime/a7ab4_materialization_preflight/a7ab4_blocker_matrix.csv,runtime_artifacts,source_of_truth_evidence,machine-readable evidence or manifest
runtime/a7ab4_materialization_preflight/a7ab4_candidate_materialization_summary.csv,runtime_artifacts,source_of_truth_evidence,machine-readable evidence or manifest
runtime/a7ab4_materialization_preflight/a7ab4_family_materialization_summary.csv,runtime_artifacts,source_of_truth_evidence,machine-readable evidence or manifest
runtime/a7ab4_materialization_preflight/a7ab4_manifest.json,runtime_artifacts,source_of_truth_evidence,machine-readable evidence or manifest
runtime/a7ab4_materialization_preflight/a7ab4_motif_materialization_summary.csv,runtime_artifacts,source_of_truth_evidence,machine-readable evidence or manifest
runtime/a7ab4_materialization_preflight/a7ab4_operator_coverage.csv,runtime_artifacts,source_of_truth_evidence,machine-readable evidence or manifest
runtime/a7ab5_numeric_replay_contract/a7ab5_authorization_matrix.json,runtime_artifacts,source_of_truth_evidence,machine-readable evidence or manifest
runtime/a7ab5_numeric_replay_contract/a7ab5_control_contract.csv,runtime_artifacts,source_of_truth_evidence,machine-readable evidence or manifest
runtime/a7ab5_numeric_replay_contract/a7ab5_label_contract.csv,runtime_artifacts,source_of_truth_evidence,machine-readable evidence or manifest
runtime/a7ab5_numeric_replay_contract/a7ab5_manifest.json,runtime_artifacts,source_of_truth_evidence,machine-readable evidence or manifest
runtime/a7ab5_numeric_replay_contract/a7ab5_pass_gates.csv,runtime_artifacts,source_of_truth_evidence,machine-readable evidence or manifest
runtime/a7ab5_numeric_replay_contract/a7ab5_replay_contract_queue.csv,runtime_artifacts,source_of_truth_evidence,machine-readable evidence or manifest
runtime/a7ab6_small_numeric_replay_preflight/a7ab6_authorization_matrix.json,runtime_artifacts,source_of_truth_evidence,machine-readable evidence or manifest
runtime/a7ab6_small_numeric_replay_preflight/a7ab6_candidate_label_decisions.csv,runtime_artifacts,source_of_truth_evidence,machine-readable evidence or manifest
runtime/a7ab6_small_numeric_replay_preflight/a7ab6_candidate_variant_metrics.csv,runtime_artifacts,source_of_truth_evidence,machine-readable evidence or manifest
runtime/a7ab6_small_numeric_replay_preflight/a7ab6_clue_queue.csv,runtime_artifacts,source_of_truth_evidence,machine-readable evidence or manifest
runtime/a7ab6_small_numeric_replay_preflight/a7ab6_decision_counts.csv,runtime_artifacts,source_of_truth_evidence,machine-readable evidence or manifest
runtime/a7ab6_small_numeric_replay_preflight/a7ab6_eval_errors.csv,runtime_artifacts,source_of_truth_evidence,machine-readable evidence or manifest
runtime/a7ab6_small_numeric_replay_preflight/a7ab6_manifest.json,runtime_artifacts,source_of_truth_evidence,machine-readable evidence or manifest
runtime/a7ab6_small_numeric_replay_preflight/a7ab6_ranked_decision_queue.csv,runtime_artifacts,source_of_truth_evidence,machine-readable evidence or manifest
runtime/a7ab7_clue_forensic_contract/a7ab7_authorization_matrix.json,runtime_artifacts,source_of_truth_evidence,machine-readable evidence or manifest
runtime/a7ab7_clue_forensic_contract/a7ab7_clue_candidate_detail.csv,runtime_artifacts,source_of_truth_evidence,machine-readable evidence or manifest
runtime/a7ab7_clue_forensic_contract/a7ab7_clue_family_summary.csv,runtime_artifacts,source_of_truth_evidence,machine-readable evidence or manifest
runtime/a7ab7_clue_forensic_contract/a7ab7_clue_label_summary.csv,runtime_artifacts,source_of_truth_evidence,machine-readable evidence or manifest
runtime/a7ab7_clue_forensic_contract/a7ab7_clue_queue_input.csv,runtime_artifacts,source_of_truth_evidence,machine-readable evidence or manifest
runtime/a7ab7_clue_forensic_contract/a7ab7_manifest.json,runtime_artifacts,source_of_truth_evidence,machine-readable evidence or manifest
runtime/a7ab7_clue_forensic_contract/a7ab7_pass_gates.csv,runtime_artifacts,source_of_truth_evidence,machine-readable evidence or manifest
runtime/a7ab7_clue_forensic_contract/a7ab7_required_forensic_tests.csv,runtime_artifacts,source_of_truth_evidence,machine-readable evidence or manifest
runtime/a7ab8_clue_forensic_execution/a7ab8_authorization_matrix.json,runtime_artifacts,source_of_truth_evidence,machine-readable evidence or manifest
runtime/a7ab8_clue_forensic_execution/a7ab8_clue_augmented.csv,runtime_artifacts,source_of_truth_evidence,machine-readable evidence or manifest
runtime/a7ab8_clue_forensic_execution/a7ab8_decision_counts.csv,runtime_artifacts,source_of_truth_evidence,machine-readable evidence or manifest
runtime/a7ab8_clue_forensic_execution/a7ab8_forensic_decisions.csv,runtime_artifacts,source_of_truth_evidence,machine-readable evidence or manifest
runtime/a7ab8_clue_forensic_execution/a7ab8_forensic_survivors.csv,runtime_artifacts,source_of_truth_evidence,machine-readable evidence or manifest
runtime/a7ab8_clue_forensic_execution/a7ab8_full_window_variant_metrics.csv,runtime_artifacts,source_of_truth_evidence,machine-readable evidence or manifest
runtime/a7ab8_clue_forensic_execution/a7ab8_manifest.json,runtime_artifacts,source_of_truth_evidence,machine-readable evidence or manifest
runtime/a7ab8_clue_forensic_execution/a7ab8_return_corr_cluster_summary.csv,runtime_artifacts,source_of_truth_evidence,machine-readable evidence or manifest
runtime/a7ab8_clue_forensic_execution/a7ab8_return_corr_clusters.csv,runtime_artifacts,source_of_truth_evidence,machine-readable evidence or manifest
runtime/a7ab9_survivor_freeze_contract/a7ab9_authorization_matrix.json,runtime_artifacts,source_of_truth_evidence,machine-readable evidence or manifest
runtime/a7ab9_survivor_freeze_contract/a7ab9_input_cluster_summary.csv,runtime_artifacts,source_of_truth_evidence,machine-readable evidence or manifest
runtime/a7ab9_survivor_freeze_contract/a7ab9_manifest.json,runtime_artifacts,source_of_truth_evidence,machine-readable evidence or manifest
runtime/a7ab9_survivor_freeze_contract/a7ab9_representative_survivor_pool.csv,runtime_artifacts,source_of_truth_evidence,machine-readable evidence or manifest
runtime/a7ab9_survivor_freeze_contract/a7ab9_survivor_cluster_audit.csv,runtime_artifacts,source_of_truth_evidence,machine-readable evidence or manifest
runtime/a7ab9_survivor_freeze_contract/a7ab9_survivor_label_audit.csv,runtime_artifacts,source_of_truth_evidence,machine-readable evidence or manifest
runtime/a7ab9_survivor_freeze_contract/a7ab9_survivor_pool.csv,runtime_artifacts,source_of_truth_evidence,machine-readable evidence or manifest
runtime/a7ac0_representative_forensic_contract/a7ac0_authorization_matrix.json,runtime_artifacts,source_of_truth_evidence,machine-readable evidence or manifest
runtime/a7ac0_representative_forensic_contract/a7ac0_experiment_record.json,runtime_artifacts,source_of_truth_evidence,machine-readable evidence or manifest
runtime/a7ac0_representative_forensic_contract/a7ac0_label_summary.csv,runtime_artifacts,source_of_truth_evidence,machine-readable evidence or manifest
runtime/a7ac0_representative_forensic_contract/a7ac0_manifest.json,runtime_artifacts,source_of_truth_evidence,machine-readable evidence or manifest
runtime/a7ac0_representative_forensic_contract/a7ac0_pass_gates.csv,runtime_artifacts,source_of_truth_evidence,machine-readable evidence or manifest
runtime/a7ac0_representative_forensic_contract/a7ac0_representative_cluster_summary.csv,runtime_artifacts,source_of_truth_evidence,machine-readable evidence or manifest
runtime/a7ac0_representative_forensic_contract/a7ac0_representative_input_pool.csv,runtime_artifacts,source_of_truth_evidence,machine-readable evidence or manifest
runtime/a7ac0_representative_forensic_contract/a7ac0_representative_risk_flags.csv,runtime_artifacts,source_of_truth_evidence,machine-readable evidence or manifest
runtime/a7ac0_representative_forensic_contract/a7ac0_required_forensic_tests.csv,runtime_artifacts,source_of_truth_evidence,machine-readable evidence or manifest
runtime/a7ac0_representative_forensic_contract/a7ac0_risk_summary.csv,runtime_artifacts,source_of_truth_evidence,machine-readable evidence or manifest
runtime/a7ac0_representative_forensic_contract/a7ac0_source_survivor_pool.csv,runtime_artifacts,source_of_truth_evidence,machine-readable evidence or manifest
runtime/a7ac1_representative_forensic_execution/a7ac1_authorization_matrix.json,runtime_artifacts,source_of_truth_evidence,machine-readable evidence or manifest
runtime/a7ac1_representative_forensic_execution/a7ac1_cluster_summary.csv,runtime_artifacts,source_of_truth_evidence,machine-readable evidence or manifest
runtime/a7ac1_representative_forensic_execution/a7ac1_control_dominance_by_split.csv,runtime_artifacts,source_of_truth_evidence,machine-readable evidence or manifest
runtime/a7ac1_representative_forensic_execution/a7ac1_decision_counts.csv,runtime_artifacts,source_of_truth_evidence,machine-readable evidence or manifest
runtime/a7ac1_representative_forensic_execution/a7ac1_experiment_record.json,runtime_artifacts,source_of_truth_evidence,machine-readable evidence or manifest
runtime/a7ac1_representative_forensic_execution/a7ac1_label_summary.csv,runtime_artifacts,source_of_truth_evidence,machine-readable evidence or manifest
runtime/a7ac1_representative_forensic_execution/a7ac1_manifest.json,runtime_artifacts,source_of_truth_evidence,machine-readable evidence or manifest
runtime/a7ac1_representative_forensic_execution/a7ac1_representative_forensic_audit.csv,runtime_artifacts,source_of_truth_evidence,machine-readable evidence or manifest
runtime/a7ac1_representative_forensic_execution/a7ac1_source_a7ab8_decisions.csv,runtime_artifacts,source_of_truth_evidence,machine-readable evidence or manifest
runtime/a7ac1r_representative_quarantine_contract/a7ac1r_authorization_matrix.json,runtime_artifacts,source_of_truth_evidence,machine-readable evidence or manifest
runtime/a7ac1r_representative_quarantine_contract/a7ac1r_blocker_summary.csv,runtime_artifacts,source_of_truth_evidence,machine-readable evidence or manifest
runtime/a7ac1r_representative_quarantine_contract/a7ac1r_control_warning_rows.csv,runtime_artifacts,source_of_truth_evidence,machine-readable evidence or manifest
runtime/a7ac1r_representative_quarantine_contract/a7ac1r_diagnostic_representative_subset.csv,runtime_artifacts,source_of_truth_evidence,machine-readable evidence or manifest
runtime/a7ac1r_representative_quarantine_contract/a7ac1r_experiment_record.json,runtime_artifacts,source_of_truth_evidence,machine-readable evidence or manifest
runtime/a7ac1r_representative_quarantine_contract/a7ac1r_manifest.json,runtime_artifacts,source_of_truth_evidence,machine-readable evidence or manifest
runtime/a7ac1r_representative_quarantine_contract/a7ac1r_quarantined_representatives.csv,runtime_artifacts,source_of_truth_evidence,machine-readable evidence or manifest
runtime/a7ac1r_representative_quarantine_contract/a7ac1r_warning_summary.csv,runtime_artifacts,source_of_truth_evidence,machine-readable evidence or manifest
runtime/a7ac2_label_diversification_contract/a7ac2_authorization_matrix.json,runtime_artifacts,source_of_truth_evidence,machine-readable evidence or manifest
runtime/a7ac2_label_diversification_contract/a7ac2_diagnostic_subset_input.csv,runtime_artifacts,source_of_truth_evidence,machine-readable evidence or manifest
runtime/a7ac2_label_diversification_contract/a7ac2_execution_plan.csv,runtime_artifacts,source_of_truth_evidence,machine-readable evidence or manifest
runtime/a7ac2_label_diversification_contract/a7ac2_experiment_record.json,runtime_artifacts,source_of_truth_evidence,machine-readable evidence or manifest
runtime/a7ac2_label_diversification_contract/a7ac2_forbidden_actions.csv,runtime_artifacts,source_of_truth_evidence,machine-readable evidence or manifest
runtime/a7ac2_label_diversification_contract/a7ac2_label_family_contract.csv,runtime_artifacts,source_of_truth_evidence,machine-readable evidence or manifest
runtime/a7ac2_label_diversification_contract/a7ac2_manifest.json,runtime_artifacts,source_of_truth_evidence,machine-readable evidence or manifest
runtime/a7ac2_label_diversification_contract/a7ac2_neutralization_contract.csv,runtime_artifacts,source_of_truth_evidence,machine-readable evidence or manifest
runtime/a7ac2_label_diversification_contract/a7ac2_pass_gates.csv,runtime_artifacts,source_of_truth_evidence,machine-readable evidence or manifest
runtime/a7ac2_label_diversification_contract/a7ac2_quarantined_input.csv,runtime_artifacts,source_of_truth_evidence,machine-readable evidence or manifest
runtime/a7ac2_label_diversification_contract/a7ac2_source_summary.csv,runtime_artifacts,source_of_truth_evidence,machine-readable evidence or manifest
runtime/a7ac3_label_diversification_diagnostic/a7ac3_authorization_matrix.json,runtime_artifacts,source_of_truth_evidence,machine-readable evidence or manifest
runtime/a7ac3_label_diversification_diagnostic/a7ac3_candidate_summary.csv,runtime_artifacts,source_of_truth_evidence,machine-readable evidence or manifest
runtime/a7ac3_label_diversification_diagnostic/a7ac3_decision_counts.csv,runtime_artifacts,source_of_truth_evidence,machine-readable evidence or manifest
runtime/a7ac3_label_diversification_diagnostic/a7ac3_experiment_record.json,runtime_artifacts,source_of_truth_evidence,machine-readable evidence or manifest
runtime/a7ac3_label_diversification_diagnostic/a7ac3_label_mode_summary.csv,runtime_artifacts,source_of_truth_evidence,machine-readable evidence or manifest
runtime/a7ac3_label_diversification_diagnostic/a7ac3_label_neutralization_decisions.csv,runtime_artifacts,source_of_truth_evidence,machine-readable evidence or manifest
runtime/a7ac3_label_diversification_diagnostic/a7ac3_label_neutralization_metrics.csv,runtime_artifacts,source_of_truth_evidence,machine-readable evidence or manifest
runtime/a7ac3_label_diversification_diagnostic/a7ac3_manifest.json,runtime_artifacts,source_of_truth_evidence,machine-readable evidence or manifest
runtime/a7ac3_label_diversification_diagnostic/a7ac3_neutralized_pass_rows.csv,runtime_artifacts,source_of_truth_evidence,machine-readable evidence or manifest
runtime/a7ac3_label_diversification_diagnostic/a7ac3_non_rank_pass_rows.csv,runtime_artifacts,source_of_truth_evidence,machine-readable evidence or manifest
runtime/a7ac3_label_diversification_diagnostic/a7ac3_pass_rows.csv,runtime_artifacts,source_of_truth_evidence,machine-readable evidence or manifest
runtime/a7ad0_ranked_label_translation_contract/a7ad0_authorization_matrix.json,runtime_artifacts,source_of_truth_evidence,machine-readable evidence or manifest
runtime/a7ad0_ranked_label_translation_contract/a7ad0_experiment_record.json,runtime_artifacts,source_of_truth_evidence,machine-readable evidence or manifest
runtime/a7ad0_ranked_label_translation_contract/a7ad0_manifest.json,runtime_artifacts,source_of_truth_evidence,machine-readable evidence or manifest
runtime/a7ad0_ranked_label_translation_contract/a7ad0_pass_gates.csv,runtime_artifacts,source_of_truth_evidence,machine-readable evidence or manifest
runtime/a7ad0_ranked_label_translation_contract/a7ad0_source_label_summary.csv,runtime_artifacts,source_of_truth_evidence,machine-readable evidence or manifest
runtime/a7ad0_ranked_label_translation_contract/a7ad0_translation_tests.csv,runtime_artifacts,source_of_truth_evidence,machine-readable evidence or manifest
runtime/a7ad1_ranked_label_translation_audit/a7ad1_authorization_matrix.json,runtime_artifacts,source_of_truth_evidence,machine-readable evidence or manifest
runtime/a7ad1_ranked_label_translation_audit/a7ad1_candidate_translation_summary.csv,runtime_artifacts,source_of_truth_evidence,machine-readable evidence or manifest
runtime/a7ad1_ranked_label_translation_audit/a7ad1_experiment_record.json,runtime_artifacts,source_of_truth_evidence,machine-readable evidence or manifest
runtime/a7ad1_ranked_label_translation_audit/a7ad1_l7_to_nonrank_translation_rows.csv,runtime_artifacts,source_of_truth_evidence,machine-readable evidence or manifest
runtime/a7ad1_ranked_label_translation_audit/a7ad1_manifest.json,runtime_artifacts,source_of_truth_evidence,machine-readable evidence or manifest
runtime/a7ad1_ranked_label_translation_audit/a7ad1_positive_but_blocked_rows.csv,runtime_artifacts,source_of_truth_evidence,machine-readable evidence or manifest
runtime/a7ad1_ranked_label_translation_audit/a7ad1_translated_rows.csv,runtime_artifacts,source_of_truth_evidence,machine-readable evidence or manifest
runtime/a7ad1_ranked_label_translation_audit/a7ad1_translation_status_summary.csv,runtime_artifacts,source_of_truth_evidence,machine-readable evidence or manifest
runtime/a7ae0_label_adequacy_extension_contract/a7ae0_authorization_matrix.json,runtime_artifacts,source_of_truth_evidence,machine-readable evidence or manifest
runtime/a7ae0_label_adequacy_extension_contract/a7ae0_field_universe.csv,field_contracts,archive_only,prior governance evidence; not all scripts are runtime core
runtime/a7ae0_label_adequacy_extension_contract/a7ae0_label_family_contract.csv,runtime_artifacts,source_of_truth_evidence,machine-readable evidence or manifest
runtime/a7ae0_label_adequacy_extension_contract/a7ae0_manifest.json,runtime_artifacts,source_of_truth_evidence,machine-readable evidence or manifest
runtime/a7ae0_label_adequacy_extension_contract/a7ae0_negative_control_contract.csv,runtime_artifacts,source_of_truth_evidence,machine-readable evidence or manifest
runtime/a7ae0_label_adequacy_extension_contract/a7ae0_transform_contract.csv,runtime_artifacts,source_of_truth_evidence,machine-readable evidence or manifest
runtime/a7ae1_label_adequacy_response_map/a7ae1_authorization_matrix.json,feature_response,archive_only,response profiling evidence
runtime/a7ae1_label_adequacy_response_map/a7ae1_decision_counts.csv,feature_response,archive_only,response profiling evidence
runtime/a7ae1_label_adequacy_response_map/a7ae1_family_label_summary.csv,feature_response,archive_only,response profiling evidence
runtime/a7ae1_label_adequacy_response_map/a7ae1_label_adequacy_candidates.csv,feature_response,archive_only,response profiling evidence
runtime/a7ae1_label_adequacy_response_map/a7ae1_label_adequacy_response_map.csv,feature_response,archive_only,response profiling evidence
runtime/a7ae1_label_adequacy_response_map/a7ae1_label_adequacy_summary.csv,feature_response,archive_only,response profiling evidence
runtime/a7ae1_label_adequacy_response_map/a7ae1_label_matrix_audit.csv,feature_response,archive_only,response profiling evidence
runtime/a7ae1_label_adequacy_response_map/a7ae1_manifest.json,feature_response,archive_only,response profiling evidence
runtime/a7ae1_label_adequacy_response_map/a7ae1_non_rank_label_candidates.csv,feature_response,archive_only,response profiling evidence
runtime/a7ae2_label_adequacy_role_review/a7ae2_authorization_matrix.json,runtime_artifacts,source_of_truth_evidence,machine-readable evidence or manifest
runtime/a7ae2_label_adequacy_role_review/a7ae2_family_role_summary.csv,runtime_artifacts,source_of_truth_evidence,machine-readable evidence or manifest
runtime/a7ae2_label_adequacy_role_review/a7ae2_feature_role_update.csv,runtime_artifacts,source_of_truth_evidence,machine-readable evidence or manifest
runtime/a7ae2_label_adequacy_role_review/a7ae2_manifest.json,runtime_artifacts,source_of_truth_evidence,machine-readable evidence or manifest
runtime/a7ae2_label_adequacy_role_review/a7ae2_selector_seed_policy.csv,runtime_artifacts,source_of_truth_evidence,machine-readable evidence or manifest
runtime/a7ae2_label_adequacy_role_review/a7ae2_source_candidates_snapshot.csv,runtime_artifacts,source_of_truth_evidence,machine-readable evidence or manifest
runtime/a7af0_role_aware_selector_contract/a7af0_allowed_seed_fields.csv,field_contracts,archive_only,prior governance evidence; not all scripts are runtime core
runtime/a7af0_role_aware_selector_contract/a7af0_authorization_matrix.json,runtime_artifacts,source_of_truth_evidence,machine-readable evidence or manifest
runtime/a7af0_role_aware_selector_contract/a7af0_manifest.json,runtime_artifacts,source_of_truth_evidence,machine-readable evidence or manifest
runtime/a7af0_role_aware_selector_contract/a7af0_role_caps.json,runtime_artifacts,source_of_truth_evidence,machine-readable evidence or manifest
runtime/a7af0_role_aware_selector_contract/a7af0_selector_hard_gates.csv,runtime_artifacts,source_of_truth_evidence,machine-readable evidence or manifest
runtime/a7af0_role_aware_selector_contract/a7af0_selector_score_features.csv,runtime_artifacts,source_of_truth_evidence,machine-readable evidence or manifest
runtime/a7af0_role_aware_selector_contract/a7af0_selector_tiers.csv,runtime_artifacts,source_of_truth_evidence,machine-readable evidence or manifest
runtime/a7af1_role_aware_selector_dryrun/a7af1_authorization_matrix.json,runtime_artifacts,source_of_truth_evidence,machine-readable evidence or manifest
runtime/a7af1_role_aware_selector_dryrun/a7af1_manifest.json,runtime_artifacts,source_of_truth_evidence,machine-readable evidence or manifest
runtime/a7af1_role_aware_selector_dryrun/a7af1_selected_queue.csv,runtime_artifacts,source_of_truth_evidence,machine-readable evidence or manifest
runtime/a7af1_role_aware_selector_dryrun/a7af1_selected_tier_summary.csv,runtime_artifacts,source_of_truth_evidence,machine-readable evidence or manifest
runtime/a7af1_role_aware_selector_dryrun/a7af1_selector_scoreboard.csv,runtime_artifacts,source_of_truth_evidence,machine-readable evidence or manifest
runtime/a7af1_role_aware_selector_dryrun/a7af1_tier_summary.csv,runtime_artifacts,source_of_truth_evidence,machine-readable evidence or manifest
runtime/a7ag0_role_aware_generation_contract/a7ag0_authorization_matrix.json,runtime_artifacts,source_of_truth_evidence,machine-readable evidence or manifest
runtime/a7ag0_role_aware_generation_contract/a7ag0_blueprint_budget.json,runtime_artifacts,source_of_truth_evidence,machine-readable evidence or manifest
runtime/a7ag0_role_aware_generation_contract/a7ag0_generation_rules.csv,runtime_artifacts,source_of_truth_evidence,machine-readable evidence or manifest
runtime/a7ag0_role_aware_generation_contract/a7ag0_generation_tracks.csv,runtime_artifacts,source_of_truth_evidence,machine-readable evidence or manifest
runtime/a7ag0_role_aware_generation_contract/a7ag0_manifest.json,runtime_artifacts,source_of_truth_evidence,machine-readable evidence or manifest
runtime/a7ag0_role_aware_generation_contract/a7ag0_source_queue_track_summary.csv,runtime_artifacts,source_of_truth_evidence,machine-readable evidence or manifest
runtime/a7ag0_role_aware_generation_contract/a7ag0_source_selected_queue.csv,runtime_artifacts,source_of_truth_evidence,machine-readable evidence or manifest
runtime/a7ag1_static_blueprint_dryrun/a7ag1_authorization_matrix.json,runtime_artifacts,source_of_truth_evidence,machine-readable evidence or manifest
runtime/a7ag1_static_blueprint_dryrun/a7ag1_inherited_generation_rules.csv,runtime_artifacts,source_of_truth_evidence,machine-readable evidence or manifest
runtime/a7ag1_static_blueprint_dryrun/a7ag1_manifest.json,runtime_artifacts,source_of_truth_evidence,machine-readable evidence or manifest
runtime/a7ag1_static_blueprint_dryrun/a7ag1_skeleton_summary.csv,runtime_artifacts,source_of_truth_evidence,machine-readable evidence or manifest
runtime/a7ag1_static_blueprint_dryrun/a7ag1_static_blueprint_registry.csv,runtime_artifacts,source_of_truth_evidence,machine-readable evidence or manifest
runtime/a7ag1_static_blueprint_dryrun/a7ag1_static_ok_blueprints.csv,runtime_artifacts,source_of_truth_evidence,machine-readable evidence or manifest
runtime/a7ag1_static_blueprint_dryrun/a7ag1_track_summary.csv,runtime_artifacts,source_of_truth_evidence,machine-readable evidence or manifest
runtime/a7ag2_numeric_replay_contract/a7ag2_authorization_matrix.json,runtime_artifacts,source_of_truth_evidence,machine-readable evidence or manifest
runtime/a7ag2_numeric_replay_contract/a7ag2_label_summary.csv,runtime_artifacts,source_of_truth_evidence,machine-readable evidence or manifest
runtime/a7ag2_numeric_replay_contract/a7ag2_manifest.json,runtime_artifacts,source_of_truth_evidence,machine-readable evidence or manifest
runtime/a7ag2_numeric_replay_contract/a7ag2_numeric_replay_queue.csv,runtime_artifacts,source_of_truth_evidence,machine-readable evidence or manifest
runtime/a7ag2_numeric_replay_contract/a7ag2_replay_contract.json,runtime_artifacts,source_of_truth_evidence,machine-readable evidence or manifest
runtime/a7ag2_numeric_replay_contract/a7ag2_track_summary.csv,runtime_artifacts,source_of_truth_evidence,machine-readable evidence or manifest
runtime/a7ag3_numeric_replay_pilot/a7ag3_authorization_matrix.json,runtime_artifacts,source_of_truth_evidence,machine-readable evidence or manifest
runtime/a7ag3_numeric_replay_pilot/a7ag3_candidate_replay_metrics.csv,runtime_artifacts,source_of_truth_evidence,machine-readable evidence or manifest
runtime/a7ag3_numeric_replay_pilot/a7ag3_control_summary.csv,runtime_artifacts,source_of_truth_evidence,machine-readable evidence or manifest
runtime/a7ag3_numeric_replay_pilot/a7ag3_decision_counts.csv,runtime_artifacts,source_of_truth_evidence,machine-readable evidence or manifest
runtime/a7ag3_numeric_replay_pilot/a7ag3_manifest.json,runtime_artifacts,source_of_truth_evidence,machine-readable evidence or manifest
runtime/a7ag3_numeric_replay_pilot/a7ag3_replay_clues.csv,runtime_artifacts,source_of_truth_evidence,machine-readable evidence or manifest
runtime/a7ag3_numeric_replay_pilot/a7ag3_track_summary.csv,runtime_artifacts,source_of_truth_evidence,machine-readable evidence or manifest
runtime/a7ag4_clue_forensic_contract/a7ag4_authorization_matrix.json,runtime_artifacts,source_of_truth_evidence,machine-readable evidence or manifest
runtime/a7ag4_clue_forensic_contract/a7ag4_concentration_summary.csv,runtime_artifacts,source_of_truth_evidence,machine-readable evidence or manifest
runtime/a7ag4_clue_forensic_contract/a7ag4_forensic_contract.json,runtime_artifacts,source_of_truth_evidence,machine-readable evidence or manifest
runtime/a7ag4_clue_forensic_contract/a7ag4_manifest.json,runtime_artifacts,source_of_truth_evidence,machine-readable evidence or manifest
runtime/a7ag4_clue_forensic_contract/a7ag4_role_classified_clues.csv,runtime_artifacts,source_of_truth_evidence,machine-readable evidence or manifest
runtime/a7ag4_clue_forensic_contract/a7ag4_role_summary.csv,runtime_artifacts,source_of_truth_evidence,machine-readable evidence or manifest
runtime/a7ag5_clue_forensic_audit/a7ag5_authorization_matrix.json,runtime_artifacts,source_of_truth_evidence,machine-readable evidence or manifest
runtime/a7ag5_clue_forensic_audit/a7ag5_concentration_audit.csv,runtime_artifacts,source_of_truth_evidence,machine-readable evidence or manifest
runtime/a7ag5_clue_forensic_audit/a7ag5_concentration_summary.csv,runtime_artifacts,source_of_truth_evidence,machine-readable evidence or manifest
runtime/a7ag5_clue_forensic_audit/a7ag5_label_translation_audit.csv,runtime_artifacts,source_of_truth_evidence,machine-readable evidence or manifest
runtime/a7ag5_clue_forensic_audit/a7ag5_label_translation_summary.csv,runtime_artifacts,source_of_truth_evidence,machine-readable evidence or manifest
runtime/a7ag5_clue_forensic_audit/a7ag5_manifest.json,runtime_artifacts,source_of_truth_evidence,machine-readable evidence or manifest
runtime/a7ag5_clue_forensic_audit/a7ag5_ordinary_label_translation_candidates.csv,runtime_artifacts,source_of_truth_evidence,machine-readable evidence or manifest
runtime/a7ah0_core12_aggtrades_final_handoff_audit/a7ah0_agg_coverage_by_symbol.csv,runtime_artifacts,source_of_truth_evidence,machine-readable evidence or manifest
runtime/a7ah0_core12_aggtrades_final_handoff_audit/a7ah0_agg_feature_partition_audit.csv,runtime_artifacts,source_of_truth_evidence,machine-readable evidence or manifest
runtime/a7ah0_core12_aggtrades_final_handoff_audit/a7ah0_agg_monthly_coverage.csv,runtime_artifacts,source_of_truth_evidence,machine-readable evidence or manifest
runtime/a7ah0_core12_aggtrades_final_handoff_audit/a7ah0_authorization_matrix.json,runtime_artifacts,source_of_truth_evidence,machine-readable evidence or manifest
runtime/a7ah0_core12_aggtrades_final_handoff_audit/a7ah0_bounded_field_audit.csv,field_contracts,archive_only,prior governance evidence; not all scripts are runtime core
runtime/a7ah0_core12_aggtrades_final_handoff_audit/a7ah0_checksum_count_audit.csv,runtime_artifacts,source_of_truth_evidence,machine-readable evidence or manifest
runtime/a7ah0_core12_aggtrades_final_handoff_audit/a7ah0_hourly_enhanced_partition_audit.csv,runtime_artifacts,source_of_truth_evidence,machine-readable evidence or manifest
runtime/a7ah0_core12_aggtrades_final_handoff_audit/a7ah0_key_coverage_by_symbol.csv,runtime_artifacts,source_of_truth_evidence,machine-readable evidence or manifest
runtime/a7ah0_core12_aggtrades_final_handoff_audit/a7ah0_manifest.json,runtime_artifacts,source_of_truth_evidence,machine-readable evidence or manifest
runtime/a7ah0_core12_aggtrades_final_handoff_audit/a7ah0_missing_timestamp_sample.csv,runtime_artifacts,source_of_truth_evidence,machine-readable evidence or manifest
runtime/a7ah0_core12_aggtrades_final_handoff_audit/a7ah0_numeric_quality.csv,runtime_artifacts,source_of_truth_evidence,machine-readable evidence or manifest
runtime/a7ah0_core12_aggtrades_final_handoff_audit/a7ah0_report_consistency_audit.csv,runtime_artifacts,source_of_truth_evidence,machine-readable evidence or manifest
runtime/a7ah0_core12_aggtrades_final_handoff_audit/a7ah0_schema_audit.csv,runtime_artifacts,source_of_truth_evidence,machine-readable evidence or manifest
runtime/a7ah0_core12_aggtrades_final_handoff_audit/a7ah0_source_trace_closure_audit.csv,runtime_artifacts,source_of_truth_evidence,machine-readable evidence or manifest
runtime/a7ah0_post_a7ag_role_split_decision/a7ah0_authorization_matrix.json,runtime_artifacts,source_of_truth_evidence,machine-readable evidence or manifest
runtime/a7ah0_post_a7ag_role_split_decision/a7ah0_branch_decision_matrix.csv,runtime_artifacts,source_of_truth_evidence,machine-readable evidence or manifest
runtime/a7ah0_post_a7ag_role_split_decision/a7ah0_downside_risk_defense_next_contract.json,runtime_artifacts,source_of_truth_evidence,machine-readable evidence or manifest
runtime/a7ah0_post_a7ag_role_split_decision/a7ah0_evidence_summary.csv,runtime_artifacts,source_of_truth_evidence,machine-readable evidence or manifest
runtime/a7ah0_post_a7ag_role_split_decision/a7ah0_input_concentration_summary.csv,runtime_artifacts,source_of_truth_evidence,machine-readable evidence or manifest
runtime/a7ah0_post_a7ag_role_split_decision/a7ah0_input_label_translation_summary.csv,runtime_artifacts,source_of_truth_evidence,machine-readable evidence or manifest
runtime/a7ah0_post_a7ag_role_split_decision/a7ah0_manifest.json,runtime_artifacts,source_of_truth_evidence,machine-readable evidence or manifest
runtime/a7ah0_post_a7ag_role_split_decision/a7ah0_ordinary_alpha_objective_rewrite_next_contract.json,runtime_artifacts,source_of_truth_evidence,machine-readable evidence or manifest
runtime/a7ah1_ordinary_alpha_objective_rewrite_contract/a7ah1_allowed_objective_families.csv,runtime_artifacts,source_of_truth_evidence,machine-readable evidence or manifest
runtime/a7ah1_ordinary_alpha_objective_rewrite_contract/a7ah1_authorization_matrix.json,runtime_artifacts,source_of_truth_evidence,machine-readable evidence or manifest
runtime/a7ah1_ordinary_alpha_objective_rewrite_contract/a7ah1_label_policy.json,runtime_artifacts,source_of_truth_evidence,machine-readable evidence or manifest
runtime/a7ah1_ordinary_alpha_objective_rewrite_contract/a7ah1_manifest.json,runtime_artifacts,source_of_truth_evidence,machine-readable evidence or manifest
runtime/a7ah1_ordinary_alpha_objective_rewrite_contract/a7ah1_selector_policy.json,runtime_artifacts,source_of_truth_evidence,machine-readable evidence or manifest
runtime/a7ah1d_ordinary_alpha_dry_rerank/a7ah1d_authorization_matrix.json,runtime_artifacts,source_of_truth_evidence,machine-readable evidence or manifest
runtime/a7ah1d_ordinary_alpha_dry_rerank/a7ah1d_label_summary.csv,runtime_artifacts,source_of_truth_evidence,machine-readable evidence or manifest
runtime/a7ah1d_ordinary_alpha_dry_rerank/a7ah1d_manifest.json,runtime_artifacts,source_of_truth_evidence,machine-readable evidence or manifest
runtime/a7ah1d_ordinary_alpha_dry_rerank/a7ah1d_ordinary_alpha_rerank_queue.csv,runtime_artifacts,source_of_truth_evidence,machine-readable evidence or manifest
runtime/a7ah1d_ordinary_alpha_dry_rerank/a7ah1d_ordinary_alpha_selected.csv,runtime_artifacts,source_of_truth_evidence,machine-readable evidence or manifest
runtime/a7ah1d_ordinary_alpha_dry_rerank/a7ah1d_reject_reason_summary.csv,runtime_artifacts,source_of_truth_evidence,machine-readable evidence or manifest
runtime/a7ah2_downside_risk_defense_forensic_contract/a7ah2_authorization_matrix.json,runtime_artifacts,source_of_truth_evidence,machine-readable evidence or manifest
runtime/a7ah2_downside_risk_defense_forensic_contract/a7ah2_downside_seed_pair_summary.csv,runtime_artifacts,source_of_truth_evidence,machine-readable evidence or manifest
runtime/a7ah2_downside_risk_defense_forensic_contract/a7ah2_forensic_audit_plan.csv,runtime_artifacts,source_of_truth_evidence,machine-readable evidence or manifest
runtime/a7ah2_downside_risk_defense_forensic_contract/a7ah2_manifest.json,runtime_artifacts,source_of_truth_evidence,machine-readable evidence or manifest
runtime/a7ah2_downside_risk_defense_forensic_contract/a7ah2_promotion_boundary.json,runtime_artifacts,source_of_truth_evidence,machine-readable evidence or manifest
runtime/a7ah2f_downside_risk_defense_forensic_audit/a7ah2f_authorization_matrix.json,runtime_artifacts,source_of_truth_evidence,machine-readable evidence or manifest
runtime/a7ah2f_downside_risk_defense_forensic_audit/a7ah2f_downside_candidate_audit.csv,runtime_artifacts,source_of_truth_evidence,machine-readable evidence or manifest
runtime/a7ah2f_downside_risk_defense_forensic_audit/a7ah2f_manifest.json,runtime_artifacts,source_of_truth_evidence,machine-readable evidence or manifest
runtime/a7ah2f_downside_risk_defense_forensic_audit/a7ah2f_seed_pair_summary.csv,runtime_artifacts,source_of_truth_evidence,machine-readable evidence or manifest
runtime/a7ah2f_downside_risk_defense_forensic_audit/a7ah2f_tier_summary.csv,runtime_artifacts,source_of_truth_evidence,machine-readable evidence or manifest
runtime/a7ai0_core12_aggtrades_experiment_contract/a7ai0_authorization_matrix.json,field_contracts,archive_only,prior governance evidence; not all scripts are runtime core
runtime/a7ai0_core12_aggtrades_experiment_contract/a7ai0_blocked_pattern_registry.csv,field_contracts,archive_only,prior governance evidence; not all scripts are runtime core
runtime/a7ai0_core12_aggtrades_experiment_contract/a7ai0_derived_in_runner_contract.csv,field_contracts,archive_only,prior governance evidence; not all scripts are runtime core
runtime/a7ai0_core12_aggtrades_experiment_contract/a7ai0_experiment_field_contract.csv,field_contracts,archive_only,prior governance evidence; not all scripts are runtime core
runtime/a7ai0_core12_aggtrades_experiment_contract/a7ai0_manifest.json,field_contracts,archive_only,prior governance evidence; not all scripts are runtime core
runtime/a7ai0_core12_aggtrades_experiment_contract/a7ai0_split_manifest.csv,field_contracts,archive_only,prior governance evidence; not all scripts are runtime core
runtime/a7ai0r_core12_aggtrades_unified_feature_build/a7ai0r_authorization_matrix.json,field_contracts,archive_only,prior governance evidence; not all scripts are runtime core
runtime/a7ai0r_core12_aggtrades_unified_feature_build/a7ai0r_bounded_feature_audit.csv,field_contracts,archive_only,prior governance evidence; not all scripts are runtime core
runtime/a7ai0r_core12_aggtrades_unified_feature_build/a7ai0r_manifest.json,field_contracts,archive_only,prior governance evidence; not all scripts are runtime core
runtime/a7ai0r_core12_aggtrades_unified_feature_build/a7ai0r_numeric_quality.csv,field_contracts,archive_only,prior governance evidence; not all scripts are runtime core
runtime/a7ai0r_core12_aggtrades_unified_feature_build/a7ai0r_split_coverage.csv,field_contracts,archive_only,prior governance evidence; not all scripts are runtime core
runtime/a7ai0r_core12_aggtrades_unified_feature_build/a7ai0r_unified_feature_catalog.csv,field_contracts,archive_only,prior governance evidence; not all scripts are runtime core
runtime/a7aif0_field_contract_enforcement_ledger/a7aif0_authorization_matrix.json,field_contracts,archive_only,prior governance evidence; not all scripts are runtime core
runtime/a7aif0_field_contract_enforcement_ledger/a7aif0_blocker_matrix.json,field_contracts,archive_only,prior governance evidence; not all scripts are runtime core
runtime/a7aif0_field_contract_enforcement_ledger/a7aif0_enforcement_summary.csv,field_contracts,archive_only,prior governance evidence; not all scripts are runtime core
runtime/a7aif0_field_contract_enforcement_ledger/a7aif0_generator_field_family_enforcement.csv,field_contracts,archive_only,prior governance evidence; not all scripts are runtime core
runtime/a7aif0_field_contract_enforcement_ledger/a7aif0_manifest.json,field_contracts,archive_only,prior governance evidence; not all scripts are runtime core
runtime/a7aif0_field_contract_enforcement_ledger/a7aif0_motif_family_enforcement_summary.csv,field_contracts,archive_only,prior governance evidence; not all scripts are runtime core
runtime/a7aif0_field_contract_enforcement_ledger/a7aif0_semantic_field_enforcement_ledger.csv,field_contracts,archive_only,prior governance evidence; not all scripts are runtime core
runtime/a7aif1_engine_enforcement_gap_audit/a7aif1_authorization_matrix.json,field_contracts,archive_only,prior governance evidence; not all scripts are runtime core
runtime/a7aif1_engine_enforcement_gap_audit/a7aif1_engine_enforcement_gap_matrix.csv,field_contracts,archive_only,prior governance evidence; not all scripts are runtime core
runtime/a7aif1_engine_enforcement_gap_audit/a7aif1_hard_gaps.csv,field_contracts,archive_only,prior governance evidence; not all scripts are runtime core
runtime/a7aif1_engine_enforcement_gap_audit/a7aif1_manifest.json,field_contracts,archive_only,prior governance evidence; not all scripts are runtime core
runtime/a7aif1_engine_enforcement_gap_audit/a7aif1_required_patch_plan.csv,field_contracts,archive_only,prior governance evidence; not all scripts are runtime core
runtime/a7aif2_field_enforcement_regression/a7aif2_authorization_matrix.json,field_contracts,archive_only,prior governance evidence; not all scripts are runtime core
runtime/a7aif2_field_enforcement_regression/a7aif2_evaluator_fail_closed_audit.csv,field_contracts,archive_only,prior governance evidence; not all scripts are runtime core
runtime/a7aif2_field_enforcement_regression/a7aif2_generator_mode_smoke.csv,field_contracts,archive_only,prior governance evidence; not all scripts are runtime core
runtime/a7aif2_field_enforcement_regression/a7aif2_historical_candidate_role_reclassification.csv,field_contracts,archive_only,prior governance evidence; not all scripts are runtime core
runtime/a7aif2_field_enforcement_regression/a7aif2_manifest.json,field_contracts,archive_only,prior governance evidence; not all scripts are runtime core
runtime/a7aif2_field_enforcement_regression/a7aif2_role_violation_summary.csv,field_contracts,archive_only,prior governance evidence; not all scripts are runtime core
runtime/a7aif2_field_enforcement_regression/a7aif2_selector_role_trace_audit.csv,field_contracts,archive_only,prior governance evidence; not all scripts are runtime core
runtime/a7aif3_materialization_evaluator_parity/a7aif3_blocking_field_resolution.csv,field_contracts,archive_only,prior governance evidence; not all scripts are runtime core
runtime/a7aif3_materialization_evaluator_parity/a7aif3_blocking_operator_resolution.csv,field_contracts,archive_only,prior governance evidence; not all scripts are runtime core
runtime/a7aif3_materialization_evaluator_parity/a7aif3_eval_consistency_sample.csv,field_contracts,archive_only,prior governance evidence; not all scripts are runtime core
runtime/a7aif3_materialization_evaluator_parity/a7aif3_field_materialization_matrix.csv,field_contracts,archive_only,prior governance evidence; not all scripts are runtime core
runtime/a7aif3_materialization_evaluator_parity/a7aif3_forbidden_operator_registry.csv,field_contracts,archive_only,prior governance evidence; not all scripts are runtime core
runtime/a7aif3_materialization_evaluator_parity/a7aif3_manifest.json,field_contracts,archive_only,prior governance evidence; not all scripts are runtime core
runtime/a7aif3_materialization_evaluator_parity/a7aif3_operator_parity_matrix.csv,field_contracts,archive_only,prior governance evidence; not all scripts are runtime core
runtime/a7aif4_response_backed_field_promotion/a7aif4_candidate_field_promotion.csv,field_contracts,archive_only,prior governance evidence; not all scripts are runtime core
runtime/a7aif4_response_backed_field_promotion/a7aif4_demoted_or_blocked_fields.csv,field_contracts,archive_only,prior governance evidence; not all scripts are runtime core
runtime/a7aif4_response_backed_field_promotion/a7aif4_enforcement_ledger_v2_preview.csv,field_contracts,archive_only,prior governance evidence; not all scripts are runtime core
runtime/a7aif4_response_backed_field_promotion/a7aif4_manifest.json,field_contracts,archive_only,prior governance evidence; not all scripts are runtime core
runtime/a7aif4_response_backed_field_promotion/a7aif4_prerequisite_audit.csv,field_contracts,archive_only,prior governance evidence; not all scripts are runtime core
runtime/a7aif4_response_backed_field_promotion/a7aif4_promoted_ordinary_alpha_fields.csv,field_contracts,archive_only,prior governance evidence; not all scripts are runtime core
runtime/a7aif4_response_backed_field_promotion/a7aif4_role_transition_audit.csv,field_contracts,archive_only,prior governance evidence; not all scripts are runtime core
runtime/a7aj_universe500_silver_acceptance_panel_prep/a7aj_dataset_summary.csv,runtime_artifacts,source_of_truth_evidence,machine-readable evidence or manifest
runtime/a7aj_universe500_silver_acceptance_panel_prep/a7aj_feature_contract.csv,runtime_artifacts,source_of_truth_evidence,machine-readable evidence or manifest
runtime/a7aj_universe500_silver_acceptance_panel_prep/a7aj_market_symbol_audit.csv,runtime_artifacts,source_of_truth_evidence,machine-readable evidence or manifest
runtime/a7aj_universe500_silver_acceptance_panel_prep/a7aj_metrics_symbol_audit.csv,runtime_artifacts,source_of_truth_evidence,machine-readable evidence or manifest
runtime/a7aj_universe500_silver_acceptance_panel_prep/a7aj_output_panel_manifest.csv,runtime_artifacts,source_of_truth_evidence,machine-readable evidence or manifest
runtime/a7aj_universe500_silver_acceptance_panel_prep/a7aj_panel_quality.csv,runtime_artifacts,source_of_truth_evidence,machine-readable evidence or manifest
runtime/a7aj_universe500_silver_acceptance_panel_prep/a7aj_search_chain_config.json,runtime_artifacts,source_of_truth_evidence,machine-readable evidence or manifest
runtime/a7aj_universe500_silver_acceptance_panel_prep/a7aj_split_coverage.csv,runtime_artifacts,source_of_truth_evidence,machine-readable evidence or manifest
runtime/a7aj_universe500_silver_acceptance_panel_prep/a7aj_summary.json,runtime_artifacts,source_of_truth_evidence,machine-readable evidence or manifest
runtime/a7aj_universe500_silver_acceptance_panel_prep/a7aj_universe_registry.csv,runtime_artifacts,source_of_truth_evidence,machine-readable evidence or manifest
runtime/a7ak_lv0_listing_age_latent_variable_contract/a7ak_lv0_authorization_matrix.json,runtime_artifacts,source_of_truth_evidence,machine-readable evidence or manifest
runtime/a7ak_lv0_listing_age_latent_variable_contract/a7ak_lv0_forbidden_inputs.csv,runtime_artifacts,source_of_truth_evidence,machine-readable evidence or manifest
runtime/a7ak_lv0_listing_age_latent_variable_contract/a7ak_lv0_input_feature_family_counts.csv,runtime_artifacts,source_of_truth_evidence,machine-readable evidence or manifest
runtime/a7ak_lv0_listing_age_latent_variable_contract/a7ak_lv0_manifest.json,runtime_artifacts,source_of_truth_evidence,machine-readable evidence or manifest
runtime/a7ak_lv0_listing_age_latent_variable_contract/a7ak_lv0_observable_state_features.csv,runtime_artifacts,source_of_truth_evidence,machine-readable evidence or manifest
runtime/a7ak_lv0_listing_age_latent_variable_contract/a7ak_lv0_response_vector_definition.csv,feature_response,archive_only,response profiling evidence
runtime/a7ak_lv0_listing_age_latent_variable_contract/a7ak_lv0_search_quota_policy.csv,runtime_artifacts,source_of_truth_evidence,machine-readable evidence or manifest
runtime/a7ak_lv0_listing_age_latent_variable_contract/a7ak_lv0_state_construction_rules.csv,runtime_artifacts,source_of_truth_evidence,machine-readable evidence or manifest
runtime/a7ak_lv0_listing_age_latent_variable_contract/a7ak_lv0_universe_counts.csv,runtime_artifacts,source_of_truth_evidence,machine-readable evidence or manifest
runtime/a7ak_lv0_listing_age_latent_variable_contract/a7ak_lv0_user_approval_checklist.csv,runtime_artifacts,source_of_truth_evidence,machine-readable evidence or manifest
runtime/a7ak_lv1_latent_state_feature_build/a7ak_lv1_age_quota_audit.csv,runtime_artifacts,source_of_truth_evidence,machine-readable evidence or manifest
runtime/a7ak_lv1_latent_state_feature_build/a7ak_lv1_manifest.json,runtime_artifacts,source_of_truth_evidence,machine-readable evidence or manifest
runtime/a7ak_lv1_latent_state_feature_build/a7ak_lv1_raw_state_registry.csv,runtime_artifacts,source_of_truth_evidence,machine-readable evidence or manifest
runtime/a7ak_lv1_latent_state_feature_build/a7ak_lv1_split_summary.csv,runtime_artifacts,source_of_truth_evidence,machine-readable evidence or manifest
runtime/a7ak_lv1_latent_state_feature_build/a7ak_lv1_state_feature_quality.csv,runtime_artifacts,source_of_truth_evidence,machine-readable evidence or manifest
runtime/a7ak_lv1_latent_state_feature_build/a7ak_lv1_symbol_state_coverage.csv,runtime_artifacts,source_of_truth_evidence,machine-readable evidence or manifest
runtime/a7ak_lv1_latent_state_feature_build/a7ak_lv1_train_thresholds.csv,runtime_artifacts,source_of_truth_evidence,machine-readable evidence or manifest
runtime/a7ak_lv2_response_merge_audit/a7ak_lv2_bias_boundary_audit.csv,feature_response,archive_only,response profiling evidence
runtime/a7ak_lv2_response_merge_audit/a7ak_lv2_manifest.json,feature_response,archive_only,response profiling evidence
runtime/a7ak_lv2_response_merge_audit/a7ak_lv2_merge_group_registry.csv,feature_response,archive_only,response profiling evidence
runtime/a7ak_lv2_response_merge_audit/a7ak_lv2_relaxed_merge_suggestions.csv,feature_response,archive_only,response profiling evidence
runtime/a7ak_lv2_response_merge_audit/a7ak_lv2_response_similarity_edges.csv,feature_response,archive_only,response profiling evidence
runtime/a7ak_lv2_response_merge_audit/a7ak_lv2_state_merge_map.csv,feature_response,archive_only,response profiling evidence
runtime/a7ak_lv2_response_merge_audit/a7ak_lv2_state_response_vectors.csv,feature_response,archive_only,response profiling evidence
runtime/a7ak_lv2_response_merge_audit/a7ak_lv2_unseen_state_policy.csv,feature_response,archive_only,response profiling evidence
runtime/a7ak_lv3_neutral_field_family_smoke/a7ak_lv3_bias_boundary_audit.csv,field_contracts,archive_only,prior governance evidence; not all scripts are runtime core
runtime/a7ak_lv3_neutral_field_family_smoke/a7ak_lv3_manifest.json,field_contracts,archive_only,prior governance evidence; not all scripts are runtime core
runtime/a7ak_lv3_neutral_field_family_smoke/a7ak_lv3_neutralization_coverage.csv,field_contracts,archive_only,prior governance evidence; not all scripts are runtime core
runtime/a7ak_lv3_neutral_field_family_smoke/a7ak_lv3_signal_decisions.csv,field_contracts,archive_only,prior governance evidence; not all scripts are runtime core
runtime/a7ak_lv3_neutral_field_family_smoke/a7ak_lv3_signal_mode_metrics.csv,field_contracts,archive_only,prior governance evidence; not all scripts are runtime core
runtime/a7ak_lv3_neutral_field_family_smoke/a7ak_lv3_timestamp_sample_audit.csv,field_contracts,archive_only,prior governance evidence; not all scripts are runtime core
runtime/a7ak_lv3r_contract_meme_taxonomy_audit/a7ak_lv3r_contract_counts.csv,runtime_artifacts,source_of_truth_evidence,machine-readable evidence or manifest
runtime/a7ak_lv3r_contract_meme_taxonomy_audit/a7ak_lv3r_contract_meme_stratification_counts.csv,runtime_artifacts,source_of_truth_evidence,machine-readable evidence or manifest
runtime/a7ak_lv3r_contract_meme_taxonomy_audit/a7ak_lv3r_contract_meme_taxonomy.csv,runtime_artifacts,source_of_truth_evidence,machine-readable evidence or manifest
runtime/a7ak_lv3r_contract_meme_taxonomy_audit/a7ak_lv3r_manifest.json,runtime_artifacts,source_of_truth_evidence,machine-readable evidence or manifest
runtime/a7ak_lv3r_contract_meme_taxonomy_audit/a7ak_lv3r_meme_counts.csv,runtime_artifacts,source_of_truth_evidence,machine-readable evidence or manifest
runtime/a7ak_lv3r_contract_meme_taxonomy_audit/a7ak_lv3r_meme_review_flags.csv,runtime_artifacts,source_of_truth_evidence,machine-readable evidence or manifest
runtime/a7ak_lv3r_contract_meme_taxonomy_audit/a7ak_lv3r_top_meme_contracts.csv,runtime_artifacts,source_of_truth_evidence,machine-readable evidence or manifest
runtime/a7al0_top498_alpha_search_contract/a7ak_lv_train_only_state_freeze_audit.csv,runtime_artifacts,source_of_truth_evidence,machine-readable evidence or manifest
runtime/a7al0_top498_alpha_search_contract/a7ak_lv_train_only_state_freeze_manifest.json,runtime_artifacts,source_of_truth_evidence,machine-readable evidence or manifest
runtime/a7al0_top498_alpha_search_contract/a7al0_manifest.json,runtime_artifacts,source_of_truth_evidence,machine-readable evidence or manifest
runtime/a7al0_top498_alpha_search_contract/a7al_beta_liquidity_meme_exposure_baseline.csv,runtime_artifacts,source_of_truth_evidence,machine-readable evidence or manifest
runtime/a7al0_top498_alpha_search_contract/a7al_field_family_baseline_candidate_list.csv,field_contracts,archive_only,prior governance evidence; not all scripts are runtime core
runtime/a7al0_top498_alpha_search_contract/a7al_field_timing_contract.csv,field_contracts,archive_only,prior governance evidence; not all scripts are runtime core
runtime/a7al0_top498_alpha_search_contract/a7al_latent_state_feature_inputs.csv,runtime_artifacts,source_of_truth_evidence,machine-readable evidence or manifest
runtime/a7al0_top498_alpha_search_contract/a7al_negative_control_plan.json,runtime_artifacts,source_of_truth_evidence,machine-readable evidence or manifest
runtime/a7al0_top498_alpha_search_contract/a7al_neutralization_policy.json,runtime_artifacts,source_of_truth_evidence,machine-readable evidence or manifest
runtime/a7al0_top498_alpha_search_contract/a7al_split_coverage_by_symbol.csv,runtime_artifacts,source_of_truth_evidence,machine-readable evidence or manifest
runtime/a7al0_top498_alpha_search_contract/a7al_split_definition.csv,runtime_artifacts,source_of_truth_evidence,machine-readable evidence or manifest
runtime/a7al0_top498_alpha_search_contract/a7al_split_summary.csv,runtime_artifacts,source_of_truth_evidence,machine-readable evidence or manifest
runtime/a7al0_top498_alpha_search_contract/a7al_universe_survivorship_audit.csv,runtime_artifacts,source_of_truth_evidence,machine-readable evidence or manifest
runtime/a7al0_top498_alpha_search_contract/a7al_unseen_state_handling_policy.csv,runtime_artifacts,source_of_truth_evidence,machine-readable evidence or manifest
runtime/a7al0f_derived_feature_engineering_contract/a7al0f_allowed_derived_feature_set.json,runtime_artifacts,source_of_truth_evidence,machine-readable evidence or manifest
runtime/a7al0f_derived_feature_engineering_contract/a7al0f_blocked_feature_set.json,runtime_artifacts,source_of_truth_evidence,machine-readable evidence or manifest
runtime/a7al0f_derived_feature_engineering_contract/a7al0f_feature_family_caps.json,runtime_artifacts,source_of_truth_evidence,machine-readable evidence or manifest
runtime/a7al0f_derived_feature_engineering_contract/a7al0f_feature_generation_contract.csv,runtime_artifacts,source_of_truth_evidence,machine-readable evidence or manifest
runtime/a7al0f_derived_feature_engineering_contract/a7al0f_manifest.json,runtime_artifacts,source_of_truth_evidence,machine-readable evidence or manifest
runtime/a7al0g_upper_regime_state_builder/a7al0g_manifest.json,runtime_artifacts,source_of_truth_evidence,machine-readable evidence or manifest
runtime/a7al0g_upper_regime_state_builder/a7al0g_regime_coverage_by_split.csv,runtime_artifacts,source_of_truth_evidence,machine-readable evidence or manifest
runtime/a7al0g_upper_regime_state_builder/a7al0g_regime_state_contract.csv,runtime_artifacts,source_of_truth_evidence,machine-readable evidence or manifest
runtime/a7al0g_upper_regime_state_builder/a7al0g_regime_transition_matrix.csv,runtime_artifacts,source_of_truth_evidence,machine-readable evidence or manifest
runtime/a7al0g_upper_regime_state_builder/a7al0g_train_only_thresholds.csv,runtime_artifacts,source_of_truth_evidence,machine-readable evidence or manifest
runtime/a7al0l_fixed_delay_stress_abolition/a7al0l_active_code_forbidden_term_scan.json,runtime_artifacts,source_of_truth_evidence,machine-readable evidence or manifest
runtime/a7al0l_fixed_delay_stress_abolition/a7al0l_manifest.json,runtime_artifacts,source_of_truth_evidence,machine-readable evidence or manifest
runtime/a7al0p_pretrain_readiness_gate/a7al0p_manifest.json,runtime_artifacts,source_of_truth_evidence,machine-readable evidence or manifest
runtime/a7al0p_pretrain_readiness_gate/a7al0p_readiness_checks.csv,runtime_artifacts,source_of_truth_evidence,machine-readable evidence or manifest
runtime/a7al0r_code_feature_regime_readiness_audit/a7al0r_blocker_matrix.json,runtime_artifacts,source_of_truth_evidence,machine-readable evidence or manifest
runtime/a7al0r_code_feature_regime_readiness_audit/a7al0r_dataflow_graph.csv,runtime_artifacts,source_of_truth_evidence,machine-readable evidence or manifest
runtime/a7al0r_code_feature_regime_readiness_audit/a7al0r_derived_feature_catalog.csv,runtime_artifacts,source_of_truth_evidence,machine-readable evidence or manifest
runtime/a7al0r_code_feature_regime_readiness_audit/a7al0r_feature_lineage_ledger.csv,runtime_artifacts,source_of_truth_evidence,machine-readable evidence or manifest
runtime/a7al0r_code_feature_regime_readiness_audit/a7al0r_label_lineage_audit.csv,runtime_artifacts,source_of_truth_evidence,machine-readable evidence or manifest
runtime/a7al0r_code_feature_regime_readiness_audit/a7al0r_pit_lag_audit.csv,runtime_artifacts,source_of_truth_evidence,machine-readable evidence or manifest
runtime/a7al0r_code_feature_regime_readiness_audit/a7al0r_script_inventory.csv,runtime_artifacts,source_of_truth_evidence,machine-readable evidence or manifest
runtime/a7al1_field_family_neutralized_baseline/a7al1_bias_audit.csv,field_contracts,archive_only,prior governance evidence; not all scripts are runtime core
runtime/a7al1_field_family_neutralized_baseline/a7al1_field_family_metrics.csv,field_contracts,archive_only,prior governance evidence; not all scripts are runtime core
runtime/a7al1_field_family_neutralized_baseline/a7al1_full_neutralization_shortlist.csv,field_contracts,archive_only,prior governance evidence; not all scripts are runtime core
runtime/a7al1_field_family_neutralized_baseline/a7al1_manifest.json,field_contracts,archive_only,prior governance evidence; not all scripts are runtime core
runtime/a7al1_field_family_neutralized_baseline/a7al1_negative_control_audit.csv,field_contracts,archive_only,prior governance evidence; not all scripts are runtime core
runtime/a7al1_field_family_neutralized_baseline/a7al1_signal_decisions.csv,field_contracts,archive_only,prior governance evidence; not all scripts are runtime core
runtime/a7al1_field_family_neutralized_baseline/a7al1_timestamp_spread_trace_sample.csv,field_contracts,archive_only,prior governance evidence; not all scripts are runtime core
runtime/a7al1b_control_latency_forensic/a7al1b_control_blocker_summary.csv,runtime_artifacts,source_of_truth_evidence,machine-readable evidence or manifest
runtime/a7al1b_control_latency_forensic/a7al1b_family_policy_summary.csv,runtime_artifacts,source_of_truth_evidence,machine-readable evidence or manifest
runtime/a7al1b_control_latency_forensic/a7al1b_manifest.json,runtime_artifacts,source_of_truth_evidence,machine-readable evidence or manifest
runtime/a7al1b_control_latency_forensic/a7al1b_relevant_metric_extract.csv,runtime_artifacts,source_of_truth_evidence,machine-readable evidence or manifest
runtime/a7al1b_control_latency_forensic/a7al1b_signal_policy_recommendations.csv,runtime_artifacts,source_of_truth_evidence,machine-readable evidence or manifest
runtime/a7al2_small_formula_search_contract/a7al2_allowed_feature_roles.csv,runtime_artifacts,source_of_truth_evidence,machine-readable evidence or manifest
runtime/a7al2_small_formula_search_contract/a7al2_input_family_policy_summary.csv,runtime_artifacts,source_of_truth_evidence,machine-readable evidence or manifest
runtime/a7al2_small_formula_search_contract/a7al2_manifest.json,runtime_artifacts,source_of_truth_evidence,machine-readable evidence or manifest
runtime/a7al2_small_formula_search_contract/a7al2_matched_control_plan.csv,runtime_artifacts,source_of_truth_evidence,machine-readable evidence or manifest
runtime/a7al2g_matched_control_gate/a7al2g_candidate_gate_matrix.csv,runtime_artifacts,source_of_truth_evidence,machine-readable evidence or manifest
runtime/a7al2g_matched_control_gate/a7al2g_control_specs.csv,runtime_artifacts,source_of_truth_evidence,machine-readable evidence or manifest
runtime/a7al2g_matched_control_gate/a7al2g_input_allowed_roles.csv,runtime_artifacts,source_of_truth_evidence,machine-readable evidence or manifest
runtime/a7al2g_matched_control_gate/a7al2g_manifest.json,runtime_artifacts,source_of_truth_evidence,machine-readable evidence or manifest
runtime/a7al2g_matched_control_gate/a7al2g_policy_counts.csv,runtime_artifacts,source_of_truth_evidence,machine-readable evidence or manifest
runtime/a7al2h_selector_repair/a7al2h_manifest.json,runtime_artifacts,source_of_truth_evidence,machine-readable evidence or manifest
runtime/a7al2h_selector_repair/a7al2h_rejected_not_authorized_candidates.csv,runtime_artifacts,source_of_truth_evidence,machine-readable evidence or manifest
runtime/a7al2h_selector_repair/a7al2h_repaired_selection_trace.csv,runtime_artifacts,source_of_truth_evidence,machine-readable evidence or manifest
runtime/a7al2h_selector_repair/a7al2h_selected_control_gated_candidates.csv,runtime_artifacts,source_of_truth_evidence,machine-readable evidence or manifest
runtime/a7al2h_selector_repair/a7al2h_selected_family_counts.csv,runtime_artifacts,source_of_truth_evidence,machine-readable evidence or manifest
runtime/a7al2h_selector_repair/a7al2h_selected_policy_counts.csv,runtime_artifacts,source_of_truth_evidence,machine-readable evidence or manifest
runtime/a7al2i_replay_preflight/a7al2i_candidate_decisions.csv,runtime_artifacts,source_of_truth_evidence,machine-readable evidence or manifest
runtime/a7al2i_replay_preflight/a7al2i_candidate_variant_metrics.csv,runtime_artifacts,source_of_truth_evidence,machine-readable evidence or manifest
runtime/a7al2i_replay_preflight/a7al2i_manifest.json,runtime_artifacts,source_of_truth_evidence,machine-readable evidence or manifest
runtime/a7al2i_replay_preflight/a7al2i_timestamp_spread_trace_sample.csv,runtime_artifacts,source_of_truth_evidence,machine-readable evidence or manifest
runtime/a7al2j_derived_tolerant_search_reset/a7al2j_feature_roles.csv,runtime_artifacts,source_of_truth_evidence,machine-readable evidence or manifest
runtime/a7al2j_derived_tolerant_search_reset/a7al2j_generator_cells.csv,runtime_artifacts,source_of_truth_evidence,machine-readable evidence or manifest
runtime/a7al2j_derived_tolerant_search_reset/a7al2j_input_derived_contract.csv,runtime_artifacts,source_of_truth_evidence,machine-readable evidence or manifest
runtime/a7al2j_derived_tolerant_search_reset/a7al2j_manifest.json,runtime_artifacts,source_of_truth_evidence,machine-readable evidence or manifest
runtime/a7al2j_derived_tolerant_search_reset/a7al2j_relaxed_selector_policy.csv,runtime_artifacts,source_of_truth_evidence,machine-readable evidence or manifest
runtime/a7al2j_derived_tolerant_search_reset/a7al2j_searchable_derived_field_sample.csv,field_contracts,archive_only,prior governance evidence; not all scripts are runtime core
runtime/a7al2k_derived_generator_smoke/a7al2k_cell_quota_summary.csv,runtime_artifacts,source_of_truth_evidence,machine-readable evidence or manifest
runtime/a7al2k_derived_generator_smoke/a7al2k_control_attachment_audit.csv,runtime_artifacts,source_of_truth_evidence,machine-readable evidence or manifest
runtime/a7al2k_derived_generator_smoke/a7al2k_diversity_summary.csv,runtime_artifacts,source_of_truth_evidence,machine-readable evidence or manifest
runtime/a7al2k_derived_generator_smoke/a7al2k_feature_lineage_audit.csv,runtime_artifacts,source_of_truth_evidence,machine-readable evidence or manifest
runtime/a7al2k_derived_generator_smoke/a7al2k_generated_candidates.csv,runtime_artifacts,source_of_truth_evidence,machine-readable evidence or manifest
runtime/a7al2k_derived_generator_smoke/a7al2k_manifest.json,runtime_artifacts,source_of_truth_evidence,machine-readable evidence or manifest
runtime/a7al2k_derived_generator_smoke/a7al2k_selected_candidates.csv,runtime_artifacts,source_of_truth_evidence,machine-readable evidence or manifest
runtime/a7al2k_derived_generator_smoke/a7al2k_selector_trace_summary.csv,runtime_artifacts,source_of_truth_evidence,machine-readable evidence or manifest
runtime/a7al2l_fast_derived_replay_preflight/a7al2l_fast_candidate_decisions.csv,runtime_artifacts,source_of_truth_evidence,machine-readable evidence or manifest
runtime/a7al2l_fast_derived_replay_preflight/a7al2l_fast_candidate_variant_metrics.csv,runtime_artifacts,source_of_truth_evidence,machine-readable evidence or manifest
runtime/a7al2l_fast_derived_replay_preflight/a7al2l_fast_eval_errors.csv,runtime_artifacts,source_of_truth_evidence,machine-readable evidence or manifest
runtime/a7al2l_fast_derived_replay_preflight/a7al2l_fast_manifest.json,runtime_artifacts,source_of_truth_evidence,machine-readable evidence or manifest
runtime/a7al2l_fast_derived_replay_preflight/a7al2l_fast_replayed_candidates.csv,runtime_artifacts,source_of_truth_evidence,machine-readable evidence or manifest
runtime/a7al2m_derived_clue_forensic/a7al2m_cell_family_summary.csv,runtime_artifacts,source_of_truth_evidence,machine-readable evidence or manifest
runtime/a7al2m_derived_clue_forensic/a7al2m_clue_shortlist.csv,runtime_artifacts,source_of_truth_evidence,machine-readable evidence or manifest
runtime/a7al2m_derived_clue_forensic/a7al2m_manifest.json,runtime_artifacts,source_of_truth_evidence,machine-readable evidence or manifest
runtime/a7al2m_derived_clue_forensic/a7al2m_quality_summary.csv,runtime_artifacts,source_of_truth_evidence,machine-readable evidence or manifest
runtime/a7al2m_derived_clue_forensic/a7al2m_variant_split_metrics.csv,runtime_artifacts,source_of_truth_evidence,machine-readable evidence or manifest
runtime/a7al2n_derived_deep_audit/a7al2n_beta_exposure.csv,runtime_artifacts,source_of_truth_evidence,machine-readable evidence or manifest
runtime/a7al2n_derived_deep_audit/a7al2n_decision_record.csv,runtime_artifacts,source_of_truth_evidence,machine-readable evidence or manifest
runtime/a7al2n_derived_deep_audit/a7al2n_deep_candidate_summary.csv,runtime_artifacts,source_of_truth_evidence,machine-readable evidence or manifest
runtime/a7al2n_derived_deep_audit/a7al2n_eval_errors.csv,runtime_artifacts,source_of_truth_evidence,machine-readable evidence or manifest
runtime/a7al2n_derived_deep_audit/a7al2n_manifest.json,runtime_artifacts,source_of_truth_evidence,machine-readable evidence or manifest
runtime/a7al2n_derived_deep_audit/a7al2n_meme_multiplier_exposure.csv,runtime_artifacts,source_of_truth_evidence,machine-readable evidence or manifest
runtime/a7al2n_derived_deep_audit/a7al2n_month_concentration_summary.csv,runtime_artifacts,source_of_truth_evidence,machine-readable evidence or manifest
runtime/a7al2n_derived_deep_audit/a7al2n_month_contribution.csv,runtime_artifacts,source_of_truth_evidence,machine-readable evidence or manifest
runtime/a7al2n_derived_deep_audit/a7al2n_split_summary.csv,runtime_artifacts,source_of_truth_evidence,machine-readable evidence or manifest
runtime/a7al2n_derived_deep_audit/a7al2n_symbol_concentration_summary.csv,runtime_artifacts,source_of_truth_evidence,machine-readable evidence or manifest
runtime/a7al2n_derived_deep_audit/a7al2n_symbol_contribution.csv,runtime_artifacts,source_of_truth_evidence,machine-readable evidence or manifest
runtime/a7al2n_derived_deep_audit/a7al2n_top_loss_gain_hours.csv,runtime_artifacts,source_of_truth_evidence,machine-readable evidence or manifest
runtime/a7al2o_candidate_mini_replay/a7al2o_beta_residual_alpha.csv,runtime_artifacts,source_of_truth_evidence,machine-readable evidence or manifest
runtime/a7al2o_candidate_mini_replay/a7al2o_control_margin_recheck.csv,runtime_artifacts,source_of_truth_evidence,machine-readable evidence or manifest
runtime/a7al2o_candidate_mini_replay/a7al2o_decision_record.csv,runtime_artifacts,source_of_truth_evidence,machine-readable evidence or manifest
runtime/a7al2o_candidate_mini_replay/a7al2o_eval_errors.csv,runtime_artifacts,source_of_truth_evidence,machine-readable evidence or manifest
runtime/a7al2o_candidate_mini_replay/a7al2o_manifest.json,runtime_artifacts,source_of_truth_evidence,machine-readable evidence or manifest
runtime/a7al2o_candidate_mini_replay/a7al2o_variant_split_summary.csv,runtime_artifacts,source_of_truth_evidence,machine-readable evidence or manifest
runtime/a7al2o_candidate_mini_replay/a7al2o_variant_validity.csv,runtime_artifacts,source_of_truth_evidence,machine-readable evidence or manifest
runtime/a7al2p0_pre_search_hardening_audit/a7al2p0_canonical_field_alias_code_audit.csv,field_contracts,archive_only,prior governance evidence; not all scripts are runtime core
runtime/a7al2p0_pre_search_hardening_audit/a7al2p0_eval_errors.csv,runtime_artifacts,source_of_truth_evidence,machine-readable evidence or manifest
runtime/a7al2p0_pre_search_hardening_audit/a7al2p0_label_alignment_summary.csv,runtime_artifacts,source_of_truth_evidence,machine-readable evidence or manifest
runtime/a7al2p0_pre_search_hardening_audit/a7al2p0_label_execution_alignment.csv,runtime_artifacts,source_of_truth_evidence,machine-readable evidence or manifest
runtime/a7al2p0_pre_search_hardening_audit/a7al2p0_manifest.json,runtime_artifacts,source_of_truth_evidence,machine-readable evidence or manifest
runtime/a7al2p0_pre_search_hardening_audit/a7al2p0_matched_control_gate_by_split.csv,runtime_artifacts,source_of_truth_evidence,machine-readable evidence or manifest
runtime/a7al2p0_pre_search_hardening_audit/a7al2p0_nonoverlap_offset_tstats.csv,runtime_artifacts,source_of_truth_evidence,machine-readable evidence or manifest
runtime/a7al2p0_pre_search_hardening_audit/a7al2p0_overlap_robust_tstats.csv,runtime_artifacts,source_of_truth_evidence,machine-readable evidence or manifest
runtime/a7al2p0_pre_search_hardening_audit/a7al2p0_replay_aware_selector_score_components.csv,runtime_artifacts,source_of_truth_evidence,machine-readable evidence or manifest
runtime/a7al2p0_pre_search_hardening_audit/a7al2p0_stale_artifact_alias_violations.csv,runtime_artifacts,source_of_truth_evidence,machine-readable evidence or manifest
runtime/a7al2p0_pre_search_hardening_audit/a7al2p0_timevarying_latent_neutralization.csv,runtime_artifacts,source_of_truth_evidence,machine-readable evidence or manifest
runtime/a7al2p0_pre_search_hardening_audit/a7ar5_replay_aware_selector_contract.json,runtime_artifacts,source_of_truth_evidence,machine-readable evidence or manifest
runtime/a7al2p0_pre_search_hardening_audit/a7ar5_replay_aware_selector_score_components.csv,runtime_artifacts,source_of_truth_evidence,machine-readable evidence or manifest
runtime/a7al2p0r_repair_rerun_decision/a7al2p0r_a7ar5_contract_snapshot.json,runtime_artifacts,source_of_truth_evidence,machine-readable evidence or manifest
runtime/a7al2p0r_repair_rerun_decision/a7al2p0r_a7ar5_selector_score_components.csv,runtime_artifacts,source_of_truth_evidence,machine-readable evidence or manifest
runtime/a7al2p0r_repair_rerun_decision/a7al2p0r_manifest.json,runtime_artifacts,source_of_truth_evidence,machine-readable evidence or manifest
runtime/a7al2p0r_repair_rerun_decision/a7al2p0r_premay_control_hold_rows.csv,runtime_artifacts,source_of_truth_evidence,machine-readable evidence or manifest
runtime/a7al2p0r_repair_rerun_decision/a7al2p0r_stage_manifest_snapshot.json,runtime_artifacts,source_of_truth_evidence,machine-readable evidence or manifest
runtime/a7al2p0r_repair_rerun_decision/a7al2p0r_stage_summary.csv,runtime_artifacts,source_of_truth_evidence,machine-readable evidence or manifest
runtime/a7al2p0r_repair_rerun_decision/a7al2p0r_timevarying_latent_negative_rows.csv,runtime_artifacts,source_of_truth_evidence,machine-readable evidence or manifest
runtime/a7al2p1_selector_feature_generation/a7al2p1_control_dominance_by_split.csv,runtime_artifacts,source_of_truth_evidence,machine-readable evidence or manifest
runtime/a7al2p1_selector_feature_generation/a7al2p1_eval_errors.csv,runtime_artifacts,source_of_truth_evidence,machine-readable evidence or manifest
runtime/a7al2p1_selector_feature_generation/a7al2p1_feature_generation_contract.json,runtime_artifacts,source_of_truth_evidence,machine-readable evidence or manifest
runtime/a7al2p1_selector_feature_generation/a7al2p1_manifest.json,runtime_artifacts,source_of_truth_evidence,machine-readable evidence or manifest
runtime/a7al2p1_selector_feature_generation/a7al2p1_selector_feature_matrix.csv,runtime_artifacts,source_of_truth_evidence,machine-readable evidence or manifest
runtime/a7al2p1_selector_feature_generation/a7al2p1_timevarying_latent_metrics.csv,runtime_artifacts,source_of_truth_evidence,machine-readable evidence or manifest
runtime/a7al2p1r_selector_reweighted_retry/a7al2p1r_decision_record.csv,runtime_artifacts,source_of_truth_evidence,machine-readable evidence or manifest
runtime/a7al2p1r_selector_reweighted_retry/a7al2p1r_eval_errors.csv,runtime_artifacts,source_of_truth_evidence,machine-readable evidence or manifest
runtime/a7al2p1r_selector_reweighted_retry/a7al2p1r_manifest.json,runtime_artifacts,source_of_truth_evidence,machine-readable evidence or manifest
runtime/a7al2p1r_selector_reweighted_retry/a7al2p1r_variant_split_summary.csv,runtime_artifacts,source_of_truth_evidence,machine-readable evidence or manifest
runtime/a7al2p1s_selected_pool_provenance/a7al2p1s_artifact_manifest.csv,runtime_artifacts,source_of_truth_evidence,machine-readable evidence or manifest
runtime/a7al2p1s_selected_pool_provenance/a7al2p1s_candidate_provenance.csv,runtime_artifacts,source_of_truth_evidence,machine-readable evidence or manifest
runtime/a7al2p1s_selected_pool_provenance/a7al2p1s_decision_record.json,runtime_artifacts,source_of_truth_evidence,machine-readable evidence or manifest
runtime/a7al2p1s_selected_pool_provenance/a7al2p1s_repaired_chain_membership.csv,runtime_artifacts,source_of_truth_evidence,machine-readable evidence or manifest
runtime/a7al2p1s_selected_pool_provenance/a7al2p1s_stale_artifact_audit.csv,runtime_artifacts,source_of_truth_evidence,machine-readable evidence or manifest
runtime/a7al2p1t_repaired_pool_rerun_status/a7al2p1t_manifest.json,runtime_artifacts,source_of_truth_evidence,machine-readable evidence or manifest
runtime/a7al2p1t_repaired_pool_rerun_status/a7al2p1t_p1r_decision_record.csv,runtime_artifacts,source_of_truth_evidence,machine-readable evidence or manifest
runtime/a7al2p1t_repaired_pool_rerun_status/a7al2p1t_repaired_clue_pool.csv,runtime_artifacts,source_of_truth_evidence,machine-readable evidence or manifest
runtime/a7al2p1t_repaired_pool_rerun_status/a7al2p1t_selector_decisions.csv,runtime_artifacts,source_of_truth_evidence,machine-readable evidence or manifest
runtime/a7al2p1t_repaired_pool_rerun_status/a7al2p1t_stage_summary.csv,runtime_artifacts,source_of_truth_evidence,machine-readable evidence or manifest
runtime/a7al2p2_local_oi_price_search_contract/a7al2p2_allowed_fields.csv,field_contracts,archive_only,prior governance evidence; not all scripts are runtime core
runtime/a7al2p2_local_oi_price_search_contract/a7al2p2_allowed_transforms.csv,runtime_artifacts,source_of_truth_evidence,machine-readable evidence or manifest
runtime/a7al2p2_local_oi_price_search_contract/a7al2p2_budget.json,runtime_artifacts,source_of_truth_evidence,machine-readable evidence or manifest
runtime/a7al2p2_local_oi_price_search_contract/a7al2p2_forbidden_items.csv,runtime_artifacts,source_of_truth_evidence,machine-readable evidence or manifest
runtime/a7al2p2_local_oi_price_search_contract/a7al2p2_manifest.json,runtime_artifacts,source_of_truth_evidence,machine-readable evidence or manifest
runtime/a7al2p2_local_oi_price_search_contract/a7al2p2_pass_fail_gates.csv,runtime_artifacts,source_of_truth_evidence,machine-readable evidence or manifest
runtime/a7al2p2_local_oi_price_search_contract/a7al2p2_seed_candidates.csv,runtime_artifacts,source_of_truth_evidence,machine-readable evidence or manifest
runtime/a7al2q_local_oi_price_formula_search/a7al2q_candidate_scoreboard.csv,runtime_artifacts,source_of_truth_evidence,machine-readable evidence or manifest
runtime/a7al2q_local_oi_price_formula_search/a7al2q_control_dominance.csv,runtime_artifacts,source_of_truth_evidence,machine-readable evidence or manifest
runtime/a7al2q_local_oi_price_formula_search/a7al2q_cost_proxy.csv,runtime_artifacts,source_of_truth_evidence,machine-readable evidence or manifest
runtime/a7al2q_local_oi_price_formula_search/a7al2q_decision_record.json,runtime_artifacts,source_of_truth_evidence,machine-readable evidence or manifest
runtime/a7al2q_local_oi_price_formula_search/a7al2q_deep_audit_scoreboard.csv,runtime_artifacts,source_of_truth_evidence,machine-readable evidence or manifest
runtime/a7al2q_local_oi_price_formula_search/a7al2q_eval_errors.csv,runtime_artifacts,source_of_truth_evidence,machine-readable evidence or manifest
runtime/a7al2q_local_oi_price_formula_search/a7al2q_executed_fast_replay_candidates.csv,runtime_artifacts,source_of_truth_evidence,machine-readable evidence or manifest
runtime/a7al2q_local_oi_price_formula_search/a7al2q_fast_replay_metrics.csv,runtime_artifacts,source_of_truth_evidence,machine-readable evidence or manifest
runtime/a7al2q_local_oi_price_formula_search/a7al2q_generated_candidates.csv,runtime_artifacts,source_of_truth_evidence,machine-readable evidence or manifest
runtime/a7al2q_local_oi_price_formula_search/a7al2q_latency_label_alignment.csv,runtime_artifacts,source_of_truth_evidence,machine-readable evidence or manifest
runtime/a7al2q_local_oi_price_formula_search/a7al2q_manifest.json,runtime_artifacts,source_of_truth_evidence,machine-readable evidence or manifest
runtime/a7al2q_local_oi_price_formula_search/a7al2q_nonoverlap_offset_tstats.csv,runtime_artifacts,source_of_truth_evidence,machine-readable evidence or manifest
runtime/a7al2q_local_oi_price_formula_search/a7al2q_overlap_robust_tstats.csv,runtime_artifacts,source_of_truth_evidence,machine-readable evidence or manifest
runtime/a7al2q_local_oi_price_formula_search/a7al2q_reject_reason_summary.csv,runtime_artifacts,source_of_truth_evidence,machine-readable evidence or manifest
runtime/a7al2q_local_oi_price_formula_search/a7al2q_selected_for_fast_replay.csv,runtime_artifacts,source_of_truth_evidence,machine-readable evidence or manifest
runtime/a7al2q_local_oi_price_formula_search/a7al2q_timevarying_latent_metrics.csv,runtime_artifacts,source_of_truth_evidence,machine-readable evidence or manifest
runtime/a7al2r_local_forensic/a7al2r_control_dominance.csv,runtime_artifacts,source_of_truth_evidence,machine-readable evidence or manifest
runtime/a7al2r_local_forensic/a7al2r_decision_record.csv,runtime_artifacts,source_of_truth_evidence,machine-readable evidence or manifest
runtime/a7al2r_local_forensic/a7al2r_eval_errors.csv,runtime_artifacts,source_of_truth_evidence,machine-readable evidence or manifest
runtime/a7al2r_local_forensic/a7al2r_input_candidates.csv,runtime_artifacts,source_of_truth_evidence,machine-readable evidence or manifest
runtime/a7al2r_local_forensic/a7al2r_latent_state_contribution.csv,runtime_artifacts,source_of_truth_evidence,machine-readable evidence or manifest
runtime/a7al2r_local_forensic/a7al2r_manifest.json,runtime_artifacts,source_of_truth_evidence,machine-readable evidence or manifest
runtime/a7al2r_local_forensic/a7al2r_month_contribution.csv,runtime_artifacts,source_of_truth_evidence,machine-readable evidence or manifest
runtime/a7al2r_local_forensic/a7al2r_nonoverlap_offset_tstats.csv,runtime_artifacts,source_of_truth_evidence,machine-readable evidence or manifest
runtime/a7al2r_local_forensic/a7al2r_orientation_audit.csv,runtime_artifacts,source_of_truth_evidence,machine-readable evidence or manifest
runtime/a7al2r_local_forensic/a7al2r_overlap_robust_tstats.csv,runtime_artifacts,source_of_truth_evidence,machine-readable evidence or manifest
runtime/a7al2r_local_forensic/a7al2r_symbol_contribution.csv,runtime_artifacts,source_of_truth_evidence,machine-readable evidence or manifest
runtime/a7al2r_local_forensic/a7al2r_timevarying_latent_metrics.csv,runtime_artifacts,source_of_truth_evidence,machine-readable evidence or manifest
runtime/a7al2r_local_forensic/a7al2r_top_gain_loss_hours.csv,runtime_artifacts,source_of_truth_evidence,machine-readable evidence or manifest
runtime/a7al2r_local_forensic/a7al2r_variant_metrics.csv,runtime_artifacts,source_of_truth_evidence,machine-readable evidence or manifest
runtime/a7al2s_company_full_followup_contract/a7al2s_action_authorization_matrix.csv,runtime_artifacts,source_of_truth_evidence,machine-readable evidence or manifest
runtime/a7al2s_company_full_followup_contract/a7al2s_candidate_tiers.csv,runtime_artifacts,source_of_truth_evidence,machine-readable evidence or manifest
runtime/a7al2s_company_full_followup_contract/a7al2s_followup_gates.csv,runtime_artifacts,source_of_truth_evidence,machine-readable evidence or manifest
runtime/a7al2s_company_full_followup_contract/a7al2s_manifest.json,runtime_artifacts,source_of_truth_evidence,machine-readable evidence or manifest
runtime/a7al2s_local_followup_contract/a7al2s_action_authorization_matrix.csv,runtime_artifacts,source_of_truth_evidence,machine-readable evidence or manifest
runtime/a7al2s_local_followup_contract/a7al2s_candidate_tiers.csv,runtime_artifacts,source_of_truth_evidence,machine-readable evidence or manifest
runtime/a7al2s_local_followup_contract/a7al2s_followup_gates.csv,runtime_artifacts,source_of_truth_evidence,machine-readable evidence or manifest
runtime/a7al2s_local_followup_contract/a7al2s_manifest.json,runtime_artifacts,source_of_truth_evidence,machine-readable evidence or manifest
runtime/a7al2t_company_may_stress_failure_attribution/a7al2t_action_matrix.csv,runtime_artifacts,source_of_truth_evidence,machine-readable evidence or manifest
runtime/a7al2t_company_may_stress_failure_attribution/a7al2t_candidate_failure_summary.csv,runtime_artifacts,source_of_truth_evidence,machine-readable evidence or manifest
runtime/a7al2t_company_may_stress_failure_attribution/a7al2t_control_mode_failure.csv,runtime_artifacts,source_of_truth_evidence,machine-readable evidence or manifest
runtime/a7al2t_company_may_stress_failure_attribution/a7al2t_manifest.json,runtime_artifacts,source_of_truth_evidence,machine-readable evidence or manifest
runtime/a7al2t_company_may_stress_failure_attribution/a7al2t_may_latent_concentration.csv,runtime_artifacts,source_of_truth_evidence,machine-readable evidence or manifest
runtime/a7al2t_company_may_stress_failure_attribution/a7al2t_may_month_concentration.csv,runtime_artifacts,source_of_truth_evidence,machine-readable evidence or manifest
runtime/a7al2t_company_may_stress_failure_attribution/a7al2t_may_symbol_concentration.csv,runtime_artifacts,source_of_truth_evidence,machine-readable evidence or manifest
runtime/a7al2t_company_may_stress_failure_attribution/a7al2t_may_top_loss_hours.csv,runtime_artifacts,source_of_truth_evidence,machine-readable evidence or manifest
runtime/a7al2t_company_may_stress_failure_attribution/a7al2t_split_contrast.csv,runtime_artifacts,source_of_truth_evidence,machine-readable evidence or manifest
runtime/a7al2t_may_stress_failure_attribution/a7al2t_action_matrix.csv,runtime_artifacts,source_of_truth_evidence,machine-readable evidence or manifest
runtime/a7al2t_may_stress_failure_attribution/a7al2t_candidate_failure_summary.csv,runtime_artifacts,source_of_truth_evidence,machine-readable evidence or manifest
runtime/a7al2t_may_stress_failure_attribution/a7al2t_control_mode_failure.csv,runtime_artifacts,source_of_truth_evidence,machine-readable evidence or manifest
runtime/a7al2t_may_stress_failure_attribution/a7al2t_manifest.json,runtime_artifacts,source_of_truth_evidence,machine-readable evidence or manifest
runtime/a7al2t_may_stress_failure_attribution/a7al2t_may_latent_concentration.csv,runtime_artifacts,source_of_truth_evidence,machine-readable evidence or manifest
runtime/a7al2t_may_stress_failure_attribution/a7al2t_may_month_concentration.csv,runtime_artifacts,source_of_truth_evidence,machine-readable evidence or manifest
runtime/a7al2t_may_stress_failure_attribution/a7al2t_may_symbol_concentration.csv,runtime_artifacts,source_of_truth_evidence,machine-readable evidence or manifest
runtime/a7al2t_may_stress_failure_attribution/a7al2t_may_top_loss_hours.csv,runtime_artifacts,source_of_truth_evidence,machine-readable evidence or manifest
runtime/a7al2t_may_stress_failure_attribution/a7al2t_split_contrast.csv,runtime_artifacts,source_of_truth_evidence,machine-readable evidence or manifest
runtime/a7al2u_objective_selector_repair_contract/a7al2u_authorization_matrix.csv,runtime_artifacts,source_of_truth_evidence,machine-readable evidence or manifest
runtime/a7al2u_objective_selector_repair_contract/a7al2u_failure_mode_summary.csv,runtime_artifacts,source_of_truth_evidence,machine-readable evidence or manifest
runtime/a7al2u_objective_selector_repair_contract/a7al2u_manifest.json,runtime_artifacts,source_of_truth_evidence,machine-readable evidence or manifest
runtime/a7al2u_objective_selector_repair_contract/a7al2u_premay_robust_candidate_summary.csv,runtime_artifacts,source_of_truth_evidence,machine-readable evidence or manifest
runtime/a7al2u_objective_selector_repair_contract/a7al2u_selector_feature_contract.csv,runtime_artifacts,source_of_truth_evidence,machine-readable evidence or manifest
runtime/a7al2u_objective_selector_repair_contract/a7al2u_selector_gate_contract.csv,runtime_artifacts,source_of_truth_evidence,machine-readable evidence or manifest
runtime/a7al2v_replay_aware_selector_dryrun/a7al2v_authorization_matrix.csv,runtime_artifacts,source_of_truth_evidence,machine-readable evidence or manifest
runtime/a7al2v_replay_aware_selector_dryrun/a7al2v_forbidden_feature_audit.csv,runtime_artifacts,source_of_truth_evidence,machine-readable evidence or manifest
runtime/a7al2v_replay_aware_selector_dryrun/a7al2v_manifest.json,runtime_artifacts,source_of_truth_evidence,machine-readable evidence or manifest
runtime/a7al2v_replay_aware_selector_dryrun/a7al2v_post_selection_stress_veto_audit.csv,runtime_artifacts,source_of_truth_evidence,machine-readable evidence or manifest
runtime/a7al2v_replay_aware_selector_dryrun/a7al2v_reject_reason_summary.csv,runtime_artifacts,source_of_truth_evidence,machine-readable evidence or manifest
runtime/a7al2v_replay_aware_selector_dryrun/a7al2v_selected_pool.csv,runtime_artifacts,source_of_truth_evidence,machine-readable evidence or manifest
runtime/a7al2v_replay_aware_selector_dryrun/a7al2v_selector_matrix.csv,runtime_artifacts,source_of_truth_evidence,machine-readable evidence or manifest
runtime/a7al2w_signal_vector_selector_repair/a7al2w_authorization_matrix.csv,runtime_artifacts,source_of_truth_evidence,machine-readable evidence or manifest
runtime/a7al2w_signal_vector_selector_repair/a7al2w_input_reject_reason_summary.csv,runtime_artifacts,source_of_truth_evidence,machine-readable evidence or manifest
runtime/a7al2w_signal_vector_selector_repair/a7al2w_manifest.json,runtime_artifacts,source_of_truth_evidence,machine-readable evidence or manifest
runtime/a7al2w_signal_vector_selector_repair/a7al2w_post_selection_stress_quarantine.csv,runtime_artifacts,source_of_truth_evidence,machine-readable evidence or manifest
runtime/a7al2w_signal_vector_selector_repair/a7al2w_queue_diversity_audit.csv,runtime_artifacts,source_of_truth_evidence,machine-readable evidence or manifest
runtime/a7al2w_signal_vector_selector_repair/a7al2w_repair_reason_summary.csv,runtime_artifacts,source_of_truth_evidence,machine-readable evidence or manifest
runtime/a7al2w_signal_vector_selector_repair/a7al2w_repaired_selected_pool.csv,runtime_artifacts,source_of_truth_evidence,machine-readable evidence or manifest
runtime/a7al2w_signal_vector_selector_repair/a7al2w_repaired_selector_candidates.csv,runtime_artifacts,source_of_truth_evidence,machine-readable evidence or manifest
runtime/a7al2w_signal_vector_selector_repair/a7al2w_selected_queue_pairwise_corr.csv,runtime_artifacts,source_of_truth_evidence,machine-readable evidence or manifest
runtime/a7al2x0_authorization_arbitration/a7al2x0_artifact_inventory.csv,runtime_artifacts,source_of_truth_evidence,machine-readable evidence or manifest
runtime/a7al2x0_authorization_arbitration/a7al2x0_authorization_matrix.json,runtime_artifacts,source_of_truth_evidence,machine-readable evidence or manifest
runtime/a7al2x0_authorization_arbitration/a7al2x0_decision_precedence.csv,runtime_artifacts,source_of_truth_evidence,machine-readable evidence or manifest
runtime/a7al2x0_authorization_arbitration/a7al2x0_manifest.json,runtime_artifacts,source_of_truth_evidence,machine-readable evidence or manifest
runtime/a7al2x0_authorization_arbitration/a7al2x0_required_next.json,runtime_artifacts,source_of_truth_evidence,machine-readable evidence or manifest
runtime/a7al2x0_authorization_arbitration/a7al2x0_superseded_records.csv,runtime_artifacts,source_of_truth_evidence,machine-readable evidence or manifest
runtime/a7al2x1_dry_rerank/a7al2x1_control_dominance_audit.csv,runtime_artifacts,source_of_truth_evidence,machine-readable evidence or manifest
runtime/a7al2x1_dry_rerank/a7al2x1_decision_record.json,runtime_artifacts,source_of_truth_evidence,machine-readable evidence or manifest
runtime/a7al2x1_dry_rerank/a7al2x1_manifest.json,runtime_artifacts,source_of_truth_evidence,machine-readable evidence or manifest
runtime/a7al2x1_dry_rerank/a7al2x1_objective_family_funnel.csv,runtime_artifacts,source_of_truth_evidence,machine-readable evidence or manifest
runtime/a7al2x1_dry_rerank/a7al2x1_reject_reason_summary.csv,runtime_artifacts,source_of_truth_evidence,machine-readable evidence or manifest
runtime/a7al2x1_dry_rerank/a7al2x1_selected_pairwise_corr.csv,runtime_artifacts,source_of_truth_evidence,machine-readable evidence or manifest
runtime/a7al2x1_dry_rerank/a7al2x1_selected_queue.csv,runtime_artifacts,source_of_truth_evidence,machine-readable evidence or manifest
runtime/a7al2x1_dry_rerank/a7al2x1_selector_trace.csv,runtime_artifacts,source_of_truth_evidence,machine-readable evidence or manifest
runtime/a7al2x1_dry_rerank/a7al2x1_signal_vector_diversity_audit.csv,runtime_artifacts,source_of_truth_evidence,machine-readable evidence or manifest
runtime/a7al2x1_dry_rerank/a7al2x1_stress_veto_summary.csv,runtime_artifacts,source_of_truth_evidence,machine-readable evidence or manifest
runtime/a7al2x2_objective_family_coverage_gap/a7al2x2_decision_record.json,runtime_artifacts,source_of_truth_evidence,machine-readable evidence or manifest
runtime/a7al2x2_objective_family_coverage_gap/a7al2x2_generated_family_coverage.csv,runtime_artifacts,source_of_truth_evidence,machine-readable evidence or manifest
runtime/a7al2x2_objective_family_coverage_gap/a7al2x2_manifest.json,runtime_artifacts,source_of_truth_evidence,machine-readable evidence or manifest
runtime/a7al2x2_objective_family_coverage_gap/a7al2x2_missing_family_gap_audit.csv,runtime_artifacts,source_of_truth_evidence,machine-readable evidence or manifest
runtime/a7al2x2_objective_family_coverage_gap/a7al2x2_repair_plan.csv,runtime_artifacts,source_of_truth_evidence,machine-readable evidence or manifest
runtime/a7al2x2_objective_family_coverage_gap/a7al2x2_source_of_truth_gap.csv,runtime_artifacts,source_of_truth_evidence,machine-readable evidence or manifest
runtime/a7al2x2_objective_family_coverage_gap/a7al2x2_stage_funnel_by_family.csv,runtime_artifacts,source_of_truth_evidence,machine-readable evidence or manifest
runtime/a7al2x2r_family_balanced_repair_contract/a7al2x2r_authorization_matrix.json,runtime_artifacts,source_of_truth_evidence,machine-readable evidence or manifest
runtime/a7al2x2r_family_balanced_repair_contract/a7al2x2r_family_min_quota_policy.csv,runtime_artifacts,source_of_truth_evidence,machine-readable evidence or manifest
runtime/a7al2x2r_family_balanced_repair_contract/a7al2x2r_forbidden_fallbacks.csv,runtime_artifacts,source_of_truth_evidence,machine-readable evidence or manifest
runtime/a7al2x2r_family_balanced_repair_contract/a7al2x2r_generator_template_requirements.csv,runtime_artifacts,source_of_truth_evidence,machine-readable evidence or manifest
runtime/a7al2x2r_family_balanced_repair_contract/a7al2x2r_historical_field_source_contract.csv,field_contracts,archive_only,prior governance evidence; not all scripts are runtime core
runtime/a7al2x2r_family_balanced_repair_contract/a7al2x2r_manifest.json,runtime_artifacts,source_of_truth_evidence,machine-readable evidence or manifest
runtime/a7al2x2r_family_balanced_repair_contract/a7al2x2r_shared_pool_ledger_schema.csv,runtime_artifacts,source_of_truth_evidence,machine-readable evidence or manifest
runtime/a7al2x2r_family_balanced_repair_contract/a7al2x2r_shared_pool_rebuild_policy.csv,runtime_artifacts,source_of_truth_evidence,machine-readable evidence or manifest
runtime/a7al2x3_family_balanced_dry_generation/a7al2x3_authorization_matrix.json,runtime_artifacts,source_of_truth_evidence,machine-readable evidence or manifest
runtime/a7al2x3_family_balanced_dry_generation/a7al2x3_family_quota_audit.csv,runtime_artifacts,source_of_truth_evidence,machine-readable evidence or manifest
runtime/a7al2x3_family_balanced_dry_generation/a7al2x3_field_source_audit.csv,field_contracts,archive_only,prior governance evidence; not all scripts are runtime core
runtime/a7al2x3_family_balanced_dry_generation/a7al2x3_forbidden_fallback_audit.csv,runtime_artifacts,source_of_truth_evidence,machine-readable evidence or manifest
runtime/a7al2x3_family_balanced_dry_generation/a7al2x3_generated_candidate_ledger.csv,runtime_artifacts,source_of_truth_evidence,machine-readable evidence or manifest
runtime/a7al2x3_family_balanced_dry_generation/a7al2x3_manifest.json,runtime_artifacts,source_of_truth_evidence,machine-readable evidence or manifest
runtime/a7al2x3_family_balanced_dry_generation/a7al2x3_negative_control_plan.csv,runtime_artifacts,source_of_truth_evidence,machine-readable evidence or manifest
runtime/a7al2x3_family_balanced_dry_generation/a7al2x3_shared_pool_ledger.csv,runtime_artifacts,source_of_truth_evidence,machine-readable evidence or manifest
runtime/a7al2x3_family_balanced_dry_generation/a7al2x3_skeleton_diversity_audit.csv,runtime_artifacts,source_of_truth_evidence,machine-readable evidence or manifest
runtime/a7al2x3_family_balanced_dry_generation/a7al2x3_static_validity_audit.csv,runtime_artifacts,source_of_truth_evidence,machine-readable evidence or manifest
runtime/a7al2x4_replay_readiness_audit/a7al2x4_authorization_matrix.json,runtime_artifacts,source_of_truth_evidence,machine-readable evidence or manifest
runtime/a7al2x4_replay_readiness_audit/a7al2x4_family_readiness_audit.csv,runtime_artifacts,source_of_truth_evidence,machine-readable evidence or manifest
runtime/a7al2x4_replay_readiness_audit/a7al2x4_field_materialization_audit.csv,field_contracts,archive_only,prior governance evidence; not all scripts are runtime core
runtime/a7al2x4_replay_readiness_audit/a7al2x4_manifest.json,runtime_artifacts,source_of_truth_evidence,machine-readable evidence or manifest
runtime/a7al2x4_replay_readiness_audit/a7al2x4_materialization_plan.csv,runtime_artifacts,source_of_truth_evidence,machine-readable evidence or manifest
runtime/a7al2x4_replay_readiness_audit/a7al2x4_operator_support_audit.csv,runtime_artifacts,source_of_truth_evidence,machine-readable evidence or manifest
runtime/a7al2x4m_materialization_and_evaluator_audit/a7al2x4m_authorization_matrix.json,runtime_artifacts,source_of_truth_evidence,machine-readable evidence or manifest
runtime/a7al2x4m_materialization_and_evaluator_audit/a7al2x4m_blocker_matrix.csv,runtime_artifacts,source_of_truth_evidence,machine-readable evidence or manifest
runtime/a7al2x4m_materialization_and_evaluator_audit/a7al2x4m_field_materialization_sources.csv,field_contracts,archive_only,prior governance evidence; not all scripts are runtime core
runtime/a7al2x4m_materialization_and_evaluator_audit/a7al2x4m_manifest.json,runtime_artifacts,source_of_truth_evidence,machine-readable evidence or manifest
runtime/a7al2x4m_materialization_and_evaluator_audit/a7al2x4m_operator_semantics.csv,runtime_artifacts,source_of_truth_evidence,machine-readable evidence or manifest
runtime/a7al2x4m_materialization_and_evaluator_audit/a7al2x4m_statemask_label_audit.csv,runtime_artifacts,source_of_truth_evidence,machine-readable evidence or manifest
runtime/a7al2x5_evaluator_preflight_smoke/a7al2x5_authorization_matrix.json,runtime_artifacts,source_of_truth_evidence,machine-readable evidence or manifest
runtime/a7al2x5_evaluator_preflight_smoke/a7al2x5_blocker_matrix.csv,runtime_artifacts,source_of_truth_evidence,machine-readable evidence or manifest
runtime/a7al2x5_evaluator_preflight_smoke/a7al2x5_candidate_eval_summary.csv,runtime_artifacts,source_of_truth_evidence,machine-readable evidence or manifest
runtime/a7al2x5_evaluator_preflight_smoke/a7al2x5_group_field_coverage.csv,field_contracts,archive_only,prior governance evidence; not all scripts are runtime core
runtime/a7al2x5_evaluator_preflight_smoke/a7al2x5_manifest.json,runtime_artifacts,source_of_truth_evidence,machine-readable evidence or manifest
runtime/a7al2x5_evaluator_preflight_smoke/a7al2x5_operator_coverage.csv,runtime_artifacts,source_of_truth_evidence,machine-readable evidence or manifest
runtime/a7al2x6_small_numeric_replay_contract/a7al2x6_authorization_matrix.json,runtime_artifacts,source_of_truth_evidence,machine-readable evidence or manifest
runtime/a7al2x6_small_numeric_replay_contract/a7al2x6_available_family_counts.csv,runtime_artifacts,source_of_truth_evidence,machine-readable evidence or manifest
runtime/a7al2x6_small_numeric_replay_contract/a7al2x6_bias_audit_contract.csv,runtime_artifacts,source_of_truth_evidence,machine-readable evidence or manifest
runtime/a7al2x6_small_numeric_replay_contract/a7al2x6_candidate_sample_policy.csv,runtime_artifacts,source_of_truth_evidence,machine-readable evidence or manifest
runtime/a7al2x6_small_numeric_replay_contract/a7al2x6_control_policy.csv,runtime_artifacts,source_of_truth_evidence,machine-readable evidence or manifest
runtime/a7al2x6_small_numeric_replay_contract/a7al2x6_experiment_record.json,runtime_artifacts,source_of_truth_evidence,machine-readable evidence or manifest
runtime/a7al2x6_small_numeric_replay_contract/a7al2x6_manifest.json,runtime_artifacts,source_of_truth_evidence,machine-readable evidence or manifest
runtime/a7al2x6_small_numeric_replay_contract/a7al2x6_replay_metric_contract.csv,runtime_artifacts,source_of_truth_evidence,machine-readable evidence or manifest
runtime/a7al2x7_small_numeric_replay_preflight/a7al2x7_authorization_matrix.json,runtime_artifacts,source_of_truth_evidence,machine-readable evidence or manifest
runtime/a7al2x7_small_numeric_replay_preflight/a7al2x7_candidate_decisions.csv,runtime_artifacts,source_of_truth_evidence,machine-readable evidence or manifest
runtime/a7al2x7_small_numeric_replay_preflight/a7al2x7_candidate_variant_metrics.csv,runtime_artifacts,source_of_truth_evidence,machine-readable evidence or manifest
runtime/a7al2x7_small_numeric_replay_preflight/a7al2x7_decision_counts.csv,runtime_artifacts,source_of_truth_evidence,machine-readable evidence or manifest
runtime/a7al2x7_small_numeric_replay_preflight/a7al2x7_eval_errors.csv,runtime_artifacts,source_of_truth_evidence,machine-readable evidence or manifest
runtime/a7al2x7_small_numeric_replay_preflight/a7al2x7_manifest.json,runtime_artifacts,source_of_truth_evidence,machine-readable evidence or manifest
runtime/a7al2x7_small_numeric_replay_preflight/a7al2x7_replayed_candidate_sample.csv,runtime_artifacts,source_of_truth_evidence,machine-readable evidence or manifest
runtime/a7al2x7f_replay_preflight_forensic/a7al2x7f_authorization_matrix.json,runtime_artifacts,source_of_truth_evidence,machine-readable evidence or manifest
runtime/a7al2x7f_replay_preflight_forensic/a7al2x7f_candidate_failure_taxonomy.csv,runtime_artifacts,source_of_truth_evidence,machine-readable evidence or manifest
runtime/a7al2x7f_replay_preflight_forensic/a7al2x7f_control_dominance_detail.csv,runtime_artifacts,source_of_truth_evidence,machine-readable evidence or manifest
runtime/a7al2x7f_replay_preflight_forensic/a7al2x7f_control_dominance_rollup.csv,runtime_artifacts,source_of_truth_evidence,machine-readable evidence or manifest
runtime/a7al2x7f_replay_preflight_forensic/a7al2x7f_decision_record.json,runtime_artifacts,source_of_truth_evidence,machine-readable evidence or manifest
runtime/a7al2x7f_replay_preflight_forensic/a7al2x7f_failure_root_summary.csv,runtime_artifacts,source_of_truth_evidence,machine-readable evidence or manifest
runtime/a7al2x7f_replay_preflight_forensic/a7al2x7f_manifest.json,runtime_artifacts,source_of_truth_evidence,machine-readable evidence or manifest
runtime/a7al2x7f_replay_preflight_forensic/a7al2x7f_objective_family_failure_summary.csv,runtime_artifacts,source_of_truth_evidence,machine-readable evidence or manifest
runtime/a7al2x7f_replay_preflight_forensic/a7al2x7f_split_alignment_summary.csv,runtime_artifacts,source_of_truth_evidence,machine-readable evidence or manifest
runtime/a7al2x7h_heavy_numeric_replay_preflight/a7al2x7h_authorization_matrix.json,runtime_artifacts,source_of_truth_evidence,machine-readable evidence or manifest
runtime/a7al2x7h_heavy_numeric_replay_preflight/a7al2x7h_candidate_decisions.csv,runtime_artifacts,source_of_truth_evidence,machine-readable evidence or manifest
runtime/a7al2x7h_heavy_numeric_replay_preflight/a7al2x7h_candidate_variant_metrics.csv,runtime_artifacts,source_of_truth_evidence,machine-readable evidence or manifest
runtime/a7al2x7h_heavy_numeric_replay_preflight/a7al2x7h_decision_counts.csv,runtime_artifacts,source_of_truth_evidence,machine-readable evidence or manifest
runtime/a7al2x7h_heavy_numeric_replay_preflight/a7al2x7h_eval_errors.csv,runtime_artifacts,source_of_truth_evidence,machine-readable evidence or manifest
runtime/a7al2x7h_heavy_numeric_replay_preflight/a7al2x7h_manifest.json,runtime_artifacts,source_of_truth_evidence,machine-readable evidence or manifest
runtime/a7al2x7h_heavy_numeric_replay_preflight/a7al2x7h_replayed_candidate_sample.csv,runtime_artifacts,source_of_truth_evidence,machine-readable evidence or manifest
runtime/a7al2x7hf_heavy_replay_preflight_forensic/a7al2x7hf_authorization_matrix.json,runtime_artifacts,source_of_truth_evidence,machine-readable evidence or manifest
runtime/a7al2x7hf_heavy_replay_preflight_forensic/a7al2x7hf_candidate_failure_taxonomy.csv,runtime_artifacts,source_of_truth_evidence,machine-readable evidence or manifest
runtime/a7al2x7hf_heavy_replay_preflight_forensic/a7al2x7hf_control_dominance_detail.csv,runtime_artifacts,source_of_truth_evidence,machine-readable evidence or manifest
runtime/a7al2x7hf_heavy_replay_preflight_forensic/a7al2x7hf_control_dominance_rollup.csv,runtime_artifacts,source_of_truth_evidence,machine-readable evidence or manifest
runtime/a7al2x7hf_heavy_replay_preflight_forensic/a7al2x7hf_decision_record.json,runtime_artifacts,source_of_truth_evidence,machine-readable evidence or manifest
runtime/a7al2x7hf_heavy_replay_preflight_forensic/a7al2x7hf_failure_root_summary.csv,runtime_artifacts,source_of_truth_evidence,machine-readable evidence or manifest
runtime/a7al2x7hf_heavy_replay_preflight_forensic/a7al2x7hf_manifest.json,runtime_artifacts,source_of_truth_evidence,machine-readable evidence or manifest
runtime/a7al2x7hf_heavy_replay_preflight_forensic/a7al2x7hf_objective_family_failure_summary.csv,runtime_artifacts,source_of_truth_evidence,machine-readable evidence or manifest
runtime/a7al2x7hf_heavy_replay_preflight_forensic/a7al2x7hf_split_alignment_summary.csv,runtime_artifacts,source_of_truth_evidence,machine-readable evidence or manifest
runtime/a7al2x_objective_family_reset/a7al2x_allowed_objective_families.csv,runtime_artifacts,source_of_truth_evidence,machine-readable evidence or manifest
runtime/a7al2x_objective_family_reset/a7al2x_authorization_matrix.json,runtime_artifacts,source_of_truth_evidence,machine-readable evidence or manifest
runtime/a7al2x_objective_family_reset/a7al2x_forbidden_objective_families.csv,runtime_artifacts,source_of_truth_evidence,machine-readable evidence or manifest
runtime/a7al2x_objective_family_reset/a7al2x_manifest.json,runtime_artifacts,source_of_truth_evidence,machine-readable evidence or manifest
runtime/a7al2x_objective_family_reset/a7al2x_may_policy_audit.json,runtime_artifacts,source_of_truth_evidence,machine-readable evidence or manifest
runtime/a7al2x_objective_family_reset/a7al2x_selector_feature_contract.json,runtime_artifacts,source_of_truth_evidence,machine-readable evidence or manifest
runtime/a7al2x_objective_family_reset/a7al2x_shared_pool_source_of_truth.json,runtime_artifacts,source_of_truth_evidence,machine-readable evidence or manifest
runtime/a7al2x_objective_family_reset/a7al2x_signal_vector_cap_policy.json,runtime_artifacts,source_of_truth_evidence,machine-readable evidence or manifest
runtime/a7al2z0_broader_non_oi_objective_contract/a7al2z0_allowed_objective_families.csv,runtime_artifacts,source_of_truth_evidence,machine-readable evidence or manifest
runtime/a7al2z0_broader_non_oi_objective_contract/a7al2z0_authorization_matrix.json,runtime_artifacts,source_of_truth_evidence,machine-readable evidence or manifest
runtime/a7al2z0_broader_non_oi_objective_contract/a7al2z0_forbidden_fields_and_families.csv,field_contracts,archive_only,prior governance evidence; not all scripts are runtime core
runtime/a7al2z0_broader_non_oi_objective_contract/a7al2z0_manifest.json,runtime_artifacts,source_of_truth_evidence,machine-readable evidence or manifest
runtime/a7al2z0_broader_non_oi_objective_contract/a7al2z0_prior_oi_positioning_failure_summary.csv,runtime_artifacts,source_of_truth_evidence,machine-readable evidence or manifest
runtime/a7al2z0_broader_non_oi_objective_contract/a7al2z0_selector_contract.json,runtime_artifacts,source_of_truth_evidence,machine-readable evidence or manifest
runtime/a7al2z1_broader_non_oi_dry_generation/a7al2z1_authorization_matrix.json,runtime_artifacts,source_of_truth_evidence,machine-readable evidence or manifest
runtime/a7al2z1_broader_non_oi_dry_generation/a7al2z1_family_quota_audit.csv,runtime_artifacts,source_of_truth_evidence,machine-readable evidence or manifest
runtime/a7al2z1_broader_non_oi_dry_generation/a7al2z1_generated_candidate_ledger.csv,runtime_artifacts,source_of_truth_evidence,machine-readable evidence or manifest
runtime/a7al2z1_broader_non_oi_dry_generation/a7al2z1_manifest.json,runtime_artifacts,source_of_truth_evidence,machine-readable evidence or manifest
runtime/a7al2z1_broader_non_oi_dry_generation/a7al2z1_selected_for_z2_materialization.csv,runtime_artifacts,source_of_truth_evidence,machine-readable evidence or manifest
runtime/a7al2z1_broader_non_oi_dry_generation/a7al2z1_static_blocker_matrix.csv,runtime_artifacts,source_of_truth_evidence,machine-readable evidence or manifest
runtime/a7al2z2_broader_non_oi_materialization_audit/a7al2z2_authorization_matrix.json,runtime_artifacts,source_of_truth_evidence,machine-readable evidence or manifest
runtime/a7al2z2_broader_non_oi_materialization_audit/a7al2z2_blocker_matrix.csv,runtime_artifacts,source_of_truth_evidence,machine-readable evidence or manifest
runtime/a7al2z2_broader_non_oi_materialization_audit/a7al2z2_candidate_eval_summary.csv,runtime_artifacts,source_of_truth_evidence,machine-readable evidence or manifest
runtime/a7al2z2_broader_non_oi_materialization_audit/a7al2z2_family_eval_summary.csv,runtime_artifacts,source_of_truth_evidence,machine-readable evidence or manifest
runtime/a7al2z2_broader_non_oi_materialization_audit/a7al2z2_group_field_coverage.csv,field_contracts,archive_only,prior governance evidence; not all scripts are runtime core
runtime/a7al2z2_broader_non_oi_materialization_audit/a7al2z2_manifest.json,runtime_artifacts,source_of_truth_evidence,machine-readable evidence or manifest
runtime/a7al2z2_broader_non_oi_materialization_audit/a7al2z2_operator_coverage.csv,runtime_artifacts,source_of_truth_evidence,machine-readable evidence or manifest
runtime/a7al2z2r_broader_non_oi_materialization_repair/a7al2z2r_authorization_matrix.json,runtime_artifacts,source_of_truth_evidence,machine-readable evidence or manifest
runtime/a7al2z2r_broader_non_oi_materialization_repair/a7al2z2r_candidate_eval_trace.csv,runtime_artifacts,source_of_truth_evidence,machine-readable evidence or manifest
runtime/a7al2z2r_broader_non_oi_materialization_repair/a7al2z2r_family_repair_summary.csv,runtime_artifacts,source_of_truth_evidence,machine-readable evidence or manifest
runtime/a7al2z2r_broader_non_oi_materialization_repair/a7al2z2r_manifest.json,runtime_artifacts,source_of_truth_evidence,machine-readable evidence or manifest
runtime/a7al2z2r_broader_non_oi_materialization_repair/a7al2z2r_repair_blocker_matrix.csv,runtime_artifacts,source_of_truth_evidence,machine-readable evidence or manifest
runtime/a7al2z2r_broader_non_oi_materialization_repair/a7al2z2r_repaired_selected_candidates.csv,runtime_artifacts,source_of_truth_evidence,machine-readable evidence or manifest
runtime/a7al2z3_broader_non_oi_numeric_preflight_contract/a7al2z3_authorization_matrix.json,runtime_artifacts,source_of_truth_evidence,machine-readable evidence or manifest
runtime/a7al2z3_broader_non_oi_numeric_preflight_contract/a7al2z3_family_input_summary.csv,runtime_artifacts,source_of_truth_evidence,machine-readable evidence or manifest
runtime/a7al2z3_broader_non_oi_numeric_preflight_contract/a7al2z3_manifest.json,runtime_artifacts,source_of_truth_evidence,machine-readable evidence or manifest
runtime/a7al2z3_broader_non_oi_numeric_preflight_contract/a7al2z3_negative_control_contract.csv,runtime_artifacts,source_of_truth_evidence,machine-readable evidence or manifest
runtime/a7al2z4_broader_non_oi_numeric_replay_preflight/a7al2z4_authorization_matrix.json,runtime_artifacts,source_of_truth_evidence,machine-readable evidence or manifest
runtime/a7al2z4_broader_non_oi_numeric_replay_preflight/a7al2z4_candidate_decisions.csv,runtime_artifacts,source_of_truth_evidence,machine-readable evidence or manifest
runtime/a7al2z4_broader_non_oi_numeric_replay_preflight/a7al2z4_candidate_variant_metrics.csv,runtime_artifacts,source_of_truth_evidence,machine-readable evidence or manifest
runtime/a7al2z4_broader_non_oi_numeric_replay_preflight/a7al2z4_decision_counts.csv,runtime_artifacts,source_of_truth_evidence,machine-readable evidence or manifest
runtime/a7al2z4_broader_non_oi_numeric_replay_preflight/a7al2z4_eval_errors.csv,runtime_artifacts,source_of_truth_evidence,machine-readable evidence or manifest
runtime/a7al2z4_broader_non_oi_numeric_replay_preflight/a7al2z4_family_decision_summary.csv,runtime_artifacts,source_of_truth_evidence,machine-readable evidence or manifest
runtime/a7al2z4_broader_non_oi_numeric_replay_preflight/a7al2z4_manifest.json,runtime_artifacts,source_of_truth_evidence,machine-readable evidence or manifest
runtime/a7al2z4_broader_non_oi_numeric_replay_preflight/a7al2z4_replayed_candidate_sample.csv,runtime_artifacts,source_of_truth_evidence,machine-readable evidence or manifest
runtime/a7al2z4f_broader_non_oi_preflight_forensic/a7al2z4f_authorization_matrix.json,runtime_artifacts,source_of_truth_evidence,machine-readable evidence or manifest
runtime/a7al2z4f_broader_non_oi_preflight_forensic/a7al2z4f_control_ratio_detail.csv,runtime_artifacts,source_of_truth_evidence,machine-readable evidence or manifest
runtime/a7al2z4f_broader_non_oi_preflight_forensic/a7al2z4f_control_ratio_summary.csv,runtime_artifacts,source_of_truth_evidence,machine-readable evidence or manifest
runtime/a7al2z4f_broader_non_oi_preflight_forensic/a7al2z4f_family_decision_breakdown.csv,runtime_artifacts,source_of_truth_evidence,machine-readable evidence or manifest
runtime/a7al2z4f_broader_non_oi_preflight_forensic/a7al2z4f_family_failure_profile.csv,runtime_artifacts,source_of_truth_evidence,machine-readable evidence or manifest
runtime/a7al2z4f_broader_non_oi_preflight_forensic/a7al2z4f_manifest.json,runtime_artifacts,source_of_truth_evidence,machine-readable evidence or manifest
runtime/a7al2z4f_broader_non_oi_preflight_forensic/a7al2z4f_premay_near_miss_candidates.csv,runtime_artifacts,source_of_truth_evidence,machine-readable evidence or manifest
runtime/a7al2z4f_broader_non_oi_preflight_forensic/a7al2z4f_split_stability_profile.csv,runtime_artifacts,source_of_truth_evidence,machine-readable evidence or manifest
runtime/a7al2z5_broader_non_oi_multi_horizon_diagnostic/a7al2z5_authorization_matrix.json,runtime_artifacts,source_of_truth_evidence,machine-readable evidence or manifest
runtime/a7al2z5_broader_non_oi_multi_horizon_diagnostic/a7al2z5_candidate_horizon_decisions.csv,runtime_artifacts,source_of_truth_evidence,machine-readable evidence or manifest
runtime/a7al2z5_broader_non_oi_multi_horizon_diagnostic/a7al2z5_candidate_variant_metrics_by_horizon.csv,runtime_artifacts,source_of_truth_evidence,machine-readable evidence or manifest
runtime/a7al2z5_broader_non_oi_multi_horizon_diagnostic/a7al2z5_decision_counts_by_horizon.csv,runtime_artifacts,source_of_truth_evidence,machine-readable evidence or manifest
runtime/a7al2z5_broader_non_oi_multi_horizon_diagnostic/a7al2z5_eval_errors.csv,runtime_artifacts,source_of_truth_evidence,machine-readable evidence or manifest
runtime/a7al2z5_broader_non_oi_multi_horizon_diagnostic/a7al2z5_family_horizon_summary.csv,runtime_artifacts,source_of_truth_evidence,machine-readable evidence or manifest
runtime/a7al2z5_broader_non_oi_multi_horizon_diagnostic/a7al2z5_manifest.json,runtime_artifacts,source_of_truth_evidence,machine-readable evidence or manifest
runtime/a7al2z6_response_guided_mutation_contract/a7al2z6_allowed_mutation_families.csv,feature_response,archive_only,response profiling evidence
runtime/a7al2z6_response_guided_mutation_contract/a7al2z6_authorization_matrix.json,feature_response,archive_only,response profiling evidence
runtime/a7al2z6_response_guided_mutation_contract/a7al2z6_failure_guided_mutation_directives.csv,feature_response,archive_only,response profiling evidence
runtime/a7al2z6_response_guided_mutation_contract/a7al2z6_forbidden_patterns.csv,feature_response,archive_only,response profiling evidence
runtime/a7al2z6_response_guided_mutation_contract/a7al2z6_manifest.json,feature_response,archive_only,response profiling evidence
runtime/a7al2z6_response_guided_mutation_contract/a7al2z6_source_decision_counts_by_horizon.csv,feature_response,archive_only,response profiling evidence
runtime/a7al2z7_response_guided_dry_generation/a7al2z7_authorization_matrix.json,feature_response,archive_only,response profiling evidence
runtime/a7al2z7_response_guided_dry_generation/a7al2z7_family_quota_audit.csv,feature_response,archive_only,response profiling evidence
runtime/a7al2z7_response_guided_dry_generation/a7al2z7_generated_candidate_ledger.csv,feature_response,archive_only,response profiling evidence
runtime/a7al2z7_response_guided_dry_generation/a7al2z7_manifest.json,feature_response,archive_only,response profiling evidence
runtime/a7al2z7_response_guided_dry_generation/a7al2z7_selected_for_z8_materialization.csv,feature_response,archive_only,response profiling evidence
runtime/a7al2z7_response_guided_dry_generation/a7al2z7_static_blocker_matrix.csv,feature_response,archive_only,response profiling evidence
runtime/a7al2z8_response_guided_materialization_repair/a7al2z8_authorization_matrix.json,feature_response,archive_only,response profiling evidence
runtime/a7al2z8_response_guided_materialization_repair/a7al2z8_candidate_eval_trace.csv,feature_response,archive_only,response profiling evidence
runtime/a7al2z8_response_guided_materialization_repair/a7al2z8_family_repair_summary.csv,feature_response,archive_only,response profiling evidence
runtime/a7al2z8_response_guided_materialization_repair/a7al2z8_manifest.json,feature_response,archive_only,response profiling evidence
runtime/a7al2z8_response_guided_materialization_repair/a7al2z8_repair_blocker_matrix.csv,feature_response,archive_only,response profiling evidence
runtime/a7al2z8_response_guided_materialization_repair/a7al2z8_repaired_selected_candidates.csv,feature_response,archive_only,response profiling evidence
runtime/a7al2z8p_partial_viable_queue_authorization/a7al2z8p_authorization_matrix.json,runtime_artifacts,source_of_truth_evidence,machine-readable evidence or manifest
runtime/a7al2z8p_partial_viable_queue_authorization/a7al2z8p_manifest.json,runtime_artifacts,source_of_truth_evidence,machine-readable evidence or manifest
runtime/a7al2z8p_partial_viable_queue_authorization/a7al2z8p_partial_viable_candidates.csv,runtime_artifacts,source_of_truth_evidence,machine-readable evidence or manifest
runtime/a7al2z8p_partial_viable_queue_authorization/a7al2z8p_source_blockers.csv,runtime_artifacts,source_of_truth_evidence,machine-readable evidence or manifest
runtime/a7al2z8p_partial_viable_queue_authorization/a7al2z8p_source_family_summary.csv,runtime_artifacts,source_of_truth_evidence,machine-readable evidence or manifest
runtime/a7al2z9_response_guided_partial_numeric_diagnostic/a7al2z9_authorization_matrix.json,feature_response,archive_only,response profiling evidence
runtime/a7al2z9_response_guided_partial_numeric_diagnostic/a7al2z9_candidate_horizon_decisions.csv,feature_response,archive_only,response profiling evidence
runtime/a7al2z9_response_guided_partial_numeric_diagnostic/a7al2z9_candidate_variant_metrics_by_horizon.csv,feature_response,archive_only,response profiling evidence
runtime/a7al2z9_response_guided_partial_numeric_diagnostic/a7al2z9_decision_counts_by_horizon.csv,feature_response,archive_only,response profiling evidence
runtime/a7al2z9_response_guided_partial_numeric_diagnostic/a7al2z9_eval_errors.csv,feature_response,archive_only,response profiling evidence
runtime/a7al2z9_response_guided_partial_numeric_diagnostic/a7al2z9_family_horizon_summary.csv,feature_response,archive_only,response profiling evidence
runtime/a7al2z9_response_guided_partial_numeric_diagnostic/a7al2z9_manifest.json,feature_response,archive_only,response profiling evidence
runtime/a7al_universe498_replay_acceptance/a7ak_min_search_chain_config.json,runtime_artifacts,source_of_truth_evidence,machine-readable evidence or manifest
runtime/a7al_universe498_replay_acceptance/a7al_dataset_summary.csv,runtime_artifacts,source_of_truth_evidence,machine-readable evidence or manifest
runtime/a7al_universe498_replay_acceptance/a7al_split_coverage.csv,runtime_artifacts,source_of_truth_evidence,machine-readable evidence or manifest
runtime/a7al_universe498_replay_acceptance/a7al_summary.json,runtime_artifacts,source_of_truth_evidence,machine-readable evidence or manifest
runtime/a7al_universe498_replay_acceptance/a7al_symbol_quality.csv,runtime_artifacts,source_of_truth_evidence,machine-readable evidence or manifest
runtime/a7al_universe498_replay_acceptance/a7am_feature_contract.csv,runtime_artifacts,source_of_truth_evidence,machine-readable evidence or manifest
runtime/a7al_universe498_replay_acceptance/a7am_symbol_classification.csv,runtime_artifacts,source_of_truth_evidence,machine-readable evidence or manifest
runtime/a7ao_okx_cross_exchange_light_acceptance/a7ao0_field_contract.csv,field_contracts,archive_only,prior governance evidence; not all scripts are runtime core
runtime/a7ao_okx_cross_exchange_light_acceptance/a7ao0_manifest_summary.csv,runtime_artifacts,source_of_truth_evidence,machine-readable evidence or manifest
runtime/a7ao_okx_cross_exchange_light_acceptance/a7ao0_okx_dataset_quality.csv,runtime_artifacts,source_of_truth_evidence,machine-readable evidence or manifest
runtime/a7ao_okx_cross_exchange_light_acceptance/a7ao0_symbol_coverage.csv,runtime_artifacts,source_of_truth_evidence,machine-readable evidence or manifest
runtime/a7ao_okx_cross_exchange_light_acceptance/a7ao1_alignment_summary.csv,runtime_artifacts,source_of_truth_evidence,machine-readable evidence or manifest
runtime/a7ao_okx_cross_exchange_light_acceptance/a7ao_manifest.json,runtime_artifacts,source_of_truth_evidence,machine-readable evidence or manifest
runtime/a7ap0_cross_exchange_overlay_acceptance/a7ap0_coverage_summary.csv,runtime_artifacts,source_of_truth_evidence,machine-readable evidence or manifest
runtime/a7ap0_cross_exchange_overlay_acceptance/a7ap0_field_contract_audit.csv,field_contracts,archive_only,prior governance evidence; not all scripts are runtime core
runtime/a7ap0_cross_exchange_overlay_acceptance/a7ap0_field_quality.csv,field_contracts,archive_only,prior governance evidence; not all scripts are runtime core
runtime/a7ap0_cross_exchange_overlay_acceptance/a7ap0_manifest.json,runtime_artifacts,source_of_truth_evidence,machine-readable evidence or manifest
runtime/a7ap0_cross_exchange_overlay_acceptance/a7ap0_manifest_summary.csv,runtime_artifacts,source_of_truth_evidence,machine-readable evidence or manifest
runtime/a7ap0_cross_exchange_overlay_acceptance/a7ap0_price_scale_audit.csv,runtime_artifacts,source_of_truth_evidence,machine-readable evidence or manifest
runtime/a7ap0_cross_exchange_overlay_acceptance/a7ap0_symbol_quality.csv,runtime_artifacts,source_of_truth_evidence,machine-readable evidence or manifest
runtime/a7ap0_cross_exchange_overlay_acceptance/a7ap0_timing_audit.csv,runtime_artifacts,source_of_truth_evidence,machine-readable evidence or manifest
runtime/a7ap1_cross_exchange_field_smoke/a7ap1_field_smoke_metrics.csv,field_contracts,archive_only,prior governance evidence; not all scripts are runtime core
runtime/a7ap1_cross_exchange_field_smoke/a7ap1_manifest.json,field_contracts,archive_only,prior governance evidence; not all scripts are runtime core
runtime/a7ap1_cross_exchange_field_smoke/a7ap1_signal_decisions.csv,field_contracts,archive_only,prior governance evidence; not all scripts are runtime core
runtime/a7ap1_cross_exchange_field_smoke/a7ap1_timestamp_metrics.csv,field_contracts,archive_only,prior governance evidence; not all scripts are runtime core
runtime/a7ap2_multiplier_price_scale_repair/a7ap2_field_smoke_metrics.csv,field_contracts,archive_only,prior governance evidence; not all scripts are runtime core
runtime/a7ap2_multiplier_price_scale_repair/a7ap2_manifest.json,runtime_artifacts,source_of_truth_evidence,machine-readable evidence or manifest
runtime/a7ap2_multiplier_price_scale_repair/a7ap2_price_scale_repair_audit.csv,runtime_artifacts,source_of_truth_evidence,machine-readable evidence or manifest
runtime/a7ap2_multiplier_price_scale_repair/a7ap2_signal_decisions.csv,runtime_artifacts,source_of_truth_evidence,machine-readable evidence or manifest
runtime/a7ap2_multiplier_price_scale_repair/a7ap2_timestamp_metrics.csv,runtime_artifacts,source_of_truth_evidence,machine-readable evidence or manifest
runtime/a7ap3_repaired_overlay_experiment_handoff/a7ap3_authorization_matrix.csv,runtime_artifacts,source_of_truth_evidence,machine-readable evidence or manifest
runtime/a7ap3_repaired_overlay_experiment_handoff/a7ap3_blocked_field_aliases.csv,field_contracts,archive_only,prior governance evidence; not all scripts are runtime core
runtime/a7ap3_repaired_overlay_experiment_handoff/a7ap3_field_use_policy.csv,field_contracts,archive_only,prior governance evidence; not all scripts are runtime core
runtime/a7ap3_repaired_overlay_experiment_handoff/a7ap3_manifest.json,runtime_artifacts,source_of_truth_evidence,machine-readable evidence or manifest
runtime/a7ap3_repaired_overlay_experiment_handoff/a7ap3_next_work_queue.csv,runtime_artifacts,source_of_truth_evidence,machine-readable evidence or manifest
runtime/a7ar0_cn_engine_inheritance_audit/a7ar0_adapter_plan.csv,runtime_artifacts,source_of_truth_evidence,machine-readable evidence or manifest
runtime/a7ar0_cn_engine_inheritance_audit/a7ar0_cn_component_inventory.csv,runtime_artifacts,source_of_truth_evidence,machine-readable evidence or manifest
runtime/a7ar0_cn_engine_inheritance_audit/a7ar0_crypto_gap_matrix.csv,runtime_artifacts,source_of_truth_evidence,machine-readable evidence or manifest
runtime/a7ar0_cn_engine_inheritance_audit/a7ar0_decision_record.json,runtime_artifacts,source_of_truth_evidence,machine-readable evidence or manifest
runtime/a7ar0_cn_engine_inheritance_audit/a7ar0_forbidden_inheritance.csv,runtime_artifacts,source_of_truth_evidence,machine-readable evidence or manifest
runtime/a7ar0_cn_engine_inheritance_audit/a7ar0_manifest.json,runtime_artifacts,source_of_truth_evidence,machine-readable evidence or manifest
runtime/a7ar0_cn_engine_inheritance_audit/a7ar0_memory_policy.csv,runtime_artifacts,source_of_truth_evidence,machine-readable evidence or manifest
runtime/a7ar1_formula_engine_adapter_smoke/a7ar1_decision_record.json,runtime_artifacts,source_of_truth_evidence,machine-readable evidence or manifest
runtime/a7ar1_formula_engine_adapter_smoke/a7ar1_family_counts.csv,runtime_artifacts,source_of_truth_evidence,machine-readable evidence or manifest
runtime/a7ar1_formula_engine_adapter_smoke/a7ar1_field_family_counts.csv,field_contracts,archive_only,prior governance evidence; not all scripts are runtime core
runtime/a7ar1_formula_engine_adapter_smoke/a7ar1_generated_candidates.csv,runtime_artifacts,source_of_truth_evidence,machine-readable evidence or manifest
runtime/a7ar1_formula_engine_adapter_smoke/a7ar1_manifest.json,runtime_artifacts,source_of_truth_evidence,machine-readable evidence or manifest
runtime/a7ar1_formula_engine_adapter_smoke/a7ar1_memory_reset_audit.csv,runtime_artifacts,source_of_truth_evidence,machine-readable evidence or manifest
runtime/a7ar1_formula_engine_adapter_smoke/a7ar1_operator_counts.csv,runtime_artifacts,source_of_truth_evidence,machine-readable evidence or manifest
runtime/a7ar1_formula_engine_adapter_smoke/a7ar1_validation_audit.csv,runtime_artifacts,source_of_truth_evidence,machine-readable evidence or manifest
runtime/a7ar2_feature_algebra_parity_smoke/a7ar2_candidate_eval_metrics.csv,runtime_artifacts,source_of_truth_evidence,machine-readable evidence or manifest
runtime/a7ar2_feature_algebra_parity_smoke/a7ar2_control_eval_audit.csv,runtime_artifacts,source_of_truth_evidence,machine-readable evidence or manifest
runtime/a7ar2_feature_algebra_parity_smoke/a7ar2_decision_record.json,runtime_artifacts,source_of_truth_evidence,machine-readable evidence or manifest
runtime/a7ar2_feature_algebra_parity_smoke/a7ar2_family_summary.csv,runtime_artifacts,source_of_truth_evidence,machine-readable evidence or manifest
runtime/a7ar2_feature_algebra_parity_smoke/a7ar2_field_contract_audit.csv,field_contracts,archive_only,prior governance evidence; not all scripts are runtime core
runtime/a7ar2_feature_algebra_parity_smoke/a7ar2_manifest.json,runtime_artifacts,source_of_truth_evidence,machine-readable evidence or manifest
runtime/a7ar2_feature_algebra_parity_smoke/a7ar2_timing_audit.csv,runtime_artifacts,source_of_truth_evidence,machine-readable evidence or manifest
runtime/a7ar3_fresh_memory_dedup_smoke/a7ar3_decision_record.json,runtime_artifacts,source_of_truth_evidence,machine-readable evidence or manifest
runtime/a7ar3_fresh_memory_dedup_smoke/a7ar3_duplicate_events.csv,runtime_artifacts,source_of_truth_evidence,machine-readable evidence or manifest
runtime/a7ar3_fresh_memory_dedup_smoke/a7ar3_family_counts.csv,runtime_artifacts,source_of_truth_evidence,machine-readable evidence or manifest
runtime/a7ar3_fresh_memory_dedup_smoke/a7ar3_manifest.json,runtime_artifacts,source_of_truth_evidence,machine-readable evidence or manifest
runtime/a7ar3_fresh_memory_dedup_smoke/a7ar3_memory_records.csv,runtime_artifacts,source_of_truth_evidence,machine-readable evidence or manifest
runtime/a7ar3_fresh_memory_dedup_smoke/a7ar3_production_key_counts.csv,runtime_artifacts,source_of_truth_evidence,machine-readable evidence or manifest
runtime/a7ar3_fresh_memory_dedup_smoke/a7ar3_skeleton_repeat_events_soft.csv,runtime_artifacts,source_of_truth_evidence,machine-readable evidence or manifest
runtime/a7ar3_fresh_memory_dedup_smoke/crypto_search_memory_fresh_v1.json,runtime_artifacts,source_of_truth_evidence,machine-readable evidence or manifest
runtime/a7ar4_selector_adapter_smoke/a7ar4_authorization_matrix.json,runtime_artifacts,source_of_truth_evidence,machine-readable evidence or manifest
runtime/a7ar4_selector_adapter_smoke/a7ar4_family_cap_audit.csv,runtime_artifacts,source_of_truth_evidence,machine-readable evidence or manifest
runtime/a7ar4_selector_adapter_smoke/a7ar4_latency_policy_audit.csv,runtime_artifacts,source_of_truth_evidence,machine-readable evidence or manifest
runtime/a7ar4_selector_adapter_smoke/a7ar4_manifest.json,runtime_artifacts,source_of_truth_evidence,machine-readable evidence or manifest
runtime/a7ar4_selector_adapter_smoke/a7ar4_memory_dedup_audit.csv,runtime_artifacts,source_of_truth_evidence,machine-readable evidence or manifest
runtime/a7ar4_selector_adapter_smoke/a7ar4_negative_control_readiness.csv,runtime_artifacts,source_of_truth_evidence,machine-readable evidence or manifest
runtime/a7ar4_selector_adapter_smoke/a7ar4_quota_summary.csv,runtime_artifacts,source_of_truth_evidence,machine-readable evidence or manifest
runtime/a7ar4_selector_adapter_smoke/a7ar4_reject_reason_summary.csv,runtime_artifacts,source_of_truth_evidence,machine-readable evidence or manifest
runtime/a7ar4_selector_adapter_smoke/a7ar4_selection_trace.csv,runtime_artifacts,source_of_truth_evidence,machine-readable evidence or manifest
runtime/a7ar4_selector_adapter_smoke/a7ar4_skeleton_diversity_audit.csv,runtime_artifacts,source_of_truth_evidence,machine-readable evidence or manifest
runtime/a7ar6_cn_mature_chain_parity_gap_audit/a7ar6_action_plan.csv,runtime_artifacts,source_of_truth_evidence,machine-readable evidence or manifest
runtime/a7ar6_cn_mature_chain_parity_gap_audit/a7ar6_chain_node_comparison.csv,runtime_artifacts,source_of_truth_evidence,machine-readable evidence or manifest
runtime/a7ar6_cn_mature_chain_parity_gap_audit/a7ar6_gap_matrix.csv,runtime_artifacts,source_of_truth_evidence,machine-readable evidence or manifest
runtime/a7ar6_cn_mature_chain_parity_gap_audit/a7ar6_manifest.json,runtime_artifacts,source_of_truth_evidence,machine-readable evidence or manifest
runtime/a7ar7_shared_candidate_pool/a7ar7_authorization_matrix.csv,runtime_artifacts,source_of_truth_evidence,machine-readable evidence or manifest
runtime/a7ar7_shared_candidate_pool/a7ar7_decision_summary.csv,runtime_artifacts,source_of_truth_evidence,machine-readable evidence or manifest
runtime/a7ar7_shared_candidate_pool/a7ar7_manifest.json,runtime_artifacts,source_of_truth_evidence,machine-readable evidence or manifest
runtime/a7ar7_shared_candidate_pool/a7ar7_provenance_audit.csv,runtime_artifacts,source_of_truth_evidence,machine-readable evidence or manifest
runtime/a7ar7_shared_candidate_pool/a7ar7_shared_candidate_pool.csv,runtime_artifacts,source_of_truth_evidence,machine-readable evidence or manifest
runtime/a7ar7_shared_candidate_pool/a7ar7_stage_summary.csv,runtime_artifacts,source_of_truth_evidence,machine-readable evidence or manifest
runtime/a7ar7_shared_candidate_pool/a7ar7_stale_artifact_audit.csv,runtime_artifacts,source_of_truth_evidence,machine-readable evidence or manifest
runtime/a7ar8_signal_vector_cluster_registry/a7ar8_authorization_matrix.csv,runtime_artifacts,source_of_truth_evidence,machine-readable evidence or manifest
runtime/a7ar8_signal_vector_cluster_registry/a7ar8_manifest.json,runtime_artifacts,source_of_truth_evidence,machine-readable evidence or manifest
runtime/a7ar8_signal_vector_cluster_registry/a7ar8_selected_queue_diversity_audit.csv,runtime_artifacts,source_of_truth_evidence,machine-readable evidence or manifest
runtime/a7ar8_signal_vector_cluster_registry/a7ar8_selected_queue_pairwise_corr.csv,runtime_artifacts,source_of_truth_evidence,machine-readable evidence or manifest
runtime/a7ar8_signal_vector_cluster_registry/a7ar8_selected_queue_registry.csv,runtime_artifacts,source_of_truth_evidence,machine-readable evidence or manifest
runtime/a7ar8_signal_vector_cluster_registry/a7ar8_signal_cluster_registry.csv,runtime_artifacts,source_of_truth_evidence,machine-readable evidence or manifest
runtime/a7ar8_signal_vector_cluster_registry/a7ar8_signal_cluster_summary.csv,runtime_artifacts,source_of_truth_evidence,machine-readable evidence or manifest
runtime/a7ar8_signal_vector_cluster_registry/a7ar8_signal_vectors.csv,runtime_artifacts,source_of_truth_evidence,machine-readable evidence or manifest
runtime/a7as0_v2_data_acceptance/a7as0_base_sample_audit.csv,runtime_artifacts,source_of_truth_evidence,machine-readable evidence or manifest
runtime/a7as0_v2_data_acceptance/a7as0_base_summary.csv,runtime_artifacts,source_of_truth_evidence,machine-readable evidence or manifest
runtime/a7as0_v2_data_acceptance/a7as0_manifest.json,runtime_artifacts,source_of_truth_evidence,machine-readable evidence or manifest
runtime/a7as0_v2_data_acceptance/a7as0_overlay_sample_audit.csv,runtime_artifacts,source_of_truth_evidence,machine-readable evidence or manifest
runtime/a7as0_v2_data_acceptance/a7as0_overlay_summary.csv,runtime_artifacts,source_of_truth_evidence,machine-readable evidence or manifest
runtime/a7as0_v2_data_acceptance/a7as0_overlay_timing_contract_extract.csv,runtime_artifacts,source_of_truth_evidence,machine-readable evidence or manifest
runtime/a7data_pre2024_backfill_acceptance_age_20260612/a7data_pre2024_age_augmented_manifest.csv,runtime_artifacts,source_of_truth_evidence,machine-readable evidence or manifest
runtime/a7data_pre2024_backfill_acceptance_age_20260612/a7data_pre2024_age_bucket_summary.csv,runtime_artifacts,source_of_truth_evidence,machine-readable evidence or manifest
runtime/a7data_pre2024_backfill_acceptance_age_20260612/a7data_pre2024_first_seen_map.csv,runtime_artifacts,source_of_truth_evidence,machine-readable evidence or manifest
runtime/a7data_pre2024_backfill_acceptance_age_20260612/a7data_pre2024_manifest.json,runtime_artifacts,source_of_truth_evidence,machine-readable evidence or manifest
runtime/a7data_pre2024_backfill_acceptance_age_20260612/a7data_pre2024_symbol_acceptance_summary.csv,runtime_artifacts,source_of_truth_evidence,machine-readable evidence or manifest
runtime/a7data_recent_patch_merged_panel_20260613/a7data_recent_patch_merged_coverage.csv,runtime_artifacts,source_of_truth_evidence,machine-readable evidence or manifest
runtime/a7data_recent_patch_merged_panel_20260613/a7data_recent_patch_merged_manifest.csv,runtime_artifacts,source_of_truth_evidence,machine-readable evidence or manifest
runtime/a7data_recent_patch_merged_panel_20260613/a7data_recent_patch_merged_manifest.json,runtime_artifacts,source_of_truth_evidence,machine-readable evidence or manifest
runtime/a7data_recent_patch_merged_panel_20260613/a7data_recent_patch_merged_schema.csv,runtime_artifacts,source_of_truth_evidence,machine-readable evidence or manifest
runtime/a7data_recent_patch_merged_panel_20260613/a7data_recent_patch_overlap_rows.csv,runtime_artifacts,source_of_truth_evidence,machine-readable evidence or manifest
runtime/a7ff0_field_ontology_v2/a7ff0_field_ontology_v2.csv,field_contracts,archive_only,prior governance evidence; not all scripts are runtime core
runtime/a7ff0_field_ontology_v2/a7ff0_manifest.json,field_contracts,archive_only,prior governance evidence; not all scripts are runtime core
runtime/a7ff0_field_ontology_v2/a7ff0_semantic_type_summary.csv,field_contracts,archive_only,prior governance evidence; not all scripts are runtime core
runtime/a7ff10_company_numeric_probe_shard_00/a7ff10s00_control_dominance_metrics.csv,feature_factory,legacy_reference,large feature experiments; requires core extraction review
runtime/a7ff10_company_numeric_probe_shard_00/a7ff10s00_control_summary.csv,feature_factory,legacy_reference,large feature experiments; requires core extraction review
runtime/a7ff10_company_numeric_probe_shard_00/a7ff10s00_decision_counts.csv,feature_factory,legacy_reference,large feature experiments; requires core extraction review
runtime/a7ff10_company_numeric_probe_shard_00/a7ff10s00_decision_record.json,feature_factory,legacy_reference,large feature experiments; requires core extraction review
runtime/a7ff10_company_numeric_probe_shard_00/a7ff10s00_family_decision_summary.csv,feature_factory,legacy_reference,large feature experiments; requires core extraction review
runtime/a7ff10_company_numeric_probe_shard_00/a7ff10s00_label_response_metrics.csv,feature_response,archive_only,response profiling evidence
runtime/a7ff10_company_numeric_probe_shard_00/a7ff10s00_manifest.json,feature_factory,legacy_reference,large feature experiments; requires core extraction review
runtime/a7ff10_company_numeric_probe_shard_00/a7ff10s00_materialization_metrics.csv,feature_factory,legacy_reference,large feature experiments; requires core extraction review
runtime/a7ff10_company_numeric_probe_shard_00/a7ff10s00_nonoverlap_stats.csv,feature_factory,legacy_reference,large feature experiments; requires core extraction review
runtime/a7ff10_company_numeric_probe_shard_00/a7ff10s00_portfolio_marginal_proxy.csv,feature_factory,legacy_reference,large feature experiments; requires core extraction review
runtime/a7ff10_company_numeric_probe_shard_00/a7ff10s00_selected_portfolio_queue.csv,feature_factory,legacy_reference,large feature experiments; requires core extraction review
runtime/a7ff10_company_numeric_probe_shard_01/a7ff10s01_control_dominance_metrics.csv,feature_factory,legacy_reference,large feature experiments; requires core extraction review
runtime/a7ff10_company_numeric_probe_shard_01/a7ff10s01_control_summary.csv,feature_factory,legacy_reference,large feature experiments; requires core extraction review
runtime/a7ff10_company_numeric_probe_shard_01/a7ff10s01_decision_counts.csv,feature_factory,legacy_reference,large feature experiments; requires core extraction review
runtime/a7ff10_company_numeric_probe_shard_01/a7ff10s01_decision_record.json,feature_factory,legacy_reference,large feature experiments; requires core extraction review
runtime/a7ff10_company_numeric_probe_shard_01/a7ff10s01_family_decision_summary.csv,feature_factory,legacy_reference,large feature experiments; requires core extraction review
runtime/a7ff10_company_numeric_probe_shard_01/a7ff10s01_label_response_metrics.csv,feature_response,archive_only,response profiling evidence
runtime/a7ff10_company_numeric_probe_shard_01/a7ff10s01_manifest.json,feature_factory,legacy_reference,large feature experiments; requires core extraction review
runtime/a7ff10_company_numeric_probe_shard_01/a7ff10s01_materialization_metrics.csv,feature_factory,legacy_reference,large feature experiments; requires core extraction review
runtime/a7ff10_company_numeric_probe_shard_01/a7ff10s01_nonoverlap_stats.csv,feature_factory,legacy_reference,large feature experiments; requires core extraction review
runtime/a7ff10_company_numeric_probe_shard_01/a7ff10s01_portfolio_marginal_proxy.csv,feature_factory,legacy_reference,large feature experiments; requires core extraction review
runtime/a7ff10_company_numeric_probe_shard_01/a7ff10s01_selected_portfolio_queue.csv,feature_factory,legacy_reference,large feature experiments; requires core extraction review
runtime/a7ff10_company_numeric_probe_shard_02/a7ff10s02_control_dominance_metrics.csv,feature_factory,legacy_reference,large feature experiments; requires core extraction review
runtime/a7ff10_company_numeric_probe_shard_02/a7ff10s02_control_summary.csv,feature_factory,legacy_reference,large feature experiments; requires core extraction review
runtime/a7ff10_company_numeric_probe_shard_02/a7ff10s02_decision_counts.csv,feature_factory,legacy_reference,large feature experiments; requires core extraction review
runtime/a7ff10_company_numeric_probe_shard_02/a7ff10s02_decision_record.json,feature_factory,legacy_reference,large feature experiments; requires core extraction review
runtime/a7ff10_company_numeric_probe_shard_02/a7ff10s02_family_decision_summary.csv,feature_factory,legacy_reference,large feature experiments; requires core extraction review
runtime/a7ff10_company_numeric_probe_shard_02/a7ff10s02_label_response_metrics.csv,feature_response,archive_only,response profiling evidence
runtime/a7ff10_company_numeric_probe_shard_02/a7ff10s02_manifest.json,feature_factory,legacy_reference,large feature experiments; requires core extraction review
runtime/a7ff10_company_numeric_probe_shard_02/a7ff10s02_materialization_metrics.csv,feature_factory,legacy_reference,large feature experiments; requires core extraction review
runtime/a7ff10_company_numeric_probe_shard_02/a7ff10s02_nonoverlap_stats.csv,feature_factory,legacy_reference,large feature experiments; requires core extraction review
runtime/a7ff10_company_numeric_probe_shard_02/a7ff10s02_portfolio_marginal_proxy.csv,feature_factory,legacy_reference,large feature experiments; requires core extraction review
runtime/a7ff10_company_numeric_probe_shard_02/a7ff10s02_selected_portfolio_queue.csv,feature_factory,legacy_reference,large feature experiments; requires core extraction review
runtime/a7ff10_company_numeric_probe_shard_03/a7ff10s03_control_dominance_metrics.csv,feature_factory,legacy_reference,large feature experiments; requires core extraction review
runtime/a7ff10_company_numeric_probe_shard_03/a7ff10s03_control_summary.csv,feature_factory,legacy_reference,large feature experiments; requires core extraction review
runtime/a7ff10_company_numeric_probe_shard_03/a7ff10s03_decision_counts.csv,feature_factory,legacy_reference,large feature experiments; requires core extraction review
runtime/a7ff10_company_numeric_probe_shard_03/a7ff10s03_decision_record.json,feature_factory,legacy_reference,large feature experiments; requires core extraction review
runtime/a7ff10_company_numeric_probe_shard_03/a7ff10s03_family_decision_summary.csv,feature_factory,legacy_reference,large feature experiments; requires core extraction review
runtime/a7ff10_company_numeric_probe_shard_03/a7ff10s03_label_response_metrics.csv,feature_response,archive_only,response profiling evidence
runtime/a7ff10_company_numeric_probe_shard_03/a7ff10s03_manifest.json,feature_factory,legacy_reference,large feature experiments; requires core extraction review
runtime/a7ff10_company_numeric_probe_shard_03/a7ff10s03_materialization_metrics.csv,feature_factory,legacy_reference,large feature experiments; requires core extraction review
runtime/a7ff10_company_numeric_probe_shard_03/a7ff10s03_nonoverlap_stats.csv,feature_factory,legacy_reference,large feature experiments; requires core extraction review
runtime/a7ff10_company_numeric_probe_shard_03/a7ff10s03_portfolio_marginal_proxy.csv,feature_factory,legacy_reference,large feature experiments; requires core extraction review
runtime/a7ff10_company_numeric_probe_shard_03/a7ff10s03_selected_portfolio_queue.csv,feature_factory,legacy_reference,large feature experiments; requires core extraction review
runtime/a7ff10_company_parallel/a7ff10_company_parallel_launch_manifest.csv,feature_factory,legacy_reference,large feature experiments; requires core extraction review
runtime/a7ff10_company_parallel/run_a7ff10s00.ps1,feature_factory,legacy_reference,large feature experiments; requires core extraction review
runtime/a7ff10_company_parallel/run_a7ff10s01.ps1,feature_factory,legacy_reference,large feature experiments; requires core extraction review
runtime/a7ff10_company_parallel/run_a7ff10s02.ps1,feature_factory,legacy_reference,large feature experiments; requires core extraction review
runtime/a7ff10_company_parallel/run_a7ff10s03.ps1,feature_factory,legacy_reference,large feature experiments; requires core extraction review
runtime/a7ff10_company_parallel_aggregate/a7ff10_decision_counts_all_shards.csv,feature_factory,legacy_reference,large feature experiments; requires core extraction review
runtime/a7ff10_company_parallel_aggregate/a7ff10_family_decision_summary_all_shards.csv,feature_factory,legacy_reference,large feature experiments; requires core extraction review
runtime/a7ff10_company_parallel_aggregate/a7ff10_manifest.json,feature_factory,legacy_reference,large feature experiments; requires core extraction review
runtime/a7ff10_company_parallel_aggregate/a7ff10_non_l7_clue_summary.csv,feature_factory,legacy_reference,large feature experiments; requires core extraction review
runtime/a7ff10_company_parallel_aggregate/a7ff10_selected_portfolio_queue_all_shards.csv,feature_factory,legacy_reference,large feature experiments; requires core extraction review
runtime/a7ff10_company_parallel_aggregate/a7ff10_shard_summary.csv,feature_factory,legacy_reference,large feature experiments; requires core extraction review
runtime/a7ff11_company_runner_contract/a7ff11r_launch_contract.json,feature_factory,legacy_reference,large feature experiments; requires core extraction review
runtime/a7ff11_company_runner_contract/a7ff11r_launch_manifest_snapshot.csv,feature_factory,legacy_reference,large feature experiments; requires core extraction review
runtime/a7ff11_company_runner_contract/a7ff11r_log_issue_scan.csv,feature_factory,legacy_reference,large feature experiments; requires core extraction review
runtime/a7ff11_company_runner_contract/a7ff11r_manifest.json,feature_factory,legacy_reference,large feature experiments; requires core extraction review
runtime/a7ff11_company_runner_contract/a7ff11r_runner_issue_summary.csv,feature_factory,legacy_reference,large feature experiments; requires core extraction review
runtime/a7ff11_selected_queue_triage/a7ff11_candidate_triage.csv,feature_factory,legacy_reference,large feature experiments; requires core extraction review
runtime/a7ff11_selected_queue_triage/a7ff11_experiment_record.json,feature_factory,legacy_reference,large feature experiments; requires core extraction review
runtime/a7ff11_selected_queue_triage/a7ff11_label_horizon_summary.csv,feature_factory,legacy_reference,large feature experiments; requires core extraction review
runtime/a7ff11_selected_queue_triage/a7ff11_manifest.json,feature_factory,legacy_reference,large feature experiments; requires core extraction review
runtime/a7ff11_selected_queue_triage/a7ff11_priority_followup_queue.csv,feature_factory,legacy_reference,large feature experiments; requires core extraction review
runtime/a7ff11_selected_queue_triage/a7ff11_semantic_concentration.csv,feature_factory,legacy_reference,large feature experiments; requires core extraction review
runtime/a7ff11_selected_queue_triage/a7ff11_semantic_motif_summary.csv,feature_factory,legacy_reference,large feature experiments; requires core extraction review
runtime/a7ff11_selected_queue_triage/a7ff11_skeleton_concentration.csv,feature_factory,legacy_reference,large feature experiments; requires core extraction review
runtime/a7ff11_selected_queue_triage/a7ff11_source_shard_summary.csv,feature_factory,legacy_reference,large feature experiments; requires core extraction review
runtime/a7ff11_selected_queue_triage/a7ff11_triage_bucket_summary.csv,feature_factory,legacy_reference,large feature experiments; requires core extraction review
runtime/a7ff11_selected_queue_triage/a7ff11_watchlist_queue.csv,feature_factory,legacy_reference,large feature experiments; requires core extraction review
runtime/a7ff12_company_numeric_probe_shard_00/a7ff12s00_control_dominance_metrics.csv,feature_factory,legacy_reference,large feature experiments; requires core extraction review
runtime/a7ff12_company_numeric_probe_shard_00/a7ff12s00_control_summary.csv,feature_factory,legacy_reference,large feature experiments; requires core extraction review
runtime/a7ff12_company_numeric_probe_shard_00/a7ff12s00_decision_counts.csv,feature_factory,legacy_reference,large feature experiments; requires core extraction review
runtime/a7ff12_company_numeric_probe_shard_00/a7ff12s00_decision_record.json,feature_factory,legacy_reference,large feature experiments; requires core extraction review
runtime/a7ff12_company_numeric_probe_shard_00/a7ff12s00_family_decision_summary.csv,feature_factory,legacy_reference,large feature experiments; requires core extraction review
runtime/a7ff12_company_numeric_probe_shard_00/a7ff12s00_label_response_metrics.csv,feature_response,archive_only,response profiling evidence
runtime/a7ff12_company_numeric_probe_shard_00/a7ff12s00_manifest.json,feature_factory,legacy_reference,large feature experiments; requires core extraction review
runtime/a7ff12_company_numeric_probe_shard_00/a7ff12s00_materialization_metrics.csv,feature_factory,legacy_reference,large feature experiments; requires core extraction review
runtime/a7ff12_company_numeric_probe_shard_00/a7ff12s00_nonoverlap_stats.csv,feature_factory,legacy_reference,large feature experiments; requires core extraction review
runtime/a7ff12_company_numeric_probe_shard_00/a7ff12s00_portfolio_marginal_proxy.csv,feature_factory,legacy_reference,large feature experiments; requires core extraction review
runtime/a7ff12_company_numeric_probe_shard_00/a7ff12s00_selected_portfolio_queue.csv,feature_factory,legacy_reference,large feature experiments; requires core extraction review
runtime/a7ff12_company_numeric_probe_shard_01/a7ff12s01_control_dominance_metrics.csv,feature_factory,legacy_reference,large feature experiments; requires core extraction review
runtime/a7ff12_company_numeric_probe_shard_01/a7ff12s01_control_summary.csv,feature_factory,legacy_reference,large feature experiments; requires core extraction review
runtime/a7ff12_company_numeric_probe_shard_01/a7ff12s01_decision_counts.csv,feature_factory,legacy_reference,large feature experiments; requires core extraction review
runtime/a7ff12_company_numeric_probe_shard_01/a7ff12s01_decision_record.json,feature_factory,legacy_reference,large feature experiments; requires core extraction review
runtime/a7ff12_company_numeric_probe_shard_01/a7ff12s01_family_decision_summary.csv,feature_factory,legacy_reference,large feature experiments; requires core extraction review
runtime/a7ff12_company_numeric_probe_shard_01/a7ff12s01_label_response_metrics.csv,feature_response,archive_only,response profiling evidence
runtime/a7ff12_company_numeric_probe_shard_01/a7ff12s01_manifest.json,feature_factory,legacy_reference,large feature experiments; requires core extraction review
runtime/a7ff12_company_numeric_probe_shard_01/a7ff12s01_materialization_metrics.csv,feature_factory,legacy_reference,large feature experiments; requires core extraction review
runtime/a7ff12_company_numeric_probe_shard_01/a7ff12s01_nonoverlap_stats.csv,feature_factory,legacy_reference,large feature experiments; requires core extraction review
runtime/a7ff12_company_numeric_probe_shard_01/a7ff12s01_portfolio_marginal_proxy.csv,feature_factory,legacy_reference,large feature experiments; requires core extraction review
runtime/a7ff12_company_numeric_probe_shard_01/a7ff12s01_selected_portfolio_queue.csv,feature_factory,legacy_reference,large feature experiments; requires core extraction review
runtime/a7ff12_company_numeric_probe_shard_02/a7ff12s02_control_dominance_metrics.csv,feature_factory,legacy_reference,large feature experiments; requires core extraction review
runtime/a7ff12_company_numeric_probe_shard_02/a7ff12s02_control_summary.csv,feature_factory,legacy_reference,large feature experiments; requires core extraction review
runtime/a7ff12_company_numeric_probe_shard_02/a7ff12s02_decision_counts.csv,feature_factory,legacy_reference,large feature experiments; requires core extraction review
runtime/a7ff12_company_numeric_probe_shard_02/a7ff12s02_decision_record.json,feature_factory,legacy_reference,large feature experiments; requires core extraction review
runtime/a7ff12_company_numeric_probe_shard_02/a7ff12s02_family_decision_summary.csv,feature_factory,legacy_reference,large feature experiments; requires core extraction review
runtime/a7ff12_company_numeric_probe_shard_02/a7ff12s02_label_response_metrics.csv,feature_response,archive_only,response profiling evidence
runtime/a7ff12_company_numeric_probe_shard_02/a7ff12s02_manifest.json,feature_factory,legacy_reference,large feature experiments; requires core extraction review
runtime/a7ff12_company_numeric_probe_shard_02/a7ff12s02_materialization_metrics.csv,feature_factory,legacy_reference,large feature experiments; requires core extraction review
runtime/a7ff12_company_numeric_probe_shard_02/a7ff12s02_nonoverlap_stats.csv,feature_factory,legacy_reference,large feature experiments; requires core extraction review
runtime/a7ff12_company_numeric_probe_shard_02/a7ff12s02_portfolio_marginal_proxy.csv,feature_factory,legacy_reference,large feature experiments; requires core extraction review
runtime/a7ff12_company_numeric_probe_shard_02/a7ff12s02_selected_portfolio_queue.csv,feature_factory,legacy_reference,large feature experiments; requires core extraction review
runtime/a7ff12_company_numeric_probe_shard_03/a7ff12s03_control_dominance_metrics.csv,feature_factory,legacy_reference,large feature experiments; requires core extraction review
runtime/a7ff12_company_numeric_probe_shard_03/a7ff12s03_control_summary.csv,feature_factory,legacy_reference,large feature experiments; requires core extraction review
runtime/a7ff12_company_numeric_probe_shard_03/a7ff12s03_decision_counts.csv,feature_factory,legacy_reference,large feature experiments; requires core extraction review
runtime/a7ff12_company_numeric_probe_shard_03/a7ff12s03_decision_record.json,feature_factory,legacy_reference,large feature experiments; requires core extraction review
runtime/a7ff12_company_numeric_probe_shard_03/a7ff12s03_family_decision_summary.csv,feature_factory,legacy_reference,large feature experiments; requires core extraction review
runtime/a7ff12_company_numeric_probe_shard_03/a7ff12s03_label_response_metrics.csv,feature_response,archive_only,response profiling evidence
runtime/a7ff12_company_numeric_probe_shard_03/a7ff12s03_manifest.json,feature_factory,legacy_reference,large feature experiments; requires core extraction review
runtime/a7ff12_company_numeric_probe_shard_03/a7ff12s03_materialization_metrics.csv,feature_factory,legacy_reference,large feature experiments; requires core extraction review
runtime/a7ff12_company_numeric_probe_shard_03/a7ff12s03_nonoverlap_stats.csv,feature_factory,legacy_reference,large feature experiments; requires core extraction review
runtime/a7ff12_company_numeric_probe_shard_03/a7ff12s03_portfolio_marginal_proxy.csv,feature_factory,legacy_reference,large feature experiments; requires core extraction review
runtime/a7ff12_company_numeric_probe_shard_03/a7ff12s03_selected_portfolio_queue.csv,feature_factory,legacy_reference,large feature experiments; requires core extraction review
runtime/a7ff12_company_numeric_probe_shard_04/a7ff12s04_control_dominance_metrics.csv,feature_factory,legacy_reference,large feature experiments; requires core extraction review
runtime/a7ff12_company_numeric_probe_shard_04/a7ff12s04_control_summary.csv,feature_factory,legacy_reference,large feature experiments; requires core extraction review
runtime/a7ff12_company_numeric_probe_shard_04/a7ff12s04_decision_counts.csv,feature_factory,legacy_reference,large feature experiments; requires core extraction review
runtime/a7ff12_company_numeric_probe_shard_04/a7ff12s04_decision_record.json,feature_factory,legacy_reference,large feature experiments; requires core extraction review
runtime/a7ff12_company_numeric_probe_shard_04/a7ff12s04_family_decision_summary.csv,feature_factory,legacy_reference,large feature experiments; requires core extraction review
runtime/a7ff12_company_numeric_probe_shard_04/a7ff12s04_label_response_metrics.csv,feature_response,archive_only,response profiling evidence
runtime/a7ff12_company_numeric_probe_shard_04/a7ff12s04_manifest.json,feature_factory,legacy_reference,large feature experiments; requires core extraction review
runtime/a7ff12_company_numeric_probe_shard_04/a7ff12s04_materialization_metrics.csv,feature_factory,legacy_reference,large feature experiments; requires core extraction review
runtime/a7ff12_company_numeric_probe_shard_04/a7ff12s04_nonoverlap_stats.csv,feature_factory,legacy_reference,large feature experiments; requires core extraction review
runtime/a7ff12_company_numeric_probe_shard_04/a7ff12s04_portfolio_marginal_proxy.csv,feature_factory,legacy_reference,large feature experiments; requires core extraction review
runtime/a7ff12_company_numeric_probe_shard_04/a7ff12s04_selected_portfolio_queue.csv,feature_factory,legacy_reference,large feature experiments; requires core extraction review
runtime/a7ff12_company_numeric_probe_shard_05/a7ff12s05_control_dominance_metrics.csv,feature_factory,legacy_reference,large feature experiments; requires core extraction review
runtime/a7ff12_company_numeric_probe_shard_05/a7ff12s05_control_summary.csv,feature_factory,legacy_reference,large feature experiments; requires core extraction review
runtime/a7ff12_company_numeric_probe_shard_05/a7ff12s05_decision_counts.csv,feature_factory,legacy_reference,large feature experiments; requires core extraction review
runtime/a7ff12_company_numeric_probe_shard_05/a7ff12s05_decision_record.json,feature_factory,legacy_reference,large feature experiments; requires core extraction review
runtime/a7ff12_company_numeric_probe_shard_05/a7ff12s05_family_decision_summary.csv,feature_factory,legacy_reference,large feature experiments; requires core extraction review
runtime/a7ff12_company_numeric_probe_shard_05/a7ff12s05_label_response_metrics.csv,feature_response,archive_only,response profiling evidence
runtime/a7ff12_company_numeric_probe_shard_05/a7ff12s05_manifest.json,feature_factory,legacy_reference,large feature experiments; requires core extraction review
runtime/a7ff12_company_numeric_probe_shard_05/a7ff12s05_materialization_metrics.csv,feature_factory,legacy_reference,large feature experiments; requires core extraction review
runtime/a7ff12_company_numeric_probe_shard_05/a7ff12s05_nonoverlap_stats.csv,feature_factory,legacy_reference,large feature experiments; requires core extraction review
runtime/a7ff12_company_numeric_probe_shard_05/a7ff12s05_portfolio_marginal_proxy.csv,feature_factory,legacy_reference,large feature experiments; requires core extraction review
runtime/a7ff12_company_numeric_probe_shard_05/a7ff12s05_selected_portfolio_queue.csv,feature_factory,legacy_reference,large feature experiments; requires core extraction review
runtime/a7ff12_company_numeric_probe_shard_06/a7ff12s06_control_dominance_metrics.csv,feature_factory,legacy_reference,large feature experiments; requires core extraction review
runtime/a7ff12_company_numeric_probe_shard_06/a7ff12s06_control_summary.csv,feature_factory,legacy_reference,large feature experiments; requires core extraction review
runtime/a7ff12_company_numeric_probe_shard_06/a7ff12s06_decision_counts.csv,feature_factory,legacy_reference,large feature experiments; requires core extraction review
runtime/a7ff12_company_numeric_probe_shard_06/a7ff12s06_decision_record.json,feature_factory,legacy_reference,large feature experiments; requires core extraction review
runtime/a7ff12_company_numeric_probe_shard_06/a7ff12s06_family_decision_summary.csv,feature_factory,legacy_reference,large feature experiments; requires core extraction review
runtime/a7ff12_company_numeric_probe_shard_06/a7ff12s06_label_response_metrics.csv,feature_response,archive_only,response profiling evidence
runtime/a7ff12_company_numeric_probe_shard_06/a7ff12s06_manifest.json,feature_factory,legacy_reference,large feature experiments; requires core extraction review
runtime/a7ff12_company_numeric_probe_shard_06/a7ff12s06_materialization_metrics.csv,feature_factory,legacy_reference,large feature experiments; requires core extraction review
runtime/a7ff12_company_numeric_probe_shard_06/a7ff12s06_nonoverlap_stats.csv,feature_factory,legacy_reference,large feature experiments; requires core extraction review
runtime/a7ff12_company_numeric_probe_shard_06/a7ff12s06_portfolio_marginal_proxy.csv,feature_factory,legacy_reference,large feature experiments; requires core extraction review
runtime/a7ff12_company_numeric_probe_shard_06/a7ff12s06_selected_portfolio_queue.csv,feature_factory,legacy_reference,large feature experiments; requires core extraction review
runtime/a7ff12_company_numeric_probe_shard_07/a7ff12s07_control_dominance_metrics.csv,feature_factory,legacy_reference,large feature experiments; requires core extraction review
runtime/a7ff12_company_numeric_probe_shard_07/a7ff12s07_control_summary.csv,feature_factory,legacy_reference,large feature experiments; requires core extraction review
runtime/a7ff12_company_numeric_probe_shard_07/a7ff12s07_decision_counts.csv,feature_factory,legacy_reference,large feature experiments; requires core extraction review
runtime/a7ff12_company_numeric_probe_shard_07/a7ff12s07_decision_record.json,feature_factory,legacy_reference,large feature experiments; requires core extraction review
runtime/a7ff12_company_numeric_probe_shard_07/a7ff12s07_family_decision_summary.csv,feature_factory,legacy_reference,large feature experiments; requires core extraction review
runtime/a7ff12_company_numeric_probe_shard_07/a7ff12s07_label_response_metrics.csv,feature_response,archive_only,response profiling evidence
runtime/a7ff12_company_numeric_probe_shard_07/a7ff12s07_manifest.json,feature_factory,legacy_reference,large feature experiments; requires core extraction review
runtime/a7ff12_company_numeric_probe_shard_07/a7ff12s07_materialization_metrics.csv,feature_factory,legacy_reference,large feature experiments; requires core extraction review
runtime/a7ff12_company_numeric_probe_shard_07/a7ff12s07_nonoverlap_stats.csv,feature_factory,legacy_reference,large feature experiments; requires core extraction review
runtime/a7ff12_company_numeric_probe_shard_07/a7ff12s07_portfolio_marginal_proxy.csv,feature_factory,legacy_reference,large feature experiments; requires core extraction review
runtime/a7ff12_company_numeric_probe_shard_07/a7ff12s07_selected_portfolio_queue.csv,feature_factory,legacy_reference,large feature experiments; requires core extraction review
runtime/a7ff12_company_parallel/a7ff12_company_wave_launch_manifest.csv,feature_factory,legacy_reference,large feature experiments; requires core extraction review
runtime/a7ff12_company_parallel/run_a7ff12s00.ps1,feature_factory,legacy_reference,large feature experiments; requires core extraction review
runtime/a7ff12_company_parallel/run_a7ff12s01.ps1,feature_factory,legacy_reference,large feature experiments; requires core extraction review
runtime/a7ff12_company_parallel/run_a7ff12s02.ps1,feature_factory,legacy_reference,large feature experiments; requires core extraction review
runtime/a7ff12_company_parallel/run_a7ff12s03.ps1,feature_factory,legacy_reference,large feature experiments; requires core extraction review
runtime/a7ff12_company_parallel/run_a7ff12s04.ps1,feature_factory,legacy_reference,large feature experiments; requires core extraction review
runtime/a7ff12_company_parallel/run_a7ff12s05.ps1,feature_factory,legacy_reference,large feature experiments; requires core extraction review
runtime/a7ff12_company_parallel/run_a7ff12s06.ps1,feature_factory,legacy_reference,large feature experiments; requires core extraction review
runtime/a7ff12_company_parallel/run_a7ff12s07.ps1,feature_factory,legacy_reference,large feature experiments; requires core extraction review
runtime/a7ff12_company_wave_aggregate/a7ff12_decision_counts_all_shards.csv,feature_factory,legacy_reference,large feature experiments; requires core extraction review
runtime/a7ff12_company_wave_aggregate/a7ff12_manifest.json,feature_factory,legacy_reference,large feature experiments; requires core extraction review
runtime/a7ff12_company_wave_aggregate/a7ff12_non_l7_clue_summary.csv,feature_factory,legacy_reference,large feature experiments; requires core extraction review
runtime/a7ff12_company_wave_aggregate/a7ff12_selected_portfolio_queue_all_shards.csv,feature_factory,legacy_reference,large feature experiments; requires core extraction review
runtime/a7ff12_company_wave_aggregate/a7ff12_shard_summary.csv,feature_factory,legacy_reference,large feature experiments; requires core extraction review
runtime/a7ff12_numeric_wave_queue_contract/a7ff12_candidate_coverage.csv,feature_factory,legacy_reference,large feature experiments; requires core extraction review
runtime/a7ff12_numeric_wave_queue_contract/a7ff12_candidate_pool_after_exclusions.csv,feature_factory,legacy_reference,large feature experiments; requires core extraction review
runtime/a7ff12_numeric_wave_queue_contract/a7ff12_manifest.json,feature_factory,legacy_reference,large feature experiments; requires core extraction review
runtime/a7ff12_numeric_wave_queue_contract/a7ff12_motif_quota_summary.csv,feature_factory,legacy_reference,large feature experiments; requires core extraction review
runtime/a7ff12_numeric_wave_queue_contract/a7ff12_numeric_wave_queue.csv,feature_factory,legacy_reference,large feature experiments; requires core extraction review
runtime/a7ff12_numeric_wave_queue_contract/a7ff12_semantic_quota_summary.csv,feature_factory,legacy_reference,large feature experiments; requires core extraction review
runtime/a7ff12_numeric_wave_queue_contract/a7ff12_transform_summary.csv,feature_factory,legacy_reference,large feature experiments; requires core extraction review
runtime/a7ff13_wave_triage/a7ff13_manifest.json,feature_factory,legacy_reference,large feature experiments; requires core extraction review
runtime/a7ff13_wave_triage/a7ff13_priority_clean_selected_queue.csv,feature_factory,legacy_reference,large feature experiments; requires core extraction review
runtime/a7ff13_wave_triage/a7ff13_raw_clue_label_summary.csv,feature_factory,legacy_reference,large feature experiments; requires core extraction review
runtime/a7ff13_wave_triage/a7ff13_raw_clue_semantic_summary.csv,feature_factory,legacy_reference,large feature experiments; requires core extraction review
runtime/a7ff13_wave_triage/a7ff13_selected_label_summary.csv,feature_factory,legacy_reference,large feature experiments; requires core extraction review
runtime/a7ff13_wave_triage/a7ff13_selected_semantic_summary.csv,feature_factory,legacy_reference,large feature experiments; requires core extraction review
runtime/a7ff14_label_balanced_selector_repair/a7ff14_balanced_candidate_pool.csv,feature_factory,legacy_reference,large feature experiments; requires core extraction review
runtime/a7ff14_label_balanced_selector_repair/a7ff14_candidate_label_summary.csv,feature_factory,legacy_reference,large feature experiments; requires core extraction review
runtime/a7ff14_label_balanced_selector_repair/a7ff14_experiment_record.json,feature_factory,legacy_reference,large feature experiments; requires core extraction review
runtime/a7ff14_label_balanced_selector_repair/a7ff14_label_balanced_selected_queue.csv,feature_factory,legacy_reference,large feature experiments; requires core extraction review
runtime/a7ff14_label_balanced_selector_repair/a7ff14_manifest.json,feature_factory,legacy_reference,large feature experiments; requires core extraction review
runtime/a7ff14_label_balanced_selector_repair/a7ff14_selected_label_summary.csv,feature_factory,legacy_reference,large feature experiments; requires core extraction review
runtime/a7ff14_label_balanced_selector_repair/a7ff14_selected_motif_summary.csv,feature_factory,legacy_reference,large feature experiments; requires core extraction review
runtime/a7ff14_label_balanced_selector_repair/a7ff14_selected_semantic_summary.csv,feature_factory,legacy_reference,large feature experiments; requires core extraction review
runtime/a7ff15_cost_tiered_balanced_followup/a7ff15_candidate_label_cost_tier_summary.csv,feature_factory,legacy_reference,large feature experiments; requires core extraction review
runtime/a7ff15_cost_tiered_balanced_followup/a7ff15_cost_tiered_candidate_pool.csv,feature_factory,legacy_reference,large feature experiments; requires core extraction review
runtime/a7ff15_cost_tiered_balanced_followup/a7ff15_cost_tiered_selected_queue.csv,feature_factory,legacy_reference,large feature experiments; requires core extraction review
runtime/a7ff15_cost_tiered_balanced_followup/a7ff15_experiment_record.json,feature_factory,legacy_reference,large feature experiments; requires core extraction review
runtime/a7ff15_cost_tiered_balanced_followup/a7ff15_manifest.json,feature_factory,legacy_reference,large feature experiments; requires core extraction review
runtime/a7ff15_cost_tiered_balanced_followup/a7ff15_selected_blueprint_summary.csv,feature_factory,legacy_reference,large feature experiments; requires core extraction review
runtime/a7ff15_cost_tiered_balanced_followup/a7ff15_selected_label_cost_tier_summary.csv,feature_factory,legacy_reference,large feature experiments; requires core extraction review
runtime/a7ff15_cost_tiered_balanced_followup/a7ff15_selected_motif_summary.csv,feature_factory,legacy_reference,large feature experiments; requires core extraction review
runtime/a7ff15_cost_tiered_balanced_followup/a7ff15_selected_semantic_summary.csv,feature_factory,legacy_reference,large feature experiments; requires core extraction review
runtime/a7ff16_company_numeric_followup_aggregate/a7ff16_decision_counts_all_shards.csv,feature_factory,legacy_reference,large feature experiments; requires core extraction review
runtime/a7ff16_company_numeric_followup_aggregate/a7ff16_label_response_metrics_all_shards.csv,feature_response,archive_only,response profiling evidence
runtime/a7ff16_company_numeric_followup_aggregate/a7ff16_label_summary.csv,feature_factory,legacy_reference,large feature experiments; requires core extraction review
runtime/a7ff16_company_numeric_followup_aggregate/a7ff16_manifest.json,feature_factory,legacy_reference,large feature experiments; requires core extraction review
runtime/a7ff16_company_numeric_followup_aggregate/a7ff16_non_l7_clue_summary.csv,feature_factory,legacy_reference,large feature experiments; requires core extraction review
runtime/a7ff16_company_numeric_followup_aggregate/a7ff16_selected_portfolio_queue_all_shards.csv,feature_factory,legacy_reference,large feature experiments; requires core extraction review
runtime/a7ff16_company_numeric_followup_aggregate/a7ff16_shard_summary.csv,feature_factory,legacy_reference,large feature experiments; requires core extraction review
runtime/a7ff16_company_numeric_followup_shard_00/a7ff16s00_control_dominance_metrics.csv,feature_factory,legacy_reference,large feature experiments; requires core extraction review
runtime/a7ff16_company_numeric_followup_shard_00/a7ff16s00_control_summary.csv,feature_factory,legacy_reference,large feature experiments; requires core extraction review
runtime/a7ff16_company_numeric_followup_shard_00/a7ff16s00_decision_counts.csv,feature_factory,legacy_reference,large feature experiments; requires core extraction review
runtime/a7ff16_company_numeric_followup_shard_00/a7ff16s00_decision_record.json,feature_factory,legacy_reference,large feature experiments; requires core extraction review
runtime/a7ff16_company_numeric_followup_shard_00/a7ff16s00_family_decision_summary.csv,feature_factory,legacy_reference,large feature experiments; requires core extraction review
runtime/a7ff16_company_numeric_followup_shard_00/a7ff16s00_label_response_metrics.csv,feature_response,archive_only,response profiling evidence
runtime/a7ff16_company_numeric_followup_shard_00/a7ff16s00_manifest.json,feature_factory,legacy_reference,large feature experiments; requires core extraction review
runtime/a7ff16_company_numeric_followup_shard_00/a7ff16s00_materialization_metrics.csv,feature_factory,legacy_reference,large feature experiments; requires core extraction review
runtime/a7ff16_company_numeric_followup_shard_00/a7ff16s00_nonoverlap_stats.csv,feature_factory,legacy_reference,large feature experiments; requires core extraction review
runtime/a7ff16_company_numeric_followup_shard_00/a7ff16s00_portfolio_marginal_proxy.csv,feature_factory,legacy_reference,large feature experiments; requires core extraction review
runtime/a7ff16_company_numeric_followup_shard_00/a7ff16s00_selected_portfolio_queue.csv,feature_factory,legacy_reference,large feature experiments; requires core extraction review
runtime/a7ff16_company_numeric_followup_shard_01/a7ff16s01_control_dominance_metrics.csv,feature_factory,legacy_reference,large feature experiments; requires core extraction review
runtime/a7ff16_company_numeric_followup_shard_01/a7ff16s01_control_summary.csv,feature_factory,legacy_reference,large feature experiments; requires core extraction review
runtime/a7ff16_company_numeric_followup_shard_01/a7ff16s01_decision_counts.csv,feature_factory,legacy_reference,large feature experiments; requires core extraction review
runtime/a7ff16_company_numeric_followup_shard_01/a7ff16s01_decision_record.json,feature_factory,legacy_reference,large feature experiments; requires core extraction review
runtime/a7ff16_company_numeric_followup_shard_01/a7ff16s01_family_decision_summary.csv,feature_factory,legacy_reference,large feature experiments; requires core extraction review
runtime/a7ff16_company_numeric_followup_shard_01/a7ff16s01_label_response_metrics.csv,feature_response,archive_only,response profiling evidence
runtime/a7ff16_company_numeric_followup_shard_01/a7ff16s01_manifest.json,feature_factory,legacy_reference,large feature experiments; requires core extraction review
runtime/a7ff16_company_numeric_followup_shard_01/a7ff16s01_materialization_metrics.csv,feature_factory,legacy_reference,large feature experiments; requires core extraction review
runtime/a7ff16_company_numeric_followup_shard_01/a7ff16s01_nonoverlap_stats.csv,feature_factory,legacy_reference,large feature experiments; requires core extraction review
runtime/a7ff16_company_numeric_followup_shard_01/a7ff16s01_portfolio_marginal_proxy.csv,feature_factory,legacy_reference,large feature experiments; requires core extraction review
runtime/a7ff16_company_numeric_followup_shard_01/a7ff16s01_selected_portfolio_queue.csv,feature_factory,legacy_reference,large feature experiments; requires core extraction review
runtime/a7ff16_company_parallel/a7ff16_company_launch_manifest.csv,feature_factory,legacy_reference,large feature experiments; requires core extraction review
runtime/a7ff16_company_parallel/run_a7ff16s00.ps1,feature_factory,legacy_reference,large feature experiments; requires core extraction review
runtime/a7ff16_company_parallel/run_a7ff16s01.ps1,feature_factory,legacy_reference,large feature experiments; requires core extraction review
runtime/a7ff16_cost_tiered_numeric_followup_contract/a7ff16_company_runner_config.json,feature_factory,legacy_reference,large feature experiments; requires core extraction review
runtime/a7ff16_cost_tiered_numeric_followup_contract/a7ff16_execution_motif_summary.csv,feature_factory,legacy_reference,large feature experiments; requires core extraction review
runtime/a7ff16_cost_tiered_numeric_followup_contract/a7ff16_execution_queue.csv,feature_factory,legacy_reference,large feature experiments; requires core extraction review
runtime/a7ff16_cost_tiered_numeric_followup_contract/a7ff16_execution_semantic_summary.csv,feature_factory,legacy_reference,large feature experiments; requires core extraction review
runtime/a7ff16_cost_tiered_numeric_followup_contract/a7ff16_label_target_summary.csv,feature_factory,legacy_reference,large feature experiments; requires core extraction review
runtime/a7ff16_cost_tiered_numeric_followup_contract/a7ff16_manifest.json,feature_factory,legacy_reference,large feature experiments; requires core extraction review
runtime/a7ff17_followup_selector_triage/a7ff17_internal_selected_label_distribution.csv,feature_factory,legacy_reference,large feature experiments; requires core extraction review
runtime/a7ff17_followup_selector_triage/a7ff17_internal_selected_non_l7_label_distribution.csv,feature_factory,legacy_reference,large feature experiments; requires core extraction review
runtime/a7ff17_followup_selector_triage/a7ff17_internal_selected_semantic_distribution.csv,feature_factory,legacy_reference,large feature experiments; requires core extraction review
runtime/a7ff17_followup_selector_triage/a7ff17_manifest.json,feature_factory,legacy_reference,large feature experiments; requires core extraction review
runtime/a7ff17_followup_selector_triage/a7ff17_raw_clue_label_distribution.csv,feature_factory,legacy_reference,large feature experiments; requires core extraction review
runtime/a7ff17_followup_selector_triage/a7ff17_raw_clue_semantic_distribution.csv,feature_factory,legacy_reference,large feature experiments; requires core extraction review
runtime/a7ff18_external_label_balanced_selector/a7ff18_candidate_label_cost_tier_summary.csv,feature_factory,legacy_reference,large feature experiments; requires core extraction review
runtime/a7ff18_external_label_balanced_selector/a7ff18_external_candidate_pool.csv,feature_factory,legacy_reference,large feature experiments; requires core extraction review
runtime/a7ff18_external_label_balanced_selector/a7ff18_external_label_balanced_selected_queue.csv,feature_factory,legacy_reference,large feature experiments; requires core extraction review
runtime/a7ff18_external_label_balanced_selector/a7ff18_manifest.json,feature_factory,legacy_reference,large feature experiments; requires core extraction review
runtime/a7ff18_external_label_balanced_selector/a7ff18_selected_label_cost_tier_summary.csv,feature_factory,legacy_reference,large feature experiments; requires core extraction review
runtime/a7ff18_external_label_balanced_selector/a7ff18_selected_motif_summary.csv,feature_factory,legacy_reference,large feature experiments; requires core extraction review
runtime/a7ff18_external_label_balanced_selector/a7ff18_selected_semantic_summary.csv,feature_factory,legacy_reference,large feature experiments; requires core extraction review
runtime/a7ff19_company_numeric_confirmation_aggregate/a7ff19_decision_counts_all_shards.csv,feature_factory,legacy_reference,large feature experiments; requires core extraction review
runtime/a7ff19_company_numeric_confirmation_aggregate/a7ff19_label_response_metrics_all_shards.csv,feature_response,archive_only,response profiling evidence
runtime/a7ff19_company_numeric_confirmation_aggregate/a7ff19_label_summary.csv,feature_factory,legacy_reference,large feature experiments; requires core extraction review
runtime/a7ff19_company_numeric_confirmation_aggregate/a7ff19_manifest.json,feature_factory,legacy_reference,large feature experiments; requires core extraction review
runtime/a7ff19_company_numeric_confirmation_aggregate/a7ff19_non_l7_clue_summary.csv,feature_factory,legacy_reference,large feature experiments; requires core extraction review
runtime/a7ff19_company_numeric_confirmation_aggregate/a7ff19_selected_portfolio_queue_all_shards.csv,feature_factory,legacy_reference,large feature experiments; requires core extraction review
runtime/a7ff19_company_numeric_confirmation_aggregate/a7ff19_shard_summary.csv,feature_factory,legacy_reference,large feature experiments; requires core extraction review
runtime/a7ff19_company_numeric_confirmation_shard_00/a7ff19s00_control_dominance_metrics.csv,feature_factory,legacy_reference,large feature experiments; requires core extraction review
runtime/a7ff19_company_numeric_confirmation_shard_00/a7ff19s00_control_summary.csv,feature_factory,legacy_reference,large feature experiments; requires core extraction review
runtime/a7ff19_company_numeric_confirmation_shard_00/a7ff19s00_decision_counts.csv,feature_factory,legacy_reference,large feature experiments; requires core extraction review
runtime/a7ff19_company_numeric_confirmation_shard_00/a7ff19s00_decision_record.json,feature_factory,legacy_reference,large feature experiments; requires core extraction review
runtime/a7ff19_company_numeric_confirmation_shard_00/a7ff19s00_family_decision_summary.csv,feature_factory,legacy_reference,large feature experiments; requires core extraction review
runtime/a7ff19_company_numeric_confirmation_shard_00/a7ff19s00_label_response_metrics.csv,feature_response,archive_only,response profiling evidence
runtime/a7ff19_company_numeric_confirmation_shard_00/a7ff19s00_manifest.json,feature_factory,legacy_reference,large feature experiments; requires core extraction review
runtime/a7ff19_company_numeric_confirmation_shard_00/a7ff19s00_materialization_metrics.csv,feature_factory,legacy_reference,large feature experiments; requires core extraction review
runtime/a7ff19_company_numeric_confirmation_shard_00/a7ff19s00_nonoverlap_stats.csv,feature_factory,legacy_reference,large feature experiments; requires core extraction review
runtime/a7ff19_company_numeric_confirmation_shard_00/a7ff19s00_portfolio_marginal_proxy.csv,feature_factory,legacy_reference,large feature experiments; requires core extraction review
runtime/a7ff19_company_numeric_confirmation_shard_00/a7ff19s00_selected_portfolio_queue.csv,feature_factory,legacy_reference,large feature experiments; requires core extraction review
runtime/a7ff19_company_numeric_confirmation_shard_01/a7ff19s01_control_dominance_metrics.csv,feature_factory,legacy_reference,large feature experiments; requires core extraction review
runtime/a7ff19_company_numeric_confirmation_shard_01/a7ff19s01_control_summary.csv,feature_factory,legacy_reference,large feature experiments; requires core extraction review
runtime/a7ff19_company_numeric_confirmation_shard_01/a7ff19s01_decision_counts.csv,feature_factory,legacy_reference,large feature experiments; requires core extraction review
runtime/a7ff19_company_numeric_confirmation_shard_01/a7ff19s01_decision_record.json,feature_factory,legacy_reference,large feature experiments; requires core extraction review
runtime/a7ff19_company_numeric_confirmation_shard_01/a7ff19s01_family_decision_summary.csv,feature_factory,legacy_reference,large feature experiments; requires core extraction review
runtime/a7ff19_company_numeric_confirmation_shard_01/a7ff19s01_label_response_metrics.csv,feature_response,archive_only,response profiling evidence
runtime/a7ff19_company_numeric_confirmation_shard_01/a7ff19s01_manifest.json,feature_factory,legacy_reference,large feature experiments; requires core extraction review
runtime/a7ff19_company_numeric_confirmation_shard_01/a7ff19s01_materialization_metrics.csv,feature_factory,legacy_reference,large feature experiments; requires core extraction review
runtime/a7ff19_company_numeric_confirmation_shard_01/a7ff19s01_nonoverlap_stats.csv,feature_factory,legacy_reference,large feature experiments; requires core extraction review
runtime/a7ff19_company_numeric_confirmation_shard_01/a7ff19s01_portfolio_marginal_proxy.csv,feature_factory,legacy_reference,large feature experiments; requires core extraction review
runtime/a7ff19_company_numeric_confirmation_shard_01/a7ff19s01_selected_portfolio_queue.csv,feature_factory,legacy_reference,large feature experiments; requires core extraction review
runtime/a7ff19_company_parallel/a7ff19_company_launch_manifest.csv,feature_factory,legacy_reference,large feature experiments; requires core extraction review
runtime/a7ff19_company_parallel/run_a7ff19s00.ps1,feature_factory,legacy_reference,large feature experiments; requires core extraction review
runtime/a7ff19_company_parallel/run_a7ff19s01.ps1,feature_factory,legacy_reference,large feature experiments; requires core extraction review
runtime/a7ff19_external_selector_confirmation_contract/a7ff19_company_runner_config.json,feature_factory,legacy_reference,large feature experiments; requires core extraction review
runtime/a7ff19_external_selector_confirmation_contract/a7ff19_execution_motif_summary.csv,feature_factory,legacy_reference,large feature experiments; requires core extraction review
runtime/a7ff19_external_selector_confirmation_contract/a7ff19_execution_queue.csv,feature_factory,legacy_reference,large feature experiments; requires core extraction review
runtime/a7ff19_external_selector_confirmation_contract/a7ff19_execution_semantic_summary.csv,feature_factory,legacy_reference,large feature experiments; requires core extraction review
runtime/a7ff19_external_selector_confirmation_contract/a7ff19_label_target_summary.csv,feature_factory,legacy_reference,large feature experiments; requires core extraction review
runtime/a7ff19_external_selector_confirmation_contract/a7ff19_manifest.json,feature_factory,legacy_reference,large feature experiments; requires core extraction review
runtime/a7ff1_operator_probing/a7ff1_manifest.json,feature_factory,legacy_reference,large feature experiments; requires core extraction review
runtime/a7ff1_operator_probing/a7ff1_operator_policy.csv,feature_factory,legacy_reference,large feature experiments; requires core extraction review
runtime/a7ff1_operator_probing/a7ff1_operator_probe_score.csv,feature_factory,legacy_reference,large feature experiments; requires core extraction review
runtime/a7ff1_operator_probing/a7ff1_operator_reliability_summary.csv,feature_factory,legacy_reference,large feature experiments; requires core extraction review
runtime/a7ff20_confirmation_selector_triage/a7ff20_internal_selected_label_distribution.csv,feature_factory,legacy_reference,large feature experiments; requires core extraction review
runtime/a7ff20_confirmation_selector_triage/a7ff20_internal_selected_non_l7_label_distribution.csv,feature_factory,legacy_reference,large feature experiments; requires core extraction review
runtime/a7ff20_confirmation_selector_triage/a7ff20_internal_selected_semantic_distribution.csv,feature_factory,legacy_reference,large feature experiments; requires core extraction review
runtime/a7ff20_confirmation_selector_triage/a7ff20_manifest.json,feature_factory,legacy_reference,large feature experiments; requires core extraction review
runtime/a7ff20_confirmation_selector_triage/a7ff20_raw_clue_label_distribution.csv,feature_factory,legacy_reference,large feature experiments; requires core extraction review
runtime/a7ff20_confirmation_selector_triage/a7ff20_raw_clue_semantic_distribution.csv,feature_factory,legacy_reference,large feature experiments; requires core extraction review
runtime/a7ff21_external_confirmation_selector/a7ff21_candidate_label_cost_tier_summary.csv,feature_factory,legacy_reference,large feature experiments; requires core extraction review
runtime/a7ff21_external_confirmation_selector/a7ff21_external_candidate_pool.csv,feature_factory,legacy_reference,large feature experiments; requires core extraction review
runtime/a7ff21_external_confirmation_selector/a7ff21_external_confirmation_selected_queue.csv,feature_factory,legacy_reference,large feature experiments; requires core extraction review
runtime/a7ff21_external_confirmation_selector/a7ff21_manifest.json,feature_factory,legacy_reference,large feature experiments; requires core extraction review
runtime/a7ff21_external_confirmation_selector/a7ff21_selected_label_cost_tier_summary.csv,feature_factory,legacy_reference,large feature experiments; requires core extraction review
runtime/a7ff21_external_confirmation_selector/a7ff21_selected_motif_summary.csv,feature_factory,legacy_reference,large feature experiments; requires core extraction review
runtime/a7ff21_external_confirmation_selector/a7ff21_selected_semantic_summary.csv,feature_factory,legacy_reference,large feature experiments; requires core extraction review
runtime/a7ff22_label_balanced_expansion_contract/a7ff22_allowed_families.json,feature_factory,legacy_reference,large feature experiments; requires core extraction review
runtime/a7ff22_label_balanced_expansion_contract/a7ff22_forbidden_policy.json,feature_factory,legacy_reference,large feature experiments; requires core extraction review
runtime/a7ff22_label_balanced_expansion_contract/a7ff22_label_policy.csv,feature_factory,legacy_reference,large feature experiments; requires core extraction review
runtime/a7ff22_label_balanced_expansion_contract/a7ff22_manifest.json,feature_factory,legacy_reference,large feature experiments; requires core extraction review
runtime/a7ff22_label_balanced_expansion_contract/a7ff22_motif_policy.csv,feature_factory,legacy_reference,large feature experiments; requires core extraction review
runtime/a7ff22_label_balanced_expansion_contract/a7ff22_selector_policy.json,feature_factory,legacy_reference,large feature experiments; requires core extraction review
runtime/a7ff22_label_balanced_expansion_contract/a7ff22_semantic_policy.csv,feature_factory,legacy_reference,large feature experiments; requires core extraction review
runtime/a7ff23r_derived_factor_expansion_contract/a7ff23r_blocked_policy.json,feature_factory,legacy_reference,large feature experiments; requires core extraction review
runtime/a7ff23r_derived_factor_expansion_contract/a7ff23r_generation_budget.json,feature_factory,legacy_reference,large feature experiments; requires core extraction review
runtime/a7ff23r_derived_factor_expansion_contract/a7ff23r_generation_level_budget.csv,feature_factory,legacy_reference,large feature experiments; requires core extraction review
runtime/a7ff23r_derived_factor_expansion_contract/a7ff23r_manifest.json,feature_factory,legacy_reference,large feature experiments; requires core extraction review
runtime/a7ff23r_derived_factor_expansion_contract/a7ff23r_operator_policy.csv,feature_factory,legacy_reference,large feature experiments; requires core extraction review
runtime/a7ff23r_derived_factor_expansion_contract/a7ff23r_pair_family_summary.csv,feature_factory,legacy_reference,large feature experiments; requires core extraction review
runtime/a7ff23r_derived_factor_expansion_contract/a7ff23r_pair_policy.csv,feature_factory,legacy_reference,large feature experiments; requires core extraction review
runtime/a7ff23r_derived_factor_expansion_contract/a7ff23r_reproducibility_record.json,feature_factory,legacy_reference,large feature experiments; requires core extraction review
runtime/a7ff23r_derived_factor_expansion_contract/a7ff23r_seed_family_summary.csv,feature_factory,legacy_reference,large feature experiments; requires core extraction review
runtime/a7ff23r_derived_factor_expansion_contract/a7ff23r_seed_policy.csv,feature_factory,legacy_reference,large feature experiments; requires core extraction review
runtime/a7ff23r_derived_factor_expansion_contract/a7ff23r_selector_policy.json,feature_factory,legacy_reference,large feature experiments; requires core extraction review
runtime/a7ff24r2_repaired_company_queue/a7ff24r2_company_numeric_wave_queue.csv,feature_factory,legacy_reference,large feature experiments; requires core extraction review
runtime/a7ff24r2_repaired_company_queue/a7ff24r2_company_shard_plan.csv,feature_factory,legacy_reference,large feature experiments; requires core extraction review
runtime/a7ff24r2_repaired_company_queue/a7ff24r2_decision_record.json,feature_factory,legacy_reference,large feature experiments; requires core extraction review
runtime/a7ff24r2_repaired_company_queue/a7ff24r2_dense_field_usage.csv,field_contracts,archive_only,prior governance evidence; not all scripts are runtime core
runtime/a7ff24r2_repaired_company_queue/a7ff24r2_manifest.json,feature_factory,legacy_reference,large feature experiments; requires core extraction review
runtime/a7ff24r2_repaired_company_queue/a7ff24r2_repair_policy.csv,feature_factory,legacy_reference,large feature experiments; requires core extraction review
runtime/a7ff24r2_repaired_company_queue/a7ff24r2_repaired_tail_summary.csv,feature_factory,legacy_reference,large feature experiments; requires core extraction review
runtime/a7ff24r2_repaired_company_queue/a7ff24r2_shard_00_queue.csv,feature_factory,legacy_reference,large feature experiments; requires core extraction review
runtime/a7ff24r2_repaired_company_queue/a7ff24r2_shard_01_queue.csv,feature_factory,legacy_reference,large feature experiments; requires core extraction review
runtime/a7ff24r2_repaired_company_queue/a7ff24r2_shard_02_queue.csv,feature_factory,legacy_reference,large feature experiments; requires core extraction review
runtime/a7ff24r2_repaired_company_queue/a7ff24r2_shard_03_queue.csv,feature_factory,legacy_reference,large feature experiments; requires core extraction review
runtime/a7ff24r2_repaired_company_queue/a7ff24r2_shard_04_queue.csv,feature_factory,legacy_reference,large feature experiments; requires core extraction review
runtime/a7ff24r2_repaired_company_queue/a7ff24r2_shard_05_queue.csv,feature_factory,legacy_reference,large feature experiments; requires core extraction review
runtime/a7ff24r2_repaired_company_queue/a7ff24r2_shard_06_queue.csv,feature_factory,legacy_reference,large feature experiments; requires core extraction review
runtime/a7ff24r2_repaired_company_queue/a7ff24r2_shard_07_queue.csv,feature_factory,legacy_reference,large feature experiments; requires core extraction review
runtime/a7ff24r2_repaired_company_queue/a7ff24r2_shard_08_queue.csv,feature_factory,legacy_reference,large feature experiments; requires core extraction review
runtime/a7ff24r2_repaired_company_queue/a7ff24r2_shard_09_queue.csv,feature_factory,legacy_reference,large feature experiments; requires core extraction review
runtime/a7ff24r2_repaired_company_queue/a7ff24r2_shard_10_queue.csv,feature_factory,legacy_reference,large feature experiments; requires core extraction review
runtime/a7ff24r2_repaired_company_queue/a7ff24r2_shard_11_queue.csv,feature_factory,legacy_reference,large feature experiments; requires core extraction review
runtime/a7ff24r3_dense_materializer_preflight/a7ff24r3_control_dominance_metrics.csv,feature_factory,legacy_reference,large feature experiments; requires core extraction review
runtime/a7ff24r3_dense_materializer_preflight/a7ff24r3_control_summary.csv,feature_factory,legacy_reference,large feature experiments; requires core extraction review
runtime/a7ff24r3_dense_materializer_preflight/a7ff24r3_decision_counts.csv,feature_factory,legacy_reference,large feature experiments; requires core extraction review
runtime/a7ff24r3_dense_materializer_preflight/a7ff24r3_decision_record.json,feature_factory,legacy_reference,large feature experiments; requires core extraction review
runtime/a7ff24r3_dense_materializer_preflight/a7ff24r3_dense_materializer_parity_summary.csv,feature_factory,legacy_reference,large feature experiments; requires core extraction review
runtime/a7ff24r3_dense_materializer_preflight/a7ff24r3_dense_tail_materialization_metrics.csv,feature_factory,legacy_reference,large feature experiments; requires core extraction review
runtime/a7ff24r3_dense_materializer_preflight/a7ff24r3_dense_tail_sample_queue.csv,feature_factory,legacy_reference,large feature experiments; requires core extraction review
runtime/a7ff24r3_dense_materializer_preflight/a7ff24r3_family_decision_summary.csv,feature_factory,legacy_reference,large feature experiments; requires core extraction review
runtime/a7ff24r3_dense_materializer_preflight/a7ff24r3_label_response_metrics.csv,feature_response,archive_only,response profiling evidence
runtime/a7ff24r3_dense_materializer_preflight/a7ff24r3_manifest.json,feature_factory,legacy_reference,large feature experiments; requires core extraction review
runtime/a7ff24r3_dense_materializer_preflight/a7ff24r3_materialization_metrics.csv,feature_factory,legacy_reference,large feature experiments; requires core extraction review
runtime/a7ff24r3_dense_materializer_preflight/a7ff24r3_nonoverlap_stats.csv,feature_factory,legacy_reference,large feature experiments; requires core extraction review
runtime/a7ff24r3_dense_materializer_preflight/a7ff24r3_portfolio_marginal_proxy.csv,feature_factory,legacy_reference,large feature experiments; requires core extraction review
runtime/a7ff24r3_dense_materializer_preflight/a7ff24r3_repaired_queue_shard_audit.csv,feature_factory,legacy_reference,large feature experiments; requires core extraction review
runtime/a7ff24r3_dense_materializer_preflight/a7ff24r3_repaired_queue_summary.csv,feature_factory,legacy_reference,large feature experiments; requires core extraction review
runtime/a7ff24r3_dense_materializer_preflight/a7ff24r3_selected_portfolio_queue.csv,feature_factory,legacy_reference,large feature experiments; requires core extraction review
runtime/a7ff24r4_repaired_numeric_wave_contract/a7ff24r4_manifest.json,feature_factory,legacy_reference,large feature experiments; requires core extraction review
runtime/a7ff24r_dry_generation_plan/a7ff24r_blueprint_pool.csv,feature_factory,legacy_reference,large feature experiments; requires core extraction review
runtime/a7ff24r_dry_generation_plan/a7ff24r_company_numeric_wave_queue.csv,feature_factory,legacy_reference,large feature experiments; requires core extraction review
runtime/a7ff24r_dry_generation_plan/a7ff24r_company_remote_plan.json,feature_factory,legacy_reference,large feature experiments; requires core extraction review
runtime/a7ff24r_dry_generation_plan/a7ff24r_company_shard_00_queue.csv,feature_factory,legacy_reference,large feature experiments; requires core extraction review
runtime/a7ff24r_dry_generation_plan/a7ff24r_company_shard_01_queue.csv,feature_factory,legacy_reference,large feature experiments; requires core extraction review
runtime/a7ff24r_dry_generation_plan/a7ff24r_company_shard_02_queue.csv,feature_factory,legacy_reference,large feature experiments; requires core extraction review
runtime/a7ff24r_dry_generation_plan/a7ff24r_company_shard_03_queue.csv,feature_factory,legacy_reference,large feature experiments; requires core extraction review
runtime/a7ff24r_dry_generation_plan/a7ff24r_company_shard_04_queue.csv,feature_factory,legacy_reference,large feature experiments; requires core extraction review
runtime/a7ff24r_dry_generation_plan/a7ff24r_company_shard_05_queue.csv,feature_factory,legacy_reference,large feature experiments; requires core extraction review
runtime/a7ff24r_dry_generation_plan/a7ff24r_company_shard_06_queue.csv,feature_factory,legacy_reference,large feature experiments; requires core extraction review
runtime/a7ff24r_dry_generation_plan/a7ff24r_company_shard_07_queue.csv,feature_factory,legacy_reference,large feature experiments; requires core extraction review
runtime/a7ff24r_dry_generation_plan/a7ff24r_company_shard_08_queue.csv,feature_factory,legacy_reference,large feature experiments; requires core extraction review
runtime/a7ff24r_dry_generation_plan/a7ff24r_company_shard_09_queue.csv,feature_factory,legacy_reference,large feature experiments; requires core extraction review
runtime/a7ff24r_dry_generation_plan/a7ff24r_company_shard_10_queue.csv,feature_factory,legacy_reference,large feature experiments; requires core extraction review
runtime/a7ff24r_dry_generation_plan/a7ff24r_company_shard_11_queue.csv,feature_factory,legacy_reference,large feature experiments; requires core extraction review
runtime/a7ff24r_dry_generation_plan/a7ff24r_company_shard_plan.csv,feature_factory,legacy_reference,large feature experiments; requires core extraction review
runtime/a7ff24r_dry_generation_plan/a7ff24r_level_summary.csv,feature_factory,legacy_reference,large feature experiments; requires core extraction review
runtime/a7ff24r_dry_generation_plan/a7ff24r_manifest.json,feature_factory,legacy_reference,large feature experiments; requires core extraction review
runtime/a7ff24r_dry_generation_plan/a7ff24r_materialization_queue.csv,feature_factory,legacy_reference,large feature experiments; requires core extraction review
runtime/a7ff24r_dry_generation_plan/a7ff24r_materialization_queue_summary.csv,feature_factory,legacy_reference,large feature experiments; requires core extraction review
runtime/a7ff24r_dry_generation_plan/a7ff24r_semantic_summary.csv,feature_factory,legacy_reference,large feature experiments; requires core extraction review
runtime/a7ff25r0_company_queue_coverage/a7ff25r0_company_queue_coverage_by_base_field.csv,field_contracts,archive_only,prior governance evidence; not all scripts are runtime core
runtime/a7ff25r0_company_queue_coverage/a7ff25r0_company_queue_coverage_by_level.csv,feature_factory,legacy_reference,large feature experiments; requires core extraction review
runtime/a7ff25r0_company_queue_coverage/a7ff25r0_company_queue_coverage_by_motif.csv,feature_factory,legacy_reference,large feature experiments; requires core extraction review
runtime/a7ff25r0_company_queue_coverage/a7ff25r0_company_queue_coverage_by_semantic_pair.csv,feature_factory,legacy_reference,large feature experiments; requires core extraction review
runtime/a7ff25r0_company_queue_coverage/a7ff25r0_company_shard_plan_copy.csv,feature_factory,legacy_reference,large feature experiments; requires core extraction review
runtime/a7ff25r0_company_queue_coverage/a7ff25r0_experiment_record.json,feature_factory,legacy_reference,large feature experiments; requires core extraction review
runtime/a7ff25r0_company_queue_coverage/a7ff25r0_manifest.json,feature_factory,legacy_reference,large feature experiments; requires core extraction review
runtime/a7ff25r0_company_queue_coverage/a7ff25r0_materialization_dropoff_audit.csv,feature_factory,legacy_reference,large feature experiments; requires core extraction review
runtime/a7ff25r0_company_queue_coverage/a7ff25r0_unrepresented_large_families.csv,feature_factory,legacy_reference,large feature experiments; requires core extraction review
runtime/a7ff25r1_numeric_adapter_parity_smoke/a7ff25r1_adapter_parity_summary.csv,feature_factory,legacy_reference,large feature experiments; requires core extraction review
runtime/a7ff25r1_numeric_adapter_parity_smoke/a7ff25r1_control_dominance_metrics.csv,feature_factory,legacy_reference,large feature experiments; requires core extraction review
runtime/a7ff25r1_numeric_adapter_parity_smoke/a7ff25r1_control_summary.csv,feature_factory,legacy_reference,large feature experiments; requires core extraction review
runtime/a7ff25r1_numeric_adapter_parity_smoke/a7ff25r1_decision_counts.csv,feature_factory,legacy_reference,large feature experiments; requires core extraction review
runtime/a7ff25r1_numeric_adapter_parity_smoke/a7ff25r1_decision_record.json,feature_factory,legacy_reference,large feature experiments; requires core extraction review
runtime/a7ff25r1_numeric_adapter_parity_smoke/a7ff25r1_family_decision_summary.csv,feature_factory,legacy_reference,large feature experiments; requires core extraction review
runtime/a7ff25r1_numeric_adapter_parity_smoke/a7ff25r1_label_response_metrics.csv,feature_response,archive_only,response profiling evidence
runtime/a7ff25r1_numeric_adapter_parity_smoke/a7ff25r1_manifest.json,feature_factory,legacy_reference,large feature experiments; requires core extraction review
runtime/a7ff25r1_numeric_adapter_parity_smoke/a7ff25r1_materialization_metrics.csv,feature_factory,legacy_reference,large feature experiments; requires core extraction review
runtime/a7ff25r1_numeric_adapter_parity_smoke/a7ff25r1_nonoverlap_stats.csv,feature_factory,legacy_reference,large feature experiments; requires core extraction review
runtime/a7ff25r1_numeric_adapter_parity_smoke/a7ff25r1_portfolio_marginal_proxy.csv,feature_factory,legacy_reference,large feature experiments; requires core extraction review
runtime/a7ff25r1_numeric_adapter_parity_smoke/a7ff25r1_sample_queue.csv,feature_factory,legacy_reference,large feature experiments; requires core extraction review
runtime/a7ff25r1_numeric_adapter_parity_smoke/a7ff25r1_selected_portfolio_queue.csv,feature_factory,legacy_reference,large feature experiments; requires core extraction review
runtime/a7ff25r1_numeric_adapter_parity_smoke/a7ff25r1_wrapper_manifest.json,feature_factory,legacy_reference,large feature experiments; requires core extraction review
runtime/a7ff25r2_one_shard_numeric_wave/a7ff25r2_control_dominance_metrics.csv,feature_factory,legacy_reference,large feature experiments; requires core extraction review
runtime/a7ff25r2_one_shard_numeric_wave/a7ff25r2_control_summary.csv,feature_factory,legacy_reference,large feature experiments; requires core extraction review
runtime/a7ff25r2_one_shard_numeric_wave/a7ff25r2_decision_counts.csv,feature_factory,legacy_reference,large feature experiments; requires core extraction review
runtime/a7ff25r2_one_shard_numeric_wave/a7ff25r2_decision_record.json,feature_factory,legacy_reference,large feature experiments; requires core extraction review
runtime/a7ff25r2_one_shard_numeric_wave/a7ff25r2_family_decision_summary.csv,feature_factory,legacy_reference,large feature experiments; requires core extraction review
runtime/a7ff25r2_one_shard_numeric_wave/a7ff25r2_label_response_metrics.csv,feature_response,archive_only,response profiling evidence
runtime/a7ff25r2_one_shard_numeric_wave/a7ff25r2_manifest.json,feature_factory,legacy_reference,large feature experiments; requires core extraction review
runtime/a7ff25r2_one_shard_numeric_wave/a7ff25r2_materialization_metrics.csv,feature_factory,legacy_reference,large feature experiments; requires core extraction review
runtime/a7ff25r2_one_shard_numeric_wave/a7ff25r2_missing_field_audit.csv,field_contracts,archive_only,prior governance evidence; not all scripts are runtime core
runtime/a7ff25r2_one_shard_numeric_wave/a7ff25r2_missing_field_manifest.json,field_contracts,archive_only,prior governance evidence; not all scripts are runtime core
runtime/a7ff25r2_one_shard_numeric_wave/a7ff25r2_nonoverlap_stats.csv,feature_factory,legacy_reference,large feature experiments; requires core extraction review
runtime/a7ff25r2_one_shard_numeric_wave/a7ff25r2_portfolio_marginal_proxy.csv,feature_factory,legacy_reference,large feature experiments; requires core extraction review
runtime/a7ff25r2_one_shard_numeric_wave/a7ff25r2_remote_process.json,feature_factory,legacy_reference,large feature experiments; requires core extraction review
runtime/a7ff25r2_one_shard_numeric_wave/a7ff25r2_required_field_schema_audit.csv,field_contracts,archive_only,prior governance evidence; not all scripts are runtime core
runtime/a7ff25r2_one_shard_numeric_wave/a7ff25r2_selected_portfolio_queue.csv,feature_factory,legacy_reference,large feature experiments; requires core extraction review
runtime/a7ff25r3_full_numeric_wave/a7ff25r3_control_summary_merged.csv,feature_factory,legacy_reference,large feature experiments; requires core extraction review
runtime/a7ff25r3_full_numeric_wave/a7ff25r3_decision_counts_merged.csv,feature_factory,legacy_reference,large feature experiments; requires core extraction review
runtime/a7ff25r3_full_numeric_wave/a7ff25r3_decision_record.json,feature_factory,legacy_reference,large feature experiments; requires core extraction review
runtime/a7ff25r3_full_numeric_wave/a7ff25r3_family_decision_summary_merged.csv,feature_factory,legacy_reference,large feature experiments; requires core extraction review
runtime/a7ff25r3_full_numeric_wave/a7ff25r3_manifest.json,feature_factory,legacy_reference,large feature experiments; requires core extraction review
runtime/a7ff25r3_full_numeric_wave/a7ff25r3_materialization_dropoff_audit.csv,feature_factory,legacy_reference,large feature experiments; requires core extraction review
runtime/a7ff25r3_full_numeric_wave/a7ff25r3_selected_family_summary.csv,feature_factory,legacy_reference,large feature experiments; requires core extraction review
runtime/a7ff25r3_full_numeric_wave/a7ff25r3_selected_portfolio_queue_merged.csv,feature_factory,legacy_reference,large feature experiments; requires core extraction review
runtime/a7ff25r3_full_numeric_wave/a7ff25r3_shard_summary.csv,feature_factory,legacy_reference,large feature experiments; requires core extraction review
runtime/a7ff25r3_full_numeric_wave/shard_00/a7ff25r3s00_control_dominance_metrics.csv,feature_factory,legacy_reference,large feature experiments; requires core extraction review
runtime/a7ff25r3_full_numeric_wave/shard_00/a7ff25r3s00_control_summary.csv,feature_factory,legacy_reference,large feature experiments; requires core extraction review
runtime/a7ff25r3_full_numeric_wave/shard_00/a7ff25r3s00_decision_counts.csv,feature_factory,legacy_reference,large feature experiments; requires core extraction review
runtime/a7ff25r3_full_numeric_wave/shard_00/a7ff25r3s00_decision_record.json,feature_factory,legacy_reference,large feature experiments; requires core extraction review
runtime/a7ff25r3_full_numeric_wave/shard_00/a7ff25r3s00_family_decision_summary.csv,feature_factory,legacy_reference,large feature experiments; requires core extraction review
runtime/a7ff25r3_full_numeric_wave/shard_00/a7ff25r3s00_label_response_metrics.csv,feature_response,archive_only,response profiling evidence
runtime/a7ff25r3_full_numeric_wave/shard_00/a7ff25r3s00_manifest.json,feature_factory,legacy_reference,large feature experiments; requires core extraction review
runtime/a7ff25r3_full_numeric_wave/shard_00/a7ff25r3s00_materialization_metrics.csv,feature_factory,legacy_reference,large feature experiments; requires core extraction review
runtime/a7ff25r3_full_numeric_wave/shard_00/a7ff25r3s00_nonoverlap_stats.csv,feature_factory,legacy_reference,large feature experiments; requires core extraction review
runtime/a7ff25r3_full_numeric_wave/shard_00/a7ff25r3s00_portfolio_marginal_proxy.csv,feature_factory,legacy_reference,large feature experiments; requires core extraction review
runtime/a7ff25r3_full_numeric_wave/shard_00/a7ff25r3s00_selected_portfolio_queue.csv,feature_factory,legacy_reference,large feature experiments; requires core extraction review
runtime/a7ff25r3_full_numeric_wave/shard_01/a7ff25r3s01_control_dominance_metrics.csv,feature_factory,legacy_reference,large feature experiments; requires core extraction review
runtime/a7ff25r3_full_numeric_wave/shard_01/a7ff25r3s01_control_summary.csv,feature_factory,legacy_reference,large feature experiments; requires core extraction review
runtime/a7ff25r3_full_numeric_wave/shard_01/a7ff25r3s01_decision_counts.csv,feature_factory,legacy_reference,large feature experiments; requires core extraction review
runtime/a7ff25r3_full_numeric_wave/shard_01/a7ff25r3s01_decision_record.json,feature_factory,legacy_reference,large feature experiments; requires core extraction review
runtime/a7ff25r3_full_numeric_wave/shard_01/a7ff25r3s01_family_decision_summary.csv,feature_factory,legacy_reference,large feature experiments; requires core extraction review
runtime/a7ff25r3_full_numeric_wave/shard_01/a7ff25r3s01_label_response_metrics.csv,feature_response,archive_only,response profiling evidence
runtime/a7ff25r3_full_numeric_wave/shard_01/a7ff25r3s01_manifest.json,feature_factory,legacy_reference,large feature experiments; requires core extraction review
runtime/a7ff25r3_full_numeric_wave/shard_01/a7ff25r3s01_materialization_metrics.csv,feature_factory,legacy_reference,large feature experiments; requires core extraction review
runtime/a7ff25r3_full_numeric_wave/shard_01/a7ff25r3s01_nonoverlap_stats.csv,feature_factory,legacy_reference,large feature experiments; requires core extraction review
runtime/a7ff25r3_full_numeric_wave/shard_01/a7ff25r3s01_portfolio_marginal_proxy.csv,feature_factory,legacy_reference,large feature experiments; requires core extraction review
runtime/a7ff25r3_full_numeric_wave/shard_01/a7ff25r3s01_selected_portfolio_queue.csv,feature_factory,legacy_reference,large feature experiments; requires core extraction review
runtime/a7ff25r3_full_numeric_wave/shard_02/a7ff25r3s02_control_dominance_metrics.csv,feature_factory,legacy_reference,large feature experiments; requires core extraction review
runtime/a7ff25r3_full_numeric_wave/shard_02/a7ff25r3s02_control_summary.csv,feature_factory,legacy_reference,large feature experiments; requires core extraction review
runtime/a7ff25r3_full_numeric_wave/shard_02/a7ff25r3s02_decision_counts.csv,feature_factory,legacy_reference,large feature experiments; requires core extraction review
runtime/a7ff25r3_full_numeric_wave/shard_02/a7ff25r3s02_decision_record.json,feature_factory,legacy_reference,large feature experiments; requires core extraction review
runtime/a7ff25r3_full_numeric_wave/shard_02/a7ff25r3s02_family_decision_summary.csv,feature_factory,legacy_reference,large feature experiments; requires core extraction review
runtime/a7ff25r3_full_numeric_wave/shard_02/a7ff25r3s02_label_response_metrics.csv,feature_response,archive_only,response profiling evidence
runtime/a7ff25r3_full_numeric_wave/shard_02/a7ff25r3s02_manifest.json,feature_factory,legacy_reference,large feature experiments; requires core extraction review
runtime/a7ff25r3_full_numeric_wave/shard_02/a7ff25r3s02_materialization_metrics.csv,feature_factory,legacy_reference,large feature experiments; requires core extraction review
runtime/a7ff25r3_full_numeric_wave/shard_02/a7ff25r3s02_nonoverlap_stats.csv,feature_factory,legacy_reference,large feature experiments; requires core extraction review
runtime/a7ff25r3_full_numeric_wave/shard_02/a7ff25r3s02_portfolio_marginal_proxy.csv,feature_factory,legacy_reference,large feature experiments; requires core extraction review
runtime/a7ff25r3_full_numeric_wave/shard_02/a7ff25r3s02_selected_portfolio_queue.csv,feature_factory,legacy_reference,large feature experiments; requires core extraction review
runtime/a7ff25r3_full_numeric_wave/shard_03/a7ff25r3s03_control_dominance_metrics.csv,feature_factory,legacy_reference,large feature experiments; requires core extraction review
runtime/a7ff25r3_full_numeric_wave/shard_03/a7ff25r3s03_control_summary.csv,feature_factory,legacy_reference,large feature experiments; requires core extraction review
runtime/a7ff25r3_full_numeric_wave/shard_03/a7ff25r3s03_decision_counts.csv,feature_factory,legacy_reference,large feature experiments; requires core extraction review
runtime/a7ff25r3_full_numeric_wave/shard_03/a7ff25r3s03_decision_record.json,feature_factory,legacy_reference,large feature experiments; requires core extraction review
runtime/a7ff25r3_full_numeric_wave/shard_03/a7ff25r3s03_family_decision_summary.csv,feature_factory,legacy_reference,large feature experiments; requires core extraction review
runtime/a7ff25r3_full_numeric_wave/shard_03/a7ff25r3s03_label_response_metrics.csv,feature_response,archive_only,response profiling evidence
runtime/a7ff25r3_full_numeric_wave/shard_03/a7ff25r3s03_manifest.json,feature_factory,legacy_reference,large feature experiments; requires core extraction review
runtime/a7ff25r3_full_numeric_wave/shard_03/a7ff25r3s03_materialization_metrics.csv,feature_factory,legacy_reference,large feature experiments; requires core extraction review
runtime/a7ff25r3_full_numeric_wave/shard_03/a7ff25r3s03_nonoverlap_stats.csv,feature_factory,legacy_reference,large feature experiments; requires core extraction review
runtime/a7ff25r3_full_numeric_wave/shard_03/a7ff25r3s03_portfolio_marginal_proxy.csv,feature_factory,legacy_reference,large feature experiments; requires core extraction review
runtime/a7ff25r3_full_numeric_wave/shard_03/a7ff25r3s03_selected_portfolio_queue.csv,feature_factory,legacy_reference,large feature experiments; requires core extraction review
runtime/a7ff25r3_full_numeric_wave/shard_04/a7ff25r3s04_control_dominance_metrics.csv,feature_factory,legacy_reference,large feature experiments; requires core extraction review
runtime/a7ff25r3_full_numeric_wave/shard_04/a7ff25r3s04_control_summary.csv,feature_factory,legacy_reference,large feature experiments; requires core extraction review
runtime/a7ff25r3_full_numeric_wave/shard_04/a7ff25r3s04_decision_counts.csv,feature_factory,legacy_reference,large feature experiments; requires core extraction review
runtime/a7ff25r3_full_numeric_wave/shard_04/a7ff25r3s04_decision_record.json,feature_factory,legacy_reference,large feature experiments; requires core extraction review
runtime/a7ff25r3_full_numeric_wave/shard_04/a7ff25r3s04_family_decision_summary.csv,feature_factory,legacy_reference,large feature experiments; requires core extraction review
runtime/a7ff25r3_full_numeric_wave/shard_04/a7ff25r3s04_label_response_metrics.csv,feature_response,archive_only,response profiling evidence
runtime/a7ff25r3_full_numeric_wave/shard_04/a7ff25r3s04_manifest.json,feature_factory,legacy_reference,large feature experiments; requires core extraction review
runtime/a7ff25r3_full_numeric_wave/shard_04/a7ff25r3s04_materialization_metrics.csv,feature_factory,legacy_reference,large feature experiments; requires core extraction review
runtime/a7ff25r3_full_numeric_wave/shard_04/a7ff25r3s04_nonoverlap_stats.csv,feature_factory,legacy_reference,large feature experiments; requires core extraction review
runtime/a7ff25r3_full_numeric_wave/shard_04/a7ff25r3s04_portfolio_marginal_proxy.csv,feature_factory,legacy_reference,large feature experiments; requires core extraction review
runtime/a7ff25r3_full_numeric_wave/shard_04/a7ff25r3s04_selected_portfolio_queue.csv,feature_factory,legacy_reference,large feature experiments; requires core extraction review
runtime/a7ff25r3_full_numeric_wave/shard_05/a7ff25r3s05_control_dominance_metrics.csv,feature_factory,legacy_reference,large feature experiments; requires core extraction review
runtime/a7ff25r3_full_numeric_wave/shard_05/a7ff25r3s05_control_summary.csv,feature_factory,legacy_reference,large feature experiments; requires core extraction review
runtime/a7ff25r3_full_numeric_wave/shard_05/a7ff25r3s05_decision_counts.csv,feature_factory,legacy_reference,large feature experiments; requires core extraction review
runtime/a7ff25r3_full_numeric_wave/shard_05/a7ff25r3s05_decision_record.json,feature_factory,legacy_reference,large feature experiments; requires core extraction review
runtime/a7ff25r3_full_numeric_wave/shard_05/a7ff25r3s05_family_decision_summary.csv,feature_factory,legacy_reference,large feature experiments; requires core extraction review
runtime/a7ff25r3_full_numeric_wave/shard_05/a7ff25r3s05_label_response_metrics.csv,feature_response,archive_only,response profiling evidence
runtime/a7ff25r3_full_numeric_wave/shard_05/a7ff25r3s05_manifest.json,feature_factory,legacy_reference,large feature experiments; requires core extraction review
runtime/a7ff25r3_full_numeric_wave/shard_05/a7ff25r3s05_materialization_metrics.csv,feature_factory,legacy_reference,large feature experiments; requires core extraction review
runtime/a7ff25r3_full_numeric_wave/shard_05/a7ff25r3s05_nonoverlap_stats.csv,feature_factory,legacy_reference,large feature experiments; requires core extraction review
runtime/a7ff25r3_full_numeric_wave/shard_05/a7ff25r3s05_portfolio_marginal_proxy.csv,feature_factory,legacy_reference,large feature experiments; requires core extraction review
runtime/a7ff25r3_full_numeric_wave/shard_05/a7ff25r3s05_selected_portfolio_queue.csv,feature_factory,legacy_reference,large feature experiments; requires core extraction review
runtime/a7ff25r3_full_numeric_wave/shard_06/a7ff25r3s06_control_dominance_metrics.csv,feature_factory,legacy_reference,large feature experiments; requires core extraction review
runtime/a7ff25r3_full_numeric_wave/shard_06/a7ff25r3s06_control_summary.csv,feature_factory,legacy_reference,large feature experiments; requires core extraction review
runtime/a7ff25r3_full_numeric_wave/shard_06/a7ff25r3s06_decision_counts.csv,feature_factory,legacy_reference,large feature experiments; requires core extraction review
runtime/a7ff25r3_full_numeric_wave/shard_06/a7ff25r3s06_decision_record.json,feature_factory,legacy_reference,large feature experiments; requires core extraction review
runtime/a7ff25r3_full_numeric_wave/shard_06/a7ff25r3s06_family_decision_summary.csv,feature_factory,legacy_reference,large feature experiments; requires core extraction review
runtime/a7ff25r3_full_numeric_wave/shard_06/a7ff25r3s06_label_response_metrics.csv,feature_response,archive_only,response profiling evidence
runtime/a7ff25r3_full_numeric_wave/shard_06/a7ff25r3s06_manifest.json,feature_factory,legacy_reference,large feature experiments; requires core extraction review
runtime/a7ff25r3_full_numeric_wave/shard_06/a7ff25r3s06_materialization_metrics.csv,feature_factory,legacy_reference,large feature experiments; requires core extraction review
runtime/a7ff25r3_full_numeric_wave/shard_06/a7ff25r3s06_nonoverlap_stats.csv,feature_factory,legacy_reference,large feature experiments; requires core extraction review
runtime/a7ff25r3_full_numeric_wave/shard_06/a7ff25r3s06_portfolio_marginal_proxy.csv,feature_factory,legacy_reference,large feature experiments; requires core extraction review
runtime/a7ff25r3_full_numeric_wave/shard_06/a7ff25r3s06_selected_portfolio_queue.csv,feature_factory,legacy_reference,large feature experiments; requires core extraction review
runtime/a7ff25r3_full_numeric_wave/shard_07/a7ff25r3s07_control_dominance_metrics.csv,feature_factory,legacy_reference,large feature experiments; requires core extraction review
runtime/a7ff25r3_full_numeric_wave/shard_07/a7ff25r3s07_control_summary.csv,feature_factory,legacy_reference,large feature experiments; requires core extraction review
runtime/a7ff25r3_full_numeric_wave/shard_07/a7ff25r3s07_decision_counts.csv,feature_factory,legacy_reference,large feature experiments; requires core extraction review
runtime/a7ff25r3_full_numeric_wave/shard_07/a7ff25r3s07_decision_record.json,feature_factory,legacy_reference,large feature experiments; requires core extraction review
runtime/a7ff25r3_full_numeric_wave/shard_07/a7ff25r3s07_family_decision_summary.csv,feature_factory,legacy_reference,large feature experiments; requires core extraction review
runtime/a7ff25r3_full_numeric_wave/shard_07/a7ff25r3s07_label_response_metrics.csv,feature_response,archive_only,response profiling evidence
runtime/a7ff25r3_full_numeric_wave/shard_07/a7ff25r3s07_manifest.json,feature_factory,legacy_reference,large feature experiments; requires core extraction review
runtime/a7ff25r3_full_numeric_wave/shard_07/a7ff25r3s07_materialization_metrics.csv,feature_factory,legacy_reference,large feature experiments; requires core extraction review
runtime/a7ff25r3_full_numeric_wave/shard_07/a7ff25r3s07_nonoverlap_stats.csv,feature_factory,legacy_reference,large feature experiments; requires core extraction review
runtime/a7ff25r3_full_numeric_wave/shard_07/a7ff25r3s07_portfolio_marginal_proxy.csv,feature_factory,legacy_reference,large feature experiments; requires core extraction review
runtime/a7ff25r3_full_numeric_wave/shard_07/a7ff25r3s07_selected_portfolio_queue.csv,feature_factory,legacy_reference,large feature experiments; requires core extraction review
runtime/a7ff25r3_full_numeric_wave/shard_08/a7ff25r3s08_control_dominance_metrics.csv,feature_factory,legacy_reference,large feature experiments; requires core extraction review
runtime/a7ff25r3_full_numeric_wave/shard_08/a7ff25r3s08_control_summary.csv,feature_factory,legacy_reference,large feature experiments; requires core extraction review
runtime/a7ff25r3_full_numeric_wave/shard_08/a7ff25r3s08_decision_counts.csv,feature_factory,legacy_reference,large feature experiments; requires core extraction review
runtime/a7ff25r3_full_numeric_wave/shard_08/a7ff25r3s08_decision_record.json,feature_factory,legacy_reference,large feature experiments; requires core extraction review
runtime/a7ff25r3_full_numeric_wave/shard_08/a7ff25r3s08_family_decision_summary.csv,feature_factory,legacy_reference,large feature experiments; requires core extraction review
runtime/a7ff25r3_full_numeric_wave/shard_08/a7ff25r3s08_label_response_metrics.csv,feature_response,archive_only,response profiling evidence
runtime/a7ff25r3_full_numeric_wave/shard_08/a7ff25r3s08_manifest.json,feature_factory,legacy_reference,large feature experiments; requires core extraction review
runtime/a7ff25r3_full_numeric_wave/shard_08/a7ff25r3s08_materialization_metrics.csv,feature_factory,legacy_reference,large feature experiments; requires core extraction review
runtime/a7ff25r3_full_numeric_wave/shard_08/a7ff25r3s08_nonoverlap_stats.csv,feature_factory,legacy_reference,large feature experiments; requires core extraction review
runtime/a7ff25r3_full_numeric_wave/shard_08/a7ff25r3s08_portfolio_marginal_proxy.csv,feature_factory,legacy_reference,large feature experiments; requires core extraction review
runtime/a7ff25r3_full_numeric_wave/shard_08/a7ff25r3s08_selected_portfolio_queue.csv,feature_factory,legacy_reference,large feature experiments; requires core extraction review
runtime/a7ff25r3_full_numeric_wave/shard_09/a7ff25r3s09_control_dominance_metrics.csv,feature_factory,legacy_reference,large feature experiments; requires core extraction review
runtime/a7ff25r3_full_numeric_wave/shard_09/a7ff25r3s09_control_summary.csv,feature_factory,legacy_reference,large feature experiments; requires core extraction review
runtime/a7ff25r3_full_numeric_wave/shard_09/a7ff25r3s09_decision_counts.csv,feature_factory,legacy_reference,large feature experiments; requires core extraction review
runtime/a7ff25r3_full_numeric_wave/shard_09/a7ff25r3s09_decision_record.json,feature_factory,legacy_reference,large feature experiments; requires core extraction review
runtime/a7ff25r3_full_numeric_wave/shard_09/a7ff25r3s09_family_decision_summary.csv,feature_factory,legacy_reference,large feature experiments; requires core extraction review
runtime/a7ff25r3_full_numeric_wave/shard_09/a7ff25r3s09_label_response_metrics.csv,feature_response,archive_only,response profiling evidence
runtime/a7ff25r3_full_numeric_wave/shard_09/a7ff25r3s09_manifest.json,feature_factory,legacy_reference,large feature experiments; requires core extraction review
runtime/a7ff25r3_full_numeric_wave/shard_09/a7ff25r3s09_materialization_metrics.csv,feature_factory,legacy_reference,large feature experiments; requires core extraction review
runtime/a7ff25r3_full_numeric_wave/shard_09/a7ff25r3s09_nonoverlap_stats.csv,feature_factory,legacy_reference,large feature experiments; requires core extraction review
runtime/a7ff25r3_full_numeric_wave/shard_09/a7ff25r3s09_portfolio_marginal_proxy.csv,feature_factory,legacy_reference,large feature experiments; requires core extraction review
runtime/a7ff25r3_full_numeric_wave/shard_09/a7ff25r3s09_selected_portfolio_queue.csv,feature_factory,legacy_reference,large feature experiments; requires core extraction review
runtime/a7ff25r3_full_numeric_wave/shard_10/a7ff25r3s10_control_dominance_metrics.csv,feature_factory,legacy_reference,large feature experiments; requires core extraction review
runtime/a7ff25r3_full_numeric_wave/shard_10/a7ff25r3s10_control_summary.csv,feature_factory,legacy_reference,large feature experiments; requires core extraction review
runtime/a7ff25r3_full_numeric_wave/shard_10/a7ff25r3s10_decision_counts.csv,feature_factory,legacy_reference,large feature experiments; requires core extraction review
runtime/a7ff25r3_full_numeric_wave/shard_10/a7ff25r3s10_decision_record.json,feature_factory,legacy_reference,large feature experiments; requires core extraction review
runtime/a7ff25r3_full_numeric_wave/shard_10/a7ff25r3s10_family_decision_summary.csv,feature_factory,legacy_reference,large feature experiments; requires core extraction review
runtime/a7ff25r3_full_numeric_wave/shard_10/a7ff25r3s10_label_response_metrics.csv,feature_response,archive_only,response profiling evidence
runtime/a7ff25r3_full_numeric_wave/shard_10/a7ff25r3s10_manifest.json,feature_factory,legacy_reference,large feature experiments; requires core extraction review
runtime/a7ff25r3_full_numeric_wave/shard_10/a7ff25r3s10_materialization_metrics.csv,feature_factory,legacy_reference,large feature experiments; requires core extraction review
runtime/a7ff25r3_full_numeric_wave/shard_10/a7ff25r3s10_nonoverlap_stats.csv,feature_factory,legacy_reference,large feature experiments; requires core extraction review
runtime/a7ff25r3_full_numeric_wave/shard_10/a7ff25r3s10_portfolio_marginal_proxy.csv,feature_factory,legacy_reference,large feature experiments; requires core extraction review
runtime/a7ff25r3_full_numeric_wave/shard_10/a7ff25r3s10_selected_portfolio_queue.csv,feature_factory,legacy_reference,large feature experiments; requires core extraction review
runtime/a7ff25r3_full_numeric_wave/shard_11/a7ff25r3s11_control_dominance_metrics.csv,feature_factory,legacy_reference,large feature experiments; requires core extraction review
runtime/a7ff25r3_full_numeric_wave/shard_11/a7ff25r3s11_control_summary.csv,feature_factory,legacy_reference,large feature experiments; requires core extraction review
runtime/a7ff25r3_full_numeric_wave/shard_11/a7ff25r3s11_decision_counts.csv,feature_factory,legacy_reference,large feature experiments; requires core extraction review
runtime/a7ff25r3_full_numeric_wave/shard_11/a7ff25r3s11_decision_record.json,feature_factory,legacy_reference,large feature experiments; requires core extraction review
runtime/a7ff25r3_full_numeric_wave/shard_11/a7ff25r3s11_family_decision_summary.csv,feature_factory,legacy_reference,large feature experiments; requires core extraction review
runtime/a7ff25r3_full_numeric_wave/shard_11/a7ff25r3s11_label_response_metrics.csv,feature_response,archive_only,response profiling evidence
runtime/a7ff25r3_full_numeric_wave/shard_11/a7ff25r3s11_manifest.json,feature_factory,legacy_reference,large feature experiments; requires core extraction review
runtime/a7ff25r3_full_numeric_wave/shard_11/a7ff25r3s11_materialization_metrics.csv,feature_factory,legacy_reference,large feature experiments; requires core extraction review
runtime/a7ff25r3_full_numeric_wave/shard_11/a7ff25r3s11_nonoverlap_stats.csv,feature_factory,legacy_reference,large feature experiments; requires core extraction review
runtime/a7ff25r3_full_numeric_wave/shard_11/a7ff25r3s11_portfolio_marginal_proxy.csv,feature_factory,legacy_reference,large feature experiments; requires core extraction review
runtime/a7ff25r3_full_numeric_wave/shard_11/a7ff25r3s11_selected_portfolio_queue.csv,feature_factory,legacy_reference,large feature experiments; requires core extraction review
runtime/a7ff25r4_no_activity_tail_audit/a7ff25r4_decision_record.json,feature_factory,legacy_reference,large feature experiments; requires core extraction review
runtime/a7ff25r4_no_activity_tail_audit/a7ff25r4_failure_reason_summary.csv,feature_factory,legacy_reference,large feature experiments; requires core extraction review
runtime/a7ff25r4_no_activity_tail_audit/a7ff25r4_manifest.json,feature_factory,legacy_reference,large feature experiments; requires core extraction review
runtime/a7ff25r4_no_activity_tail_audit/a7ff25r4_shard_activity_summary.csv,feature_factory,legacy_reference,large feature experiments; requires core extraction review
runtime/a7ff25r4_no_activity_tail_audit/a7ff25r4_tail_blueprint_failure_audit.csv,feature_factory,legacy_reference,large feature experiments; requires core extraction review
runtime/a7ff25r4_no_activity_tail_audit/a7ff25r4_tail_family_motif_failure_summary.csv,feature_factory,legacy_reference,large feature experiments; requires core extraction review
runtime/a7ff25r4_no_activity_tail_audit/a7ff25r4_tail_queue_field_usage.csv,field_contracts,archive_only,prior governance evidence; not all scripts are runtime core
runtime/a7ff25r4_no_activity_tail_audit/a7ff25r4_tail_repair_policy.csv,feature_factory,legacy_reference,large feature experiments; requires core extraction review
runtime/a7ff25r5_funding_tail_repair_contract/a7ff25r5_blocked_funding_patterns.csv,feature_factory,legacy_reference,large feature experiments; requires core extraction review
runtime/a7ff25r5_funding_tail_repair_contract/a7ff25r5_decision_record.json,feature_factory,legacy_reference,large feature experiments; requires core extraction review
runtime/a7ff25r5_funding_tail_repair_contract/a7ff25r5_dense_funding_state_field_contract.csv,field_contracts,archive_only,prior governance evidence; not all scripts are runtime core
runtime/a7ff25r5_funding_tail_repair_contract/a7ff25r5_manifest.json,feature_factory,legacy_reference,large feature experiments; requires core extraction review
runtime/a7ff25r5_funding_tail_repair_contract/a7ff25r5_next_actions.json,feature_factory,legacy_reference,large feature experiments; requires core extraction review
runtime/a7ff25r5_funding_tail_repair_contract/a7ff25r5_queue_repair_policy.csv,feature_factory,legacy_reference,large feature experiments; requires core extraction review
runtime/a7ff25r6_dense_funding_state_audit/a7ff25r6_decision_record.json,feature_factory,legacy_reference,large feature experiments; requires core extraction review
runtime/a7ff25r6_dense_funding_state_audit/a7ff25r6_dense_funding_state_activity_metrics.csv,feature_factory,legacy_reference,large feature experiments; requires core extraction review
runtime/a7ff25r6_dense_funding_state_audit/a7ff25r6_dense_funding_state_sample.csv,feature_factory,legacy_reference,large feature experiments; requires core extraction review
runtime/a7ff25r6_dense_funding_state_audit/a7ff25r6_manifest.json,feature_factory,legacy_reference,large feature experiments; requires core extraction review
runtime/a7ff25r6_dense_funding_state_audit/a7ff25r6_repair_comparison.csv,feature_factory,legacy_reference,large feature experiments; requires core extraction review
runtime/a7ff25r6_dense_funding_state_audit/a7ff25r6_split_activity_metrics.csv,feature_factory,legacy_reference,large feature experiments; requires core extraction review
runtime/a7ff26_numeric_clue_forensic/a7ff26_control_risk_summary.csv,feature_factory,legacy_reference,large feature experiments; requires core extraction review
runtime/a7ff26_numeric_clue_forensic/a7ff26_decision_record.json,feature_factory,legacy_reference,large feature experiments; requires core extraction review
runtime/a7ff26_numeric_clue_forensic/a7ff26_family_label_summary.csv,feature_factory,legacy_reference,large feature experiments; requires core extraction review
runtime/a7ff26_numeric_clue_forensic/a7ff26_label_triage_summary.csv,feature_factory,legacy_reference,large feature experiments; requires core extraction review
runtime/a7ff26_numeric_clue_forensic/a7ff26_manifest.json,feature_factory,legacy_reference,large feature experiments; requires core extraction review
runtime/a7ff26_numeric_clue_forensic/a7ff26_promotion_candidate_queue.csv,feature_factory,legacy_reference,large feature experiments; requires core extraction review
runtime/a7ff26_numeric_clue_forensic/a7ff26_rank_label_diagnostic_queue.csv,feature_factory,legacy_reference,large feature experiments; requires core extraction review
runtime/a7ff26_numeric_clue_forensic/a7ff26_selected_candidate_triage.csv,feature_factory,legacy_reference,large feature experiments; requires core extraction review
runtime/a7ff26_numeric_clue_forensic/a7ff26_watchlist_queue.csv,feature_factory,legacy_reference,large feature experiments; requires core extraction review
runtime/a7ff27_replay_preflight/a7ff27_a7ff28_preflight_queue.csv,feature_factory,legacy_reference,large feature experiments; requires core extraction review
runtime/a7ff27_replay_preflight/a7ff27_candidate_replay_preflight_summary.csv,feature_factory,legacy_reference,large feature experiments; requires core extraction review
runtime/a7ff27_replay_preflight/a7ff27_control_dominance_metrics.csv,feature_factory,legacy_reference,large feature experiments; requires core extraction review
runtime/a7ff27_replay_preflight/a7ff27_control_summary.csv,feature_factory,legacy_reference,large feature experiments; requires core extraction review
runtime/a7ff27_replay_preflight/a7ff27_decision_counts.csv,feature_factory,legacy_reference,large feature experiments; requires core extraction review
runtime/a7ff27_replay_preflight/a7ff27_decision_record.json,feature_factory,legacy_reference,large feature experiments; requires core extraction review
runtime/a7ff27_replay_preflight/a7ff27_family_decision_summary.csv,feature_factory,legacy_reference,large feature experiments; requires core extraction review
runtime/a7ff27_replay_preflight/a7ff27_label_decision_summary.csv,feature_factory,legacy_reference,large feature experiments; requires core extraction review
runtime/a7ff27_replay_preflight/a7ff27_label_response_metrics.csv,feature_response,archive_only,response profiling evidence
runtime/a7ff27_replay_preflight/a7ff27_manifest.json,feature_factory,legacy_reference,large feature experiments; requires core extraction review
runtime/a7ff27_replay_preflight/a7ff27_materialization_metrics.csv,feature_factory,legacy_reference,large feature experiments; requires core extraction review
runtime/a7ff27_replay_preflight/a7ff27_nonoverlap_stats.csv,feature_factory,legacy_reference,large feature experiments; requires core extraction review
runtime/a7ff27_replay_preflight/a7ff27_portfolio_marginal_proxy.csv,feature_factory,legacy_reference,large feature experiments; requires core extraction review
runtime/a7ff27_replay_preflight/a7ff27_selected_family_summary.csv,feature_factory,legacy_reference,large feature experiments; requires core extraction review
runtime/a7ff27_replay_preflight/a7ff27_selected_portfolio_queue.csv,feature_factory,legacy_reference,large feature experiments; requires core extraction review
runtime/a7ff27_replay_preflight/a7ff27_summary_decision_record.json,feature_factory,legacy_reference,large feature experiments; requires core extraction review
runtime/a7ff27_replay_preflight/a7ff27_summary_manifest.json,feature_factory,legacy_reference,large feature experiments; requires core extraction review
runtime/a7ff28_deep_replay_contract/a7ff28_authorization_matrix.json,feature_factory,legacy_reference,large feature experiments; requires core extraction review
runtime/a7ff28_deep_replay_contract/a7ff28_deep_replay_gate_contract.csv,feature_factory,legacy_reference,large feature experiments; requires core extraction review
runtime/a7ff28_deep_replay_contract/a7ff28_deep_replay_queue.csv,feature_factory,legacy_reference,large feature experiments; requires core extraction review
runtime/a7ff28_deep_replay_contract/a7ff28_execution_plan.csv,feature_factory,legacy_reference,large feature experiments; requires core extraction review
runtime/a7ff28_deep_replay_contract/a7ff28_manifest.json,feature_factory,legacy_reference,large feature experiments; requires core extraction review
runtime/a7ff28_deep_replay_contract/a7ff28_queue_family_summary.csv,feature_factory,legacy_reference,large feature experiments; requires core extraction review
runtime/a7ff28a_bounded_deep_replay/a7ff28a_a7ff29_candidate_forensic_queue.csv,feature_factory,legacy_reference,large feature experiments; requires core extraction review
runtime/a7ff28a_bounded_deep_replay/a7ff28a_a7ff29_queue_family_summary.csv,feature_factory,legacy_reference,large feature experiments; requires core extraction review
runtime/a7ff28a_bounded_deep_replay/a7ff28a_control_dominance_metrics.csv,feature_factory,legacy_reference,large feature experiments; requires core extraction review
runtime/a7ff28a_bounded_deep_replay/a7ff28a_control_summary.csv,feature_factory,legacy_reference,large feature experiments; requires core extraction review
runtime/a7ff28a_bounded_deep_replay/a7ff28a_decision_counts.csv,feature_factory,legacy_reference,large feature experiments; requires core extraction review
runtime/a7ff28a_bounded_deep_replay/a7ff28a_decision_record.json,feature_factory,legacy_reference,large feature experiments; requires core extraction review
runtime/a7ff28a_bounded_deep_replay/a7ff28a_family_decision_summary.csv,feature_factory,legacy_reference,large feature experiments; requires core extraction review
runtime/a7ff28a_bounded_deep_replay/a7ff28a_label_response_metrics.csv,feature_response,archive_only,response profiling evidence
runtime/a7ff28a_bounded_deep_replay/a7ff28a_manifest.json,feature_factory,legacy_reference,large feature experiments; requires core extraction review
runtime/a7ff28a_bounded_deep_replay/a7ff28a_materialization_metrics.csv,feature_factory,legacy_reference,large feature experiments; requires core extraction review
runtime/a7ff28a_bounded_deep_replay/a7ff28a_nonoverlap_stats.csv,feature_factory,legacy_reference,large feature experiments; requires core extraction review
runtime/a7ff28a_bounded_deep_replay/a7ff28a_portfolio_marginal_proxy.csv,feature_factory,legacy_reference,large feature experiments; requires core extraction review
runtime/a7ff28a_bounded_deep_replay/a7ff28a_rank_label_diagnostic_selected.csv,feature_factory,legacy_reference,large feature experiments; requires core extraction review
runtime/a7ff28a_bounded_deep_replay/a7ff28a_selected_portfolio_queue.csv,feature_factory,legacy_reference,large feature experiments; requires core extraction review
runtime/a7ff28a_bounded_deep_replay/a7ff28a_summary_decision_record.json,feature_factory,legacy_reference,large feature experiments; requires core extraction review
runtime/a7ff28a_bounded_deep_replay/a7ff28a_summary_manifest.json,feature_factory,legacy_reference,large feature experiments; requires core extraction review
runtime/a7ff29_candidate_forensic/a7ff29_a7ff30_portfolio_replay_contract_queue.csv,feature_factory,legacy_reference,large feature experiments; requires core extraction review
runtime/a7ff29_candidate_forensic/a7ff29_candidate_forensic_summary.csv,feature_factory,legacy_reference,large feature experiments; requires core extraction review
runtime/a7ff29_candidate_forensic/a7ff29_concentration_audit.csv,feature_factory,legacy_reference,large feature experiments; requires core extraction review
runtime/a7ff29_candidate_forensic/a7ff29_control_summary_by_label.csv,feature_factory,legacy_reference,large feature experiments; requires core extraction review
runtime/a7ff29_candidate_forensic/a7ff29_decision_record.json,feature_factory,legacy_reference,large feature experiments; requires core extraction review
runtime/a7ff29_candidate_forensic/a7ff29_label_horizon_response_matrix.csv,feature_response,archive_only,response profiling evidence
runtime/a7ff29_candidate_forensic/a7ff29_manifest.json,feature_factory,legacy_reference,large feature experiments; requires core extraction review
runtime/a7ff2_feature_pair_clustering/a7ff2_feature_pair_policy.csv,feature_factory,legacy_reference,large feature experiments; requires core extraction review
runtime/a7ff2_feature_pair_clustering/a7ff2_feature_pair_similarity.csv,feature_factory,legacy_reference,large feature experiments; requires core extraction review
runtime/a7ff2_feature_pair_clustering/a7ff2_field_response_vectors.csv,field_contracts,archive_only,prior governance evidence; not all scripts are runtime core
runtime/a7ff2_feature_pair_clustering/a7ff2_manifest.json,feature_factory,legacy_reference,large feature experiments; requires core extraction review
runtime/a7ff2_feature_pair_clustering/a7ff2_semantic_response_clusters.csv,feature_response,archive_only,response profiling evidence
runtime/a7ff30_portfolio_replay_contract/a7ff30_authorization_matrix.json,feature_factory,legacy_reference,large feature experiments; requires core extraction review
runtime/a7ff30_portfolio_replay_contract/a7ff30_execution_plan.csv,feature_factory,legacy_reference,large feature experiments; requires core extraction review
runtime/a7ff30_portfolio_replay_contract/a7ff30_frozen_portfolio_replay_queue.csv,feature_factory,legacy_reference,large feature experiments; requires core extraction review
runtime/a7ff30_portfolio_replay_contract/a7ff30_manifest.json,feature_factory,legacy_reference,large feature experiments; requires core extraction review
runtime/a7ff30_portfolio_replay_contract/a7ff30_portfolio_replay_gates.csv,feature_factory,legacy_reference,large feature experiments; requires core extraction review
runtime/a7ff30_portfolio_replay_contract/a7ff30_replay_modes.csv,feature_factory,legacy_reference,large feature experiments; requires core extraction review
runtime/a7ff30_portfolio_replay_contract/a7ff30_risk_register.csv,feature_factory,legacy_reference,large feature experiments; requires core extraction review
runtime/a7ff30a_portfolio_replay_smoke/a7ff30a_concentration_summary.csv,feature_factory,legacy_reference,large feature experiments; requires core extraction review
runtime/a7ff30a_portfolio_replay_smoke/a7ff30a_decision_record.json,feature_factory,legacy_reference,large feature experiments; requires core extraction review
runtime/a7ff30a_portfolio_replay_smoke/a7ff30a_ensemble_clue_metrics.csv,feature_factory,legacy_reference,large feature experiments; requires core extraction review
runtime/a7ff30a_portfolio_replay_smoke/a7ff30a_leave_one_out_metrics.csv,feature_factory,legacy_reference,large feature experiments; requires core extraction review
runtime/a7ff30a_portfolio_replay_smoke/a7ff30a_manifest.json,feature_factory,legacy_reference,large feature experiments; requires core extraction review
runtime/a7ff30a_portfolio_replay_smoke/a7ff30a_portfolio_label_metrics.csv,feature_factory,legacy_reference,large feature experiments; requires core extraction review
runtime/a7ff30a_portfolio_replay_smoke/a7ff30a_selected_ensemble_clues.csv,feature_factory,legacy_reference,large feature experiments; requires core extraction review
runtime/a7ff30a_portfolio_replay_smoke/a7ff30a_signal_materialization.csv,feature_factory,legacy_reference,large feature experiments; requires core extraction review
runtime/a7ff31_portfolio_forensic/a7ff31_candidate_factor_review.csv,feature_factory,legacy_reference,large feature experiments; requires core extraction review
runtime/a7ff31_portfolio_forensic/a7ff31_candidate_signal_correlation.csv,feature_factory,legacy_reference,large feature experiments; requires core extraction review
runtime/a7ff31_portfolio_forensic/a7ff31_decision_record.json,feature_factory,legacy_reference,large feature experiments; requires core extraction review
runtime/a7ff31_portfolio_forensic/a7ff31_leave_one_out_focus.csv,feature_factory,legacy_reference,large feature experiments; requires core extraction review
runtime/a7ff31_portfolio_forensic/a7ff31_manifest.json,feature_factory,legacy_reference,large feature experiments; requires core extraction review
runtime/a7ff31_portfolio_forensic/a7ff31_recent_month_contribution.csv,feature_factory,legacy_reference,large feature experiments; requires core extraction review
runtime/a7ff31_portfolio_forensic/a7ff31_recent_symbol_contribution.csv,feature_factory,legacy_reference,large feature experiments; requires core extraction review
runtime/a7ff32_family_diversification_contract/a7ff32_allowed_family_quota.csv,feature_factory,legacy_reference,large feature experiments; requires core extraction review
runtime/a7ff32_family_diversification_contract/a7ff32_authorization_matrix.json,feature_factory,legacy_reference,large feature experiments; requires core extraction review
runtime/a7ff32_family_diversification_contract/a7ff32_blocked_patterns.csv,feature_factory,legacy_reference,large feature experiments; requires core extraction review
runtime/a7ff32_family_diversification_contract/a7ff32_current_concentrated_family_summary.csv,feature_factory,legacy_reference,large feature experiments; requires core extraction review
runtime/a7ff32_family_diversification_contract/a7ff32_decision_record.json,feature_factory,legacy_reference,large feature experiments; requires core extraction review
runtime/a7ff32_family_diversification_contract/a7ff32_generation_scale_policy.json,feature_factory,legacy_reference,large feature experiments; requires core extraction review
runtime/a7ff32_family_diversification_contract/a7ff32_manifest.json,feature_factory,legacy_reference,large feature experiments; requires core extraction review
runtime/a7ff32_family_diversification_contract/a7ff32_selector_diversity_policy.json,feature_factory,legacy_reference,large feature experiments; requires core extraction review
runtime/a7ff33_family_diversified_dry_generation/a7ff33_blueprint_pool.csv,feature_factory,legacy_reference,large feature experiments; requires core extraction review
runtime/a7ff33_family_diversified_dry_generation/a7ff33_company_numeric_wave_queue.csv,feature_factory,legacy_reference,large feature experiments; requires core extraction review
runtime/a7ff33_family_diversified_dry_generation/a7ff33_company_queue_summary.csv,feature_factory,legacy_reference,large feature experiments; requires core extraction review
runtime/a7ff33_family_diversified_dry_generation/a7ff33_company_shard_plan.csv,feature_factory,legacy_reference,large feature experiments; requires core extraction review
runtime/a7ff33_family_diversified_dry_generation/a7ff33_decision_record.json,feature_factory,legacy_reference,large feature experiments; requires core extraction review
runtime/a7ff33_family_diversified_dry_generation/a7ff33_formula_family_summary.csv,feature_factory,legacy_reference,large feature experiments; requires core extraction review
runtime/a7ff33_family_diversified_dry_generation/a7ff33_generation_policy.json,feature_factory,legacy_reference,large feature experiments; requires core extraction review
runtime/a7ff33_family_diversified_dry_generation/a7ff33_manifest.json,feature_factory,legacy_reference,large feature experiments; requires core extraction review
runtime/a7ff33_family_diversified_dry_generation/a7ff33_materialization_queue.csv,feature_factory,legacy_reference,large feature experiments; requires core extraction review
runtime/a7ff33_family_diversified_dry_generation/a7ff33_shard_00_queue.csv,feature_factory,legacy_reference,large feature experiments; requires core extraction review
runtime/a7ff33_family_diversified_dry_generation/a7ff33_shard_01_queue.csv,feature_factory,legacy_reference,large feature experiments; requires core extraction review
runtime/a7ff33_family_diversified_dry_generation/a7ff33_shard_02_queue.csv,feature_factory,legacy_reference,large feature experiments; requires core extraction review
runtime/a7ff33_family_diversified_dry_generation/a7ff33_shard_03_queue.csv,feature_factory,legacy_reference,large feature experiments; requires core extraction review
runtime/a7ff33_family_diversified_dry_generation/a7ff33_shard_04_queue.csv,feature_factory,legacy_reference,large feature experiments; requires core extraction review
runtime/a7ff33_family_diversified_dry_generation/a7ff33_shard_05_queue.csv,feature_factory,legacy_reference,large feature experiments; requires core extraction review
runtime/a7ff33_family_diversified_dry_generation/a7ff33_shard_06_queue.csv,feature_factory,legacy_reference,large feature experiments; requires core extraction review
runtime/a7ff33_family_diversified_dry_generation/a7ff33_shard_07_queue.csv,feature_factory,legacy_reference,large feature experiments; requires core extraction review
runtime/a7ff33_family_diversified_dry_generation/a7ff33_shard_08_queue.csv,feature_factory,legacy_reference,large feature experiments; requires core extraction review
runtime/a7ff33_family_diversified_dry_generation/a7ff33_shard_09_queue.csv,feature_factory,legacy_reference,large feature experiments; requires core extraction review
runtime/a7ff33_family_diversified_dry_generation/a7ff33_shard_10_queue.csv,feature_factory,legacy_reference,large feature experiments; requires core extraction review
runtime/a7ff33_family_diversified_dry_generation/a7ff33_shard_11_queue.csv,feature_factory,legacy_reference,large feature experiments; requires core extraction review
runtime/a7ff33_family_diversified_dry_generation/a7ff33_shard_12_queue.csv,feature_factory,legacy_reference,large feature experiments; requires core extraction review
runtime/a7ff33_family_diversified_dry_generation/a7ff33_shard_13_queue.csv,feature_factory,legacy_reference,large feature experiments; requires core extraction review
runtime/a7ff33_family_diversified_dry_generation/a7ff33_shard_14_queue.csv,feature_factory,legacy_reference,large feature experiments; requires core extraction review
runtime/a7ff33_family_diversified_dry_generation/a7ff33_shard_15_queue.csv,feature_factory,legacy_reference,large feature experiments; requires core extraction review
runtime/a7ff33_family_diversified_dry_generation/a7ff33_shard_16_queue.csv,feature_factory,legacy_reference,large feature experiments; requires core extraction review
runtime/a7ff33_family_diversified_dry_generation/a7ff33_shard_17_queue.csv,feature_factory,legacy_reference,large feature experiments; requires core extraction review
runtime/a7ff34_family_queue_coverage_audit/a7ff34_base_field_usage.csv,field_contracts,archive_only,prior governance evidence; not all scripts are runtime core
runtime/a7ff34_family_queue_coverage_audit/a7ff34_company_family_coverage.csv,feature_factory,legacy_reference,large feature experiments; requires core extraction review
runtime/a7ff34_family_queue_coverage_audit/a7ff34_company_shard_coverage.csv,feature_factory,legacy_reference,large feature experiments; requires core extraction review
runtime/a7ff34_family_queue_coverage_audit/a7ff34_decision_record.json,feature_factory,legacy_reference,large feature experiments; requires core extraction review
runtime/a7ff34_family_queue_coverage_audit/a7ff34_manifest.json,feature_factory,legacy_reference,large feature experiments; requires core extraction review
runtime/a7ff34_family_queue_coverage_audit/a7ff34_queue_coverage_summary.csv,feature_factory,legacy_reference,large feature experiments; requires core extraction review
runtime/a7ff35_diversified_numeric_preflight/a7ff35_control_dominance_metrics.csv,feature_factory,legacy_reference,large feature experiments; requires core extraction review
runtime/a7ff35_diversified_numeric_preflight/a7ff35_control_summary.csv,feature_factory,legacy_reference,large feature experiments; requires core extraction review
runtime/a7ff35_diversified_numeric_preflight/a7ff35_decision_counts.csv,feature_factory,legacy_reference,large feature experiments; requires core extraction review
runtime/a7ff35_diversified_numeric_preflight/a7ff35_decision_record.json,feature_factory,legacy_reference,large feature experiments; requires core extraction review
runtime/a7ff35_diversified_numeric_preflight/a7ff35_diversified_sample_queue.csv,feature_factory,legacy_reference,large feature experiments; requires core extraction review
runtime/a7ff35_diversified_numeric_preflight/a7ff35_family_decision_summary.csv,feature_factory,legacy_reference,large feature experiments; requires core extraction review
runtime/a7ff35_diversified_numeric_preflight/a7ff35_family_materialization_summary.csv,feature_factory,legacy_reference,large feature experiments; requires core extraction review
runtime/a7ff35_diversified_numeric_preflight/a7ff35_label_response_metrics.csv,feature_response,archive_only,response profiling evidence
runtime/a7ff35_diversified_numeric_preflight/a7ff35_manifest.json,feature_factory,legacy_reference,large feature experiments; requires core extraction review
runtime/a7ff35_diversified_numeric_preflight/a7ff35_materialization_metrics.csv,feature_factory,legacy_reference,large feature experiments; requires core extraction review
runtime/a7ff35_diversified_numeric_preflight/a7ff35_nonoverlap_stats.csv,feature_factory,legacy_reference,large feature experiments; requires core extraction review
runtime/a7ff35_diversified_numeric_preflight/a7ff35_portfolio_marginal_proxy.csv,feature_factory,legacy_reference,large feature experiments; requires core extraction review
runtime/a7ff35_diversified_numeric_preflight/a7ff35_sample_coverage.csv,feature_factory,legacy_reference,large feature experiments; requires core extraction review
runtime/a7ff35_diversified_numeric_preflight/a7ff35_selected_portfolio_queue.csv,feature_factory,legacy_reference,large feature experiments; requires core extraction review
runtime/a7ff36_diversified_clue_forensic/a7ff36_decision_record.json,feature_factory,legacy_reference,large feature experiments; requires core extraction review
runtime/a7ff36_diversified_clue_forensic/a7ff36_family_activity_forensic.csv,feature_factory,legacy_reference,large feature experiments; requires core extraction review
runtime/a7ff36_diversified_clue_forensic/a7ff36_manifest.json,feature_factory,legacy_reference,large feature experiments; requires core extraction review
runtime/a7ff36_diversified_clue_forensic/a7ff36_repair_actions.csv,feature_factory,legacy_reference,large feature experiments; requires core extraction review
runtime/a7ff36_diversified_clue_forensic/a7ff36_selected_clue_forensic.csv,feature_factory,legacy_reference,large feature experiments; requires core extraction review
runtime/a7ff36_diversified_clue_forensic/a7ff36_source_decision_counts.csv,feature_factory,legacy_reference,large feature experiments; requires core extraction review
runtime/a7ff37_deep_replay_contract/a7ff37_authorization_matrix.json,feature_factory,legacy_reference,large feature experiments; requires core extraction review
runtime/a7ff37_deep_replay_contract/a7ff37_decision_record.json,feature_factory,legacy_reference,large feature experiments; requires core extraction review
runtime/a7ff37_deep_replay_contract/a7ff37_deep_replay_plan.json,feature_factory,legacy_reference,large feature experiments; requires core extraction review
runtime/a7ff37_deep_replay_contract/a7ff37_deep_replay_queue.csv,feature_factory,legacy_reference,large feature experiments; requires core extraction review
runtime/a7ff37_deep_replay_contract/a7ff37_excluded_selected_rows.csv,feature_factory,legacy_reference,large feature experiments; requires core extraction review
runtime/a7ff37_deep_replay_contract/a7ff37_manifest.json,feature_factory,legacy_reference,large feature experiments; requires core extraction review
runtime/a7ff37_deep_replay_contract/a7ff37_queue_summary.csv,feature_factory,legacy_reference,large feature experiments; requires core extraction review
runtime/a7ff37a_bounded_deep_replay/a7ff37a_control_dominance_metrics.csv,feature_factory,legacy_reference,large feature experiments; requires core extraction review
runtime/a7ff37a_bounded_deep_replay/a7ff37a_control_summary.csv,feature_factory,legacy_reference,large feature experiments; requires core extraction review
runtime/a7ff37a_bounded_deep_replay/a7ff37a_decision_counts.csv,feature_factory,legacy_reference,large feature experiments; requires core extraction review
runtime/a7ff37a_bounded_deep_replay/a7ff37a_decision_record.json,feature_factory,legacy_reference,large feature experiments; requires core extraction review
runtime/a7ff37a_bounded_deep_replay/a7ff37a_family_decision_summary.csv,feature_factory,legacy_reference,large feature experiments; requires core extraction review
runtime/a7ff37a_bounded_deep_replay/a7ff37a_label_response_metrics.csv,feature_response,archive_only,response profiling evidence
runtime/a7ff37a_bounded_deep_replay/a7ff37a_manifest.json,feature_factory,legacy_reference,large feature experiments; requires core extraction review
runtime/a7ff37a_bounded_deep_replay/a7ff37a_materialization_metrics.csv,feature_factory,legacy_reference,large feature experiments; requires core extraction review
runtime/a7ff37a_bounded_deep_replay/a7ff37a_nonoverlap_stats.csv,feature_factory,legacy_reference,large feature experiments; requires core extraction review
runtime/a7ff37a_bounded_deep_replay/a7ff37a_portfolio_marginal_proxy.csv,feature_factory,legacy_reference,large feature experiments; requires core extraction review
runtime/a7ff37a_bounded_deep_replay/a7ff37a_selected_portfolio_queue.csv,feature_factory,legacy_reference,large feature experiments; requires core extraction review
runtime/a7ff37b_deep_replay_forensic/a7ff37b_decision_record.json,feature_factory,legacy_reference,large feature experiments; requires core extraction review
runtime/a7ff37b_deep_replay_forensic/a7ff37b_family_focus.csv,feature_factory,legacy_reference,large feature experiments; requires core extraction review
runtime/a7ff37b_deep_replay_forensic/a7ff37b_manifest.json,feature_factory,legacy_reference,large feature experiments; requires core extraction review
runtime/a7ff37b_deep_replay_forensic/a7ff37b_next_actions.csv,feature_factory,legacy_reference,large feature experiments; requires core extraction review
runtime/a7ff37b_deep_replay_forensic/a7ff37b_selected_forensic.csv,feature_factory,legacy_reference,large feature experiments; requires core extraction review
runtime/a7ff38_focused_replay_taskflow/a7ff38_control_dominance_metrics.csv,feature_factory,legacy_reference,large feature experiments; requires core extraction review
runtime/a7ff38_focused_replay_taskflow/a7ff38_control_summary.csv,feature_factory,legacy_reference,large feature experiments; requires core extraction review
runtime/a7ff38_focused_replay_taskflow/a7ff38_decision_counts.csv,feature_factory,legacy_reference,large feature experiments; requires core extraction review
runtime/a7ff38_focused_replay_taskflow/a7ff38_decision_record.json,feature_factory,legacy_reference,large feature experiments; requires core extraction review
runtime/a7ff38_focused_replay_taskflow/a7ff38_family_decision_summary.csv,feature_factory,legacy_reference,large feature experiments; requires core extraction review
runtime/a7ff38_focused_replay_taskflow/a7ff38_focused_replay_queue.csv,feature_factory,legacy_reference,large feature experiments; requires core extraction review
runtime/a7ff38_focused_replay_taskflow/a7ff38_label_response_metrics.csv,feature_response,archive_only,response profiling evidence
runtime/a7ff38_focused_replay_taskflow/a7ff38_manifest.json,feature_factory,legacy_reference,large feature experiments; requires core extraction review
runtime/a7ff38_focused_replay_taskflow/a7ff38_materialization_metrics.csv,feature_factory,legacy_reference,large feature experiments; requires core extraction review
runtime/a7ff38_focused_replay_taskflow/a7ff38_nonoverlap_stats.csv,feature_factory,legacy_reference,large feature experiments; requires core extraction review
runtime/a7ff38_focused_replay_taskflow/a7ff38_numeric_wave_sample_queue.csv,feature_factory,legacy_reference,large feature experiments; requires core extraction review
runtime/a7ff38_focused_replay_taskflow/a7ff38_portfolio_marginal_proxy.csv,feature_factory,legacy_reference,large feature experiments; requires core extraction review
runtime/a7ff38_focused_replay_taskflow/a7ff38_queue_summary.csv,feature_factory,legacy_reference,large feature experiments; requires core extraction review
runtime/a7ff38_focused_replay_taskflow/a7ff38_sample_summary.csv,feature_factory,legacy_reference,large feature experiments; requires core extraction review
runtime/a7ff38_focused_replay_taskflow/a7ff38_selected_portfolio_queue.csv,feature_factory,legacy_reference,large feature experiments; requires core extraction review
runtime/a7ff39_focused_taskflow_forensic/a7ff39_decision_record.json,feature_factory,legacy_reference,large feature experiments; requires core extraction review
runtime/a7ff39_focused_taskflow_forensic/a7ff39_family_health.csv,feature_factory,legacy_reference,large feature experiments; requires core extraction review
runtime/a7ff39_focused_taskflow_forensic/a7ff39_focus_summary.csv,feature_factory,legacy_reference,large feature experiments; requires core extraction review
runtime/a7ff39_focused_taskflow_forensic/a7ff39_manifest.json,feature_factory,legacy_reference,large feature experiments; requires core extraction review
runtime/a7ff39_focused_taskflow_forensic/a7ff39_next_actions.csv,feature_factory,legacy_reference,large feature experiments; requires core extraction review
runtime/a7ff39_focused_taskflow_forensic/a7ff39_selected_forensic.csv,feature_factory,legacy_reference,large feature experiments; requires core extraction review
runtime/a7ff3_coarse_to_fine_generation_contract/a7ff3_candidate_blueprints.csv,feature_factory,legacy_reference,large feature experiments; requires core extraction review
runtime/a7ff3_coarse_to_fine_generation_contract/a7ff3_generation_layer_policy.json,feature_factory,legacy_reference,large feature experiments; requires core extraction review
runtime/a7ff3_coarse_to_fine_generation_contract/a7ff3_manifest.json,feature_factory,legacy_reference,large feature experiments; requires core extraction review
runtime/a7ff40_control_strict_followup/a7ff40_control_dominance_metrics.csv,feature_factory,legacy_reference,large feature experiments; requires core extraction review
runtime/a7ff40_control_strict_followup/a7ff40_control_strict_followup_queue.csv,feature_factory,legacy_reference,large feature experiments; requires core extraction review
runtime/a7ff40_control_strict_followup/a7ff40_control_strict_numeric_clues.csv,feature_factory,legacy_reference,large feature experiments; requires core extraction review
runtime/a7ff40_control_strict_followup/a7ff40_control_strict_summary.csv,feature_factory,legacy_reference,large feature experiments; requires core extraction review
runtime/a7ff40_control_strict_followup/a7ff40_control_summary.csv,feature_factory,legacy_reference,large feature experiments; requires core extraction review
runtime/a7ff40_control_strict_followup/a7ff40_decision_counts.csv,feature_factory,legacy_reference,large feature experiments; requires core extraction review
runtime/a7ff40_control_strict_followup/a7ff40_decision_record.json,feature_factory,legacy_reference,large feature experiments; requires core extraction review
runtime/a7ff40_control_strict_followup/a7ff40_family_decision_summary.csv,feature_factory,legacy_reference,large feature experiments; requires core extraction review
runtime/a7ff40_control_strict_followup/a7ff40_label_response_metrics.csv,feature_response,archive_only,response profiling evidence
runtime/a7ff40_control_strict_followup/a7ff40_manifest.json,feature_factory,legacy_reference,large feature experiments; requires core extraction review
runtime/a7ff40_control_strict_followup/a7ff40_materialization_metrics.csv,feature_factory,legacy_reference,large feature experiments; requires core extraction review
runtime/a7ff40_control_strict_followup/a7ff40_next_actions.csv,feature_factory,legacy_reference,large feature experiments; requires core extraction review
runtime/a7ff40_control_strict_followup/a7ff40_nonoverlap_stats.csv,feature_factory,legacy_reference,large feature experiments; requires core extraction review
runtime/a7ff40_control_strict_followup/a7ff40_numeric_wave_sample_queue.csv,feature_factory,legacy_reference,large feature experiments; requires core extraction review
runtime/a7ff40_control_strict_followup/a7ff40_portfolio_marginal_proxy.csv,feature_factory,legacy_reference,large feature experiments; requires core extraction review
runtime/a7ff40_control_strict_followup/a7ff40_queue_summary.csv,feature_factory,legacy_reference,large feature experiments; requires core extraction review
runtime/a7ff40_control_strict_followup/a7ff40_seed_pattern_policy.csv,feature_factory,legacy_reference,large feature experiments; requires core extraction review
runtime/a7ff40_control_strict_followup/a7ff40_selected_forensic.csv,feature_factory,legacy_reference,large feature experiments; requires core extraction review
runtime/a7ff40_control_strict_followup/a7ff40_selected_portfolio_queue.csv,feature_factory,legacy_reference,large feature experiments; requires core extraction review
runtime/a7ff40_control_strict_followup/a7ff40_strict_seed_evidence.csv,feature_factory,legacy_reference,large feature experiments; requires core extraction review
runtime/a7ff42_family_balanced_numeric/a7ff42_control_dominance_metrics.csv,feature_factory,legacy_reference,large feature experiments; requires core extraction review
runtime/a7ff42_family_balanced_numeric/a7ff42_control_strict_non_l7_clues.csv,feature_factory,legacy_reference,large feature experiments; requires core extraction review
runtime/a7ff42_family_balanced_numeric/a7ff42_control_strict_summary.csv,feature_factory,legacy_reference,large feature experiments; requires core extraction review
runtime/a7ff42_family_balanced_numeric/a7ff42_control_summary.csv,feature_factory,legacy_reference,large feature experiments; requires core extraction review
runtime/a7ff42_family_balanced_numeric/a7ff42_decision_counts.csv,feature_factory,legacy_reference,large feature experiments; requires core extraction review
runtime/a7ff42_family_balanced_numeric/a7ff42_decision_record.json,feature_factory,legacy_reference,large feature experiments; requires core extraction review
runtime/a7ff42_family_balanced_numeric/a7ff42_family_balanced_queue.csv,feature_factory,legacy_reference,large feature experiments; requires core extraction review
runtime/a7ff42_family_balanced_numeric/a7ff42_family_decision_summary.csv,feature_factory,legacy_reference,large feature experiments; requires core extraction review
runtime/a7ff42_family_balanced_numeric/a7ff42_label_response_metrics.csv,feature_response,archive_only,response profiling evidence
runtime/a7ff42_family_balanced_numeric/a7ff42_manifest.json,feature_factory,legacy_reference,large feature experiments; requires core extraction review
runtime/a7ff42_family_balanced_numeric/a7ff42_materialization_metrics.csv,feature_factory,legacy_reference,large feature experiments; requires core extraction review
runtime/a7ff42_family_balanced_numeric/a7ff42_next_actions.csv,feature_factory,legacy_reference,large feature experiments; requires core extraction review
runtime/a7ff42_family_balanced_numeric/a7ff42_nonoverlap_stats.csv,feature_factory,legacy_reference,large feature experiments; requires core extraction review
runtime/a7ff42_family_balanced_numeric/a7ff42_numeric_wave_sample_queue.csv,feature_factory,legacy_reference,large feature experiments; requires core extraction review
runtime/a7ff42_family_balanced_numeric/a7ff42_portfolio_marginal_proxy.csv,feature_factory,legacy_reference,large feature experiments; requires core extraction review
runtime/a7ff42_family_balanced_numeric/a7ff42_queue_summary.csv,feature_factory,legacy_reference,large feature experiments; requires core extraction review
runtime/a7ff42_family_balanced_numeric/a7ff42_selected_forensic.csv,feature_factory,legacy_reference,large feature experiments; requires core extraction review
runtime/a7ff42_family_balanced_numeric/a7ff42_selected_portfolio_queue.csv,feature_factory,legacy_reference,large feature experiments; requires core extraction review
runtime/a7ff43_repaired_selector_numeric_confirmation/a7ff43_confirmed_repaired_rows.csv,feature_factory,legacy_reference,large feature experiments; requires core extraction review
runtime/a7ff43_repaired_selector_numeric_confirmation/a7ff43_control_dominance_metrics.csv,feature_factory,legacy_reference,large feature experiments; requires core extraction review
runtime/a7ff43_repaired_selector_numeric_confirmation/a7ff43_control_summary.csv,feature_factory,legacy_reference,large feature experiments; requires core extraction review
runtime/a7ff43_repaired_selector_numeric_confirmation/a7ff43_decision_counts.csv,feature_factory,legacy_reference,large feature experiments; requires core extraction review
runtime/a7ff43_repaired_selector_numeric_confirmation/a7ff43_decision_record.json,feature_factory,legacy_reference,large feature experiments; requires core extraction review
runtime/a7ff43_repaired_selector_numeric_confirmation/a7ff43_family_confirmation.csv,feature_factory,legacy_reference,large feature experiments; requires core extraction review
runtime/a7ff43_repaired_selector_numeric_confirmation/a7ff43_family_decision_summary.csv,feature_factory,legacy_reference,large feature experiments; requires core extraction review
runtime/a7ff43_repaired_selector_numeric_confirmation/a7ff43_label_response_metrics.csv,feature_response,archive_only,response profiling evidence
runtime/a7ff43_repaired_selector_numeric_confirmation/a7ff43_manifest.json,feature_factory,legacy_reference,large feature experiments; requires core extraction review
runtime/a7ff43_repaired_selector_numeric_confirmation/a7ff43_materialization_metrics.csv,feature_factory,legacy_reference,large feature experiments; requires core extraction review
runtime/a7ff43_repaired_selector_numeric_confirmation/a7ff43_next_actions.csv,feature_factory,legacy_reference,large feature experiments; requires core extraction review
runtime/a7ff43_repaired_selector_numeric_confirmation/a7ff43_nonoverlap_stats.csv,feature_factory,legacy_reference,large feature experiments; requires core extraction review
runtime/a7ff43_repaired_selector_numeric_confirmation/a7ff43_portfolio_marginal_proxy.csv,feature_factory,legacy_reference,large feature experiments; requires core extraction review
runtime/a7ff43_repaired_selector_numeric_confirmation/a7ff43_probe_selected_forensic.csv,feature_factory,legacy_reference,large feature experiments; requires core extraction review
runtime/a7ff43_repaired_selector_numeric_confirmation/a7ff43_repaired_selector_numeric_queue.csv,feature_factory,legacy_reference,large feature experiments; requires core extraction review
runtime/a7ff43_repaired_selector_numeric_confirmation/a7ff43_selected_portfolio_queue.csv,feature_factory,legacy_reference,large feature experiments; requires core extraction review
runtime/a7ff43_repaired_selector_numeric_confirmation/a7ff43_unique_formula_queue.csv,feature_factory,legacy_reference,large feature experiments; requires core extraction review
runtime/a7ff44_deep_forensic/a7ff44_bounded_deep_replay_queue.csv,feature_factory,legacy_reference,large feature experiments; requires core extraction review
runtime/a7ff44_deep_forensic/a7ff44_concentration_audit.csv,feature_factory,legacy_reference,large feature experiments; requires core extraction review
runtime/a7ff44_deep_forensic/a7ff44_decision_record.json,feature_factory,legacy_reference,large feature experiments; requires core extraction review
runtime/a7ff44_deep_forensic/a7ff44_family_forensic.csv,feature_factory,legacy_reference,large feature experiments; requires core extraction review
runtime/a7ff44_deep_forensic/a7ff44_manifest.json,feature_factory,legacy_reference,large feature experiments; requires core extraction review
runtime/a7ff44_deep_forensic/a7ff44_next_actions.csv,feature_factory,legacy_reference,large feature experiments; requires core extraction review
runtime/a7ff44_deep_forensic/a7ff44_row_forensic.csv,feature_factory,legacy_reference,large feature experiments; requires core extraction review
runtime/a7ff45_bounded_deep_replay/a7ff45_bounded_deep_replay_queue.csv,feature_factory,legacy_reference,large feature experiments; requires core extraction review
runtime/a7ff45_bounded_deep_replay/a7ff45_confirmed_bounded_rows.csv,feature_factory,legacy_reference,large feature experiments; requires core extraction review
runtime/a7ff45_bounded_deep_replay/a7ff45_control_dominance_metrics.csv,feature_factory,legacy_reference,large feature experiments; requires core extraction review
runtime/a7ff45_bounded_deep_replay/a7ff45_control_summary.csv,feature_factory,legacy_reference,large feature experiments; requires core extraction review
runtime/a7ff45_bounded_deep_replay/a7ff45_decision_counts.csv,feature_factory,legacy_reference,large feature experiments; requires core extraction review
runtime/a7ff45_bounded_deep_replay/a7ff45_decision_record.json,feature_factory,legacy_reference,large feature experiments; requires core extraction review
runtime/a7ff45_bounded_deep_replay/a7ff45_family_confirmation.csv,feature_factory,legacy_reference,large feature experiments; requires core extraction review
runtime/a7ff45_bounded_deep_replay/a7ff45_family_decision_summary.csv,feature_factory,legacy_reference,large feature experiments; requires core extraction review
runtime/a7ff45_bounded_deep_replay/a7ff45_label_response_metrics.csv,feature_response,archive_only,response profiling evidence
runtime/a7ff45_bounded_deep_replay/a7ff45_manifest.json,feature_factory,legacy_reference,large feature experiments; requires core extraction review
runtime/a7ff45_bounded_deep_replay/a7ff45_materialization_metrics.csv,feature_factory,legacy_reference,large feature experiments; requires core extraction review
runtime/a7ff45_bounded_deep_replay/a7ff45_next_actions.csv,feature_factory,legacy_reference,large feature experiments; requires core extraction review
runtime/a7ff45_bounded_deep_replay/a7ff45_nonoverlap_stats.csv,feature_factory,legacy_reference,large feature experiments; requires core extraction review
runtime/a7ff45_bounded_deep_replay/a7ff45_portfolio_marginal_proxy.csv,feature_factory,legacy_reference,large feature experiments; requires core extraction review
runtime/a7ff45_bounded_deep_replay/a7ff45_probe_selected_forensic.csv,feature_factory,legacy_reference,large feature experiments; requires core extraction review
runtime/a7ff45_bounded_deep_replay/a7ff45_selected_portfolio_queue.csv,feature_factory,legacy_reference,large feature experiments; requires core extraction review
runtime/a7ff45_bounded_deep_replay/a7ff45_unique_formula_queue.csv,feature_factory,legacy_reference,large feature experiments; requires core extraction review
runtime/a7ff46_candidate_freeze/a7ff46_authorization_matrix.json,feature_factory,legacy_reference,large feature experiments; requires core extraction review
runtime/a7ff46_candidate_freeze/a7ff46_decision_record.json,feature_factory,legacy_reference,large feature experiments; requires core extraction review
runtime/a7ff46_candidate_freeze/a7ff46_family_freeze_summary.csv,feature_factory,legacy_reference,large feature experiments; requires core extraction review
runtime/a7ff46_candidate_freeze/a7ff46_frozen_candidate_pool.csv,feature_factory,legacy_reference,large feature experiments; requires core extraction review
runtime/a7ff46_candidate_freeze/a7ff46_manifest.json,feature_factory,legacy_reference,large feature experiments; requires core extraction review
runtime/a7ff47_portfolio_microreplay/a7ff47_decision_record.json,feature_factory,legacy_reference,large feature experiments; requires core extraction review
runtime/a7ff47_portfolio_microreplay/a7ff47_family_label_summary.csv,feature_factory,legacy_reference,large feature experiments; requires core extraction review
runtime/a7ff47_portfolio_microreplay/a7ff47_l5_confirmed_candidates.csv,feature_factory,legacy_reference,large feature experiments; requires core extraction review
runtime/a7ff47_portfolio_microreplay/a7ff47_label_translation_map.csv,feature_factory,legacy_reference,large feature experiments; requires core extraction review
runtime/a7ff47_portfolio_microreplay/a7ff47_label_translation_summary.csv,feature_factory,legacy_reference,large feature experiments; requires core extraction review
runtime/a7ff47_portfolio_microreplay/a7ff47_manifest.json,feature_factory,legacy_reference,large feature experiments; requires core extraction review
runtime/a7ff47_portfolio_microreplay/a7ff47_non_l5_translation_candidates.csv,feature_factory,legacy_reference,large feature experiments; requires core extraction review
runtime/a7ff47_portfolio_microreplay/a7ff47_pseudo_book_proxy.csv,feature_factory,legacy_reference,large feature experiments; requires core extraction review
runtime/a7ff49_existing_map_non_l5_mining/a7ff49_decision_record.json,feature_factory,legacy_reference,large feature experiments; requires core extraction review
runtime/a7ff49_existing_map_non_l5_mining/a7ff49_manifest.json,feature_factory,legacy_reference,large feature experiments; requires core extraction review
runtime/a7ff49_existing_map_non_l5_mining/a7ff49_non_l5_candidate_summary.csv,feature_factory,legacy_reference,large feature experiments; requires core extraction review
runtime/a7ff49_existing_map_non_l5_mining/a7ff49_non_reference_non_l5_candidates.csv,feature_factory,legacy_reference,large feature experiments; requires core extraction review
runtime/a7ff49_existing_map_non_l5_mining/a7ff49_reference_non_l5_diagnostics.csv,feature_factory,legacy_reference,large feature experiments; requires core extraction review
runtime/a7ff49_existing_map_non_l5_mining/a7ff49_strict_non_l5_candidates.csv,feature_factory,legacy_reference,large feature experiments; requires core extraction review
runtime/a7ff4_feature_role_promotion/a7ff4_feature_role_map_v2.csv,feature_factory,legacy_reference,large feature experiments; requires core extraction review
runtime/a7ff4_feature_role_promotion/a7ff4_manifest.json,feature_factory,legacy_reference,large feature experiments; requires core extraction review
runtime/a7ff4_feature_role_promotion/a7ff4_role_transition_policy.csv,feature_factory,legacy_reference,large feature experiments; requires core extraction review
runtime/a7ff51_compact_non_l5_contract/a7ff51_manifest.json,feature_factory,legacy_reference,large feature experiments; requires core extraction review
runtime/a7ff51e_non_l5_heavy_generation/a7ff51e_blueprint_queue.csv,feature_factory,legacy_reference,large feature experiments; requires core extraction review
runtime/a7ff51e_non_l5_heavy_generation/a7ff51e_coverage_summary.csv,feature_factory,legacy_reference,large feature experiments; requires core extraction review
runtime/a7ff51e_non_l5_heavy_generation/a7ff51e_manifest.json,feature_factory,legacy_reference,large feature experiments; requires core extraction review
runtime/a7ff51e_non_l5_heavy_generation/a7ff51e_static_audit.csv,feature_factory,legacy_reference,large feature experiments; requires core extraction review
runtime/a7ff52_materialization_preflight_contract/a7ff52_manifest.json,feature_factory,legacy_reference,large feature experiments; requires core extraction review
runtime/a7ff52e_materialization_preflight/a7ff52e_manifest.json,feature_factory,legacy_reference,large feature experiments; requires core extraction review
runtime/a7ff52e_materialization_preflight/a7ff52e_materialization_metrics.csv,feature_factory,legacy_reference,large feature experiments; requires core extraction review
runtime/a7ff52e_materialization_preflight/a7ff52e_summary.csv,feature_factory,legacy_reference,large feature experiments; requires core extraction review
runtime/a7ff53_numeric_response_contract/a7ff53_control_plan.csv,feature_response,archive_only,response profiling evidence
runtime/a7ff53_numeric_response_contract/a7ff53_execution_contract.json,feature_response,archive_only,response profiling evidence
runtime/a7ff53_numeric_response_contract/a7ff53_family_numeric_policy.csv,feature_response,archive_only,response profiling evidence
runtime/a7ff53_numeric_response_contract/a7ff53_label_plan.csv,feature_response,archive_only,response profiling evidence
runtime/a7ff53_numeric_response_contract/a7ff53_manifest.json,feature_response,archive_only,response profiling evidence
runtime/a7ff53e_numeric_response_execution/a7ff53e_numeric_queue.csv,feature_response,archive_only,response profiling evidence
runtime/a7ff53e_numeric_response_execution_s00/a7ff53e_s00_control_dominance_metrics.csv,feature_response,archive_only,response profiling evidence
runtime/a7ff53e_numeric_response_execution_s00/a7ff53e_s00_control_summary.csv,feature_response,archive_only,response profiling evidence
runtime/a7ff53e_numeric_response_execution_s00/a7ff53e_s00_decision_counts.csv,feature_response,archive_only,response profiling evidence
runtime/a7ff53e_numeric_response_execution_s00/a7ff53e_s00_decision_record.json,feature_response,archive_only,response profiling evidence
runtime/a7ff53e_numeric_response_execution_s00/a7ff53e_s00_family_decision_summary.csv,feature_response,archive_only,response profiling evidence
runtime/a7ff53e_numeric_response_execution_s00/a7ff53e_s00_label_response_metrics.csv,feature_response,archive_only,response profiling evidence
runtime/a7ff53e_numeric_response_execution_s00/a7ff53e_s00_manifest.json,feature_response,archive_only,response profiling evidence
runtime/a7ff53e_numeric_response_execution_s00/a7ff53e_s00_materialization_metrics.csv,feature_response,archive_only,response profiling evidence
runtime/a7ff53e_numeric_response_execution_s00/a7ff53e_s00_nonoverlap_stats.csv,feature_response,archive_only,response profiling evidence
runtime/a7ff53e_numeric_response_execution_s00/a7ff53e_s00_portfolio_marginal_proxy.csv,feature_response,archive_only,response profiling evidence
runtime/a7ff53e_numeric_response_execution_s00/a7ff53e_s00_selected_portfolio_queue.csv,feature_response,archive_only,response profiling evidence
runtime/a7ff53e_numeric_response_summary/a7ff53e_decision_summary.csv,feature_response,archive_only,response profiling evidence
runtime/a7ff53e_numeric_response_summary/a7ff53e_family_decision_summary.csv,feature_response,archive_only,response profiling evidence
runtime/a7ff53e_numeric_response_summary/a7ff53e_manifest.json,feature_response,archive_only,response profiling evidence
runtime/a7ff53e_numeric_response_summary/a7ff53e_selected_portfolio_queue_compact.csv,feature_response,archive_only,response profiling evidence
runtime/a7ff53e_numeric_response_summary/a7ff53e_selected_summary.csv,feature_response,archive_only,response profiling evidence
runtime/a7ff53e_numeric_response_summary/a7ff53e_shard_summary.csv,feature_response,archive_only,response profiling evidence
runtime/a7ff54_numeric_clue_consolidation/a7ff54_manifest.json,feature_factory,legacy_reference,large feature experiments; requires core extraction review
runtime/a7ff54_numeric_clue_consolidation/a7ff54_numeric_clue_family_rows.csv,feature_factory,legacy_reference,large feature experiments; requires core extraction review
runtime/a7ff54_numeric_clue_consolidation/a7ff54_replay_preflight_policy.json,feature_factory,legacy_reference,large feature experiments; requires core extraction review
runtime/a7ff54_numeric_clue_consolidation/a7ff54_selected_family_label_distribution.csv,feature_factory,legacy_reference,large feature experiments; requires core extraction review
runtime/a7ff54_numeric_clue_consolidation/a7ff54_selected_label_distribution.csv,feature_factory,legacy_reference,large feature experiments; requires core extraction review
runtime/a7ff54_numeric_clue_consolidation/a7ff54_selected_motif_distribution.csv,feature_factory,legacy_reference,large feature experiments; requires core extraction review
runtime/a7ff55_selector_repair_contract/a7ff55_current_failure_snapshot.json,feature_factory,legacy_reference,large feature experiments; requires core extraction review
runtime/a7ff55_selector_repair_contract/a7ff55_family_motif_cap_policy.csv,feature_factory,legacy_reference,large feature experiments; requires core extraction review
runtime/a7ff55_selector_repair_contract/a7ff55_label_quota_policy.csv,feature_factory,legacy_reference,large feature experiments; requires core extraction review
runtime/a7ff55_selector_repair_contract/a7ff55_manifest.json,feature_factory,legacy_reference,large feature experiments; requires core extraction review
runtime/a7ff55_selector_repair_contract/a7ff55_required_inputs.csv,feature_factory,legacy_reference,large feature experiments; requires core extraction review
runtime/a7ff55_selector_repair_contract/a7ff55_selector_policy.json,feature_factory,legacy_reference,large feature experiments; requires core extraction review
runtime/a7ff55d_selector_repair_inputs_s01p/a7ff55d_s01p_control_summary.csv,feature_factory,legacy_reference,large feature experiments; requires core extraction review
runtime/a7ff55d_selector_repair_inputs_s01p/a7ff55d_s01p_decision_counts.csv,feature_factory,legacy_reference,large feature experiments; requires core extraction review
runtime/a7ff55d_selector_repair_inputs_s01p/a7ff55d_s01p_decision_record.json,feature_factory,legacy_reference,large feature experiments; requires core extraction review
runtime/a7ff55d_selector_repair_inputs_s01p/a7ff55d_s01p_family_decision_summary.csv,feature_factory,legacy_reference,large feature experiments; requires core extraction review
runtime/a7ff55d_selector_repair_inputs_s01p/a7ff55d_s01p_label_response_metrics.csv,feature_response,archive_only,response profiling evidence
runtime/a7ff55d_selector_repair_inputs_s01p/a7ff55d_s01p_manifest.json,feature_factory,legacy_reference,large feature experiments; requires core extraction review
runtime/a7ff55d_selector_repair_inputs_s01p/a7ff55d_s01p_materialization_metrics.csv,feature_factory,legacy_reference,large feature experiments; requires core extraction review
runtime/a7ff55d_selector_repair_inputs_s01p/a7ff55d_s01p_nonoverlap_stats.csv,feature_factory,legacy_reference,large feature experiments; requires core extraction review
runtime/a7ff55d_selector_repair_inputs_s01p/a7ff55d_s01p_portfolio_marginal_proxy.csv,feature_factory,legacy_reference,large feature experiments; requires core extraction review
runtime/a7ff55d_selector_repair_inputs_s01p/a7ff55d_s01p_selected_portfolio_queue.csv,feature_factory,legacy_reference,large feature experiments; requires core extraction review
runtime/a7ff55d_selector_repair_partial_dryrun/a7ff55d_available_response_compact.csv,feature_response,archive_only,response profiling evidence
runtime/a7ff55d_selector_repair_partial_dryrun/a7ff55d_manifest.json,feature_factory,legacy_reference,large feature experiments; requires core extraction review
runtime/a7ff55d_selector_repair_partial_dryrun/a7ff55d_primary_label_candidate_pool.csv,feature_factory,legacy_reference,large feature experiments; requires core extraction review
runtime/a7ff55d_selector_repair_partial_dryrun/a7ff55d_repaired_selected_queue.csv,feature_factory,legacy_reference,large feature experiments; requires core extraction review
runtime/a7ff55d_selector_repair_partial_dryrun/a7ff55d_selected_family_summary.csv,feature_factory,legacy_reference,large feature experiments; requires core extraction review
runtime/a7ff55d_selector_repair_partial_dryrun/a7ff55d_selected_label_summary.csv,feature_factory,legacy_reference,large feature experiments; requires core extraction review
runtime/a7ff55d_selector_repair_partial_dryrun/a7ff55d_selected_motif_summary.csv,feature_factory,legacy_reference,large feature experiments; requires core extraction review
runtime/a7ff55d_selector_repair_partial_dryrun/a7ff55d_source_audit.csv,feature_factory,legacy_reference,large feature experiments; requires core extraction review
runtime/a7ff55f_full_primary_input_rebuild/a7ff55f_available_primary_response_compact.csv,feature_response,archive_only,response profiling evidence
runtime/a7ff55f_full_primary_input_rebuild/a7ff55f_candidate_family_summary.csv,feature_factory,legacy_reference,large feature experiments; requires core extraction review
runtime/a7ff55f_full_primary_input_rebuild/a7ff55f_manifest.json,feature_factory,legacy_reference,large feature experiments; requires core extraction review
runtime/a7ff55f_full_primary_input_rebuild/a7ff55f_primary_label_candidate_pool.csv,feature_factory,legacy_reference,large feature experiments; requires core extraction review
runtime/a7ff55f_full_primary_input_rebuild/a7ff55f_repaired_selected_queue.csv,feature_factory,legacy_reference,large feature experiments; requires core extraction review
runtime/a7ff55f_full_primary_input_rebuild/a7ff55f_selected_family_summary.csv,feature_factory,legacy_reference,large feature experiments; requires core extraction review
runtime/a7ff55f_full_primary_input_rebuild/a7ff55f_selected_label_summary.csv,feature_factory,legacy_reference,large feature experiments; requires core extraction review
runtime/a7ff55f_full_primary_input_rebuild/a7ff55f_selected_motif_summary.csv,feature_factory,legacy_reference,large feature experiments; requires core extraction review
runtime/a7ff55f_full_primary_input_rebuild/a7ff55f_source_audit.csv,feature_factory,legacy_reference,large feature experiments; requires core extraction review
runtime/a7ff55r1_supplemental_queue_feasibility/a7ff55r1_atlas_family_motif_availability.csv,feature_factory,legacy_reference,large feature experiments; requires core extraction review
runtime/a7ff55r1_supplemental_queue_feasibility/a7ff55r1_family_feasibility.csv,feature_factory,legacy_reference,large feature experiments; requires core extraction review
runtime/a7ff55r1_supplemental_queue_feasibility/a7ff55r1_manifest.json,feature_factory,legacy_reference,large feature experiments; requires core extraction review
runtime/a7ff55r2_atlas_field_family_generation_repair/a7ff55r2_existing_pair_source_summary.csv,field_contracts,archive_only,prior governance evidence; not all scripts are runtime core
runtime/a7ff55r2_atlas_field_family_generation_repair/a7ff55r2_manifest.json,field_contracts,archive_only,prior governance evidence; not all scripts are runtime core
runtime/a7ff55r2_atlas_field_family_generation_repair/a7ff55r2_old_seed_summary.csv,field_contracts,archive_only,prior governance evidence; not all scripts are runtime core
runtime/a7ff55r2_atlas_field_family_generation_repair/a7ff55r2_repaired_seed_policy_preview.csv,field_contracts,archive_only,prior governance evidence; not all scripts are runtime core
runtime/a7ff55r2_atlas_field_family_generation_repair/a7ff55r2_repaired_seed_summary.csv,field_contracts,archive_only,prior governance evidence; not all scripts are runtime core
runtime/a7ff55r2_atlas_field_family_generation_repair/a7ff55r2_required_pair_policy_patch.csv,field_contracts,archive_only,prior governance evidence; not all scripts are runtime core
runtime/a7ff55r2_atlas_field_family_generation_repair/a7ff55r2_semantic_route_repair_map.csv,field_contracts,archive_only,prior governance evidence; not all scripts are runtime core
runtime/a7ff55r3_repaired_atlas_dry_generation/a7ff55r3_formula_family_summary.csv,feature_factory,legacy_reference,large feature experiments; requires core extraction review
runtime/a7ff55r3_repaired_atlas_dry_generation/a7ff55r3_manifest.json,feature_factory,legacy_reference,large feature experiments; requires core extraction review
runtime/a7ff55r3_repaired_atlas_dry_generation/a7ff55r3_queue_summary.csv,feature_factory,legacy_reference,large feature experiments; requires core extraction review
runtime/a7ff55r3_repaired_atlas_dry_generation/a7ff55r3_repaired_formula_index.csv,feature_factory,legacy_reference,large feature experiments; requires core extraction review
runtime/a7ff55r3_repaired_atlas_dry_generation/a7ff55r3_repaired_materialization_queue.csv,feature_factory,legacy_reference,large feature experiments; requires core extraction review
runtime/a7ff55r4_repaired_atlas_coverage_audit/a7ff55r4_manifest.json,feature_factory,legacy_reference,large feature experiments; requires core extraction review
runtime/a7ff55r4_repaired_atlas_coverage_audit/a7ff55r4_queue_by_field_pair.csv,field_contracts,archive_only,prior governance evidence; not all scripts are runtime core
runtime/a7ff55r4_repaired_atlas_coverage_audit/a7ff55r4_queue_by_motif.csv,feature_factory,legacy_reference,large feature experiments; requires core extraction review
runtime/a7ff55r4_repaired_atlas_coverage_audit/a7ff55r4_queue_by_pair_motif.csv,feature_factory,legacy_reference,large feature experiments; requires core extraction review
runtime/a7ff55r4_repaired_atlas_coverage_audit/a7ff55r4_queue_by_primary_semantic.csv,feature_factory,legacy_reference,large feature experiments; requires core extraction review
runtime/a7ff55r4_repaired_atlas_coverage_audit/a7ff55r4_queue_by_semantic_pair.csv,feature_factory,legacy_reference,large feature experiments; requires core extraction review
runtime/a7ff55r4_repaired_atlas_coverage_audit/a7ff55r4_queue_by_shard.csv,feature_factory,legacy_reference,large feature experiments; requires core extraction review
runtime/a7ff55r5_repaired_atlas_numeric_contract/a7ff55r5_execution_env.json,feature_factory,legacy_reference,large feature experiments; requires core extraction review
runtime/a7ff55r5_repaired_atlas_numeric_contract/a7ff55r5_label_plan.csv,feature_factory,legacy_reference,large feature experiments; requires core extraction review
runtime/a7ff55r5_repaired_atlas_numeric_contract/a7ff55r5_manifest.json,feature_factory,legacy_reference,large feature experiments; requires core extraction review
runtime/a7ff55r5_repaired_atlas_numeric_contract/a7ff55r5_numeric_plan.json,feature_factory,legacy_reference,large feature experiments; requires core extraction review
runtime/a7ff55r5_repaired_atlas_numeric_contract/a7ff55r5_queue_summary.csv,feature_factory,legacy_reference,large feature experiments; requires core extraction review
runtime/a7ff55r5_repaired_atlas_numeric_contract/a7ff55r5_shard_plan.csv,feature_factory,legacy_reference,large feature experiments; requires core extraction review
runtime/a7ff55r5e_sharded_numeric_summary/a7ff55r5e_clue_family_summary.csv,feature_factory,legacy_reference,large feature experiments; requires core extraction review
runtime/a7ff55r5e_sharded_numeric_summary/a7ff55r5e_label_response_compact.csv,feature_response,archive_only,response profiling evidence
runtime/a7ff55r5e_sharded_numeric_summary/a7ff55r5e_manifest.json,feature_factory,legacy_reference,large feature experiments; requires core extraction review
runtime/a7ff55r5e_sharded_numeric_summary/a7ff55r5e_selected_family_summary.csv,feature_factory,legacy_reference,large feature experiments; requires core extraction review
runtime/a7ff55r5e_sharded_numeric_summary/a7ff55r5e_selected_queue_compact.csv,feature_factory,legacy_reference,large feature experiments; requires core extraction review
runtime/a7ff55r5e_sharded_numeric_summary/a7ff55r5e_shard_summary.csv,feature_factory,legacy_reference,large feature experiments; requires core extraction review
runtime/a7ff55r_selector_field_family_repair_contract/a7ff55r_manifest.json,field_contracts,archive_only,prior governance evidence; not all scripts are runtime core
runtime/a7ff55r_selector_field_family_repair_contract/a7ff55r_next_runner_contract.json,field_contracts,archive_only,prior governance evidence; not all scripts are runtime core
runtime/a7ff55r_selector_field_family_repair_contract/a7ff55r_prior_selected_family_exposure.csv,field_contracts,archive_only,prior governance evidence; not all scripts are runtime core
runtime/a7ff55r_selector_field_family_repair_contract/a7ff55r_prior_selected_motif_exposure.csv,field_contracts,archive_only,prior governance evidence; not all scripts are runtime core
runtime/a7ff55r_selector_field_family_repair_contract/a7ff55r_repair_actions.csv,field_contracts,archive_only,prior governance evidence; not all scripts are runtime core
runtime/a7ff55r_selector_field_family_repair_contract/a7ff55r_supplemental_family_quota.csv,field_contracts,archive_only,prior governance evidence; not all scripts are runtime core
runtime/a7ff5_factor_candidate_compiler/a7ff5_blocked_factor_blueprints.csv,feature_factory,legacy_reference,large feature experiments; requires core extraction review
runtime/a7ff5_factor_candidate_compiler/a7ff5_factor_candidate_blueprints.csv,feature_factory,legacy_reference,large feature experiments; requires core extraction review
runtime/a7ff5_factor_candidate_compiler/a7ff5_manifest.json,feature_factory,legacy_reference,large feature experiments; requires core extraction review
runtime/a7ff6_portfolio_marginal_selector_dryrun/a7ff6_manifest.json,feature_factory,legacy_reference,large feature experiments; requires core extraction review
runtime/a7ff6_portfolio_marginal_selector_dryrun/a7ff6_portfolio_marginal_queue.csv,feature_factory,legacy_reference,large feature experiments; requires core extraction review
runtime/a7ff6_portfolio_marginal_selector_dryrun/a7ff6_selected_dryrun_queue.csv,feature_factory,legacy_reference,large feature experiments; requires core extraction review
runtime/a7ff7e_expanded_derivation_probe_contract/a7ff7e_expanded_blueprint_pool.csv,feature_factory,legacy_reference,large feature experiments; requires core extraction review
runtime/a7ff7e_expanded_derivation_probe_contract/a7ff7e_manifest.json,feature_factory,legacy_reference,large feature experiments; requires core extraction review
runtime/a7ff7e_expanded_derivation_probe_contract/a7ff7e_motif_summary.csv,feature_factory,legacy_reference,large feature experiments; requires core extraction review
runtime/a7ff7e_expanded_derivation_probe_contract/a7ff7e_numeric_probe_plan.json,feature_factory,legacy_reference,large feature experiments; requires core extraction review
runtime/a7ff7e_expanded_derivation_probe_contract/a7ff7e_priority_summary.csv,feature_factory,legacy_reference,large feature experiments; requires core extraction review
runtime/a7ff7e_expanded_derivation_probe_contract/a7ff7e_selected_numeric_probe_queue.csv,feature_factory,legacy_reference,large feature experiments; requires core extraction review
runtime/a7ff7e_expanded_derivation_probe_contract/a7ff7e_semantic_pair_summary.csv,feature_factory,legacy_reference,large feature experiments; requires core extraction review
runtime/a7ff8_expanded_numeric_probe/a7ff8_control_dominance_metrics.csv,feature_factory,legacy_reference,large feature experiments; requires core extraction review
runtime/a7ff8_expanded_numeric_probe/a7ff8_control_summary.csv,feature_factory,legacy_reference,large feature experiments; requires core extraction review
runtime/a7ff8_expanded_numeric_probe/a7ff8_decision_counts.csv,feature_factory,legacy_reference,large feature experiments; requires core extraction review
runtime/a7ff8_expanded_numeric_probe/a7ff8_decision_record.json,feature_factory,legacy_reference,large feature experiments; requires core extraction review
runtime/a7ff8_expanded_numeric_probe/a7ff8_family_decision_summary.csv,feature_factory,legacy_reference,large feature experiments; requires core extraction review
runtime/a7ff8_expanded_numeric_probe/a7ff8_label_response_metrics.csv,feature_response,archive_only,response profiling evidence
runtime/a7ff8_expanded_numeric_probe/a7ff8_manifest.json,feature_factory,legacy_reference,large feature experiments; requires core extraction review
runtime/a7ff8_expanded_numeric_probe/a7ff8_materialization_metrics.csv,feature_factory,legacy_reference,large feature experiments; requires core extraction review
runtime/a7ff8_expanded_numeric_probe/a7ff8_nonoverlap_stats.csv,feature_factory,legacy_reference,large feature experiments; requires core extraction review
runtime/a7ff8_expanded_numeric_probe/a7ff8_portfolio_marginal_proxy.csv,feature_factory,legacy_reference,large feature experiments; requires core extraction review
runtime/a7ff8_expanded_numeric_probe/a7ff8_selected_portfolio_queue.csv,feature_factory,legacy_reference,large feature experiments; requires core extraction review
runtime/a7ff9_continuation_comparison/a7ff9_comparison_summary.csv,feature_factory,legacy_reference,large feature experiments; requires core extraction review
runtime/a7ff9_continuation_comparison/a7ff9_family_clue_comparison.csv,feature_factory,legacy_reference,large feature experiments; requires core extraction review
runtime/a7ff9_continuation_comparison/a7ff9_manifest.json,feature_factory,legacy_reference,large feature experiments; requires core extraction review
runtime/a7ff9_expanded_numeric_probe_continuation/a7ff9_control_dominance_metrics.csv,feature_factory,legacy_reference,large feature experiments; requires core extraction review
runtime/a7ff9_expanded_numeric_probe_continuation/a7ff9_control_summary.csv,feature_factory,legacy_reference,large feature experiments; requires core extraction review
runtime/a7ff9_expanded_numeric_probe_continuation/a7ff9_decision_counts.csv,feature_factory,legacy_reference,large feature experiments; requires core extraction review
runtime/a7ff9_expanded_numeric_probe_continuation/a7ff9_decision_record.json,feature_factory,legacy_reference,large feature experiments; requires core extraction review
runtime/a7ff9_expanded_numeric_probe_continuation/a7ff9_family_decision_summary.csv,feature_factory,legacy_reference,large feature experiments; requires core extraction review
runtime/a7ff9_expanded_numeric_probe_continuation/a7ff9_label_response_metrics.csv,feature_response,archive_only,response profiling evidence
runtime/a7ff9_expanded_numeric_probe_continuation/a7ff9_manifest.json,feature_factory,legacy_reference,large feature experiments; requires core extraction review
runtime/a7ff9_expanded_numeric_probe_continuation/a7ff9_materialization_metrics.csv,feature_factory,legacy_reference,large feature experiments; requires core extraction review
runtime/a7ff9_expanded_numeric_probe_continuation/a7ff9_nonoverlap_stats.csv,feature_factory,legacy_reference,large feature experiments; requires core extraction review
runtime/a7ff9_expanded_numeric_probe_continuation/a7ff9_portfolio_marginal_proxy.csv,feature_factory,legacy_reference,large feature experiments; requires core extraction review
runtime/a7ff9_expanded_numeric_probe_continuation/a7ff9_selected_portfolio_queue.csv,feature_factory,legacy_reference,large feature experiments; requires core extraction review
runtime/a7ff9_expanded_numeric_probe_continuation/run_a7ff9_96.ps1,feature_factory,legacy_reference,large feature experiments; requires core extraction review
runtime/a7ff_version_20260530/a7ff_v20260530_base_field_usage.csv,field_contracts,archive_only,prior governance evidence; not all scripts are runtime core
runtime/a7ff_version_20260530/a7ff_v20260530_derived_field_catalog.csv,field_contracts,archive_only,prior governance evidence; not all scripts are runtime core
runtime/a7ff_version_20260530/a7ff_v20260530_formula_family_summary.csv,feature_factory,legacy_reference,large feature experiments; requires core extraction review
runtime/a7ff_version_20260530/a7ff_v20260530_formula_index.csv,feature_factory,legacy_reference,large feature experiments; requires core extraction review
runtime/a7ff_version_20260530/a7ff_v20260530_manifest.json,feature_factory,legacy_reference,large feature experiments; requires core extraction review
runtime/a7ff_version_20260530/a7ff_v20260530_output_manifest.csv,feature_factory,legacy_reference,large feature experiments; requires core extraction review
runtime/a7ff_version_20260530/a7ff_v20260530_queue_summary.csv,feature_factory,legacy_reference,large feature experiments; requires core extraction review
runtime/a7ffcore0_typed_ast_governance/a7ffcore0_current_breakpoint.json,feature_factory,legacy_reference,large feature experiments; requires core extraction review
runtime/a7ffcore0_typed_ast_governance/a7ffcore0_expression_node_schema.json,feature_factory,legacy_reference,large feature experiments; requires core extraction review
runtime/a7ffcore0_typed_ast_governance/a7ffcore0_generator_overlap_audit.csv,feature_factory,legacy_reference,large feature experiments; requires core extraction review
runtime/a7ffcore0_typed_ast_governance/a7ffcore0_layer_boundary.csv,feature_factory,legacy_reference,large feature experiments; requires core extraction review
runtime/a7ffcore0_typed_ast_governance/a7ffcore0_manifest.json,feature_factory,legacy_reference,large feature experiments; requires core extraction review
runtime/a7ffcore0_typed_ast_governance/a7ffcore0_migration_plan.csv,feature_factory,legacy_reference,large feature experiments; requires core extraction review
runtime/a7ffcore0_typed_ast_governance/a7ffcore0_role_enforcement_matrix.csv,feature_factory,legacy_reference,large feature experiments; requires core extraction review
runtime/a7ffcore10_replay_clean_consolidation/a7ffcore10_authorization_matrix.json,feature_factory,legacy_reference,large feature experiments; requires core extraction review
runtime/a7ffcore10_replay_clean_consolidation/a7ffcore10_clean_family_summary.csv,feature_factory,legacy_reference,large feature experiments; requires core extraction review
runtime/a7ffcore10_replay_clean_consolidation/a7ffcore10_manifest.json,feature_factory,legacy_reference,large feature experiments; requires core extraction review
runtime/a7ffcore10_replay_clean_consolidation/a7ffcore10_replay_clean_candidate_pool.csv,feature_factory,legacy_reference,large feature experiments; requires core extraction review
runtime/a7ffcore10_replay_clean_consolidation/a7ffcore10_search_readiness_contract.json,feature_factory,legacy_reference,large feature experiments; requires core extraction review
runtime/a7ffcore10_replay_clean_consolidation/a7ffcore10_search_readiness_gates.csv,feature_factory,legacy_reference,large feature experiments; requires core extraction review
runtime/a7ffcore10e_search_readiness_audit/a7ffcore10e_family_summary.csv,feature_factory,legacy_reference,large feature experiments; requires core extraction review
runtime/a7ffcore10e_search_readiness_audit/a7ffcore10e_manifest.json,feature_factory,legacy_reference,large feature experiments; requires core extraction review
runtime/a7ffcore10e_search_readiness_audit/a7ffcore10e_readiness_gates.csv,feature_factory,legacy_reference,large feature experiments; requires core extraction review
runtime/a7ffcore10e_search_readiness_audit/a7ffcore10e_search_ready_seed_pool.csv,feature_factory,legacy_reference,large feature experiments; requires core extraction review
runtime/a7ffcore10e_search_readiness_audit/a7ffcore10e_small_search_contract_preview.json,feature_factory,legacy_reference,large feature experiments; requires core extraction review
runtime/a7ffcore10r_replay_clean_pool_repair/a7ffcore10r_balanced_family_summary.csv,feature_factory,legacy_reference,large feature experiments; requires core extraction review
runtime/a7ffcore10r_replay_clean_pool_repair/a7ffcore10r_balanced_replay_clean_pool.csv,feature_factory,legacy_reference,large feature experiments; requires core extraction review
runtime/a7ffcore10r_replay_clean_pool_repair/a7ffcore10r_manifest.json,feature_factory,legacy_reference,large feature experiments; requires core extraction review
runtime/a7ffcore10r_replay_clean_pool_repair/a7ffcore10r_repair_gates.csv,feature_factory,legacy_reference,large feature experiments; requires core extraction review
runtime/a7ffcore11_small_expansion_contract/a7ffcore11_authorization_matrix.json,feature_factory,legacy_reference,large feature experiments; requires core extraction review
runtime/a7ffcore11_small_expansion_contract/a7ffcore11_execution_plan.json,feature_factory,legacy_reference,large feature experiments; requires core extraction review
runtime/a7ffcore11_small_expansion_contract/a7ffcore11_family_budget.csv,feature_factory,legacy_reference,large feature experiments; requires core extraction review
runtime/a7ffcore11_small_expansion_contract/a7ffcore11_grammar_contract.json,feature_factory,legacy_reference,large feature experiments; requires core extraction review
runtime/a7ffcore11_small_expansion_contract/a7ffcore11_manifest.json,feature_factory,legacy_reference,large feature experiments; requires core extraction review
runtime/a7ffcore11_small_expansion_contract/a7ffcore11_pass_gates.json,feature_factory,legacy_reference,large feature experiments; requires core extraction review
runtime/a7ffcore11_small_expansion_contract/a7ffcore11_seed_pool.csv,feature_factory,legacy_reference,large feature experiments; requires core extraction review
runtime/a7ffcore11e_small_dry_generation/a7ffcore11e_blueprint_pool.csv,feature_factory,legacy_reference,large feature experiments; requires core extraction review
runtime/a7ffcore11e_small_dry_generation/a7ffcore11e_family_generation_summary.csv,feature_factory,legacy_reference,large feature experiments; requires core extraction review
runtime/a7ffcore11e_small_dry_generation/a7ffcore11e_manifest.json,feature_factory,legacy_reference,large feature experiments; requires core extraction review
runtime/a7ffcore11e_small_dry_generation/a7ffcore11e_parent_generation_summary.csv,feature_factory,legacy_reference,large feature experiments; requires core extraction review
runtime/a7ffcore11e_small_dry_generation/a7ffcore11e_risk_flags.csv,feature_factory,legacy_reference,large feature experiments; requires core extraction review
runtime/a7ffcore12_blueprint_registration_audit/a7ffcore12_approved_temp_subgraphs.csv,feature_factory,legacy_reference,large feature experiments; requires core extraction review
runtime/a7ffcore12_blueprint_registration_audit/a7ffcore12_family_summary.csv,feature_factory,legacy_reference,large feature experiments; requires core extraction review
runtime/a7ffcore12_blueprint_registration_audit/a7ffcore12_manifest.json,feature_factory,legacy_reference,large feature experiments; requires core extraction review
runtime/a7ffcore12_blueprint_registration_audit/a7ffcore12_operator_summary.csv,feature_factory,legacy_reference,large feature experiments; requires core extraction review
runtime/a7ffcore12_blueprint_registration_audit/a7ffcore12_proposed_subgraph_registry.csv,feature_factory,legacy_reference,large feature experiments; requires core extraction review
runtime/a7ffcore12_blueprint_registration_audit/a7ffcore12_rejected_blueprints.csv,feature_factory,legacy_reference,large feature experiments; requires core extraction review
runtime/a7ffcore12_blueprint_registration_audit/a7ffcore12_risk_flags.csv,feature_factory,legacy_reference,large feature experiments; requires core extraction review
runtime/a7ffcore12e_materialization_preflight/a7ffcore12e_error_summary.csv,feature_factory,legacy_reference,large feature experiments; requires core extraction review
runtime/a7ffcore12e_materialization_preflight/a7ffcore12e_manifest.json,feature_factory,legacy_reference,large feature experiments; requires core extraction review
runtime/a7ffcore12e_materialization_preflight/a7ffcore12e_materialization_queue.csv,feature_factory,legacy_reference,large feature experiments; requires core extraction review
runtime/a7ffcore12e_materialization_preflight/a7ffcore12e_materialization_rows.csv,feature_factory,legacy_reference,large feature experiments; requires core extraction review
runtime/a7ffcore12e_materialization_preflight/a7ffcore12e_materialization_summary.csv,feature_factory,legacy_reference,large feature experiments; requires core extraction review
runtime/a7ffcore13_numeric_response_contract/a7ffcore13_authorization_matrix.json,feature_response,archive_only,response profiling evidence
runtime/a7ffcore13_numeric_response_contract/a7ffcore13_control_contract.csv,feature_response,archive_only,response profiling evidence
runtime/a7ffcore13_numeric_response_contract/a7ffcore13_label_contract.csv,feature_response,archive_only,response profiling evidence
runtime/a7ffcore13_numeric_response_contract/a7ffcore13_manifest.json,feature_response,archive_only,response profiling evidence
runtime/a7ffcore13_numeric_response_contract/a7ffcore13_numeric_response_queue.csv,feature_response,archive_only,response profiling evidence
runtime/a7ffcore13_numeric_response_contract/a7ffcore13_pass_gates.json,feature_response,archive_only,response profiling evidence
runtime/a7ffcore13_numeric_response_contract/a7ffcore13_shard_plan.csv,feature_response,archive_only,response profiling evidence
runtime/a7ffcore13e_numeric_response/a7ffcore13e_family_summary.csv,feature_response,archive_only,response profiling evidence
runtime/a7ffcore13e_numeric_response/a7ffcore13e_label_summary.csv,feature_response,archive_only,response profiling evidence
runtime/a7ffcore13e_numeric_response/a7ffcore13e_manifest.json,feature_response,archive_only,response profiling evidence
runtime/a7ffcore13e_numeric_response/a7ffcore13e_numeric_clues.csv,feature_response,archive_only,response profiling evidence
runtime/a7ffcore13e_numeric_response/a7ffcore13e_response_rows.csv,feature_response,archive_only,response profiling evidence
runtime/a7ffcore14_replay_preflight_contract/a7ffcore14_family_summary.csv,feature_factory,legacy_reference,large feature experiments; requires core extraction review
runtime/a7ffcore14_replay_preflight_contract/a7ffcore14_gates.csv,feature_factory,legacy_reference,large feature experiments; requires core extraction review
runtime/a7ffcore14_replay_preflight_contract/a7ffcore14_label_summary.csv,feature_factory,legacy_reference,large feature experiments; requires core extraction review
runtime/a7ffcore14_replay_preflight_contract/a7ffcore14_manifest.json,feature_factory,legacy_reference,large feature experiments; requires core extraction review
runtime/a7ffcore14_replay_preflight_contract/a7ffcore14_replay_packet.csv,feature_factory,legacy_reference,large feature experiments; requires core extraction review
runtime/a7ffcore14_replay_preflight_contract/a7ffcore14_replay_protocol.json,feature_factory,legacy_reference,large feature experiments; requires core extraction review
runtime/a7ffcore14e_bounded_replay/a7ffcore14e_candidate_summary.csv,feature_factory,legacy_reference,large feature experiments; requires core extraction review
runtime/a7ffcore14e_bounded_replay/a7ffcore14e_family_summary.csv,feature_factory,legacy_reference,large feature experiments; requires core extraction review
runtime/a7ffcore14e_bounded_replay/a7ffcore14e_manifest.json,feature_factory,legacy_reference,large feature experiments; requires core extraction review
runtime/a7ffcore14e_bounded_replay/a7ffcore14e_replay_clean_candidates.csv,feature_factory,legacy_reference,large feature experiments; requires core extraction review
runtime/a7ffcore14e_bounded_replay/a7ffcore14e_replay_rows.csv,feature_factory,legacy_reference,large feature experiments; requires core extraction review
runtime/a7ffcore14r_replay_failure_forensic/a7ffcore14r_control_dominance_summary.csv,feature_factory,legacy_reference,large feature experiments; requires core extraction review
runtime/a7ffcore14r_replay_failure_forensic/a7ffcore14r_gate_sensitivity.csv,feature_factory,legacy_reference,large feature experiments; requires core extraction review
runtime/a7ffcore14r_replay_failure_forensic/a7ffcore14r_manifest.json,feature_factory,legacy_reference,large feature experiments; requires core extraction review
runtime/a7ffcore14r_replay_failure_forensic/a7ffcore14r_near_miss_candidates.csv,feature_factory,legacy_reference,large feature experiments; requires core extraction review
runtime/a7ffcore14r_replay_failure_forensic/a7ffcore14r_source_candidate_summary.csv,feature_factory,legacy_reference,large feature experiments; requires core extraction review
runtime/a7ffcore14r_replay_failure_forensic/a7ffcore14r_source_family_summary.csv,feature_factory,legacy_reference,large feature experiments; requires core extraction review
runtime/a7ffcore14r_replay_failure_forensic/a7ffcore14r_split_gate_summary.csv,feature_factory,legacy_reference,large feature experiments; requires core extraction review
runtime/a7ffcore14s_replay_packet_repair_contract/a7ffcore14s_blocked_tasks.csv,feature_factory,legacy_reference,large feature experiments; requires core extraction review
runtime/a7ffcore14s_replay_packet_repair_contract/a7ffcore14s_manifest.json,feature_factory,legacy_reference,large feature experiments; requires core extraction review
runtime/a7ffcore14s_replay_packet_repair_contract/a7ffcore14s_next_contract.json,feature_factory,legacy_reference,large feature experiments; requires core extraction review
runtime/a7ffcore14s_replay_packet_repair_contract/a7ffcore14s_repair_rules.csv,feature_factory,legacy_reference,large feature experiments; requires core extraction review
runtime/a7ffcore14s_replay_packet_repair_contract/a7ffcore14s_source_control_dominance.csv,feature_factory,legacy_reference,large feature experiments; requires core extraction review
runtime/a7ffcore14s_replay_packet_repair_contract/a7ffcore14s_source_family_summary.csv,feature_factory,legacy_reference,large feature experiments; requires core extraction review
runtime/a7ffcore14s_replay_packet_repair_contract/a7ffcore14s_source_gate_sensitivity.csv,feature_factory,legacy_reference,large feature experiments; requires core extraction review
runtime/a7ffcore14se_repaired_packet_construction/a7ffcore14se_family_summary.csv,feature_factory,legacy_reference,large feature experiments; requires core extraction review
runtime/a7ffcore14se_repaired_packet_construction/a7ffcore14se_gates.json,feature_factory,legacy_reference,large feature experiments; requires core extraction review
runtime/a7ffcore14se_repaired_packet_construction/a7ffcore14se_manifest.json,feature_factory,legacy_reference,large feature experiments; requires core extraction review
runtime/a7ffcore14se_repaired_packet_construction/a7ffcore14se_repaired_replay_packet.csv,feature_factory,legacy_reference,large feature experiments; requires core extraction review
runtime/a7ffcore14se_repaired_packet_construction/a7ffcore14se_scored_source_pool.csv,feature_factory,legacy_reference,large feature experiments; requires core extraction review
runtime/a7ffcore14see_sharded_bounded_replay/a7ffcore14see_candidate_summary.csv,feature_factory,legacy_reference,large feature experiments; requires core extraction review
runtime/a7ffcore14see_sharded_bounded_replay/a7ffcore14see_family_summary_by_shard.csv,feature_factory,legacy_reference,large feature experiments; requires core extraction review
runtime/a7ffcore14see_sharded_bounded_replay/a7ffcore14see_manifest.json,feature_factory,legacy_reference,large feature experiments; requires core extraction review
runtime/a7ffcore14see_sharded_bounded_replay/a7ffcore14see_replay_clean_candidates.csv,feature_factory,legacy_reference,large feature experiments; requires core extraction review
runtime/a7ffcore14see_sharded_bounded_replay/a7ffcore14see_replay_rows.csv,feature_factory,legacy_reference,large feature experiments; requires core extraction review
runtime/a7ffcore14see_sharded_bounded_replay/a7ffcore14see_shard_manifest_summary.csv,feature_factory,legacy_reference,large feature experiments; requires core extraction review
runtime/a7ffcore14see_sharded_bounded_replay/shard_00_of_16/a7ffcore14e_candidate_summary.csv,feature_factory,legacy_reference,large feature experiments; requires core extraction review
runtime/a7ffcore14see_sharded_bounded_replay/shard_00_of_16/a7ffcore14e_family_summary.csv,feature_factory,legacy_reference,large feature experiments; requires core extraction review
runtime/a7ffcore14see_sharded_bounded_replay/shard_00_of_16/a7ffcore14e_manifest.json,feature_factory,legacy_reference,large feature experiments; requires core extraction review
runtime/a7ffcore14see_sharded_bounded_replay/shard_00_of_16/a7ffcore14e_replay_clean_candidates.csv,feature_factory,legacy_reference,large feature experiments; requires core extraction review
runtime/a7ffcore14see_sharded_bounded_replay/shard_00_of_16/a7ffcore14e_replay_rows.csv,feature_factory,legacy_reference,large feature experiments; requires core extraction review
runtime/a7ffcore14see_sharded_bounded_replay/shard_00_of_16/a7ffcore14see_shard_manifest.json,feature_factory,legacy_reference,large feature experiments; requires core extraction review
runtime/a7ffcore14see_sharded_bounded_replay/shard_00_of_16/a7ffcore14see_shard_packet.csv,feature_factory,legacy_reference,large feature experiments; requires core extraction review
runtime/a7ffcore14see_sharded_bounded_replay/shard_00_of_16/a7ffcore14see_shard_report.md,feature_factory,legacy_reference,large feature experiments; requires core extraction review
runtime/a7ffcore14see_sharded_bounded_replay/shard_00_of_16/a7ffcore14see_source_shim.json,feature_factory,legacy_reference,large feature experiments; requires core extraction review
runtime/a7ffcore14see_sharded_bounded_replay/shard_01_of_16/a7ffcore14e_candidate_summary.csv,feature_factory,legacy_reference,large feature experiments; requires core extraction review
runtime/a7ffcore14see_sharded_bounded_replay/shard_01_of_16/a7ffcore14e_family_summary.csv,feature_factory,legacy_reference,large feature experiments; requires core extraction review
runtime/a7ffcore14see_sharded_bounded_replay/shard_01_of_16/a7ffcore14e_manifest.json,feature_factory,legacy_reference,large feature experiments; requires core extraction review
runtime/a7ffcore14see_sharded_bounded_replay/shard_01_of_16/a7ffcore14e_replay_clean_candidates.csv,feature_factory,legacy_reference,large feature experiments; requires core extraction review
runtime/a7ffcore14see_sharded_bounded_replay/shard_01_of_16/a7ffcore14e_replay_rows.csv,feature_factory,legacy_reference,large feature experiments; requires core extraction review
runtime/a7ffcore14see_sharded_bounded_replay/shard_01_of_16/a7ffcore14see_shard_manifest.json,feature_factory,legacy_reference,large feature experiments; requires core extraction review
runtime/a7ffcore14see_sharded_bounded_replay/shard_01_of_16/a7ffcore14see_shard_packet.csv,feature_factory,legacy_reference,large feature experiments; requires core extraction review
runtime/a7ffcore14see_sharded_bounded_replay/shard_01_of_16/a7ffcore14see_shard_report.md,feature_factory,legacy_reference,large feature experiments; requires core extraction review
runtime/a7ffcore14see_sharded_bounded_replay/shard_01_of_16/a7ffcore14see_source_shim.json,feature_factory,legacy_reference,large feature experiments; requires core extraction review
runtime/a7ffcore14see_sharded_bounded_replay/shard_02_of_16/a7ffcore14e_candidate_summary.csv,feature_factory,legacy_reference,large feature experiments; requires core extraction review
runtime/a7ffcore14see_sharded_bounded_replay/shard_02_of_16/a7ffcore14e_family_summary.csv,feature_factory,legacy_reference,large feature experiments; requires core extraction review
runtime/a7ffcore14see_sharded_bounded_replay/shard_02_of_16/a7ffcore14e_manifest.json,feature_factory,legacy_reference,large feature experiments; requires core extraction review
runtime/a7ffcore14see_sharded_bounded_replay/shard_02_of_16/a7ffcore14e_replay_clean_candidates.csv,feature_factory,legacy_reference,large feature experiments; requires core extraction review
runtime/a7ffcore14see_sharded_bounded_replay/shard_02_of_16/a7ffcore14e_replay_rows.csv,feature_factory,legacy_reference,large feature experiments; requires core extraction review
runtime/a7ffcore14see_sharded_bounded_replay/shard_02_of_16/a7ffcore14see_shard_manifest.json,feature_factory,legacy_reference,large feature experiments; requires core extraction review
runtime/a7ffcore14see_sharded_bounded_replay/shard_02_of_16/a7ffcore14see_shard_packet.csv,feature_factory,legacy_reference,large feature experiments; requires core extraction review
runtime/a7ffcore14see_sharded_bounded_replay/shard_02_of_16/a7ffcore14see_shard_report.md,feature_factory,legacy_reference,large feature experiments; requires core extraction review
runtime/a7ffcore14see_sharded_bounded_replay/shard_02_of_16/a7ffcore14see_source_shim.json,feature_factory,legacy_reference,large feature experiments; requires core extraction review
runtime/a7ffcore14see_sharded_bounded_replay/shard_03_of_16/a7ffcore14e_candidate_summary.csv,feature_factory,legacy_reference,large feature experiments; requires core extraction review
runtime/a7ffcore14see_sharded_bounded_replay/shard_03_of_16/a7ffcore14e_family_summary.csv,feature_factory,legacy_reference,large feature experiments; requires core extraction review
runtime/a7ffcore14see_sharded_bounded_replay/shard_03_of_16/a7ffcore14e_manifest.json,feature_factory,legacy_reference,large feature experiments; requires core extraction review
runtime/a7ffcore14see_sharded_bounded_replay/shard_03_of_16/a7ffcore14e_replay_clean_candidates.csv,feature_factory,legacy_reference,large feature experiments; requires core extraction review
runtime/a7ffcore14see_sharded_bounded_replay/shard_03_of_16/a7ffcore14e_replay_rows.csv,feature_factory,legacy_reference,large feature experiments; requires core extraction review
runtime/a7ffcore14see_sharded_bounded_replay/shard_03_of_16/a7ffcore14see_shard_manifest.json,feature_factory,legacy_reference,large feature experiments; requires core extraction review
runtime/a7ffcore14see_sharded_bounded_replay/shard_03_of_16/a7ffcore14see_shard_packet.csv,feature_factory,legacy_reference,large feature experiments; requires core extraction review
runtime/a7ffcore14see_sharded_bounded_replay/shard_03_of_16/a7ffcore14see_shard_report.md,feature_factory,legacy_reference,large feature experiments; requires core extraction review
runtime/a7ffcore14see_sharded_bounded_replay/shard_03_of_16/a7ffcore14see_source_shim.json,feature_factory,legacy_reference,large feature experiments; requires core extraction review
runtime/a7ffcore14see_sharded_bounded_replay/shard_04_of_16/a7ffcore14e_candidate_summary.csv,feature_factory,legacy_reference,large feature experiments; requires core extraction review
runtime/a7ffcore14see_sharded_bounded_replay/shard_04_of_16/a7ffcore14e_family_summary.csv,feature_factory,legacy_reference,large feature experiments; requires core extraction review
runtime/a7ffcore14see_sharded_bounded_replay/shard_04_of_16/a7ffcore14e_manifest.json,feature_factory,legacy_reference,large feature experiments; requires core extraction review
runtime/a7ffcore14see_sharded_bounded_replay/shard_04_of_16/a7ffcore14e_replay_clean_candidates.csv,feature_factory,legacy_reference,large feature experiments; requires core extraction review
runtime/a7ffcore14see_sharded_bounded_replay/shard_04_of_16/a7ffcore14e_replay_rows.csv,feature_factory,legacy_reference,large feature experiments; requires core extraction review
runtime/a7ffcore14see_sharded_bounded_replay/shard_04_of_16/a7ffcore14see_shard_manifest.json,feature_factory,legacy_reference,large feature experiments; requires core extraction review
runtime/a7ffcore14see_sharded_bounded_replay/shard_04_of_16/a7ffcore14see_shard_packet.csv,feature_factory,legacy_reference,large feature experiments; requires core extraction review
runtime/a7ffcore14see_sharded_bounded_replay/shard_04_of_16/a7ffcore14see_shard_report.md,feature_factory,legacy_reference,large feature experiments; requires core extraction review
runtime/a7ffcore14see_sharded_bounded_replay/shard_04_of_16/a7ffcore14see_source_shim.json,feature_factory,legacy_reference,large feature experiments; requires core extraction review
runtime/a7ffcore14see_sharded_bounded_replay/shard_05_of_16/a7ffcore14e_candidate_summary.csv,feature_factory,legacy_reference,large feature experiments; requires core extraction review
runtime/a7ffcore14see_sharded_bounded_replay/shard_05_of_16/a7ffcore14e_family_summary.csv,feature_factory,legacy_reference,large feature experiments; requires core extraction review
runtime/a7ffcore14see_sharded_bounded_replay/shard_05_of_16/a7ffcore14e_manifest.json,feature_factory,legacy_reference,large feature experiments; requires core extraction review
runtime/a7ffcore14see_sharded_bounded_replay/shard_05_of_16/a7ffcore14e_replay_clean_candidates.csv,feature_factory,legacy_reference,large feature experiments; requires core extraction review
runtime/a7ffcore14see_sharded_bounded_replay/shard_05_of_16/a7ffcore14e_replay_rows.csv,feature_factory,legacy_reference,large feature experiments; requires core extraction review
runtime/a7ffcore14see_sharded_bounded_replay/shard_05_of_16/a7ffcore14see_shard_manifest.json,feature_factory,legacy_reference,large feature experiments; requires core extraction review
runtime/a7ffcore14see_sharded_bounded_replay/shard_05_of_16/a7ffcore14see_shard_packet.csv,feature_factory,legacy_reference,large feature experiments; requires core extraction review
runtime/a7ffcore14see_sharded_bounded_replay/shard_05_of_16/a7ffcore14see_shard_report.md,feature_factory,legacy_reference,large feature experiments; requires core extraction review
runtime/a7ffcore14see_sharded_bounded_replay/shard_05_of_16/a7ffcore14see_source_shim.json,feature_factory,legacy_reference,large feature experiments; requires core extraction review
runtime/a7ffcore14see_sharded_bounded_replay/shard_06_of_16/a7ffcore14e_candidate_summary.csv,feature_factory,legacy_reference,large feature experiments; requires core extraction review
runtime/a7ffcore14see_sharded_bounded_replay/shard_06_of_16/a7ffcore14e_family_summary.csv,feature_factory,legacy_reference,large feature experiments; requires core extraction review
runtime/a7ffcore14see_sharded_bounded_replay/shard_06_of_16/a7ffcore14e_manifest.json,feature_factory,legacy_reference,large feature experiments; requires core extraction review
runtime/a7ffcore14see_sharded_bounded_replay/shard_06_of_16/a7ffcore14e_replay_clean_candidates.csv,feature_factory,legacy_reference,large feature experiments; requires core extraction review
runtime/a7ffcore14see_sharded_bounded_replay/shard_06_of_16/a7ffcore14e_replay_rows.csv,feature_factory,legacy_reference,large feature experiments; requires core extraction review
runtime/a7ffcore14see_sharded_bounded_replay/shard_06_of_16/a7ffcore14see_shard_manifest.json,feature_factory,legacy_reference,large feature experiments; requires core extraction review
runtime/a7ffcore14see_sharded_bounded_replay/shard_06_of_16/a7ffcore14see_shard_packet.csv,feature_factory,legacy_reference,large feature experiments; requires core extraction review
runtime/a7ffcore14see_sharded_bounded_replay/shard_06_of_16/a7ffcore14see_shard_report.md,feature_factory,legacy_reference,large feature experiments; requires core extraction review
runtime/a7ffcore14see_sharded_bounded_replay/shard_06_of_16/a7ffcore14see_source_shim.json,feature_factory,legacy_reference,large feature experiments; requires core extraction review
runtime/a7ffcore14see_sharded_bounded_replay/shard_07_of_16/a7ffcore14e_candidate_summary.csv,feature_factory,legacy_reference,large feature experiments; requires core extraction review
runtime/a7ffcore14see_sharded_bounded_replay/shard_07_of_16/a7ffcore14e_family_summary.csv,feature_factory,legacy_reference,large feature experiments; requires core extraction review
runtime/a7ffcore14see_sharded_bounded_replay/shard_07_of_16/a7ffcore14e_manifest.json,feature_factory,legacy_reference,large feature experiments; requires core extraction review
runtime/a7ffcore14see_sharded_bounded_replay/shard_07_of_16/a7ffcore14e_replay_clean_candidates.csv,feature_factory,legacy_reference,large feature experiments; requires core extraction review
runtime/a7ffcore14see_sharded_bounded_replay/shard_07_of_16/a7ffcore14e_replay_rows.csv,feature_factory,legacy_reference,large feature experiments; requires core extraction review
runtime/a7ffcore14see_sharded_bounded_replay/shard_07_of_16/a7ffcore14see_shard_manifest.json,feature_factory,legacy_reference,large feature experiments; requires core extraction review
runtime/a7ffcore14see_sharded_bounded_replay/shard_07_of_16/a7ffcore14see_shard_packet.csv,feature_factory,legacy_reference,large feature experiments; requires core extraction review
runtime/a7ffcore14see_sharded_bounded_replay/shard_07_of_16/a7ffcore14see_shard_report.md,feature_factory,legacy_reference,large feature experiments; requires core extraction review
runtime/a7ffcore14see_sharded_bounded_replay/shard_07_of_16/a7ffcore14see_source_shim.json,feature_factory,legacy_reference,large feature experiments; requires core extraction review
runtime/a7ffcore14see_sharded_bounded_replay/shard_08_of_16/a7ffcore14e_candidate_summary.csv,feature_factory,legacy_reference,large feature experiments; requires core extraction review
runtime/a7ffcore14see_sharded_bounded_replay/shard_08_of_16/a7ffcore14e_family_summary.csv,feature_factory,legacy_reference,large feature experiments; requires core extraction review
runtime/a7ffcore14see_sharded_bounded_replay/shard_08_of_16/a7ffcore14e_manifest.json,feature_factory,legacy_reference,large feature experiments; requires core extraction review
runtime/a7ffcore14see_sharded_bounded_replay/shard_08_of_16/a7ffcore14e_replay_clean_candidates.csv,feature_factory,legacy_reference,large feature experiments; requires core extraction review
runtime/a7ffcore14see_sharded_bounded_replay/shard_08_of_16/a7ffcore14e_replay_rows.csv,feature_factory,legacy_reference,large feature experiments; requires core extraction review
runtime/a7ffcore14see_sharded_bounded_replay/shard_08_of_16/a7ffcore14see_shard_manifest.json,feature_factory,legacy_reference,large feature experiments; requires core extraction review
runtime/a7ffcore14see_sharded_bounded_replay/shard_08_of_16/a7ffcore14see_shard_packet.csv,feature_factory,legacy_reference,large feature experiments; requires core extraction review
runtime/a7ffcore14see_sharded_bounded_replay/shard_08_of_16/a7ffcore14see_shard_report.md,feature_factory,legacy_reference,large feature experiments; requires core extraction review
runtime/a7ffcore14see_sharded_bounded_replay/shard_08_of_16/a7ffcore14see_source_shim.json,feature_factory,legacy_reference,large feature experiments; requires core extraction review
runtime/a7ffcore14see_sharded_bounded_replay/shard_09_of_16/a7ffcore14e_candidate_summary.csv,feature_factory,legacy_reference,large feature experiments; requires core extraction review
runtime/a7ffcore14see_sharded_bounded_replay/shard_09_of_16/a7ffcore14e_family_summary.csv,feature_factory,legacy_reference,large feature experiments; requires core extraction review
runtime/a7ffcore14see_sharded_bounded_replay/shard_09_of_16/a7ffcore14e_manifest.json,feature_factory,legacy_reference,large feature experiments; requires core extraction review
runtime/a7ffcore14see_sharded_bounded_replay/shard_09_of_16/a7ffcore14e_replay_clean_candidates.csv,feature_factory,legacy_reference,large feature experiments; requires core extraction review
runtime/a7ffcore14see_sharded_bounded_replay/shard_09_of_16/a7ffcore14e_replay_rows.csv,feature_factory,legacy_reference,large feature experiments; requires core extraction review
runtime/a7ffcore14see_sharded_bounded_replay/shard_09_of_16/a7ffcore14see_shard_manifest.json,feature_factory,legacy_reference,large feature experiments; requires core extraction review
runtime/a7ffcore14see_sharded_bounded_replay/shard_09_of_16/a7ffcore14see_shard_packet.csv,feature_factory,legacy_reference,large feature experiments; requires core extraction review
runtime/a7ffcore14see_sharded_bounded_replay/shard_09_of_16/a7ffcore14see_shard_report.md,feature_factory,legacy_reference,large feature experiments; requires core extraction review
runtime/a7ffcore14see_sharded_bounded_replay/shard_09_of_16/a7ffcore14see_source_shim.json,feature_factory,legacy_reference,large feature experiments; requires core extraction review
runtime/a7ffcore14see_sharded_bounded_replay/shard_10_of_16/a7ffcore14e_candidate_summary.csv,feature_factory,legacy_reference,large feature experiments; requires core extraction review
runtime/a7ffcore14see_sharded_bounded_replay/shard_10_of_16/a7ffcore14e_family_summary.csv,feature_factory,legacy_reference,large feature experiments; requires core extraction review
runtime/a7ffcore14see_sharded_bounded_replay/shard_10_of_16/a7ffcore14e_manifest.json,feature_factory,legacy_reference,large feature experiments; requires core extraction review
runtime/a7ffcore14see_sharded_bounded_replay/shard_10_of_16/a7ffcore14e_replay_clean_candidates.csv,feature_factory,legacy_reference,large feature experiments; requires core extraction review
runtime/a7ffcore14see_sharded_bounded_replay/shard_10_of_16/a7ffcore14e_replay_rows.csv,feature_factory,legacy_reference,large feature experiments; requires core extraction review
runtime/a7ffcore14see_sharded_bounded_replay/shard_10_of_16/a7ffcore14see_shard_manifest.json,feature_factory,legacy_reference,large feature experiments; requires core extraction review
runtime/a7ffcore14see_sharded_bounded_replay/shard_10_of_16/a7ffcore14see_shard_packet.csv,feature_factory,legacy_reference,large feature experiments; requires core extraction review
runtime/a7ffcore14see_sharded_bounded_replay/shard_10_of_16/a7ffcore14see_shard_report.md,feature_factory,legacy_reference,large feature experiments; requires core extraction review
runtime/a7ffcore14see_sharded_bounded_replay/shard_10_of_16/a7ffcore14see_source_shim.json,feature_factory,legacy_reference,large feature experiments; requires core extraction review
runtime/a7ffcore14see_sharded_bounded_replay/shard_11_of_16/a7ffcore14e_candidate_summary.csv,feature_factory,legacy_reference,large feature experiments; requires core extraction review
runtime/a7ffcore14see_sharded_bounded_replay/shard_11_of_16/a7ffcore14e_family_summary.csv,feature_factory,legacy_reference,large feature experiments; requires core extraction review
runtime/a7ffcore14see_sharded_bounded_replay/shard_11_of_16/a7ffcore14e_manifest.json,feature_factory,legacy_reference,large feature experiments; requires core extraction review
runtime/a7ffcore14see_sharded_bounded_replay/shard_11_of_16/a7ffcore14e_replay_clean_candidates.csv,feature_factory,legacy_reference,large feature experiments; requires core extraction review
runtime/a7ffcore14see_sharded_bounded_replay/shard_11_of_16/a7ffcore14e_replay_rows.csv,feature_factory,legacy_reference,large feature experiments; requires core extraction review
runtime/a7ffcore14see_sharded_bounded_replay/shard_11_of_16/a7ffcore14see_shard_manifest.json,feature_factory,legacy_reference,large feature experiments; requires core extraction review
runtime/a7ffcore14see_sharded_bounded_replay/shard_11_of_16/a7ffcore14see_shard_packet.csv,feature_factory,legacy_reference,large feature experiments; requires core extraction review
runtime/a7ffcore14see_sharded_bounded_replay/shard_11_of_16/a7ffcore14see_shard_report.md,feature_factory,legacy_reference,large feature experiments; requires core extraction review
runtime/a7ffcore14see_sharded_bounded_replay/shard_11_of_16/a7ffcore14see_source_shim.json,feature_factory,legacy_reference,large feature experiments; requires core extraction review
runtime/a7ffcore14see_sharded_bounded_replay/shard_12_of_16/a7ffcore14e_candidate_summary.csv,feature_factory,legacy_reference,large feature experiments; requires core extraction review
runtime/a7ffcore14see_sharded_bounded_replay/shard_12_of_16/a7ffcore14e_family_summary.csv,feature_factory,legacy_reference,large feature experiments; requires core extraction review
runtime/a7ffcore14see_sharded_bounded_replay/shard_12_of_16/a7ffcore14e_manifest.json,feature_factory,legacy_reference,large feature experiments; requires core extraction review
runtime/a7ffcore14see_sharded_bounded_replay/shard_12_of_16/a7ffcore14e_replay_clean_candidates.csv,feature_factory,legacy_reference,large feature experiments; requires core extraction review
runtime/a7ffcore14see_sharded_bounded_replay/shard_12_of_16/a7ffcore14e_replay_rows.csv,feature_factory,legacy_reference,large feature experiments; requires core extraction review
runtime/a7ffcore14see_sharded_bounded_replay/shard_12_of_16/a7ffcore14see_shard_manifest.json,feature_factory,legacy_reference,large feature experiments; requires core extraction review
runtime/a7ffcore14see_sharded_bounded_replay/shard_12_of_16/a7ffcore14see_shard_packet.csv,feature_factory,legacy_reference,large feature experiments; requires core extraction review
runtime/a7ffcore14see_sharded_bounded_replay/shard_12_of_16/a7ffcore14see_shard_report.md,feature_factory,legacy_reference,large feature experiments; requires core extraction review
runtime/a7ffcore14see_sharded_bounded_replay/shard_12_of_16/a7ffcore14see_source_shim.json,feature_factory,legacy_reference,large feature experiments; requires core extraction review
runtime/a7ffcore14see_sharded_bounded_replay/shard_13_of_16/a7ffcore14e_candidate_summary.csv,feature_factory,legacy_reference,large feature experiments; requires core extraction review
runtime/a7ffcore14see_sharded_bounded_replay/shard_13_of_16/a7ffcore14e_family_summary.csv,feature_factory,legacy_reference,large feature experiments; requires core extraction review
runtime/a7ffcore14see_sharded_bounded_replay/shard_13_of_16/a7ffcore14e_manifest.json,feature_factory,legacy_reference,large feature experiments; requires core extraction review
runtime/a7ffcore14see_sharded_bounded_replay/shard_13_of_16/a7ffcore14e_replay_clean_candidates.csv,feature_factory,legacy_reference,large feature experiments; requires core extraction review
runtime/a7ffcore14see_sharded_bounded_replay/shard_13_of_16/a7ffcore14e_replay_rows.csv,feature_factory,legacy_reference,large feature experiments; requires core extraction review
runtime/a7ffcore14see_sharded_bounded_replay/shard_13_of_16/a7ffcore14see_shard_manifest.json,feature_factory,legacy_reference,large feature experiments; requires core extraction review
runtime/a7ffcore14see_sharded_bounded_replay/shard_13_of_16/a7ffcore14see_shard_packet.csv,feature_factory,legacy_reference,large feature experiments; requires core extraction review
runtime/a7ffcore14see_sharded_bounded_replay/shard_13_of_16/a7ffcore14see_shard_report.md,feature_factory,legacy_reference,large feature experiments; requires core extraction review
runtime/a7ffcore14see_sharded_bounded_replay/shard_13_of_16/a7ffcore14see_source_shim.json,feature_factory,legacy_reference,large feature experiments; requires core extraction review
runtime/a7ffcore14see_sharded_bounded_replay/shard_14_of_16/a7ffcore14e_candidate_summary.csv,feature_factory,legacy_reference,large feature experiments; requires core extraction review
runtime/a7ffcore14see_sharded_bounded_replay/shard_14_of_16/a7ffcore14e_family_summary.csv,feature_factory,legacy_reference,large feature experiments; requires core extraction review
runtime/a7ffcore14see_sharded_bounded_replay/shard_14_of_16/a7ffcore14e_manifest.json,feature_factory,legacy_reference,large feature experiments; requires core extraction review
runtime/a7ffcore14see_sharded_bounded_replay/shard_14_of_16/a7ffcore14e_replay_clean_candidates.csv,feature_factory,legacy_reference,large feature experiments; requires core extraction review
runtime/a7ffcore14see_sharded_bounded_replay/shard_14_of_16/a7ffcore14e_replay_rows.csv,feature_factory,legacy_reference,large feature experiments; requires core extraction review
runtime/a7ffcore14see_sharded_bounded_replay/shard_14_of_16/a7ffcore14see_shard_manifest.json,feature_factory,legacy_reference,large feature experiments; requires core extraction review
runtime/a7ffcore14see_sharded_bounded_replay/shard_14_of_16/a7ffcore14see_shard_packet.csv,feature_factory,legacy_reference,large feature experiments; requires core extraction review
runtime/a7ffcore14see_sharded_bounded_replay/shard_14_of_16/a7ffcore14see_shard_report.md,feature_factory,legacy_reference,large feature experiments; requires core extraction review
runtime/a7ffcore14see_sharded_bounded_replay/shard_14_of_16/a7ffcore14see_source_shim.json,feature_factory,legacy_reference,large feature experiments; requires core extraction review
runtime/a7ffcore14see_sharded_bounded_replay/shard_15_of_16/a7ffcore14e_candidate_summary.csv,feature_factory,legacy_reference,large feature experiments; requires core extraction review
runtime/a7ffcore14see_sharded_bounded_replay/shard_15_of_16/a7ffcore14e_family_summary.csv,feature_factory,legacy_reference,large feature experiments; requires core extraction review
runtime/a7ffcore14see_sharded_bounded_replay/shard_15_of_16/a7ffcore14e_manifest.json,feature_factory,legacy_reference,large feature experiments; requires core extraction review
runtime/a7ffcore14see_sharded_bounded_replay/shard_15_of_16/a7ffcore14e_replay_clean_candidates.csv,feature_factory,legacy_reference,large feature experiments; requires core extraction review
runtime/a7ffcore14see_sharded_bounded_replay/shard_15_of_16/a7ffcore14e_replay_rows.csv,feature_factory,legacy_reference,large feature experiments; requires core extraction review
runtime/a7ffcore14see_sharded_bounded_replay/shard_15_of_16/a7ffcore14see_shard_manifest.json,feature_factory,legacy_reference,large feature experiments; requires core extraction review
runtime/a7ffcore14see_sharded_bounded_replay/shard_15_of_16/a7ffcore14see_shard_packet.csv,feature_factory,legacy_reference,large feature experiments; requires core extraction review
runtime/a7ffcore14see_sharded_bounded_replay/shard_15_of_16/a7ffcore14see_shard_report.md,feature_factory,legacy_reference,large feature experiments; requires core extraction review
runtime/a7ffcore14see_sharded_bounded_replay/shard_15_of_16/a7ffcore14see_source_shim.json,feature_factory,legacy_reference,large feature experiments; requires core extraction review
runtime/a7ffcore14ser_repaired_replay_forensic/a7ffcore14ser_candidate_summary.csv,feature_factory,legacy_reference,large feature experiments; requires core extraction review
runtime/a7ffcore14ser_repaired_replay_forensic/a7ffcore14ser_clean_candidates.csv,feature_factory,legacy_reference,large feature experiments; requires core extraction review
runtime/a7ffcore14ser_repaired_replay_forensic/a7ffcore14ser_family_summary.csv,feature_factory,legacy_reference,large feature experiments; requires core extraction review
runtime/a7ffcore14ser_repaired_replay_forensic/a7ffcore14ser_gate_sensitivity.csv,feature_factory,legacy_reference,large feature experiments; requires core extraction review
runtime/a7ffcore14ser_repaired_replay_forensic/a7ffcore14ser_manifest.json,feature_factory,legacy_reference,large feature experiments; requires core extraction review
runtime/a7ffcore14ser_repaired_replay_forensic/a7ffcore14ser_split_summary.csv,feature_factory,legacy_reference,large feature experiments; requires core extraction review
runtime/a7ffcore15x_objective_surface_reset_contract/a7ffcore15x_allowed_family_policy.csv,feature_factory,legacy_reference,large feature experiments; requires core extraction review
runtime/a7ffcore15x_objective_surface_reset_contract/a7ffcore15x_blocked_actions.csv,feature_factory,legacy_reference,large feature experiments; requires core extraction review
runtime/a7ffcore15x_objective_surface_reset_contract/a7ffcore15x_manifest.json,feature_factory,legacy_reference,large feature experiments; requires core extraction review
runtime/a7ffcore15x_objective_surface_reset_contract/a7ffcore15x_next_contract.json,feature_factory,legacy_reference,large feature experiments; requires core extraction review
runtime/a7ffcore15x_objective_surface_reset_contract/a7ffcore15x_reset_axes.csv,feature_factory,legacy_reference,large feature experiments; requires core extraction review
runtime/a7ffcore15x_objective_surface_reset_contract/a7ffcore15x_source_family_summary.csv,feature_factory,legacy_reference,large feature experiments; requires core extraction review
runtime/a7ffcore15x_objective_surface_reset_contract/a7ffcore15x_source_gate_sensitivity.csv,feature_factory,legacy_reference,large feature experiments; requires core extraction review
runtime/a7ffcore15y_replay_stability_surface/a7ffcore15y_candidate_surface_matrix.csv,feature_factory,legacy_reference,large feature experiments; requires core extraction review
runtime/a7ffcore15y_replay_stability_surface/a7ffcore15y_family_scorecard.csv,feature_factory,legacy_reference,large feature experiments; requires core extraction review
runtime/a7ffcore15y_replay_stability_surface/a7ffcore15y_manifest.json,feature_factory,legacy_reference,large feature experiments; requires core extraction review
runtime/a7ffcore15y_replay_stability_surface/a7ffcore15y_surface_candidates.csv,feature_factory,legacy_reference,large feature experiments; requires core extraction review
runtime/a7ffcore15yr_surface_failure_repair/a7ffcore15yr_blocked_actions.csv,feature_factory,legacy_reference,large feature experiments; requires core extraction review
runtime/a7ffcore15yr_surface_failure_repair/a7ffcore15yr_manifest.json,feature_factory,legacy_reference,large feature experiments; requires core extraction review
runtime/a7ffcore15yr_surface_failure_repair/a7ffcore15yr_next_contract.json,feature_factory,legacy_reference,large feature experiments; requires core extraction review
runtime/a7ffcore15yr_surface_failure_repair/a7ffcore15yr_source_family_scorecard.csv,feature_factory,legacy_reference,large feature experiments; requires core extraction review
runtime/a7ffcore15yr_surface_failure_repair/a7ffcore15yr_source_surface_matrix.csv,feature_factory,legacy_reference,large feature experiments; requires core extraction review
runtime/a7ffcore15yr_surface_failure_repair/a7ffcore15yr_weak_points.csv,feature_factory,legacy_reference,large feature experiments; requires core extraction review
runtime/a7ffcore16_primitive_replay_stability_atlas/a7ffcore16_candidate_objective_atlas.csv,feature_factory,legacy_reference,large feature experiments; requires core extraction review
runtime/a7ffcore16_primitive_replay_stability_atlas/a7ffcore16_field_type_by_label_horizon_stability.csv,field_contracts,archive_only,prior governance evidence; not all scripts are runtime core
runtime/a7ffcore16_primitive_replay_stability_atlas/a7ffcore16_manifest.json,feature_factory,legacy_reference,large feature experiments; requires core extraction review
runtime/a7ffcore16_primitive_replay_stability_atlas/a7ffcore16_replay_surface_family_map.csv,feature_factory,legacy_reference,large feature experiments; requires core extraction review
runtime/a7ffcore16_primitive_replay_stability_atlas/a7ffcore16_role_summary.csv,feature_factory,legacy_reference,large feature experiments; requires core extraction review
runtime/a7ffcore16e_expanded_primitive_operator_atlas/a7ffcore16e_candidate_objective_atlas.csv,feature_factory,legacy_reference,large feature experiments; requires core extraction review
runtime/a7ffcore16e_expanded_primitive_operator_atlas/a7ffcore16e_decision_counts.csv,feature_factory,legacy_reference,large feature experiments; requires core extraction review
runtime/a7ffcore16e_expanded_primitive_operator_atlas/a7ffcore16e_expanded_response_map.csv,feature_response,archive_only,response profiling evidence
runtime/a7ffcore16e_expanded_primitive_operator_atlas/a7ffcore16e_family_manifest_summary.csv,feature_factory,legacy_reference,large feature experiments; requires core extraction review
runtime/a7ffcore16e_expanded_primitive_operator_atlas/a7ffcore16e_manifest.json,feature_factory,legacy_reference,large feature experiments; requires core extraction review
runtime/a7ffcore16e_expanded_primitive_operator_atlas/a7ffcore16e_operator_family_scoreboard.csv,feature_factory,legacy_reference,large feature experiments; requires core extraction review
runtime/a7ffcore16e_expanded_primitive_operator_atlas/family=basis_premium/a7ffcore16e_family_atlas_candidates.csv,feature_factory,legacy_reference,large feature experiments; requires core extraction review
runtime/a7ffcore16e_expanded_primitive_operator_atlas/family=basis_premium/a7ffcore16e_family_manifest.json,feature_factory,legacy_reference,large feature experiments; requires core extraction review
runtime/a7ffcore16e_expanded_primitive_operator_atlas/family=basis_premium/a7ffcore16e_family_response_map.csv,feature_response,archive_only,response profiling evidence
runtime/a7ffcore16e_expanded_primitive_operator_atlas/family=coverage/a7ffcore16e_family_atlas_candidates.csv,feature_factory,legacy_reference,large feature experiments; requires core extraction review
runtime/a7ffcore16e_expanded_primitive_operator_atlas/family=coverage/a7ffcore16e_family_manifest.json,feature_factory,legacy_reference,large feature experiments; requires core extraction review
runtime/a7ffcore16e_expanded_primitive_operator_atlas/family=coverage/a7ffcore16e_family_response_map.csv,feature_response,archive_only,response profiling evidence
runtime/a7ffcore16e_expanded_primitive_operator_atlas/family=funding/a7ffcore16e_family_atlas_candidates.csv,feature_factory,legacy_reference,large feature experiments; requires core extraction review
runtime/a7ffcore16e_expanded_primitive_operator_atlas/family=funding/a7ffcore16e_family_manifest.json,feature_factory,legacy_reference,large feature experiments; requires core extraction review
runtime/a7ffcore16e_expanded_primitive_operator_atlas/family=funding/a7ffcore16e_family_response_map.csv,feature_response,archive_only,response profiling evidence
runtime/a7ffcore16e_expanded_primitive_operator_atlas/family=liquidity/a7ffcore16e_family_atlas_candidates.csv,feature_factory,legacy_reference,large feature experiments; requires core extraction review
runtime/a7ffcore16e_expanded_primitive_operator_atlas/family=liquidity/a7ffcore16e_family_manifest.json,feature_factory,legacy_reference,large feature experiments; requires core extraction review
runtime/a7ffcore16e_expanded_primitive_operator_atlas/family=liquidity/a7ffcore16e_family_response_map.csv,feature_response,archive_only,response profiling evidence
runtime/a7ffcore16e_expanded_primitive_operator_atlas/family=liquidity_volatility/a7ffcore16e_family_atlas_candidates.csv,feature_factory,legacy_reference,large feature experiments; requires core extraction review
runtime/a7ffcore16e_expanded_primitive_operator_atlas/family=liquidity_volatility/a7ffcore16e_family_manifest.json,feature_factory,legacy_reference,large feature experiments; requires core extraction review
runtime/a7ffcore16e_expanded_primitive_operator_atlas/family=liquidity_volatility/a7ffcore16e_family_response_map.csv,feature_response,archive_only,response profiling evidence
runtime/a7ffcore16e_expanded_primitive_operator_atlas/family=listing_age/a7ffcore16e_family_atlas_candidates.csv,feature_factory,legacy_reference,large feature experiments; requires core extraction review
runtime/a7ffcore16e_expanded_primitive_operator_atlas/family=listing_age/a7ffcore16e_family_manifest.json,feature_factory,legacy_reference,large feature experiments; requires core extraction review
runtime/a7ffcore16e_expanded_primitive_operator_atlas/family=listing_age/a7ffcore16e_family_response_map.csv,feature_response,archive_only,response profiling evidence
runtime/a7ffcore16e_expanded_primitive_operator_atlas/family=listing_age_interaction/a7ffcore16e_family_atlas_candidates.csv,feature_factory,legacy_reference,large feature experiments; requires core extraction review
runtime/a7ffcore16e_expanded_primitive_operator_atlas/family=listing_age_interaction/a7ffcore16e_family_manifest.json,feature_factory,legacy_reference,large feature experiments; requires core extraction review
runtime/a7ffcore16e_expanded_primitive_operator_atlas/family=listing_age_interaction/a7ffcore16e_family_response_map.csv,feature_response,archive_only,response profiling evidence
runtime/a7ffcore16e_expanded_primitive_operator_atlas/family=open_interest/a7ffcore16e_family_atlas_candidates.csv,feature_factory,legacy_reference,large feature experiments; requires core extraction review
runtime/a7ffcore16e_expanded_primitive_operator_atlas/family=open_interest/a7ffcore16e_family_manifest.json,feature_factory,legacy_reference,large feature experiments; requires core extraction review
runtime/a7ffcore16e_expanded_primitive_operator_atlas/family=open_interest/a7ffcore16e_family_response_map.csv,feature_response,archive_only,response profiling evidence
runtime/a7ffcore16e_expanded_primitive_operator_atlas/family=open_interest_interaction/a7ffcore16e_family_atlas_candidates.csv,feature_factory,legacy_reference,large feature experiments; requires core extraction review
runtime/a7ffcore16e_expanded_primitive_operator_atlas/family=open_interest_interaction/a7ffcore16e_family_manifest.json,feature_factory,legacy_reference,large feature experiments; requires core extraction review
runtime/a7ffcore16e_expanded_primitive_operator_atlas/family=open_interest_interaction/a7ffcore16e_family_response_map.csv,feature_response,archive_only,response profiling evidence
runtime/a7ffcore16e_expanded_primitive_operator_atlas/family=positioning/a7ffcore16e_family_atlas_candidates.csv,feature_factory,legacy_reference,large feature experiments; requires core extraction review
runtime/a7ffcore16e_expanded_primitive_operator_atlas/family=positioning/a7ffcore16e_family_manifest.json,feature_factory,legacy_reference,large feature experiments; requires core extraction review
runtime/a7ffcore16e_expanded_primitive_operator_atlas/family=positioning/a7ffcore16e_family_response_map.csv,feature_response,archive_only,response profiling evidence
runtime/a7ffcore16e_expanded_primitive_operator_atlas/family=price_return/a7ffcore16e_family_atlas_candidates.csv,feature_factory,legacy_reference,large feature experiments; requires core extraction review
runtime/a7ffcore16e_expanded_primitive_operator_atlas/family=price_return/a7ffcore16e_family_manifest.json,feature_factory,legacy_reference,large feature experiments; requires core extraction review
runtime/a7ffcore16e_expanded_primitive_operator_atlas/family=price_return/a7ffcore16e_family_response_map.csv,feature_response,archive_only,response profiling evidence
runtime/a7ffcore16e_expanded_primitive_operator_atlas/family=taker_flow/a7ffcore16e_family_atlas_candidates.csv,feature_factory,legacy_reference,large feature experiments; requires core extraction review
runtime/a7ffcore16e_expanded_primitive_operator_atlas/family=taker_flow/a7ffcore16e_family_manifest.json,feature_factory,legacy_reference,large feature experiments; requires core extraction review
runtime/a7ffcore16e_expanded_primitive_operator_atlas/family=taker_flow/a7ffcore16e_family_response_map.csv,feature_response,archive_only,response profiling evidence
runtime/a7ffcore16e_expanded_primitive_operator_atlas/family=volatility/a7ffcore16e_family_atlas_candidates.csv,feature_factory,legacy_reference,large feature experiments; requires core extraction review
runtime/a7ffcore16e_expanded_primitive_operator_atlas/family=volatility/a7ffcore16e_family_manifest.json,feature_factory,legacy_reference,large feature experiments; requires core extraction review
runtime/a7ffcore16e_expanded_primitive_operator_atlas/family=volatility/a7ffcore16e_family_response_map.csv,feature_response,archive_only,response profiling evidence
runtime/a7ffcore16er_expanded_atlas_forensic/a7ffcore16er_blocked_actions.csv,feature_factory,legacy_reference,large feature experiments; requires core extraction review
runtime/a7ffcore16er_expanded_atlas_forensic/a7ffcore16er_family_concentration.csv,feature_factory,legacy_reference,large feature experiments; requires core extraction review
runtime/a7ffcore16er_expanded_atlas_forensic/a7ffcore16er_family_supply_forensic.csv,feature_factory,legacy_reference,large feature experiments; requires core extraction review
runtime/a7ffcore16er_expanded_atlas_forensic/a7ffcore16er_manifest.json,feature_factory,legacy_reference,large feature experiments; requires core extraction review
runtime/a7ffcore16er_expanded_atlas_forensic/a7ffcore16er_next_contract.json,feature_factory,legacy_reference,large feature experiments; requires core extraction review
runtime/a7ffcore16er_expanded_atlas_forensic/a7ffcore16er_repair_actions.csv,feature_factory,legacy_reference,large feature experiments; requires core extraction review
runtime/a7ffcore16er_expanded_atlas_forensic/a7ffcore16er_source_decision_counts.csv,feature_factory,legacy_reference,large feature experiments; requires core extraction review
runtime/a7ffcore16f_non_basis_supply_repair_contract/a7ffcore16f_blocked_actions.csv,feature_factory,legacy_reference,large feature experiments; requires core extraction review
runtime/a7ffcore16f_non_basis_supply_repair_contract/a7ffcore16f_cap_and_floor_policy.csv,feature_factory,legacy_reference,large feature experiments; requires core extraction review
runtime/a7ffcore16f_non_basis_supply_repair_contract/a7ffcore16f_execution_contract.json,feature_factory,legacy_reference,large feature experiments; requires core extraction review
runtime/a7ffcore16f_non_basis_supply_repair_contract/a7ffcore16f_manifest.json,feature_factory,legacy_reference,large feature experiments; requires core extraction review
runtime/a7ffcore16f_non_basis_supply_repair_contract/a7ffcore16f_source_family_concentration.csv,feature_factory,legacy_reference,large feature experiments; requires core extraction review
runtime/a7ffcore16f_non_basis_supply_repair_contract/a7ffcore16f_source_family_supply_forensic.csv,feature_factory,legacy_reference,large feature experiments; requires core extraction review
runtime/a7ffcore16f_non_basis_supply_repair_contract/a7ffcore16f_target_family_policy.csv,feature_factory,legacy_reference,large feature experiments; requires core extraction review
runtime/a7ffcore16fe_non_basis_atlas_execution/a7ffcore16fe_family_supply_summary.csv,feature_factory,legacy_reference,large feature experiments; requires core extraction review
runtime/a7ffcore16fe_non_basis_atlas_execution/a7ffcore16fe_manifest.json,feature_factory,legacy_reference,large feature experiments; requires core extraction review
runtime/a7ffcore16fe_non_basis_atlas_execution/a7ffcore16fe_non_basis_near_miss_forensic_lane.csv,feature_factory,legacy_reference,large feature experiments; requires core extraction review
runtime/a7ffcore16fe_non_basis_atlas_execution/a7ffcore16fe_non_basis_response_reclassification.csv,feature_response,archive_only,response profiling evidence
runtime/a7ffcore16fe_non_basis_atlas_execution/a7ffcore16fe_strict_non_basis_atlas_candidates.csv,feature_factory,legacy_reference,large feature experiments; requires core extraction review
runtime/a7ffcore16fer_non_basis_atlas_forensic/a7ffcore16fer_blocked_actions.csv,feature_factory,legacy_reference,large feature experiments; requires core extraction review
runtime/a7ffcore16fer_non_basis_atlas_forensic/a7ffcore16fer_family_repair_actions.csv,feature_factory,legacy_reference,large feature experiments; requires core extraction review
runtime/a7ffcore16fer_non_basis_atlas_forensic/a7ffcore16fer_manifest.json,feature_factory,legacy_reference,large feature experiments; requires core extraction review
runtime/a7ffcore16fer_non_basis_atlas_forensic/a7ffcore16fer_near_miss_by_family_transform_label.csv,feature_factory,legacy_reference,large feature experiments; requires core extraction review
runtime/a7ffcore16fer_non_basis_atlas_forensic/a7ffcore16fer_next_contract.json,feature_factory,legacy_reference,large feature experiments; requires core extraction review
runtime/a7ffcore16fer_non_basis_atlas_forensic/a7ffcore16fer_source_family_supply_summary.csv,feature_factory,legacy_reference,large feature experiments; requires core extraction review
runtime/a7ffcore16fer_non_basis_atlas_forensic/a7ffcore16fer_source_near_miss_lane.csv,feature_factory,legacy_reference,large feature experiments; requires core extraction review
runtime/a7ffcore16fer_non_basis_atlas_forensic/a7ffcore16fer_source_strict_candidates.csv,feature_factory,legacy_reference,large feature experiments; requires core extraction review
runtime/a7ffcore16g_family_native_interaction_contract/a7ffcore16g_blocked_actions.csv,feature_factory,legacy_reference,large feature experiments; requires core extraction review
runtime/a7ffcore16g_family_native_interaction_contract/a7ffcore16g_execution_contract.json,feature_factory,legacy_reference,large feature experiments; requires core extraction review
runtime/a7ffcore16g_family_native_interaction_contract/a7ffcore16g_interaction_family_contract.csv,feature_factory,legacy_reference,large feature experiments; requires core extraction review
runtime/a7ffcore16g_family_native_interaction_contract/a7ffcore16g_manifest.json,feature_factory,legacy_reference,large feature experiments; requires core extraction review
runtime/a7ffcore16g_family_native_interaction_contract/a7ffcore16g_operator_policy.csv,feature_factory,legacy_reference,large feature experiments; requires core extraction review
runtime/a7ffcore16g_family_native_interaction_contract/a7ffcore16g_source_near_miss_summary.csv,feature_factory,legacy_reference,large feature experiments; requires core extraction review
runtime/a7ffcore16ge_family_native_interaction_probe/a7ffcore16ge_blueprint_queue.csv,feature_factory,legacy_reference,large feature experiments; requires core extraction review
runtime/a7ffcore16ge_family_native_interaction_probe/a7ffcore16ge_decision_counts.csv,feature_factory,legacy_reference,large feature experiments; requires core extraction review
runtime/a7ffcore16ge_family_native_interaction_probe/a7ffcore16ge_interaction_family_summary.csv,feature_factory,legacy_reference,large feature experiments; requires core extraction review
runtime/a7ffcore16ge_family_native_interaction_probe/a7ffcore16ge_interaction_probe_candidates.csv,feature_factory,legacy_reference,large feature experiments; requires core extraction review
runtime/a7ffcore16ge_family_native_interaction_probe/a7ffcore16ge_interaction_response_map.csv,feature_response,archive_only,response profiling evidence
runtime/a7ffcore16ge_family_native_interaction_probe/a7ffcore16ge_manifest.json,feature_factory,legacy_reference,large feature experiments; requires core extraction review
runtime/a7ffcore16ge_family_native_interaction_probe/a7ffcore16ge_shard_manifest_summary.csv,feature_factory,legacy_reference,large feature experiments; requires core extraction review
runtime/a7ffcore16ge_family_native_interaction_probe/interaction_family=I0_OI_delta_x_price_move/a7ffcore16ge_blueprint_queue.csv,feature_factory,legacy_reference,large feature experiments; requires core extraction review
runtime/a7ffcore16ge_family_native_interaction_probe/interaction_family=I0_OI_delta_x_price_move/a7ffcore16ge_interaction_manifest.json,feature_factory,legacy_reference,large feature experiments; requires core extraction review
runtime/a7ffcore16ge_family_native_interaction_probe/interaction_family=I0_OI_delta_x_price_move/a7ffcore16ge_interaction_probe_candidates.csv,feature_factory,legacy_reference,large feature experiments; requires core extraction review
runtime/a7ffcore16ge_family_native_interaction_probe/interaction_family=I0_OI_delta_x_price_move/a7ffcore16ge_interaction_response_map.csv,feature_response,archive_only,response profiling evidence
runtime/a7ffcore16ge_family_native_interaction_probe/interaction_family=I1_OI_delta_x_funding_abs/a7ffcore16ge_blueprint_queue.csv,feature_factory,legacy_reference,large feature experiments; requires core extraction review
runtime/a7ffcore16ge_family_native_interaction_probe/interaction_family=I1_OI_delta_x_funding_abs/a7ffcore16ge_interaction_manifest.json,feature_factory,legacy_reference,large feature experiments; requires core extraction review
runtime/a7ffcore16ge_family_native_interaction_probe/interaction_family=I1_OI_delta_x_funding_abs/a7ffcore16ge_interaction_probe_candidates.csv,feature_factory,legacy_reference,large feature experiments; requires core extraction review
runtime/a7ffcore16ge_family_native_interaction_probe/interaction_family=I1_OI_delta_x_funding_abs/a7ffcore16ge_interaction_response_map.csv,feature_response,archive_only,response profiling evidence
runtime/a7ffcore16ge_family_native_interaction_probe/interaction_family=I2_OI_delta_x_basis_premium_dislocation/a7ffcore16ge_blueprint_queue.csv,feature_factory,legacy_reference,large feature experiments; requires core extraction review
runtime/a7ffcore16ge_family_native_interaction_probe/interaction_family=I2_OI_delta_x_basis_premium_dislocation/a7ffcore16ge_interaction_manifest.json,feature_factory,legacy_reference,large feature experiments; requires core extraction review
runtime/a7ffcore16ge_family_native_interaction_probe/interaction_family=I2_OI_delta_x_basis_premium_dislocation/a7ffcore16ge_interaction_probe_candidates.csv,feature_factory,legacy_reference,large feature experiments; requires core extraction review
runtime/a7ffcore16ge_family_native_interaction_probe/interaction_family=I2_OI_delta_x_basis_premium_dislocation/a7ffcore16ge_interaction_response_map.csv,feature_response,archive_only,response profiling evidence
runtime/a7ffcore16ge_family_native_interaction_probe/interaction_family=I3_positioning_divergence_x_price_or_basis/a7ffcore16ge_blueprint_queue.csv,feature_factory,legacy_reference,large feature experiments; requires core extraction review
runtime/a7ffcore16ge_family_native_interaction_probe/interaction_family=I3_positioning_divergence_x_price_or_basis/a7ffcore16ge_interaction_manifest.json,feature_factory,legacy_reference,large feature experiments; requires core extraction review
runtime/a7ffcore16ge_family_native_interaction_probe/interaction_family=I3_positioning_divergence_x_price_or_basis/a7ffcore16ge_interaction_probe_candidates.csv,feature_factory,legacy_reference,large feature experiments; requires core extraction review
runtime/a7ffcore16ge_family_native_interaction_probe/interaction_family=I3_positioning_divergence_x_price_or_basis/a7ffcore16ge_interaction_response_map.csv,feature_response,archive_only,response profiling evidence
runtime/a7ffcore16ge_family_native_interaction_probe/interaction_family=I4_taker_flow_x_OI_or_liquidity/a7ffcore16ge_blueprint_queue.csv,feature_factory,legacy_reference,large feature experiments; requires core extraction review
runtime/a7ffcore16ge_family_native_interaction_probe/interaction_family=I4_taker_flow_x_OI_or_liquidity/a7ffcore16ge_interaction_manifest.json,feature_factory,legacy_reference,large feature experiments; requires core extraction review
runtime/a7ffcore16ge_family_native_interaction_probe/interaction_family=I4_taker_flow_x_OI_or_liquidity/a7ffcore16ge_interaction_probe_candidates.csv,feature_factory,legacy_reference,large feature experiments; requires core extraction review
runtime/a7ffcore16ge_family_native_interaction_probe/interaction_family=I4_taker_flow_x_OI_or_liquidity/a7ffcore16ge_interaction_response_map.csv,feature_response,archive_only,response profiling evidence
runtime/a7ffcore16ge_family_native_interaction_probe/interaction_family=I5_liquidity_state_x_basis_or_positioning/a7ffcore16ge_blueprint_queue.csv,feature_factory,legacy_reference,large feature experiments; requires core extraction review
runtime/a7ffcore16ge_family_native_interaction_probe/interaction_family=I5_liquidity_state_x_basis_or_positioning/a7ffcore16ge_interaction_manifest.json,feature_factory,legacy_reference,large feature experiments; requires core extraction review
runtime/a7ffcore16ge_family_native_interaction_probe/interaction_family=I5_liquidity_state_x_basis_or_positioning/a7ffcore16ge_interaction_probe_candidates.csv,feature_factory,legacy_reference,large feature experiments; requires core extraction review
runtime/a7ffcore16ge_family_native_interaction_probe/interaction_family=I5_liquidity_state_x_basis_or_positioning/a7ffcore16ge_interaction_response_map.csv,feature_response,archive_only,response profiling evidence
runtime/a7ffcore16ge_family_native_interaction_probe/interaction_family=I6_volatility_state_x_basis_or_OI/a7ffcore16ge_blueprint_queue.csv,feature_factory,legacy_reference,large feature experiments; requires core extraction review
runtime/a7ffcore16ge_family_native_interaction_probe/interaction_family=I6_volatility_state_x_basis_or_OI/a7ffcore16ge_interaction_manifest.json,feature_factory,legacy_reference,large feature experiments; requires core extraction review
runtime/a7ffcore16ge_family_native_interaction_probe/interaction_family=I6_volatility_state_x_basis_or_OI/a7ffcore16ge_interaction_probe_candidates.csv,feature_factory,legacy_reference,large feature experiments; requires core extraction review
runtime/a7ffcore16ge_family_native_interaction_probe/interaction_family=I6_volatility_state_x_basis_or_OI/a7ffcore16ge_interaction_response_map.csv,feature_response,archive_only,response profiling evidence
runtime/a7ffcore16ger_interaction_probe_forensic/a7ffcore16ger_blocked_actions.csv,feature_factory,legacy_reference,large feature experiments; requires core extraction review
runtime/a7ffcore16ger_interaction_probe_forensic/a7ffcore16ger_candidate_breakdown.csv,feature_factory,legacy_reference,large feature experiments; requires core extraction review
runtime/a7ffcore16ger_interaction_probe_forensic/a7ffcore16ger_manifest.json,feature_factory,legacy_reference,large feature experiments; requires core extraction review
runtime/a7ffcore16ger_interaction_probe_forensic/a7ffcore16ger_near_miss_breakdown.csv,feature_factory,legacy_reference,large feature experiments; requires core extraction review
runtime/a7ffcore16ger_interaction_probe_forensic/a7ffcore16ger_next_contract.json,feature_factory,legacy_reference,large feature experiments; requires core extraction review
runtime/a7ffcore16ger_interaction_probe_forensic/a7ffcore16ger_repair_actions.csv,feature_factory,legacy_reference,large feature experiments; requires core extraction review
runtime/a7ffcore16ger_interaction_probe_forensic/a7ffcore16ger_source_interaction_family_summary.csv,feature_factory,legacy_reference,large feature experiments; requires core extraction review
runtime/a7ffcore16h_second_pass_interaction_contract/a7ffcore16h_blocked_actions.csv,feature_factory,legacy_reference,large feature experiments; requires core extraction review
runtime/a7ffcore16h_second_pass_interaction_contract/a7ffcore16h_cap_policy.csv,feature_factory,legacy_reference,large feature experiments; requires core extraction review
runtime/a7ffcore16h_second_pass_interaction_contract/a7ffcore16h_execution_contract.json,feature_factory,legacy_reference,large feature experiments; requires core extraction review
runtime/a7ffcore16h_second_pass_interaction_contract/a7ffcore16h_manifest.json,feature_factory,legacy_reference,large feature experiments; requires core extraction review
runtime/a7ffcore16h_second_pass_interaction_contract/a7ffcore16h_second_pass_family_policy.csv,feature_factory,legacy_reference,large feature experiments; requires core extraction review
runtime/a7ffcore16h_second_pass_interaction_contract/a7ffcore16h_source_candidate_breakdown.csv,feature_factory,legacy_reference,large feature experiments; requires core extraction review
runtime/a7ffcore16h_second_pass_interaction_contract/a7ffcore16h_source_near_miss_breakdown.csv,feature_factory,legacy_reference,large feature experiments; requires core extraction review
runtime/a7ffcore16he_second_pass_interaction_breadth/a7ffcore16he_blueprint_queue.csv,feature_factory,legacy_reference,large feature experiments; requires core extraction review
runtime/a7ffcore16he_second_pass_interaction_breadth/a7ffcore16he_decision_counts.csv,feature_factory,legacy_reference,large feature experiments; requires core extraction review
runtime/a7ffcore16he_second_pass_interaction_breadth/a7ffcore16he_family_summary.csv,feature_factory,legacy_reference,large feature experiments; requires core extraction review
runtime/a7ffcore16he_second_pass_interaction_breadth/a7ffcore16he_manifest.json,feature_factory,legacy_reference,large feature experiments; requires core extraction review
runtime/a7ffcore16he_second_pass_interaction_breadth/a7ffcore16he_response_map.csv,feature_response,archive_only,response profiling evidence
runtime/a7ffcore16he_second_pass_interaction_breadth/a7ffcore16he_second_pass_candidates.csv,feature_factory,legacy_reference,large feature experiments; requires core extraction review
runtime/a7ffcore16he_second_pass_interaction_breadth/a7ffcore16he_shard_manifest_summary.csv,feature_factory,legacy_reference,large feature experiments; requires core extraction review
runtime/a7ffcore16he_second_pass_interaction_breadth/second_pass_family=H0_I3_deconcentration/a7ffcore16he_blueprint_queue.csv,feature_factory,legacy_reference,large feature experiments; requires core extraction review
runtime/a7ffcore16he_second_pass_interaction_breadth/second_pass_family=H0_I3_deconcentration/a7ffcore16he_family_manifest.json,feature_factory,legacy_reference,large feature experiments; requires core extraction review
runtime/a7ffcore16he_second_pass_interaction_breadth/second_pass_family=H0_I3_deconcentration/a7ffcore16he_response_map.csv,feature_response,archive_only,response profiling evidence
runtime/a7ffcore16he_second_pass_interaction_breadth/second_pass_family=H0_I3_deconcentration/a7ffcore16he_second_pass_candidates.csv,feature_factory,legacy_reference,large feature experiments; requires core extraction review
runtime/a7ffcore16he_second_pass_interaction_breadth/second_pass_family=H1_I5_deconcentration__chunk=0-of-6/a7ffcore16he_blueprint_queue.csv,feature_factory,legacy_reference,large feature experiments; requires core extraction review
runtime/a7ffcore16he_second_pass_interaction_breadth/second_pass_family=H1_I5_deconcentration__chunk=0-of-6/a7ffcore16he_family_manifest.json,feature_factory,legacy_reference,large feature experiments; requires core extraction review
runtime/a7ffcore16he_second_pass_interaction_breadth/second_pass_family=H1_I5_deconcentration__chunk=0-of-6/a7ffcore16he_response_map.csv,feature_response,archive_only,response profiling evidence
runtime/a7ffcore16he_second_pass_interaction_breadth/second_pass_family=H1_I5_deconcentration__chunk=0-of-6/a7ffcore16he_second_pass_candidates.csv,feature_factory,legacy_reference,large feature experiments; requires core extraction review
runtime/a7ffcore16he_second_pass_interaction_breadth/second_pass_family=H1_I5_deconcentration__chunk=1-of-6/a7ffcore16he_blueprint_queue.csv,feature_factory,legacy_reference,large feature experiments; requires core extraction review
runtime/a7ffcore16he_second_pass_interaction_breadth/second_pass_family=H1_I5_deconcentration__chunk=1-of-6/a7ffcore16he_family_manifest.json,feature_factory,legacy_reference,large feature experiments; requires core extraction review
runtime/a7ffcore16he_second_pass_interaction_breadth/second_pass_family=H1_I5_deconcentration__chunk=1-of-6/a7ffcore16he_response_map.csv,feature_response,archive_only,response profiling evidence
runtime/a7ffcore16he_second_pass_interaction_breadth/second_pass_family=H1_I5_deconcentration__chunk=1-of-6/a7ffcore16he_second_pass_candidates.csv,feature_factory,legacy_reference,large feature experiments; requires core extraction review
runtime/a7ffcore16he_second_pass_interaction_breadth/second_pass_family=H1_I5_deconcentration__chunk=2-of-6/a7ffcore16he_blueprint_queue.csv,feature_factory,legacy_reference,large feature experiments; requires core extraction review
runtime/a7ffcore16he_second_pass_interaction_breadth/second_pass_family=H1_I5_deconcentration__chunk=2-of-6/a7ffcore16he_family_manifest.json,feature_factory,legacy_reference,large feature experiments; requires core extraction review
runtime/a7ffcore16he_second_pass_interaction_breadth/second_pass_family=H1_I5_deconcentration__chunk=2-of-6/a7ffcore16he_response_map.csv,feature_response,archive_only,response profiling evidence
runtime/a7ffcore16he_second_pass_interaction_breadth/second_pass_family=H1_I5_deconcentration__chunk=2-of-6/a7ffcore16he_second_pass_candidates.csv,feature_factory,legacy_reference,large feature experiments; requires core extraction review
runtime/a7ffcore16he_second_pass_interaction_breadth/second_pass_family=H1_I5_deconcentration__chunk=3-of-6/a7ffcore16he_blueprint_queue.csv,feature_factory,legacy_reference,large feature experiments; requires core extraction review
runtime/a7ffcore16he_second_pass_interaction_breadth/second_pass_family=H1_I5_deconcentration__chunk=3-of-6/a7ffcore16he_family_manifest.json,feature_factory,legacy_reference,large feature experiments; requires core extraction review
runtime/a7ffcore16he_second_pass_interaction_breadth/second_pass_family=H1_I5_deconcentration__chunk=3-of-6/a7ffcore16he_response_map.csv,feature_response,archive_only,response profiling evidence
runtime/a7ffcore16he_second_pass_interaction_breadth/second_pass_family=H1_I5_deconcentration__chunk=3-of-6/a7ffcore16he_second_pass_candidates.csv,feature_factory,legacy_reference,large feature experiments; requires core extraction review
runtime/a7ffcore16he_second_pass_interaction_breadth/second_pass_family=H1_I5_deconcentration__chunk=4-of-6/a7ffcore16he_blueprint_queue.csv,feature_factory,legacy_reference,large feature experiments; requires core extraction review
runtime/a7ffcore16he_second_pass_interaction_breadth/second_pass_family=H1_I5_deconcentration__chunk=4-of-6/a7ffcore16he_family_manifest.json,feature_factory,legacy_reference,large feature experiments; requires core extraction review
runtime/a7ffcore16he_second_pass_interaction_breadth/second_pass_family=H1_I5_deconcentration__chunk=4-of-6/a7ffcore16he_response_map.csv,feature_response,archive_only,response profiling evidence
runtime/a7ffcore16he_second_pass_interaction_breadth/second_pass_family=H1_I5_deconcentration__chunk=4-of-6/a7ffcore16he_second_pass_candidates.csv,feature_factory,legacy_reference,large feature experiments; requires core extraction review
runtime/a7ffcore16he_second_pass_interaction_breadth/second_pass_family=H1_I5_deconcentration__chunk=5-of-6/a7ffcore16he_blueprint_queue.csv,feature_factory,legacy_reference,large feature experiments; requires core extraction review
runtime/a7ffcore16he_second_pass_interaction_breadth/second_pass_family=H1_I5_deconcentration__chunk=5-of-6/a7ffcore16he_family_manifest.json,feature_factory,legacy_reference,large feature experiments; requires core extraction review
runtime/a7ffcore16he_second_pass_interaction_breadth/second_pass_family=H1_I5_deconcentration__chunk=5-of-6/a7ffcore16he_response_map.csv,feature_response,archive_only,response profiling evidence
runtime/a7ffcore16he_second_pass_interaction_breadth/second_pass_family=H1_I5_deconcentration__chunk=5-of-6/a7ffcore16he_second_pass_candidates.csv,feature_factory,legacy_reference,large feature experiments; requires core extraction review
runtime/a7ffcore16he_second_pass_interaction_breadth/second_pass_family=H2_I4_near_miss_repair__chunk=0-of-6/a7ffcore16he_blueprint_queue.csv,feature_factory,legacy_reference,large feature experiments; requires core extraction review
runtime/a7ffcore16he_second_pass_interaction_breadth/second_pass_family=H2_I4_near_miss_repair__chunk=0-of-6/a7ffcore16he_family_manifest.json,feature_factory,legacy_reference,large feature experiments; requires core extraction review
runtime/a7ffcore16he_second_pass_interaction_breadth/second_pass_family=H2_I4_near_miss_repair__chunk=0-of-6/a7ffcore16he_response_map.csv,feature_response,archive_only,response profiling evidence
runtime/a7ffcore16he_second_pass_interaction_breadth/second_pass_family=H2_I4_near_miss_repair__chunk=0-of-6/a7ffcore16he_second_pass_candidates.csv,feature_factory,legacy_reference,large feature experiments; requires core extraction review
runtime/a7ffcore16he_second_pass_interaction_breadth/second_pass_family=H2_I4_near_miss_repair__chunk=1-of-6/a7ffcore16he_blueprint_queue.csv,feature_factory,legacy_reference,large feature experiments; requires core extraction review
runtime/a7ffcore16he_second_pass_interaction_breadth/second_pass_family=H2_I4_near_miss_repair__chunk=1-of-6/a7ffcore16he_family_manifest.json,feature_factory,legacy_reference,large feature experiments; requires core extraction review
runtime/a7ffcore16he_second_pass_interaction_breadth/second_pass_family=H2_I4_near_miss_repair__chunk=1-of-6/a7ffcore16he_response_map.csv,feature_response,archive_only,response profiling evidence
runtime/a7ffcore16he_second_pass_interaction_breadth/second_pass_family=H2_I4_near_miss_repair__chunk=1-of-6/a7ffcore16he_second_pass_candidates.csv,feature_factory,legacy_reference,large feature experiments; requires core extraction review
runtime/a7ffcore16he_second_pass_interaction_breadth/second_pass_family=H2_I4_near_miss_repair__chunk=2-of-6/a7ffcore16he_blueprint_queue.csv,feature_factory,legacy_reference,large feature experiments; requires core extraction review
runtime/a7ffcore16he_second_pass_interaction_breadth/second_pass_family=H2_I4_near_miss_repair__chunk=2-of-6/a7ffcore16he_family_manifest.json,feature_factory,legacy_reference,large feature experiments; requires core extraction review
runtime/a7ffcore16he_second_pass_interaction_breadth/second_pass_family=H2_I4_near_miss_repair__chunk=2-of-6/a7ffcore16he_response_map.csv,feature_response,archive_only,response profiling evidence
runtime/a7ffcore16he_second_pass_interaction_breadth/second_pass_family=H2_I4_near_miss_repair__chunk=2-of-6/a7ffcore16he_second_pass_candidates.csv,feature_factory,legacy_reference,large feature experiments; requires core extraction review
runtime/a7ffcore16he_second_pass_interaction_breadth/second_pass_family=H2_I4_near_miss_repair__chunk=3-of-6/a7ffcore16he_blueprint_queue.csv,feature_factory,legacy_reference,large feature experiments; requires core extraction review
runtime/a7ffcore16he_second_pass_interaction_breadth/second_pass_family=H2_I4_near_miss_repair__chunk=3-of-6/a7ffcore16he_family_manifest.json,feature_factory,legacy_reference,large feature experiments; requires core extraction review
runtime/a7ffcore16he_second_pass_interaction_breadth/second_pass_family=H2_I4_near_miss_repair__chunk=3-of-6/a7ffcore16he_response_map.csv,feature_response,archive_only,response profiling evidence
runtime/a7ffcore16he_second_pass_interaction_breadth/second_pass_family=H2_I4_near_miss_repair__chunk=3-of-6/a7ffcore16he_second_pass_candidates.csv,feature_factory,legacy_reference,large feature experiments; requires core extraction review
runtime/a7ffcore16he_second_pass_interaction_breadth/second_pass_family=H2_I4_near_miss_repair__chunk=4-of-6/a7ffcore16he_blueprint_queue.csv,feature_factory,legacy_reference,large feature experiments; requires core extraction review
runtime/a7ffcore16he_second_pass_interaction_breadth/second_pass_family=H2_I4_near_miss_repair__chunk=4-of-6/a7ffcore16he_family_manifest.json,feature_factory,legacy_reference,large feature experiments; requires core extraction review
runtime/a7ffcore16he_second_pass_interaction_breadth/second_pass_family=H2_I4_near_miss_repair__chunk=4-of-6/a7ffcore16he_response_map.csv,feature_response,archive_only,response profiling evidence
runtime/a7ffcore16he_second_pass_interaction_breadth/second_pass_family=H2_I4_near_miss_repair__chunk=4-of-6/a7ffcore16he_second_pass_candidates.csv,feature_factory,legacy_reference,large feature experiments; requires core extraction review
runtime/a7ffcore16he_second_pass_interaction_breadth/second_pass_family=H2_I4_near_miss_repair__chunk=5-of-6/a7ffcore16he_blueprint_queue.csv,feature_factory,legacy_reference,large feature experiments; requires core extraction review
runtime/a7ffcore16he_second_pass_interaction_breadth/second_pass_family=H2_I4_near_miss_repair__chunk=5-of-6/a7ffcore16he_family_manifest.json,feature_factory,legacy_reference,large feature experiments; requires core extraction review
runtime/a7ffcore16he_second_pass_interaction_breadth/second_pass_family=H2_I4_near_miss_repair__chunk=5-of-6/a7ffcore16he_response_map.csv,feature_response,archive_only,response profiling evidence
runtime/a7ffcore16he_second_pass_interaction_breadth/second_pass_family=H2_I4_near_miss_repair__chunk=5-of-6/a7ffcore16he_second_pass_candidates.csv,feature_factory,legacy_reference,large feature experiments; requires core extraction review
runtime/a7ffcore16he_second_pass_interaction_breadth/second_pass_family=H3_cross_family_bridge__chunk=0-of-12/a7ffcore16he_blueprint_queue.csv,feature_factory,legacy_reference,large feature experiments; requires core extraction review
runtime/a7ffcore16he_second_pass_interaction_breadth/second_pass_family=H3_cross_family_bridge__chunk=0-of-12/a7ffcore16he_family_manifest.json,feature_factory,legacy_reference,large feature experiments; requires core extraction review
runtime/a7ffcore16he_second_pass_interaction_breadth/second_pass_family=H3_cross_family_bridge__chunk=0-of-12/a7ffcore16he_response_map.csv,feature_response,archive_only,response profiling evidence
runtime/a7ffcore16he_second_pass_interaction_breadth/second_pass_family=H3_cross_family_bridge__chunk=0-of-12/a7ffcore16he_second_pass_candidates.csv,feature_factory,legacy_reference,large feature experiments; requires core extraction review
runtime/a7ffcore16he_second_pass_interaction_breadth/second_pass_family=H3_cross_family_bridge__chunk=1-of-12/a7ffcore16he_blueprint_queue.csv,feature_factory,legacy_reference,large feature experiments; requires core extraction review
runtime/a7ffcore16he_second_pass_interaction_breadth/second_pass_family=H3_cross_family_bridge__chunk=1-of-12/a7ffcore16he_family_manifest.json,feature_factory,legacy_reference,large feature experiments; requires core extraction review
runtime/a7ffcore16he_second_pass_interaction_breadth/second_pass_family=H3_cross_family_bridge__chunk=1-of-12/a7ffcore16he_response_map.csv,feature_response,archive_only,response profiling evidence
runtime/a7ffcore16he_second_pass_interaction_breadth/second_pass_family=H3_cross_family_bridge__chunk=1-of-12/a7ffcore16he_second_pass_candidates.csv,feature_factory,legacy_reference,large feature experiments; requires core extraction review
runtime/a7ffcore16he_second_pass_interaction_breadth/second_pass_family=H3_cross_family_bridge__chunk=10-of-12/a7ffcore16he_blueprint_queue.csv,feature_factory,legacy_reference,large feature experiments; requires core extraction review
runtime/a7ffcore16he_second_pass_interaction_breadth/second_pass_family=H3_cross_family_bridge__chunk=10-of-12/a7ffcore16he_family_manifest.json,feature_factory,legacy_reference,large feature experiments; requires core extraction review
runtime/a7ffcore16he_second_pass_interaction_breadth/second_pass_family=H3_cross_family_bridge__chunk=10-of-12/a7ffcore16he_response_map.csv,feature_response,archive_only,response profiling evidence
runtime/a7ffcore16he_second_pass_interaction_breadth/second_pass_family=H3_cross_family_bridge__chunk=10-of-12/a7ffcore16he_second_pass_candidates.csv,feature_factory,legacy_reference,large feature experiments; requires core extraction review
runtime/a7ffcore16he_second_pass_interaction_breadth/second_pass_family=H3_cross_family_bridge__chunk=11-of-12/a7ffcore16he_blueprint_queue.csv,feature_factory,legacy_reference,large feature experiments; requires core extraction review
runtime/a7ffcore16he_second_pass_interaction_breadth/second_pass_family=H3_cross_family_bridge__chunk=11-of-12/a7ffcore16he_family_manifest.json,feature_factory,legacy_reference,large feature experiments; requires core extraction review
runtime/a7ffcore16he_second_pass_interaction_breadth/second_pass_family=H3_cross_family_bridge__chunk=11-of-12/a7ffcore16he_response_map.csv,feature_response,archive_only,response profiling evidence
runtime/a7ffcore16he_second_pass_interaction_breadth/second_pass_family=H3_cross_family_bridge__chunk=11-of-12/a7ffcore16he_second_pass_candidates.csv,feature_factory,legacy_reference,large feature experiments; requires core extraction review
runtime/a7ffcore16he_second_pass_interaction_breadth/second_pass_family=H3_cross_family_bridge__chunk=2-of-12/a7ffcore16he_blueprint_queue.csv,feature_factory,legacy_reference,large feature experiments; requires core extraction review
runtime/a7ffcore16he_second_pass_interaction_breadth/second_pass_family=H3_cross_family_bridge__chunk=2-of-12/a7ffcore16he_family_manifest.json,feature_factory,legacy_reference,large feature experiments; requires core extraction review
runtime/a7ffcore16he_second_pass_interaction_breadth/second_pass_family=H3_cross_family_bridge__chunk=2-of-12/a7ffcore16he_response_map.csv,feature_response,archive_only,response profiling evidence
runtime/a7ffcore16he_second_pass_interaction_breadth/second_pass_family=H3_cross_family_bridge__chunk=2-of-12/a7ffcore16he_second_pass_candidates.csv,feature_factory,legacy_reference,large feature experiments; requires core extraction review
runtime/a7ffcore16he_second_pass_interaction_breadth/second_pass_family=H3_cross_family_bridge__chunk=3-of-12/a7ffcore16he_blueprint_queue.csv,feature_factory,legacy_reference,large feature experiments; requires core extraction review
runtime/a7ffcore16he_second_pass_interaction_breadth/second_pass_family=H3_cross_family_bridge__chunk=3-of-12/a7ffcore16he_family_manifest.json,feature_factory,legacy_reference,large feature experiments; requires core extraction review
runtime/a7ffcore16he_second_pass_interaction_breadth/second_pass_family=H3_cross_family_bridge__chunk=3-of-12/a7ffcore16he_response_map.csv,feature_response,archive_only,response profiling evidence
runtime/a7ffcore16he_second_pass_interaction_breadth/second_pass_family=H3_cross_family_bridge__chunk=3-of-12/a7ffcore16he_second_pass_candidates.csv,feature_factory,legacy_reference,large feature experiments; requires core extraction review
runtime/a7ffcore16he_second_pass_interaction_breadth/second_pass_family=H3_cross_family_bridge__chunk=4-of-12/a7ffcore16he_blueprint_queue.csv,feature_factory,legacy_reference,large feature experiments; requires core extraction review
runtime/a7ffcore16he_second_pass_interaction_breadth/second_pass_family=H3_cross_family_bridge__chunk=4-of-12/a7ffcore16he_family_manifest.json,feature_factory,legacy_reference,large feature experiments; requires core extraction review
runtime/a7ffcore16he_second_pass_interaction_breadth/second_pass_family=H3_cross_family_bridge__chunk=4-of-12/a7ffcore16he_response_map.csv,feature_response,archive_only,response profiling evidence
runtime/a7ffcore16he_second_pass_interaction_breadth/second_pass_family=H3_cross_family_bridge__chunk=4-of-12/a7ffcore16he_second_pass_candidates.csv,feature_factory,legacy_reference,large feature experiments; requires core extraction review
runtime/a7ffcore16he_second_pass_interaction_breadth/second_pass_family=H3_cross_family_bridge__chunk=5-of-12/a7ffcore16he_blueprint_queue.csv,feature_factory,legacy_reference,large feature experiments; requires core extraction review
runtime/a7ffcore16he_second_pass_interaction_breadth/second_pass_family=H3_cross_family_bridge__chunk=5-of-12/a7ffcore16he_family_manifest.json,feature_factory,legacy_reference,large feature experiments; requires core extraction review
runtime/a7ffcore16he_second_pass_interaction_breadth/second_pass_family=H3_cross_family_bridge__chunk=5-of-12/a7ffcore16he_response_map.csv,feature_response,archive_only,response profiling evidence
runtime/a7ffcore16he_second_pass_interaction_breadth/second_pass_family=H3_cross_family_bridge__chunk=5-of-12/a7ffcore16he_second_pass_candidates.csv,feature_factory,legacy_reference,large feature experiments; requires core extraction review
runtime/a7ffcore16he_second_pass_interaction_breadth/second_pass_family=H3_cross_family_bridge__chunk=6-of-12/a7ffcore16he_blueprint_queue.csv,feature_factory,legacy_reference,large feature experiments; requires core extraction review
runtime/a7ffcore16he_second_pass_interaction_breadth/second_pass_family=H3_cross_family_bridge__chunk=6-of-12/a7ffcore16he_family_manifest.json,feature_factory,legacy_reference,large feature experiments; requires core extraction review
runtime/a7ffcore16he_second_pass_interaction_breadth/second_pass_family=H3_cross_family_bridge__chunk=6-of-12/a7ffcore16he_response_map.csv,feature_response,archive_only,response profiling evidence
runtime/a7ffcore16he_second_pass_interaction_breadth/second_pass_family=H3_cross_family_bridge__chunk=6-of-12/a7ffcore16he_second_pass_candidates.csv,feature_factory,legacy_reference,large feature experiments; requires core extraction review
runtime/a7ffcore16he_second_pass_interaction_breadth/second_pass_family=H3_cross_family_bridge__chunk=7-of-12/a7ffcore16he_blueprint_queue.csv,feature_factory,legacy_reference,large feature experiments; requires core extraction review
runtime/a7ffcore16he_second_pass_interaction_breadth/second_pass_family=H3_cross_family_bridge__chunk=7-of-12/a7ffcore16he_family_manifest.json,feature_factory,legacy_reference,large feature experiments; requires core extraction review
runtime/a7ffcore16he_second_pass_interaction_breadth/second_pass_family=H3_cross_family_bridge__chunk=7-of-12/a7ffcore16he_response_map.csv,feature_response,archive_only,response profiling evidence
runtime/a7ffcore16he_second_pass_interaction_breadth/second_pass_family=H3_cross_family_bridge__chunk=7-of-12/a7ffcore16he_second_pass_candidates.csv,feature_factory,legacy_reference,large feature experiments; requires core extraction review
runtime/a7ffcore16he_second_pass_interaction_breadth/second_pass_family=H3_cross_family_bridge__chunk=8-of-12/a7ffcore16he_blueprint_queue.csv,feature_factory,legacy_reference,large feature experiments; requires core extraction review
runtime/a7ffcore16he_second_pass_interaction_breadth/second_pass_family=H3_cross_family_bridge__chunk=8-of-12/a7ffcore16he_family_manifest.json,feature_factory,legacy_reference,large feature experiments; requires core extraction review
runtime/a7ffcore16he_second_pass_interaction_breadth/second_pass_family=H3_cross_family_bridge__chunk=8-of-12/a7ffcore16he_response_map.csv,feature_response,archive_only,response profiling evidence
runtime/a7ffcore16he_second_pass_interaction_breadth/second_pass_family=H3_cross_family_bridge__chunk=8-of-12/a7ffcore16he_second_pass_candidates.csv,feature_factory,legacy_reference,large feature experiments; requires core extraction review
runtime/a7ffcore16he_second_pass_interaction_breadth/second_pass_family=H3_cross_family_bridge__chunk=9-of-12/a7ffcore16he_blueprint_queue.csv,feature_factory,legacy_reference,large feature experiments; requires core extraction review
runtime/a7ffcore16he_second_pass_interaction_breadth/second_pass_family=H3_cross_family_bridge__chunk=9-of-12/a7ffcore16he_family_manifest.json,feature_factory,legacy_reference,large feature experiments; requires core extraction review
runtime/a7ffcore16he_second_pass_interaction_breadth/second_pass_family=H3_cross_family_bridge__chunk=9-of-12/a7ffcore16he_response_map.csv,feature_response,archive_only,response profiling evidence
runtime/a7ffcore16he_second_pass_interaction_breadth/second_pass_family=H3_cross_family_bridge__chunk=9-of-12/a7ffcore16he_second_pass_candidates.csv,feature_factory,legacy_reference,large feature experiments; requires core extraction review
runtime/a7ffcore16her_second_pass_forensic/a7ffcore16her_balanced_preseed_queue_preview.csv,feature_factory,legacy_reference,large feature experiments; requires core extraction review
runtime/a7ffcore16her_second_pass_forensic/a7ffcore16her_balanced_queue_summary.csv,feature_factory,legacy_reference,large feature experiments; requires core extraction review
runtime/a7ffcore16her_second_pass_forensic/a7ffcore16her_manifest.json,feature_factory,legacy_reference,large feature experiments; requires core extraction review
runtime/a7ffcore16her_second_pass_forensic/a7ffcore16her_next_contract.json,feature_factory,legacy_reference,large feature experiments; requires core extraction review
runtime/a7ffcore16her_second_pass_forensic/a7ffcore16her_repair_actions.csv,feature_factory,legacy_reference,large feature experiments; requires core extraction review
runtime/a7ffcore16her_second_pass_forensic/a7ffcore16her_source_family_summary.csv,feature_factory,legacy_reference,large feature experiments; requires core extraction review
runtime/a7ffcore16i_balanced_preseed_queue_audit/a7ffcore16i_balanced_preseed_queue.csv,feature_factory,legacy_reference,large feature experiments; requires core extraction review
runtime/a7ffcore16i_balanced_preseed_queue_audit/a7ffcore16i_manifest.json,feature_factory,legacy_reference,large feature experiments; requires core extraction review
runtime/a7ffcore16i_balanced_preseed_queue_audit/a7ffcore16i_queue_summary.csv,feature_factory,legacy_reference,large feature experiments; requires core extraction review
runtime/a7ffcore16j_nearmiss_resolution_audit/a7ffcore16j_excluded_nearmiss_rows.csv,feature_factory,legacy_reference,large feature experiments; requires core extraction review
runtime/a7ffcore16j_nearmiss_resolution_audit/a7ffcore16j_manifest.json,feature_factory,legacy_reference,large feature experiments; requires core extraction review
runtime/a7ffcore16j_nearmiss_resolution_audit/a7ffcore16j_nearmiss_resolution.csv,feature_factory,legacy_reference,large feature experiments; requires core extraction review
runtime/a7ffcore16j_nearmiss_resolution_audit/a7ffcore16j_next_contract.json,feature_factory,legacy_reference,large feature experiments; requires core extraction review
runtime/a7ffcore16j_nearmiss_resolution_audit/a7ffcore16j_strict_preseed_queue.csv,feature_factory,legacy_reference,large feature experiments; requires core extraction review
runtime/a7ffcore16j_nearmiss_resolution_audit/a7ffcore16j_strict_queue_summary.csv,feature_factory,legacy_reference,large feature experiments; requires core extraction review
runtime/a7ffcore16k_h2_strict_floor_repair_contract/a7ffcore16k_execution_contract.json,feature_factory,legacy_reference,large feature experiments; requires core extraction review
runtime/a7ffcore16k_h2_strict_floor_repair_contract/a7ffcore16k_manifest.json,feature_factory,legacy_reference,large feature experiments; requires core extraction review
runtime/a7ffcore16k_h2_strict_floor_repair_contract/a7ffcore16k_repair_policy.csv,feature_factory,legacy_reference,large feature experiments; requires core extraction review
runtime/a7ffcore16k_h2_strict_floor_repair_contract/a7ffcore16k_source_h2_excluded_nearmiss_rows.csv,feature_factory,legacy_reference,large feature experiments; requires core extraction review
runtime/a7ffcore16k_h2_strict_floor_repair_contract/a7ffcore16k_source_h2_strict_rows.csv,feature_factory,legacy_reference,large feature experiments; requires core extraction review
runtime/a7ffcore16k_h2_strict_floor_repair_contract/a7ffcore16k_source_strict_queue.csv,feature_factory,legacy_reference,large feature experiments; requires core extraction review
runtime/a7ffcore16ke_h2_strict_floor_execution/a7ffcore16ke_blueprint_queue.csv,feature_factory,legacy_reference,large feature experiments; requires core extraction review
runtime/a7ffcore16ke_h2_strict_floor_execution/a7ffcore16ke_chunk_manifest_summary.csv,feature_factory,legacy_reference,large feature experiments; requires core extraction review
runtime/a7ffcore16ke_h2_strict_floor_execution/a7ffcore16ke_decision_counts.csv,feature_factory,legacy_reference,large feature experiments; requires core extraction review
runtime/a7ffcore16ke_h2_strict_floor_execution/a7ffcore16ke_h2_added_strict_rows.csv,feature_factory,legacy_reference,large feature experiments; requires core extraction review
runtime/a7ffcore16ke_h2_strict_floor_execution/a7ffcore16ke_h2_repair_candidates.csv,feature_factory,legacy_reference,large feature experiments; requires core extraction review
runtime/a7ffcore16ke_h2_strict_floor_execution/a7ffcore16ke_h2_repair_response_map.csv,feature_response,archive_only,response profiling evidence
runtime/a7ffcore16ke_h2_strict_floor_execution/a7ffcore16ke_manifest.json,feature_factory,legacy_reference,large feature experiments; requires core extraction review
runtime/a7ffcore16ke_h2_strict_floor_execution/a7ffcore16ke_repaired_strict_preseed_queue.csv,feature_factory,legacy_reference,large feature experiments; requires core extraction review
runtime/a7ffcore16ke_h2_strict_floor_execution/chunk=0-of-5/a7ffcore16ke_blueprint_queue.csv,feature_factory,legacy_reference,large feature experiments; requires core extraction review
runtime/a7ffcore16ke_h2_strict_floor_execution/chunk=0-of-5/a7ffcore16ke_chunk_manifest.json,feature_factory,legacy_reference,large feature experiments; requires core extraction review
runtime/a7ffcore16ke_h2_strict_floor_execution/chunk=0-of-5/a7ffcore16ke_h2_repair_candidates.csv,feature_factory,legacy_reference,large feature experiments; requires core extraction review
runtime/a7ffcore16ke_h2_strict_floor_execution/chunk=0-of-5/a7ffcore16ke_h2_repair_response_map.csv,feature_response,archive_only,response profiling evidence
runtime/a7ffcore16ke_h2_strict_floor_execution/chunk=1-of-5/a7ffcore16ke_blueprint_queue.csv,feature_factory,legacy_reference,large feature experiments; requires core extraction review
runtime/a7ffcore16ke_h2_strict_floor_execution/chunk=1-of-5/a7ffcore16ke_chunk_manifest.json,feature_factory,legacy_reference,large feature experiments; requires core extraction review
runtime/a7ffcore16ke_h2_strict_floor_execution/chunk=1-of-5/a7ffcore16ke_h2_repair_candidates.csv,feature_factory,legacy_reference,large feature experiments; requires core extraction review
runtime/a7ffcore16ke_h2_strict_floor_execution/chunk=1-of-5/a7ffcore16ke_h2_repair_response_map.csv,feature_response,archive_only,response profiling evidence
runtime/a7ffcore16ke_h2_strict_floor_execution/chunk=2-of-5/a7ffcore16ke_blueprint_queue.csv,feature_factory,legacy_reference,large feature experiments; requires core extraction review
runtime/a7ffcore16ke_h2_strict_floor_execution/chunk=2-of-5/a7ffcore16ke_chunk_manifest.json,feature_factory,legacy_reference,large feature experiments; requires core extraction review
runtime/a7ffcore16ke_h2_strict_floor_execution/chunk=2-of-5/a7ffcore16ke_h2_repair_candidates.csv,feature_factory,legacy_reference,large feature experiments; requires core extraction review
runtime/a7ffcore16ke_h2_strict_floor_execution/chunk=2-of-5/a7ffcore16ke_h2_repair_response_map.csv,feature_response,archive_only,response profiling evidence
runtime/a7ffcore16ke_h2_strict_floor_execution/chunk=3-of-5/a7ffcore16ke_blueprint_queue.csv,feature_factory,legacy_reference,large feature experiments; requires core extraction review
runtime/a7ffcore16ke_h2_strict_floor_execution/chunk=3-of-5/a7ffcore16ke_chunk_manifest.json,feature_factory,legacy_reference,large feature experiments; requires core extraction review
runtime/a7ffcore16ke_h2_strict_floor_execution/chunk=3-of-5/a7ffcore16ke_h2_repair_candidates.csv,feature_factory,legacy_reference,large feature experiments; requires core extraction review
runtime/a7ffcore16ke_h2_strict_floor_execution/chunk=3-of-5/a7ffcore16ke_h2_repair_response_map.csv,feature_response,archive_only,response profiling evidence
runtime/a7ffcore16ke_h2_strict_floor_execution/chunk=4-of-5/a7ffcore16ke_blueprint_queue.csv,feature_factory,legacy_reference,large feature experiments; requires core extraction review
runtime/a7ffcore16ke_h2_strict_floor_execution/chunk=4-of-5/a7ffcore16ke_chunk_manifest.json,feature_factory,legacy_reference,large feature experiments; requires core extraction review
runtime/a7ffcore16ke_h2_strict_floor_execution/chunk=4-of-5/a7ffcore16ke_h2_repair_candidates.csv,feature_factory,legacy_reference,large feature experiments; requires core extraction review
runtime/a7ffcore16ke_h2_strict_floor_execution/chunk=4-of-5/a7ffcore16ke_h2_repair_response_map.csv,feature_response,archive_only,response profiling evidence
runtime/a7ffcore16kr_h2_repair_forensic/a7ffcore16kr_candidate_transform_summary.csv,feature_factory,legacy_reference,large feature experiments; requires core extraction review
runtime/a7ffcore16kr_h2_repair_forensic/a7ffcore16kr_manifest.json,feature_factory,legacy_reference,large feature experiments; requires core extraction review
runtime/a7ffcore16kr_h2_repair_forensic/a7ffcore16kr_nearmiss_transform_summary.csv,feature_factory,legacy_reference,large feature experiments; requires core extraction review
runtime/a7ffcore16kr_h2_repair_forensic/a7ffcore16kr_recommended_actions.csv,feature_factory,legacy_reference,large feature experiments; requires core extraction review
runtime/a7ffcore16kr_h2_repair_forensic/a7ffcore16kr_repaired_queue_summary.csv,feature_factory,legacy_reference,large feature experiments; requires core extraction review
runtime/a7ffcore16l_strict_preseed_queue_lock/a7ffcore16l_gate_audit.csv,feature_factory,legacy_reference,large feature experiments; requires core extraction review
runtime/a7ffcore16l_strict_preseed_queue_lock/a7ffcore16l_locked_strict_preseed_queue.csv,feature_factory,legacy_reference,large feature experiments; requires core extraction review
runtime/a7ffcore16l_strict_preseed_queue_lock/a7ffcore16l_manifest.json,feature_factory,legacy_reference,large feature experiments; requires core extraction review
runtime/a7ffcore16l_strict_preseed_queue_lock/a7ffcore16l_queue_family_summary.csv,feature_factory,legacy_reference,large feature experiments; requires core extraction review
runtime/a7ffcore16m_h2_floor_arbitration_contract/a7ffcore16m_allowed_next.csv,feature_factory,legacy_reference,large feature experiments; requires core extraction review
runtime/a7ffcore16m_h2_floor_arbitration_contract/a7ffcore16m_blocked_tasks.csv,feature_factory,legacy_reference,large feature experiments; requires core extraction review
runtime/a7ffcore16m_h2_floor_arbitration_contract/a7ffcore16m_core16me_operator_policy.csv,feature_factory,legacy_reference,large feature experiments; requires core extraction review
runtime/a7ffcore16m_h2_floor_arbitration_contract/a7ffcore16m_floor_policy.csv,feature_factory,legacy_reference,large feature experiments; requires core extraction review
runtime/a7ffcore16m_h2_floor_arbitration_contract/a7ffcore16m_manifest.json,feature_factory,legacy_reference,large feature experiments; requires core extraction review
runtime/a7ffcore16me_broader_h2_repair_execution/a7ffcore16me_blueprint_queue.csv,feature_factory,legacy_reference,large feature experiments; requires core extraction review
runtime/a7ffcore16me_broader_h2_repair_execution/a7ffcore16me_chunk_manifest_summary.csv,feature_factory,legacy_reference,large feature experiments; requires core extraction review
runtime/a7ffcore16me_broader_h2_repair_execution/a7ffcore16me_decision_counts.csv,feature_factory,legacy_reference,large feature experiments; requires core extraction review
runtime/a7ffcore16me_broader_h2_repair_execution/a7ffcore16me_family_summary.csv,feature_factory,legacy_reference,large feature experiments; requires core extraction review
runtime/a7ffcore16me_broader_h2_repair_execution/a7ffcore16me_h2_added_strict_rows.csv,feature_factory,legacy_reference,large feature experiments; requires core extraction review
runtime/a7ffcore16me_broader_h2_repair_execution/a7ffcore16me_h2_repair_candidates.csv,feature_factory,legacy_reference,large feature experiments; requires core extraction review
runtime/a7ffcore16me_broader_h2_repair_execution/a7ffcore16me_h2_repair_response_map.csv,feature_response,archive_only,response profiling evidence
runtime/a7ffcore16me_broader_h2_repair_execution/a7ffcore16me_manifest.json,feature_factory,legacy_reference,large feature experiments; requires core extraction review
runtime/a7ffcore16me_broader_h2_repair_execution/a7ffcore16me_repaired_strict_preseed_queue.csv,feature_factory,legacy_reference,large feature experiments; requires core extraction review
runtime/a7ffcore16me_broader_h2_repair_execution/chunk=0-of-6/a7ffcore16me_blueprint_queue.csv,feature_factory,legacy_reference,large feature experiments; requires core extraction review
runtime/a7ffcore16me_broader_h2_repair_execution/chunk=0-of-6/a7ffcore16me_chunk_manifest.json,feature_factory,legacy_reference,large feature experiments; requires core extraction review
runtime/a7ffcore16me_broader_h2_repair_execution/chunk=0-of-6/a7ffcore16me_h2_repair_candidates.csv,feature_factory,legacy_reference,large feature experiments; requires core extraction review
runtime/a7ffcore16me_broader_h2_repair_execution/chunk=0-of-6/a7ffcore16me_h2_repair_response_map.csv,feature_response,archive_only,response profiling evidence
runtime/a7ffcore16me_broader_h2_repair_execution/chunk=1-of-6/a7ffcore16me_blueprint_queue.csv,feature_factory,legacy_reference,large feature experiments; requires core extraction review
runtime/a7ffcore16me_broader_h2_repair_execution/chunk=1-of-6/a7ffcore16me_chunk_manifest.json,feature_factory,legacy_reference,large feature experiments; requires core extraction review
runtime/a7ffcore16me_broader_h2_repair_execution/chunk=1-of-6/a7ffcore16me_h2_repair_candidates.csv,feature_factory,legacy_reference,large feature experiments; requires core extraction review
runtime/a7ffcore16me_broader_h2_repair_execution/chunk=1-of-6/a7ffcore16me_h2_repair_response_map.csv,feature_response,archive_only,response profiling evidence
runtime/a7ffcore16me_broader_h2_repair_execution/chunk=2-of-6/a7ffcore16me_blueprint_queue.csv,feature_factory,legacy_reference,large feature experiments; requires core extraction review
runtime/a7ffcore16me_broader_h2_repair_execution/chunk=2-of-6/a7ffcore16me_chunk_manifest.json,feature_factory,legacy_reference,large feature experiments; requires core extraction review
runtime/a7ffcore16me_broader_h2_repair_execution/chunk=2-of-6/a7ffcore16me_h2_repair_candidates.csv,feature_factory,legacy_reference,large feature experiments; requires core extraction review
runtime/a7ffcore16me_broader_h2_repair_execution/chunk=2-of-6/a7ffcore16me_h2_repair_response_map.csv,feature_response,archive_only,response profiling evidence
runtime/a7ffcore16me_broader_h2_repair_execution/chunk=3-of-6/a7ffcore16me_blueprint_queue.csv,feature_factory,legacy_reference,large feature experiments; requires core extraction review
runtime/a7ffcore16me_broader_h2_repair_execution/chunk=3-of-6/a7ffcore16me_chunk_manifest.json,feature_factory,legacy_reference,large feature experiments; requires core extraction review
runtime/a7ffcore16me_broader_h2_repair_execution/chunk=3-of-6/a7ffcore16me_h2_repair_candidates.csv,feature_factory,legacy_reference,large feature experiments; requires core extraction review
runtime/a7ffcore16me_broader_h2_repair_execution/chunk=3-of-6/a7ffcore16me_h2_repair_response_map.csv,feature_response,archive_only,response profiling evidence
runtime/a7ffcore16me_broader_h2_repair_execution/chunk=4-of-6/a7ffcore16me_blueprint_queue.csv,feature_factory,legacy_reference,large feature experiments; requires core extraction review
runtime/a7ffcore16me_broader_h2_repair_execution/chunk=4-of-6/a7ffcore16me_chunk_manifest.json,feature_factory,legacy_reference,large feature experiments; requires core extraction review
runtime/a7ffcore16me_broader_h2_repair_execution/chunk=4-of-6/a7ffcore16me_h2_repair_candidates.csv,feature_factory,legacy_reference,large feature experiments; requires core extraction review
runtime/a7ffcore16me_broader_h2_repair_execution/chunk=4-of-6/a7ffcore16me_h2_repair_response_map.csv,feature_response,archive_only,response profiling evidence
runtime/a7ffcore16me_broader_h2_repair_execution/chunk=5-of-6/a7ffcore16me_blueprint_queue.csv,feature_factory,legacy_reference,large feature experiments; requires core extraction review
runtime/a7ffcore16me_broader_h2_repair_execution/chunk=5-of-6/a7ffcore16me_chunk_manifest.json,feature_factory,legacy_reference,large feature experiments; requires core extraction review
runtime/a7ffcore16me_broader_h2_repair_execution/chunk=5-of-6/a7ffcore16me_h2_repair_candidates.csv,feature_factory,legacy_reference,large feature experiments; requires core extraction review
runtime/a7ffcore16me_broader_h2_repair_execution/chunk=5-of-6/a7ffcore16me_h2_repair_response_map.csv,feature_response,archive_only,response profiling evidence
runtime/a7ffcore16r_primitive_atlas_supply_repair/a7ffcore16r_blocked_actions.csv,feature_factory,legacy_reference,large feature experiments; requires core extraction review
runtime/a7ffcore16r_primitive_atlas_supply_repair/a7ffcore16r_manifest.json,feature_factory,legacy_reference,large feature experiments; requires core extraction review
runtime/a7ffcore16r_primitive_atlas_supply_repair/a7ffcore16r_next_contract.json,feature_factory,legacy_reference,large feature experiments; requires core extraction review
runtime/a7ffcore16r_primitive_atlas_supply_repair/a7ffcore16r_repair_actions.csv,feature_factory,legacy_reference,large feature experiments; requires core extraction review
runtime/a7ffcore16r_primitive_atlas_supply_repair/a7ffcore16r_source_family_stability.csv,feature_factory,legacy_reference,large feature experiments; requires core extraction review
runtime/a7ffcore17_objective_seed_policy_contract/a7ffcore17_blocked_tasks.csv,feature_factory,legacy_reference,large feature experiments; requires core extraction review
runtime/a7ffcore17_objective_seed_policy_contract/a7ffcore17_manifest.json,feature_factory,legacy_reference,large feature experiments; requires core extraction review
runtime/a7ffcore17_objective_seed_policy_contract/a7ffcore17_objective_policy.csv,feature_factory,legacy_reference,large feature experiments; requires core extraction review
runtime/a7ffcore17_objective_seed_policy_contract/a7ffcore17_seed_lane_policy.csv,feature_factory,legacy_reference,large feature experiments; requires core extraction review
runtime/a7ffcore17_objective_seed_policy_contract/a7ffcore17_seed_lane_summary.csv,feature_factory,legacy_reference,large feature experiments; requires core extraction review
runtime/a7ffcore17_objective_seed_policy_contract/a7ffcore17_seed_policy_queue.csv,feature_factory,legacy_reference,large feature experiments; requires core extraction review
runtime/a7ffcore17e_objective_seed_packet_construction/a7ffcore17e_gate_audit.csv,feature_factory,legacy_reference,large feature experiments; requires core extraction review
runtime/a7ffcore17e_objective_seed_packet_construction/a7ffcore17e_label_horizon_summary.csv,feature_factory,legacy_reference,large feature experiments; requires core extraction review
runtime/a7ffcore17e_objective_seed_packet_construction/a7ffcore17e_manifest.json,feature_factory,legacy_reference,large feature experiments; requires core extraction review
runtime/a7ffcore17e_objective_seed_packet_construction/a7ffcore17e_objective_seed_packet.csv,feature_factory,legacy_reference,large feature experiments; requires core extraction review
runtime/a7ffcore17e_objective_seed_packet_construction/a7ffcore17e_operator_summary.csv,feature_factory,legacy_reference,large feature experiments; requires core extraction review
runtime/a7ffcore17e_objective_seed_packet_construction/a7ffcore17e_seed_lane_summary.csv,feature_factory,legacy_reference,large feature experiments; requires core extraction review
runtime/a7ffcore18_bounded_replay_preflight_contract/a7ffcore18_blocked_tasks.csv,feature_factory,legacy_reference,large feature experiments; requires core extraction review
runtime/a7ffcore18_bounded_replay_preflight_contract/a7ffcore18_execution_plan.csv,feature_factory,legacy_reference,large feature experiments; requires core extraction review
runtime/a7ffcore18_bounded_replay_preflight_contract/a7ffcore18_manifest.json,feature_factory,legacy_reference,large feature experiments; requires core extraction review
runtime/a7ffcore18_bounded_replay_preflight_contract/a7ffcore18_packet_summary.csv,feature_factory,legacy_reference,large feature experiments; requires core extraction review
runtime/a7ffcore18_bounded_replay_preflight_contract/a7ffcore18_replay_preflight_contract.csv,feature_factory,legacy_reference,large feature experiments; requires core extraction review
runtime/a7ffcore18e_bounded_replay_preflight/a7ffcore18e_field_contract_audit.csv,field_contracts,archive_only,prior governance evidence; not all scripts are runtime core
runtime/a7ffcore18e_bounded_replay_preflight/a7ffcore18e_gate_audit.csv,feature_factory,legacy_reference,large feature experiments; requires core extraction review
runtime/a7ffcore18e_bounded_replay_preflight/a7ffcore18e_lane_summary.csv,feature_factory,legacy_reference,large feature experiments; requires core extraction review
runtime/a7ffcore18e_bounded_replay_preflight/a7ffcore18e_manifest.json,feature_factory,legacy_reference,large feature experiments; requires core extraction review
runtime/a7ffcore18e_bounded_replay_preflight/a7ffcore18e_packet_role_counts.csv,feature_factory,legacy_reference,large feature experiments; requires core extraction review
runtime/a7ffcore19_bounded_replay_contract/a7ffcore19_blocked_tasks.csv,feature_factory,legacy_reference,large feature experiments; requires core extraction review
runtime/a7ffcore19_bounded_replay_contract/a7ffcore19_input_lane_counts.csv,feature_factory,legacy_reference,large feature experiments; requires core extraction review
runtime/a7ffcore19_bounded_replay_contract/a7ffcore19_manifest.json,feature_factory,legacy_reference,large feature experiments; requires core extraction review
runtime/a7ffcore19_bounded_replay_contract/a7ffcore19_pass_gate_matrix.csv,feature_factory,legacy_reference,large feature experiments; requires core extraction review
runtime/a7ffcore19_bounded_replay_contract/a7ffcore19_replay_scope.csv,feature_factory,legacy_reference,large feature experiments; requires core extraction review
runtime/a7ffcore19e_bounded_replay_execution/a7ffcore19e_candidate_summary.csv,feature_factory,legacy_reference,large feature experiments; requires core extraction review
runtime/a7ffcore19e_bounded_replay_execution/a7ffcore19e_eval_errors.csv,feature_factory,legacy_reference,large feature experiments; requires core extraction review
runtime/a7ffcore19e_bounded_replay_execution/a7ffcore19e_family_summary.csv,feature_factory,legacy_reference,large feature experiments; requires core extraction review
runtime/a7ffcore19e_bounded_replay_execution/a7ffcore19e_manifest.json,feature_factory,legacy_reference,large feature experiments; requires core extraction review
runtime/a7ffcore19e_bounded_replay_execution/a7ffcore19e_replay_clean_candidates.csv,feature_factory,legacy_reference,large feature experiments; requires core extraction review
runtime/a7ffcore19e_bounded_replay_execution/a7ffcore19e_replay_rows.csv,feature_factory,legacy_reference,large feature experiments; requires core extraction review
runtime/a7ffcore19r_bounded_replay_forensic/a7ffcore19r_candidate_failure_map.csv,feature_factory,legacy_reference,large feature experiments; requires core extraction review
runtime/a7ffcore19r_bounded_replay_forensic/a7ffcore19r_clean_clue_summary.csv,feature_factory,legacy_reference,large feature experiments; requires core extraction review
runtime/a7ffcore19r_bounded_replay_forensic/a7ffcore19r_failure_summary.csv,feature_factory,legacy_reference,large feature experiments; requires core extraction review
runtime/a7ffcore19r_bounded_replay_forensic/a7ffcore19r_manifest.json,feature_factory,legacy_reference,large feature experiments; requires core extraction review
runtime/a7ffcore19r_bounded_replay_forensic/a7ffcore19r_recommended_actions.csv,feature_factory,legacy_reference,large feature experiments; requires core extraction review
runtime/a7ffcore19s_bounded_replay_repair_contract/a7ffcore19s_blocked_tasks.csv,feature_factory,legacy_reference,large feature experiments; requires core extraction review
runtime/a7ffcore19s_bounded_replay_repair_contract/a7ffcore19s_execution_plan.csv,feature_factory,legacy_reference,large feature experiments; requires core extraction review
runtime/a7ffcore19s_bounded_replay_repair_contract/a7ffcore19s_manifest.json,feature_factory,legacy_reference,large feature experiments; requires core extraction review
runtime/a7ffcore19s_bounded_replay_repair_contract/a7ffcore19s_repair_policy.csv,feature_factory,legacy_reference,large feature experiments; requires core extraction review
runtime/a7ffcore19s_bounded_replay_repair_contract/a7ffcore19s_source_clean_clue_summary.csv,feature_factory,legacy_reference,large feature experiments; requires core extraction review
runtime/a7ffcore19s_bounded_replay_repair_contract/a7ffcore19s_source_failure_summary.csv,feature_factory,legacy_reference,large feature experiments; requires core extraction review
runtime/a7ffcore19se_bounded_replay_repair_execution/a7ffcore19se_2bps_clean_diagnostic_clues.csv,feature_factory,legacy_reference,large feature experiments; requires core extraction review
runtime/a7ffcore19se_bounded_replay_repair_execution/a7ffcore19se_cost_tier_clean_summary.csv,feature_factory,legacy_reference,large feature experiments; requires core extraction review
runtime/a7ffcore19se_bounded_replay_repair_execution/a7ffcore19se_diagnosis.csv,feature_factory,legacy_reference,large feature experiments; requires core extraction review
runtime/a7ffcore19se_bounded_replay_repair_execution/a7ffcore19se_lane_cost_summary.csv,feature_factory,legacy_reference,large feature experiments; requires core extraction review
runtime/a7ffcore19se_bounded_replay_repair_execution/a7ffcore19se_manifest.json,feature_factory,legacy_reference,large feature experiments; requires core extraction review
runtime/a7ffcore19ser_replay_repair_forensic/a7ffcore19ser_cost_summary.csv,feature_factory,legacy_reference,large feature experiments; requires core extraction review
runtime/a7ffcore19ser_replay_repair_forensic/a7ffcore19ser_diagnosis.csv,feature_factory,legacy_reference,large feature experiments; requires core extraction review
runtime/a7ffcore19ser_replay_repair_forensic/a7ffcore19ser_manifest.json,feature_factory,legacy_reference,large feature experiments; requires core extraction review
runtime/a7ffcore19ser_replay_repair_forensic/a7ffcore19ser_recommended_actions.csv,feature_factory,legacy_reference,large feature experiments; requires core extraction review
runtime/a7ffcore1_ast_schema_adapter/a7ffcore1_ast_roundtrip_audit.csv,feature_factory,legacy_reference,large feature experiments; requires core extraction review
runtime/a7ffcore1_ast_schema_adapter/a7ffcore1_family_roundtrip_summary.csv,feature_factory,legacy_reference,large feature experiments; requires core extraction review
runtime/a7ffcore1_ast_schema_adapter/a7ffcore1_field_inventory.csv,field_contracts,archive_only,prior governance evidence; not all scripts are runtime core
runtime/a7ffcore1_ast_schema_adapter/a7ffcore1_manifest.json,feature_factory,legacy_reference,large feature experiments; requires core extraction review
runtime/a7ffcore1_ast_schema_adapter/a7ffcore1_node_inventory.csv,feature_factory,legacy_reference,large feature experiments; requires core extraction review
runtime/a7ffcore1_ast_schema_adapter/a7ffcore1_operator_inventory.csv,feature_factory,legacy_reference,large feature experiments; requires core extraction review
runtime/a7ffcore21_replay_translation_reset_contract/a7ffcore21_blocked_tasks.csv,feature_factory,legacy_reference,large feature experiments; requires core extraction review
runtime/a7ffcore21_replay_translation_reset_contract/a7ffcore21_execution_plan.csv,feature_factory,legacy_reference,large feature experiments; requires core extraction review
runtime/a7ffcore21_replay_translation_reset_contract/a7ffcore21_manifest.json,feature_factory,legacy_reference,large feature experiments; requires core extraction review
runtime/a7ffcore21_replay_translation_reset_contract/a7ffcore21_reset_policy.csv,feature_factory,legacy_reference,large feature experiments; requires core extraction review
runtime/a7ffcore21e_replay_translation_matrix_audit/a7ffcore21e_diagnosis.csv,feature_factory,legacy_reference,large feature experiments; requires core extraction review
runtime/a7ffcore21e_replay_translation_matrix_audit/a7ffcore21e_label_cost_matrix.csv,feature_factory,legacy_reference,large feature experiments; requires core extraction review
runtime/a7ffcore21e_replay_translation_matrix_audit/a7ffcore21e_label_horizon_matrix_2bps.csv,feature_factory,legacy_reference,large feature experiments; requires core extraction review
runtime/a7ffcore21e_replay_translation_matrix_audit/a7ffcore21e_lag_gate_matrix.csv,feature_factory,legacy_reference,large feature experiments; requires core extraction review
runtime/a7ffcore21e_replay_translation_matrix_audit/a7ffcore21e_lane_cost_matrix.csv,feature_factory,legacy_reference,large feature experiments; requires core extraction review
runtime/a7ffcore21e_replay_translation_matrix_audit/a7ffcore21e_manifest.json,feature_factory,legacy_reference,large feature experiments; requires core extraction review
runtime/a7ffcore21r_translation_matrix_forensic/a7ffcore21r_diagnosis.csv,feature_factory,legacy_reference,large feature experiments; requires core extraction review
runtime/a7ffcore21r_translation_matrix_forensic/a7ffcore21r_label_cost_sorted.csv,feature_factory,legacy_reference,large feature experiments; requires core extraction review
runtime/a7ffcore21r_translation_matrix_forensic/a7ffcore21r_lag_gate_sorted.csv,feature_factory,legacy_reference,large feature experiments; requires core extraction review
runtime/a7ffcore21r_translation_matrix_forensic/a7ffcore21r_lane_cost_sorted.csv,feature_factory,legacy_reference,large feature experiments; requires core extraction review
runtime/a7ffcore21r_translation_matrix_forensic/a7ffcore21r_manifest.json,feature_factory,legacy_reference,large feature experiments; requires core extraction review
runtime/a7ffcore21r_translation_matrix_forensic/a7ffcore21r_recommended_actions.csv,feature_factory,legacy_reference,large feature experiments; requires core extraction review
runtime/a7ffcore22_lag_aware_replay_translation_contract/a7ffcore22_blocked_tasks.csv,feature_factory,legacy_reference,large feature experiments; requires core extraction review
runtime/a7ffcore22_lag_aware_replay_translation_contract/a7ffcore22_execution_plan.csv,feature_factory,legacy_reference,large feature experiments; requires core extraction review
runtime/a7ffcore22_lag_aware_replay_translation_contract/a7ffcore22_lag_policy.csv,feature_factory,legacy_reference,large feature experiments; requires core extraction review
runtime/a7ffcore22_lag_aware_replay_translation_contract/a7ffcore22_manifest.json,feature_factory,legacy_reference,large feature experiments; requires core extraction review
runtime/a7ffcore22e_lag_aware_replay_translation_audit/a7ffcore22e_diagnosis.csv,feature_factory,legacy_reference,large feature experiments; requires core extraction review
runtime/a7ffcore22e_lag_aware_replay_translation_audit/a7ffcore22e_lag_translation_matrix.csv,feature_factory,legacy_reference,large feature experiments; requires core extraction review
runtime/a7ffcore22e_lag_aware_replay_translation_audit/a7ffcore22e_manifest.json,feature_factory,legacy_reference,large feature experiments; requires core extraction review
runtime/a7ffcore22r_lag_translation_forensic/a7ffcore22r_diagnosis.csv,feature_factory,legacy_reference,large feature experiments; requires core extraction review
runtime/a7ffcore22r_lag_translation_forensic/a7ffcore22r_lag_translation_matrix.csv,feature_factory,legacy_reference,large feature experiments; requires core extraction review
runtime/a7ffcore22r_lag_translation_forensic/a7ffcore22r_manifest.json,feature_factory,legacy_reference,large feature experiments; requires core extraction review
runtime/a7ffcore22r_lag_translation_forensic/a7ffcore22r_recommended_actions.csv,feature_factory,legacy_reference,large feature experiments; requires core extraction review
runtime/a7ffcore23_executable_horizon_redesign_contract/a7ffcore23_blocked_tasks.csv,feature_factory,legacy_reference,large feature experiments; requires core extraction review
runtime/a7ffcore23_executable_horizon_redesign_contract/a7ffcore23_execution_plan.csv,feature_factory,legacy_reference,large feature experiments; requires core extraction review
runtime/a7ffcore23_executable_horizon_redesign_contract/a7ffcore23_horizon_policy.csv,feature_factory,legacy_reference,large feature experiments; requires core extraction review
runtime/a7ffcore23_executable_horizon_redesign_contract/a7ffcore23_manifest.json,feature_factory,legacy_reference,large feature experiments; requires core extraction review
runtime/a7ffcore23e_executable_horizon_diagnostic_audit/a7ffcore23e_best_executable_clean_candidates.csv,feature_factory,legacy_reference,large feature experiments; requires core extraction review
runtime/a7ffcore23e_executable_horizon_diagnostic_audit/a7ffcore23e_clean_by_label.csv,feature_factory,legacy_reference,large feature experiments; requires core extraction review
runtime/a7ffcore23e_executable_horizon_diagnostic_audit/a7ffcore23e_clean_by_lane.csv,feature_factory,legacy_reference,large feature experiments; requires core extraction review
runtime/a7ffcore23e_executable_horizon_diagnostic_audit/a7ffcore23e_diagnosis.csv,feature_factory,legacy_reference,large feature experiments; requires core extraction review
runtime/a7ffcore23e_executable_horizon_diagnostic_audit/a7ffcore23e_executable_horizon_matrix.csv,feature_factory,legacy_reference,large feature experiments; requires core extraction review
runtime/a7ffcore23e_executable_horizon_diagnostic_audit/a7ffcore23e_manifest.json,feature_factory,legacy_reference,large feature experiments; requires core extraction review
runtime/a7ffcore23r_executable_horizon_forensic/a7ffcore23r_diagnosis.csv,feature_factory,legacy_reference,large feature experiments; requires core extraction review
runtime/a7ffcore23r_executable_horizon_forensic/a7ffcore23r_field_usage.csv,field_contracts,archive_only,prior governance evidence; not all scripts are runtime core
runtime/a7ffcore23r_executable_horizon_forensic/a7ffcore23r_label_presence.csv,feature_factory,legacy_reference,large feature experiments; requires core extraction review
runtime/a7ffcore23r_executable_horizon_forensic/a7ffcore23r_lane_presence.csv,feature_factory,legacy_reference,large feature experiments; requires core extraction review
runtime/a7ffcore23r_executable_horizon_forensic/a7ffcore23r_manifest.json,feature_factory,legacy_reference,large feature experiments; requires core extraction review
runtime/a7ffcore23r_executable_horizon_forensic/a7ffcore23r_recommended_actions.csv,feature_factory,legacy_reference,large feature experiments; requires core extraction review
runtime/a7ffcore24_executable_lane_repair_contract/a7ffcore24_blocked_tasks.csv,feature_factory,legacy_reference,large feature experiments; requires core extraction review
runtime/a7ffcore24_executable_lane_repair_contract/a7ffcore24_execution_plan.csv,feature_factory,legacy_reference,large feature experiments; requires core extraction review
runtime/a7ffcore24_executable_lane_repair_contract/a7ffcore24_gate_policy.csv,feature_factory,legacy_reference,large feature experiments; requires core extraction review
runtime/a7ffcore24_executable_lane_repair_contract/a7ffcore24_lane_policy.csv,feature_factory,legacy_reference,large feature experiments; requires core extraction review
runtime/a7ffcore24_executable_lane_repair_contract/a7ffcore24_manifest.json,feature_factory,legacy_reference,large feature experiments; requires core extraction review
runtime/a7ffcore24e_executable_lane_repair_packet/a7ffcore24e_diagnosis.csv,feature_factory,legacy_reference,large feature experiments; requires core extraction review
runtime/a7ffcore24e_executable_lane_repair_packet/a7ffcore24e_lane_summary.csv,feature_factory,legacy_reference,large feature experiments; requires core extraction review
runtime/a7ffcore24e_executable_lane_repair_packet/a7ffcore24e_manifest.json,feature_factory,legacy_reference,large feature experiments; requires core extraction review
runtime/a7ffcore24e_executable_lane_repair_packet/a7ffcore24e_repair_packet.csv,feature_factory,legacy_reference,large feature experiments; requires core extraction review
runtime/a7ffcore24e_executable_lane_repair_packet/a7ffcore24e_role_summary.csv,feature_factory,legacy_reference,large feature experiments; requires core extraction review
runtime/a7ffcore24e_executable_lane_repair_packet/a7ffcore24e_source_lane_horizon_coverage.csv,feature_factory,legacy_reference,large feature experiments; requires core extraction review
runtime/a7ffcore24r_lane_packet_forensic/a7ffcore24r_diagnosis.csv,feature_factory,legacy_reference,large feature experiments; requires core extraction review
runtime/a7ffcore24r_lane_packet_forensic/a7ffcore24r_manifest.json,feature_factory,legacy_reference,large feature experiments; requires core extraction review
runtime/a7ffcore24r_lane_packet_forensic/a7ffcore24r_recommended_actions.csv,feature_factory,legacy_reference,large feature experiments; requires core extraction review
runtime/a7ffcore24r_lane_packet_forensic/a7ffcore24r_target_lanes.csv,feature_factory,legacy_reference,large feature experiments; requires core extraction review
runtime/a7ffcore25_targeted_lane_horizon_generation_contract/a7ffcore25_execution_plan.csv,feature_factory,legacy_reference,large feature experiments; requires core extraction review
runtime/a7ffcore25_targeted_lane_horizon_generation_contract/a7ffcore25_gate_policy.csv,feature_factory,legacy_reference,large feature experiments; requires core extraction review
runtime/a7ffcore25_targeted_lane_horizon_generation_contract/a7ffcore25_generation_budget.csv,feature_factory,legacy_reference,large feature experiments; requires core extraction review
runtime/a7ffcore25_targeted_lane_horizon_generation_contract/a7ffcore25_manifest.json,feature_factory,legacy_reference,large feature experiments; requires core extraction review
runtime/a7ffcore25_targeted_lane_horizon_generation_contract/a7ffcore25_target_policy.csv,feature_factory,legacy_reference,large feature experiments; requires core extraction review
runtime/a7ffcore25e_targeted_lane_horizon_generation/a7ffcore25e_field_usage.csv,field_contracts,archive_only,prior governance evidence; not all scripts are runtime core
runtime/a7ffcore25e_targeted_lane_horizon_generation/a7ffcore25e_generated_blueprints.csv,feature_factory,legacy_reference,large feature experiments; requires core extraction review
runtime/a7ffcore25e_targeted_lane_horizon_generation/a7ffcore25e_lane_distribution.csv,feature_factory,legacy_reference,large feature experiments; requires core extraction review
runtime/a7ffcore25e_targeted_lane_horizon_generation/a7ffcore25e_manifest.json,feature_factory,legacy_reference,large feature experiments; requires core extraction review
runtime/a7ffcore25e_targeted_lane_horizon_generation/a7ffcore25e_preflight_distribution.csv,feature_factory,legacy_reference,large feature experiments; requires core extraction review
runtime/a7ffcore25e_targeted_lane_horizon_generation/a7ffcore25e_preflight_packet.csv,feature_factory,legacy_reference,large feature experiments; requires core extraction review
runtime/a7ffcore26_targeted_numeric_probe_contract/a7ffcore26_expected_outputs.csv,feature_factory,legacy_reference,large feature experiments; requires core extraction review
runtime/a7ffcore26_targeted_numeric_probe_contract/a7ffcore26_gate_policy.csv,feature_factory,legacy_reference,large feature experiments; requires core extraction review
runtime/a7ffcore26_targeted_numeric_probe_contract/a7ffcore26_manifest.json,feature_factory,legacy_reference,large feature experiments; requires core extraction review
runtime/a7ffcore26_targeted_numeric_probe_contract/a7ffcore26_probe_policy.csv,feature_factory,legacy_reference,large feature experiments; requires core extraction review
runtime/a7ffcore26c_split_consistency_repair_contract/a7ffcore26c_blocked_tasks.csv,feature_factory,legacy_reference,large feature experiments; requires core extraction review
runtime/a7ffcore26c_split_consistency_repair_contract/a7ffcore26c_execution_plan.csv,feature_factory,legacy_reference,large feature experiments; requires core extraction review
runtime/a7ffcore26c_split_consistency_repair_contract/a7ffcore26c_lane_policy.csv,feature_factory,legacy_reference,large feature experiments; requires core extraction review
runtime/a7ffcore26c_split_consistency_repair_contract/a7ffcore26c_manifest.json,feature_factory,legacy_reference,large feature experiments; requires core extraction review
runtime/a7ffcore26c_split_consistency_repair_contract/a7ffcore26c_near_miss_seed_snapshot.csv,feature_factory,legacy_reference,large feature experiments; requires core extraction review
runtime/a7ffcore26c_split_consistency_repair_contract/a7ffcore26c_repair_budget.csv,feature_factory,legacy_reference,large feature experiments; requires core extraction review
runtime/a7ffcore26ce_split_consistency_repair_probe/a7ffcore26ce_candidate_summary.csv,feature_factory,legacy_reference,large feature experiments; requires core extraction review
runtime/a7ffcore26ce_split_consistency_repair_probe/a7ffcore26ce_clean_candidates.csv,feature_factory,legacy_reference,large feature experiments; requires core extraction review
runtime/a7ffcore26ce_split_consistency_repair_probe/a7ffcore26ce_eval_errors.csv,feature_factory,legacy_reference,large feature experiments; requires core extraction review
runtime/a7ffcore26ce_split_consistency_repair_probe/a7ffcore26ce_lane_summary.csv,feature_factory,legacy_reference,large feature experiments; requires core extraction review
runtime/a7ffcore26ce_split_consistency_repair_probe/a7ffcore26ce_manifest.json,feature_factory,legacy_reference,large feature experiments; requires core extraction review
runtime/a7ffcore26ce_split_consistency_repair_probe/a7ffcore26ce_near_miss_candidates.csv,feature_factory,legacy_reference,large feature experiments; requires core extraction review
runtime/a7ffcore26ce_split_consistency_repair_probe/a7ffcore26ce_numeric_rows.csv,feature_factory,legacy_reference,large feature experiments; requires core extraction review
runtime/a7ffcore26ce_split_consistency_repair_probe/a7ffcore26ce_repair_pool.csv,feature_factory,legacy_reference,large feature experiments; requires core extraction review
runtime/a7ffcore26cer_split_repair_forensic/a7ffcore26cer_clean_candidates_snapshot.csv,feature_factory,legacy_reference,large feature experiments; requires core extraction review
runtime/a7ffcore26cer_split_repair_forensic/a7ffcore26cer_diagnosis.csv,feature_factory,legacy_reference,large feature experiments; requires core extraction review
runtime/a7ffcore26cer_split_repair_forensic/a7ffcore26cer_manifest.json,feature_factory,legacy_reference,large feature experiments; requires core extraction review
runtime/a7ffcore26cer_split_repair_forensic/a7ffcore26cer_near_miss_snapshot.csv,feature_factory,legacy_reference,large feature experiments; requires core extraction review
runtime/a7ffcore26cer_split_repair_forensic/a7ffcore26cer_recommended_actions.csv,feature_factory,legacy_reference,large feature experiments; requires core extraction review
runtime/a7ffcore26d_non_s0_lane_repair_contract/a7ffcore26d_execution_plan.csv,feature_factory,legacy_reference,large feature experiments; requires core extraction review
runtime/a7ffcore26d_non_s0_lane_repair_contract/a7ffcore26d_gate_policy.csv,feature_factory,legacy_reference,large feature experiments; requires core extraction review
runtime/a7ffcore26d_non_s0_lane_repair_contract/a7ffcore26d_lane_policy.csv,feature_factory,legacy_reference,large feature experiments; requires core extraction review
runtime/a7ffcore26d_non_s0_lane_repair_contract/a7ffcore26d_manifest.json,feature_factory,legacy_reference,large feature experiments; requires core extraction review
runtime/a7ffcore26de_non_s0_lane_repair_probe/a7ffcore26de_candidate_summary.csv,feature_factory,legacy_reference,large feature experiments; requires core extraction review
runtime/a7ffcore26de_non_s0_lane_repair_probe/a7ffcore26de_clean_candidates.csv,feature_factory,legacy_reference,large feature experiments; requires core extraction review
runtime/a7ffcore26de_non_s0_lane_repair_probe/a7ffcore26de_eval_errors.csv,feature_factory,legacy_reference,large feature experiments; requires core extraction review
runtime/a7ffcore26de_non_s0_lane_repair_probe/a7ffcore26de_lane_summary.csv,feature_factory,legacy_reference,large feature experiments; requires core extraction review
runtime/a7ffcore26de_non_s0_lane_repair_probe/a7ffcore26de_manifest.json,feature_factory,legacy_reference,large feature experiments; requires core extraction review
runtime/a7ffcore26de_non_s0_lane_repair_probe/a7ffcore26de_near_miss_candidates.csv,feature_factory,legacy_reference,large feature experiments; requires core extraction review
runtime/a7ffcore26de_non_s0_lane_repair_probe/a7ffcore26de_numeric_rows.csv,feature_factory,legacy_reference,large feature experiments; requires core extraction review
runtime/a7ffcore26de_non_s0_lane_repair_probe/a7ffcore26de_repair_pool.csv,feature_factory,legacy_reference,large feature experiments; requires core extraction review
runtime/a7ffcore26der_non_s0_repair_forensic/a7ffcore26der_diagnosis.csv,feature_factory,legacy_reference,large feature experiments; requires core extraction review
runtime/a7ffcore26der_non_s0_repair_forensic/a7ffcore26der_manifest.json,feature_factory,legacy_reference,large feature experiments; requires core extraction review
runtime/a7ffcore26der_non_s0_repair_forensic/a7ffcore26der_near_miss_snapshot.csv,feature_factory,legacy_reference,large feature experiments; requires core extraction review
runtime/a7ffcore26der_non_s0_repair_forensic/a7ffcore26der_recommended_actions.csv,feature_factory,legacy_reference,large feature experiments; requires core extraction review
runtime/a7ffcore26e_targeted_numeric_probe_execution/a7ffcore26e_candidate_summary.csv,feature_factory,legacy_reference,large feature experiments; requires core extraction review
runtime/a7ffcore26e_targeted_numeric_probe_execution/a7ffcore26e_eval_errors.csv,feature_factory,legacy_reference,large feature experiments; requires core extraction review
runtime/a7ffcore26e_targeted_numeric_probe_execution/a7ffcore26e_executable_clean_candidates.csv,feature_factory,legacy_reference,large feature experiments; requires core extraction review
runtime/a7ffcore26e_targeted_numeric_probe_execution/a7ffcore26e_label_summary.csv,feature_factory,legacy_reference,large feature experiments; requires core extraction review
runtime/a7ffcore26e_targeted_numeric_probe_execution/a7ffcore26e_lane_summary.csv,feature_factory,legacy_reference,large feature experiments; requires core extraction review
runtime/a7ffcore26e_targeted_numeric_probe_execution/a7ffcore26e_manifest.json,feature_factory,legacy_reference,large feature experiments; requires core extraction review
runtime/a7ffcore26e_targeted_numeric_probe_execution/a7ffcore26e_numeric_rows.csv,feature_factory,legacy_reference,large feature experiments; requires core extraction review
runtime/a7ffcore26e_targeted_numeric_probe_execution/a7ffcore26e_probe_packet.csv,feature_factory,legacy_reference,large feature experiments; requires core extraction review
runtime/a7ffcore26r_targeted_numeric_probe_forensic/a7ffcore26r_candidate_split_forensic.csv,feature_factory,legacy_reference,large feature experiments; requires core extraction review
runtime/a7ffcore26r_targeted_numeric_probe_forensic/a7ffcore26r_diagnosis.csv,feature_factory,legacy_reference,large feature experiments; requires core extraction review
runtime/a7ffcore26r_targeted_numeric_probe_forensic/a7ffcore26r_label_forensic.csv,feature_factory,legacy_reference,large feature experiments; requires core extraction review
runtime/a7ffcore26r_targeted_numeric_probe_forensic/a7ffcore26r_lane_forensic.csv,feature_factory,legacy_reference,large feature experiments; requires core extraction review
runtime/a7ffcore26r_targeted_numeric_probe_forensic/a7ffcore26r_manifest.json,feature_factory,legacy_reference,large feature experiments; requires core extraction review
runtime/a7ffcore26r_targeted_numeric_probe_forensic/a7ffcore26r_near_miss_candidates.csv,feature_factory,legacy_reference,large feature experiments; requires core extraction review
runtime/a7ffcore26r_targeted_numeric_probe_forensic/a7ffcore26r_recommended_actions.csv,feature_factory,legacy_reference,large feature experiments; requires core extraction review
runtime/a7ffcore27x_search_readiness_arbitration/a7ffcore27x_authorization_matrix.csv,feature_factory,legacy_reference,large feature experiments; requires core extraction review
runtime/a7ffcore27x_search_readiness_arbitration/a7ffcore27x_manifest.json,feature_factory,legacy_reference,large feature experiments; requires core extraction review
runtime/a7ffcore27x_search_readiness_arbitration/a7ffcore27x_readiness_verdict.csv,feature_factory,legacy_reference,large feature experiments; requires core extraction review
runtime/a7ffcore28_objective_data_family_reset_contract/a7ffcore28_execution_plan.csv,feature_factory,legacy_reference,large feature experiments; requires core extraction review
runtime/a7ffcore28_objective_data_family_reset_contract/a7ffcore28_gate_policy.csv,feature_factory,legacy_reference,large feature experiments; requires core extraction review
runtime/a7ffcore28_objective_data_family_reset_contract/a7ffcore28_manifest.json,feature_factory,legacy_reference,large feature experiments; requires core extraction review
runtime/a7ffcore28_objective_data_family_reset_contract/a7ffcore28_reset_policy.csv,feature_factory,legacy_reference,large feature experiments; requires core extraction review
runtime/a7ffcore28e_independent_data_family_atlas_audit/a7ffcore28e_blocked_families.csv,feature_factory,legacy_reference,large feature experiments; requires core extraction review
runtime/a7ffcore28e_independent_data_family_atlas_audit/a7ffcore28e_data_family_atlas.csv,feature_factory,legacy_reference,large feature experiments; requires core extraction review
runtime/a7ffcore28e_independent_data_family_atlas_audit/a7ffcore28e_independence_scorecard.csv,feature_factory,legacy_reference,large feature experiments; requires core extraction review
runtime/a7ffcore28e_independent_data_family_atlas_audit/a7ffcore28e_manifest.json,feature_factory,legacy_reference,large feature experiments; requires core extraction review
runtime/a7ffcore28e_independent_data_family_atlas_audit/a7ffcore28e_next_family_candidates.csv,feature_factory,legacy_reference,large feature experiments; requires core extraction review
runtime/a7ffcore28e_independent_data_family_atlas_audit/a7ffcore28e_source_artifact_inventory.csv,feature_factory,legacy_reference,large feature experiments; requires core extraction review
runtime/a7ffcore29_independent_family_bounded_probe_contract/a7ffcore29_adapter_requirements.csv,feature_factory,legacy_reference,large feature experiments; requires core extraction review
runtime/a7ffcore29_independent_family_bounded_probe_contract/a7ffcore29_allowed_field_tokens.csv,field_contracts,archive_only,prior governance evidence; not all scripts are runtime core
runtime/a7ffcore29_independent_family_bounded_probe_contract/a7ffcore29_authorization_matrix.json,feature_factory,legacy_reference,large feature experiments; requires core extraction review
runtime/a7ffcore29_independent_family_bounded_probe_contract/a7ffcore29_budget_plan.csv,feature_factory,legacy_reference,large feature experiments; requires core extraction review
runtime/a7ffcore29_independent_family_bounded_probe_contract/a7ffcore29_family_contract.csv,feature_factory,legacy_reference,large feature experiments; requires core extraction review
runtime/a7ffcore29_independent_family_bounded_probe_contract/a7ffcore29_forbidden_patterns.csv,feature_factory,legacy_reference,large feature experiments; requires core extraction review
runtime/a7ffcore29_independent_family_bounded_probe_contract/a7ffcore29_manifest.json,feature_factory,legacy_reference,large feature experiments; requires core extraction review
runtime/a7ffcore29e_independent_family_preflight/a7ffcore29e_adapter_preflight.csv,feature_factory,legacy_reference,large feature experiments; requires core extraction review
runtime/a7ffcore29e_independent_family_preflight/a7ffcore29e_blueprint_preflight_queue.csv,feature_factory,legacy_reference,large feature experiments; requires core extraction review
runtime/a7ffcore29e_independent_family_preflight/a7ffcore29e_family_balance.csv,feature_factory,legacy_reference,large feature experiments; requires core extraction review
runtime/a7ffcore29e_independent_family_preflight/a7ffcore29e_forbidden_pattern_audit.csv,feature_factory,legacy_reference,large feature experiments; requires core extraction review
runtime/a7ffcore29e_independent_family_preflight/a7ffcore29e_manifest.json,feature_factory,legacy_reference,large feature experiments; requires core extraction review
runtime/a7ffcore29e_independent_family_preflight/a7ffcore29e_schema_availability.csv,feature_factory,legacy_reference,large feature experiments; requires core extraction review
runtime/a7ffcore29e_independent_family_preflight/a7ffcore29e_source_family_contract_snapshot.csv,feature_factory,legacy_reference,large feature experiments; requires core extraction review
runtime/a7ffcore2_feature_subgraph_registry/a7ffcore2_blueprint_subgraph_map.csv,feature_factory,legacy_reference,large feature experiments; requires core extraction review
runtime/a7ffcore2_feature_subgraph_registry/a7ffcore2_factor_candidate_roots.csv,feature_factory,legacy_reference,large feature experiments; requires core extraction review
runtime/a7ffcore2_feature_subgraph_registry/a7ffcore2_family_subgraph_summary.csv,feature_factory,legacy_reference,large feature experiments; requires core extraction review
runtime/a7ffcore2_feature_subgraph_registry/a7ffcore2_field_lineage.csv,field_contracts,archive_only,prior governance evidence; not all scripts are runtime core
runtime/a7ffcore2_feature_subgraph_registry/a7ffcore2_formula_gen_gate_matrix.csv,feature_factory,legacy_reference,large feature experiments; requires core extraction review
runtime/a7ffcore2_feature_subgraph_registry/a7ffcore2_manifest.json,feature_factory,legacy_reference,large feature experiments; requires core extraction review
runtime/a7ffcore2_feature_subgraph_registry/a7ffcore2_node_occurrence_trace.csv,feature_factory,legacy_reference,large feature experiments; requires core extraction review
runtime/a7ffcore2_feature_subgraph_registry/a7ffcore2_parse_failures.csv,feature_factory,legacy_reference,large feature experiments; requires core extraction review
runtime/a7ffcore2_feature_subgraph_registry/a7ffcore2_reusable_feature_subgraphs.csv,feature_factory,legacy_reference,large feature experiments; requires core extraction review
runtime/a7ffcore2_feature_subgraph_registry/a7ffcore2_subgraph_edge_list.csv,feature_factory,legacy_reference,large feature experiments; requires core extraction review
runtime/a7ffcore2_feature_subgraph_registry/a7ffcore2_subgraph_registry.csv,feature_factory,legacy_reference,large feature experiments; requires core extraction review
runtime/a7ffcore2_feature_subgraph_registry/a7ffcore2_subgraph_summary.csv,feature_factory,legacy_reference,large feature experiments; requires core extraction review
runtime/a7ffcore30_independent_family_numeric_probe_contract/a7ffcore30_authorization_matrix.json,feature_factory,legacy_reference,large feature experiments; requires core extraction review
runtime/a7ffcore30_independent_family_numeric_probe_contract/a7ffcore30_control_plan.csv,feature_factory,legacy_reference,large feature experiments; requires core extraction review
runtime/a7ffcore30_independent_family_numeric_probe_contract/a7ffcore30_family_summary.csv,feature_factory,legacy_reference,large feature experiments; requires core extraction review
runtime/a7ffcore30_independent_family_numeric_probe_contract/a7ffcore30_gate_plan.csv,feature_factory,legacy_reference,large feature experiments; requires core extraction review
runtime/a7ffcore30_independent_family_numeric_probe_contract/a7ffcore30_label_plan.csv,feature_factory,legacy_reference,large feature experiments; requires core extraction review
runtime/a7ffcore30_independent_family_numeric_probe_contract/a7ffcore30_manifest.json,feature_factory,legacy_reference,large feature experiments; requires core extraction review
runtime/a7ffcore30_independent_family_numeric_probe_contract/a7ffcore30_numeric_probe_queue.csv,feature_factory,legacy_reference,large feature experiments; requires core extraction review
runtime/a7ffcore30e_bounded_numeric_probe/a7ffcore30e_candidate_summary.csv,feature_factory,legacy_reference,large feature experiments; requires core extraction review
runtime/a7ffcore30e_bounded_numeric_probe/a7ffcore30e_dataset_summary.csv,feature_factory,legacy_reference,large feature experiments; requires core extraction review
runtime/a7ffcore30e_bounded_numeric_probe/a7ffcore30e_family_summary.csv,feature_factory,legacy_reference,large feature experiments; requires core extraction review
runtime/a7ffcore30e_bounded_numeric_probe/a7ffcore30e_manifest.json,feature_factory,legacy_reference,large feature experiments; requires core extraction review
runtime/a7ffcore30e_bounded_numeric_probe/a7ffcore30e_numeric_results.csv,feature_factory,legacy_reference,large feature experiments; requires core extraction review
runtime/a7ffcore30e_bounded_numeric_probe/a7ffcore30e_selected_numeric_clues.csv,feature_factory,legacy_reference,large feature experiments; requires core extraction review
runtime/a7ffcore31_independent_family_clue_consolidation/a7ffcore31_cluster_registry.csv,feature_factory,legacy_reference,large feature experiments; requires core extraction review
runtime/a7ffcore31_independent_family_clue_consolidation/a7ffcore31_concentration_audit.csv,feature_factory,legacy_reference,large feature experiments; requires core extraction review
runtime/a7ffcore31_independent_family_clue_consolidation/a7ffcore31_enriched_numeric_clues.csv,feature_factory,legacy_reference,large feature experiments; requires core extraction review
runtime/a7ffcore31_independent_family_clue_consolidation/a7ffcore31_family_summary.csv,feature_factory,legacy_reference,large feature experiments; requires core extraction review
runtime/a7ffcore31_independent_family_clue_consolidation/a7ffcore31_gate_audit.csv,feature_factory,legacy_reference,large feature experiments; requires core extraction review
runtime/a7ffcore31_independent_family_clue_consolidation/a7ffcore31_label_evidence.csv,feature_factory,legacy_reference,large feature experiments; requires core extraction review
runtime/a7ffcore31_independent_family_clue_consolidation/a7ffcore31_manifest.json,feature_factory,legacy_reference,large feature experiments; requires core extraction review
runtime/a7ffcore31_independent_family_clue_consolidation/a7ffcore31_replay_family_summary.csv,feature_factory,legacy_reference,large feature experiments; requires core extraction review
runtime/a7ffcore31_independent_family_clue_consolidation/a7ffcore31_replay_preflight_queue.csv,feature_factory,legacy_reference,large feature experiments; requires core extraction review
runtime/a7ffcore32_replay_preflight_contract/a7ffcore32_authorization_matrix.json,feature_factory,legacy_reference,large feature experiments; requires core extraction review
runtime/a7ffcore32_replay_preflight_contract/a7ffcore32_family_balance.csv,feature_factory,legacy_reference,large feature experiments; requires core extraction review
runtime/a7ffcore32_replay_preflight_contract/a7ffcore32_gate_audit.csv,feature_factory,legacy_reference,large feature experiments; requires core extraction review
runtime/a7ffcore32_replay_preflight_contract/a7ffcore32_manifest.json,feature_factory,legacy_reference,large feature experiments; requires core extraction review
runtime/a7ffcore32_replay_preflight_contract/a7ffcore32_preflight_checks.csv,feature_factory,legacy_reference,large feature experiments; requires core extraction review
runtime/a7ffcore32_replay_preflight_contract/a7ffcore32_replay_preflight_queue.csv,feature_factory,legacy_reference,large feature experiments; requires core extraction review
runtime/a7ffcore32e_replay_preflight_execution/a7ffcore32e_candidate_summary.csv,feature_factory,legacy_reference,large feature experiments; requires core extraction review
runtime/a7ffcore32e_replay_preflight_execution/a7ffcore32e_dataset_summary.csv,feature_factory,legacy_reference,large feature experiments; requires core extraction review
runtime/a7ffcore32e_replay_preflight_execution/a7ffcore32e_family_summary.csv,feature_factory,legacy_reference,large feature experiments; requires core extraction review
runtime/a7ffcore32e_replay_preflight_execution/a7ffcore32e_manifest.json,feature_factory,legacy_reference,large feature experiments; requires core extraction review
runtime/a7ffcore32e_replay_preflight_execution/a7ffcore32e_preflight_results.csv,feature_factory,legacy_reference,large feature experiments; requires core extraction review
runtime/a7ffcore32e_replay_preflight_execution/a7ffcore32e_selected_preflight_candidates.csv,feature_factory,legacy_reference,large feature experiments; requires core extraction review
runtime/a7ffcore33_bounded_replay_contract/a7ffcore33_authorization_matrix.json,feature_factory,legacy_reference,large feature experiments; requires core extraction review
runtime/a7ffcore33_bounded_replay_contract/a7ffcore33_family_summary.csv,feature_factory,legacy_reference,large feature experiments; requires core extraction review
runtime/a7ffcore33_bounded_replay_contract/a7ffcore33_gate_audit.csv,feature_factory,legacy_reference,large feature experiments; requires core extraction review
runtime/a7ffcore33_bounded_replay_contract/a7ffcore33_manifest.json,feature_factory,legacy_reference,large feature experiments; requires core extraction review
runtime/a7ffcore33_bounded_replay_contract/a7ffcore33_replay_candidate_queue.csv,feature_factory,legacy_reference,large feature experiments; requires core extraction review
runtime/a7ffcore33_bounded_replay_contract/a7ffcore33_replay_protocol.csv,feature_factory,legacy_reference,large feature experiments; requires core extraction review
runtime/a7ffcore33e_bounded_replay_execution/a7ffcore33e_candidate_summary.csv,feature_factory,legacy_reference,large feature experiments; requires core extraction review
runtime/a7ffcore33e_bounded_replay_execution/a7ffcore33e_dataset_summary.csv,feature_factory,legacy_reference,large feature experiments; requires core extraction review
runtime/a7ffcore33e_bounded_replay_execution/a7ffcore33e_family_summary.csv,feature_factory,legacy_reference,large feature experiments; requires core extraction review
runtime/a7ffcore33e_bounded_replay_execution/a7ffcore33e_manifest.json,feature_factory,legacy_reference,large feature experiments; requires core extraction review
runtime/a7ffcore33e_bounded_replay_execution/a7ffcore33e_replay_results.csv,feature_factory,legacy_reference,large feature experiments; requires core extraction review
runtime/a7ffcore33e_bounded_replay_execution/a7ffcore33e_survivors.csv,feature_factory,legacy_reference,large feature experiments; requires core extraction review
runtime/a7ffcore33er_bounded_replay_forensic/a7ffcore33er_candidate_failure_diagnostic.csv,feature_factory,legacy_reference,large feature experiments; requires core extraction review
runtime/a7ffcore33er_bounded_replay_forensic/a7ffcore33er_family_failure_diagnostic.csv,feature_factory,legacy_reference,large feature experiments; requires core extraction review
runtime/a7ffcore33er_bounded_replay_forensic/a7ffcore33er_manifest.json,feature_factory,legacy_reference,large feature experiments; requires core extraction review
runtime/a7ffcore33er_bounded_replay_forensic/a7ffcore33er_repair_plan.csv,feature_factory,legacy_reference,large feature experiments; requires core extraction review
runtime/a7ffcore33er_bounded_replay_forensic/a7ffcore33er_split_label_failure_map.csv,feature_factory,legacy_reference,large feature experiments; requires core extraction review
runtime/a7ffcore34_orientation_control_repair_contract/a7ffcore34_authorization_matrix.json,feature_factory,legacy_reference,large feature experiments; requires core extraction review
runtime/a7ffcore34_orientation_control_repair_contract/a7ffcore34_family_summary.csv,feature_factory,legacy_reference,large feature experiments; requires core extraction review
runtime/a7ffcore34_orientation_control_repair_contract/a7ffcore34_gate_audit.csv,feature_factory,legacy_reference,large feature experiments; requires core extraction review
runtime/a7ffcore34_orientation_control_repair_contract/a7ffcore34_manifest.json,feature_factory,legacy_reference,large feature experiments; requires core extraction review
runtime/a7ffcore34_orientation_control_repair_contract/a7ffcore34_repair_candidate_queue.csv,feature_factory,legacy_reference,large feature experiments; requires core extraction review
runtime/a7ffcore34_orientation_control_repair_contract/a7ffcore34_repair_protocol.csv,feature_factory,legacy_reference,large feature experiments; requires core extraction review
runtime/a7ffcore34e_orientation_control_repair_execution/a7ffcore34e_candidate_summary.csv,feature_factory,legacy_reference,large feature experiments; requires core extraction review
runtime/a7ffcore34e_orientation_control_repair_execution/a7ffcore34e_family_summary.csv,feature_factory,legacy_reference,large feature experiments; requires core extraction review
runtime/a7ffcore34e_orientation_control_repair_execution/a7ffcore34e_manifest.json,feature_factory,legacy_reference,large feature experiments; requires core extraction review
runtime/a7ffcore34e_orientation_control_repair_execution/a7ffcore34e_repaired_replay_results.csv,feature_factory,legacy_reference,large feature experiments; requires core extraction review
runtime/a7ffcore34e_orientation_control_repair_execution/a7ffcore34e_split_summary.csv,feature_factory,legacy_reference,large feature experiments; requires core extraction review
runtime/a7ffcore34e_orientation_control_repair_execution/a7ffcore34e_survivors.csv,feature_factory,legacy_reference,large feature experiments; requires core extraction review
runtime/a7ffcore34er_repair_forensic/a7ffcore34er_arbitration_inputs.csv,feature_factory,legacy_reference,large feature experiments; requires core extraction review
runtime/a7ffcore34er_repair_forensic/a7ffcore34er_candidate_failure_diagnostic.csv,feature_factory,legacy_reference,large feature experiments; requires core extraction review
runtime/a7ffcore34er_repair_forensic/a7ffcore34er_family_failure_diagnostic.csv,feature_factory,legacy_reference,large feature experiments; requires core extraction review
runtime/a7ffcore34er_repair_forensic/a7ffcore34er_manifest.json,feature_factory,legacy_reference,large feature experiments; requires core extraction review
runtime/a7ffcore34er_repair_forensic/a7ffcore34er_next_policy.csv,feature_factory,legacy_reference,large feature experiments; requires core extraction review
runtime/a7ffcore34er_repair_forensic/a7ffcore34er_split_failure_map.csv,feature_factory,legacy_reference,large feature experiments; requires core extraction review
runtime/a7ffcore35_search_readiness_arbitration/a7ffcore35_authorization_matrix.csv,feature_factory,legacy_reference,large feature experiments; requires core extraction review
runtime/a7ffcore35_search_readiness_arbitration/a7ffcore35_evidence_matrix.csv,feature_factory,legacy_reference,large feature experiments; requires core extraction review
runtime/a7ffcore35_search_readiness_arbitration/a7ffcore35_family_failure_snapshot.csv,feature_factory,legacy_reference,large feature experiments; requires core extraction review
runtime/a7ffcore35_search_readiness_arbitration/a7ffcore35_manifest.json,feature_factory,legacy_reference,large feature experiments; requires core extraction review
runtime/a7ffcore35_search_readiness_arbitration/a7ffcore35_next_contract_requirements.csv,feature_factory,legacy_reference,large feature experiments; requires core extraction review
runtime/a7ffcore36_replay_objective_reset_contract/a7ffcore36_authorization_matrix.json,feature_factory,legacy_reference,large feature experiments; requires core extraction review
runtime/a7ffcore36_replay_objective_reset_contract/a7ffcore36_execution_plan.csv,feature_factory,legacy_reference,large feature experiments; requires core extraction review
runtime/a7ffcore36_replay_objective_reset_contract/a7ffcore36_manifest.json,feature_factory,legacy_reference,large feature experiments; requires core extraction review
runtime/a7ffcore36_replay_objective_reset_contract/a7ffcore36_metric_contract.csv,feature_factory,legacy_reference,large feature experiments; requires core extraction review
runtime/a7ffcore36_replay_objective_reset_contract/a7ffcore36_objective_reset_policy.csv,feature_factory,legacy_reference,large feature experiments; requires core extraction review
runtime/a7ffcore36_replay_objective_reset_contract/a7ffcore36_source_authorization_snapshot.csv,feature_factory,legacy_reference,large feature experiments; requires core extraction review
runtime/a7ffcore36e_replay_objective_reset_execution/a7ffcore36e_candidate_rescore.csv,feature_factory,legacy_reference,large feature experiments; requires core extraction review
runtime/a7ffcore36e_replay_objective_reset_execution/a7ffcore36e_decision_matrix.csv,feature_factory,legacy_reference,large feature experiments; requires core extraction review
runtime/a7ffcore36e_replay_objective_reset_execution/a7ffcore36e_family_rescore_summary.csv,feature_factory,legacy_reference,large feature experiments; requires core extraction review
runtime/a7ffcore36e_replay_objective_reset_execution/a7ffcore36e_manifest.json,feature_factory,legacy_reference,large feature experiments; requires core extraction review
runtime/a7ffcore36e_replay_objective_reset_execution/a7ffcore36e_selected_queue.csv,feature_factory,legacy_reference,large feature experiments; requires core extraction review
runtime/a7ffcore36e_replay_objective_reset_execution/a7ffcore36e_split_gate_audit.csv,feature_factory,legacy_reference,large feature experiments; requires core extraction review
runtime/a7ffcore36er_replay_objective_forensic/a7ffcore36er_authorization_matrix.csv,feature_factory,legacy_reference,large feature experiments; requires core extraction review
runtime/a7ffcore36er_replay_objective_forensic/a7ffcore36er_family_diagnosis.csv,feature_factory,legacy_reference,large feature experiments; requires core extraction review
runtime/a7ffcore36er_replay_objective_forensic/a7ffcore36er_family_failure_counts.csv,feature_factory,legacy_reference,large feature experiments; requires core extraction review
runtime/a7ffcore36er_replay_objective_forensic/a7ffcore36er_global_failure_counts.csv,feature_factory,legacy_reference,large feature experiments; requires core extraction review
runtime/a7ffcore36er_replay_objective_forensic/a7ffcore36er_manifest.json,feature_factory,legacy_reference,large feature experiments; requires core extraction review
runtime/a7ffcore36er_replay_objective_forensic/a7ffcore36er_split_forensic_summary.csv,feature_factory,legacy_reference,large feature experiments; requires core extraction review
runtime/a7ffcore36er_replay_objective_forensic/a7ffcore36er_train_pass_oos_failure_detail.csv,feature_factory,legacy_reference,large feature experiments; requires core extraction review
runtime/a7ffcore37x_route_arbitration/a7ffcore37x_authorized_next.csv,feature_factory,legacy_reference,large feature experiments; requires core extraction review
runtime/a7ffcore37x_route_arbitration/a7ffcore37x_evidence_matrix.csv,feature_factory,legacy_reference,large feature experiments; requires core extraction review
runtime/a7ffcore37x_route_arbitration/a7ffcore37x_family_diagnosis_snapshot.csv,feature_factory,legacy_reference,large feature experiments; requires core extraction review
runtime/a7ffcore37x_route_arbitration/a7ffcore37x_frozen_paths.csv,feature_factory,legacy_reference,large feature experiments; requires core extraction review
runtime/a7ffcore37x_route_arbitration/a7ffcore37x_manifest.json,feature_factory,legacy_reference,large feature experiments; requires core extraction review
runtime/a7ffcore37x_route_arbitration/a7ffcore37x_route_scorecard.csv,feature_factory,legacy_reference,large feature experiments; requires core extraction review
runtime/a7ffcore38_portfolio_label_objective_contract/a7ffcore38_authorization_matrix.json,feature_factory,legacy_reference,large feature experiments; requires core extraction review
runtime/a7ffcore38_portfolio_label_objective_contract/a7ffcore38_book_constraints.csv,feature_factory,legacy_reference,large feature experiments; requires core extraction review
runtime/a7ffcore38_portfolio_label_objective_contract/a7ffcore38_execution_plan.csv,feature_factory,legacy_reference,large feature experiments; requires core extraction review
runtime/a7ffcore38_portfolio_label_objective_contract/a7ffcore38_label_contract.csv,feature_factory,legacy_reference,large feature experiments; requires core extraction review
runtime/a7ffcore38_portfolio_label_objective_contract/a7ffcore38_manifest.json,feature_factory,legacy_reference,large feature experiments; requires core extraction review
runtime/a7ffcore38_portfolio_label_objective_contract/a7ffcore38_objective_book_contract.csv,feature_factory,legacy_reference,large feature experiments; requires core extraction review
runtime/a7ffcore38e_portfolio_label_objective_audit/a7ffcore38e_authorization_matrix.csv,feature_factory,legacy_reference,large feature experiments; requires core extraction review
runtime/a7ffcore38e_portfolio_label_objective_audit/a7ffcore38e_available_column_inventory.csv,feature_factory,legacy_reference,large feature experiments; requires core extraction review
runtime/a7ffcore38e_portfolio_label_objective_audit/a7ffcore38e_blocker_matrix.csv,feature_factory,legacy_reference,large feature experiments; requires core extraction review
runtime/a7ffcore38e_portfolio_label_objective_audit/a7ffcore38e_label_computability_audit.csv,feature_factory,legacy_reference,large feature experiments; requires core extraction review
runtime/a7ffcore38e_portfolio_label_objective_audit/a7ffcore38e_manifest.json,feature_factory,legacy_reference,large feature experiments; requires core extraction review
runtime/a7ffcore38e_portfolio_label_objective_audit/a7ffcore38e_objective_computability_audit.csv,feature_factory,legacy_reference,large feature experiments; requires core extraction review
runtime/a7ffcore38e_portfolio_label_objective_audit/a7ffcore38e_source_objective_contract_snapshot.csv,feature_factory,legacy_reference,large feature experiments; requires core extraction review
runtime/a7ffcore39_symbol_level_book_packet_contract/a7ffcore39_authorization_matrix.json,feature_factory,legacy_reference,large feature experiments; requires core extraction review
runtime/a7ffcore39_symbol_level_book_packet_contract/a7ffcore39_execution_plan.csv,feature_factory,legacy_reference,large feature experiments; requires core extraction review
runtime/a7ffcore39_symbol_level_book_packet_contract/a7ffcore39_expected_outputs.csv,feature_factory,legacy_reference,large feature experiments; requires core extraction review
runtime/a7ffcore39_symbol_level_book_packet_contract/a7ffcore39_manifest.json,feature_factory,legacy_reference,large feature experiments; requires core extraction review
runtime/a7ffcore39_symbol_level_book_packet_contract/a7ffcore39_packet_build_requirements.csv,feature_factory,legacy_reference,large feature experiments; requires core extraction review
runtime/a7ffcore39_symbol_level_book_packet_contract/a7ffcore39_symbol_level_packet_schema.csv,feature_factory,legacy_reference,large feature experiments; requires core extraction review
runtime/a7ffcore39e_symbol_level_book_packet_audit/a7ffcore39e_candidate_score_diagnostics.csv,feature_factory,legacy_reference,large feature experiments; requires core extraction review
runtime/a7ffcore39e_symbol_level_book_packet_audit/a7ffcore39e_dataset_summary.csv,feature_factory,legacy_reference,large feature experiments; requires core extraction review
runtime/a7ffcore39e_symbol_level_book_packet_audit/a7ffcore39e_manifest.json,feature_factory,legacy_reference,large feature experiments; requires core extraction review
runtime/a7ffcore39e_symbol_level_book_packet_audit/a7ffcore39e_packet_artifact_manifest.csv,feature_factory,legacy_reference,large feature experiments; requires core extraction review
runtime/a7ffcore39e_symbol_level_book_packet_audit/a7ffcore39e_packet_quality_audit.csv,feature_factory,legacy_reference,large feature experiments; requires core extraction review
runtime/a7ffcore39e_symbol_level_book_packet_audit/a7ffcore39e_shard_plan.csv,feature_factory,legacy_reference,large feature experiments; requires core extraction review
runtime/a7ffcore3_formula_gen_subgraph_gate/a7ffcore3_allowed_subgraph_registry.csv,feature_factory,legacy_reference,large feature experiments; requires core extraction review
runtime/a7ffcore3_formula_gen_subgraph_gate/a7ffcore3_bypass_summary.csv,feature_factory,legacy_reference,large feature experiments; requires core extraction review
runtime/a7ffcore3_formula_gen_subgraph_gate/a7ffcore3_diagnostic_root_registry.csv,feature_factory,legacy_reference,large feature experiments; requires core extraction review
runtime/a7ffcore3_formula_gen_subgraph_gate/a7ffcore3_formula_gen_gate_policy.json,feature_factory,legacy_reference,large feature experiments; requires core extraction review
runtime/a7ffcore3_formula_gen_subgraph_gate/a7ffcore3_gate_matrix.csv,feature_factory,legacy_reference,large feature experiments; requires core extraction review
runtime/a7ffcore3_formula_gen_subgraph_gate/a7ffcore3_generation_script_bypass_audit.csv,feature_factory,legacy_reference,large feature experiments; requires core extraction review
runtime/a7ffcore3_formula_gen_subgraph_gate/a7ffcore3_manifest.json,feature_factory,legacy_reference,large feature experiments; requires core extraction review
runtime/a7ffcore40_book_objective_replay_contract/a7ffcore40_authorization_matrix.json,feature_factory,legacy_reference,large feature experiments; requires core extraction review
runtime/a7ffcore40_book_objective_replay_contract/a7ffcore40_book_objectives.csv,feature_factory,legacy_reference,large feature experiments; requires core extraction review
runtime/a7ffcore40_book_objective_replay_contract/a7ffcore40_execution_scope.csv,feature_factory,legacy_reference,large feature experiments; requires core extraction review
runtime/a7ffcore40_book_objective_replay_contract/a7ffcore40_manifest.json,feature_factory,legacy_reference,large feature experiments; requires core extraction review
runtime/a7ffcore40_book_objective_replay_contract/a7ffcore40_replay_gates.csv,feature_factory,legacy_reference,large feature experiments; requires core extraction review
runtime/a7ffcore40_book_objective_replay_contract/a7ffcore40_source_packet_quality_snapshot.csv,feature_factory,legacy_reference,large feature experiments; requires core extraction review
runtime/a7ffcore40e_book_objective_replay_execution/a7ffcore40e_book_replay_all_variants.csv,feature_factory,legacy_reference,large feature experiments; requires core extraction review
runtime/a7ffcore40e_book_objective_replay_execution/a7ffcore40e_book_replay_original_vs_controls.csv,feature_factory,legacy_reference,large feature experiments; requires core extraction review
runtime/a7ffcore40e_book_objective_replay_execution/a7ffcore40e_candidate_summary.csv,feature_factory,legacy_reference,large feature experiments; requires core extraction review
runtime/a7ffcore40e_book_objective_replay_execution/a7ffcore40e_family_summary.csv,feature_factory,legacy_reference,large feature experiments; requires core extraction review
runtime/a7ffcore40e_book_objective_replay_execution/a7ffcore40e_manifest.json,feature_factory,legacy_reference,large feature experiments; requires core extraction review
runtime/a7ffcore40e_book_objective_replay_execution/a7ffcore40e_objective_summary.csv,feature_factory,legacy_reference,large feature experiments; requires core extraction review
runtime/a7ffcore40e_book_objective_replay_execution/a7ffcore40e_split_balance.csv,feature_factory,legacy_reference,large feature experiments; requires core extraction review
runtime/a7ffcore40e_book_objective_replay_execution/a7ffcore40e_survivors.csv,feature_factory,legacy_reference,large feature experiments; requires core extraction review
runtime/a7ffcore40er_book_replay_forensic/a7ffcore40er_authorization_matrix.csv,feature_factory,legacy_reference,large feature experiments; requires core extraction review
runtime/a7ffcore40er_book_replay_forensic/a7ffcore40er_candidate_failure_classification.csv,feature_factory,legacy_reference,large feature experiments; requires core extraction review
runtime/a7ffcore40er_book_replay_forensic/a7ffcore40er_failure_counts.csv,feature_factory,legacy_reference,large feature experiments; requires core extraction review
runtime/a7ffcore40er_book_replay_forensic/a7ffcore40er_family_summary_snapshot.csv,feature_factory,legacy_reference,large feature experiments; requires core extraction review
runtime/a7ffcore40er_book_replay_forensic/a7ffcore40er_manifest.json,feature_factory,legacy_reference,large feature experiments; requires core extraction review
runtime/a7ffcore40er_book_replay_forensic/a7ffcore40er_objective_forensic.csv,feature_factory,legacy_reference,large feature experiments; requires core extraction review
runtime/a7ffcore40er_book_replay_forensic/a7ffcore40er_objective_summary_snapshot.csv,feature_factory,legacy_reference,large feature experiments; requires core extraction review
runtime/a7ffcore40er_book_replay_forensic/a7ffcore40er_split_objective_forensic.csv,feature_factory,legacy_reference,large feature experiments; requires core extraction review
runtime/a7ffcore41_book_control_repair_contract/a7ffcore41_authorization_matrix.json,feature_factory,legacy_reference,large feature experiments; requires core extraction review
runtime/a7ffcore41_book_control_repair_contract/a7ffcore41_control_repair_policy.csv,feature_factory,legacy_reference,large feature experiments; requires core extraction review
runtime/a7ffcore41_book_control_repair_contract/a7ffcore41_execution_scope.csv,feature_factory,legacy_reference,large feature experiments; requires core extraction review
runtime/a7ffcore41_book_control_repair_contract/a7ffcore41_gate_contract.csv,feature_factory,legacy_reference,large feature experiments; requires core extraction review
runtime/a7ffcore41_book_control_repair_contract/a7ffcore41_manifest.json,feature_factory,legacy_reference,large feature experiments; requires core extraction review
runtime/a7ffcore41_book_control_repair_contract/a7ffcore41_source_objective_forensic_snapshot.csv,feature_factory,legacy_reference,large feature experiments; requires core extraction review
runtime/a7ffcore41e_book_control_repair_execution/a7ffcore41e_candidate_summary.csv,feature_factory,legacy_reference,large feature experiments; requires core extraction review
runtime/a7ffcore41e_book_control_repair_execution/a7ffcore41e_family_summary.csv,feature_factory,legacy_reference,large feature experiments; requires core extraction review
runtime/a7ffcore41e_book_control_repair_execution/a7ffcore41e_manifest.json,feature_factory,legacy_reference,large feature experiments; requires core extraction review
runtime/a7ffcore41e_book_control_repair_execution/a7ffcore41e_orientation_summary.csv,feature_factory,legacy_reference,large feature experiments; requires core extraction review
runtime/a7ffcore41e_book_control_repair_execution/a7ffcore41e_repaired_book_rows.csv,feature_factory,legacy_reference,large feature experiments; requires core extraction review
runtime/a7ffcore41e_book_control_repair_execution/a7ffcore41e_split_summary.csv,feature_factory,legacy_reference,large feature experiments; requires core extraction review
runtime/a7ffcore41e_book_control_repair_execution/a7ffcore41e_survivors.csv,feature_factory,legacy_reference,large feature experiments; requires core extraction review
runtime/a7ffcore41er_book_control_repair_forensic/a7ffcore41er_authorization_matrix.csv,feature_factory,legacy_reference,large feature experiments; requires core extraction review
runtime/a7ffcore41er_book_control_repair_forensic/a7ffcore41er_candidate_forensic_classification.csv,feature_factory,legacy_reference,large feature experiments; requires core extraction review
runtime/a7ffcore41er_book_control_repair_forensic/a7ffcore41er_failure_counts.csv,feature_factory,legacy_reference,large feature experiments; requires core extraction review
runtime/a7ffcore41er_book_control_repair_forensic/a7ffcore41er_family_summary_snapshot.csv,feature_factory,legacy_reference,large feature experiments; requires core extraction review
runtime/a7ffcore41er_book_control_repair_forensic/a7ffcore41er_manifest.json,feature_factory,legacy_reference,large feature experiments; requires core extraction review
runtime/a7ffcore41er_book_control_repair_forensic/a7ffcore41er_partial_survivor_snapshot.csv,feature_factory,legacy_reference,large feature experiments; requires core extraction review
runtime/a7ffcore42_book_control_route_arbitration/a7ffcore42_authorized_next.csv,feature_factory,legacy_reference,large feature experiments; requires core extraction review
runtime/a7ffcore42_book_control_route_arbitration/a7ffcore42_failure_counts_snapshot.csv,feature_factory,legacy_reference,large feature experiments; requires core extraction review
runtime/a7ffcore42_book_control_route_arbitration/a7ffcore42_frozen_paths.csv,feature_factory,legacy_reference,large feature experiments; requires core extraction review
runtime/a7ffcore42_book_control_route_arbitration/a7ffcore42_manifest.json,feature_factory,legacy_reference,large feature experiments; requires core extraction review
runtime/a7ffcore42_book_control_route_arbitration/a7ffcore42_partial_survivor_snapshot.csv,feature_factory,legacy_reference,large feature experiments; requires core extraction review
runtime/a7ffcore42_book_control_route_arbitration/a7ffcore42_route_scorecard.csv,feature_factory,legacy_reference,large feature experiments; requires core extraction review
runtime/a7ffcore43_control_orthogonalization_contract/a7ffcore43_authorization_matrix.json,feature_factory,legacy_reference,large feature experiments; requires core extraction review
runtime/a7ffcore43_control_orthogonalization_contract/a7ffcore43_current_input_audit.csv,feature_factory,legacy_reference,large feature experiments; requires core extraction review
runtime/a7ffcore43_control_orthogonalization_contract/a7ffcore43_execution_plan.csv,feature_factory,legacy_reference,large feature experiments; requires core extraction review
runtime/a7ffcore43_control_orthogonalization_contract/a7ffcore43_manifest.json,feature_factory,legacy_reference,large feature experiments; requires core extraction review
runtime/a7ffcore43_control_orthogonalization_contract/a7ffcore43_orthogonalization_policy.csv,feature_factory,legacy_reference,large feature experiments; requires core extraction review
runtime/a7ffcore43_control_orthogonalization_contract/a7ffcore43_required_control_vector_packet.csv,feature_factory,legacy_reference,large feature experiments; requires core extraction review
runtime/a7ffcore43e_control_vector_rebuild_audit/a7ffcore43e_authorization_matrix.json,feature_factory,legacy_reference,large feature experiments; requires core extraction review
runtime/a7ffcore43e_control_vector_rebuild_audit/a7ffcore43e_candidate_vector_quality.csv,feature_factory,legacy_reference,large feature experiments; requires core extraction review
runtime/a7ffcore43e_control_vector_rebuild_audit/a7ffcore43e_control_vector_artifact_manifest.csv,feature_factory,legacy_reference,large feature experiments; requires core extraction review
runtime/a7ffcore43e_control_vector_rebuild_audit/a7ffcore43e_dataset_summary.csv,feature_factory,legacy_reference,large feature experiments; requires core extraction review
runtime/a7ffcore43e_control_vector_rebuild_audit/a7ffcore43e_manifest.json,feature_factory,legacy_reference,large feature experiments; requires core extraction review
runtime/a7ffcore43e_control_vector_rebuild_audit/a7ffcore43e_residualization_quality.csv,feature_factory,legacy_reference,large feature experiments; requires core extraction review
runtime/a7ffcore43e_control_vector_rebuild_audit/a7ffcore43e_sample_quality_gate.csv,feature_factory,legacy_reference,large feature experiments; requires core extraction review
runtime/a7ffcore44_orthogonal_score_packet_contract/a7ffcore44_authorization_matrix.json,feature_factory,legacy_reference,large feature experiments; requires core extraction review
runtime/a7ffcore44_orthogonal_score_packet_contract/a7ffcore44_construction_policy.csv,feature_factory,legacy_reference,large feature experiments; requires core extraction review
runtime/a7ffcore44_orthogonal_score_packet_contract/a7ffcore44_execution_plan.csv,feature_factory,legacy_reference,large feature experiments; requires core extraction review
runtime/a7ffcore44_orthogonal_score_packet_contract/a7ffcore44_input_contract.csv,feature_factory,legacy_reference,large feature experiments; requires core extraction review
runtime/a7ffcore44_orthogonal_score_packet_contract/a7ffcore44_manifest.json,feature_factory,legacy_reference,large feature experiments; requires core extraction review
runtime/a7ffcore44_orthogonal_score_packet_contract/a7ffcore44_orthogonal_packet_schema.csv,feature_factory,legacy_reference,large feature experiments; requires core extraction review
runtime/a7ffcore44_orthogonal_score_packet_contract/a7ffcore44_source_artifact_manifest_copy.csv,feature_factory,legacy_reference,large feature experiments; requires core extraction review
runtime/a7ffcore44e_orthogonal_score_packet_construction/a7ffcore44e_authorization_matrix.json,feature_factory,legacy_reference,large feature experiments; requires core extraction review
runtime/a7ffcore44e_orthogonal_score_packet_construction/a7ffcore44e_candidate_packet_quality.csv,feature_factory,legacy_reference,large feature experiments; requires core extraction review
runtime/a7ffcore44e_orthogonal_score_packet_construction/a7ffcore44e_dataset_summary.csv,feature_factory,legacy_reference,large feature experiments; requires core extraction review
runtime/a7ffcore44e_orthogonal_score_packet_construction/a7ffcore44e_manifest.json,feature_factory,legacy_reference,large feature experiments; requires core extraction review
runtime/a7ffcore44e_orthogonal_score_packet_construction/a7ffcore44e_packet_artifact_manifest.csv,feature_factory,legacy_reference,large feature experiments; requires core extraction review
runtime/a7ffcore44e_orthogonal_score_packet_construction/a7ffcore44e_packet_quality_gate.csv,feature_factory,legacy_reference,large feature experiments; requires core extraction review
runtime/a7ffcore45_orthogonal_book_replay_contract/a7ffcore45_authorization_matrix.json,feature_factory,legacy_reference,large feature experiments; requires core extraction review
runtime/a7ffcore45_orthogonal_book_replay_contract/a7ffcore45_execution_plan.csv,feature_factory,legacy_reference,large feature experiments; requires core extraction review
runtime/a7ffcore45_orthogonal_book_replay_contract/a7ffcore45_horizon_policy.csv,feature_factory,legacy_reference,large feature experiments; requires core extraction review
runtime/a7ffcore45_orthogonal_book_replay_contract/a7ffcore45_manifest.json,feature_factory,legacy_reference,large feature experiments; requires core extraction review
runtime/a7ffcore45_orthogonal_book_replay_contract/a7ffcore45_pass_gate.csv,feature_factory,legacy_reference,large feature experiments; requires core extraction review
runtime/a7ffcore45_orthogonal_book_replay_contract/a7ffcore45_replay_objectives.csv,feature_factory,legacy_reference,large feature experiments; requires core extraction review
runtime/a7ffcore45_orthogonal_book_replay_contract/a7ffcore45_replay_policy.csv,feature_factory,legacy_reference,large feature experiments; requires core extraction review
runtime/a7ffcore45e_orthogonal_book_replay_execution/a7ffcore45e_book_replay_all_variants.csv,feature_factory,legacy_reference,large feature experiments; requires core extraction review
runtime/a7ffcore45e_orthogonal_book_replay_execution/a7ffcore45e_candidate_summary.csv,feature_factory,legacy_reference,large feature experiments; requires core extraction review
runtime/a7ffcore45e_orthogonal_book_replay_execution/a7ffcore45e_family_summary.csv,feature_factory,legacy_reference,large feature experiments; requires core extraction review
runtime/a7ffcore45e_orthogonal_book_replay_execution/a7ffcore45e_manifest.json,feature_factory,legacy_reference,large feature experiments; requires core extraction review
runtime/a7ffcore45e_orthogonal_book_replay_execution/a7ffcore45e_objective_summary.csv,feature_factory,legacy_reference,large feature experiments; requires core extraction review
runtime/a7ffcore45e_orthogonal_book_replay_execution/a7ffcore45e_residual_vs_controls.csv,feature_factory,legacy_reference,large feature experiments; requires core extraction review
runtime/a7ffcore45e_orthogonal_book_replay_execution/a7ffcore45e_split_balance.csv,feature_factory,legacy_reference,large feature experiments; requires core extraction review
runtime/a7ffcore45e_orthogonal_book_replay_execution/a7ffcore45e_survivors.csv,feature_factory,legacy_reference,large feature experiments; requires core extraction review
runtime/a7ffcore45r_orthogonal_book_replay_forensic/a7ffcore45r_candidate_forensic.csv,feature_factory,legacy_reference,large feature experiments; requires core extraction review
runtime/a7ffcore45r_orthogonal_book_replay_forensic/a7ffcore45r_family_forensic.csv,feature_factory,legacy_reference,large feature experiments; requires core extraction review
runtime/a7ffcore45r_orthogonal_book_replay_forensic/a7ffcore45r_manifest.json,feature_factory,legacy_reference,large feature experiments; requires core extraction review
runtime/a7ffcore45r_orthogonal_book_replay_forensic/a7ffcore45r_objective_forensic.csv,feature_factory,legacy_reference,large feature experiments; requires core extraction review
runtime/a7ffcore45r_orthogonal_book_replay_forensic/a7ffcore45r_route_options.csv,feature_factory,legacy_reference,large feature experiments; requires core extraction review
runtime/a7ffcore46_orthogonal_failure_route_arbitration/a7ffcore46_authorization_matrix.json,feature_factory,legacy_reference,large feature experiments; requires core extraction review
runtime/a7ffcore46_orthogonal_failure_route_arbitration/a7ffcore46_freeze_matrix.csv,feature_factory,legacy_reference,large feature experiments; requires core extraction review
runtime/a7ffcore46_orthogonal_failure_route_arbitration/a7ffcore46_manifest.json,feature_factory,legacy_reference,large feature experiments; requires core extraction review
runtime/a7ffcore46_orthogonal_failure_route_arbitration/a7ffcore46_route_options.csv,feature_factory,legacy_reference,large feature experiments; requires core extraction review
runtime/a7ffcore46_orthogonal_failure_route_arbitration/a7ffcore46_selected_route.json,feature_factory,legacy_reference,large feature experiments; requires core extraction review
runtime/a7ffcore47_control_null_aware_factor_compiler_contract/a7ffcore47_authorization_matrix.json,feature_factory,legacy_reference,large feature experiments; requires core extraction review
runtime/a7ffcore47_control_null_aware_factor_compiler_contract/a7ffcore47_blocked_patterns.csv,feature_factory,legacy_reference,large feature experiments; requires core extraction review
runtime/a7ffcore47_control_null_aware_factor_compiler_contract/a7ffcore47_compiler_principles.csv,feature_factory,legacy_reference,large feature experiments; requires core extraction review
runtime/a7ffcore47_control_null_aware_factor_compiler_contract/a7ffcore47_generation_funnel.csv,feature_factory,legacy_reference,large feature experiments; requires core extraction review
runtime/a7ffcore47_control_null_aware_factor_compiler_contract/a7ffcore47_manifest.json,feature_factory,legacy_reference,large feature experiments; requires core extraction review
runtime/a7ffcore47_control_null_aware_factor_compiler_contract/a7ffcore47_next_audit_plan.csv,feature_factory,legacy_reference,large feature experiments; requires core extraction review
runtime/a7ffcore47_control_null_aware_factor_compiler_contract/a7ffcore47_score_contract.csv,feature_factory,legacy_reference,large feature experiments; requires core extraction review
runtime/a7ffcore47e_compiler_readiness_audit/a7ffcore47e_authorization_matrix.json,feature_factory,legacy_reference,large feature experiments; requires core extraction review
runtime/a7ffcore47e_compiler_readiness_audit/a7ffcore47e_gap_matrix.csv,feature_factory,legacy_reference,large feature experiments; requires core extraction review
runtime/a7ffcore47e_compiler_readiness_audit/a7ffcore47e_generation_readiness.csv,feature_factory,legacy_reference,large feature experiments; requires core extraction review
runtime/a7ffcore47e_compiler_readiness_audit/a7ffcore47e_input_inventory.csv,feature_factory,legacy_reference,large feature experiments; requires core extraction review
runtime/a7ffcore47e_compiler_readiness_audit/a7ffcore47e_manifest.json,feature_factory,legacy_reference,large feature experiments; requires core extraction review
runtime/a7ffcore47e_compiler_readiness_audit/a7ffcore47e_readiness_matrix.csv,feature_factory,legacy_reference,large feature experiments; requires core extraction review
runtime/a7ffcore48_null_first_seed_generation_contract/a7ffcore48_authorization_matrix.json,feature_factory,legacy_reference,large feature experiments; requires core extraction review
runtime/a7ffcore48_null_first_seed_generation_contract/a7ffcore48_execution_plan.csv,feature_factory,legacy_reference,large feature experiments; requires core extraction review
runtime/a7ffcore48_null_first_seed_generation_contract/a7ffcore48_generation_lanes.csv,feature_factory,legacy_reference,large feature experiments; requires core extraction review
runtime/a7ffcore48_null_first_seed_generation_contract/a7ffcore48_hard_gates.csv,feature_factory,legacy_reference,large feature experiments; requires core extraction review
runtime/a7ffcore48_null_first_seed_generation_contract/a7ffcore48_input_sources.csv,feature_factory,legacy_reference,large feature experiments; requires core extraction review
runtime/a7ffcore48_null_first_seed_generation_contract/a7ffcore48_manifest.json,feature_factory,legacy_reference,large feature experiments; requires core extraction review
runtime/a7ffcore48_null_first_seed_generation_contract/a7ffcore48_pass_gate.csv,feature_factory,legacy_reference,large feature experiments; requires core extraction review
runtime/a7ffcore48_null_first_seed_generation_contract/a7ffcore48_seed_output_schema.csv,feature_factory,legacy_reference,large feature experiments; requires core extraction review
runtime/a7ffcore48e_null_first_dry_seed_generation/a7ffcore48e_authorization_matrix.json,feature_factory,legacy_reference,large feature experiments; requires core extraction review
runtime/a7ffcore48e_null_first_dry_seed_generation/a7ffcore48e_eligible_seed_queue.csv,feature_factory,legacy_reference,large feature experiments; requires core extraction review
runtime/a7ffcore48e_null_first_dry_seed_generation/a7ffcore48e_family_operator_summary.csv,feature_factory,legacy_reference,large feature experiments; requires core extraction review
runtime/a7ffcore48e_null_first_dry_seed_generation/a7ffcore48e_generated_seed_pool.csv,feature_factory,legacy_reference,large feature experiments; requires core extraction review
runtime/a7ffcore48e_null_first_dry_seed_generation/a7ffcore48e_manifest.json,feature_factory,legacy_reference,large feature experiments; requires core extraction review
runtime/a7ffcore48e_null_first_dry_seed_generation/a7ffcore48e_quality_gate.csv,feature_factory,legacy_reference,large feature experiments; requires core extraction review
runtime/a7ffcore48e_null_first_dry_seed_generation/a7ffcore48e_reject_reason_summary.csv,feature_factory,legacy_reference,large feature experiments; requires core extraction review
runtime/a7ffcore48r_dry_seed_generation_forensic/a7ffcore48r_family_forensic.csv,feature_factory,legacy_reference,large feature experiments; requires core extraction review
runtime/a7ffcore48r_dry_seed_generation_forensic/a7ffcore48r_family_operator_source_summary.csv,feature_factory,legacy_reference,large feature experiments; requires core extraction review
runtime/a7ffcore48r_dry_seed_generation_forensic/a7ffcore48r_gate_forensic.csv,feature_factory,legacy_reference,large feature experiments; requires core extraction review
runtime/a7ffcore48r_dry_seed_generation_forensic/a7ffcore48r_manifest.json,feature_factory,legacy_reference,large feature experiments; requires core extraction review
runtime/a7ffcore48r_dry_seed_generation_forensic/a7ffcore48r_operator_forensic.csv,feature_factory,legacy_reference,large feature experiments; requires core extraction review
runtime/a7ffcore48r_dry_seed_generation_forensic/a7ffcore48r_route_options.csv,feature_factory,legacy_reference,large feature experiments; requires core extraction review
runtime/a7ffcore48s_operator_null_coverage_repair_contract/a7ffcore48s_authorization_matrix.json,feature_factory,legacy_reference,large feature experiments; requires core extraction review
runtime/a7ffcore48s_operator_null_coverage_repair_contract/a7ffcore48s_execution_plan.csv,feature_factory,legacy_reference,large feature experiments; requires core extraction review
runtime/a7ffcore48s_operator_null_coverage_repair_contract/a7ffcore48s_manifest.json,feature_factory,legacy_reference,large feature experiments; requires core extraction review
runtime/a7ffcore48s_operator_null_coverage_repair_contract/a7ffcore48s_operator_repair_set.csv,feature_factory,legacy_reference,large feature experiments; requires core extraction review
runtime/a7ffcore48s_operator_null_coverage_repair_contract/a7ffcore48s_repair_policy.csv,feature_factory,legacy_reference,large feature experiments; requires core extraction review
runtime/a7ffcore48s_operator_null_coverage_repair_contract/a7ffcore48s_repaired_gate.csv,feature_factory,legacy_reference,large feature experiments; requires core extraction review
runtime/a7ffcore48se_repaired_null_first_dry_generation/a7ffcore48se_authorization_matrix.json,feature_factory,legacy_reference,large feature experiments; requires core extraction review
runtime/a7ffcore48se_repaired_null_first_dry_generation/a7ffcore48se_eligible_seed_queue.csv,feature_factory,legacy_reference,large feature experiments; requires core extraction review
runtime/a7ffcore48se_repaired_null_first_dry_generation/a7ffcore48se_family_summary.csv,feature_factory,legacy_reference,large feature experiments; requires core extraction review
runtime/a7ffcore48se_repaired_null_first_dry_generation/a7ffcore48se_full_repaired_seed_pool.csv,feature_factory,legacy_reference,large feature experiments; requires core extraction review
runtime/a7ffcore48se_repaired_null_first_dry_generation/a7ffcore48se_manifest.json,feature_factory,legacy_reference,large feature experiments; requires core extraction review
runtime/a7ffcore48se_repaired_null_first_dry_generation/a7ffcore48se_operator_summary.csv,feature_factory,legacy_reference,large feature experiments; requires core extraction review
runtime/a7ffcore48se_repaired_null_first_dry_generation/a7ffcore48se_quality_gate.csv,feature_factory,legacy_reference,large feature experiments; requires core extraction review
runtime/a7ffcore49_full_universe_null_vector_preflight_contract/a7ffcore49_authorization_matrix.json,feature_factory,legacy_reference,large feature experiments; requires core extraction review
runtime/a7ffcore49_full_universe_null_vector_preflight_contract/a7ffcore49_execution_policy.csv,feature_factory,legacy_reference,large feature experiments; requires core extraction review
runtime/a7ffcore49_full_universe_null_vector_preflight_contract/a7ffcore49_input_sources.csv,feature_factory,legacy_reference,large feature experiments; requires core extraction review
runtime/a7ffcore49_full_universe_null_vector_preflight_contract/a7ffcore49_manifest.json,feature_factory,legacy_reference,large feature experiments; requires core extraction review
runtime/a7ffcore49_full_universe_null_vector_preflight_contract/a7ffcore49_preflight_shard_plan.csv,feature_factory,legacy_reference,large feature experiments; requires core extraction review
runtime/a7ffcore49_full_universe_null_vector_preflight_contract/a7ffcore49_quality_gate.csv,feature_factory,legacy_reference,large feature experiments; requires core extraction review
runtime/a7ffcore49_full_universe_null_vector_preflight_contract/a7ffcore49_vector_output_schema.csv,feature_factory,legacy_reference,large feature experiments; requires core extraction review
runtime/a7ffcore49e_full_universe_null_vector_preflight_execution/a7ffcore49e_authorization_matrix.json,feature_factory,legacy_reference,large feature experiments; requires core extraction review
runtime/a7ffcore49e_full_universe_null_vector_preflight_execution/a7ffcore49e_eval_failures.csv,feature_factory,legacy_reference,large feature experiments; requires core extraction review
runtime/a7ffcore49e_full_universe_null_vector_preflight_execution/a7ffcore49e_family_operator_summary.csv,feature_factory,legacy_reference,large feature experiments; requires core extraction review
runtime/a7ffcore49e_full_universe_null_vector_preflight_execution/a7ffcore49e_manifest.json,feature_factory,legacy_reference,large feature experiments; requires core extraction review
runtime/a7ffcore49e_full_universe_null_vector_preflight_execution/a7ffcore49e_missing_fields.csv,field_contracts,archive_only,prior governance evidence; not all scripts are runtime core
runtime/a7ffcore49e_full_universe_null_vector_preflight_execution/a7ffcore49e_seed_vector_metrics.csv,feature_factory,legacy_reference,large feature experiments; requires core extraction review
runtime/a7ffcore4_gate_implementation_regression/a7ffcore4_entrypoint_policy.csv,feature_factory,legacy_reference,large feature experiments; requires core extraction review
runtime/a7ffcore4_gate_implementation_regression/a7ffcore4_entrypoint_route_summary.csv,feature_factory,legacy_reference,large feature experiments; requires core extraction review
runtime/a7ffcore4_gate_implementation_regression/a7ffcore4_gate_regression_cases.csv,feature_factory,legacy_reference,large feature experiments; requires core extraction review
runtime/a7ffcore4_gate_implementation_regression/a7ffcore4_manifest.json,feature_factory,legacy_reference,large feature experiments; requires core extraction review
runtime/a7ffcore4_gate_implementation_regression/a7ffcore4_regression_summary.csv,feature_factory,legacy_reference,large feature experiments; requires core extraction review
runtime/a7ffcore50_null_vector_preflight_arbitration/a7ffcore50_arbitration_summary.csv,feature_factory,legacy_reference,large feature experiments; requires core extraction review
runtime/a7ffcore50_null_vector_preflight_arbitration/a7ffcore50_authorization_matrix.json,feature_factory,legacy_reference,large feature experiments; requires core extraction review
runtime/a7ffcore50_null_vector_preflight_arbitration/a7ffcore50_filtered_family_operator_summary.csv,feature_factory,legacy_reference,large feature experiments; requires core extraction review
runtime/a7ffcore50_null_vector_preflight_arbitration/a7ffcore50_filtered_seed_preview.csv,feature_factory,legacy_reference,large feature experiments; requires core extraction review
runtime/a7ffcore50_null_vector_preflight_arbitration/a7ffcore50_inactive_or_empty_seed_audit.csv,feature_factory,legacy_reference,large feature experiments; requires core extraction review
runtime/a7ffcore50_null_vector_preflight_arbitration/a7ffcore50_manifest.json,feature_factory,legacy_reference,large feature experiments; requires core extraction review
runtime/a7ffcore50_null_vector_preflight_arbitration/a7ffcore50_replay_filter_policy.csv,feature_factory,legacy_reference,large feature experiments; requires core extraction review
runtime/a7ffcore50_null_vector_preflight_arbitration/a7ffcore50_stale_risk_tier_summary.csv,feature_factory,legacy_reference,large feature experiments; requires core extraction review
runtime/a7ffcore51_filtered_replay_contract/a7ffcore51_authorization_matrix.json,feature_factory,legacy_reference,large feature experiments; requires core extraction review
runtime/a7ffcore51_filtered_replay_contract/a7ffcore51_candidate_summary.csv,feature_factory,legacy_reference,large feature experiments; requires core extraction review
runtime/a7ffcore51_filtered_replay_contract/a7ffcore51_input_sources.csv,feature_factory,legacy_reference,large feature experiments; requires core extraction review
runtime/a7ffcore51_filtered_replay_contract/a7ffcore51_label_and_cost_policy.csv,feature_factory,legacy_reference,large feature experiments; requires core extraction review
runtime/a7ffcore51_filtered_replay_contract/a7ffcore51_manifest.json,feature_factory,legacy_reference,large feature experiments; requires core extraction review
runtime/a7ffcore51_filtered_replay_contract/a7ffcore51_pass_gate.csv,feature_factory,legacy_reference,large feature experiments; requires core extraction review
runtime/a7ffcore51_filtered_replay_contract/a7ffcore51_replay_candidate_policy.csv,feature_factory,legacy_reference,large feature experiments; requires core extraction review
runtime/a7ffcore51_filtered_replay_contract/a7ffcore51_replay_design.csv,feature_factory,legacy_reference,large feature experiments; requires core extraction review
runtime/a7ffcore51er_replay_runner_performance_forensic/a7ffcore51er_authorization_matrix.json,feature_factory,legacy_reference,large feature experiments; requires core extraction review
runtime/a7ffcore51er_replay_runner_performance_forensic/a7ffcore51er_bottleneck_matrix.csv,feature_factory,legacy_reference,large feature experiments; requires core extraction review
runtime/a7ffcore51er_replay_runner_performance_forensic/a7ffcore51er_manifest.json,feature_factory,legacy_reference,large feature experiments; requires core extraction review
runtime/a7ffcore51er_replay_runner_performance_forensic/a7ffcore51er_repair_plan.csv,feature_factory,legacy_reference,large feature experiments; requires core extraction review
runtime/a7ffcore51er_replay_runner_performance_forensic/a7ffcore51er_timeout_incident.csv,feature_factory,legacy_reference,large feature experiments; requires core extraction review
runtime/a7ffcore51pr_local_runner_blocker_forensic/a7ffcore51pr_authorization_matrix.json,feature_factory,legacy_reference,large feature experiments; requires core extraction review
runtime/a7ffcore51pr_local_runner_blocker_forensic/a7ffcore51pr_company_runner_requirements.csv,feature_factory,legacy_reference,large feature experiments; requires core extraction review
runtime/a7ffcore51pr_local_runner_blocker_forensic/a7ffcore51pr_manifest.json,feature_factory,legacy_reference,large feature experiments; requires core extraction review
runtime/a7ffcore51pr_local_runner_blocker_forensic/a7ffcore51pr_route_decision.csv,feature_factory,legacy_reference,large feature experiments; requires core extraction review
runtime/a7ffcore51pr_local_runner_blocker_forensic/a7ffcore51pr_timeout_attempts.csv,feature_factory,legacy_reference,large feature experiments; requires core extraction review
runtime/a7ffcore51px_company_sharded_replay_runner_contract/a7ffcore51px_authorization_matrix.json,feature_factory,legacy_reference,large feature experiments; requires core extraction review
runtime/a7ffcore51px_company_sharded_replay_runner_contract/a7ffcore51px_candidate_shard_plan.csv,feature_factory,legacy_reference,large feature experiments; requires core extraction review
runtime/a7ffcore51px_company_sharded_replay_runner_contract/a7ffcore51px_compact_frame_contract.csv,feature_factory,legacy_reference,large feature experiments; requires core extraction review
runtime/a7ffcore51px_company_sharded_replay_runner_contract/a7ffcore51px_company_execution_commands.ps1,feature_factory,legacy_reference,large feature experiments; requires core extraction review
runtime/a7ffcore51px_company_sharded_replay_runner_contract/a7ffcore51px_deployment_policy.csv,feature_factory,legacy_reference,large feature experiments; requires core extraction review
runtime/a7ffcore51px_company_sharded_replay_runner_contract/a7ffcore51px_input_sources.csv,feature_factory,legacy_reference,large feature experiments; requires core extraction review
runtime/a7ffcore51px_company_sharded_replay_runner_contract/a7ffcore51px_manifest.json,feature_factory,legacy_reference,large feature experiments; requires core extraction review
runtime/a7ffcore51px_company_sharded_replay_runner_contract/a7ffcore51px_selected_candidate_queue.csv,feature_factory,legacy_reference,large feature experiments; requires core extraction review
runtime/a7ffcore51px_company_sharded_replay_runner_contract/a7ffcore51px_worker_output_schema.csv,feature_factory,legacy_reference,large feature experiments; requires core extraction review
runtime/a7ffcore51px_company_sharded_replay_runner_contract/candidate_shards/core51px_shard_00.csv,feature_factory,legacy_reference,large feature experiments; requires core extraction review
runtime/a7ffcore51px_company_sharded_replay_runner_contract/candidate_shards/core51px_shard_01.csv,feature_factory,legacy_reference,large feature experiments; requires core extraction review
runtime/a7ffcore51px_company_sharded_replay_runner_contract/candidate_shards/core51px_shard_02.csv,feature_factory,legacy_reference,large feature experiments; requires core extraction review
runtime/a7ffcore51px_company_sharded_replay_runner_contract/candidate_shards/core51px_shard_03.csv,feature_factory,legacy_reference,large feature experiments; requires core extraction review
runtime/a7ffcore51px_company_sharded_replay_runner_contract/candidate_shards/core51px_shard_04.csv,feature_factory,legacy_reference,large feature experiments; requires core extraction review
runtime/a7ffcore51px_company_sharded_replay_runner_contract/candidate_shards/core51px_shard_05.csv,feature_factory,legacy_reference,large feature experiments; requires core extraction review
runtime/a7ffcore51px_company_sharded_replay_runner_contract/candidate_shards/core51px_shard_06.csv,feature_factory,legacy_reference,large feature experiments; requires core extraction review
runtime/a7ffcore51px_company_sharded_replay_runner_contract/candidate_shards/core51px_shard_07.csv,feature_factory,legacy_reference,large feature experiments; requires core extraction review
runtime/a7ffcore51px_company_sharded_replay_runner_contract/candidate_shards/core51px_shard_08.csv,feature_factory,legacy_reference,large feature experiments; requires core extraction review
runtime/a7ffcore51px_company_sharded_replay_runner_contract/candidate_shards/core51px_shard_09.csv,feature_factory,legacy_reference,large feature experiments; requires core extraction review
runtime/a7ffcore51px_company_sharded_replay_runner_contract/candidate_shards/core51px_shard_10.csv,feature_factory,legacy_reference,large feature experiments; requires core extraction review
runtime/a7ffcore51px_company_sharded_replay_runner_contract/candidate_shards/core51px_shard_11.csv,feature_factory,legacy_reference,large feature experiments; requires core extraction review
runtime/a7ffcore51px_company_sharded_replay_runner_contract/candidate_shards/core51px_shard_12.csv,feature_factory,legacy_reference,large feature experiments; requires core extraction review
runtime/a7ffcore51px_company_sharded_replay_runner_contract/candidate_shards/core51px_shard_13.csv,feature_factory,legacy_reference,large feature experiments; requires core extraction review
runtime/a7ffcore51px_company_sharded_replay_runner_contract/candidate_shards/core51px_shard_14.csv,feature_factory,legacy_reference,large feature experiments; requires core extraction review
runtime/a7ffcore51px_company_sharded_replay_runner_contract/candidate_shards/core51px_shard_15.csv,feature_factory,legacy_reference,large feature experiments; requires core extraction review
runtime/a7ffcore51pxe_company_sharded_replay_import/a7ffcore51pxe_family_operator_summary.csv,feature_factory,legacy_reference,large feature experiments; requires core extraction review
runtime/a7ffcore51pxe_company_sharded_replay_import/a7ffcore51pxe_import_manifest.json,feature_factory,legacy_reference,large feature experiments; requires core extraction review
runtime/a7ffcore51pxe_company_sharded_replay_import/a7ffcore51pxe_label_summary.csv,feature_factory,legacy_reference,large feature experiments; requires core extraction review
runtime/a7ffcore51pxe_company_sharded_replay_import/a7ffcore51pxe_shard_manifest_summary.csv,feature_factory,legacy_reference,large feature experiments; requires core extraction review
runtime/a7ffcore51pxh_company_execution_handoff/a7ffcore51pxh_acceptance_gates.csv,feature_factory,legacy_reference,large feature experiments; requires core extraction review
runtime/a7ffcore51pxh_company_execution_handoff/a7ffcore51pxh_execution_steps.csv,feature_factory,legacy_reference,large feature experiments; requires core extraction review
runtime/a7ffcore51pxh_company_execution_handoff/a7ffcore51pxh_failure_policy.csv,feature_factory,legacy_reference,large feature experiments; requires core extraction review
runtime/a7ffcore51pxh_company_execution_handoff/a7ffcore51pxh_manifest.json,feature_factory,legacy_reference,large feature experiments; requires core extraction review
runtime/a7ffcore51pxv_company_execution_preflight_validator/a7ffcore51pxv_authorization_matrix.json,feature_factory,legacy_reference,large feature experiments; requires core extraction review
runtime/a7ffcore51pxv_company_execution_preflight_validator/a7ffcore51pxv_manifest.json,feature_factory,legacy_reference,large feature experiments; requires core extraction review
runtime/a7ffcore51pxv_company_execution_preflight_validator/a7ffcore51pxv_preflight_checks.csv,feature_factory,legacy_reference,large feature experiments; requires core extraction review
runtime/a7ffcore51pxv_company_execution_preflight_validator/a7ffcore51pxv_script_compile_audit.csv,feature_factory,legacy_reference,large feature experiments; requires core extraction review
runtime/a7ffcore52_company_replay_arbitration/a7ffcore52_authorization_matrix.json,feature_factory,legacy_reference,large feature experiments; requires core extraction review
runtime/a7ffcore52_company_replay_arbitration/a7ffcore52_family_operator_arbitration.csv,feature_factory,legacy_reference,large feature experiments; requires core extraction review
runtime/a7ffcore52_company_replay_arbitration/a7ffcore52_label_arbitration.csv,feature_factory,legacy_reference,large feature experiments; requires core extraction review
runtime/a7ffcore52_company_replay_arbitration/a7ffcore52_manifest.json,feature_factory,legacy_reference,large feature experiments; requires core extraction review
runtime/a7ffcore52_company_replay_arbitration/a7ffcore52_seed_arbitration.csv,feature_factory,legacy_reference,large feature experiments; requires core extraction review
runtime/a7ffcore52_company_replay_arbitration/a7ffcore52_top_diagnostic_clues.csv,feature_factory,legacy_reference,large feature experiments; requires core extraction review
runtime/a7ffcore52f_diagnostic_clue_forensic/a7ffcore52f_authorization_matrix.json,feature_factory,legacy_reference,large feature experiments; requires core extraction review
runtime/a7ffcore52f_diagnostic_clue_forensic/a7ffcore52f_control_margin_audit.csv,feature_factory,legacy_reference,large feature experiments; requires core extraction review
runtime/a7ffcore52f_diagnostic_clue_forensic/a7ffcore52f_failure_attribution.csv,feature_factory,legacy_reference,large feature experiments; requires core extraction review
runtime/a7ffcore52f_diagnostic_clue_forensic/a7ffcore52f_family_forensic.csv,feature_factory,legacy_reference,large feature experiments; requires core extraction review
runtime/a7ffcore52f_diagnostic_clue_forensic/a7ffcore52f_label_redundancy_audit.csv,feature_factory,legacy_reference,large feature experiments; requires core extraction review
runtime/a7ffcore52f_diagnostic_clue_forensic/a7ffcore52f_manifest.json,feature_factory,legacy_reference,large feature experiments; requires core extraction review
runtime/a7ffcore52f_diagnostic_clue_forensic/a7ffcore52f_replay_target_repair_requirements.json,feature_factory,legacy_reference,large feature experiments; requires core extraction review
runtime/a7ffcore53_replay_target_repair_contract/a7ffcore53_authorization_matrix.json,feature_factory,legacy_reference,large feature experiments; requires core extraction review
runtime/a7ffcore53_replay_target_repair_contract/a7ffcore53_gate_policy.json,feature_factory,legacy_reference,large feature experiments; requires core extraction review
runtime/a7ffcore53_replay_target_repair_contract/a7ffcore53_horizon_policy.csv,feature_factory,legacy_reference,large feature experiments; requires core extraction review
runtime/a7ffcore53_replay_target_repair_contract/a7ffcore53_manifest.json,feature_factory,legacy_reference,large feature experiments; requires core extraction review
runtime/a7ffcore53_replay_target_repair_contract/a7ffcore53_repaired_label_target_contract.csv,feature_factory,legacy_reference,large feature experiments; requires core extraction review
runtime/a7ffcore53_replay_target_repair_contract/a7ffcore53_replay_metric_schema.csv,feature_factory,legacy_reference,large feature experiments; requires core extraction review
runtime/a7ffcore53i_factor_input_information_audit/a7ffcore53i_authorization_matrix.json,feature_factory,legacy_reference,large feature experiments; requires core extraction review
runtime/a7ffcore53i_factor_input_information_audit/a7ffcore53i_base_field_usage.csv,field_contracts,archive_only,prior governance evidence; not all scripts are runtime core
runtime/a7ffcore53i_factor_input_information_audit/a7ffcore53i_candidate_input_lineage.csv,feature_factory,legacy_reference,large feature experiments; requires core extraction review
runtime/a7ffcore53i_factor_input_information_audit/a7ffcore53i_clue_pair_overlap.csv,feature_factory,legacy_reference,large feature experiments; requires core extraction review
runtime/a7ffcore53i_factor_input_information_audit/a7ffcore53i_field_set_redundancy.csv,field_contracts,archive_only,prior governance evidence; not all scripts are runtime core
runtime/a7ffcore53i_factor_input_information_audit/a7ffcore53i_field_type_usage.csv,field_contracts,archive_only,prior governance evidence; not all scripts are runtime core
runtime/a7ffcore53i_factor_input_information_audit/a7ffcore53i_input_type_redundancy.csv,feature_factory,legacy_reference,large feature experiments; requires core extraction review
runtime/a7ffcore53i_factor_input_information_audit/a7ffcore53i_manifest.json,feature_factory,legacy_reference,large feature experiments; requires core extraction review
runtime/a7ffcore53i_factor_input_information_audit/a7ffcore53i_skeleton_redundancy.csv,feature_factory,legacy_reference,large feature experiments; requires core extraction review
runtime/a7ffcore53ia_incremental_input_approval/a7ffcore53ia_authorization_matrix.json,feature_factory,legacy_reference,large feature experiments; requires core extraction review
runtime/a7ffcore53ia_incremental_input_approval/a7ffcore53ia_cluster_approval_summary.csv,feature_factory,legacy_reference,large feature experiments; requires core extraction review
runtime/a7ffcore53ia_incremental_input_approval/a7ffcore53ia_field_input_approval_ledger.csv,field_contracts,archive_only,prior governance evidence; not all scripts are runtime core
runtime/a7ffcore53ia_incremental_input_approval/a7ffcore53ia_high_corr_field_pairs.csv,field_contracts,archive_only,prior governance evidence; not all scripts are runtime core
runtime/a7ffcore53ia_incremental_input_approval/a7ffcore53ia_information_clusters.csv,feature_factory,legacy_reference,large feature experiments; requires core extraction review
runtime/a7ffcore53ia_incremental_input_approval/a7ffcore53ia_manifest.json,feature_factory,legacy_reference,large feature experiments; requires core extraction review
runtime/a7ffcore53ia_incremental_input_approval/a7ffcore53ia_semantic_approval_summary.csv,feature_factory,legacy_reference,large feature experiments; requires core extraction review
runtime/a7ffcore53iae_input_approval_filter_experiment/a7ffcore53iae_accepted_cluster_usage.csv,feature_factory,legacy_reference,large feature experiments; requires core extraction review
runtime/a7ffcore53iae_input_approval_filter_experiment/a7ffcore53iae_authorization_matrix.json,feature_factory,legacy_reference,large feature experiments; requires core extraction review
runtime/a7ffcore53iae_input_approval_filter_experiment/a7ffcore53iae_clue_filter_summary.csv,feature_factory,legacy_reference,large feature experiments; requires core extraction review
runtime/a7ffcore53iae_input_approval_filter_experiment/a7ffcore53iae_filter_summary.csv,feature_factory,legacy_reference,large feature experiments; requires core extraction review
runtime/a7ffcore53iae_input_approval_filter_experiment/a7ffcore53iae_formula_index_filter_trace.csv,feature_factory,legacy_reference,large feature experiments; requires core extraction review
runtime/a7ffcore53iae_input_approval_filter_experiment/a7ffcore53iae_manifest.json,feature_factory,legacy_reference,large feature experiments; requires core extraction review
runtime/a7ffcore53iae_input_approval_filter_experiment/a7ffcore53iae_registry_summary.csv,feature_factory,legacy_reference,large feature experiments; requires core extraction review
runtime/a7ffcore53iae_input_approval_filter_experiment/a7ffcore53iae_selected_queue_filter_trace.csv,feature_factory,legacy_reference,large feature experiments; requires core extraction review
runtime/a7ffcore53iae_input_approval_filter_experiment/a7ffcore53iae_system_input_registry.csv,feature_factory,legacy_reference,large feature experiments; requires core extraction review
runtime/a7ffcore54e_tag_aware_numeric_execution/a7ffcore54e_authorization_matrix.json,feature_factory,legacy_reference,large feature experiments; requires core extraction review
runtime/a7ffcore54e_tag_aware_numeric_execution/a7ffcore54e_decision_by_queue.csv,feature_factory,legacy_reference,large feature experiments; requires core extraction review
runtime/a7ffcore54e_tag_aware_numeric_execution/a7ffcore54e_external_artifact_manifest.json,feature_factory,legacy_reference,large feature experiments; requires core extraction review
runtime/a7ffcore54e_tag_aware_numeric_execution/a7ffcore54e_main_numeric_queue.csv,feature_factory,legacy_reference,large feature experiments; requires core extraction review
runtime/a7ffcore54e_tag_aware_numeric_execution/a7ffcore54e_manifest.json,feature_factory,legacy_reference,large feature experiments; requires core extraction review
runtime/a7ffcore54e_tag_aware_numeric_execution/a7ffcore54e_materialization_by_queue.csv,feature_factory,legacy_reference,large feature experiments; requires core extraction review
runtime/a7ffcore54e_tag_aware_numeric_execution/a7ffcore54e_selected_summary.csv,feature_factory,legacy_reference,large feature experiments; requires core extraction review
runtime/a7ffcore54e_tag_aware_numeric_execution/a7ffcore54e_semantic_response_summary.csv,feature_response,archive_only,response profiling evidence
runtime/a7ffcore54e_tag_aware_numeric_execution/a7ffcore54e_shard_summary.csv,feature_factory,legacy_reference,large feature experiments; requires core extraction review
runtime/a7ffcore55_numeric_clue_forensic/a7ffcore55_authorization_matrix.json,feature_factory,legacy_reference,large feature experiments; requires core extraction review
runtime/a7ffcore55_numeric_clue_forensic/a7ffcore55_candidate_clue_pool.csv,feature_factory,legacy_reference,large feature experiments; requires core extraction review
runtime/a7ffcore55_numeric_clue_forensic/a7ffcore55_label_family_summary.csv,feature_factory,legacy_reference,large feature experiments; requires core extraction review
runtime/a7ffcore55_numeric_clue_forensic/a7ffcore55_manifest.json,feature_factory,legacy_reference,large feature experiments; requires core extraction review
runtime/a7ffcore55_numeric_clue_forensic/a7ffcore55_packet_semantic_summary.csv,feature_factory,legacy_reference,large feature experiments; requires core extraction review
runtime/a7ffcore55_numeric_clue_forensic/a7ffcore55_reject_reason_summary.csv,feature_factory,legacy_reference,large feature experiments; requires core extraction review
runtime/a7ffcore55_numeric_clue_forensic/a7ffcore55_rejected_candidates.csv,feature_factory,legacy_reference,large feature experiments; requires core extraction review
runtime/a7ffcore55_numeric_clue_forensic/a7ffcore55_replay_ready_packet.csv,feature_factory,legacy_reference,large feature experiments; requires core extraction review
runtime/a7ffcore55_numeric_clue_forensic/a7ffcore55_selected_overlap_audit.csv,feature_factory,legacy_reference,large feature experiments; requires core extraction review
runtime/a7ffcore55_numeric_clue_forensic/a7ffcore55_semantic_pair_summary.csv,feature_factory,legacy_reference,large feature experiments; requires core extraction review
runtime/a7ffcore56_bounded_replay_preflight/a7ffcore56_authorization_matrix.json,feature_factory,legacy_reference,large feature experiments; requires core extraction review
runtime/a7ffcore56_bounded_replay_preflight/a7ffcore56_candidate_summary.csv,feature_factory,legacy_reference,large feature experiments; requires core extraction review
runtime/a7ffcore56_bounded_replay_preflight/a7ffcore56_clean_semantic_summary.csv,feature_factory,legacy_reference,large feature experiments; requires core extraction review
runtime/a7ffcore56_bounded_replay_preflight/a7ffcore56_eval_failures.csv,feature_factory,legacy_reference,large feature experiments; requires core extraction review
runtime/a7ffcore56_bounded_replay_preflight/a7ffcore56_label_decision_summary.csv,feature_factory,legacy_reference,large feature experiments; requires core extraction review
runtime/a7ffcore56_bounded_replay_preflight/a7ffcore56_manifest.json,feature_factory,legacy_reference,large feature experiments; requires core extraction review
runtime/a7ffcore56_bounded_replay_preflight/a7ffcore56_replay_clean_candidates.csv,feature_factory,legacy_reference,large feature experiments; requires core extraction review
runtime/a7ffcore56_bounded_replay_preflight/a7ffcore56_replay_metrics.csv,feature_factory,legacy_reference,large feature experiments; requires core extraction review
runtime/a7ffcore56_bounded_replay_preflight/a7ffcore56_split_obs_summary.csv,feature_factory,legacy_reference,large feature experiments; requires core extraction review
runtime/a7ffcore57_replay_failure_decomposition/a7ffcore57_authorization_matrix.json,feature_factory,legacy_reference,large feature experiments; requires core extraction review
runtime/a7ffcore57_replay_failure_decomposition/a7ffcore57_candidate_failure_profile.csv,feature_factory,legacy_reference,large feature experiments; requires core extraction review
runtime/a7ffcore57_replay_failure_decomposition/a7ffcore57_control_source_decomposition.csv,feature_factory,legacy_reference,large feature experiments; requires core extraction review
runtime/a7ffcore57_replay_failure_decomposition/a7ffcore57_decision_summary.csv,feature_factory,legacy_reference,large feature experiments; requires core extraction review
runtime/a7ffcore57_replay_failure_decomposition/a7ffcore57_enriched_replay_metrics.csv,feature_factory,legacy_reference,large feature experiments; requires core extraction review
runtime/a7ffcore57_replay_failure_decomposition/a7ffcore57_failure_by_label_horizon.csv,feature_factory,legacy_reference,large feature experiments; requires core extraction review
runtime/a7ffcore57_replay_failure_decomposition/a7ffcore57_failure_by_motif.csv,feature_factory,legacy_reference,large feature experiments; requires core extraction review
runtime/a7ffcore57_replay_failure_decomposition/a7ffcore57_failure_by_semantic_pair.csv,feature_factory,legacy_reference,large feature experiments; requires core extraction review
runtime/a7ffcore57_replay_failure_decomposition/a7ffcore57_failure_by_semantic_pair_decision.csv,feature_factory,legacy_reference,large feature experiments; requires core extraction review
runtime/a7ffcore57_replay_failure_decomposition/a7ffcore57_failure_reason_detail.csv,feature_factory,legacy_reference,large feature experiments; requires core extraction review
runtime/a7ffcore57_replay_failure_decomposition/a7ffcore57_label_observation_audit.csv,feature_factory,legacy_reference,large feature experiments; requires core extraction review
runtime/a7ffcore57_replay_failure_decomposition/a7ffcore57_manifest.json,feature_factory,legacy_reference,large feature experiments; requires core extraction review
runtime/a7ffcore57_replay_failure_decomposition/a7ffcore57_next_queue_policy.json,feature_factory,legacy_reference,large feature experiments; requires core extraction review
runtime/a7ffcore57_replay_failure_decomposition/a7ffcore57_repair_policy.csv,feature_factory,legacy_reference,large feature experiments; requires core extraction review
runtime/a7ffcore57_replay_failure_decomposition/a7ffcore57_split_stability_decomposition.csv,feature_factory,legacy_reference,large feature experiments; requires core extraction review
runtime/a7ffcore58_failure_aware_queue_rebuild/a7ffcore58_authorization_matrix.json,feature_factory,legacy_reference,large feature experiments; requires core extraction review
runtime/a7ffcore58_failure_aware_queue_rebuild/a7ffcore58_coverage_by_level.csv,feature_factory,legacy_reference,large feature experiments; requires core extraction review
runtime/a7ffcore58_failure_aware_queue_rebuild/a7ffcore58_coverage_by_motif.csv,feature_factory,legacy_reference,large feature experiments; requires core extraction review
runtime/a7ffcore58_failure_aware_queue_rebuild/a7ffcore58_coverage_by_role.csv,feature_factory,legacy_reference,large feature experiments; requires core extraction review
runtime/a7ffcore58_failure_aware_queue_rebuild/a7ffcore58_coverage_by_semantic_pair.csv,feature_factory,legacy_reference,large feature experiments; requires core extraction review
runtime/a7ffcore58_failure_aware_queue_rebuild/a7ffcore58_exclusion_penalty_summary.csv,feature_factory,legacy_reference,large feature experiments; requires core extraction review
runtime/a7ffcore58_failure_aware_queue_rebuild/a7ffcore58_failure_aware_queue.csv,feature_factory,legacy_reference,large feature experiments; requires core extraction review
runtime/a7ffcore58_failure_aware_queue_rebuild/a7ffcore58_manifest.json,feature_factory,legacy_reference,large feature experiments; requires core extraction review
runtime/a7ffcore58_failure_aware_queue_rebuild/a7ffcore58_materialization_repair_queue.csv,feature_factory,legacy_reference,large feature experiments; requires core extraction review
runtime/a7ffcore58_failure_aware_queue_rebuild/a7ffcore58_numeric_replay_repair_queue.csv,feature_factory,legacy_reference,large feature experiments; requires core extraction review
runtime/a7ffcore58_failure_aware_queue_rebuild/a7ffcore58_reject_reason_summary.csv,feature_factory,legacy_reference,large feature experiments; requires core extraction review
runtime/a7ffcore58_failure_aware_queue_rebuild/a7ffcore58_rejected_queue_rows.csv,feature_factory,legacy_reference,large feature experiments; requires core extraction review
runtime/a7ffcore59_numeric_repair_execution/a7ffcore59_authorization_matrix.json,feature_factory,legacy_reference,large feature experiments; requires core extraction review
runtime/a7ffcore59_numeric_repair_execution/a7ffcore59_checkpoint_manifest.json,feature_factory,legacy_reference,large feature experiments; requires core extraction review
runtime/a7ffcore59_numeric_repair_execution/a7ffcore59_checkpoint_status.csv,feature_factory,legacy_reference,large feature experiments; requires core extraction review
runtime/a7ffcore59_numeric_repair_execution/a7ffcore59_clue_summary.csv,feature_factory,legacy_reference,large feature experiments; requires core extraction review
runtime/a7ffcore59_numeric_repair_execution/a7ffcore59_company_handoff.json,feature_factory,legacy_reference,large feature experiments; requires core extraction review
runtime/a7ffcore59_numeric_repair_execution/a7ffcore59_decision_by_semantic.csv,feature_factory,legacy_reference,large feature experiments; requires core extraction review
runtime/a7ffcore59_numeric_repair_execution/a7ffcore59_external_artifact_manifest.json,feature_factory,legacy_reference,large feature experiments; requires core extraction review
runtime/a7ffcore59_numeric_repair_execution/a7ffcore59_manifest.json,feature_factory,legacy_reference,large feature experiments; requires core extraction review
runtime/a7ffcore59_numeric_repair_execution/a7ffcore59_materialization_by_semantic.csv,feature_factory,legacy_reference,large feature experiments; requires core extraction review
runtime/a7ffcore59_numeric_repair_execution/a7ffcore59_non_l7_clue_summary.csv,feature_factory,legacy_reference,large feature experiments; requires core extraction review
runtime/a7ffcore59_numeric_repair_execution/a7ffcore59_numeric_repair_queue.csv,feature_factory,legacy_reference,large feature experiments; requires core extraction review
runtime/a7ffcore59_numeric_repair_execution/a7ffcore59_selected_summary.csv,feature_factory,legacy_reference,large feature experiments; requires core extraction review
runtime/a7ffcore59_numeric_repair_execution/a7ffcore59_shard_summary.csv,feature_factory,legacy_reference,large feature experiments; requires core extraction review
runtime/a7ffcore59f_non_l7_forensic/core59f_control_margin_audit.csv,feature_factory,legacy_reference,large feature experiments; requires core extraction review
runtime/a7ffcore59f_non_l7_forensic/core59f_cost_net_audit.csv,feature_factory,legacy_reference,large feature experiments; requires core extraction review
runtime/a7ffcore59f_non_l7_forensic/core59f_decision_record.json,feature_factory,legacy_reference,large feature experiments; requires core extraction review
runtime/a7ffcore59f_non_l7_forensic/core59f_label_target_breakdown.csv,feature_factory,legacy_reference,large feature experiments; requires core extraction review
runtime/a7ffcore59f_non_l7_forensic/core59f_non_l7_clue_table.csv,feature_factory,legacy_reference,large feature experiments; requires core extraction review
runtime/a7ffcore59f_non_l7_forensic/core59f_selected_overlap.csv,feature_factory,legacy_reference,large feature experiments; requires core extraction review
runtime/a7ffcore59f_non_l7_forensic/core59f_semantic_pair_breakdown.csv,feature_factory,legacy_reference,large feature experiments; requires core extraction review
runtime/a7ffcore59f_non_l7_forensic/core59f_symbol_state_concentration.csv,feature_factory,legacy_reference,large feature experiments; requires core extraction review
runtime/a7ffcore59g_attrition_map/core59g_decision_record.json,feature_factory,legacy_reference,large feature experiments; requires core extraction review
runtime/a7ffcore59g_attrition_map/core59g_funnel_by_family.csv,feature_factory,legacy_reference,large feature experiments; requires core extraction review
runtime/a7ffcore59g_attrition_map/core59g_funnel_by_operator_motif.csv,feature_factory,legacy_reference,large feature experiments; requires core extraction review
runtime/a7ffcore59g_attrition_map/core59g_funnel_by_semantic_pair.csv,feature_factory,legacy_reference,large feature experiments; requires core extraction review
runtime/a7ffcore59g_attrition_map/core59g_funnel_by_target.csv,feature_factory,legacy_reference,large feature experiments; requires core extraction review
runtime/a7ffcore59g_attrition_map/core59g_materialization_failure_map.csv,feature_factory,legacy_reference,large feature experiments; requires core extraction review
runtime/a7ffcore59g_attrition_map/core59g_non_l7_loss_map.csv,feature_factory,legacy_reference,large feature experiments; requires core extraction review
runtime/a7ffcore59g_attrition_map/core59g_selector_rejection_map.csv,feature_factory,legacy_reference,large feature experiments; requires core extraction review
runtime/a7ffcore5_gate_native_generation_dryrun/a7ffcore5_gate_native_candidate_queue.csv,feature_factory,legacy_reference,large feature experiments; requires core extraction review
runtime/a7ffcore5_gate_native_generation_dryrun/a7ffcore5_gate_summary.csv,feature_factory,legacy_reference,large feature experiments; requires core extraction review
runtime/a7ffcore5_gate_native_generation_dryrun/a7ffcore5_manifest.json,feature_factory,legacy_reference,large feature experiments; requires core extraction review
runtime/a7ffcore5_gate_native_generation_dryrun/a7ffcore5_queue_coverage.csv,feature_factory,legacy_reference,large feature experiments; requires core extraction review
runtime/a7ffcore5_gate_native_generation_dryrun/a7ffcore5_queue_family_summary.csv,feature_factory,legacy_reference,large feature experiments; requires core extraction review
runtime/a7ffcore5_gate_native_generation_dryrun/a7ffcore5_selected_root_subgraphs.csv,feature_factory,legacy_reference,large feature experiments; requires core extraction review
runtime/a7ffcore60b_target_adequacy_repair_audit/core60b_decision_record.json,feature_factory,legacy_reference,large feature experiments; requires core extraction review
runtime/a7ffcore60b_target_adequacy_repair_audit/core60b_label_family_summary.csv,feature_factory,legacy_reference,large feature experiments; requires core extraction review
runtime/a7ffcore60b_target_adequacy_repair_audit/core60b_rank_vs_non_l7_target_gap.csv,feature_factory,legacy_reference,large feature experiments; requires core extraction review
runtime/a7ffcore60b_target_adequacy_repair_audit/core60b_target_decision_matrix.csv,feature_factory,legacy_reference,large feature experiments; requires core extraction review
runtime/a7ffcore60b_target_adequacy_repair_audit/core60b_target_summary.csv,feature_factory,legacy_reference,large feature experiments; requires core extraction review
runtime/a7ffcore60c_materialization_repair_audit/core60c_decision_record.json,feature_factory,legacy_reference,large feature experiments; requires core extraction review
runtime/a7ffcore60c_materialization_repair_audit/core60c_inactive_or_failed_examples.csv,feature_factory,legacy_reference,large feature experiments; requires core extraction review
runtime/a7ffcore60c_materialization_repair_audit/core60c_materialization_by_field.csv,field_contracts,archive_only,prior governance evidence; not all scripts are runtime core
runtime/a7ffcore60c_materialization_repair_audit/core60c_materialization_by_semantic_motif.csv,feature_factory,legacy_reference,large feature experiments; requires core extraction review
runtime/a7ffcore60c_materialization_repair_audit/core60c_materialization_by_semantic_pair.csv,feature_factory,legacy_reference,large feature experiments; requires core extraction review
runtime/a7ffcore60d_selector_portfolio_proxy_attribution/core60d_decision_record.json,feature_factory,legacy_reference,large feature experiments; requires core extraction review
runtime/a7ffcore60d_selector_portfolio_proxy_attribution/core60d_l7_pressure_by_semantic_pair.csv,feature_factory,legacy_reference,large feature experiments; requires core extraction review
runtime/a7ffcore60d_selector_portfolio_proxy_attribution/core60d_pool_vs_selected_by_semantic_motif.csv,feature_factory,legacy_reference,large feature experiments; requires core extraction review
runtime/a7ffcore60d_selector_portfolio_proxy_attribution/core60d_selected_distribution.csv,feature_factory,legacy_reference,large feature experiments; requires core extraction review
runtime/a7ffcore60d_selector_portfolio_proxy_attribution/core60d_selected_queue_full.csv,feature_factory,legacy_reference,large feature experiments; requires core extraction review
runtime/a7ffcore61_integrated_repair_plan/core61_decision_record.json,feature_factory,legacy_reference,large feature experiments; requires core extraction review
runtime/a7ffcore61_integrated_repair_plan/core61_materialization_repair_policy.csv,feature_factory,legacy_reference,large feature experiments; requires core extraction review
runtime/a7ffcore61_integrated_repair_plan/core61_repair_candidate_queue_preview.csv,feature_factory,legacy_reference,large feature experiments; requires core extraction review
runtime/a7ffcore61_integrated_repair_plan/core61_route_summary.csv,feature_factory,legacy_reference,large feature experiments; requires core extraction review
runtime/a7ffcore61_integrated_repair_plan/core61_selector_policy.json,feature_factory,legacy_reference,large feature experiments; requires core extraction review
runtime/a7ffcore61_integrated_repair_plan/core61_target_repair_policy.csv,feature_factory,legacy_reference,large feature experiments; requires core extraction review
runtime/a7ffcore62_dice_batch_dryrun/core62_decision_record.json,feature_factory,legacy_reference,large feature experiments; requires core extraction review
runtime/a7ffcore62_dice_batch_dryrun/core62_dice_batch_queue.csv,feature_factory,legacy_reference,large feature experiments; requires core extraction review
runtime/a7ffcore62_dice_batch_dryrun/core62_dice_batch_summary.csv,feature_factory,legacy_reference,large feature experiments; requires core extraction review
runtime/a7ffcore62_dice_batch_dryrun/core62_manifest.json,feature_factory,legacy_reference,large feature experiments; requires core extraction review
runtime/a7ffcore62_dice_batch_dryrun/core62_selector_caps.json,feature_factory,legacy_reference,large feature experiments; requires core extraction review
runtime/a7ffcore63_dice_execution_audit/core63_decision_record.json,feature_factory,legacy_reference,large feature experiments; requires core extraction review
runtime/a7ffcore63_dice_execution_audit/core63_manifest.json,feature_factory,legacy_reference,large feature experiments; requires core extraction review
runtime/a7ffcore63_dice_execution_audit/core63_materialization_formula_samples.csv,feature_factory,legacy_reference,large feature experiments; requires core extraction review
runtime/a7ffcore63_dice_execution_audit/core63_materialization_pair_diagnosis.csv,feature_factory,legacy_reference,large feature experiments; requires core extraction review
runtime/a7ffcore63_dice_execution_audit/core63_selected_numeric_retest_queue.csv,feature_factory,legacy_reference,large feature experiments; requires core extraction review
runtime/a7ffcore63_dice_execution_audit/core63_target_near_miss_repair_score.csv,feature_factory,legacy_reference,large feature experiments; requires core extraction review
runtime/a7ffcore63_dice_execution_audit/core63_target_near_miss_summary.csv,feature_factory,legacy_reference,large feature experiments; requires core extraction review
runtime/a7ffcore64_retest_and_funding_state_package/core64_decision_record.json,feature_factory,legacy_reference,large feature experiments; requires core extraction review
runtime/a7ffcore64_retest_and_funding_state_package/core64_manifest.json,feature_factory,legacy_reference,large feature experiments; requires core extraction review
runtime/a7ffcore64_retest_and_funding_state_package/core64a_numeric_retest_queue.csv,feature_factory,legacy_reference,large feature experiments; requires core extraction review
runtime/a7ffcore64_retest_and_funding_state_package/core64a_retest_config.json,feature_factory,legacy_reference,large feature experiments; requires core extraction review
runtime/a7ffcore64_retest_and_funding_state_package/core64a_retest_shard_plan.csv,feature_factory,legacy_reference,large feature experiments; requires core extraction review
runtime/a7ffcore64_retest_and_funding_state_package/core64b_funding_state_coverage_by_symbol.csv,feature_factory,legacy_reference,large feature experiments; requires core extraction review
runtime/a7ffcore64_retest_and_funding_state_package/core64b_funding_state_coverage_by_timestamp.csv,feature_factory,legacy_reference,large feature experiments; requires core extraction review
runtime/a7ffcore64_retest_and_funding_state_package/core64b_funding_state_field_contract.csv,field_contracts,archive_only,prior governance evidence; not all scripts are runtime core
runtime/a7ffcore64_retest_and_funding_state_package/core64b_funding_state_summary.json,feature_factory,legacy_reference,large feature experiments; requires core extraction review
runtime/a7ffcore65a_numeric_retest_execution/a7ffcore65a_control_dominance_metrics.csv,feature_factory,legacy_reference,large feature experiments; requires core extraction review
runtime/a7ffcore65a_numeric_retest_execution/a7ffcore65a_control_summary.csv,feature_factory,legacy_reference,large feature experiments; requires core extraction review
runtime/a7ffcore65a_numeric_retest_execution/a7ffcore65a_decision_counts.csv,feature_factory,legacy_reference,large feature experiments; requires core extraction review
runtime/a7ffcore65a_numeric_retest_execution/a7ffcore65a_decision_record.json,feature_factory,legacy_reference,large feature experiments; requires core extraction review
runtime/a7ffcore65a_numeric_retest_execution/a7ffcore65a_family_decision_summary.csv,feature_factory,legacy_reference,large feature experiments; requires core extraction review
runtime/a7ffcore65a_numeric_retest_execution/a7ffcore65a_label_response_metrics.csv,feature_response,archive_only,response profiling evidence
runtime/a7ffcore65a_numeric_retest_execution/a7ffcore65a_manifest.json,feature_factory,legacy_reference,large feature experiments; requires core extraction review
runtime/a7ffcore65a_numeric_retest_execution/a7ffcore65a_materialization_metrics.csv,feature_factory,legacy_reference,large feature experiments; requires core extraction review
runtime/a7ffcore65a_numeric_retest_execution/a7ffcore65a_nonoverlap_stats.csv,feature_factory,legacy_reference,large feature experiments; requires core extraction review
runtime/a7ffcore65a_numeric_retest_execution/a7ffcore65a_portfolio_marginal_proxy.csv,feature_factory,legacy_reference,large feature experiments; requires core extraction review
runtime/a7ffcore65a_numeric_retest_execution/a7ffcore65a_selected_portfolio_queue.csv,feature_factory,legacy_reference,large feature experiments; requires core extraction review
runtime/a7ffcore65b_funding_state_retest_execution/core65b_decision_record.json,feature_factory,legacy_reference,large feature experiments; requires core extraction review
runtime/a7ffcore65b_funding_state_retest_execution/core65b_full_patched_funding_state_queue.csv,feature_factory,legacy_reference,large feature experiments; requires core extraction review
runtime/a7ffcore65b_funding_state_retest_execution/core65b_manifest.json,feature_factory,legacy_reference,large feature experiments; requires core extraction review
runtime/a7ffcore65b_funding_state_retest_execution/core65b_materialization_summary.csv,feature_factory,legacy_reference,large feature experiments; requires core extraction review
runtime/a7ffcore65b_funding_state_retest_execution/core65b_patched_funding_state_retest_queue.csv,feature_factory,legacy_reference,large feature experiments; requires core extraction review
runtime/a7ffcore65b_funding_state_retest_execution/core65b_response_summary.csv,feature_response,archive_only,response profiling evidence
runtime/a7ffcore65b_funding_state_retest_execution/core65b_selected_summary.csv,feature_factory,legacy_reference,large feature experiments; requires core extraction review
runtime/a7ffcore65b_funding_state_retest_execution/CRYPTO_A7FFCORE65B_NUMERIC_DETAIL_20260605.md,feature_factory,legacy_reference,large feature experiments; requires core extraction review
runtime/a7ffcore65b_funding_state_retest_execution/numeric_probe/a7ffcore65b_control_dominance_metrics.csv,feature_factory,legacy_reference,large feature experiments; requires core extraction review
runtime/a7ffcore65b_funding_state_retest_execution/numeric_probe/a7ffcore65b_control_summary.csv,feature_factory,legacy_reference,large feature experiments; requires core extraction review
runtime/a7ffcore65b_funding_state_retest_execution/numeric_probe/a7ffcore65b_decision_counts.csv,feature_factory,legacy_reference,large feature experiments; requires core extraction review
runtime/a7ffcore65b_funding_state_retest_execution/numeric_probe/a7ffcore65b_decision_record.json,feature_factory,legacy_reference,large feature experiments; requires core extraction review
runtime/a7ffcore65b_funding_state_retest_execution/numeric_probe/a7ffcore65b_family_decision_summary.csv,feature_factory,legacy_reference,large feature experiments; requires core extraction review
runtime/a7ffcore65b_funding_state_retest_execution/numeric_probe/a7ffcore65b_label_response_metrics.csv,feature_response,archive_only,response profiling evidence
runtime/a7ffcore65b_funding_state_retest_execution/numeric_probe/a7ffcore65b_manifest.json,feature_factory,legacy_reference,large feature experiments; requires core extraction review
runtime/a7ffcore65b_funding_state_retest_execution/numeric_probe/a7ffcore65b_materialization_metrics.csv,feature_factory,legacy_reference,large feature experiments; requires core extraction review
runtime/a7ffcore65b_funding_state_retest_execution/numeric_probe/a7ffcore65b_nonoverlap_stats.csv,feature_factory,legacy_reference,large feature experiments; requires core extraction review
runtime/a7ffcore65b_funding_state_retest_execution/numeric_probe/a7ffcore65b_portfolio_marginal_proxy.csv,feature_factory,legacy_reference,large feature experiments; requires core extraction review
runtime/a7ffcore65b_funding_state_retest_execution/numeric_probe/a7ffcore65b_selected_portfolio_queue.csv,feature_factory,legacy_reference,large feature experiments; requires core extraction review
runtime/a7ffcore6_materialization_preflight_contract/a7ffcore6_manifest.json,feature_factory,legacy_reference,large feature experiments; requires core extraction review
runtime/a7ffcore6_materialization_preflight_contract/a7ffcore6_preflight_checks.csv,feature_factory,legacy_reference,large feature experiments; requires core extraction review
runtime/a7ffcore6_materialization_preflight_contract/a7ffcore6_required_field_plan.csv,field_contracts,archive_only,prior governance evidence; not all scripts are runtime core
runtime/a7ffcore6_materialization_preflight_contract/a7ffcore6_shard_plan.csv,feature_factory,legacy_reference,large feature experiments; requires core extraction review
runtime/a7ffcore6_materialization_preflight_contract/a7ffcore6e_execution_contract.json,feature_factory,legacy_reference,large feature experiments; requires core extraction review
runtime/a7ffcore6e_materialization_preflight/a7ffcore6e_family_status_summary.csv,feature_factory,legacy_reference,large feature experiments; requires core extraction review
runtime/a7ffcore6e_materialization_preflight/a7ffcore6e_field_presence_summary.csv,field_contracts,archive_only,prior governance evidence; not all scripts are runtime core
runtime/a7ffcore6e_materialization_preflight/a7ffcore6e_manifest.json,feature_factory,legacy_reference,large feature experiments; requires core extraction review
runtime/a7ffcore6e_materialization_preflight/a7ffcore6e_materialization_summary_rows.csv,feature_factory,legacy_reference,large feature experiments; requires core extraction review
runtime/a7ffcore6e_materialization_preflight/a7ffcore6e_S00_manifest.json,feature_factory,legacy_reference,large feature experiments; requires core extraction review
runtime/a7ffcore6e_materialization_preflight/a7ffcore6e_S00_materialization.csv,feature_factory,legacy_reference,large feature experiments; requires core extraction review
runtime/a7ffcore6e_materialization_preflight/a7ffcore6e_S01_manifest.json,feature_factory,legacy_reference,large feature experiments; requires core extraction review
runtime/a7ffcore6e_materialization_preflight/a7ffcore6e_S01_materialization.csv,feature_factory,legacy_reference,large feature experiments; requires core extraction review
runtime/a7ffcore6e_materialization_preflight/a7ffcore6e_S02_manifest.json,feature_factory,legacy_reference,large feature experiments; requires core extraction review
runtime/a7ffcore6e_materialization_preflight/a7ffcore6e_S02_materialization.csv,feature_factory,legacy_reference,large feature experiments; requires core extraction review
runtime/a7ffcore6e_materialization_preflight/a7ffcore6e_S03_manifest.json,feature_factory,legacy_reference,large feature experiments; requires core extraction review
runtime/a7ffcore6e_materialization_preflight/a7ffcore6e_S03_materialization.csv,feature_factory,legacy_reference,large feature experiments; requires core extraction review
runtime/a7ffcore6e_materialization_preflight/a7ffcore6e_S04_manifest.json,feature_factory,legacy_reference,large feature experiments; requires core extraction review
runtime/a7ffcore6e_materialization_preflight/a7ffcore6e_S04_materialization.csv,feature_factory,legacy_reference,large feature experiments; requires core extraction review
runtime/a7ffcore6e_materialization_preflight/a7ffcore6e_S05_manifest.json,feature_factory,legacy_reference,large feature experiments; requires core extraction review
runtime/a7ffcore6e_materialization_preflight/a7ffcore6e_S05_materialization.csv,feature_factory,legacy_reference,large feature experiments; requires core extraction review
runtime/a7ffcore6e_materialization_preflight/a7ffcore6e_S06_manifest.json,feature_factory,legacy_reference,large feature experiments; requires core extraction review
runtime/a7ffcore6e_materialization_preflight/a7ffcore6e_S06_materialization.csv,feature_factory,legacy_reference,large feature experiments; requires core extraction review
runtime/a7ffcore6e_materialization_preflight/a7ffcore6e_S07_manifest.json,feature_factory,legacy_reference,large feature experiments; requires core extraction review
runtime/a7ffcore6e_materialization_preflight/a7ffcore6e_S07_materialization.csv,feature_factory,legacy_reference,large feature experiments; requires core extraction review
runtime/a7ffcore6e_materialization_preflight/a7ffcore6e_shard_summary.csv,feature_factory,legacy_reference,large feature experiments; requires core extraction review
runtime/a7ffcore6e_materialization_preflight/a7ffcore6e_status_summary.csv,feature_factory,legacy_reference,large feature experiments; requires core extraction review
runtime/a7ffcore7_numeric_response_contract/a7ffcore7_control_contract.csv,feature_response,archive_only,response profiling evidence
runtime/a7ffcore7_numeric_response_contract/a7ffcore7_label_contract.csv,feature_response,archive_only,response profiling evidence
runtime/a7ffcore7_numeric_response_contract/a7ffcore7_manifest.json,feature_response,archive_only,response profiling evidence
runtime/a7ffcore7_numeric_response_contract/a7ffcore7_response_gates.csv,feature_response,archive_only,response profiling evidence
runtime/a7ffcore7_numeric_response_contract/a7ffcore7_shard_plan.csv,feature_response,archive_only,response profiling evidence
runtime/a7ffcore7_numeric_response_contract/a7ffcore7e_execution_contract.json,feature_response,archive_only,response profiling evidence
runtime/a7ffcore7e_numeric_response/a7ffcore7e_family_summary.csv,feature_response,archive_only,response profiling evidence
runtime/a7ffcore7e_numeric_response/a7ffcore7e_label_summary.csv,feature_response,archive_only,response profiling evidence
runtime/a7ffcore7e_numeric_response/a7ffcore7e_manifest.json,feature_response,archive_only,response profiling evidence
runtime/a7ffcore7e_numeric_response/a7ffcore7e_numeric_clues.csv,feature_response,archive_only,response profiling evidence
runtime/a7ffcore7e_numeric_response/a7ffcore7e_response_rows.csv,feature_response,archive_only,response profiling evidence
runtime/a7ffcore7e_numeric_response/a7ffcore7e_S00_manifest.json,feature_response,archive_only,response profiling evidence
runtime/a7ffcore7e_numeric_response/a7ffcore7e_S00_response.csv,feature_response,archive_only,response profiling evidence
runtime/a7ffcore7e_numeric_response/a7ffcore7e_S01_manifest.json,feature_response,archive_only,response profiling evidence
runtime/a7ffcore7e_numeric_response/a7ffcore7e_S01_response.csv,feature_response,archive_only,response profiling evidence
runtime/a7ffcore7e_numeric_response/a7ffcore7e_S02_manifest.json,feature_response,archive_only,response profiling evidence
runtime/a7ffcore7e_numeric_response/a7ffcore7e_S02_response.csv,feature_response,archive_only,response profiling evidence
runtime/a7ffcore7e_numeric_response/a7ffcore7e_S03_manifest.json,feature_response,archive_only,response profiling evidence
runtime/a7ffcore7e_numeric_response/a7ffcore7e_S03_response.csv,feature_response,archive_only,response profiling evidence
runtime/a7ffcore7e_numeric_response/a7ffcore7e_S04_manifest.json,feature_response,archive_only,response profiling evidence
runtime/a7ffcore7e_numeric_response/a7ffcore7e_S04_response.csv,feature_response,archive_only,response profiling evidence
runtime/a7ffcore7e_numeric_response/a7ffcore7e_S05_manifest.json,feature_response,archive_only,response profiling evidence
runtime/a7ffcore7e_numeric_response/a7ffcore7e_S05_response.csv,feature_response,archive_only,response profiling evidence
runtime/a7ffcore7e_numeric_response/a7ffcore7e_S06_manifest.json,feature_response,archive_only,response profiling evidence
runtime/a7ffcore7e_numeric_response/a7ffcore7e_S06_response.csv,feature_response,archive_only,response profiling evidence
runtime/a7ffcore7e_numeric_response/a7ffcore7e_S07_manifest.json,feature_response,archive_only,response profiling evidence
runtime/a7ffcore7e_numeric_response/a7ffcore7e_S07_response.csv,feature_response,archive_only,response profiling evidence
runtime/a7ffcore7e_numeric_response/a7ffcore7e_shard_summary.csv,feature_response,archive_only,response profiling evidence
runtime/a7ffcore7er_repaired_numeric_response/a7ffcore7er_candidate_queue.csv,feature_response,archive_only,response profiling evidence
runtime/a7ffcore7er_repaired_numeric_response/a7ffcore7er_family_summary.csv,feature_response,archive_only,response profiling evidence
runtime/a7ffcore7er_repaired_numeric_response/a7ffcore7er_label_summary.csv,feature_response,archive_only,response profiling evidence
runtime/a7ffcore7er_repaired_numeric_response/a7ffcore7er_manifest.json,feature_response,archive_only,response profiling evidence
runtime/a7ffcore7er_repaired_numeric_response/a7ffcore7er_numeric_clues.csv,feature_response,archive_only,response profiling evidence
runtime/a7ffcore7er_repaired_numeric_response/a7ffcore7er_response_rows.csv,feature_response,archive_only,response profiling evidence
runtime/a7ffcore7r_control_policy_forensic/a7ffcore7r_candidate_summary.csv,feature_factory,legacy_reference,large feature experiments; requires core extraction review
runtime/a7ffcore7r_control_policy_forensic/a7ffcore7r_control_summary.csv,feature_factory,legacy_reference,large feature experiments; requires core extraction review
runtime/a7ffcore7r_control_policy_forensic/a7ffcore7r_family_summary_repaired.csv,feature_factory,legacy_reference,large feature experiments; requires core extraction review
runtime/a7ffcore7r_control_policy_forensic/a7ffcore7r_label_summary_repaired.csv,feature_factory,legacy_reference,large feature experiments; requires core extraction review
runtime/a7ffcore7r_control_policy_forensic/a7ffcore7r_manifest.json,feature_factory,legacy_reference,large feature experiments; requires core extraction review
runtime/a7ffcore7r_control_policy_forensic/a7ffcore7r_repaired_numeric_clues.csv,feature_factory,legacy_reference,large feature experiments; requires core extraction review
runtime/a7ffcore7r_control_policy_forensic/a7ffcore7r_repaired_response_rows.csv,feature_response,archive_only,response profiling evidence
runtime/a7ffcore8_numeric_clue_consolidation/a7ffcore8_authorization_matrix.json,feature_factory,legacy_reference,large feature experiments; requires core extraction review
runtime/a7ffcore8_numeric_clue_consolidation/a7ffcore8_candidate_consolidation.csv,feature_factory,legacy_reference,large feature experiments; requires core extraction review
runtime/a7ffcore8_numeric_clue_consolidation/a7ffcore8_family_motif_summary.csv,feature_factory,legacy_reference,large feature experiments; requires core extraction review
runtime/a7ffcore8_numeric_clue_consolidation/a7ffcore8_label_horizon_summary.csv,feature_factory,legacy_reference,large feature experiments; requires core extraction review
runtime/a7ffcore8_numeric_clue_consolidation/a7ffcore8_manifest.json,feature_factory,legacy_reference,large feature experiments; requires core extraction review
runtime/a7ffcore8_numeric_clue_consolidation/a7ffcore8_numeric_clues.csv,feature_factory,legacy_reference,large feature experiments; requires core extraction review
runtime/a7ffcore8_numeric_clue_consolidation/a7ffcore8_replay_preflight_queue.csv,feature_factory,legacy_reference,large feature experiments; requires core extraction review
runtime/a7ffcore8_numeric_clue_consolidation/a7ffcore8_risk_flags.csv,feature_factory,legacy_reference,large feature experiments; requires core extraction review
runtime/a7ffcore8e_replay_preflight_packet_audit/a7ffcore8e_label_horizon_coverage.csv,feature_factory,legacy_reference,large feature experiments; requires core extraction review
runtime/a7ffcore8e_replay_preflight_packet_audit/a7ffcore8e_manifest.json,feature_factory,legacy_reference,large feature experiments; requires core extraction review
runtime/a7ffcore8e_replay_preflight_packet_audit/a7ffcore8e_motif_bucket_audit.csv,feature_factory,legacy_reference,large feature experiments; requires core extraction review
runtime/a7ffcore8e_replay_preflight_packet_audit/a7ffcore8e_replay_preflight_packet.csv,feature_factory,legacy_reference,large feature experiments; requires core extraction review
runtime/a7ffcore8e_replay_preflight_packet_audit/a7ffcore8e_replay_preflight_shard_plan.csv,feature_factory,legacy_reference,large feature experiments; requires core extraction review
runtime/a7ffcore8e_replay_preflight_packet_audit/a7ffcore8e_risk_flags.csv,feature_factory,legacy_reference,large feature experiments; requires core extraction review
runtime/a7ffcore8e_replay_preflight_packet_audit/a7ffcore8e_role_gate_audit.csv,feature_factory,legacy_reference,large feature experiments; requires core extraction review
runtime/a7ffcore8e_replay_preflight_packet_audit/a7ffcore8e_semantic_bucket_audit.csv,feature_factory,legacy_reference,large feature experiments; requires core extraction review
runtime/a7ffcore9_bounded_replay_contract/a7ffcore9_authorization_matrix.json,feature_factory,legacy_reference,large feature experiments; requires core extraction review
runtime/a7ffcore9_bounded_replay_contract/a7ffcore9_control_contract.csv,feature_factory,legacy_reference,large feature experiments; requires core extraction review
runtime/a7ffcore9_bounded_replay_contract/a7ffcore9_cost_contract.csv,feature_factory,legacy_reference,large feature experiments; requires core extraction review
runtime/a7ffcore9_bounded_replay_contract/a7ffcore9_hard_reject_rules.csv,feature_factory,legacy_reference,large feature experiments; requires core extraction review
runtime/a7ffcore9_bounded_replay_contract/a7ffcore9_label_contract.csv,feature_factory,legacy_reference,large feature experiments; requires core extraction review
runtime/a7ffcore9_bounded_replay_contract/a7ffcore9_manifest.json,feature_factory,legacy_reference,large feature experiments; requires core extraction review
runtime/a7ffcore9_bounded_replay_contract/a7ffcore9_pass_gate.csv,feature_factory,legacy_reference,large feature experiments; requires core extraction review
runtime/a7ffcore9_bounded_replay_contract/a7ffcore9_replay_contract_packet.csv,feature_factory,legacy_reference,large feature experiments; requires core extraction review
runtime/a7ffcore9_bounded_replay_contract/a7ffcore9_replay_protocol.json,feature_factory,legacy_reference,large feature experiments; requires core extraction review
runtime/a7ffcore9_bounded_replay_contract/a7ffcore9_replay_shard_plan.csv,feature_factory,legacy_reference,large feature experiments; requires core extraction review
runtime/a7ffcore9e_bounded_replay/a7ffcore9e_candidate_summary.csv,feature_factory,legacy_reference,large feature experiments; requires core extraction review
runtime/a7ffcore9e_bounded_replay/a7ffcore9e_family_summary.csv,feature_factory,legacy_reference,large feature experiments; requires core extraction review
runtime/a7ffcore9e_bounded_replay/a7ffcore9e_manifest.json,feature_factory,legacy_reference,large feature experiments; requires core extraction review
runtime/a7ffcore9e_bounded_replay/a7ffcore9e_replay_clean_candidates.csv,feature_factory,legacy_reference,large feature experiments; requires core extraction review
runtime/a7ffcore9e_bounded_replay/a7ffcore9e_replay_rows.csv,feature_factory,legacy_reference,large feature experiments; requires core extraction review
runtime/a7ffr0_derived_generation_failure_freeze/a7ffr0_failure_evidence_matrix.csv,feature_factory,legacy_reference,large feature experiments; requires core extraction review
runtime/a7ffr0_derived_generation_failure_freeze/a7ffr0_manifest.json,feature_factory,legacy_reference,large feature experiments; requires core extraction review
runtime/a7ffr10_label_feature_target_redesign/a7ffr10_allowed_source_maps.csv,feature_factory,legacy_reference,large feature experiments; requires core extraction review
runtime/a7ffr10_label_feature_target_redesign/a7ffr10_decision_record.json,feature_factory,legacy_reference,large feature experiments; requires core extraction review
runtime/a7ffr10_label_feature_target_redesign/a7ffr10_failure_attribution.csv,feature_factory,legacy_reference,large feature experiments; requires core extraction review
runtime/a7ffr10_label_feature_target_redesign/a7ffr10_label_target_policy.csv,feature_factory,legacy_reference,large feature experiments; requires core extraction review
runtime/a7ffr10_label_feature_target_redesign/a7ffr10_manifest.json,feature_factory,legacy_reference,large feature experiments; requires core extraction review
runtime/a7ffr10_label_feature_target_redesign/a7ffr10_next_contract_a7ff49.json,feature_factory,legacy_reference,large feature experiments; requires core extraction review
runtime/a7ffr11_feature_label_objective_reset/a7ffr11_compact_reset_policy.csv,feature_factory,legacy_reference,large feature experiments; requires core extraction review
runtime/a7ffr11_feature_label_objective_reset/a7ffr11_manifest.json,feature_factory,legacy_reference,large feature experiments; requires core extraction review
runtime/a7ffr1_field_ontology_v3/a7ffr1_field_ontology_v3.csv,field_contracts,archive_only,prior governance evidence; not all scripts are runtime core
runtime/a7ffr1_field_ontology_v3/a7ffr1_manifest.json,field_contracts,archive_only,prior governance evidence; not all scripts are runtime core
runtime/a7ffr1_field_ontology_v3/a7ffr1_semantic_role_summary.csv,field_contracts,archive_only,prior governance evidence; not all scripts are runtime core
runtime/a7ffr2_operator_probing_v2/a7ffr2_manifest.json,feature_factory,legacy_reference,large feature experiments; requires core extraction review
runtime/a7ffr2_operator_probing_v2/a7ffr2_observed_operator_response.csv,feature_response,archive_only,response profiling evidence
runtime/a7ffr2_operator_probing_v2/a7ffr2_operator_probe_policy.csv,feature_factory,legacy_reference,large feature experiments; requires core extraction review
runtime/a7ffr3_feature_pair_policy_v2/a7ffr3_feature_pair_policy_v2.csv,feature_factory,legacy_reference,large feature experiments; requires core extraction review
runtime/a7ffr3_feature_pair_policy_v2/a7ffr3_manifest.json,feature_factory,legacy_reference,large feature experiments; requires core extraction review
runtime/a7ffr3_feature_pair_policy_v2/a7ffr3_pair_policy_summary.csv,feature_factory,legacy_reference,large feature experiments; requires core extraction review
runtime/a7ffr4_coarse_to_fine_generation_redesign/a7ffr4_allowed_generation_pairs.csv,feature_factory,legacy_reference,large feature experiments; requires core extraction review
runtime/a7ffr4_coarse_to_fine_generation_redesign/a7ffr4_generation_levels.csv,feature_factory,legacy_reference,large feature experiments; requires core extraction review
runtime/a7ffr4_coarse_to_fine_generation_redesign/a7ffr4_manifest.json,feature_factory,legacy_reference,large feature experiments; requires core extraction review
runtime/a7ffr4_coarse_to_fine_generation_redesign/a7ffr4_operator_budget_summary.csv,feature_factory,legacy_reference,large feature experiments; requires core extraction review
runtime/a7ffr5_response_backed_promotion_redesign/a7ffr5_manifest.json,feature_response,archive_only,response profiling evidence
runtime/a7ffr5_response_backed_promotion_redesign/a7ffr5_promotion_gates.csv,feature_response,archive_only,response profiling evidence
runtime/a7ffr5_response_backed_promotion_redesign/a7ffr5_seed_preview.csv,feature_response,archive_only,response profiling evidence
runtime/a7ffr7_operator_pair_repair/a7ffr7_decision_record.json,feature_factory,legacy_reference,large feature experiments; requires core extraction review
runtime/a7ffr7_operator_pair_repair/a7ffr7_family_suppression_audit.csv,feature_factory,legacy_reference,large feature experiments; requires core extraction review
runtime/a7ffr7_operator_pair_repair/a7ffr7_input_queue_contrast.csv,feature_factory,legacy_reference,large feature experiments; requires core extraction review
runtime/a7ffr7_operator_pair_repair/a7ffr7_manifest.json,feature_factory,legacy_reference,large feature experiments; requires core extraction review
runtime/a7ffr7_operator_pair_repair/a7ffr7_operator_pair_policy.csv,feature_factory,legacy_reference,large feature experiments; requires core extraction review
runtime/a7ffr7_operator_pair_repair/a7ffr7_repaired_dry_selected_queue.csv,feature_factory,legacy_reference,large feature experiments; requires core extraction review
runtime/a7ffr8_selector_objective_rewrite/a7ffr8_decision_record.json,feature_factory,legacy_reference,large feature experiments; requires core extraction review
runtime/a7ffr8_selector_objective_rewrite/a7ffr8_manifest.json,feature_factory,legacy_reference,large feature experiments; requires core extraction review
runtime/a7ffr8_selector_objective_rewrite/a7ffr8a_input_queue_by_family.csv,feature_factory,legacy_reference,large feature experiments; requires core extraction review
runtime/a7ffr8_selector_objective_rewrite/a7ffr8a_score_component_by_family.csv,feature_factory,legacy_reference,large feature experiments; requires core extraction review
runtime/a7ffr8_selector_objective_rewrite/a7ffr8b_S0_current_selector_strict_subset.csv,feature_factory,legacy_reference,large feature experiments; requires core extraction review
runtime/a7ffr8_selector_objective_rewrite/a7ffr8b_S1_label_balanced.csv,feature_factory,legacy_reference,large feature experiments; requires core extraction review
runtime/a7ffr8_selector_objective_rewrite/a7ffr8b_S2_family_balanced.csv,feature_factory,legacy_reference,large feature experiments; requires core extraction review
runtime/a7ffr8_selector_objective_rewrite/a7ffr8b_S3_family_balanced_cost_tiered.csv,feature_factory,legacy_reference,large feature experiments; requires core extraction review
runtime/a7ffr8_selector_objective_rewrite/a7ffr8b_S4_marginal_diversity.csv,feature_factory,legacy_reference,large feature experiments; requires core extraction review
runtime/a7ffr8_selector_objective_rewrite/a7ffr8b_S5_equal_family_topk.csv,feature_factory,legacy_reference,large feature experiments; requires core extraction review
runtime/a7ffr8_selector_objective_rewrite/a7ffr8b_S6_control_ratio_first.csv,feature_factory,legacy_reference,large feature experiments; requires core extraction review
runtime/a7ffr8_selector_objective_rewrite/a7ffr8b_selected_family_distribution.csv,feature_factory,legacy_reference,large feature experiments; requires core extraction review
runtime/a7ffr8_selector_objective_rewrite/a7ffr8b_selector_ablation_summary.csv,feature_factory,legacy_reference,large feature experiments; requires core extraction review
runtime/a7ffr8_selector_objective_rewrite/a7ffr8c_family_retention_audit.csv,feature_factory,legacy_reference,large feature experiments; requires core extraction review
runtime/a7ffr8_selector_objective_rewrite/a7ffr8c_repaired_selected_queue.csv,feature_factory,legacy_reference,large feature experiments; requires core extraction review
runtime/a7ffr8_selector_objective_rewrite/a7ffr8c_selector_repair_policy.json,feature_factory,legacy_reference,large feature experiments; requires core extraction review
runtime/a7ffr9_reference_regime_repair/a7ffr9_decision_record.json,feature_factory,legacy_reference,large feature experiments; requires core extraction review
runtime/a7ffr9_reference_regime_repair/a7ffr9_manifest.json,feature_factory,legacy_reference,large feature experiments; requires core extraction review
runtime/a7ffr9_reference_regime_repair/a7ffr9_reference_cap_policy.csv,feature_factory,legacy_reference,large feature experiments; requires core extraction review
runtime/a7ffr9_reference_regime_repair/a7ffr9_regime_repair_candidates.csv,feature_factory,legacy_reference,large feature experiments; requires core extraction review
runtime/a7ffr9_reference_regime_repair/a7ffr9_regime_repair_summary.csv,feature_factory,legacy_reference,large feature experiments; requires core extraction review
runtime/a7ffr9_reference_regime_repair/a7ffr9_repaired_candidate_queue.csv,feature_factory,legacy_reference,large feature experiments; requires core extraction review
runtime/a7ffr9_reference_regime_repair/a7ffr9_repaired_queue_family_summary.csv,feature_factory,legacy_reference,large feature experiments; requires core extraction review
runtime/a7fix_active_universe_reward_smoke_20260615/a7v3s9_proxy_eval_errors.csv,runtime_artifacts,source_of_truth_evidence,machine-readable evidence or manifest
runtime/a7fix_active_universe_reward_smoke_20260615/a7v3s9_proxy_manifest.json,runtime_artifacts,source_of_truth_evidence,machine-readable evidence or manifest
runtime/a7fix_active_universe_reward_smoke_20260615/active_universe_smoke_queue.csv,runtime_artifacts,source_of_truth_evidence,machine-readable evidence or manifest
runtime/a7guard0_leakage_chain_audit_20260612/a7guard0_chain_gate_inventory.csv,runtime_artifacts,source_of_truth_evidence,machine-readable evidence or manifest
runtime/a7guard0_leakage_chain_audit_20260612/a7guard0_manifest.json,runtime_artifacts,source_of_truth_evidence,machine-readable evidence or manifest
runtime/a7guard0_leakage_chain_audit_20260612/a7guard0_required_fixes.csv,runtime_artifacts,source_of_truth_evidence,machine-readable evidence or manifest
runtime/a7guard0_leakage_chain_audit_20260612/a7guard0_runtime_result_inventory.csv,runtime_artifacts,source_of_truth_evidence,machine-readable evidence or manifest
runtime/a7guard0_leakage_chain_audit_20260612/a7guard0_static_leakage_scan.csv,runtime_artifacts,source_of_truth_evidence,machine-readable evidence or manifest
runtime/a7guard0_presearch_v3_20260613/a7guard0_chain_gate_inventory.csv,runtime_artifacts,source_of_truth_evidence,machine-readable evidence or manifest
runtime/a7guard0_presearch_v3_20260613/a7guard0_manifest.json,runtime_artifacts,source_of_truth_evidence,machine-readable evidence or manifest
runtime/a7guard0_presearch_v3_20260613/a7guard0_required_fixes.csv,runtime_artifacts,source_of_truth_evidence,machine-readable evidence or manifest
runtime/a7guard0_presearch_v3_20260613/a7guard0_runtime_result_inventory.csv,runtime_artifacts,source_of_truth_evidence,machine-readable evidence or manifest
runtime/a7guard0_presearch_v3_20260613/a7guard0_static_leakage_scan.csv,runtime_artifacts,source_of_truth_evidence,machine-readable evidence or manifest
runtime/a7input0_input_approval_package/a7input0_authorization_matrix.json,runtime_artifacts,source_of_truth_evidence,machine-readable evidence or manifest
runtime/a7input0_input_approval_package/a7input0_info_cluster_policy.csv,runtime_artifacts,source_of_truth_evidence,machine-readable evidence or manifest
runtime/a7input0_input_approval_package/a7input0_input_approval_registry.csv,runtime_artifacts,source_of_truth_evidence,machine-readable evidence or manifest
runtime/a7input0_input_approval_package/a7input0_input_tag_dictionary.csv,runtime_artifacts,source_of_truth_evidence,machine-readable evidence or manifest
runtime/a7input0_input_approval_package/a7input0_manifest.json,runtime_artifacts,source_of_truth_evidence,machine-readable evidence or manifest
runtime/a7input0_input_approval_package/a7input0_package_summary.csv,runtime_artifacts,source_of_truth_evidence,machine-readable evidence or manifest
runtime/a7input0_input_approval_package/a7input0_routing_policy.json,runtime_artifacts,source_of_truth_evidence,machine-readable evidence or manifest
runtime/a7input1_integration_smoke/a7input1_authorization_matrix.json,runtime_artifacts,source_of_truth_evidence,machine-readable evidence or manifest
runtime/a7input1_integration_smoke/a7input1_manifest.json,runtime_artifacts,source_of_truth_evidence,machine-readable evidence or manifest
runtime/a7input1_integration_smoke/a7input1_mode_acceptance.csv,runtime_artifacts,source_of_truth_evidence,machine-readable evidence or manifest
runtime/a7input1_integration_smoke/a7input1_mode_filter_summary.csv,runtime_artifacts,source_of_truth_evidence,machine-readable evidence or manifest
runtime/a7input1_integration_smoke/a7input1_mode_filter_trace.csv,runtime_artifacts,source_of_truth_evidence,machine-readable evidence or manifest
runtime/a7input2_tag_aware_queue_builder/a7input2_authorization_matrix.json,runtime_artifacts,source_of_truth_evidence,machine-readable evidence or manifest
runtime/a7input2_tag_aware_queue_builder/a7input2_field_family_balance.csv,field_contracts,archive_only,prior governance evidence; not all scripts are runtime core
runtime/a7input2_tag_aware_queue_builder/a7input2_info_cluster_cap_audit.csv,runtime_artifacts,source_of_truth_evidence,machine-readable evidence or manifest
runtime/a7input2_tag_aware_queue_builder/a7input2_interaction_queue.csv,runtime_artifacts,source_of_truth_evidence,machine-readable evidence or manifest
runtime/a7input2_tag_aware_queue_builder/a7input2_mode_filter_summary.csv,runtime_artifacts,source_of_truth_evidence,machine-readable evidence or manifest
runtime/a7input2_tag_aware_queue_builder/a7input2_ordinary_alpha_queue.csv,runtime_artifacts,source_of_truth_evidence,machine-readable evidence or manifest
runtime/a7input2_tag_aware_queue_builder/a7input2_queue_manifest.json,runtime_artifacts,source_of_truth_evidence,machine-readable evidence or manifest
runtime/a7input2_tag_aware_queue_builder/a7input2_queue_summary.csv,runtime_artifacts,source_of_truth_evidence,machine-readable evidence or manifest
runtime/a7input2_tag_aware_queue_builder/a7input2_reject_reason_summary.csv,runtime_artifacts,source_of_truth_evidence,machine-readable evidence or manifest
runtime/a7input2_tag_aware_queue_builder/a7input2_rejected_queue.csv,runtime_artifacts,source_of_truth_evidence,machine-readable evidence or manifest
runtime/a7input2_tag_aware_queue_builder/a7input2_rescue_queue.csv,runtime_artifacts,source_of_truth_evidence,machine-readable evidence or manifest
runtime/a7input3_tag_aware_numeric_preflight/a7input3_authorization_matrix.json,runtime_artifacts,source_of_truth_evidence,machine-readable evidence or manifest
runtime/a7input3_tag_aware_numeric_preflight/a7input3_control_summary.csv,runtime_artifacts,source_of_truth_evidence,machine-readable evidence or manifest
runtime/a7input3_tag_aware_numeric_preflight/a7input3_decision_by_queue.csv,runtime_artifacts,source_of_truth_evidence,machine-readable evidence or manifest
runtime/a7input3_tag_aware_numeric_preflight/a7input3_decision_counts.csv,runtime_artifacts,source_of_truth_evidence,machine-readable evidence or manifest
runtime/a7input3_tag_aware_numeric_preflight/a7input3_decision_record.json,runtime_artifacts,source_of_truth_evidence,machine-readable evidence or manifest
runtime/a7input3_tag_aware_numeric_preflight/a7input3_external_artifact_manifest.json,runtime_artifacts,source_of_truth_evidence,machine-readable evidence or manifest
runtime/a7input3_tag_aware_numeric_preflight/a7input3_family_decision_summary.csv,runtime_artifacts,source_of_truth_evidence,machine-readable evidence or manifest
runtime/a7input3_tag_aware_numeric_preflight/a7input3_manifest.json,runtime_artifacts,source_of_truth_evidence,machine-readable evidence or manifest
runtime/a7input3_tag_aware_numeric_preflight/a7input3_materialization_by_queue.csv,runtime_artifacts,source_of_truth_evidence,machine-readable evidence or manifest
runtime/a7input3_tag_aware_numeric_preflight/a7input3_materialization_metrics.csv,runtime_artifacts,source_of_truth_evidence,machine-readable evidence or manifest
runtime/a7input3_tag_aware_numeric_preflight/a7input3_numeric_preflight_queue.csv,runtime_artifacts,source_of_truth_evidence,machine-readable evidence or manifest
runtime/a7input3_tag_aware_numeric_preflight/a7input3_portfolio_marginal_proxy.csv,runtime_artifacts,source_of_truth_evidence,machine-readable evidence or manifest
runtime/a7input3_tag_aware_numeric_preflight/a7input3_selected_portfolio_queue.csv,runtime_artifacts,source_of_truth_evidence,machine-readable evidence or manifest
runtime/a7input3_tag_aware_numeric_preflight/a7input3_selected_summary.csv,runtime_artifacts,source_of_truth_evidence,machine-readable evidence or manifest
runtime/a7input3_tag_aware_numeric_preflight/a7input3_semantic_response_summary.csv,feature_response,archive_only,response profiling evidence
runtime/a7ls0_checkpoint_large_search_contract/a7ls0_arm_budget_map.csv,runtime_artifacts,source_of_truth_evidence,machine-readable evidence or manifest
runtime/a7ls0_checkpoint_large_search_contract/a7ls0_authorization_matrix.json,runtime_artifacts,source_of_truth_evidence,machine-readable evidence or manifest
runtime/a7ls0_checkpoint_large_search_contract/a7ls0_checkpoint_policy.json,runtime_artifacts,source_of_truth_evidence,machine-readable evidence or manifest
runtime/a7ls0_checkpoint_large_search_contract/a7ls0_manifest.json,runtime_artifacts,source_of_truth_evidence,machine-readable evidence or manifest
runtime/a7ls0_checkpoint_large_search_contract/a7ls0_raw_multi_axis_policy.csv,runtime_artifacts,source_of_truth_evidence,machine-readable evidence or manifest
runtime/a7ls10_company_result_aggregate/a7ls10_aggregate_manifest.json,runtime_artifacts,source_of_truth_evidence,machine-readable evidence or manifest
runtime/a7ls10_company_result_aggregate/a7ls10_combined_materialization.csv,runtime_artifacts,source_of_truth_evidence,machine-readable evidence or manifest
runtime/a7ls10_company_result_aggregate/a7ls10_combined_responses.csv,feature_response,archive_only,response profiling evidence
runtime/a7ls10_company_result_aggregate/a7ls10_missing_shards.csv,runtime_artifacts,source_of_truth_evidence,machine-readable evidence or manifest
runtime/a7ls10_company_result_aggregate/a7ls10_non_l7_by_label.csv,runtime_artifacts,source_of_truth_evidence,machine-readable evidence or manifest
runtime/a7ls10_company_result_aggregate/a7ls10_non_l7_by_next_wave_family.csv,runtime_artifacts,source_of_truth_evidence,machine-readable evidence or manifest
runtime/a7ls10_company_result_aggregate/a7ls10_non_l7_by_pair_label.csv,runtime_artifacts,source_of_truth_evidence,machine-readable evidence or manifest
runtime/a7ls10_company_result_aggregate/a7ls10_non_l7_by_semantic_pair.csv,runtime_artifacts,source_of_truth_evidence,machine-readable evidence or manifest
runtime/a7ls10_company_result_aggregate/a7ls10_non_l7_by_shard.csv,runtime_artifacts,source_of_truth_evidence,machine-readable evidence or manifest
runtime/a7ls10_company_result_aggregate/a7ls10_non_l7_by_source_info_axis.csv,runtime_artifacts,source_of_truth_evidence,machine-readable evidence or manifest
runtime/a7ls10_company_result_aggregate/a7ls10_non_l7_numeric_clues.csv,runtime_artifacts,source_of_truth_evidence,machine-readable evidence or manifest
runtime/a7ls10_company_result_aggregate/a7ls10_non_l7_shortlist.csv,runtime_artifacts,source_of_truth_evidence,machine-readable evidence or manifest
runtime/a7ls10_company_result_aggregate/a7ls10_rank_label_diagnostic_clues.csv,runtime_artifacts,source_of_truth_evidence,machine-readable evidence or manifest
runtime/a7ls10_company_result_aggregate/a7ls10_response_by_blocker_family.csv,feature_response,archive_only,response profiling evidence
runtime/a7ls10_company_result_aggregate/a7ls10_response_by_family_blocker.csv,feature_response,archive_only,response profiling evidence
runtime/a7ls10_company_result_aggregate/a7ls10_response_by_pair_blocker.csv,feature_response,archive_only,response profiling evidence
runtime/a7ls10_company_result_aggregate/a7ls10_selected_portfolio_queue.csv,runtime_artifacts,source_of_truth_evidence,machine-readable evidence or manifest
runtime/a7ls10_company_result_aggregate/a7ls10_shard_manifest_summary.csv,runtime_artifacts,source_of_truth_evidence,machine-readable evidence or manifest
runtime/a7ls11_promotion_and_missing_field_repair/a7ls11_all_eligible_non_l7_promotion_queue.csv,field_contracts,archive_only,prior governance evidence; not all scripts are runtime core
runtime/a7ls11_promotion_and_missing_field_repair/a7ls11_blocked_next_tasks.csv,field_contracts,archive_only,prior governance evidence; not all scripts are runtime core
runtime/a7ls11_promotion_and_missing_field_repair/a7ls11_eligible_family_summary.csv,field_contracts,archive_only,prior governance evidence; not all scripts are runtime core
runtime/a7ls11_promotion_and_missing_field_repair/a7ls11_immediate_deep_audit_queue.csv,field_contracts,archive_only,prior governance evidence; not all scripts are runtime core
runtime/a7ls11_promotion_and_missing_field_repair/a7ls11_label_summary.csv,field_contracts,archive_only,prior governance evidence; not all scripts are runtime core
runtime/a7ls11_promotion_and_missing_field_repair/a7ls11_manifest.json,field_contracts,archive_only,prior governance evidence; not all scripts are runtime core
runtime/a7ls11_promotion_and_missing_field_repair/a7ls11_missing_field_repair_plan.csv,field_contracts,archive_only,prior governance evidence; not all scripts are runtime core
runtime/a7ls11_promotion_and_missing_field_repair/a7ls11_next_wave_family_summary.csv,field_contracts,archive_only,prior governance evidence; not all scripts are runtime core
runtime/a7ls11_promotion_and_missing_field_repair/a7ls11_rank_label_diagnostic_summary.csv,field_contracts,archive_only,prior governance evidence; not all scripts are runtime core
runtime/a7ls12_company_result_aggregate/a7ls12_aggregate_manifest.json,runtime_artifacts,source_of_truth_evidence,machine-readable evidence or manifest
runtime/a7ls12_company_result_aggregate/a7ls12_combined_materialization.csv,runtime_artifacts,source_of_truth_evidence,machine-readable evidence or manifest
runtime/a7ls12_company_result_aggregate/a7ls12_combined_responses.csv,feature_response,archive_only,response profiling evidence
runtime/a7ls12_company_result_aggregate/a7ls12_missing_shards.csv,runtime_artifacts,source_of_truth_evidence,machine-readable evidence or manifest
runtime/a7ls12_company_result_aggregate/a7ls12_non_l7_by_label.csv,runtime_artifacts,source_of_truth_evidence,machine-readable evidence or manifest
runtime/a7ls12_company_result_aggregate/a7ls12_non_l7_by_next_wave_family.csv,runtime_artifacts,source_of_truth_evidence,machine-readable evidence or manifest
runtime/a7ls12_company_result_aggregate/a7ls12_non_l7_by_pair_label.csv,runtime_artifacts,source_of_truth_evidence,machine-readable evidence or manifest
runtime/a7ls12_company_result_aggregate/a7ls12_non_l7_by_semantic_pair.csv,runtime_artifacts,source_of_truth_evidence,machine-readable evidence or manifest
runtime/a7ls12_company_result_aggregate/a7ls12_non_l7_by_shard.csv,runtime_artifacts,source_of_truth_evidence,machine-readable evidence or manifest
runtime/a7ls12_company_result_aggregate/a7ls12_non_l7_by_source_info_axis.csv,runtime_artifacts,source_of_truth_evidence,machine-readable evidence or manifest
runtime/a7ls12_company_result_aggregate/a7ls12_non_l7_numeric_clues.csv,runtime_artifacts,source_of_truth_evidence,machine-readable evidence or manifest
runtime/a7ls12_company_result_aggregate/a7ls12_non_l7_shortlist.csv,runtime_artifacts,source_of_truth_evidence,machine-readable evidence or manifest
runtime/a7ls12_company_result_aggregate/a7ls12_rank_label_diagnostic_clues.csv,runtime_artifacts,source_of_truth_evidence,machine-readable evidence or manifest
runtime/a7ls12_company_result_aggregate/a7ls12_response_by_blocker_family.csv,feature_response,archive_only,response profiling evidence
runtime/a7ls12_company_result_aggregate/a7ls12_response_by_family_blocker.csv,feature_response,archive_only,response profiling evidence
runtime/a7ls12_company_result_aggregate/a7ls12_response_by_pair_blocker.csv,feature_response,archive_only,response profiling evidence
runtime/a7ls12_company_result_aggregate/a7ls12_selected_portfolio_queue.csv,runtime_artifacts,source_of_truth_evidence,machine-readable evidence or manifest
runtime/a7ls12_company_result_aggregate/a7ls12_shard_manifest_summary.csv,runtime_artifacts,source_of_truth_evidence,machine-readable evidence or manifest
runtime/a7ls12_deep_audit_packet/a7ls12_authorization_matrix.json,runtime_artifacts,source_of_truth_evidence,machine-readable evidence or manifest
runtime/a7ls12_deep_audit_packet/a7ls12_deep_audit_queue.csv,runtime_artifacts,source_of_truth_evidence,machine-readable evidence or manifest
runtime/a7ls12_deep_audit_packet/a7ls12_deep_audit_shard_plan.csv,runtime_artifacts,source_of_truth_evidence,machine-readable evidence or manifest
runtime/a7ls12_deep_audit_packet/a7ls12_family_summary.csv,runtime_artifacts,source_of_truth_evidence,machine-readable evidence or manifest
runtime/a7ls12_deep_audit_packet/a7ls12_field_alias_audit.csv,field_contracts,archive_only,prior governance evidence; not all scripts are runtime core
runtime/a7ls12_deep_audit_packet/a7ls12_label_summary.csv,runtime_artifacts,source_of_truth_evidence,machine-readable evidence or manifest
runtime/a7ls12_deep_audit_packet/a7ls12_manifest.json,runtime_artifacts,source_of_truth_evidence,machine-readable evidence or manifest
runtime/a7ls12_deep_audit_packet/a7ls12_source_axis_summary.csv,runtime_artifacts,source_of_truth_evidence,machine-readable evidence or manifest
runtime/a7ls13_consolidation_replay_packet/a7ls13_blocked_next_tasks.csv,runtime_artifacts,source_of_truth_evidence,machine-readable evidence or manifest
runtime/a7ls13_consolidation_replay_packet/a7ls13_candidate_consolidation.csv,runtime_artifacts,source_of_truth_evidence,machine-readable evidence or manifest
runtime/a7ls13_consolidation_replay_packet/a7ls13_consolidation_status_summary.csv,runtime_artifacts,source_of_truth_evidence,machine-readable evidence or manifest
runtime/a7ls13_consolidation_replay_packet/a7ls13_manifest.json,runtime_artifacts,source_of_truth_evidence,machine-readable evidence or manifest
runtime/a7ls13_consolidation_replay_packet/a7ls13_packet_by_label_bundle.csv,runtime_artifacts,source_of_truth_evidence,machine-readable evidence or manifest
runtime/a7ls13_consolidation_replay_packet/a7ls13_packet_by_next_wave_family.csv,runtime_artifacts,source_of_truth_evidence,machine-readable evidence or manifest
runtime/a7ls13_consolidation_replay_packet/a7ls13_packet_by_source_axis.csv,runtime_artifacts,source_of_truth_evidence,machine-readable evidence or manifest
runtime/a7ls13_consolidation_replay_packet/a7ls13_replay_packet.csv,runtime_artifacts,source_of_truth_evidence,machine-readable evidence or manifest
runtime/a7ls14_scaled_multi_axis_search_contract/a7ls14_authorization_matrix.json,runtime_artifacts,source_of_truth_evidence,machine-readable evidence or manifest
runtime/a7ls14_scaled_multi_axis_search_contract/a7ls14_axis_quota_policy.csv,runtime_artifacts,source_of_truth_evidence,machine-readable evidence or manifest
runtime/a7ls14_scaled_multi_axis_search_contract/a7ls14_checkpoint_policy.json,runtime_artifacts,source_of_truth_evidence,machine-readable evidence or manifest
runtime/a7ls14_scaled_multi_axis_search_contract/a7ls14_execution_plan.csv,runtime_artifacts,source_of_truth_evidence,machine-readable evidence or manifest
runtime/a7ls14_scaled_multi_axis_search_contract/a7ls14_lane_budget_map.csv,runtime_artifacts,source_of_truth_evidence,machine-readable evidence or manifest
runtime/a7ls14_scaled_multi_axis_search_contract/a7ls14_manifest.json,runtime_artifacts,source_of_truth_evidence,machine-readable evidence or manifest
runtime/a7ls14_scaled_multi_axis_search_contract/a7ls14_seed_packet_summary.csv,runtime_artifacts,source_of_truth_evidence,machine-readable evidence or manifest
runtime/a7ls14x_authorization_arbitration/a7ls14x_allowed_execution_scope.csv,runtime_artifacts,source_of_truth_evidence,machine-readable evidence or manifest
runtime/a7ls14x_authorization_arbitration/a7ls14x_authorization_matrix.json,runtime_artifacts,source_of_truth_evidence,machine-readable evidence or manifest
runtime/a7ls14x_authorization_arbitration/a7ls14x_forbidden_scope.csv,runtime_artifacts,source_of_truth_evidence,machine-readable evidence or manifest
runtime/a7ls14x_authorization_arbitration/a7ls14x_manifest.json,runtime_artifacts,source_of_truth_evidence,machine-readable evidence or manifest
runtime/a7ls14x_authorization_arbitration/a7ls14x_supersession_map.csv,runtime_artifacts,source_of_truth_evidence,machine-readable evidence or manifest
runtime/a7ls15_million_scale_blueprint_generation/a7ls15_artifact_manifest.csv,runtime_artifacts,source_of_truth_evidence,machine-readable evidence or manifest
runtime/a7ls15_million_scale_blueprint_generation/a7ls15_blueprint_index_sample.csv,runtime_artifacts,source_of_truth_evidence,machine-readable evidence or manifest
runtime/a7ls15_million_scale_blueprint_generation/a7ls15_lane_generation_summary.csv,runtime_artifacts,source_of_truth_evidence,machine-readable evidence or manifest
runtime/a7ls15_million_scale_blueprint_generation/a7ls15_manifest.json,runtime_artifacts,source_of_truth_evidence,machine-readable evidence or manifest
runtime/a7ls15_million_scale_blueprint_generation/a7ls15_materialization_shard_plan.csv,runtime_artifacts,source_of_truth_evidence,machine-readable evidence or manifest
runtime/a7ls16_local_preflight/a7ls16_error_summary.csv,runtime_artifacts,source_of_truth_evidence,machine-readable evidence or manifest
runtime/a7ls16_local_preflight/a7ls16_field_schema_audit.csv,field_contracts,archive_only,prior governance evidence; not all scripts are runtime core
runtime/a7ls16_local_preflight/a7ls16_lane_preflight_summary.csv,runtime_artifacts,source_of_truth_evidence,machine-readable evidence or manifest
runtime/a7ls16_local_preflight/a7ls16_manifest.json,runtime_artifacts,source_of_truth_evidence,machine-readable evidence or manifest
runtime/a7ls16_local_preflight/a7ls16_materialization_smoke_metrics.csv,runtime_artifacts,source_of_truth_evidence,machine-readable evidence or manifest
runtime/a7ls16_local_preflight/a7ls16_operator_audit.csv,runtime_artifacts,source_of_truth_evidence,machine-readable evidence or manifest
runtime/a7ls16_local_preflight/a7ls16_preflight_sample.csv,runtime_artifacts,source_of_truth_evidence,machine-readable evidence or manifest
runtime/a7ls16x_scale_up_authorization/a7ls16x_authorization_matrix.json,runtime_artifacts,source_of_truth_evidence,machine-readable evidence or manifest
runtime/a7ls16x_scale_up_authorization/a7ls16x_checkpoint_policy.json,runtime_artifacts,source_of_truth_evidence,machine-readable evidence or manifest
runtime/a7ls16x_scale_up_authorization/a7ls16x_execution_scale.json,runtime_artifacts,source_of_truth_evidence,machine-readable evidence or manifest
runtime/a7ls16x_scale_up_authorization/a7ls16x_lane_budget_map.csv,runtime_artifacts,source_of_truth_evidence,machine-readable evidence or manifest
runtime/a7ls16x_scale_up_authorization/a7ls16x_manifest.json,runtime_artifacts,source_of_truth_evidence,machine-readable evidence or manifest
runtime/a7ls16x_scale_up_authorization/a7ls16x_source_of_truth.json,runtime_artifacts,source_of_truth_evidence,machine-readable evidence or manifest
runtime/a7ls17_company_materialization_aggregate/a7ls17_lane_materialization_summary.csv,runtime_artifacts,source_of_truth_evidence,machine-readable evidence or manifest
runtime/a7ls17_company_materialization_aggregate/a7ls17_manifest.json,runtime_artifacts,source_of_truth_evidence,machine-readable evidence or manifest
runtime/a7ls17_company_materialization_aggregate/a7ls17_semantic_pair_materialization_summary.csv,runtime_artifacts,source_of_truth_evidence,machine-readable evidence or manifest
runtime/a7ls17_company_materialization_aggregate/a7ls17_shard_manifest_summary.csv,runtime_artifacts,source_of_truth_evidence,machine-readable evidence or manifest
runtime/a7ls18_company_numeric_aggregate/a7ls18_decision_counts.csv,runtime_artifacts,source_of_truth_evidence,machine-readable evidence or manifest
runtime/a7ls18_company_numeric_aggregate/a7ls18_family_decision_summary.csv,runtime_artifacts,source_of_truth_evidence,machine-readable evidence or manifest
runtime/a7ls18_company_numeric_aggregate/a7ls18_manifest.json,runtime_artifacts,source_of_truth_evidence,machine-readable evidence or manifest
runtime/a7ls18_company_numeric_aggregate/a7ls18_selected_portfolio_queue.csv,runtime_artifacts,source_of_truth_evidence,machine-readable evidence or manifest
runtime/a7ls18_company_numeric_aggregate/a7ls18_shard_summary.csv,runtime_artifacts,source_of_truth_evidence,machine-readable evidence or manifest
runtime/a7ls19_checkpoint_arbitration/a7ls19_cap_reject_audit.csv,runtime_artifacts,source_of_truth_evidence,machine-readable evidence or manifest
runtime/a7ls19_checkpoint_arbitration/a7ls19_checkpoint_label_distribution.csv,runtime_artifacts,source_of_truth_evidence,machine-readable evidence or manifest
runtime/a7ls19_checkpoint_arbitration/a7ls19_checkpoint_queue.csv,runtime_artifacts,source_of_truth_evidence,machine-readable evidence or manifest
runtime/a7ls19_checkpoint_arbitration/a7ls19_checkpoint_semantic_pair_distribution.csv,runtime_artifacts,source_of_truth_evidence,machine-readable evidence or manifest
runtime/a7ls19_checkpoint_arbitration/a7ls19_checkpoint_skeleton_distribution.csv,runtime_artifacts,source_of_truth_evidence,machine-readable evidence or manifest
runtime/a7ls19_checkpoint_arbitration/a7ls19_decision_record.json,runtime_artifacts,source_of_truth_evidence,machine-readable evidence or manifest
runtime/a7ls19_checkpoint_arbitration/a7ls19_manifest.json,runtime_artifacts,source_of_truth_evidence,machine-readable evidence or manifest
runtime/a7ls19_checkpoint_arbitration/a7ls19_rejected_or_diagnostic.csv,runtime_artifacts,source_of_truth_evidence,machine-readable evidence or manifest
runtime/a7ls19_checkpoint_arbitration/a7ls19_rejection_summary.csv,runtime_artifacts,source_of_truth_evidence,machine-readable evidence or manifest
runtime/a7ls19_checkpoint_arbitration/a7ls19_source_family_caps.csv,runtime_artifacts,source_of_truth_evidence,machine-readable evidence or manifest
runtime/a7ls19_checkpoint_arbitration/a7ls19_strict_non_l7_eligible.csv,runtime_artifacts,source_of_truth_evidence,machine-readable evidence or manifest
runtime/a7ls19_checkpoint_arbitration/a7ls19_strong_non_l7_eligible.csv,runtime_artifacts,source_of_truth_evidence,machine-readable evidence or manifest
runtime/a7ls19_checkpoint_arbitration/a7ls19_top_checkpoint_candidates.csv,runtime_artifacts,source_of_truth_evidence,machine-readable evidence or manifest
runtime/a7ls1_multi_arm_blueprint_generation/a7ls1_arm_generation_summary.csv,runtime_artifacts,source_of_truth_evidence,machine-readable evidence or manifest
runtime/a7ls1_multi_arm_blueprint_generation/a7ls1_manifest.json,runtime_artifacts,source_of_truth_evidence,machine-readable evidence or manifest
runtime/a7ls1_multi_arm_blueprint_generation/a7ls1_materialization_wave_queue.csv,runtime_artifacts,source_of_truth_evidence,machine-readable evidence or manifest
runtime/a7ls1_multi_arm_blueprint_generation/a7ls1_numeric_wave_queue.csv,runtime_artifacts,source_of_truth_evidence,machine-readable evidence or manifest
runtime/a7ls1_multi_arm_blueprint_generation/a7ls1_output_artifact_manifest.csv,runtime_artifacts,source_of_truth_evidence,machine-readable evidence or manifest
runtime/a7ls1_multi_arm_blueprint_generation/a7ls1_raw_arm_axis_summary.csv,runtime_artifacts,source_of_truth_evidence,machine-readable evidence or manifest
runtime/a7ls1_multi_arm_blueprint_generation/a7ls1_shard_plan.csv,runtime_artifacts,source_of_truth_evidence,machine-readable evidence or manifest
runtime/a7ls20_checkpoint_deep_audit/a7ls20_candidate_deep_metrics.csv,runtime_artifacts,source_of_truth_evidence,machine-readable evidence or manifest
runtime/a7ls20_checkpoint_deep_audit/a7ls20_checkpoint_label_distribution.csv,runtime_artifacts,source_of_truth_evidence,machine-readable evidence or manifest
runtime/a7ls20_checkpoint_deep_audit/a7ls20_checkpoint_semantic_pair_distribution.csv,runtime_artifacts,source_of_truth_evidence,machine-readable evidence or manifest
runtime/a7ls20_checkpoint_deep_audit/a7ls20_checkpoint_skeleton_distribution.csv,runtime_artifacts,source_of_truth_evidence,machine-readable evidence or manifest
runtime/a7ls20_checkpoint_deep_audit/a7ls20_checkpoint_source_distribution.csv,runtime_artifacts,source_of_truth_evidence,machine-readable evidence or manifest
runtime/a7ls20_checkpoint_deep_audit/a7ls20_decision_record.json,runtime_artifacts,source_of_truth_evidence,machine-readable evidence or manifest
runtime/a7ls20_checkpoint_deep_audit/a7ls20_manifest.json,runtime_artifacts,source_of_truth_evidence,machine-readable evidence or manifest
runtime/a7ls20_checkpoint_deep_audit/a7ls20_marginal_candidate_queue.csv,runtime_artifacts,source_of_truth_evidence,machine-readable evidence or manifest
runtime/a7ls20_checkpoint_deep_audit/a7ls20_marginal_label_distribution.csv,runtime_artifacts,source_of_truth_evidence,machine-readable evidence or manifest
runtime/a7ls20_checkpoint_deep_audit/a7ls20_marginal_reject_audit.csv,runtime_artifacts,source_of_truth_evidence,machine-readable evidence or manifest
runtime/a7ls20_checkpoint_deep_audit/a7ls20_marginal_reject_summary.csv,runtime_artifacts,source_of_truth_evidence,machine-readable evidence or manifest
runtime/a7ls20_checkpoint_deep_audit/a7ls20_marginal_semantic_pair_distribution.csv,runtime_artifacts,source_of_truth_evidence,machine-readable evidence or manifest
runtime/a7ls20_checkpoint_deep_audit/a7ls20_marginal_skeleton_distribution.csv,runtime_artifacts,source_of_truth_evidence,machine-readable evidence or manifest
runtime/a7ls20_checkpoint_deep_audit/a7ls20_marginal_source_distribution.csv,runtime_artifacts,source_of_truth_evidence,machine-readable evidence or manifest
runtime/a7ls20_checkpoint_deep_audit/a7ls20_top_marginal_candidates.csv,runtime_artifacts,source_of_truth_evidence,machine-readable evidence or manifest
runtime/a7ls21_company_deep_replay_aggregate/a7ls21_authorization_matrix.json,runtime_artifacts,source_of_truth_evidence,machine-readable evidence or manifest
runtime/a7ls21_company_deep_replay_aggregate/a7ls21_decision_counts_by_shard.csv,runtime_artifacts,source_of_truth_evidence,machine-readable evidence or manifest
runtime/a7ls21_company_deep_replay_aggregate/a7ls21_decision_counts_total.csv,runtime_artifacts,source_of_truth_evidence,machine-readable evidence or manifest
runtime/a7ls21_company_deep_replay_aggregate/a7ls21_label_response_metrics_all.csv,feature_response,archive_only,response profiling evidence
runtime/a7ls21_company_deep_replay_aggregate/a7ls21_manifest.json,runtime_artifacts,source_of_truth_evidence,machine-readable evidence or manifest
runtime/a7ls21_company_deep_replay_aggregate/a7ls21_portfolio_marginal_queue_all.csv,runtime_artifacts,source_of_truth_evidence,machine-readable evidence or manifest
runtime/a7ls21_company_deep_replay_aggregate/a7ls21_selected_family_summary.csv,runtime_artifacts,source_of_truth_evidence,machine-readable evidence or manifest
runtime/a7ls21_company_deep_replay_aggregate/a7ls21_selected_portfolio_queue_all.csv,runtime_artifacts,source_of_truth_evidence,machine-readable evidence or manifest
runtime/a7ls21_company_deep_replay_aggregate/a7ls21_shard_summary.csv,runtime_artifacts,source_of_truth_evidence,machine-readable evidence or manifest
runtime/a7ls21_company_deep_replay_packet/a7ls21_auth_manifest.json,runtime_artifacts,source_of_truth_evidence,machine-readable evidence or manifest
runtime/a7ls21_company_deep_replay_packet/a7ls21_company_deep_replay_queue.csv,runtime_artifacts,source_of_truth_evidence,machine-readable evidence or manifest
runtime/a7ls21_company_deep_replay_packet/a7ls21_decision_record.json,runtime_artifacts,source_of_truth_evidence,machine-readable evidence or manifest
runtime/a7ls21_company_deep_replay_packet/a7ls21_packet_manifest.json,runtime_artifacts,source_of_truth_evidence,machine-readable evidence or manifest
runtime/a7ls21_company_deep_replay_packet/a7ls21_plan.json,runtime_artifacts,source_of_truth_evidence,machine-readable evidence or manifest
runtime/a7ls21_company_deep_replay_packet/a7ls21_shard_plan.csv,runtime_artifacts,source_of_truth_evidence,machine-readable evidence or manifest
runtime/a7ls21_company_deep_replay_packet/run_a7ls21_company_deep_replay.ps1,runtime_artifacts,source_of_truth_evidence,machine-readable evidence or manifest
runtime/a7ls21_company_deep_replay_packet/run_a7ls21_remaining_remote.ps1,runtime_artifacts,source_of_truth_evidence,machine-readable evidence or manifest
runtime/a7ls21_company_deep_replay_packet/shards/s000/queue.csv,runtime_artifacts,source_of_truth_evidence,machine-readable evidence or manifest
runtime/a7ls21_company_deep_replay_packet/shards/s001/queue.csv,runtime_artifacts,source_of_truth_evidence,machine-readable evidence or manifest
runtime/a7ls21_company_deep_replay_packet/shards/s002/queue.csv,runtime_artifacts,source_of_truth_evidence,machine-readable evidence or manifest
runtime/a7ls21_company_deep_replay_packet/shards/s003/queue.csv,runtime_artifacts,source_of_truth_evidence,machine-readable evidence or manifest
runtime/a7ls21_company_deep_replay_packet/start_detached_remote.ps1,runtime_artifacts,source_of_truth_evidence,machine-readable evidence or manifest
runtime/a7ls21_company_deep_replay_packet/zip_a7ls21_results_remote.ps1,runtime_artifacts,source_of_truth_evidence,machine-readable evidence or manifest
runtime/a7ls22_clue_attribution_promotion_triage/a7ls22_authorization_matrix.json,runtime_artifacts,source_of_truth_evidence,machine-readable evidence or manifest
runtime/a7ls22_clue_attribution_promotion_triage/a7ls22_candidate_factor_review.csv,runtime_artifacts,source_of_truth_evidence,machine-readable evidence or manifest
runtime/a7ls22_clue_attribution_promotion_triage/a7ls22_duplicate_cluster_audit.csv,runtime_artifacts,source_of_truth_evidence,machine-readable evidence or manifest
runtime/a7ls22_clue_attribution_promotion_triage/a7ls22_family_label_triage_summary.csv,runtime_artifacts,source_of_truth_evidence,machine-readable evidence or manifest
runtime/a7ls22_clue_attribution_promotion_triage/a7ls22_label_family_risk.csv,runtime_artifacts,source_of_truth_evidence,machine-readable evidence or manifest
runtime/a7ls22_clue_attribution_promotion_triage/a7ls22_manifest.json,runtime_artifacts,source_of_truth_evidence,machine-readable evidence or manifest
runtime/a7ls22_clue_attribution_promotion_triage/a7ls22_mechanism_attribution.csv,runtime_artifacts,source_of_truth_evidence,machine-readable evidence or manifest
runtime/a7ls22_clue_attribution_promotion_triage/a7ls22_promotion_triage.csv,runtime_artifacts,source_of_truth_evidence,machine-readable evidence or manifest
runtime/a7ls22_clue_attribution_promotion_triage/a7ls22_provenance_join.csv,runtime_artifacts,source_of_truth_evidence,machine-readable evidence or manifest
runtime/a7ls23_strict_candidate_bias_audit/a7ls23_a7ls24_deep_replay_queue.csv,runtime_artifacts,source_of_truth_evidence,machine-readable evidence or manifest
runtime/a7ls23_strict_candidate_bias_audit/a7ls23_authorization_matrix.json,runtime_artifacts,source_of_truth_evidence,machine-readable evidence or manifest
runtime/a7ls23_strict_candidate_bias_audit/a7ls23_decision_summary.csv,runtime_artifacts,source_of_truth_evidence,machine-readable evidence or manifest
runtime/a7ls23_strict_candidate_bias_audit/a7ls23_label_transfer_audit.csv,runtime_artifacts,source_of_truth_evidence,machine-readable evidence or manifest
runtime/a7ls23_strict_candidate_bias_audit/a7ls23_manifest.json,runtime_artifacts,source_of_truth_evidence,machine-readable evidence or manifest
runtime/a7ls23_strict_candidate_bias_audit/a7ls23_overlap_audit.csv,runtime_artifacts,source_of_truth_evidence,machine-readable evidence or manifest
runtime/a7ls23_strict_candidate_bias_audit/a7ls23_strict_candidate_bias_audit.csv,runtime_artifacts,source_of_truth_evidence,machine-readable evidence or manifest
runtime/a7ls24_label_transfer_deep_bias_replay/a7ls24_a7ls25_label_transfer_packet_queue.csv,runtime_artifacts,source_of_truth_evidence,machine-readable evidence or manifest
runtime/a7ls24_label_transfer_deep_bias_replay/a7ls24_authorization_matrix.json,runtime_artifacts,source_of_truth_evidence,machine-readable evidence or manifest
runtime/a7ls24_label_transfer_deep_bias_replay/a7ls24_candidate_label_transfer_decisions.csv,runtime_artifacts,source_of_truth_evidence,machine-readable evidence or manifest
runtime/a7ls24_label_transfer_deep_bias_replay/a7ls24_decision_family_summary.csv,runtime_artifacts,source_of_truth_evidence,machine-readable evidence or manifest
runtime/a7ls24_label_transfer_deep_bias_replay/a7ls24_label_transfer_audit.csv,runtime_artifacts,source_of_truth_evidence,machine-readable evidence or manifest
runtime/a7ls24_label_transfer_deep_bias_replay/a7ls24_manifest.json,runtime_artifacts,source_of_truth_evidence,machine-readable evidence or manifest
runtime/a7ls25_large_search_launch_packet/a7ls25_axis_coverage.csv,runtime_artifacts,source_of_truth_evidence,machine-readable evidence or manifest
runtime/a7ls25_large_search_launch_packet/a7ls25_large_search_queue.csv,runtime_artifacts,source_of_truth_evidence,machine-readable evidence or manifest
runtime/a7ls25_large_search_launch_packet/a7ls25_manifest.json,runtime_artifacts,source_of_truth_evidence,machine-readable evidence or manifest
runtime/a7ls25_large_search_launch_packet/a7ls25_materialization_queue_40k.csv,runtime_artifacts,source_of_truth_evidence,machine-readable evidence or manifest
runtime/a7ls25_large_search_launch_packet/a7ls25_materialization_shard_plan.csv,runtime_artifacts,source_of_truth_evidence,machine-readable evidence or manifest
runtime/a7ls25_large_search_launch_packet/a7ls25_queue_family_summary.csv,runtime_artifacts,source_of_truth_evidence,machine-readable evidence or manifest
runtime/a7ls25_large_search_launch_packet/a7ls25_seed_reference.csv,runtime_artifacts,source_of_truth_evidence,machine-readable evidence or manifest
runtime/a7ls25_large_search_launch_packet/run_a7ls25_company_materialization.ps1,runtime_artifacts,source_of_truth_evidence,machine-readable evidence or manifest
runtime/a7ls25_large_search_launch_packet/run_a7ls26_numeric_wave_remote.ps1,runtime_artifacts,source_of_truth_evidence,machine-readable evidence or manifest
runtime/a7ls25_large_search_launch_packet/run_a7ls26b_numeric_wave_remote.ps1,runtime_artifacts,source_of_truth_evidence,machine-readable evidence or manifest
runtime/a7ls25_large_search_launch_packet/run_a7ls26c_raw_diverse_numeric_wave_remote.ps1,runtime_artifacts,source_of_truth_evidence,machine-readable evidence or manifest
runtime/a7ls25_large_search_launch_packet/start_a7ls25_master_remote.ps1,runtime_artifacts,source_of_truth_evidence,machine-readable evidence or manifest
runtime/a7ls25_large_search_launch_packet/start_a7ls26_numeric_remote.ps1,runtime_artifacts,source_of_truth_evidence,machine-readable evidence or manifest
runtime/a7ls25_large_search_launch_packet/start_a7ls26b_numeric_remote.ps1,runtime_artifacts,source_of_truth_evidence,machine-readable evidence or manifest
runtime/a7ls25_large_search_launch_packet/start_a7ls26c_numeric_remote.ps1,runtime_artifacts,source_of_truth_evidence,machine-readable evidence or manifest
runtime/a7ls25_large_search_launch_packet/status_a7ls25_remote.ps1,runtime_artifacts,source_of_truth_evidence,machine-readable evidence or manifest
runtime/a7ls25_large_search_launch_packet/status_a7ls26_remote.ps1,runtime_artifacts,source_of_truth_evidence,machine-readable evidence or manifest
runtime/a7ls25_large_search_launch_packet/status_a7ls26b_remote.ps1,runtime_artifacts,source_of_truth_evidence,machine-readable evidence or manifest
runtime/a7ls25_large_search_launch_packet/status_a7ls26c_remote.ps1,runtime_artifacts,source_of_truth_evidence,machine-readable evidence or manifest
runtime/a7ls25_large_search_launch_packet/stop_a7ls26_duplicate_remote.ps1,runtime_artifacts,source_of_truth_evidence,machine-readable evidence or manifest
runtime/a7ls26_numeric_wave_launch/a7ls26_launch_manifest.json,runtime_artifacts,source_of_truth_evidence,machine-readable evidence or manifest
runtime/a7ls26bc_parallel_numeric_waves/a7ls26bc_launch_manifest.json,runtime_artifacts,source_of_truth_evidence,machine-readable evidence or manifest
runtime/a7ls28b_targeted_numeric_acceptance_20260609/a7ls28b_non_l7_family_summary.csv,runtime_artifacts,source_of_truth_evidence,machine-readable evidence or manifest
runtime/a7ls28b_targeted_numeric_acceptance_20260609/a7ls28b_selected_family_summary.csv,runtime_artifacts,source_of_truth_evidence,machine-readable evidence or manifest
runtime/a7ls28b_targeted_numeric_acceptance_20260609/a7ls28b_selected_top80.csv,runtime_artifacts,source_of_truth_evidence,machine-readable evidence or manifest
runtime/a7ls28b_targeted_numeric_acceptance_20260609/a7ls28b_shard_manifest_summary.csv,runtime_artifacts,source_of_truth_evidence,machine-readable evidence or manifest
runtime/a7ls28b_targeted_numeric_acceptance_20260609/a7ls28b_targeted_numeric_acceptance_manifest.json,runtime_artifacts,source_of_truth_evidence,machine-readable evidence or manifest
runtime/a7ls29_field_gate_20260609/a7ls_field_gate_blocked_fields.csv,field_contracts,archive_only,prior governance evidence; not all scripts are runtime core
runtime/a7ls29_field_gate_20260609/a7ls_field_gate_contract_drift_fields.csv,field_contracts,archive_only,prior governance evidence; not all scripts are runtime core
runtime/a7ls29_field_gate_20260609/a7ls_field_gate_drift_summary.csv,field_contracts,archive_only,prior governance evidence; not all scripts are runtime core
runtime/a7ls29_field_gate_20260609/a7ls_field_gate_field_route_map.csv,field_contracts,archive_only,prior governance evidence; not all scripts are runtime core
runtime/a7ls29_field_gate_20260609/a7ls_field_gate_formula_audit.csv,field_contracts,archive_only,prior governance evidence; not all scripts are runtime core
runtime/a7ls29_field_gate_20260609/a7ls_field_gate_formula_gate_summary.csv,field_contracts,archive_only,prior governance evidence; not all scripts are runtime core
runtime/a7ls29_field_gate_20260609/a7ls_field_gate_manifest.json,field_contracts,archive_only,prior governance evidence; not all scripts are runtime core
runtime/a7ls29_field_gate_20260609/a7ls_field_gate_route_summary.csv,field_contracts,archive_only,prior governance evidence; not all scripts are runtime core
runtime/a7ls29_productive_family_queue_20260609/a7ls29_family_coverage.csv,runtime_artifacts,source_of_truth_evidence,machine-readable evidence or manifest
runtime/a7ls29_productive_family_queue_20260609/a7ls29_family_summary.csv,runtime_artifacts,source_of_truth_evidence,machine-readable evidence or manifest
runtime/a7ls29_productive_family_queue_20260609/a7ls29_manifest.json,runtime_artifacts,source_of_truth_evidence,machine-readable evidence or manifest
runtime/a7ls29_productive_family_queue_20260609/a7ls29_mutation_summary.csv,runtime_artifacts,source_of_truth_evidence,machine-readable evidence or manifest
runtime/a7ls29_productive_family_queue_20260609/a7ls29_productive_family_queue.csv,runtime_artifacts,source_of_truth_evidence,machine-readable evidence or manifest
runtime/a7ls29_productive_family_queue_20260609/a7ls29_shard_plan.csv,runtime_artifacts,source_of_truth_evidence,machine-readable evidence or manifest
runtime/a7ls29_productive_numeric_acceptance_20260610/a7ls29_non_l7_top240.csv,runtime_artifacts,source_of_truth_evidence,machine-readable evidence or manifest
runtime/a7ls29_productive_numeric_acceptance_20260610/a7ls29_portfolio_family_summary.csv,runtime_artifacts,source_of_truth_evidence,machine-readable evidence or manifest
runtime/a7ls29_productive_numeric_acceptance_20260610/a7ls29_productive_numeric_acceptance_manifest.json,runtime_artifacts,source_of_truth_evidence,machine-readable evidence or manifest
runtime/a7ls29_productive_numeric_acceptance_20260610/a7ls29_response_decision_summary.csv,feature_response,archive_only,response profiling evidence
runtime/a7ls29_productive_numeric_acceptance_20260610/a7ls29_selected_family_summary.csv,runtime_artifacts,source_of_truth_evidence,machine-readable evidence or manifest
runtime/a7ls29_productive_numeric_acceptance_20260610/a7ls29_selected_label_summary.csv,runtime_artifacts,source_of_truth_evidence,machine-readable evidence or manifest
runtime/a7ls29_productive_numeric_acceptance_20260610/a7ls29_selected_top160.csv,runtime_artifacts,source_of_truth_evidence,machine-readable evidence or manifest
runtime/a7ls29_productive_numeric_acceptance_20260610/a7ls29_shard_manifest_summary.csv,runtime_artifacts,source_of_truth_evidence,machine-readable evidence or manifest
runtime/a7ls2_sharded_materialization_wave/a7ls2_checkpoint_status.csv,runtime_artifacts,source_of_truth_evidence,machine-readable evidence or manifest
runtime/a7ls2_sharded_materialization_wave/a7ls2_manifest.json,runtime_artifacts,source_of_truth_evidence,machine-readable evidence or manifest
runtime/a7ls2_sharded_materialization_wave/a7ls2_materialization_metrics_executed.csv,runtime_artifacts,source_of_truth_evidence,machine-readable evidence or manifest
runtime/a7ls2_sharded_materialization_wave/a7ls2_materialization_summary_by_semantic.csv,runtime_artifacts,source_of_truth_evidence,machine-readable evidence or manifest
runtime/a7ls2_sharded_materialization_wave/shards/a7ls_a_materialization_s000/manifest.json,runtime_artifacts,source_of_truth_evidence,machine-readable evidence or manifest
runtime/a7ls2_sharded_materialization_wave/shards/a7ls_a_materialization_s000/materialization_metrics.csv,runtime_artifacts,source_of_truth_evidence,machine-readable evidence or manifest
runtime/a7ls2_sharded_materialization_wave/shards/a7ls_a_materialization_s000/queue.csv,runtime_artifacts,source_of_truth_evidence,machine-readable evidence or manifest
runtime/a7ls2_sharded_materialization_wave/shards/a7ls_b_materialization_s020/manifest.json,runtime_artifacts,source_of_truth_evidence,machine-readable evidence or manifest
runtime/a7ls2_sharded_materialization_wave/shards/a7ls_b_materialization_s020/materialization_metrics.csv,runtime_artifacts,source_of_truth_evidence,machine-readable evidence or manifest
runtime/a7ls2_sharded_materialization_wave/shards/a7ls_b_materialization_s020/queue.csv,runtime_artifacts,source_of_truth_evidence,machine-readable evidence or manifest
runtime/a7ls2_sharded_materialization_wave/shards/a7ls_c_materialization_s040/manifest.json,runtime_artifacts,source_of_truth_evidence,machine-readable evidence or manifest
runtime/a7ls2_sharded_materialization_wave/shards/a7ls_c_materialization_s040/materialization_metrics.csv,runtime_artifacts,source_of_truth_evidence,machine-readable evidence or manifest
runtime/a7ls2_sharded_materialization_wave/shards/a7ls_c_materialization_s040/queue.csv,runtime_artifacts,source_of_truth_evidence,machine-readable evidence or manifest
runtime/a7ls2_sharded_materialization_wave/shards/a7ls_d_materialization_s060/manifest.json,runtime_artifacts,source_of_truth_evidence,machine-readable evidence or manifest
runtime/a7ls2_sharded_materialization_wave/shards/a7ls_d_materialization_s060/materialization_metrics.csv,runtime_artifacts,source_of_truth_evidence,machine-readable evidence or manifest
runtime/a7ls2_sharded_materialization_wave/shards/a7ls_d_materialization_s060/queue.csv,runtime_artifacts,source_of_truth_evidence,machine-readable evidence or manifest
runtime/a7ls30_company_numeric_launch_20260610/a7ls30_company_numeric_launch_manifest.json,runtime_artifacts,source_of_truth_evidence,machine-readable evidence or manifest
runtime/a7ls30_field_gate_20260610/a7ls_field_gate_blocked_fields.csv,field_contracts,archive_only,prior governance evidence; not all scripts are runtime core
runtime/a7ls30_field_gate_20260610/a7ls_field_gate_contract_drift_fields.csv,field_contracts,archive_only,prior governance evidence; not all scripts are runtime core
runtime/a7ls30_field_gate_20260610/a7ls_field_gate_drift_summary.csv,field_contracts,archive_only,prior governance evidence; not all scripts are runtime core
runtime/a7ls30_field_gate_20260610/a7ls_field_gate_field_route_map.csv,field_contracts,archive_only,prior governance evidence; not all scripts are runtime core
runtime/a7ls30_field_gate_20260610/a7ls_field_gate_formula_audit.csv,field_contracts,archive_only,prior governance evidence; not all scripts are runtime core
runtime/a7ls30_field_gate_20260610/a7ls_field_gate_formula_gate_summary.csv,field_contracts,archive_only,prior governance evidence; not all scripts are runtime core
runtime/a7ls30_field_gate_20260610/a7ls_field_gate_manifest.json,field_contracts,archive_only,prior governance evidence; not all scripts are runtime core
runtime/a7ls30_field_gate_20260610/a7ls_field_gate_route_summary.csv,field_contracts,archive_only,prior governance evidence; not all scripts are runtime core
runtime/a7ls30_productive_followup_queue_20260610/a7ls30_family_summary.csv,runtime_artifacts,source_of_truth_evidence,machine-readable evidence or manifest
runtime/a7ls30_productive_followup_queue_20260610/a7ls30_mutation_summary.csv,runtime_artifacts,source_of_truth_evidence,machine-readable evidence or manifest
runtime/a7ls30_productive_followup_queue_20260610/a7ls30_parent_usage_summary.csv,runtime_artifacts,source_of_truth_evidence,machine-readable evidence or manifest
runtime/a7ls30_productive_followup_queue_20260610/a7ls30_productive_followup_manifest.json,runtime_artifacts,source_of_truth_evidence,machine-readable evidence or manifest
runtime/a7ls30_productive_followup_queue_20260610/a7ls30_productive_followup_queue.csv,runtime_artifacts,source_of_truth_evidence,machine-readable evidence or manifest
runtime/a7ls30_productive_followup_queue_20260610/a7ls30_shard_plan.csv,runtime_artifacts,source_of_truth_evidence,machine-readable evidence or manifest
runtime/a7ls30_productive_numeric_acceptance_20260610/a7ls30_non_l7_top360.csv,runtime_artifacts,source_of_truth_evidence,machine-readable evidence or manifest
runtime/a7ls30_productive_numeric_acceptance_20260610/a7ls30_portfolio_family_summary.csv,runtime_artifacts,source_of_truth_evidence,machine-readable evidence or manifest
runtime/a7ls30_productive_numeric_acceptance_20260610/a7ls30_productive_numeric_acceptance_manifest.json,runtime_artifacts,source_of_truth_evidence,machine-readable evidence or manifest
runtime/a7ls30_productive_numeric_acceptance_20260610/a7ls30_response_decision_summary.csv,feature_response,archive_only,response profiling evidence
runtime/a7ls30_productive_numeric_acceptance_20260610/a7ls30_selected_family_summary.csv,runtime_artifacts,source_of_truth_evidence,machine-readable evidence or manifest
runtime/a7ls30_productive_numeric_acceptance_20260610/a7ls30_selected_label_summary.csv,runtime_artifacts,source_of_truth_evidence,machine-readable evidence or manifest
runtime/a7ls30_productive_numeric_acceptance_20260610/a7ls30_selected_top240.csv,runtime_artifacts,source_of_truth_evidence,machine-readable evidence or manifest
runtime/a7ls30_productive_numeric_acceptance_20260610/a7ls30_shard_manifest_summary.csv,runtime_artifacts,source_of_truth_evidence,machine-readable evidence or manifest
runtime/a7ls3_numeric_checkpoint_from_materialized/a7ls3_manifest.json,runtime_artifacts,source_of_truth_evidence,machine-readable evidence or manifest
runtime/a7ls3_numeric_checkpoint_from_materialized/a7ls3_numeric_checkpoint_queue.csv,runtime_artifacts,source_of_truth_evidence,machine-readable evidence or manifest
runtime/a7ls3_numeric_checkpoint_from_materialized/a7ls3_queue_summary.csv,runtime_artifacts,source_of_truth_evidence,machine-readable evidence or manifest
runtime/a7ls3h_company_numeric_handoff/a7ls3h_company_command_template.json,runtime_artifacts,source_of_truth_evidence,machine-readable evidence or manifest
runtime/a7ls3h_company_numeric_handoff/a7ls3h_company_numeric_queue.csv,runtime_artifacts,source_of_truth_evidence,machine-readable evidence or manifest
runtime/a7ls3h_company_numeric_handoff/a7ls3h_company_shard_plan.csv,runtime_artifacts,source_of_truth_evidence,machine-readable evidence or manifest
runtime/a7ls3h_company_numeric_handoff/a7ls3h_decision_record.json,runtime_artifacts,source_of_truth_evidence,machine-readable evidence or manifest
runtime/a7ls3h_company_numeric_handoff/a7ls3h_manifest.json,runtime_artifacts,source_of_truth_evidence,machine-readable evidence or manifest
runtime/a7ls3h_company_numeric_handoff/a7ls3h_queue_summary.csv,runtime_artifacts,source_of_truth_evidence,machine-readable evidence or manifest
runtime/a7ls3hr_company_handoff_resize/a7ls3hr_arm_summary.csv,runtime_artifacts,source_of_truth_evidence,machine-readable evidence or manifest
runtime/a7ls3hr_company_handoff_resize/a7ls3hr_company_command_template.json,runtime_artifacts,source_of_truth_evidence,machine-readable evidence or manifest
runtime/a7ls3hr_company_handoff_resize/a7ls3hr_company_numeric_queue_32_fallback.csv,runtime_artifacts,source_of_truth_evidence,machine-readable evidence or manifest
runtime/a7ls3hr_company_handoff_resize/a7ls3hr_company_numeric_queue_64.csv,runtime_artifacts,source_of_truth_evidence,machine-readable evidence or manifest
runtime/a7ls3hr_company_handoff_resize/a7ls3hr_company_shard_plan_32_fallback.csv,runtime_artifacts,source_of_truth_evidence,machine-readable evidence or manifest
runtime/a7ls3hr_company_handoff_resize/a7ls3hr_company_shard_plan_64.csv,runtime_artifacts,source_of_truth_evidence,machine-readable evidence or manifest
runtime/a7ls3hr_company_handoff_resize/a7ls3hr_manifest.json,runtime_artifacts,source_of_truth_evidence,machine-readable evidence or manifest
runtime/a7ls3hr_company_result_aggregate/a7ls3hr_aggregate_manifest.json,runtime_artifacts,source_of_truth_evidence,machine-readable evidence or manifest
runtime/a7ls3hr_company_result_aggregate/a7ls3hr_combined_clues.csv,runtime_artifacts,source_of_truth_evidence,machine-readable evidence or manifest
runtime/a7ls3hr_company_result_aggregate/a7ls3hr_combined_portfolio_candidates.csv,runtime_artifacts,source_of_truth_evidence,machine-readable evidence or manifest
runtime/a7ls3hr_company_result_aggregate/a7ls3hr_combined_responses.csv,feature_response,archive_only,response profiling evidence
runtime/a7ls3hr_company_result_aggregate/a7ls3hr_decision_counts.csv,runtime_artifacts,source_of_truth_evidence,machine-readable evidence or manifest
runtime/a7ls3hr_company_result_aggregate/a7ls3hr_missing_shards.csv,runtime_artifacts,source_of_truth_evidence,machine-readable evidence or manifest
runtime/a7ls3hr_company_result_aggregate/a7ls3hr_shard_manifest_summary.csv,runtime_artifacts,source_of_truth_evidence,machine-readable evidence or manifest
runtime/a7ls4_company_numeric_forensic/a7ls4_clue_by_label.csv,runtime_artifacts,source_of_truth_evidence,machine-readable evidence or manifest
runtime/a7ls4_company_numeric_forensic/a7ls4_clue_by_motif.csv,runtime_artifacts,source_of_truth_evidence,machine-readable evidence or manifest
runtime/a7ls4_company_numeric_forensic/a7ls4_clue_by_pair_label.csv,runtime_artifacts,source_of_truth_evidence,machine-readable evidence or manifest
runtime/a7ls4_company_numeric_forensic/a7ls4_clue_by_semantic_pair.csv,runtime_artifacts,source_of_truth_evidence,machine-readable evidence or manifest
runtime/a7ls4_company_numeric_forensic/a7ls4_clue_by_shard.csv,runtime_artifacts,source_of_truth_evidence,machine-readable evidence or manifest
runtime/a7ls4_company_numeric_forensic/a7ls4_manifest.json,runtime_artifacts,source_of_truth_evidence,machine-readable evidence or manifest
runtime/a7ls4_company_numeric_forensic/a7ls4_missing_field_shards.csv,field_contracts,archive_only,prior governance evidence; not all scripts are runtime core
runtime/a7ls4_company_numeric_forensic/a7ls4_non_l7_control_clean_shortlist.csv,runtime_artifacts,source_of_truth_evidence,machine-readable evidence or manifest
runtime/a7ls4_company_numeric_forensic/a7ls4_portfolio_by_semantic_pair.csv,runtime_artifacts,source_of_truth_evidence,machine-readable evidence or manifest
runtime/a7ls4_company_numeric_forensic/a7ls4_response_blocker_summary.csv,feature_response,archive_only,response profiling evidence
runtime/a7ls4_company_numeric_forensic/a7ls4_response_by_decision.csv,feature_response,archive_only,response profiling evidence
runtime/a7ls4_company_numeric_forensic/a7ls4_response_by_pair_decision.csv,feature_response,archive_only,response profiling evidence
runtime/a7ls4r_company_retry_forensic/a7ls4r_manifest.json,runtime_artifacts,source_of_truth_evidence,machine-readable evidence or manifest
runtime/a7ls4r_company_retry_forensic/a7ls4r_retry_combined_materialization.csv,runtime_artifacts,source_of_truth_evidence,machine-readable evidence or manifest
runtime/a7ls4r_company_retry_forensic/a7ls4r_retry_combined_portfolio.csv,runtime_artifacts,source_of_truth_evidence,machine-readable evidence or manifest
runtime/a7ls4r_company_retry_forensic/a7ls4r_retry_combined_responses.csv,feature_response,archive_only,response profiling evidence
runtime/a7ls4r_company_retry_forensic/a7ls4r_retry_non_l7_by_label.csv,runtime_artifacts,source_of_truth_evidence,machine-readable evidence or manifest
runtime/a7ls4r_company_retry_forensic/a7ls4r_retry_non_l7_by_pair_label.csv,runtime_artifacts,source_of_truth_evidence,machine-readable evidence or manifest
runtime/a7ls4r_company_retry_forensic/a7ls4r_retry_non_l7_by_semantic_pair.csv,runtime_artifacts,source_of_truth_evidence,machine-readable evidence or manifest
runtime/a7ls4r_company_retry_forensic/a7ls4r_retry_non_l7_by_shard.csv,runtime_artifacts,source_of_truth_evidence,machine-readable evidence or manifest
runtime/a7ls4r_company_retry_forensic/a7ls4r_retry_non_l7_numeric_clues.csv,runtime_artifacts,source_of_truth_evidence,machine-readable evidence or manifest
runtime/a7ls4r_company_retry_forensic/a7ls4r_retry_rank_label_diagnostic_clues.csv,runtime_artifacts,source_of_truth_evidence,machine-readable evidence or manifest
runtime/a7ls4r_company_retry_forensic/a7ls4r_retry_shard_manifest_summary.csv,runtime_artifacts,source_of_truth_evidence,machine-readable evidence or manifest
runtime/a7ls5_company_result_aggregate/a7ls5_aggregate_manifest.json,runtime_artifacts,source_of_truth_evidence,machine-readable evidence or manifest
runtime/a7ls5_company_result_aggregate/a7ls5_combined_materialization.csv,runtime_artifacts,source_of_truth_evidence,machine-readable evidence or manifest
runtime/a7ls5_company_result_aggregate/a7ls5_combined_portfolio.csv,runtime_artifacts,source_of_truth_evidence,machine-readable evidence or manifest
runtime/a7ls5_company_result_aggregate/a7ls5_combined_responses.csv,feature_response,archive_only,response profiling evidence
runtime/a7ls5_company_result_aggregate/a7ls5_missing_shards.csv,runtime_artifacts,source_of_truth_evidence,machine-readable evidence or manifest
runtime/a7ls5_company_result_aggregate/a7ls5_non_l7_by_label.csv,runtime_artifacts,source_of_truth_evidence,machine-readable evidence or manifest
runtime/a7ls5_company_result_aggregate/a7ls5_non_l7_by_pair_label.csv,runtime_artifacts,source_of_truth_evidence,machine-readable evidence or manifest
runtime/a7ls5_company_result_aggregate/a7ls5_non_l7_by_semantic_pair.csv,runtime_artifacts,source_of_truth_evidence,machine-readable evidence or manifest
runtime/a7ls5_company_result_aggregate/a7ls5_non_l7_by_shard.csv,runtime_artifacts,source_of_truth_evidence,machine-readable evidence or manifest
runtime/a7ls5_company_result_aggregate/a7ls5_non_l7_numeric_clues.csv,runtime_artifacts,source_of_truth_evidence,machine-readable evidence or manifest
runtime/a7ls5_company_result_aggregate/a7ls5_non_l7_shortlist.csv,runtime_artifacts,source_of_truth_evidence,machine-readable evidence or manifest
runtime/a7ls5_company_result_aggregate/a7ls5_rank_label_diagnostic_clues.csv,runtime_artifacts,source_of_truth_evidence,machine-readable evidence or manifest
runtime/a7ls5_company_result_aggregate/a7ls5_response_by_blocker_family.csv,feature_response,archive_only,response profiling evidence
runtime/a7ls5_company_result_aggregate/a7ls5_response_by_pair_blocker.csv,feature_response,archive_only,response profiling evidence
runtime/a7ls5_company_result_aggregate/a7ls5_shard_manifest_summary.csv,runtime_artifacts,source_of_truth_evidence,machine-readable evidence or manifest
runtime/a7ls5_followup_queue_contract/a7ls5_company_numeric_queue.csv,runtime_artifacts,source_of_truth_evidence,machine-readable evidence or manifest
runtime/a7ls5_followup_queue_contract/a7ls5_company_shard_plan.csv,runtime_artifacts,source_of_truth_evidence,machine-readable evidence or manifest
runtime/a7ls5_followup_queue_contract/a7ls5_family_summary.csv,runtime_artifacts,source_of_truth_evidence,machine-readable evidence or manifest
runtime/a7ls5_followup_queue_contract/a7ls5_full_generated_followup_pool.csv,runtime_artifacts,source_of_truth_evidence,machine-readable evidence or manifest
runtime/a7ls5_followup_queue_contract/a7ls5_manifest.json,runtime_artifacts,source_of_truth_evidence,machine-readable evidence or manifest
runtime/a7ls5_followup_queue_contract/a7ls5_seed_clue_registry.csv,runtime_artifacts,source_of_truth_evidence,machine-readable evidence or manifest
runtime/a7ls5_followup_queue_contract/a7ls5_seed_summary.csv,runtime_artifacts,source_of_truth_evidence,machine-readable evidence or manifest
runtime/a7ls6_company_result_aggregate/a7ls6_aggregate_manifest.json,runtime_artifacts,source_of_truth_evidence,machine-readable evidence or manifest
runtime/a7ls6_company_result_aggregate/a7ls6_combined_materialization.csv,runtime_artifacts,source_of_truth_evidence,machine-readable evidence or manifest
runtime/a7ls6_company_result_aggregate/a7ls6_combined_responses.csv,feature_response,archive_only,response profiling evidence
runtime/a7ls6_company_result_aggregate/a7ls6_missing_shards.csv,runtime_artifacts,source_of_truth_evidence,machine-readable evidence or manifest
runtime/a7ls6_company_result_aggregate/a7ls6_non_l7_by_label.csv,runtime_artifacts,source_of_truth_evidence,machine-readable evidence or manifest
runtime/a7ls6_company_result_aggregate/a7ls6_non_l7_by_pair_label.csv,runtime_artifacts,source_of_truth_evidence,machine-readable evidence or manifest
runtime/a7ls6_company_result_aggregate/a7ls6_non_l7_by_semantic_pair.csv,runtime_artifacts,source_of_truth_evidence,machine-readable evidence or manifest
runtime/a7ls6_company_result_aggregate/a7ls6_non_l7_by_shard.csv,runtime_artifacts,source_of_truth_evidence,machine-readable evidence or manifest
runtime/a7ls6_company_result_aggregate/a7ls6_non_l7_numeric_clues.csv,runtime_artifacts,source_of_truth_evidence,machine-readable evidence or manifest
runtime/a7ls6_company_result_aggregate/a7ls6_non_l7_shortlist.csv,runtime_artifacts,source_of_truth_evidence,machine-readable evidence or manifest
runtime/a7ls6_company_result_aggregate/a7ls6_rank_label_diagnostic_clues.csv,runtime_artifacts,source_of_truth_evidence,machine-readable evidence or manifest
runtime/a7ls6_company_result_aggregate/a7ls6_response_by_blocker_family.csv,feature_response,archive_only,response profiling evidence
runtime/a7ls6_company_result_aggregate/a7ls6_response_by_pair_blocker.csv,feature_response,archive_only,response profiling evidence
runtime/a7ls6_company_result_aggregate/a7ls6_selected_portfolio_queue.csv,runtime_artifacts,source_of_truth_evidence,machine-readable evidence or manifest
runtime/a7ls6_company_result_aggregate/a7ls6_shard_manifest_summary.csv,runtime_artifacts,source_of_truth_evidence,machine-readable evidence or manifest
runtime/a7ls6_deep_followup_queue_contract/a7ls6_company_numeric_queue.csv,runtime_artifacts,source_of_truth_evidence,machine-readable evidence or manifest
runtime/a7ls6_deep_followup_queue_contract/a7ls6_company_shard_plan.csv,runtime_artifacts,source_of_truth_evidence,machine-readable evidence or manifest
runtime/a7ls6_deep_followup_queue_contract/a7ls6_family_summary.csv,runtime_artifacts,source_of_truth_evidence,machine-readable evidence or manifest
runtime/a7ls6_deep_followup_queue_contract/a7ls6_full_generated_deep_followup_pool.csv,runtime_artifacts,source_of_truth_evidence,machine-readable evidence or manifest
runtime/a7ls6_deep_followup_queue_contract/a7ls6_manifest.json,runtime_artifacts,source_of_truth_evidence,machine-readable evidence or manifest
runtime/a7ls6_deep_followup_queue_contract/a7ls6_seed_clue_registry.csv,runtime_artifacts,source_of_truth_evidence,machine-readable evidence or manifest
runtime/a7ls6_deep_followup_queue_contract/a7ls6_seed_summary.csv,runtime_artifacts,source_of_truth_evidence,machine-readable evidence or manifest
runtime/a7ls7_clue_mechanism_queue_contract/a7ls7_clue_mechanism_registry.csv,runtime_artifacts,source_of_truth_evidence,machine-readable evidence or manifest
runtime/a7ls7_clue_mechanism_queue_contract/a7ls7_label_horizon_summary.csv,runtime_artifacts,source_of_truth_evidence,machine-readable evidence or manifest
runtime/a7ls7_clue_mechanism_queue_contract/a7ls7_manifest.json,runtime_artifacts,source_of_truth_evidence,machine-readable evidence or manifest
runtime/a7ls7_clue_mechanism_queue_contract/a7ls7_mechanism_summary.csv,runtime_artifacts,source_of_truth_evidence,machine-readable evidence or manifest
runtime/a7ls7_clue_mechanism_queue_contract/a7ls7_next_company_numeric_queue.csv,runtime_artifacts,source_of_truth_evidence,machine-readable evidence or manifest
runtime/a7ls7_clue_mechanism_queue_contract/a7ls7_next_company_shard_plan.csv,runtime_artifacts,source_of_truth_evidence,machine-readable evidence or manifest
runtime/a7ls7_clue_mechanism_queue_contract/a7ls7_next_family_summary.csv,runtime_artifacts,source_of_truth_evidence,machine-readable evidence or manifest
runtime/a7ls7_clue_mechanism_queue_contract/a7ls7_pair_mechanism_summary.csv,runtime_artifacts,source_of_truth_evidence,machine-readable evidence or manifest
runtime/a7ls7_clue_mechanism_queue_contract/a7ls7_unique_expression_registry.csv,runtime_artifacts,source_of_truth_evidence,machine-readable evidence or manifest
runtime/a7ls8_company_result_aggregate/a7ls8_aggregate_manifest.json,runtime_artifacts,source_of_truth_evidence,machine-readable evidence or manifest
runtime/a7ls8_company_result_aggregate/a7ls8_combined_materialization.csv,runtime_artifacts,source_of_truth_evidence,machine-readable evidence or manifest
runtime/a7ls8_company_result_aggregate/a7ls8_combined_responses.csv,feature_response,archive_only,response profiling evidence
runtime/a7ls8_company_result_aggregate/a7ls8_missing_shards.csv,runtime_artifacts,source_of_truth_evidence,machine-readable evidence or manifest
runtime/a7ls8_company_result_aggregate/a7ls8_non_l7_by_label.csv,runtime_artifacts,source_of_truth_evidence,machine-readable evidence or manifest
runtime/a7ls8_company_result_aggregate/a7ls8_non_l7_by_next_wave_family.csv,runtime_artifacts,source_of_truth_evidence,machine-readable evidence or manifest
runtime/a7ls8_company_result_aggregate/a7ls8_non_l7_by_pair_label.csv,runtime_artifacts,source_of_truth_evidence,machine-readable evidence or manifest
runtime/a7ls8_company_result_aggregate/a7ls8_non_l7_by_semantic_pair.csv,runtime_artifacts,source_of_truth_evidence,machine-readable evidence or manifest
runtime/a7ls8_company_result_aggregate/a7ls8_non_l7_by_shard.csv,runtime_artifacts,source_of_truth_evidence,machine-readable evidence or manifest
runtime/a7ls8_company_result_aggregate/a7ls8_non_l7_numeric_clues.csv,runtime_artifacts,source_of_truth_evidence,machine-readable evidence or manifest
runtime/a7ls8_company_result_aggregate/a7ls8_non_l7_shortlist.csv,runtime_artifacts,source_of_truth_evidence,machine-readable evidence or manifest
runtime/a7ls8_company_result_aggregate/a7ls8_rank_label_diagnostic_clues.csv,runtime_artifacts,source_of_truth_evidence,machine-readable evidence or manifest
runtime/a7ls8_company_result_aggregate/a7ls8_response_by_blocker_family.csv,feature_response,archive_only,response profiling evidence
runtime/a7ls8_company_result_aggregate/a7ls8_response_by_family_blocker.csv,feature_response,archive_only,response profiling evidence
runtime/a7ls8_company_result_aggregate/a7ls8_response_by_pair_blocker.csv,feature_response,archive_only,response profiling evidence
runtime/a7ls8_company_result_aggregate/a7ls8_selected_portfolio_queue.csv,runtime_artifacts,source_of_truth_evidence,machine-readable evidence or manifest
runtime/a7ls8_company_result_aggregate/a7ls8_shard_manifest_summary.csv,runtime_artifacts,source_of_truth_evidence,machine-readable evidence or manifest
runtime/a7ls9_info_axis_queue_contract/a7ls9_info_axis_registry.csv,runtime_artifacts,source_of_truth_evidence,machine-readable evidence or manifest
runtime/a7ls9_info_axis_queue_contract/a7ls9_info_axis_summary.csv,runtime_artifacts,source_of_truth_evidence,machine-readable evidence or manifest
runtime/a7ls9_info_axis_queue_contract/a7ls9_label_horizon_evidence_summary.csv,runtime_artifacts,source_of_truth_evidence,machine-readable evidence or manifest
runtime/a7ls9_info_axis_queue_contract/a7ls9_manifest.json,runtime_artifacts,source_of_truth_evidence,machine-readable evidence or manifest
runtime/a7ls9_info_axis_queue_contract/a7ls9_next_company_numeric_queue.csv,runtime_artifacts,source_of_truth_evidence,machine-readable evidence or manifest
runtime/a7ls9_info_axis_queue_contract/a7ls9_next_family_summary.csv,runtime_artifacts,source_of_truth_evidence,machine-readable evidence or manifest
runtime/a7ls9_info_axis_queue_contract/a7ls9_next_shard_plan.csv,runtime_artifacts,source_of_truth_evidence,machine-readable evidence or manifest
runtime/a7ls9_info_axis_queue_contract/a7ls9_overlap_registry.csv,runtime_artifacts,source_of_truth_evidence,machine-readable evidence or manifest
runtime/a7ls_field_gate1_contract_backfill_20260609/a7ls_field_gate1_a7aif3_matrix_append.csv,field_contracts,archive_only,prior governance evidence; not all scripts are runtime core
runtime/a7ls_field_gate1_contract_backfill_20260609/a7ls_field_gate1_backfill_field_contract.csv,field_contracts,archive_only,prior governance evidence; not all scripts are runtime core
runtime/a7ls_field_gate1_contract_backfill_20260609/a7ls_field_gate1_manifest.json,field_contracts,archive_only,prior governance evidence; not all scripts are runtime core
runtime/a7ls_field_gate1_contract_backfill_20260609/a7ls_field_gate1_ontology_v3_patch.csv,field_contracts,archive_only,prior governance evidence; not all scripts are runtime core
runtime/a7ls_field_gate1_contract_backfill_20260609/a7ls_field_gate1_role_summary.csv,field_contracts,archive_only,prior governance evidence; not all scripts are runtime core
runtime/a7ls_field_gate1_contract_backfill_20260609/a7ls_field_gate1_route_summary.csv,field_contracts,archive_only,prior governance evidence; not all scripts are runtime core
runtime/a7ls_field_gate1_contract_backfill_20260609/a7ls_field_gate1_runner_extension_registry.json,field_contracts,archive_only,prior governance evidence; not all scripts are runtime core
runtime/a7ls_field_gate1_contract_backfill_20260609/a7ls_field_gate1_search_authorization.json,field_contracts,archive_only,prior governance evidence; not all scripts are runtime core
runtime/a7ls_field_gate_current_queue_20260609/a7ls_field_gate_blocked_fields.csv,field_contracts,archive_only,prior governance evidence; not all scripts are runtime core
runtime/a7ls_field_gate_current_queue_20260609/a7ls_field_gate_contract_drift_fields.csv,field_contracts,archive_only,prior governance evidence; not all scripts are runtime core
runtime/a7ls_field_gate_current_queue_20260609/a7ls_field_gate_drift_summary.csv,field_contracts,archive_only,prior governance evidence; not all scripts are runtime core
runtime/a7ls_field_gate_current_queue_20260609/a7ls_field_gate_field_route_map.csv,field_contracts,archive_only,prior governance evidence; not all scripts are runtime core
runtime/a7ls_field_gate_current_queue_20260609/a7ls_field_gate_formula_audit.csv,field_contracts,archive_only,prior governance evidence; not all scripts are runtime core
runtime/a7ls_field_gate_current_queue_20260609/a7ls_field_gate_formula_gate_summary.csv,field_contracts,archive_only,prior governance evidence; not all scripts are runtime core
runtime/a7ls_field_gate_current_queue_20260609/a7ls_field_gate_manifest.json,field_contracts,archive_only,prior governance evidence; not all scripts are runtime core
runtime/a7ls_field_gate_current_queue_20260609/a7ls_field_gate_route_summary.csv,field_contracts,archive_only,prior governance evidence; not all scripts are runtime core
runtime/a7mem0_search_memory_registry_20260628/a7mem0_archive_pointer_map.csv,search_memory,wrap_with_contract,memory registry scripts produce current prior
runtime/a7mem0_search_memory_registry_20260628/a7mem0_candidate_memory.csv,search_memory,wrap_with_contract,memory registry scripts produce current prior
runtime/a7mem0_search_memory_registry_20260628/a7mem0_formula_cluster_memory.csv,search_memory,wrap_with_contract,memory registry scripts produce current prior
runtime/a7mem0_search_memory_registry_20260628/a7mem0_manifest.json,search_memory,wrap_with_contract,memory registry scripts produce current prior
runtime/a7mem0_search_memory_registry_20260628/a7mem0_next_search_prior.json,search_memory,wrap_with_contract,memory registry scripts produce current prior
runtime/a7mem0_search_memory_registry_20260628/a7mem0_pair_motif_prior.csv,search_memory,wrap_with_contract,memory registry scripts produce current prior
runtime/a7mem0_search_memory_registry_20260628/a7mem0_rejection_memory.csv,search_memory,wrap_with_contract,memory registry scripts produce current prior
runtime/a7mem0_search_memory_registry_20260628/a7mem0_search_run_registry.csv,search_memory,wrap_with_contract,memory registry scripts produce current prior
runtime/a7mem0_search_memory_registry_20260628/a7mem0_source_record_memory.csv,search_memory,wrap_with_contract,memory registry scripts produce current prior
runtime/a7mem0_search_memory_registry_20260628/remote_inputs/a7search4_final_aggregate_manifest.json,search_generation,legacy_reference,historical search line
runtime/a7mem0_search_memory_registry_20260628/remote_inputs/a7search4_selected_rows.csv,search_generation,legacy_reference,historical search line
runtime/a7mem0_search_memory_registry_20260628/remote_inputs/a7search4_strict_pass_rows.csv,search_generation,legacy_reference,historical search line
runtime/a7mem0_search_memory_registry_20260628/remote_inputs/CRYPTO_A7SEARCH4_FINAL_AGGREGATE_20260628.md,search_generation,legacy_reference,historical search line
runtime/a7mem1_memory_enforcement_smoke_20260628/a7mem1_manifest.json,search_memory,wrap_with_contract,memory registry scripts produce current prior
runtime/a7mem1_memory_enforcement_smoke_20260628/a7mem1_smoke_accepted_rows.csv,search_memory,wrap_with_contract,memory registry scripts produce current prior
runtime/a7mem1_memory_enforcement_smoke_20260628/a7mem1_smoke_input_rows.csv,search_memory,wrap_with_contract,memory registry scripts produce current prior
runtime/a7mem1_memory_enforcement_smoke_20260628/a7mem1_smoke_trace.csv,search_memory,wrap_with_contract,memory registry scripts produce current prior
runtime/a7mem1_search_generator_memory_smoke_20260628/a7search1_cem_uct_ast_queue.csv,search_generation,legacy_reference,mixed CEM/UCT/AST generator; useful patterns but not current core
runtime/a7mem1_search_generator_memory_smoke_20260628/a7search1_manifest.json,search_generation,legacy_reference,mixed CEM/UCT/AST generator; useful patterns but not current core
runtime/a7mem1_search_generator_memory_smoke_20260628/a7search1_memory_enforcement_trace.csv,search_generation,legacy_reference,mixed CEM/UCT/AST generator; useful patterns but not current core
runtime/a7mem1_search_generator_memory_smoke_20260628/a7search1_motif_summary.csv,search_generation,legacy_reference,mixed CEM/UCT/AST generator; useful patterns but not current core
runtime/a7mem1_search_generator_memory_smoke_20260628/a7search1_pair_summary.csv,search_generation,legacy_reference,mixed CEM/UCT/AST generator; useful patterns but not current core
runtime/a7mem1_search_generator_memory_smoke_20260628/a7search1_policy_summary.csv,search_generation,legacy_reference,mixed CEM/UCT/AST generator; useful patterns but not current core
runtime/a7mem1_search_generator_memory_smoke_20260628/a7search1_proxy_shard_plan.csv,search_generation,legacy_reference,mixed CEM/UCT/AST generator; useful patterns but not current core
runtime/a7night_taskflow_20260531/a7night_approval_options.json,runtime_artifacts,source_of_truth_evidence,machine-readable evidence or manifest
runtime/a7night_taskflow_20260531/a7night_contracts.json,runtime_artifacts,source_of_truth_evidence,machine-readable evidence or manifest
runtime/a7night_taskflow_20260531/a7night_manifest.json,runtime_artifacts,source_of_truth_evidence,machine-readable evidence or manifest
runtime/a7night_taskflow_20260531/a7night_selfcheck.csv,runtime_artifacts,source_of_truth_evidence,machine-readable evidence or manifest
runtime/a7o_l1_cumulative_checkpoint_summary.csv,runtime_artifacts,source_of_truth_evidence,machine-readable evidence or manifest
runtime/a7pm0_source_of_truth_registry/a7pm0_artifact_registry.csv,runtime_artifacts,source_of_truth_evidence,machine-readable evidence or manifest
runtime/a7pm0_source_of_truth_registry/a7pm0_authorization_matrix.csv,runtime_artifacts,source_of_truth_evidence,machine-readable evidence or manifest
runtime/a7pm0_source_of_truth_registry/a7pm0_blocked_tasks.json,runtime_artifacts,source_of_truth_evidence,machine-readable evidence or manifest
runtime/a7pm0_source_of_truth_registry/a7pm0_current_valid_records.json,runtime_artifacts,source_of_truth_evidence,machine-readable evidence or manifest
runtime/a7pm0_source_of_truth_registry/a7pm0_manifest.json,runtime_artifacts,source_of_truth_evidence,machine-readable evidence or manifest
runtime/a7pm0_source_of_truth_registry/a7pm0_next_allowed_tasks.json,runtime_artifacts,source_of_truth_evidence,machine-readable evidence or manifest
runtime/a7pm0_source_of_truth_registry/a7pm0_stage_registry.csv,runtime_artifacts,source_of_truth_evidence,machine-readable evidence or manifest
runtime/a7pm0_source_of_truth_registry/a7pm0_supersession_map.csv,runtime_artifacts,source_of_truth_evidence,machine-readable evidence or manifest
runtime/a7pm1_asset_taxonomy/a7pm1_code_asset_inventory.csv,runtime_artifacts,source_of_truth_evidence,machine-readable evidence or manifest
runtime/a7pm1_asset_taxonomy/a7pm1_config_inventory.csv,runtime_artifacts,source_of_truth_evidence,machine-readable evidence or manifest
runtime/a7pm1_asset_taxonomy/a7pm1_data_asset_inventory.csv,runtime_artifacts,source_of_truth_evidence,machine-readable evidence or manifest
runtime/a7pm1_asset_taxonomy/a7pm1_manifest.json,runtime_artifacts,source_of_truth_evidence,machine-readable evidence or manifest
runtime/a7pm1_asset_taxonomy/a7pm1_module_target_layout.json,runtime_artifacts,source_of_truth_evidence,machine-readable evidence or manifest
runtime/a7pm1_asset_taxonomy/a7pm1_refactor_priority.csv,runtime_artifacts,source_of_truth_evidence,machine-readable evidence or manifest
runtime/a7pm1_asset_taxonomy/a7pm1_report_inventory.csv,runtime_artifacts,source_of_truth_evidence,machine-readable evidence or manifest
runtime/a7pm1_asset_taxonomy/a7pm1_runtime_artifact_inventory.csv,runtime_artifacts,source_of_truth_evidence,machine-readable evidence or manifest
runtime/a7pm2_candidate_lifecycle/a7pm2_allowed_transitions.csv,runtime_artifacts,source_of_truth_evidence,machine-readable evidence or manifest
runtime/a7pm2_candidate_lifecycle/a7pm2_candidate_state_machine.json,runtime_artifacts,source_of_truth_evidence,machine-readable evidence or manifest
runtime/a7pm2_candidate_lifecycle/a7pm2_forbidden_transitions.csv,runtime_artifacts,source_of_truth_evidence,machine-readable evidence or manifest
runtime/a7pm2_candidate_lifecycle/a7pm2_label_dictionary.csv,runtime_artifacts,source_of_truth_evidence,machine-readable evidence or manifest
runtime/a7pm2_candidate_lifecycle/a7pm2_manifest.json,runtime_artifacts,source_of_truth_evidence,machine-readable evidence or manifest
runtime/a7pm2_candidate_lifecycle/a7pm2_promotion_gate_matrix.csv,runtime_artifacts,source_of_truth_evidence,machine-readable evidence or manifest
runtime/a7pm3_experiment_board/a7pm3_active_workstreams.csv,runtime_artifacts,source_of_truth_evidence,machine-readable evidence or manifest
runtime/a7pm3_experiment_board/a7pm3_allowed_next_tasks.json,runtime_artifacts,source_of_truth_evidence,machine-readable evidence or manifest
runtime/a7pm3_experiment_board/a7pm3_blocked_tasks.json,runtime_artifacts,source_of_truth_evidence,machine-readable evidence or manifest
runtime/a7pm3_experiment_board/a7pm3_latest_source_of_truth.json,runtime_artifacts,source_of_truth_evidence,machine-readable evidence or manifest
runtime/a7pm3_experiment_board/a7pm3_manifest.json,runtime_artifacts,source_of_truth_evidence,machine-readable evidence or manifest
runtime/a7pool0_alpha_eligible_pool/a7pool0_family_distribution.csv,runtime_artifacts,source_of_truth_evidence,machine-readable evidence or manifest
runtime/a7pool0_alpha_eligible_pool/a7pool0_generated_pool.csv,runtime_artifacts,source_of_truth_evidence,machine-readable evidence or manifest
runtime/a7pool0_alpha_eligible_pool/a7pool0_manifest.json,runtime_artifacts,source_of_truth_evidence,machine-readable evidence or manifest
runtime/a7pool0_alpha_eligible_pool/a7pool0_reject_reason_summary.csv,runtime_artifacts,source_of_truth_evidence,machine-readable evidence or manifest
runtime/a7pool0_alpha_eligible_pool/a7pool0_role_trace.csv,runtime_artifacts,source_of_truth_evidence,machine-readable evidence or manifest
runtime/a7pool0_alpha_eligible_pool/a7pool0_signal_vector_proxy_distribution.csv,runtime_artifacts,source_of_truth_evidence,machine-readable evidence or manifest
runtime/a7pool0_alpha_eligible_pool/a7pool0_skeleton_distribution.csv,runtime_artifacts,source_of_truth_evidence,machine-readable evidence or manifest
runtime/a7q_reset_decision_manifest.json,runtime_artifacts,source_of_truth_evidence,machine-readable evidence or manifest
runtime/a7r_a7s_manifest.json,runtime_artifacts,source_of_truth_evidence,machine-readable evidence or manifest
runtime/a7raw0_company_numeric_launch_20260610/a7raw0_company_numeric_launch_manifest.json,runtime_artifacts,source_of_truth_evidence,machine-readable evidence or manifest
runtime/a7raw0_field_gate_20260610/a7ls_field_gate_blocked_fields.csv,field_contracts,archive_only,prior governance evidence; not all scripts are runtime core
runtime/a7raw0_field_gate_20260610/a7ls_field_gate_contract_drift_fields.csv,field_contracts,archive_only,prior governance evidence; not all scripts are runtime core
runtime/a7raw0_field_gate_20260610/a7ls_field_gate_drift_summary.csv,field_contracts,archive_only,prior governance evidence; not all scripts are runtime core
runtime/a7raw0_field_gate_20260610/a7ls_field_gate_field_route_map.csv,field_contracts,archive_only,prior governance evidence; not all scripts are runtime core
runtime/a7raw0_field_gate_20260610/a7ls_field_gate_formula_audit.csv,field_contracts,archive_only,prior governance evidence; not all scripts are runtime core
runtime/a7raw0_field_gate_20260610/a7ls_field_gate_formula_gate_summary.csv,field_contracts,archive_only,prior governance evidence; not all scripts are runtime core
runtime/a7raw0_field_gate_20260610/a7ls_field_gate_manifest.json,field_contracts,archive_only,prior governance evidence; not all scripts are runtime core
runtime/a7raw0_field_gate_20260610/a7ls_field_gate_route_summary.csv,field_contracts,archive_only,prior governance evidence; not all scripts are runtime core
runtime/a7raw0_light_governed_large_space_queue_20260610/a7raw0_field_usage_summary.csv,field_contracts,archive_only,prior governance evidence; not all scripts are runtime core
runtime/a7raw0_light_governed_large_space_queue_20260610/a7raw0_light_governed_manifest.json,runtime_artifacts,source_of_truth_evidence,machine-readable evidence or manifest
runtime/a7raw0_light_governed_large_space_queue_20260610/a7raw0_light_governed_queue.csv,runtime_artifacts,source_of_truth_evidence,machine-readable evidence or manifest
runtime/a7raw0_light_governed_large_space_queue_20260610/a7raw0_motif_summary.csv,runtime_artifacts,source_of_truth_evidence,machine-readable evidence or manifest
runtime/a7raw0_light_governed_large_space_queue_20260610/a7raw0_semantic_pair_summary.csv,runtime_artifacts,source_of_truth_evidence,machine-readable evidence or manifest
runtime/a7raw0_light_governed_large_space_queue_20260610/a7raw0_shard_plan.csv,runtime_artifacts,source_of_truth_evidence,machine-readable evidence or manifest
runtime/a7regime2_mechanism_regime_audit_20260612/a7regime2_hourly_mechanism_state_panel.csv,runtime_artifacts,source_of_truth_evidence,machine-readable evidence or manifest
runtime/a7regime2_mechanism_regime_audit_20260612/a7regime2_manifest.json,runtime_artifacts,source_of_truth_evidence,machine-readable evidence or manifest
runtime/a7regime2_mechanism_regime_audit_20260612/a7regime2_regime_priority_recommendations.csv,runtime_artifacts,source_of_truth_evidence,machine-readable evidence or manifest
runtime/a7regime2_mechanism_regime_audit_20260612/a7regime2_state_overlap_matrix.csv,runtime_artifacts,source_of_truth_evidence,machine-readable evidence or manifest
runtime/a7regime2_mechanism_regime_audit_20260612/a7regime2_state_sufficiency_and_enrichment.csv,runtime_artifacts,source_of_truth_evidence,machine-readable evidence or manifest
runtime/a7regime2_v3_patch_age_20260613/a7regime2_hourly_mechanism_state_panel.csv,runtime_artifacts,source_of_truth_evidence,machine-readable evidence or manifest
runtime/a7regime2_v3_patch_age_20260613/a7regime2_manifest.json,runtime_artifacts,source_of_truth_evidence,machine-readable evidence or manifest
runtime/a7regime2_v3_patch_age_20260613/a7regime2_regime_priority_recommendations.csv,runtime_artifacts,source_of_truth_evidence,machine-readable evidence or manifest
runtime/a7regime2_v3_patch_age_20260613/a7regime2_state_overlap_matrix.csv,runtime_artifacts,source_of_truth_evidence,machine-readable evidence or manifest
runtime/a7regime2_v3_patch_age_20260613/a7regime2_state_sufficiency_and_enrichment.csv,runtime_artifacts,source_of_truth_evidence,machine-readable evidence or manifest
runtime/a7regime3_candidate_regime_attribution_20260612/a7regime3_candidate_regime_decisions.csv,runtime_artifacts,source_of_truth_evidence,machine-readable evidence or manifest
runtime/a7regime3_candidate_regime_attribution_20260612/a7regime3_eval_errors.csv,runtime_artifacts,source_of_truth_evidence,machine-readable evidence or manifest
runtime/a7regime3_candidate_regime_attribution_20260612/a7regime3_leave_state_out_metrics.csv,runtime_artifacts,source_of_truth_evidence,machine-readable evidence or manifest
runtime/a7regime3_candidate_regime_attribution_20260612/a7regime3_manifest.json,runtime_artifacts,source_of_truth_evidence,machine-readable evidence or manifest
runtime/a7regime3_candidate_regime_attribution_20260612/a7regime3_regime_concentration_summary.csv,runtime_artifacts,source_of_truth_evidence,machine-readable evidence or manifest
runtime/a7regime3_candidate_regime_attribution_20260612/a7regime3_state_conditional_candidate_metrics.csv,runtime_artifacts,source_of_truth_evidence,machine-readable evidence or manifest
runtime/a7reward1_portfolio_reward_model_20260610/a7reward1_accepted_for_next_search.csv,runtime_artifacts,source_of_truth_evidence,machine-readable evidence or manifest
runtime/a7reward1_portfolio_reward_model_20260610/a7reward1_best_by_rankic.csv,runtime_artifacts,source_of_truth_evidence,machine-readable evidence or manifest
runtime/a7reward1_portfolio_reward_model_20260610/a7reward1_best_by_sharpe.csv,runtime_artifacts,source_of_truth_evidence,machine-readable evidence or manifest
runtime/a7reward1_portfolio_reward_model_20260610/a7reward1_best_by_sortino.csv,runtime_artifacts,source_of_truth_evidence,machine-readable evidence or manifest
runtime/a7reward1_portfolio_reward_model_20260610/a7reward1_best_overall.csv,runtime_artifacts,source_of_truth_evidence,machine-readable evidence or manifest
runtime/a7reward1_portfolio_reward_model_20260610/a7reward1_candidate_reward_leaderboard.csv,runtime_artifacts,source_of_truth_evidence,machine-readable evidence or manifest
runtime/a7reward1_portfolio_reward_model_20260610/a7reward1_checkpoint_candidate_reward_leaderboard.csv,runtime_artifacts,source_of_truth_evidence,machine-readable evidence or manifest
runtime/a7reward1_portfolio_reward_model_20260610/a7reward1_checkpoint_eval_errors.csv,runtime_artifacts,source_of_truth_evidence,machine-readable evidence or manifest
runtime/a7reward1_portfolio_reward_model_20260610/a7reward1_checkpoint_split_reward_metrics.csv,runtime_artifacts,source_of_truth_evidence,machine-readable evidence or manifest
runtime/a7reward1_portfolio_reward_model_20260610/a7reward1_checkpoint_status.json,runtime_artifacts,source_of_truth_evidence,machine-readable evidence or manifest
runtime/a7reward1_portfolio_reward_model_20260610/a7reward1_diagnostic_composite_leaderboard.csv,runtime_artifacts,source_of_truth_evidence,machine-readable evidence or manifest
runtime/a7reward1_portfolio_reward_model_20260610/a7reward1_eval_errors.csv,runtime_artifacts,source_of_truth_evidence,machine-readable evidence or manifest
runtime/a7reward1_portfolio_reward_model_20260610/a7reward1_manifest.json,runtime_artifacts,source_of_truth_evidence,machine-readable evidence or manifest
runtime/a7reward1_portfolio_reward_model_20260610/a7reward1_pareto_leaderboard.csv,runtime_artifacts,source_of_truth_evidence,machine-readable evidence or manifest
runtime/a7reward1_portfolio_reward_model_20260610/a7reward1_reward_contract.json,runtime_artifacts,source_of_truth_evidence,machine-readable evidence or manifest
runtime/a7reward1_portfolio_reward_model_20260610/a7reward1_split_reward_metrics.csv,runtime_artifacts,source_of_truth_evidence,machine-readable evidence or manifest
runtime/a7reward1_portfolio_reward_model_20260610/a7reward1_synthetic_smoke_leaderboard.csv,runtime_artifacts,source_of_truth_evidence,machine-readable evidence or manifest
runtime/a7reward1_portfolio_reward_model_20260610/a7reward1_validation_gate_rejections.csv,runtime_artifacts,source_of_truth_evidence,machine-readable evidence or manifest
runtime/a7reward1_smoke_strict_control_20260613/a7reward1_manifest.json,runtime_artifacts,source_of_truth_evidence,machine-readable evidence or manifest
runtime/a7reward1_smoke_strict_control_20260613/a7reward1_reward_contract.json,runtime_artifacts,source_of_truth_evidence,machine-readable evidence or manifest
runtime/a7reward1_smoke_strict_control_20260613/a7reward1_synthetic_smoke_leaderboard.csv,runtime_artifacts,source_of_truth_evidence,machine-readable evidence or manifest
runtime/a7reward1_synthetic_smoke_20260610/a7reward1_manifest.json,runtime_artifacts,source_of_truth_evidence,machine-readable evidence or manifest
runtime/a7reward1_synthetic_smoke_20260610/a7reward1_reward_contract.json,runtime_artifacts,source_of_truth_evidence,machine-readable evidence or manifest
runtime/a7reward1_synthetic_smoke_20260610/a7reward1_synthetic_smoke_leaderboard.csv,runtime_artifacts,source_of_truth_evidence,machine-readable evidence or manifest
runtime/a7reward1_v3_patch_age_smoke_cap4_20260613/a7reward1_accepted_for_next_search.csv,runtime_artifacts,source_of_truth_evidence,machine-readable evidence or manifest
runtime/a7reward1_v3_patch_age_smoke_cap4_20260613/a7reward1_best_by_rankic.csv,runtime_artifacts,source_of_truth_evidence,machine-readable evidence or manifest
runtime/a7reward1_v3_patch_age_smoke_cap4_20260613/a7reward1_best_by_sharpe.csv,runtime_artifacts,source_of_truth_evidence,machine-readable evidence or manifest
runtime/a7reward1_v3_patch_age_smoke_cap4_20260613/a7reward1_best_by_sortino.csv,runtime_artifacts,source_of_truth_evidence,machine-readable evidence or manifest
runtime/a7reward1_v3_patch_age_smoke_cap4_20260613/a7reward1_candidate_reward_leaderboard.csv,runtime_artifacts,source_of_truth_evidence,machine-readable evidence or manifest
runtime/a7reward1_v3_patch_age_smoke_cap4_20260613/a7reward1_checkpoint_candidate_reward_leaderboard.csv,runtime_artifacts,source_of_truth_evidence,machine-readable evidence or manifest
runtime/a7reward1_v3_patch_age_smoke_cap4_20260613/a7reward1_checkpoint_eval_errors.csv,runtime_artifacts,source_of_truth_evidence,machine-readable evidence or manifest
runtime/a7reward1_v3_patch_age_smoke_cap4_20260613/a7reward1_checkpoint_split_reward_metrics.csv,runtime_artifacts,source_of_truth_evidence,machine-readable evidence or manifest
runtime/a7reward1_v3_patch_age_smoke_cap4_20260613/a7reward1_checkpoint_status.json,runtime_artifacts,source_of_truth_evidence,machine-readable evidence or manifest
runtime/a7reward1_v3_patch_age_smoke_cap4_20260613/a7reward1_diagnostic_composite_leaderboard.csv,runtime_artifacts,source_of_truth_evidence,machine-readable evidence or manifest
runtime/a7reward1_v3_patch_age_smoke_cap4_20260613/a7reward1_eval_errors.csv,runtime_artifacts,source_of_truth_evidence,machine-readable evidence or manifest
runtime/a7reward1_v3_patch_age_smoke_cap4_20260613/a7reward1_manifest.json,runtime_artifacts,source_of_truth_evidence,machine-readable evidence or manifest
runtime/a7reward1_v3_patch_age_smoke_cap4_20260613/a7reward1_pareto_leaderboard.csv,runtime_artifacts,source_of_truth_evidence,machine-readable evidence or manifest
runtime/a7reward1_v3_patch_age_smoke_cap4_20260613/a7reward1_reward_contract.json,runtime_artifacts,source_of_truth_evidence,machine-readable evidence or manifest
runtime/a7reward1_v3_patch_age_smoke_cap4_20260613/a7reward1_split_reward_metrics.csv,runtime_artifacts,source_of_truth_evidence,machine-readable evidence or manifest
runtime/a7reward1_v3_patch_age_smoke_cap4_20260613/a7reward1_synthetic_smoke_leaderboard.csv,runtime_artifacts,source_of_truth_evidence,machine-readable evidence or manifest
runtime/a7reward1_v3_patch_age_smoke_cap4_20260613/a7reward1_validation_gate_rejections.csv,runtime_artifacts,source_of_truth_evidence,machine-readable evidence or manifest
runtime/a7reward2_acceptance_bias_audit_20260610/a7reward2_manifest.json,runtime_artifacts,source_of_truth_evidence,machine-readable evidence or manifest
runtime/a7reward2_acceptance_bias_audit_20260610/a7reward2_strict_candidate_reward_leaderboard.csv,runtime_artifacts,source_of_truth_evidence,machine-readable evidence or manifest
runtime/a7reward2_acceptance_bias_audit_20260610/a7reward2_strict_gate_pass_candidates.csv,runtime_artifacts,source_of_truth_evidence,machine-readable evidence or manifest
runtime/a7s0_data_horizon_contract/a7s0_authorization_matrix.json,runtime_artifacts,source_of_truth_evidence,machine-readable evidence or manifest
runtime/a7s0_data_horizon_contract/a7s0_candidate_data_sources.csv,runtime_artifacts,source_of_truth_evidence,machine-readable evidence or manifest
runtime/a7s0_data_horizon_contract/a7s0_cost_lag_contract.csv,runtime_artifacts,source_of_truth_evidence,machine-readable evidence or manifest
runtime/a7s0_data_horizon_contract/a7s0_feature_family_contract.csv,runtime_artifacts,source_of_truth_evidence,machine-readable evidence or manifest
runtime/a7s0_data_horizon_contract/a7s0_horizon_execution_contract.csv,runtime_artifacts,source_of_truth_evidence,machine-readable evidence or manifest
runtime/a7s0_data_horizon_contract/a7s0_manifest.json,runtime_artifacts,source_of_truth_evidence,machine-readable evidence or manifest
runtime/a7s0_data_horizon_contract/a7s0_panel_coverage.csv,runtime_artifacts,source_of_truth_evidence,machine-readable evidence or manifest
runtime/a7s0_data_horizon_contract/a7s0_pit_timestamp_contract.csv,runtime_artifacts,source_of_truth_evidence,machine-readable evidence or manifest
runtime/a7s1_data_source_availability/a7s1_authorization_matrix.json,runtime_artifacts,source_of_truth_evidence,machine-readable evidence or manifest
runtime/a7s1_data_source_availability/a7s1_candidate_source_contract.csv,runtime_artifacts,source_of_truth_evidence,machine-readable evidence or manifest
runtime/a7s1_data_source_availability/a7s1_existing_inventory.csv,runtime_artifacts,source_of_truth_evidence,machine-readable evidence or manifest
runtime/a7s1_data_source_availability/a7s1_manifest.json,runtime_artifacts,source_of_truth_evidence,machine-readable evidence or manifest
runtime/a7s1_data_source_availability/a7s1_microstructure_manifest_audit.csv,runtime_artifacts,source_of_truth_evidence,machine-readable evidence or manifest
runtime/a7s1_data_source_availability/a7s1_panel_feature_coverage.csv,runtime_artifacts,source_of_truth_evidence,machine-readable evidence or manifest
runtime/a7s1_data_source_availability/a7s1_pit_readiness_matrix.csv,runtime_artifacts,source_of_truth_evidence,machine-readable evidence or manifest
runtime/a7s1_data_source_availability/a7s1_positioning_manifest_audit.csv,runtime_artifacts,source_of_truth_evidence,machine-readable evidence or manifest
runtime/a7s1_metrics_acceptance_audit/a7s1_acceptance_authorization_matrix.json,runtime_artifacts,source_of_truth_evidence,machine-readable evidence or manifest
runtime/a7s1_metrics_acceptance_audit/a7s1_acceptance_availability_summary.csv,runtime_artifacts,source_of_truth_evidence,machine-readable evidence or manifest
runtime/a7s1_metrics_acceptance_audit/a7s1_acceptance_check_matrix.csv,runtime_artifacts,source_of_truth_evidence,machine-readable evidence or manifest
runtime/a7s1_metrics_acceptance_audit/a7s1_acceptance_coverage_by_symbol.csv,runtime_artifacts,source_of_truth_evidence,machine-readable evidence or manifest
runtime/a7s1_metrics_acceptance_audit/a7s1_acceptance_field_contract_flat.csv,field_contracts,archive_only,prior governance evidence; not all scripts are runtime core
runtime/a7s1_metrics_acceptance_audit/a7s1_acceptance_field_contract_summary.csv,field_contracts,archive_only,prior governance evidence; not all scripts are runtime core
runtime/a7s1_metrics_acceptance_audit/a7s1_acceptance_gold_panel_summary.csv,runtime_artifacts,source_of_truth_evidence,machine-readable evidence or manifest
runtime/a7s1_metrics_acceptance_audit/a7s1_acceptance_manifest.json,runtime_artifacts,source_of_truth_evidence,machine-readable evidence or manifest
runtime/a7s1_metrics_acceptance_audit/a7s1_acceptance_source_trace_summary.csv,runtime_artifacts,source_of_truth_evidence,machine-readable evidence or manifest
runtime/a7s2_field_semantics/a7s2_authorization_matrix.json,field_contracts,archive_only,prior governance evidence; not all scripts are runtime core
runtime/a7s2_field_semantics/a7s2_backfill_priority.csv,field_contracts,archive_only,prior governance evidence; not all scripts are runtime core
runtime/a7s2_field_semantics/a7s2_manifest.json,field_contracts,archive_only,prior governance evidence; not all scripts are runtime core
runtime/a7s2_field_semantics/a7s2_pit_semantics_contract.csv,field_contracts,archive_only,prior governance evidence; not all scripts are runtime core
runtime/a7s2_field_semantics/a7s2_source_feasibility_matrix.csv,field_contracts,archive_only,prior governance evidence; not all scripts are runtime core
runtime/a7s2m_metrics_registry_diagnostic/a7s2m_authorization_matrix.json,runtime_artifacts,source_of_truth_evidence,machine-readable evidence or manifest
runtime/a7s2m_metrics_registry_diagnostic/a7s2m_candidate_labels.csv,runtime_artifacts,source_of_truth_evidence,machine-readable evidence or manifest
runtime/a7s2m_metrics_registry_diagnostic/a7s2m_controls.csv,runtime_artifacts,source_of_truth_evidence,machine-readable evidence or manifest
runtime/a7s2m_metrics_registry_diagnostic/a7s2m_deep_audit_pool.csv,runtime_artifacts,source_of_truth_evidence,machine-readable evidence or manifest
runtime/a7s2m_metrics_registry_diagnostic/a7s2m_eval_failures.csv,runtime_artifacts,source_of_truth_evidence,machine-readable evidence or manifest
runtime/a7s2m_metrics_registry_diagnostic/a7s2m_feature_registry.csv,runtime_artifacts,source_of_truth_evidence,machine-readable evidence or manifest
runtime/a7s2m_metrics_registry_diagnostic/a7s2m_generated_candidates.csv,runtime_artifacts,source_of_truth_evidence,machine-readable evidence or manifest
runtime/a7s2m_metrics_registry_diagnostic/a7s2m_manifest.json,runtime_artifacts,source_of_truth_evidence,machine-readable evidence or manifest
runtime/a7s2m_metrics_registry_diagnostic/a7s2m_panel_coverage.csv,runtime_artifacts,source_of_truth_evidence,machine-readable evidence or manifest
runtime/a7s2m_metrics_registry_diagnostic/a7s2m_selected_candidates.csv,runtime_artifacts,source_of_truth_evidence,machine-readable evidence or manifest
runtime/a7s2m_metrics_registry_diagnostic/a7s2m_split_metrics.csv,runtime_artifacts,source_of_truth_evidence,machine-readable evidence or manifest
runtime/a7s2m_metrics_registry_diagnostic/a7s2m_wide_metrics.csv,runtime_artifacts,source_of_truth_evidence,machine-readable evidence or manifest
runtime/a7s3_metrics_clue_forensic/a7s3_authorization_matrix.json,runtime_artifacts,source_of_truth_evidence,machine-readable evidence or manifest
runtime/a7s3_metrics_clue_forensic/a7s3_baseline_comparison.csv,runtime_artifacts,source_of_truth_evidence,machine-readable evidence or manifest
runtime/a7s3_metrics_clue_forensic/a7s3_clue_registry.csv,runtime_artifacts,source_of_truth_evidence,machine-readable evidence or manifest
runtime/a7s3_metrics_clue_forensic/a7s3_clue_split_metrics.csv,runtime_artifacts,source_of_truth_evidence,machine-readable evidence or manifest
runtime/a7s3_metrics_clue_forensic/a7s3_concentration_summary.csv,runtime_artifacts,source_of_truth_evidence,machine-readable evidence or manifest
runtime/a7s3_metrics_clue_forensic/a7s3_control_detail.csv,runtime_artifacts,source_of_truth_evidence,machine-readable evidence or manifest
runtime/a7s3_metrics_clue_forensic/a7s3_manifest.json,runtime_artifacts,source_of_truth_evidence,machine-readable evidence or manifest
runtime/a7s3_metrics_clue_forensic/a7s3_month_contribution.csv,runtime_artifacts,source_of_truth_evidence,machine-readable evidence or manifest
runtime/a7s3_metrics_clue_forensic/a7s3_symbol_contribution.csv,runtime_artifacts,source_of_truth_evidence,machine-readable evidence or manifest
runtime/a7s3_metrics_clue_forensic/a7s3_top_hours.csv,runtime_artifacts,source_of_truth_evidence,machine-readable evidence or manifest
runtime/a7s3_sample_acceptance/a7s3_acceptance_matrix.csv,runtime_artifacts,source_of_truth_evidence,machine-readable evidence or manifest
runtime/a7s3_sample_acceptance/a7s3_aggtrades_sample_audit.csv,runtime_artifacts,source_of_truth_evidence,machine-readable evidence or manifest
runtime/a7s3_sample_acceptance/a7s3_authorization_matrix.json,runtime_artifacts,source_of_truth_evidence,machine-readable evidence or manifest
runtime/a7s3_sample_acceptance/a7s3_manifest.json,runtime_artifacts,source_of_truth_evidence,machine-readable evidence or manifest
runtime/a7s3_sample_acceptance/a7s3_orderbook_snapshot_audit.csv,runtime_artifacts,source_of_truth_evidence,machine-readable evidence or manifest
runtime/a7s3_sample_acceptance/a7s3_panel_refresh_audit.csv,runtime_artifacts,source_of_truth_evidence,machine-readable evidence or manifest
runtime/a7s3_sample_acceptance/a7s3_positioning_forward_schema_audit.csv,runtime_artifacts,source_of_truth_evidence,machine-readable evidence or manifest
runtime/a7s4_crowding_robustness_audit/a7s4_authorization_matrix.json,runtime_artifacts,source_of_truth_evidence,machine-readable evidence or manifest
runtime/a7s4_crowding_robustness_audit/a7s4_manifest.json,runtime_artifacts,source_of_truth_evidence,machine-readable evidence or manifest
runtime/a7s4_crowding_robustness_audit/a7s4_month_loo.csv,runtime_artifacts,source_of_truth_evidence,machine-readable evidence or manifest
runtime/a7s4_crowding_robustness_audit/a7s4_robustness_summary.csv,runtime_artifacts,source_of_truth_evidence,machine-readable evidence or manifest
runtime/a7s4_crowding_robustness_audit/a7s4_symbol_loo.csv,runtime_artifacts,source_of_truth_evidence,machine-readable evidence or manifest
runtime/a7search5_validation_pack_manifest_20260630.json,search_generation,legacy_reference,historical search line
runtime/a7search6_prepare_manifest_20260630.json,search_generation,wrap_with_contract,current running search; mechanism-seeded queue generator
runtime/a7sel0_selector_counterfactual/a7sel0_control_dominance_audit.csv,runtime_artifacts,source_of_truth_evidence,machine-readable evidence or manifest
runtime/a7sel0_selector_counterfactual/a7sel0_label_family_distribution.csv,runtime_artifacts,source_of_truth_evidence,machine-readable evidence or manifest
runtime/a7sel0_selector_counterfactual/a7sel0_manifest.json,runtime_artifacts,source_of_truth_evidence,machine-readable evidence or manifest
runtime/a7sel0_selector_counterfactual/a7sel0_selected_queue.csv,runtime_artifacts,source_of_truth_evidence,machine-readable evidence or manifest
runtime/a7sel0_selector_counterfactual/a7sel0_selector_trace.csv,runtime_artifacts,source_of_truth_evidence,machine-readable evidence or manifest
runtime/a7sel0_selector_counterfactual/a7sel0_signal_vector_diversity.csv,runtime_artifacts,source_of_truth_evidence,machine-readable evidence or manifest
runtime/a7sel0_selector_counterfactual/a7sel0_stress_veto_summary.csv,runtime_artifacts,source_of_truth_evidence,machine-readable evidence or manifest
runtime/a7sel1_role_strict_selector_counterfactual/a7sel1_control_dominance_audit.csv,runtime_artifacts,source_of_truth_evidence,machine-readable evidence or manifest
runtime/a7sel1_role_strict_selector_counterfactual/a7sel1_label_family_distribution.csv,runtime_artifacts,source_of_truth_evidence,machine-readable evidence or manifest
runtime/a7sel1_role_strict_selector_counterfactual/a7sel1_manifest.json,runtime_artifacts,source_of_truth_evidence,machine-readable evidence or manifest
runtime/a7sel1_role_strict_selector_counterfactual/a7sel1_role_audit.csv,runtime_artifacts,source_of_truth_evidence,machine-readable evidence or manifest
runtime/a7sel1_role_strict_selector_counterfactual/a7sel1_selected_queue.csv,runtime_artifacts,source_of_truth_evidence,machine-readable evidence or manifest
runtime/a7sel1_role_strict_selector_counterfactual/a7sel1_selector_trace.csv,runtime_artifacts,source_of_truth_evidence,machine-readable evidence or manifest
runtime/a7sel1_role_strict_selector_counterfactual/a7sel1_signal_vector_diversity.csv,runtime_artifacts,source_of_truth_evidence,machine-readable evidence or manifest
runtime/a7sel1_role_strict_selector_counterfactual/a7sel1_stress_summary.csv,runtime_artifacts,source_of_truth_evidence,machine-readable evidence or manifest
runtime/a7ssm_search_space_memory_map/a7ssm_field_family_route_map.csv,field_contracts,archive_only,prior governance evidence; not all scripts are runtime core
runtime/a7ssm_search_space_memory_map/a7ssm_interaction_permission_matrix.csv,runtime_artifacts,source_of_truth_evidence,machine-readable evidence or manifest
runtime/a7ssm_search_space_memory_map/a7ssm_label_permission_matrix.csv,runtime_artifacts,source_of_truth_evidence,machine-readable evidence or manifest
runtime/a7ssm_search_space_memory_map/a7ssm_manifest.json,runtime_artifacts,source_of_truth_evidence,machine-readable evidence or manifest
runtime/a7ssm_search_space_memory_map/a7ssm_search_authorization_matrix.json,runtime_artifacts,source_of_truth_evidence,machine-readable evidence or manifest
runtime/a7ssm_search_space_memory_map/a7ssm_selector_eligibility_map.csv,runtime_artifacts,source_of_truth_evidence,machine-readable evidence or manifest
runtime/a7t0_forward_locked_observation_contract/a7t0_append_only_rules.csv,runtime_artifacts,source_of_truth_evidence,machine-readable evidence or manifest
runtime/a7t0_forward_locked_observation_contract/a7t0_authorization_matrix.json,runtime_artifacts,source_of_truth_evidence,machine-readable evidence or manifest
runtime/a7t0_forward_locked_observation_contract/a7t0_forward_field_registry.csv,field_contracts,archive_only,prior governance evidence; not all scripts are runtime core
runtime/a7t0_forward_locked_observation_contract/a7t0_manifest.json,runtime_artifacts,source_of_truth_evidence,machine-readable evidence or manifest
runtime/a7t0_forward_locked_observation_contract/a7t0_observation_object_registry.csv,runtime_artifacts,source_of_truth_evidence,machine-readable evidence or manifest
runtime/a7t0_forward_locked_observation_contract/a7t0_output_contract.csv,runtime_artifacts,source_of_truth_evidence,machine-readable evidence or manifest
runtime/a7t0_forward_telemetry_contract/a7t0_append_only_policy.csv,runtime_artifacts,source_of_truth_evidence,machine-readable evidence or manifest
runtime/a7t0_forward_telemetry_contract/a7t0_authorization_matrix.json,runtime_artifacts,source_of_truth_evidence,machine-readable evidence or manifest
runtime/a7t0_forward_telemetry_contract/a7t0_collector_schedule.csv,runtime_artifacts,source_of_truth_evidence,machine-readable evidence or manifest
runtime/a7t0_forward_telemetry_contract/a7t0_evidence_boundary.csv,runtime_artifacts,source_of_truth_evidence,machine-readable evidence or manifest
runtime/a7t0_forward_telemetry_contract/a7t0_forward_source_inventory.csv,runtime_artifacts,source_of_truth_evidence,machine-readable evidence or manifest
runtime/a7t0_forward_telemetry_contract/a7t0_manifest.json,runtime_artifacts,source_of_truth_evidence,machine-readable evidence or manifest
runtime/a7t0_forward_telemetry_contract/a7t0_telemetry_schema_contract.csv,runtime_artifacts,source_of_truth_evidence,machine-readable evidence or manifest
runtime/a7t1_forward_health_report/a7t1_authorization_matrix.json,runtime_artifacts,source_of_truth_evidence,machine-readable evidence or manifest
runtime/a7t1_forward_health_report/a7t1_forward_source_health.csv,runtime_artifacts,source_of_truth_evidence,machine-readable evidence or manifest
runtime/a7t1_forward_health_report/a7t1_manifest.json,runtime_artifacts,source_of_truth_evidence,machine-readable evidence or manifest
runtime/a7t1_forward_health_report/a7t1_positioning_error_detail.csv,runtime_artifacts,source_of_truth_evidence,machine-readable evidence or manifest
runtime/a7u0r_source_trace_audit/a7u0r_authorization_matrix.json,runtime_artifacts,source_of_truth_evidence,machine-readable evidence or manifest
runtime/a7u0r_source_trace_audit/a7u0r_manifest.json,runtime_artifacts,source_of_truth_evidence,machine-readable evidence or manifest
runtime/a7u0r_source_trace_audit/a7u0r_panel_lineage_summary.csv,runtime_artifacts,source_of_truth_evidence,machine-readable evidence or manifest
runtime/a7u0r_source_trace_audit/a7u0r_source_trace_hold_rows.csv,runtime_artifacts,source_of_truth_evidence,machine-readable evidence or manifest
runtime/a7u0r_source_trace_audit/a7u0r_symbol_month_source_trace.csv,runtime_artifacts,source_of_truth_evidence,machine-readable evidence or manifest
runtime/a7u0r_source_trace_audit/a7u0r_trace_by_symbol.csv,runtime_artifacts,source_of_truth_evidence,machine-readable evidence or manifest
runtime/a7u0r_source_trace_audit/a7u0r_trace_status_summary.csv,runtime_artifacts,source_of_truth_evidence,machine-readable evidence or manifest
runtime/a7u_enhanced_v1_acceptance/a7u_authorization_matrix.json,runtime_artifacts,source_of_truth_evidence,machine-readable evidence or manifest
runtime/a7u_enhanced_v1_acceptance/a7u_duplicate_symbol_timestamp_keys.csv,runtime_artifacts,source_of_truth_evidence,machine-readable evidence or manifest
runtime/a7u_enhanced_v1_acceptance/a7u_feature_contract.csv,runtime_artifacts,source_of_truth_evidence,machine-readable evidence or manifest
runtime/a7u_enhanced_v1_acceptance/a7u_file_acceptance_audit.csv,runtime_artifacts,source_of_truth_evidence,machine-readable evidence or manifest
runtime/a7u_enhanced_v1_acceptance/a7u_join_timing_contract.csv,runtime_artifacts,source_of_truth_evidence,machine-readable evidence or manifest
runtime/a7u_enhanced_v1_acceptance/a7u_manifest.json,runtime_artifacts,source_of_truth_evidence,machine-readable evidence or manifest
runtime/a7u_enhanced_v1_acceptance/a7u_manifest_traceability_audit.csv,runtime_artifacts,source_of_truth_evidence,machine-readable evidence or manifest
runtime/a7v3s0_local_materialization_smoke_20260613/shards/a7v3s0_smoke_s000/a7ls17_family_activity_summary.csv,runtime_artifacts,source_of_truth_evidence,machine-readable evidence or manifest
runtime/a7v3s0_local_materialization_smoke_20260613/shards/a7v3s0_smoke_s000/a7ls17_field_status.csv,field_contracts,archive_only,prior governance evidence; not all scripts are runtime core
runtime/a7v3s0_local_materialization_smoke_20260613/shards/a7v3s0_smoke_s000/a7ls17_manifest.json,runtime_artifacts,source_of_truth_evidence,machine-readable evidence or manifest
runtime/a7v3s0_local_materialization_smoke_20260613/shards/a7v3s0_smoke_s000/a7ls17_materialization_metrics.csv,runtime_artifacts,source_of_truth_evidence,machine-readable evidence or manifest
runtime/a7v3s0_local_materialization_smoke_20260613/shards/a7v3s0_smoke_s000/a7ls17_queue_slice.csv,runtime_artifacts,source_of_truth_evidence,machine-readable evidence or manifest
runtime/a7v3s0_next_large_search_contract_20260613/a7v3s0_field_pool.csv,field_contracts,archive_only,prior governance evidence; not all scripts are runtime core
runtime/a7v3s0_next_large_search_contract_20260613/a7v3s0_field_usage_summary.csv,field_contracts,archive_only,prior governance evidence; not all scripts are runtime core
runtime/a7v3s0_next_large_search_contract_20260613/a7v3s0_lane_summary.csv,runtime_artifacts,source_of_truth_evidence,machine-readable evidence or manifest
runtime/a7v3s0_next_large_search_contract_20260613/a7v3s0_large_search_queue.csv,runtime_artifacts,source_of_truth_evidence,machine-readable evidence or manifest
runtime/a7v3s0_next_large_search_contract_20260613/a7v3s0_manifest.json,runtime_artifacts,source_of_truth_evidence,machine-readable evidence or manifest
runtime/a7v3s0_next_large_search_contract_20260613/a7v3s0_motif_summary.csv,runtime_artifacts,source_of_truth_evidence,machine-readable evidence or manifest
runtime/a7v3s0_next_large_search_contract_20260613/a7v3s0_semantic_pair_summary.csv,runtime_artifacts,source_of_truth_evidence,machine-readable evidence or manifest
runtime/a7v3s0_next_large_search_contract_20260613/a7v3s0_shard_plan.csv,runtime_artifacts,source_of_truth_evidence,machine-readable evidence or manifest
runtime/a7v3s0_next_large_search_contract_20260613/run_a7v3s0_company_materialization.ps1,runtime_artifacts,source_of_truth_evidence,machine-readable evidence or manifest
runtime/a7v3s0_reward_sharded_720h_r2_aggregate_20260613/a7v3s0_reward_accepted_enriched.csv,runtime_artifacts,source_of_truth_evidence,machine-readable evidence or manifest
runtime/a7v3s0_reward_sharded_720h_r2_aggregate_20260613/a7v3s0_reward_accepted_horizon_summary.csv,runtime_artifacts,source_of_truth_evidence,machine-readable evidence or manifest
runtime/a7v3s0_reward_sharded_720h_r2_aggregate_20260613/a7v3s0_reward_accepted_motif_summary.csv,runtime_artifacts,source_of_truth_evidence,machine-readable evidence or manifest
runtime/a7v3s0_reward_sharded_720h_r2_aggregate_20260613/a7v3s0_reward_accepted_pair_motif_summary.csv,runtime_artifacts,source_of_truth_evidence,machine-readable evidence or manifest
runtime/a7v3s0_reward_sharded_720h_r2_aggregate_20260613/a7v3s0_reward_accepted_pair_summary.csv,runtime_artifacts,source_of_truth_evidence,machine-readable evidence or manifest
runtime/a7v3s0_reward_sharded_720h_r2_aggregate_20260613/a7v3s0_reward_candidate_leaderboard_all.csv,runtime_artifacts,source_of_truth_evidence,machine-readable evidence or manifest
runtime/a7v3s0_reward_sharded_720h_r2_aggregate_20260613/a7v3s0_reward_decision_summary.csv,runtime_artifacts,source_of_truth_evidence,machine-readable evidence or manifest
runtime/a7v3s0_reward_sharded_720h_r2_aggregate_20260613/a7v3s0_reward_eval_errors_all.csv,runtime_artifacts,source_of_truth_evidence,machine-readable evidence or manifest
runtime/a7v3s0_reward_sharded_720h_r2_aggregate_20260613/a7v3s0_reward_launcher_status_audit.csv,runtime_artifacts,source_of_truth_evidence,machine-readable evidence or manifest
runtime/a7v3s0_reward_sharded_720h_r2_aggregate_20260613/a7v3s0_reward_manifest_summary.csv,runtime_artifacts,source_of_truth_evidence,machine-readable evidence or manifest
runtime/a7v3s0_reward_sharded_720h_r2_aggregate_20260613/a7v3s0_reward_rejection_reason_summary.csv,runtime_artifacts,source_of_truth_evidence,machine-readable evidence or manifest
runtime/a7v3s0_reward_sharded_720h_r2_aggregate_20260613/a7v3s0_reward_rejections_enriched.csv,runtime_artifacts,source_of_truth_evidence,machine-readable evidence or manifest
runtime/a7v3s0_reward_sharded_720h_r2_aggregate_20260613/a7v3s0_reward_sharded_aggregate_manifest.json,aggregation_reporting,wrap_with_contract,aggregate scripts are source-of-truth producers
runtime/a7v3s0_reward_sharded_720h_r2_aggregate_20260613/a7v3s0_reward_split_metrics_all.csv,runtime_artifacts,source_of_truth_evidence,machine-readable evidence or manifest
runtime/a7v3s0_reward_sharded_720h_r2_aggregate_20260613/a7v3s0_reward_unique_blueprint_best.csv,runtime_artifacts,source_of_truth_evidence,machine-readable evidence or manifest
runtime/a7v3s10_accepted_candidate_validation_20260614/a7v3s10_baseline_ablation_queue.csv,runtime_artifacts,source_of_truth_evidence,machine-readable evidence or manifest
runtime/a7v3s10_accepted_candidate_validation_20260614/a7v3s10_manifest.json,runtime_artifacts,source_of_truth_evidence,machine-readable evidence or manifest
runtime/a7v3s10_accepted_candidate_validation_20260614/baseline_reward_runtime/a7reward1_accepted_for_next_search.csv,runtime_artifacts,source_of_truth_evidence,machine-readable evidence or manifest
runtime/a7v3s10_accepted_candidate_validation_20260614/baseline_reward_runtime/a7reward1_best_by_rankic.csv,runtime_artifacts,source_of_truth_evidence,machine-readable evidence or manifest
runtime/a7v3s10_accepted_candidate_validation_20260614/baseline_reward_runtime/a7reward1_best_by_sharpe.csv,runtime_artifacts,source_of_truth_evidence,machine-readable evidence or manifest
runtime/a7v3s10_accepted_candidate_validation_20260614/baseline_reward_runtime/a7reward1_best_by_sortino.csv,runtime_artifacts,source_of_truth_evidence,machine-readable evidence or manifest
runtime/a7v3s10_accepted_candidate_validation_20260614/baseline_reward_runtime/a7reward1_candidate_reward_leaderboard.csv,runtime_artifacts,source_of_truth_evidence,machine-readable evidence or manifest
runtime/a7v3s10_accepted_candidate_validation_20260614/baseline_reward_runtime/a7reward1_checkpoint_candidate_reward_leaderboard.csv,runtime_artifacts,source_of_truth_evidence,machine-readable evidence or manifest
runtime/a7v3s10_accepted_candidate_validation_20260614/baseline_reward_runtime/a7reward1_checkpoint_eval_errors.csv,runtime_artifacts,source_of_truth_evidence,machine-readable evidence or manifest
runtime/a7v3s10_accepted_candidate_validation_20260614/baseline_reward_runtime/a7reward1_checkpoint_split_reward_metrics.csv,runtime_artifacts,source_of_truth_evidence,machine-readable evidence or manifest
runtime/a7v3s10_accepted_candidate_validation_20260614/baseline_reward_runtime/a7reward1_checkpoint_status.json,runtime_artifacts,source_of_truth_evidence,machine-readable evidence or manifest
runtime/a7v3s10_accepted_candidate_validation_20260614/baseline_reward_runtime/a7reward1_diagnostic_composite_leaderboard.csv,runtime_artifacts,source_of_truth_evidence,machine-readable evidence or manifest
runtime/a7v3s10_accepted_candidate_validation_20260614/baseline_reward_runtime/a7reward1_eval_errors.csv,runtime_artifacts,source_of_truth_evidence,machine-readable evidence or manifest
runtime/a7v3s10_accepted_candidate_validation_20260614/baseline_reward_runtime/a7reward1_manifest.json,runtime_artifacts,source_of_truth_evidence,machine-readable evidence or manifest
runtime/a7v3s10_accepted_candidate_validation_20260614/baseline_reward_runtime/a7reward1_pareto_leaderboard.csv,runtime_artifacts,source_of_truth_evidence,machine-readable evidence or manifest
runtime/a7v3s10_accepted_candidate_validation_20260614/baseline_reward_runtime/a7reward1_reward_contract.json,runtime_artifacts,source_of_truth_evidence,machine-readable evidence or manifest
runtime/a7v3s10_accepted_candidate_validation_20260614/baseline_reward_runtime/a7reward1_split_reward_metrics.csv,runtime_artifacts,source_of_truth_evidence,machine-readable evidence or manifest
runtime/a7v3s10_accepted_candidate_validation_20260614/baseline_reward_runtime/a7reward1_synthetic_smoke_leaderboard.csv,runtime_artifacts,source_of_truth_evidence,machine-readable evidence or manifest
runtime/a7v3s10_accepted_candidate_validation_20260614/baseline_reward_runtime/a7reward1_validation_gate_rejections.csv,runtime_artifacts,source_of_truth_evidence,machine-readable evidence or manifest
runtime/a7v3s10_accepted_candidate_validation_20260614/CRYPTO_A7V3S10_BASELINE_ABLATION_REWARD.md,runtime_artifacts,source_of_truth_evidence,machine-readable evidence or manifest
runtime/a7v3s1_accepted_candidate_validation_20260613/a7v3s1_candidate_review.csv,runtime_artifacts,source_of_truth_evidence,machine-readable evidence or manifest
runtime/a7v3s1_accepted_candidate_validation_20260613/a7v3s1_duplicate_cluster_audit.csv,runtime_artifacts,source_of_truth_evidence,machine-readable evidence or manifest
runtime/a7v3s1_accepted_candidate_validation_20260613/a7v3s1_family_concentration.csv,runtime_artifacts,source_of_truth_evidence,machine-readable evidence or manifest
runtime/a7v3s1_accepted_candidate_validation_20260613/a7v3s1_manifest.json,runtime_artifacts,source_of_truth_evidence,machine-readable evidence or manifest
runtime/a7v3s1_accepted_candidate_validation_20260613/a7v3s1_next_deep_validation_queue.csv,runtime_artifacts,source_of_truth_evidence,machine-readable evidence or manifest
runtime/a7v3s1_accepted_candidate_validation_20260613/a7v3s1_review_flag_summary.csv,runtime_artifacts,source_of_truth_evidence,machine-readable evidence or manifest
runtime/a7v3s1_accepted_candidate_validation_20260613/a7v3s1_split_window_matrix.csv,runtime_artifacts,source_of_truth_evidence,machine-readable evidence or manifest
runtime/a7v3s1_accepted_candidate_validation_20260613/a7v3s1_split_window_summary.csv,runtime_artifacts,source_of_truth_evidence,machine-readable evidence or manifest
runtime/a7v3s2_control_variant_audit_20260613/a7v3s2_advance_deep_replay_queue.csv,runtime_artifacts,source_of_truth_evidence,machine-readable evidence or manifest
runtime/a7v3s2_control_variant_audit_20260613/a7v3s2_control_decision_summary.csv,runtime_artifacts,source_of_truth_evidence,machine-readable evidence or manifest
runtime/a7v3s2_control_variant_audit_20260613/a7v3s2_control_flag_summary.csv,runtime_artifacts,source_of_truth_evidence,machine-readable evidence or manifest
runtime/a7v3s2_control_variant_audit_20260613/a7v3s2_control_pair_summary.csv,runtime_artifacts,source_of_truth_evidence,machine-readable evidence or manifest
runtime/a7v3s2_control_variant_audit_20260613/a7v3s2_control_variant_audit.csv,runtime_artifacts,source_of_truth_evidence,machine-readable evidence or manifest
runtime/a7v3s2_control_variant_audit_20260613/a7v3s2_manifest.json,runtime_artifacts,source_of_truth_evidence,machine-readable evidence or manifest
runtime/a7v3s3_strict_reward_early_stop_20260613/a7v3s3_early_stop_all_rejections.csv,runtime_artifacts,source_of_truth_evidence,machine-readable evidence or manifest
runtime/a7v3s3_strict_reward_early_stop_20260613/a7v3s3_early_stop_completed_manifest_summary.csv,runtime_artifacts,source_of_truth_evidence,machine-readable evidence or manifest
runtime/a7v3s3_strict_reward_early_stop_20260613/a7v3s3_early_stop_launcher_status_snapshot.csv,runtime_artifacts,source_of_truth_evidence,machine-readable evidence or manifest
runtime/a7v3s3_strict_reward_early_stop_20260613/a7v3s3_early_stop_manifest.json,runtime_artifacts,source_of_truth_evidence,machine-readable evidence or manifest
runtime/a7v3s3_strict_reward_early_stop_20260613/a7v3s3_early_stop_rejection_reason_summary.csv,runtime_artifacts,source_of_truth_evidence,machine-readable evidence or manifest
runtime/a7v3s3_strict_reward_early_stop_20260613/a7v3s3_early_stop_top_rejected_diagnostics.csv,runtime_artifacts,source_of_truth_evidence,machine-readable evidence or manifest
runtime/a7v3s3_strict_reward_prequeue_20260613/a7v3s3_strict_prequeue_lane_summary.csv,runtime_artifacts,source_of_truth_evidence,machine-readable evidence or manifest
runtime/a7v3s3_strict_reward_prequeue_20260613/a7v3s3_strict_prequeue_motif_summary.csv,runtime_artifacts,source_of_truth_evidence,machine-readable evidence or manifest
runtime/a7v3s3_strict_reward_prequeue_20260613/a7v3s3_strict_prequeue_pair_summary.csv,runtime_artifacts,source_of_truth_evidence,machine-readable evidence or manifest
runtime/a7v3s3_strict_reward_prequeue_20260613/a7v3s3_strict_prequeue_skeleton_summary.csv,runtime_artifacts,source_of_truth_evidence,machine-readable evidence or manifest
runtime/a7v3s3_strict_reward_prequeue_20260613/a7v3s3_strict_reward_prequeue_manifest.json,runtime_artifacts,source_of_truth_evidence,machine-readable evidence or manifest
runtime/a7v3s4_near_miss_prefilter_audit_20260613/a7v3s4_field_failure_summary.csv,field_contracts,archive_only,prior governance evidence; not all scripts are runtime core
runtime/a7v3s4_near_miss_prefilter_audit_20260613/a7v3s4_manifest.json,runtime_artifacts,source_of_truth_evidence,machine-readable evidence or manifest
runtime/a7v3s4_near_miss_prefilter_audit_20260613/a7v3s4_motif_summary.csv,runtime_artifacts,source_of_truth_evidence,machine-readable evidence or manifest
runtime/a7v3s4_near_miss_prefilter_audit_20260613/a7v3s4_near_miss_candidates.csv,runtime_artifacts,source_of_truth_evidence,machine-readable evidence or manifest
runtime/a7v3s4_near_miss_prefilter_audit_20260613/a7v3s4_pair_motif_prefilter_summary.csv,runtime_artifacts,source_of_truth_evidence,machine-readable evidence or manifest
runtime/a7v3s4_near_miss_prefilter_audit_20260613/a7v3s4_rejection_classification.csv,runtime_artifacts,source_of_truth_evidence,machine-readable evidence or manifest
runtime/a7v3s4_near_miss_prefilter_audit_20260613/a7v3s4_search_space_prefilter_rules.json,runtime_artifacts,source_of_truth_evidence,machine-readable evidence or manifest
runtime/a7v3s4_near_miss_prefilter_audit_20260613/a7v3s4_semantic_pair_summary.csv,runtime_artifacts,source_of_truth_evidence,machine-readable evidence or manifest
runtime/a7v3s5_prefiltered_queue_20260613/a7v3s5_manifest.json,runtime_artifacts,source_of_truth_evidence,machine-readable evidence or manifest
runtime/a7v3s5_prefiltered_queue_20260613/a7v3s5_prefilter_reject_summary.csv,runtime_artifacts,source_of_truth_evidence,machine-readable evidence or manifest
runtime/a7v3s5_prefiltered_queue_20260613/a7v3s5_prefiltered_reward_prequeue.csv,runtime_artifacts,source_of_truth_evidence,machine-readable evidence or manifest
runtime/a7v3s5_prefiltered_queue_20260613/a7v3s5_redesign_hold_queue.csv,runtime_artifacts,source_of_truth_evidence,machine-readable evidence or manifest
runtime/a7v3s5_prefiltered_queue_20260613/a7v3s5_selected_motif_summary.csv,runtime_artifacts,source_of_truth_evidence,machine-readable evidence or manifest
runtime/a7v3s5_prefiltered_queue_20260613/a7v3s5_selected_pair_motif_summary.csv,runtime_artifacts,source_of_truth_evidence,machine-readable evidence or manifest
runtime/a7v3s5_prefiltered_queue_20260613/a7v3s5_selected_pair_summary.csv,runtime_artifacts,source_of_truth_evidence,machine-readable evidence or manifest
runtime/a7v3s6_prefiltered_reward_smoke_aggregate_20260614/a7v3s0_reward_accepted_enriched.csv,runtime_artifacts,source_of_truth_evidence,machine-readable evidence or manifest
runtime/a7v3s6_prefiltered_reward_smoke_aggregate_20260614/a7v3s0_reward_candidate_leaderboard_all.csv,runtime_artifacts,source_of_truth_evidence,machine-readable evidence or manifest
runtime/a7v3s6_prefiltered_reward_smoke_aggregate_20260614/a7v3s0_reward_decision_summary.csv,runtime_artifacts,source_of_truth_evidence,machine-readable evidence or manifest
runtime/a7v3s6_prefiltered_reward_smoke_aggregate_20260614/a7v3s0_reward_eval_errors_all.csv,runtime_artifacts,source_of_truth_evidence,machine-readable evidence or manifest
runtime/a7v3s6_prefiltered_reward_smoke_aggregate_20260614/a7v3s0_reward_manifest_summary.csv,runtime_artifacts,source_of_truth_evidence,machine-readable evidence or manifest
runtime/a7v3s6_prefiltered_reward_smoke_aggregate_20260614/a7v3s0_reward_rejection_reason_summary.csv,runtime_artifacts,source_of_truth_evidence,machine-readable evidence or manifest
runtime/a7v3s6_prefiltered_reward_smoke_aggregate_20260614/a7v3s0_reward_rejections_enriched.csv,runtime_artifacts,source_of_truth_evidence,machine-readable evidence or manifest
runtime/a7v3s6_prefiltered_reward_smoke_aggregate_20260614/a7v3s0_reward_sharded_aggregate_manifest.json,aggregation_reporting,wrap_with_contract,aggregate scripts are source-of-truth producers
runtime/a7v3s6_prefiltered_reward_smoke_aggregate_20260614/a7v3s0_reward_unique_blueprint_best.csv,runtime_artifacts,source_of_truth_evidence,machine-readable evidence or manifest
runtime/a7v3s7_candidate_construction_redesign_20260614/a7v3s7_construction_filter_summary.csv,runtime_artifacts,source_of_truth_evidence,machine-readable evidence or manifest
runtime/a7v3s7_candidate_construction_redesign_20260614/a7v3s7_construction_rejected_queue.csv,runtime_artifacts,source_of_truth_evidence,machine-readable evidence or manifest
runtime/a7v3s7_candidate_construction_redesign_20260614/a7v3s7_manifest.json,runtime_artifacts,source_of_truth_evidence,machine-readable evidence or manifest
runtime/a7v3s7_candidate_construction_redesign_20260614/a7v3s7_pair_motif_failure_rules.csv,runtime_artifacts,source_of_truth_evidence,machine-readable evidence or manifest
runtime/a7v3s7_candidate_construction_redesign_20260614/a7v3s7_redesigned_reward_prequeue.csv,runtime_artifacts,source_of_truth_evidence,machine-readable evidence or manifest
runtime/a7v3s7_candidate_construction_redesign_20260614/a7v3s7_selected_motif_summary.csv,runtime_artifacts,source_of_truth_evidence,machine-readable evidence or manifest
runtime/a7v3s7_candidate_construction_redesign_20260614/a7v3s7_selected_pair_motif_summary.csv,runtime_artifacts,source_of_truth_evidence,machine-readable evidence or manifest
runtime/a7v3s7_candidate_construction_redesign_20260614/a7v3s7_selected_pair_summary.csv,runtime_artifacts,source_of_truth_evidence,machine-readable evidence or manifest
runtime/a7v3s8_redesigned_reward_smoke_aggregate_20260614/a7v3s0_reward_accepted_enriched.csv,runtime_artifacts,source_of_truth_evidence,machine-readable evidence or manifest
runtime/a7v3s8_redesigned_reward_smoke_aggregate_20260614/a7v3s0_reward_candidate_leaderboard_all.csv,runtime_artifacts,source_of_truth_evidence,machine-readable evidence or manifest
runtime/a7v3s8_redesigned_reward_smoke_aggregate_20260614/a7v3s0_reward_decision_summary.csv,runtime_artifacts,source_of_truth_evidence,machine-readable evidence or manifest
runtime/a7v3s8_redesigned_reward_smoke_aggregate_20260614/a7v3s0_reward_eval_errors_all.csv,runtime_artifacts,source_of_truth_evidence,machine-readable evidence or manifest
runtime/a7v3s8_redesigned_reward_smoke_aggregate_20260614/a7v3s0_reward_manifest_summary.csv,runtime_artifacts,source_of_truth_evidence,machine-readable evidence or manifest
runtime/a7v3s8_redesigned_reward_smoke_aggregate_20260614/a7v3s0_reward_rejection_reason_summary.csv,runtime_artifacts,source_of_truth_evidence,machine-readable evidence or manifest
runtime/a7v3s8_redesigned_reward_smoke_aggregate_20260614/a7v3s0_reward_rejections_enriched.csv,runtime_artifacts,source_of_truth_evidence,machine-readable evidence or manifest
runtime/a7v3s8_redesigned_reward_smoke_aggregate_20260614/a7v3s0_reward_sharded_aggregate_manifest.json,aggregation_reporting,wrap_with_contract,aggregate scripts are source-of-truth producers
runtime/a7v3s8_redesigned_reward_smoke_aggregate_20260614/a7v3s0_reward_unique_blueprint_best.csv,runtime_artifacts,source_of_truth_evidence,machine-readable evidence or manifest
runtime/a7v3s9_prereward_oos_control_proxy_aggregate_20260614/a7v3s9_proxy_aggregate_manifest.json,aggregation_reporting,wrap_with_contract,aggregate scripts are source-of-truth producers
runtime/a7v3s9_prereward_oos_control_proxy_aggregate_20260614/a7v3s9_proxy_bucket_summary.csv,runtime_artifacts,source_of_truth_evidence,machine-readable evidence or manifest
runtime/a7v3s9_prereward_oos_control_proxy_aggregate_20260614/a7v3s9_proxy_eval_errors_all.csv,runtime_artifacts,source_of_truth_evidence,machine-readable evidence or manifest
runtime/a7v3s9_prereward_oos_control_proxy_aggregate_20260614/a7v3s9_proxy_leaderboard_all.csv,runtime_artifacts,source_of_truth_evidence,machine-readable evidence or manifest
runtime/a7v3s9_prereward_oos_control_proxy_aggregate_20260614/a7v3s9_proxy_manifest_summary.csv,runtime_artifacts,source_of_truth_evidence,machine-readable evidence or manifest
runtime/a7v3s9_prereward_oos_control_proxy_aggregate_20260614/a7v3s9_proxy_rejection_reason_summary.csv,runtime_artifacts,source_of_truth_evidence,machine-readable evidence or manifest
runtime/a7v3s9_prereward_oos_control_proxy_aggregate_20260614/a7v3s9_proxy_selected_for_reward.csv,runtime_artifacts,source_of_truth_evidence,machine-readable evidence or manifest
runtime/a7v3s9_prereward_oos_control_proxy_aggregate_20260614/a7v3s9_proxy_selected_local_concat.csv,runtime_artifacts,source_of_truth_evidence,machine-readable evidence or manifest
runtime/a7v3s9_prereward_oos_control_proxy_aggregate_20260614/a7v3s9_selected_motif_summary.csv,runtime_artifacts,source_of_truth_evidence,machine-readable evidence or manifest
runtime/a7v3s9_prereward_oos_control_proxy_aggregate_20260614/a7v3s9_selected_pair_summary.csv,runtime_artifacts,source_of_truth_evidence,machine-readable evidence or manifest
runtime/a7v3s9_selected_full_reward_aggregate_20260614/a7v3s0_reward_accepted_enriched.csv,runtime_artifacts,source_of_truth_evidence,machine-readable evidence or manifest
runtime/a7v3s9_selected_full_reward_aggregate_20260614/a7v3s0_reward_accepted_horizon_summary.csv,runtime_artifacts,source_of_truth_evidence,machine-readable evidence or manifest
runtime/a7v3s9_selected_full_reward_aggregate_20260614/a7v3s0_reward_accepted_motif_summary.csv,runtime_artifacts,source_of_truth_evidence,machine-readable evidence or manifest
runtime/a7v3s9_selected_full_reward_aggregate_20260614/a7v3s0_reward_accepted_pair_motif_summary.csv,runtime_artifacts,source_of_truth_evidence,machine-readable evidence or manifest
runtime/a7v3s9_selected_full_reward_aggregate_20260614/a7v3s0_reward_accepted_pair_summary.csv,runtime_artifacts,source_of_truth_evidence,machine-readable evidence or manifest
runtime/a7v3s9_selected_full_reward_aggregate_20260614/a7v3s0_reward_candidate_leaderboard_all.csv,runtime_artifacts,source_of_truth_evidence,machine-readable evidence or manifest
runtime/a7v3s9_selected_full_reward_aggregate_20260614/a7v3s0_reward_decision_summary.csv,runtime_artifacts,source_of_truth_evidence,machine-readable evidence or manifest
runtime/a7v3s9_selected_full_reward_aggregate_20260614/a7v3s0_reward_eval_errors_all.csv,runtime_artifacts,source_of_truth_evidence,machine-readable evidence or manifest
runtime/a7v3s9_selected_full_reward_aggregate_20260614/a7v3s0_reward_launcher_status_audit.csv,runtime_artifacts,source_of_truth_evidence,machine-readable evidence or manifest
runtime/a7v3s9_selected_full_reward_aggregate_20260614/a7v3s0_reward_manifest_summary.csv,runtime_artifacts,source_of_truth_evidence,machine-readable evidence or manifest
runtime/a7v3s9_selected_full_reward_aggregate_20260614/a7v3s0_reward_rejection_reason_summary.csv,runtime_artifacts,source_of_truth_evidence,machine-readable evidence or manifest
runtime/a7v3s9_selected_full_reward_aggregate_20260614/a7v3s0_reward_rejections_enriched.csv,runtime_artifacts,source_of_truth_evidence,machine-readable evidence or manifest
runtime/a7v3s9_selected_full_reward_aggregate_20260614/a7v3s0_reward_sharded_aggregate_manifest.json,aggregation_reporting,wrap_with_contract,aggregate scripts are source-of-truth producers
runtime/a7v3s9_selected_full_reward_aggregate_20260614/a7v3s0_reward_split_metrics_all.csv,runtime_artifacts,source_of_truth_evidence,machine-readable evidence or manifest
runtime/a7v3s9_selected_full_reward_aggregate_20260614/a7v3s0_reward_unique_blueprint_best.csv,runtime_artifacts,source_of_truth_evidence,machine-readable evidence or manifest
runtime/a7w0_post_source_trace_status/a7w0_authorization_matrix.json,runtime_artifacts,source_of_truth_evidence,machine-readable evidence or manifest
runtime/a7w0_post_source_trace_status/a7w0_manifest.json,runtime_artifacts,source_of_truth_evidence,machine-readable evidence or manifest
runtime/a7w0_post_source_trace_status/a7w0_stage_status.csv,runtime_artifacts,source_of_truth_evidence,machine-readable evidence or manifest
runtime/baselines/crypto_core4_conservative_dry_shadow_v0.json,runtime_artifacts,source_of_truth_evidence,machine-readable evidence or manifest
runtime/baselines/crypto_core4_locked_research_book_v1.json,runtime_artifacts,source_of_truth_evidence,machine-readable evidence or manifest
runtime/company_a7al2q2r_full_20260528/COMPANY_FULL_RUN_SUMMARY.md,runtime_artifacts,source_of_truth_evidence,machine-readable evidence or manifest
runtime/company_a7al2q2r_full_20260528/reports/CRYPTO_A7AL2Q_LOCAL_OI_PRICE_FORMULA_SEARCH_20260528.md,runtime_artifacts,source_of_truth_evidence,machine-readable evidence or manifest
runtime/company_a7al2q2r_full_20260528/reports/CRYPTO_A7AL2R_LOCAL_FORENSIC_20260528.md,runtime_artifacts,source_of_truth_evidence,machine-readable evidence or manifest
runtime/company_a7al2q2r_full_20260528/runtime/a7al2q_local_oi_price_formula_search/a7al2q_candidate_scoreboard.csv,runtime_artifacts,source_of_truth_evidence,machine-readable evidence or manifest
runtime/company_a7al2q2r_full_20260528/runtime/a7al2q_local_oi_price_formula_search/a7al2q_control_dominance.csv,runtime_artifacts,source_of_truth_evidence,machine-readable evidence or manifest
runtime/company_a7al2q2r_full_20260528/runtime/a7al2q_local_oi_price_formula_search/a7al2q_cost_proxy.csv,runtime_artifacts,source_of_truth_evidence,machine-readable evidence or manifest
runtime/company_a7al2q2r_full_20260528/runtime/a7al2q_local_oi_price_formula_search/a7al2q_decision_record.json,runtime_artifacts,source_of_truth_evidence,machine-readable evidence or manifest
runtime/company_a7al2q2r_full_20260528/runtime/a7al2q_local_oi_price_formula_search/a7al2q_deep_audit_scoreboard.csv,runtime_artifacts,source_of_truth_evidence,machine-readable evidence or manifest
runtime/company_a7al2q2r_full_20260528/runtime/a7al2q_local_oi_price_formula_search/a7al2q_eval_errors.csv,runtime_artifacts,source_of_truth_evidence,machine-readable evidence or manifest
runtime/company_a7al2q2r_full_20260528/runtime/a7al2q_local_oi_price_formula_search/a7al2q_executed_fast_replay_candidates.csv,runtime_artifacts,source_of_truth_evidence,machine-readable evidence or manifest
runtime/company_a7al2q2r_full_20260528/runtime/a7al2q_local_oi_price_formula_search/a7al2q_fast_replay_metrics.csv,runtime_artifacts,source_of_truth_evidence,machine-readable evidence or manifest
runtime/company_a7al2q2r_full_20260528/runtime/a7al2q_local_oi_price_formula_search/a7al2q_generated_candidates.csv,runtime_artifacts,source_of_truth_evidence,machine-readable evidence or manifest
runtime/company_a7al2q2r_full_20260528/runtime/a7al2q_local_oi_price_formula_search/a7al2q_latency_label_alignment.csv,runtime_artifacts,source_of_truth_evidence,machine-readable evidence or manifest
runtime/company_a7al2q2r_full_20260528/runtime/a7al2q_local_oi_price_formula_search/a7al2q_manifest.json,runtime_artifacts,source_of_truth_evidence,machine-readable evidence or manifest
runtime/company_a7al2q2r_full_20260528/runtime/a7al2q_local_oi_price_formula_search/a7al2q_nonoverlap_offset_tstats.csv,runtime_artifacts,source_of_truth_evidence,machine-readable evidence or manifest
runtime/company_a7al2q2r_full_20260528/runtime/a7al2q_local_oi_price_formula_search/a7al2q_overlap_robust_tstats.csv,runtime_artifacts,source_of_truth_evidence,machine-readable evidence or manifest
runtime/company_a7al2q2r_full_20260528/runtime/a7al2q_local_oi_price_formula_search/a7al2q_reject_reason_summary.csv,runtime_artifacts,source_of_truth_evidence,machine-readable evidence or manifest
runtime/company_a7al2q2r_full_20260528/runtime/a7al2q_local_oi_price_formula_search/a7al2q_selected_for_fast_replay.csv,runtime_artifacts,source_of_truth_evidence,machine-readable evidence or manifest
runtime/company_a7al2q2r_full_20260528/runtime/a7al2q_local_oi_price_formula_search/a7al2q_timevarying_latent_metrics.csv,runtime_artifacts,source_of_truth_evidence,machine-readable evidence or manifest
runtime/company_a7al2q2r_full_20260528/runtime/a7al2r_local_forensic/a7al2r_control_dominance.csv,runtime_artifacts,source_of_truth_evidence,machine-readable evidence or manifest
runtime/company_a7al2q2r_full_20260528/runtime/a7al2r_local_forensic/a7al2r_decision_record.csv,runtime_artifacts,source_of_truth_evidence,machine-readable evidence or manifest
runtime/company_a7al2q2r_full_20260528/runtime/a7al2r_local_forensic/a7al2r_eval_errors.csv,runtime_artifacts,source_of_truth_evidence,machine-readable evidence or manifest
runtime/company_a7al2q2r_full_20260528/runtime/a7al2r_local_forensic/a7al2r_input_candidates.csv,runtime_artifacts,source_of_truth_evidence,machine-readable evidence or manifest
runtime/company_a7al2q2r_full_20260528/runtime/a7al2r_local_forensic/a7al2r_latent_state_contribution.csv,runtime_artifacts,source_of_truth_evidence,machine-readable evidence or manifest
runtime/company_a7al2q2r_full_20260528/runtime/a7al2r_local_forensic/a7al2r_manifest.json,runtime_artifacts,source_of_truth_evidence,machine-readable evidence or manifest
runtime/company_a7al2q2r_full_20260528/runtime/a7al2r_local_forensic/a7al2r_month_contribution.csv,runtime_artifacts,source_of_truth_evidence,machine-readable evidence or manifest
runtime/company_a7al2q2r_full_20260528/runtime/a7al2r_local_forensic/a7al2r_nonoverlap_offset_tstats.csv,runtime_artifacts,source_of_truth_evidence,machine-readable evidence or manifest
runtime/company_a7al2q2r_full_20260528/runtime/a7al2r_local_forensic/a7al2r_orientation_audit.csv,runtime_artifacts,source_of_truth_evidence,machine-readable evidence or manifest
runtime/company_a7al2q2r_full_20260528/runtime/a7al2r_local_forensic/a7al2r_overlap_robust_tstats.csv,runtime_artifacts,source_of_truth_evidence,machine-readable evidence or manifest
runtime/company_a7al2q2r_full_20260528/runtime/a7al2r_local_forensic/a7al2r_symbol_contribution.csv,runtime_artifacts,source_of_truth_evidence,machine-readable evidence or manifest
runtime/company_a7al2q2r_full_20260528/runtime/a7al2r_local_forensic/a7al2r_timevarying_latent_metrics.csv,runtime_artifacts,source_of_truth_evidence,machine-readable evidence or manifest
runtime/company_a7al2q2r_full_20260528/runtime/a7al2r_local_forensic/a7al2r_top_gain_loss_hours.csv,runtime_artifacts,source_of_truth_evidence,machine-readable evidence or manifest
runtime/company_a7al2q2r_full_20260528/runtime/a7al2r_local_forensic/a7al2r_variant_metrics.csv,runtime_artifacts,source_of_truth_evidence,machine-readable evidence or manifest
runtime/system_rectification_20260630/system_state_manifest.json,runtime_artifacts,source_of_truth_evidence,machine-readable evidence or manifest
scripts/build_crypto_bronze.py,unknown,legacy_reference,
scripts/build_crypto_primary_additions_1h_panel_from_vision.py,unknown,legacy_reference,
scripts/company_build_universe498_v2_if_missing.py,unknown,legacy_reference,
scripts/crypto_a7aa0_label_feature_response_contract.py,feature_response,archive_only,response profiling evidence
scripts/crypto_a7aa1_primitive_response_map.py,feature_response,archive_only,response profiling evidence
scripts/crypto_a7aa2_feature_role_classification.py,feature_response,archive_only,response profiling evidence
scripts/crypto_a7aa3_selector_rewrite_contract.py,feature_response,archive_only,response profiling evidence
scripts/crypto_a7aa4_response_readiness_handoff.py,feature_response,archive_only,response profiling evidence
scripts/crypto_a7ab0_selector_rewrite_dryrun_contract.py,unknown,legacy_reference,
scripts/crypto_a7ab1_selector_rewrite_dryrun.py,unknown,legacy_reference,
scripts/crypto_a7ab2_seed_constrained_micro_generation_contract.py,unknown,legacy_reference,
scripts/crypto_a7ab3_seed_constrained_dry_generation.py,unknown,legacy_reference,
scripts/crypto_a7ab4_materialization_preflight.py,unknown,legacy_reference,
scripts/crypto_a7ab5_numeric_replay_contract.py,unknown,legacy_reference,
scripts/crypto_a7ab6_small_numeric_replay_preflight.py,unknown,legacy_reference,
scripts/crypto_a7ab7_clue_forensic_contract.py,unknown,legacy_reference,
scripts/crypto_a7ab8_clue_forensic_execution.py,unknown,legacy_reference,
scripts/crypto_a7ab9_survivor_freeze_contract.py,unknown,legacy_reference,
scripts/crypto_a7ac0_representative_forensic_contract.py,unknown,legacy_reference,
scripts/crypto_a7ac1_representative_forensic_execution.py,unknown,legacy_reference,
scripts/crypto_a7ac1r_representative_quarantine_contract.py,unknown,legacy_reference,
scripts/crypto_a7ac2_label_diversification_contract.py,unknown,legacy_reference,
scripts/crypto_a7ac3_label_diversification_diagnostic.py,unknown,legacy_reference,
scripts/crypto_a7ad0_ranked_label_translation_contract.py,unknown,legacy_reference,
scripts/crypto_a7ad1_ranked_label_translation_audit.py,unknown,legacy_reference,
scripts/crypto_a7ae0_label_adequacy_extension_contract.py,unknown,legacy_reference,
scripts/crypto_a7ae1_label_adequacy_response_map.py,feature_response,archive_only,response profiling evidence
scripts/crypto_a7ae2_label_adequacy_role_review.py,unknown,legacy_reference,
scripts/crypto_a7af0_role_aware_selector_contract.py,unknown,legacy_reference,
scripts/crypto_a7af1_role_aware_selector_dryrun.py,unknown,legacy_reference,
scripts/crypto_a7ag0_role_aware_generation_contract.py,unknown,legacy_reference,
scripts/crypto_a7ag1_static_blueprint_dryrun.py,unknown,legacy_reference,
scripts/crypto_a7ag2_numeric_replay_contract.py,unknown,legacy_reference,
scripts/crypto_a7ag3_numeric_replay_pilot.py,unknown,legacy_reference,
scripts/crypto_a7ag4_clue_forensic_contract.py,unknown,legacy_reference,
scripts/crypto_a7ag5_clue_forensic_audit.py,unknown,legacy_reference,
scripts/crypto_a7ah0_core12_aggtrades_final_handoff_audit.py,unknown,legacy_reference,
scripts/crypto_a7ah0_post_a7ag_role_split_decision.py,unknown,legacy_reference,
scripts/crypto_a7ah1_ordinary_alpha_objective_rewrite_contract.py,unknown,legacy_reference,
scripts/crypto_a7ah1d_ordinary_alpha_dry_rerank.py,unknown,legacy_reference,
scripts/crypto_a7ah2_downside_risk_defense_forensic_contract.py,unknown,legacy_reference,
scripts/crypto_a7ah2f_downside_risk_defense_forensic_audit.py,unknown,legacy_reference,
scripts/crypto_a7ai0_core12_aggtrades_experiment_contract.py,field_contracts,archive_only,prior governance evidence; not all scripts are runtime core
scripts/crypto_a7ai0r_core12_aggtrades_unified_feature_build.py,field_contracts,archive_only,prior governance evidence; not all scripts are runtime core
scripts/crypto_a7aif0_field_contract_enforcement_ledger.py,field_contracts,archive_only,prior governance evidence; not all scripts are runtime core
scripts/crypto_a7aif1_engine_enforcement_gap_audit.py,field_contracts,archive_only,prior governance evidence; not all scripts are runtime core
scripts/crypto_a7aif2_field_enforcement_regression.py,field_contracts,archive_only,prior governance evidence; not all scripts are runtime core
scripts/crypto_a7aif3_materialization_evaluator_parity.py,field_contracts,archive_only,prior governance evidence; not all scripts are runtime core
scripts/crypto_a7aif4_response_backed_field_promotion.py,field_contracts,archive_only,prior governance evidence; not all scripts are runtime core
scripts/crypto_a7aj_universe500_silver_acceptance_and_panel_prep.py,unknown,legacy_reference,
scripts/crypto_a7ak_lv0_listing_age_latent_variable_contract.py,unknown,legacy_reference,
scripts/crypto_a7ak_lv1_latent_state_feature_build.py,unknown,legacy_reference,
scripts/crypto_a7ak_lv2_response_merge_audit.py,feature_response,archive_only,response profiling evidence
scripts/crypto_a7ak_lv3_neutral_field_family_smoke.py,field_contracts,archive_only,prior governance evidence; not all scripts are runtime core
scripts/crypto_a7ak_lv3r_contract_meme_taxonomy_audit.py,unknown,legacy_reference,
scripts/crypto_a7al0_top498_alpha_search_contract.py,unknown,legacy_reference,
scripts/crypto_a7al0f_derived_feature_engineering_contract.py,unknown,legacy_reference,
scripts/crypto_a7al0g_upper_regime_state_builder.py,unknown,legacy_reference,
scripts/crypto_a7al0l_fixed_delay_stress_abolition.py,unknown,legacy_reference,
scripts/crypto_a7al0p_pretrain_readiness_gate.py,unknown,legacy_reference,
scripts/crypto_a7al0r_code_feature_regime_readiness_audit.py,unknown,legacy_reference,
scripts/crypto_a7al1_field_family_neutralized_baseline.py,field_contracts,archive_only,prior governance evidence; not all scripts are runtime core
scripts/crypto_a7al1b_control_latency_forensic.py,unknown,legacy_reference,
scripts/crypto_a7al2_small_formula_search_contract.py,unknown,legacy_reference,
scripts/crypto_a7al2g_matched_control_gate.py,unknown,legacy_reference,
scripts/crypto_a7al2h_selector_repair.py,unknown,legacy_reference,
scripts/crypto_a7al2i_replay_preflight.py,unknown,legacy_reference,
scripts/crypto_a7al2j_derived_tolerant_search_reset.py,unknown,legacy_reference,
scripts/crypto_a7al2k_derived_generator_smoke.py,unknown,legacy_reference,
scripts/crypto_a7al2l_derived_replay_preflight.py,unknown,legacy_reference,
scripts/crypto_a7al2l_fast_derived_replay_preflight.py,unknown,legacy_reference,
scripts/crypto_a7al2m_derived_clue_forensic.py,unknown,legacy_reference,
scripts/crypto_a7al2n_deep_audit.py,unknown,legacy_reference,
scripts/crypto_a7al2o_candidate_mini_replay.py,unknown,legacy_reference,
scripts/crypto_a7al2p0_pre_search_hardening_audit.py,unknown,legacy_reference,
scripts/crypto_a7al2p0r_repair_rerun_decision.py,unknown,legacy_reference,
scripts/crypto_a7al2p1_selector_feature_generation.py,unknown,legacy_reference,
scripts/crypto_a7al2p1r_selector_reweighted_retry.py,unknown,legacy_reference,
scripts/crypto_a7al2p1s_selected_pool_provenance_audit.py,unknown,legacy_reference,
scripts/crypto_a7al2p1t_repaired_pool_rerun_status.py,unknown,legacy_reference,
scripts/crypto_a7al2p2_local_oi_price_search_contract.py,unknown,legacy_reference,
scripts/crypto_a7al2q_local_oi_price_formula_search.py,unknown,legacy_reference,
scripts/crypto_a7al2r_local_forensic.py,unknown,legacy_reference,
scripts/crypto_a7al2s_local_followup_contract.py,unknown,legacy_reference,
scripts/crypto_a7al2t_may_stress_failure_attribution.py,unknown,legacy_reference,
scripts/crypto_a7al2u_objective_selector_repair_contract.py,unknown,legacy_reference,
scripts/crypto_a7al2v_replay_aware_selector_dryrun.py,unknown,legacy_reference,
scripts/crypto_a7al2w_signal_vector_selector_repair.py,unknown,legacy_reference,
scripts/crypto_a7al2x0_authorization_arbitration.py,unknown,legacy_reference,
scripts/crypto_a7al2x1_dry_rerank.py,unknown,legacy_reference,
scripts/crypto_a7al2x2_objective_family_coverage_gap_audit.py,unknown,legacy_reference,
scripts/crypto_a7al2x2r_family_balanced_repair_contract.py,unknown,legacy_reference,
scripts/crypto_a7al2x3_family_balanced_dry_generation.py,unknown,legacy_reference,
scripts/crypto_a7al2x4_replay_readiness_audit.py,unknown,legacy_reference,
scripts/crypto_a7al2x4m_materialization_and_evaluator_audit.py,unknown,legacy_reference,
scripts/crypto_a7al2x5_evaluator_preflight_smoke.py,unknown,legacy_reference,
scripts/crypto_a7al2x6_small_numeric_replay_contract.py,unknown,legacy_reference,
scripts/crypto_a7al2x7_small_numeric_replay_preflight.py,unknown,legacy_reference,
scripts/crypto_a7al2x7f_replay_preflight_forensic.py,unknown,legacy_reference,
scripts/crypto_a7al2x7h_heavy_numeric_replay_preflight.py,unknown,legacy_reference,
scripts/crypto_a7al2x7hf_heavy_replay_preflight_forensic.py,unknown,legacy_reference,
scripts/crypto_a7al2x_objective_family_reset_contract.py,unknown,legacy_reference,
scripts/crypto_a7al2z0_broader_non_oi_objective_contract.py,unknown,legacy_reference,
scripts/crypto_a7al2z1_broader_non_oi_dry_generation.py,unknown,legacy_reference,
scripts/crypto_a7al2z2_broader_non_oi_materialization_audit.py,unknown,legacy_reference,
scripts/crypto_a7al2z2r_broader_non_oi_materialization_repair.py,unknown,legacy_reference,
scripts/crypto_a7al2z3_broader_non_oi_numeric_preflight_contract.py,unknown,legacy_reference,
scripts/crypto_a7al2z4_broader_non_oi_numeric_replay_preflight.py,unknown,legacy_reference,
scripts/crypto_a7al2z4f_broader_non_oi_preflight_forensic.py,unknown,legacy_reference,
scripts/crypto_a7al2z5_broader_non_oi_multi_horizon_diagnostic.py,unknown,legacy_reference,
scripts/crypto_a7al2z6_response_guided_mutation_contract.py,feature_response,archive_only,response profiling evidence
scripts/crypto_a7al2z7_response_guided_dry_generation.py,feature_response,archive_only,response profiling evidence
scripts/crypto_a7al2z8_response_guided_materialization_repair.py,feature_response,archive_only,response profiling evidence
scripts/crypto_a7al2z8p_partial_viable_queue_authorization.py,unknown,legacy_reference,
scripts/crypto_a7al2z9_response_guided_partial_numeric_diagnostic.py,feature_response,archive_only,response profiling evidence
scripts/crypto_a7al_universe498_replay_acceptance.py,unknown,legacy_reference,
scripts/crypto_a7ao_okx_cross_exchange_light_acceptance.py,unknown,legacy_reference,
scripts/crypto_a7ap0_cross_exchange_overlay_acceptance.py,unknown,legacy_reference,
scripts/crypto_a7ap1_cross_exchange_field_smoke.py,field_contracts,archive_only,prior governance evidence; not all scripts are runtime core
scripts/crypto_a7ap2_multiplier_price_scale_repair.py,unknown,legacy_reference,
scripts/crypto_a7ap3_cross_exchange_overlay_handoff.py,unknown,legacy_reference,
scripts/crypto_a7ar0_cn_engine_inheritance_audit.py,unknown,legacy_reference,
scripts/crypto_a7ar1_formula_engine_adapter_smoke.py,unknown,legacy_reference,
scripts/crypto_a7ar2_feature_algebra_parity_smoke.py,unknown,legacy_reference,
scripts/crypto_a7ar3_fresh_memory_dedup_smoke.py,unknown,legacy_reference,
scripts/crypto_a7ar4_selector_adapter_smoke.py,unknown,legacy_reference,
scripts/crypto_a7ar7_shared_candidate_pool_builder.py,unknown,legacy_reference,
scripts/crypto_a7ar8_signal_vector_cluster_registry.py,unknown,legacy_reference,
scripts/crypto_a7as0_v2_data_acceptance.py,unknown,legacy_reference,
scripts/crypto_a7data_pre2024_backfill_acceptance_and_age.py,unknown,legacy_reference,
scripts/crypto_a7data_recent_patch_merged_panel_builder.py,unknown,legacy_reference,
scripts/crypto_a7ff10_company_parallel_aggregate.py,feature_factory,legacy_reference,large feature experiments; requires core extraction review
scripts/crypto_a7ff10_company_parallel_launcher.ps1,feature_factory,legacy_reference,large feature experiments; requires core extraction review
scripts/crypto_a7ff11_company_runner_contract.py,feature_factory,legacy_reference,large feature experiments; requires core extraction review
scripts/crypto_a7ff11_selected_queue_triage.py,feature_factory,legacy_reference,large feature experiments; requires core extraction review
scripts/crypto_a7ff12_company_wave_aggregate.py,feature_factory,legacy_reference,large feature experiments; requires core extraction review
scripts/crypto_a7ff12_company_wave_launcher.ps1,feature_factory,legacy_reference,large feature experiments; requires core extraction review
scripts/crypto_a7ff12_numeric_wave_queue_contract.py,feature_factory,legacy_reference,large feature experiments; requires core extraction review
scripts/crypto_a7ff13_wave_triage.py,feature_factory,legacy_reference,large feature experiments; requires core extraction review
scripts/crypto_a7ff14_label_balanced_selector_repair.py,feature_factory,legacy_reference,large feature experiments; requires core extraction review
scripts/crypto_a7ff15_cost_tiered_balanced_followup.py,feature_factory,legacy_reference,large feature experiments; requires core extraction review
scripts/crypto_a7ff16_company_followup_aggregate.py,feature_factory,legacy_reference,large feature experiments; requires core extraction review
scripts/crypto_a7ff16_company_followup_launcher.ps1,feature_factory,legacy_reference,large feature experiments; requires core extraction review
scripts/crypto_a7ff16_cost_tiered_numeric_followup_contract.py,feature_factory,legacy_reference,large feature experiments; requires core extraction review
scripts/crypto_a7ff17_followup_selector_triage.py,feature_factory,legacy_reference,large feature experiments; requires core extraction review
scripts/crypto_a7ff18_external_label_balanced_selector.py,feature_factory,legacy_reference,large feature experiments; requires core extraction review
scripts/crypto_a7ff19_company_confirmation_aggregate.py,feature_factory,legacy_reference,large feature experiments; requires core extraction review
scripts/crypto_a7ff19_company_confirmation_launcher.ps1,feature_factory,legacy_reference,large feature experiments; requires core extraction review
scripts/crypto_a7ff19_external_selector_confirmation_contract.py,feature_factory,legacy_reference,large feature experiments; requires core extraction review
scripts/crypto_a7ff20_confirmation_selector_triage.py,feature_factory,legacy_reference,large feature experiments; requires core extraction review
scripts/crypto_a7ff21_external_confirmation_selector.py,feature_factory,legacy_reference,large feature experiments; requires core extraction review
scripts/crypto_a7ff22_label_balanced_expansion_contract.py,feature_factory,legacy_reference,large feature experiments; requires core extraction review
scripts/crypto_a7ff23r_derived_factor_expansion_contract.py,feature_factory,legacy_reference,large feature experiments; requires core extraction review
scripts/crypto_a7ff24r2_repaired_company_queue.py,feature_factory,legacy_reference,large feature experiments; requires core extraction review
scripts/crypto_a7ff24r3_dense_materializer_preflight.py,feature_factory,legacy_reference,large feature experiments; requires core extraction review
scripts/crypto_a7ff24r4_repaired_numeric_wave_contract.py,feature_factory,legacy_reference,large feature experiments; requires core extraction review
scripts/crypto_a7ff24r_dry_generation_plan.py,feature_factory,legacy_reference,large feature experiments; requires core extraction review
scripts/crypto_a7ff25r0_company_queue_coverage_audit.py,feature_factory,legacy_reference,large feature experiments; requires core extraction review
scripts/crypto_a7ff25r1_numeric_adapter_parity_smoke.py,feature_factory,legacy_reference,large feature experiments; requires core extraction review
scripts/crypto_a7ff25r2_missing_field_audit.py,field_contracts,archive_only,prior governance evidence; not all scripts are runtime core
scripts/crypto_a7ff25r3_full_numeric_wave_summary.py,feature_factory,legacy_reference,large feature experiments; requires core extraction review
scripts/crypto_a7ff25r4_no_activity_tail_audit.py,feature_factory,legacy_reference,large feature experiments; requires core extraction review
scripts/crypto_a7ff25r5_funding_tail_repair_contract.py,feature_factory,legacy_reference,large feature experiments; requires core extraction review
scripts/crypto_a7ff25r6_dense_funding_state_audit.py,feature_factory,legacy_reference,large feature experiments; requires core extraction review
scripts/crypto_a7ff26_numeric_clue_forensic.py,feature_factory,legacy_reference,large feature experiments; requires core extraction review
scripts/crypto_a7ff27_replay_preflight_summary.py,feature_factory,legacy_reference,large feature experiments; requires core extraction review
scripts/crypto_a7ff28_deep_replay_contract.py,feature_factory,legacy_reference,large feature experiments; requires core extraction review
scripts/crypto_a7ff28a_bounded_deep_replay.py,feature_factory,legacy_reference,large feature experiments; requires core extraction review
scripts/crypto_a7ff28a_bounded_deep_replay_summary.py,feature_factory,legacy_reference,large feature experiments; requires core extraction review
scripts/crypto_a7ff29_candidate_forensic.py,feature_factory,legacy_reference,large feature experiments; requires core extraction review
scripts/crypto_a7ff30_portfolio_replay_contract.py,feature_factory,legacy_reference,large feature experiments; requires core extraction review
scripts/crypto_a7ff30a_portfolio_replay_smoke.py,feature_factory,legacy_reference,large feature experiments; requires core extraction review
scripts/crypto_a7ff31_portfolio_forensic.py,feature_factory,legacy_reference,large feature experiments; requires core extraction review
scripts/crypto_a7ff32_family_diversification_contract.py,feature_factory,legacy_reference,large feature experiments; requires core extraction review
scripts/crypto_a7ff33_family_diversified_dry_generation.py,feature_factory,legacy_reference,large feature experiments; requires core extraction review
scripts/crypto_a7ff34_family_queue_coverage_audit.py,feature_factory,legacy_reference,large feature experiments; requires core extraction review
scripts/crypto_a7ff35_diversified_numeric_preflight.py,feature_factory,legacy_reference,large feature experiments; requires core extraction review
scripts/crypto_a7ff36_diversified_clue_forensic.py,feature_factory,legacy_reference,large feature experiments; requires core extraction review
scripts/crypto_a7ff37_deep_replay_contract.py,feature_factory,legacy_reference,large feature experiments; requires core extraction review
scripts/crypto_a7ff37a_bounded_deep_replay.py,feature_factory,legacy_reference,large feature experiments; requires core extraction review
scripts/crypto_a7ff37b_deep_replay_forensic.py,feature_factory,legacy_reference,large feature experiments; requires core extraction review
scripts/crypto_a7ff38_focused_replay_taskflow.py,feature_factory,legacy_reference,large feature experiments; requires core extraction review
scripts/crypto_a7ff39_focused_taskflow_forensic.py,feature_factory,legacy_reference,large feature experiments; requires core extraction review
scripts/crypto_a7ff40_control_strict_followup.py,feature_factory,legacy_reference,large feature experiments; requires core extraction review
scripts/crypto_a7ff42_family_balanced_numeric.py,feature_factory,legacy_reference,large feature experiments; requires core extraction review
scripts/crypto_a7ff43_repaired_selector_numeric_confirmation.py,feature_factory,legacy_reference,large feature experiments; requires core extraction review
scripts/crypto_a7ff44_deep_forensic.py,feature_factory,legacy_reference,large feature experiments; requires core extraction review
scripts/crypto_a7ff45_bounded_deep_replay.py,feature_factory,legacy_reference,large feature experiments; requires core extraction review
scripts/crypto_a7ff46_candidate_freeze.py,feature_factory,legacy_reference,large feature experiments; requires core extraction review
scripts/crypto_a7ff47_portfolio_microreplay.py,feature_factory,legacy_reference,large feature experiments; requires core extraction review
scripts/crypto_a7ff49_existing_map_non_l5_mining.py,feature_factory,legacy_reference,large feature experiments; requires core extraction review
scripts/crypto_a7ff51_compact_non_l5_contract.py,feature_factory,legacy_reference,large feature experiments; requires core extraction review
scripts/crypto_a7ff51e_non_l5_heavy_generation.py,feature_factory,legacy_reference,large feature experiments; requires core extraction review
scripts/crypto_a7ff52_materialization_preflight_contract.py,feature_factory,legacy_reference,large feature experiments; requires core extraction review
scripts/crypto_a7ff52e_materialization_preflight.py,feature_factory,legacy_reference,large feature experiments; requires core extraction review
scripts/crypto_a7ff53_numeric_response_contract.py,feature_response,archive_only,response profiling evidence
scripts/crypto_a7ff53e_numeric_response_summary.py,feature_response,archive_only,response profiling evidence
scripts/crypto_a7ff54_numeric_clue_consolidation.py,feature_factory,legacy_reference,large feature experiments; requires core extraction review
scripts/crypto_a7ff55_selector_repair_contract.py,feature_factory,legacy_reference,large feature experiments; requires core extraction review
scripts/crypto_a7ff55d_selector_repair_partial_dryrun.py,feature_factory,legacy_reference,large feature experiments; requires core extraction review
scripts/crypto_a7ff55f_full_primary_input_rebuild.py,feature_factory,legacy_reference,large feature experiments; requires core extraction review
scripts/crypto_a7ff55r1_supplemental_queue_feasibility.py,feature_factory,legacy_reference,large feature experiments; requires core extraction review
scripts/crypto_a7ff55r2_atlas_field_family_generation_repair.py,field_contracts,archive_only,prior governance evidence; not all scripts are runtime core
scripts/crypto_a7ff55r3_repaired_atlas_dry_generation.py,feature_factory,legacy_reference,large feature experiments; requires core extraction review
scripts/crypto_a7ff55r4_repaired_atlas_coverage_audit.py,feature_factory,legacy_reference,large feature experiments; requires core extraction review
scripts/crypto_a7ff55r5_repaired_atlas_numeric_contract.py,feature_factory,legacy_reference,large feature experiments; requires core extraction review
scripts/crypto_a7ff55r5e_sharded_numeric_runner.py,feature_factory,legacy_reference,large feature experiments; requires core extraction review
scripts/crypto_a7ff55r5e_sharded_numeric_summary.py,feature_factory,legacy_reference,large feature experiments; requires core extraction review
scripts/crypto_a7ff55r_selector_field_family_repair_contract.py,field_contracts,archive_only,prior governance evidence; not all scripts are runtime core
scripts/crypto_a7ff7e_expanded_derivation_probe_contract.py,feature_factory,legacy_reference,large feature experiments; requires core extraction review
scripts/crypto_a7ff8_expanded_numeric_probe.py,feature_factory,legacy_reference,large feature experiments; requires core extraction review
scripts/crypto_a7ff9_continuation_comparison.py,feature_factory,legacy_reference,large feature experiments; requires core extraction review
scripts/crypto_a7ff_v2_field_to_factor_compiler.py,field_contracts,archive_only,prior governance evidence; not all scripts are runtime core
scripts/crypto_a7ff_version_file_20260530.py,feature_factory,legacy_reference,large feature experiments; requires core extraction review
scripts/crypto_a7ffcore0_typed_ast_governance.py,feature_factory,legacy_reference,large feature experiments; requires core extraction review
scripts/crypto_a7ffcore10_replay_clean_consolidation.py,feature_factory,legacy_reference,large feature experiments; requires core extraction review
scripts/crypto_a7ffcore10e_search_readiness_audit.py,feature_factory,legacy_reference,large feature experiments; requires core extraction review
scripts/crypto_a7ffcore10r_replay_clean_pool_repair.py,feature_factory,legacy_reference,large feature experiments; requires core extraction review
scripts/crypto_a7ffcore11_small_expansion_contract.py,feature_factory,legacy_reference,large feature experiments; requires core extraction review
scripts/crypto_a7ffcore11e_small_dry_generation.py,feature_factory,legacy_reference,large feature experiments; requires core extraction review
scripts/crypto_a7ffcore12_blueprint_registration_audit.py,feature_factory,legacy_reference,large feature experiments; requires core extraction review
scripts/crypto_a7ffcore12e_materialization_preflight.py,feature_factory,legacy_reference,large feature experiments; requires core extraction review
scripts/crypto_a7ffcore13_numeric_response_contract.py,feature_response,archive_only,response profiling evidence
scripts/crypto_a7ffcore13e_numeric_response_execution.py,feature_response,archive_only,response profiling evidence
scripts/crypto_a7ffcore14_replay_preflight_contract.py,feature_factory,legacy_reference,large feature experiments; requires core extraction review
scripts/crypto_a7ffcore14e_bounded_replay_execution.py,feature_factory,legacy_reference,large feature experiments; requires core extraction review
scripts/crypto_a7ffcore14r_replay_failure_forensic.py,feature_factory,legacy_reference,large feature experiments; requires core extraction review
scripts/crypto_a7ffcore14s_replay_packet_repair_contract.py,feature_factory,legacy_reference,large feature experiments; requires core extraction review
scripts/crypto_a7ffcore14se_repaired_packet_construction.py,feature_factory,legacy_reference,large feature experiments; requires core extraction review
scripts/crypto_a7ffcore14see_sharded_bounded_replay.py,feature_factory,legacy_reference,large feature experiments; requires core extraction review
scripts/crypto_a7ffcore14ser_repaired_replay_forensic.py,feature_factory,legacy_reference,large feature experiments; requires core extraction review
scripts/crypto_a7ffcore15x_objective_surface_reset_contract.py,feature_factory,legacy_reference,large feature experiments; requires core extraction review
scripts/crypto_a7ffcore15y_replay_stability_surface_builder.py,feature_factory,legacy_reference,large feature experiments; requires core extraction review
scripts/crypto_a7ffcore15yr_surface_failure_repair.py,feature_factory,legacy_reference,large feature experiments; requires core extraction review
scripts/crypto_a7ffcore16_primitive_replay_stability_atlas.py,feature_factory,legacy_reference,large feature experiments; requires core extraction review
scripts/crypto_a7ffcore16e_sharded_primitive_operator_atlas.py,feature_factory,legacy_reference,large feature experiments; requires core extraction review
scripts/crypto_a7ffcore16er_expanded_atlas_forensic.py,feature_factory,legacy_reference,large feature experiments; requires core extraction review
scripts/crypto_a7ffcore16f_non_basis_supply_repair_contract.py,feature_factory,legacy_reference,large feature experiments; requires core extraction review
scripts/crypto_a7ffcore16fe_non_basis_atlas_execution.py,feature_factory,legacy_reference,large feature experiments; requires core extraction review
scripts/crypto_a7ffcore16fer_non_basis_atlas_forensic.py,feature_factory,legacy_reference,large feature experiments; requires core extraction review
scripts/crypto_a7ffcore16g_family_native_interaction_contract.py,feature_factory,legacy_reference,large feature experiments; requires core extraction review
scripts/crypto_a7ffcore16ge_family_native_interaction_probe.py,feature_factory,legacy_reference,large feature experiments; requires core extraction review
scripts/crypto_a7ffcore16ger_interaction_probe_forensic.py,feature_factory,legacy_reference,large feature experiments; requires core extraction review
scripts/crypto_a7ffcore16h_second_pass_interaction_contract.py,feature_factory,legacy_reference,large feature experiments; requires core extraction review
scripts/crypto_a7ffcore16he_second_pass_interaction_breadth.py,feature_factory,legacy_reference,large feature experiments; requires core extraction review
scripts/crypto_a7ffcore16her_second_pass_forensic_and_queue.py,feature_factory,legacy_reference,large feature experiments; requires core extraction review
scripts/crypto_a7ffcore16i_balanced_preseed_queue_audit.py,feature_factory,legacy_reference,large feature experiments; requires core extraction review
scripts/crypto_a7ffcore16j_nearmiss_resolution_audit.py,feature_factory,legacy_reference,large feature experiments; requires core extraction review
scripts/crypto_a7ffcore16k_h2_strict_floor_repair_contract.py,feature_factory,legacy_reference,large feature experiments; requires core extraction review
scripts/crypto_a7ffcore16ke_h2_strict_floor_execution.py,feature_factory,legacy_reference,large feature experiments; requires core extraction review
scripts/crypto_a7ffcore16kr_h2_repair_forensic.py,feature_factory,legacy_reference,large feature experiments; requires core extraction review
scripts/crypto_a7ffcore16l_strict_preseed_queue_lock.py,feature_factory,legacy_reference,large feature experiments; requires core extraction review
scripts/crypto_a7ffcore16m_h2_floor_arbitration_contract.py,feature_factory,legacy_reference,large feature experiments; requires core extraction review
scripts/crypto_a7ffcore16me_broader_h2_repair_execution.py,feature_factory,legacy_reference,large feature experiments; requires core extraction review
scripts/crypto_a7ffcore16r_primitive_atlas_supply_repair.py,feature_factory,legacy_reference,large feature experiments; requires core extraction review
scripts/crypto_a7ffcore17_objective_seed_policy_contract.py,feature_factory,legacy_reference,large feature experiments; requires core extraction review
scripts/crypto_a7ffcore17e_objective_seed_packet_construction.py,feature_factory,legacy_reference,large feature experiments; requires core extraction review
scripts/crypto_a7ffcore18_bounded_replay_preflight_contract.py,feature_factory,legacy_reference,large feature experiments; requires core extraction review
scripts/crypto_a7ffcore18e_bounded_replay_preflight.py,feature_factory,legacy_reference,large feature experiments; requires core extraction review
scripts/crypto_a7ffcore19_bounded_replay_contract.py,feature_factory,legacy_reference,large feature experiments; requires core extraction review
scripts/crypto_a7ffcore19e_bounded_replay_execution.py,feature_factory,legacy_reference,large feature experiments; requires core extraction review
scripts/crypto_a7ffcore19r_bounded_replay_forensic.py,feature_factory,legacy_reference,large feature experiments; requires core extraction review
scripts/crypto_a7ffcore19s_bounded_replay_repair_contract.py,feature_factory,legacy_reference,large feature experiments; requires core extraction review
scripts/crypto_a7ffcore19se_bounded_replay_repair_execution.py,feature_factory,legacy_reference,large feature experiments; requires core extraction review
scripts/crypto_a7ffcore19ser_replay_repair_forensic.py,feature_factory,legacy_reference,large feature experiments; requires core extraction review
scripts/crypto_a7ffcore1_ast_schema_adapter.py,feature_factory,legacy_reference,large feature experiments; requires core extraction review
scripts/crypto_a7ffcore21_replay_translation_reset_contract.py,feature_factory,legacy_reference,large feature experiments; requires core extraction review
scripts/crypto_a7ffcore21e_replay_translation_matrix_audit.py,feature_factory,legacy_reference,large feature experiments; requires core extraction review
scripts/crypto_a7ffcore21r_translation_matrix_forensic.py,feature_factory,legacy_reference,large feature experiments; requires core extraction review
scripts/crypto_a7ffcore22_lag_aware_replay_translation_contract.py,feature_factory,legacy_reference,large feature experiments; requires core extraction review
scripts/crypto_a7ffcore22e_lag_aware_replay_translation_audit.py,feature_factory,legacy_reference,large feature experiments; requires core extraction review
scripts/crypto_a7ffcore22r_lag_translation_forensic.py,feature_factory,legacy_reference,large feature experiments; requires core extraction review
scripts/crypto_a7ffcore23_executable_horizon_redesign_contract.py,feature_factory,legacy_reference,large feature experiments; requires core extraction review
scripts/crypto_a7ffcore23e_executable_horizon_diagnostic_audit.py,feature_factory,legacy_reference,large feature experiments; requires core extraction review
scripts/crypto_a7ffcore23r_executable_horizon_forensic.py,feature_factory,legacy_reference,large feature experiments; requires core extraction review
scripts/crypto_a7ffcore24_executable_lane_repair_contract.py,feature_factory,legacy_reference,large feature experiments; requires core extraction review
scripts/crypto_a7ffcore24e_executable_lane_repair_packet.py,feature_factory,legacy_reference,large feature experiments; requires core extraction review
scripts/crypto_a7ffcore24r_lane_packet_forensic.py,feature_factory,legacy_reference,large feature experiments; requires core extraction review
scripts/crypto_a7ffcore25_targeted_lane_horizon_generation_contract.py,feature_factory,legacy_reference,large feature experiments; requires core extraction review
scripts/crypto_a7ffcore25e_targeted_lane_horizon_generation.py,feature_factory,legacy_reference,large feature experiments; requires core extraction review
scripts/crypto_a7ffcore26_targeted_numeric_probe_contract.py,feature_factory,legacy_reference,large feature experiments; requires core extraction review
scripts/crypto_a7ffcore26c_split_consistency_repair_contract.py,feature_factory,legacy_reference,large feature experiments; requires core extraction review
scripts/crypto_a7ffcore26ce_split_consistency_repair_probe.py,feature_factory,legacy_reference,large feature experiments; requires core extraction review
scripts/crypto_a7ffcore26cer_split_repair_forensic.py,feature_factory,legacy_reference,large feature experiments; requires core extraction review
scripts/crypto_a7ffcore26d_non_s0_lane_repair_contract.py,feature_factory,legacy_reference,large feature experiments; requires core extraction review
scripts/crypto_a7ffcore26de_non_s0_lane_repair_probe.py,feature_factory,legacy_reference,large feature experiments; requires core extraction review
scripts/crypto_a7ffcore26der_non_s0_repair_forensic.py,feature_factory,legacy_reference,large feature experiments; requires core extraction review
scripts/crypto_a7ffcore26e_targeted_numeric_probe_execution.py,feature_factory,legacy_reference,large feature experiments; requires core extraction review
scripts/crypto_a7ffcore26r_targeted_numeric_probe_forensic.py,feature_factory,legacy_reference,large feature experiments; requires core extraction review
scripts/crypto_a7ffcore27x_search_readiness_arbitration.py,feature_factory,legacy_reference,large feature experiments; requires core extraction review
scripts/crypto_a7ffcore28_objective_data_family_reset_contract.py,feature_factory,legacy_reference,large feature experiments; requires core extraction review
scripts/crypto_a7ffcore28e_independent_data_family_atlas_audit.py,feature_factory,legacy_reference,large feature experiments; requires core extraction review
scripts/crypto_a7ffcore29_independent_family_bounded_probe_contract.py,feature_factory,legacy_reference,large feature experiments; requires core extraction review
scripts/crypto_a7ffcore29e_independent_family_preflight.py,feature_factory,legacy_reference,large feature experiments; requires core extraction review
scripts/crypto_a7ffcore2_feature_subgraph_registry.py,feature_factory,legacy_reference,large feature experiments; requires core extraction review
scripts/crypto_a7ffcore30_independent_family_numeric_probe_contract.py,feature_factory,legacy_reference,large feature experiments; requires core extraction review
scripts/crypto_a7ffcore30e_bounded_numeric_probe.py,feature_factory,legacy_reference,large feature experiments; requires core extraction review
scripts/crypto_a7ffcore31_independent_family_clue_consolidation.py,feature_factory,legacy_reference,large feature experiments; requires core extraction review
scripts/crypto_a7ffcore32_replay_preflight_contract.py,feature_factory,legacy_reference,large feature experiments; requires core extraction review
scripts/crypto_a7ffcore32e_replay_preflight_execution.py,feature_factory,legacy_reference,large feature experiments; requires core extraction review
scripts/crypto_a7ffcore33_bounded_replay_contract.py,feature_factory,legacy_reference,large feature experiments; requires core extraction review
scripts/crypto_a7ffcore33e_bounded_replay_execution.py,feature_factory,legacy_reference,large feature experiments; requires core extraction review
scripts/crypto_a7ffcore33er_bounded_replay_forensic.py,feature_factory,legacy_reference,large feature experiments; requires core extraction review
scripts/crypto_a7ffcore34_orientation_control_repair_contract.py,feature_factory,legacy_reference,large feature experiments; requires core extraction review
scripts/crypto_a7ffcore34e_orientation_control_repair_execution.py,feature_factory,legacy_reference,large feature experiments; requires core extraction review
scripts/crypto_a7ffcore34er_repair_forensic.py,feature_factory,legacy_reference,large feature experiments; requires core extraction review
scripts/crypto_a7ffcore35_search_readiness_arbitration.py,feature_factory,legacy_reference,large feature experiments; requires core extraction review
scripts/crypto_a7ffcore36_replay_objective_reset_contract.py,feature_factory,legacy_reference,large feature experiments; requires core extraction review
scripts/crypto_a7ffcore36e_replay_objective_reset_execution.py,feature_factory,legacy_reference,large feature experiments; requires core extraction review
scripts/crypto_a7ffcore36er_replay_objective_forensic.py,feature_factory,legacy_reference,large feature experiments; requires core extraction review
scripts/crypto_a7ffcore37x_route_arbitration.py,feature_factory,legacy_reference,large feature experiments; requires core extraction review
scripts/crypto_a7ffcore38_portfolio_label_objective_contract.py,feature_factory,legacy_reference,large feature experiments; requires core extraction review
scripts/crypto_a7ffcore38e_portfolio_label_objective_audit.py,feature_factory,legacy_reference,large feature experiments; requires core extraction review
scripts/crypto_a7ffcore39_symbol_level_book_packet_contract.py,feature_factory,legacy_reference,large feature experiments; requires core extraction review
scripts/crypto_a7ffcore39e_symbol_level_book_packet_audit.py,feature_factory,legacy_reference,large feature experiments; requires core extraction review
scripts/crypto_a7ffcore3_formula_gen_subgraph_gate.py,feature_factory,legacy_reference,large feature experiments; requires core extraction review
scripts/crypto_a7ffcore40_book_objective_replay_contract.py,feature_factory,legacy_reference,large feature experiments; requires core extraction review
scripts/crypto_a7ffcore40e_book_objective_replay_execution.py,feature_factory,legacy_reference,large feature experiments; requires core extraction review
scripts/crypto_a7ffcore40er_book_replay_forensic.py,feature_factory,legacy_reference,large feature experiments; requires core extraction review
scripts/crypto_a7ffcore41_book_control_repair_contract.py,feature_factory,legacy_reference,large feature experiments; requires core extraction review
scripts/crypto_a7ffcore41e_book_control_repair_execution.py,feature_factory,legacy_reference,large feature experiments; requires core extraction review
scripts/crypto_a7ffcore41er_book_control_repair_forensic.py,feature_factory,legacy_reference,large feature experiments; requires core extraction review
scripts/crypto_a7ffcore42_book_control_route_arbitration.py,feature_factory,legacy_reference,large feature experiments; requires core extraction review
scripts/crypto_a7ffcore43_control_orthogonalization_contract.py,feature_factory,legacy_reference,large feature experiments; requires core extraction review
scripts/crypto_a7ffcore43e_control_vector_rebuild_audit.py,feature_factory,legacy_reference,large feature experiments; requires core extraction review
scripts/crypto_a7ffcore44_orthogonal_score_packet_contract.py,feature_factory,legacy_reference,large feature experiments; requires core extraction review
scripts/crypto_a7ffcore44e_orthogonal_score_packet_construction.py,feature_factory,legacy_reference,large feature experiments; requires core extraction review
scripts/crypto_a7ffcore45_orthogonal_book_replay_contract.py,feature_factory,legacy_reference,large feature experiments; requires core extraction review
scripts/crypto_a7ffcore45e_orthogonal_book_replay_execution.py,feature_factory,legacy_reference,large feature experiments; requires core extraction review
scripts/crypto_a7ffcore45r_orthogonal_book_replay_forensic.py,feature_factory,legacy_reference,large feature experiments; requires core extraction review
scripts/crypto_a7ffcore46_orthogonal_failure_route_arbitration.py,feature_factory,legacy_reference,large feature experiments; requires core extraction review
scripts/crypto_a7ffcore47_control_null_aware_factor_compiler_contract.py,feature_factory,legacy_reference,large feature experiments; requires core extraction review
scripts/crypto_a7ffcore47e_compiler_readiness_audit.py,feature_factory,legacy_reference,large feature experiments; requires core extraction review
scripts/crypto_a7ffcore48_null_first_seed_generation_contract.py,feature_factory,legacy_reference,large feature experiments; requires core extraction review
scripts/crypto_a7ffcore48e_null_first_dry_seed_generation.py,feature_factory,legacy_reference,large feature experiments; requires core extraction review
scripts/crypto_a7ffcore48r_dry_seed_generation_forensic.py,feature_factory,legacy_reference,large feature experiments; requires core extraction review
scripts/crypto_a7ffcore48s_operator_null_coverage_repair_contract.py,feature_factory,legacy_reference,large feature experiments; requires core extraction review
scripts/crypto_a7ffcore48se_repaired_null_first_dry_generation.py,feature_factory,legacy_reference,large feature experiments; requires core extraction review
scripts/crypto_a7ffcore49_full_universe_null_vector_preflight_contract.py,feature_factory,legacy_reference,large feature experiments; requires core extraction review
scripts/crypto_a7ffcore49e_full_universe_null_vector_preflight_execution.py,feature_factory,legacy_reference,large feature experiments; requires core extraction review
scripts/crypto_a7ffcore4_gate_implementation_regression.py,feature_factory,legacy_reference,large feature experiments; requires core extraction review
scripts/crypto_a7ffcore50_null_vector_preflight_arbitration.py,feature_factory,legacy_reference,large feature experiments; requires core extraction review
scripts/crypto_a7ffcore51_filtered_replay_contract.py,feature_factory,legacy_reference,large feature experiments; requires core extraction review
scripts/crypto_a7ffcore51e_filtered_replay_execution.py,feature_factory,legacy_reference,large feature experiments; requires core extraction review
scripts/crypto_a7ffcore51er_replay_runner_performance_forensic.py,feature_factory,legacy_reference,large feature experiments; requires core extraction review
scripts/crypto_a7ffcore51p_optimized_replay_runner_smoke.py,feature_factory,legacy_reference,large feature experiments; requires core extraction review
scripts/crypto_a7ffcore51pr_local_runner_blocker_forensic.py,feature_factory,legacy_reference,large feature experiments; requires core extraction review
scripts/crypto_a7ffcore51px_company_compact_frame_builder.py,feature_factory,legacy_reference,large feature experiments; requires core extraction review
scripts/crypto_a7ffcore51px_company_shard_worker.py,feature_factory,legacy_reference,large feature experiments; requires core extraction review
scripts/crypto_a7ffcore51px_company_sharded_replay_runner_contract.py,feature_factory,legacy_reference,large feature experiments; requires core extraction review
scripts/crypto_a7ffcore51pxe_company_result_aggregator.py,feature_factory,legacy_reference,large feature experiments; requires core extraction review
scripts/crypto_a7ffcore51pxe_company_sharded_replay_orchestrator.py,feature_factory,legacy_reference,large feature experiments; requires core extraction review
scripts/crypto_a7ffcore51pxe_company_status.py,feature_factory,legacy_reference,large feature experiments; requires core extraction review
scripts/crypto_a7ffcore51pxe_import_company_results.py,feature_factory,legacy_reference,large feature experiments; requires core extraction review
scripts/crypto_a7ffcore51pxh_company_execution_handoff.py,feature_factory,legacy_reference,large feature experiments; requires core extraction review
scripts/crypto_a7ffcore51pxv_company_execution_preflight_validator.py,feature_factory,legacy_reference,large feature experiments; requires core extraction review
scripts/crypto_a7ffcore52_company_replay_arbitration.py,feature_factory,legacy_reference,large feature experiments; requires core extraction review
scripts/crypto_a7ffcore52f_diagnostic_clue_forensic.py,feature_factory,legacy_reference,large feature experiments; requires core extraction review
scripts/crypto_a7ffcore53_replay_target_repair_contract.py,feature_factory,legacy_reference,large feature experiments; requires core extraction review
scripts/crypto_a7ffcore53i_factor_input_information_audit.py,feature_factory,legacy_reference,large feature experiments; requires core extraction review
scripts/crypto_a7ffcore53ia_incremental_input_approval.py,feature_factory,legacy_reference,large feature experiments; requires core extraction review
scripts/crypto_a7ffcore53iae_input_approval_filter_experiment.py,feature_factory,legacy_reference,large feature experiments; requires core extraction review
scripts/crypto_a7ffcore54e_tag_aware_numeric_execution.py,feature_factory,legacy_reference,large feature experiments; requires core extraction review
scripts/crypto_a7ffcore55_numeric_clue_forensic.py,feature_factory,legacy_reference,large feature experiments; requires core extraction review
scripts/crypto_a7ffcore56_bounded_replay_preflight.py,feature_factory,legacy_reference,large feature experiments; requires core extraction review
scripts/crypto_a7ffcore57_replay_failure_decomposition.py,feature_factory,legacy_reference,large feature experiments; requires core extraction review
scripts/crypto_a7ffcore58_failure_aware_queue_rebuild.py,feature_factory,legacy_reference,large feature experiments; requires core extraction review
scripts/crypto_a7ffcore59_company_parallel_launcher.ps1,feature_factory,legacy_reference,large feature experiments; requires core extraction review
scripts/crypto_a7ffcore59_numeric_repair_execution.py,feature_factory,legacy_reference,large feature experiments; requires core extraction review
scripts/crypto_a7ffcore59fg_forensic_attrition.py,feature_factory,legacy_reference,large feature experiments; requires core extraction review
scripts/crypto_a7ffcore5_gate_native_generation_dryrun.py,feature_factory,legacy_reference,large feature experiments; requires core extraction review
scripts/crypto_a7ffcore60bcd_parallel_audits.py,feature_factory,legacy_reference,large feature experiments; requires core extraction review
scripts/crypto_a7ffcore61_integrated_repair_plan.py,feature_factory,legacy_reference,large feature experiments; requires core extraction review
scripts/crypto_a7ffcore62_dice_batch_dryrun.py,feature_factory,legacy_reference,large feature experiments; requires core extraction review
scripts/crypto_a7ffcore63_dice_execution_audit.py,feature_factory,legacy_reference,large feature experiments; requires core extraction review
scripts/crypto_a7ffcore64_retest_and_funding_state_package.py,feature_factory,legacy_reference,large feature experiments; requires core extraction review
scripts/crypto_a7ffcore65b_funding_state_retest_execution.py,feature_factory,legacy_reference,large feature experiments; requires core extraction review
scripts/crypto_a7ffcore6_materialization_preflight_contract.py,feature_factory,legacy_reference,large feature experiments; requires core extraction review
scripts/crypto_a7ffcore6e_materialization_preflight_execution.py,feature_factory,legacy_reference,large feature experiments; requires core extraction review
scripts/crypto_a7ffcore7_numeric_response_contract.py,feature_response,archive_only,response profiling evidence
scripts/crypto_a7ffcore7e_numeric_response_execution.py,feature_response,archive_only,response profiling evidence
scripts/crypto_a7ffcore7er_repaired_numeric_response.py,feature_response,archive_only,response profiling evidence
scripts/crypto_a7ffcore7r_control_policy_forensic.py,feature_factory,legacy_reference,large feature experiments; requires core extraction review
scripts/crypto_a7ffcore8_numeric_clue_consolidation.py,feature_factory,legacy_reference,large feature experiments; requires core extraction review
scripts/crypto_a7ffcore8e_replay_preflight_packet_audit.py,feature_factory,legacy_reference,large feature experiments; requires core extraction review
scripts/crypto_a7ffcore9_bounded_replay_contract.py,feature_factory,legacy_reference,large feature experiments; requires core extraction review
scripts/crypto_a7ffcore9e_bounded_replay_execution.py,feature_factory,legacy_reference,large feature experiments; requires core extraction review
scripts/crypto_a7ffcore_gate.py,feature_factory,legacy_reference,large feature experiments; requires core extraction review
scripts/crypto_a7ffr10_label_feature_target_redesign.py,feature_factory,legacy_reference,large feature experiments; requires core extraction review
scripts/crypto_a7ffr11_feature_label_objective_reset.py,feature_factory,legacy_reference,large feature experiments; requires core extraction review
scripts/crypto_a7ffr7_operator_pair_repair.py,feature_factory,legacy_reference,large feature experiments; requires core extraction review
scripts/crypto_a7ffr8_selector_objective_rewrite.py,feature_factory,legacy_reference,large feature experiments; requires core extraction review
scripts/crypto_a7ffr9_reference_regime_repair.py,feature_factory,legacy_reference,large feature experiments; requires core extraction review
scripts/crypto_a7ffr_derived_generation_redesign.py,feature_factory,legacy_reference,large feature experiments; requires core extraction review
scripts/crypto_a7guard0_leakage_chain_audit.py,unknown,legacy_reference,
scripts/crypto_a7input0_input_approval_package.py,unknown,legacy_reference,
scripts/crypto_a7input1_integration_smoke.py,unknown,legacy_reference,
scripts/crypto_a7input2_tag_aware_queue_builder.py,unknown,legacy_reference,
scripts/crypto_a7input3_tag_aware_numeric_preflight.py,unknown,legacy_reference,
scripts/crypto_a7ls0_checkpoint_large_search_contract.py,unknown,legacy_reference,
scripts/crypto_a7ls10_company_info_axis_launcher.ps1,unknown,legacy_reference,
scripts/crypto_a7ls10_company_result_aggregate.py,unknown,legacy_reference,
scripts/crypto_a7ls11_promotion_and_missing_field_repair.py,field_contracts,archive_only,prior governance evidence; not all scripts are runtime core
scripts/crypto_a7ls12_company_deep_audit_launcher.ps1,unknown,legacy_reference,
scripts/crypto_a7ls12_company_result_aggregate.py,unknown,legacy_reference,
scripts/crypto_a7ls12_deep_audit_packet.py,unknown,legacy_reference,
scripts/crypto_a7ls13_consolidation_replay_packet.py,unknown,legacy_reference,
scripts/crypto_a7ls14_scaled_multi_axis_search_contract.py,unknown,legacy_reference,
scripts/crypto_a7ls14x_authorization_arbitration.py,unknown,legacy_reference,
scripts/crypto_a7ls15_million_scale_blueprint_generation.py,unknown,legacy_reference,
scripts/crypto_a7ls16_local_preflight.py,unknown,legacy_reference,
scripts/crypto_a7ls16x_scale_up_authorization.py,unknown,legacy_reference,
scripts/crypto_a7ls17_company_aggregate_launcher.ps1,unknown,legacy_reference,
scripts/crypto_a7ls17_company_materialization_launcher.ps1,unknown,legacy_reference,
scripts/crypto_a7ls17_company_materialization_runner.py,unknown,legacy_reference,
scripts/crypto_a7ls17_company_result_aggregate.py,unknown,legacy_reference,
scripts/crypto_a7ls18_company_aggregate_launcher.ps1,unknown,legacy_reference,
scripts/crypto_a7ls18_company_numeric_launcher.ps1,unknown,legacy_reference,
scripts/crypto_a7ls18_company_result_aggregate.py,unknown,legacy_reference,
scripts/crypto_a7ls18_local_numeric_from_queue_launcher.ps1,unknown,legacy_reference,
scripts/crypto_a7ls19_checkpoint_arbitration.py,unknown,legacy_reference,
scripts/crypto_a7ls1_multi_arm_blueprint_generation.py,unknown,legacy_reference,
scripts/crypto_a7ls20_checkpoint_deep_audit.py,unknown,legacy_reference,
scripts/crypto_a7ls21_company_deep_replay_aggregate.py,unknown,legacy_reference,
scripts/crypto_a7ls21_company_deep_replay_packet.py,unknown,legacy_reference,
scripts/crypto_a7ls22_clue_attribution_promotion_triage.py,unknown,legacy_reference,
scripts/crypto_a7ls23_strict_candidate_bias_audit.py,unknown,legacy_reference,
scripts/crypto_a7ls24_label_transfer_deep_bias_replay.py,unknown,legacy_reference,
scripts/crypto_a7ls25_large_search_launch_packet.py,unknown,legacy_reference,
scripts/crypto_a7ls29_productive_family_queue.py,unknown,legacy_reference,
scripts/crypto_a7ls29_productive_numeric_acceptance.py,unknown,legacy_reference,
scripts/crypto_a7ls2_sharded_materialization_wave.py,unknown,legacy_reference,
scripts/crypto_a7ls30_productive_followup_queue.py,unknown,legacy_reference,
scripts/crypto_a7ls30_productive_numeric_acceptance.py,unknown,legacy_reference,
scripts/crypto_a7ls3_numeric_checkpoint_from_materialized.py,unknown,legacy_reference,
scripts/crypto_a7ls3h_company_numeric_handoff.py,unknown,legacy_reference,
scripts/crypto_a7ls3hr_company_handoff_resize.py,unknown,legacy_reference,
scripts/crypto_a7ls3hr_company_parallel_launcher.ps1,unknown,legacy_reference,
scripts/crypto_a7ls3hr_company_result_aggregate.py,unknown,legacy_reference,
scripts/crypto_a7ls4_company_numeric_forensic.py,unknown,legacy_reference,
scripts/crypto_a7ls4r_company_retry_forensic.py,unknown,legacy_reference,
scripts/crypto_a7ls5_company_followup_launcher.ps1,unknown,legacy_reference,
scripts/crypto_a7ls5_company_result_aggregate.py,unknown,legacy_reference,
scripts/crypto_a7ls5_followup_queue_contract.py,unknown,legacy_reference,
scripts/crypto_a7ls6_company_deep_followup_launcher.ps1,unknown,legacy_reference,
scripts/crypto_a7ls6_company_result_aggregate.py,unknown,legacy_reference,
scripts/crypto_a7ls6_deep_followup_queue_contract.py,unknown,legacy_reference,
scripts/crypto_a7ls7_clue_mechanism_queue_contract.py,unknown,legacy_reference,
scripts/crypto_a7ls8_company_nextwave_launcher.ps1,unknown,legacy_reference,
scripts/crypto_a7ls8_company_result_aggregate.py,unknown,legacy_reference,
scripts/crypto_a7ls9_info_axis_queue_contract.py,unknown,legacy_reference,
scripts/crypto_a7ls_field_gate1_contract_backfill.py,field_contracts,archive_only,prior governance evidence; not all scripts are runtime core
scripts/crypto_a7ls_field_gate_current_queue.py,field_contracts,archive_only,prior governance evidence; not all scripts are runtime core
scripts/crypto_a7mem0_search_memory_registry.py,search_memory,wrap_with_contract,memory registry scripts produce current prior
scripts/crypto_a7mem1_memory_enforcement_smoke.py,search_memory,wrap_with_contract,memory registry scripts produce current prior
scripts/crypto_a7night_taskflow_20260531.py,unknown,legacy_reference,
scripts/crypto_a7pm0_source_of_truth_registry.py,unknown,legacy_reference,
scripts/crypto_a7pm1_asset_taxonomy.py,unknown,legacy_reference,
scripts/crypto_a7pm2_candidate_lifecycle_state_machine.py,unknown,legacy_reference,
scripts/crypto_a7pm3_current_experiment_board.py,unknown,legacy_reference,
scripts/crypto_a7pool0_alpha_eligible_pool_rebuild.py,unknown,legacy_reference,
scripts/crypto_a7raw0_light_governed_queue.py,unknown,legacy_reference,
scripts/crypto_a7regime2_mechanism_regime_audit.py,unknown,legacy_reference,
scripts/crypto_a7regime3_candidate_regime_attribution.py,unknown,legacy_reference,
scripts/crypto_a7reward1_company_launch.ps1,unknown,legacy_reference,
scripts/crypto_a7reward1_portfolio_reward_model.py,reward_validation,keep_core,strict reward gate used by A7SEARCH5/A7SEARCH6
scripts/crypto_a7reward1_remote_checkpoint_head.ps1,unknown,legacy_reference,
scripts/crypto_a7reward1_remote_probe.ps1,unknown,legacy_reference,
scripts/crypto_a7reward1_remote_status.ps1,unknown,legacy_reference,
scripts/crypto_a7reward1_remote_stop_reward_only.ps1,unknown,legacy_reference,
scripts/crypto_a7s0_data_horizon_contract.py,unknown,legacy_reference,
scripts/crypto_a7s1_data_source_availability_audit.py,unknown,legacy_reference,
scripts/crypto_a7s1_metrics_acceptance_audit.py,unknown,legacy_reference,
scripts/crypto_a7s2_field_semantics_backfill_feasibility.py,field_contracts,archive_only,prior governance evidence; not all scripts are runtime core
scripts/crypto_a7s2m_metrics_registry_diagnostic.py,unknown,legacy_reference,
scripts/crypto_a7s3_metrics_clue_forensic.py,unknown,legacy_reference,
scripts/crypto_a7s3_sample_package_acceptance_audit.py,unknown,legacy_reference,
scripts/crypto_a7s4_crowding_robustness_audit.py,unknown,legacy_reference,
scripts/crypto_a7search1_cem_uct_ast_policy_bakeoff.py,search_generation,legacy_reference,mixed CEM/UCT/AST generator; useful patterns but not current core
scripts/crypto_a7search5_validation_pack.py,search_generation,legacy_reference,historical search line
scripts/crypto_a7search6_mechanism_memory_seed_search.py,search_generation,wrap_with_contract,current running search; mechanism-seeded queue generator
scripts/crypto_a7sel0_selector_counterfactual.py,unknown,legacy_reference,
scripts/crypto_a7sel1_role_strict_selector_counterfactual.py,unknown,legacy_reference,
scripts/crypto_a7ssm_search_space_memory_map.py,unknown,legacy_reference,
scripts/crypto_a7t0_forward_locked_observation_contract.py,unknown,legacy_reference,
scripts/crypto_a7t0_forward_telemetry_contract.py,unknown,legacy_reference,
scripts/crypto_a7t1_forward_health_report.py,unknown,legacy_reference,
scripts/crypto_a7u0r_source_trace_audit.py,unknown,legacy_reference,
scripts/crypto_a7u_enhanced_v1_acceptance_contract.py,unknown,legacy_reference,
scripts/crypto_a7v3s0_next_large_search_contract.py,unknown,legacy_reference,
scripts/crypto_a7v3s0_reward_prequeue.py,unknown,legacy_reference,
scripts/crypto_a7v3s0_reward_shard_queue.py,unknown,legacy_reference,
scripts/crypto_a7v3s0_reward_sharded_aggregate.py,aggregation_reporting,wrap_with_contract,aggregate scripts are source-of-truth producers
scripts/crypto_a7v3s1_accepted_candidate_validation_pack.py,unknown,legacy_reference,
scripts/crypto_a7v3s2_control_variant_audit.py,unknown,legacy_reference,
scripts/crypto_a7v3s3_strict_reward_prequeue.py,unknown,legacy_reference,
scripts/crypto_a7v3s4_near_miss_prefilter_audit.py,unknown,legacy_reference,
scripts/crypto_a7v3s5_prefiltered_reward_queue.py,unknown,legacy_reference,
scripts/crypto_a7v3s7_candidate_construction_redesign.py,unknown,legacy_reference,
scripts/crypto_a7v3s9_company_proxy_reward_flow.ps1,unknown,legacy_reference,
scripts/crypto_a7v3s9_company_proxy_reward_flow_parallel3.ps1,unknown,legacy_reference,
scripts/crypto_a7v3s9_prereward_oos_control_proxy.py,proxy_evaluation,keep_core,proxy evaluator used by large search waves
scripts/crypto_a7v3s9_proxy_aggregate.py,aggregation_reporting,wrap_with_contract,aggregate scripts are source-of-truth producers
scripts/crypto_a7w0_post_source_trace_status.py,unknown,legacy_reference,
scripts/crypto_system_rectification_wave1.py,unknown,legacy_reference,
scripts/run_binance_funding_rate_pool.py,unknown,legacy_reference,
scripts/run_binance_metrics_symbol_pool.py,unknown,legacy_reference,
scripts/run_binance_vision_monthly_pool.py,unknown,legacy_reference,
scripts/run_company_a7al1_field_family_baseline_20260527.ps1,field_contracts,archive_only,prior governance evidence; not all scripts are runtime core
scripts/run_company_a7al2q2r_full_20260528.ps1,unknown,legacy_reference,
